
C:/Repositories/pico/es-student/121-blink-reg/build/112_blink.elf:     file format elf32-littlearm

Sections:
Idx Name          Size      VMA       LMA       File off  Algn
  0 .boot2        00000100  10000000  10000000  00001000  2**0
                  CONTENTS, ALLOC, LOAD, READONLY, CODE
  1 .text         0000169c  10000100  10000100  00001100  2**3
                  CONTENTS, ALLOC, LOAD, READONLY, CODE
  2 .rodata       000000d8  1000179c  1000179c  0000279c  2**2
                  CONTENTS, ALLOC, LOAD, READONLY, DATA
  3 .binary_info  0000001c  10001874  10001874  00002874  2**2
                  CONTENTS, ALLOC, LOAD, READONLY, DATA
  4 .xip_ram      00000000  15000000  15000000  00003228  2**0
                  CONTENTS
  5 .ram_vector_table 000000c0  20000000  20000000  00004000  2**2
                  ALLOC
  6 .uninitialized_data 00000000  200000c0  200000c0  00003228  2**0
                  CONTENTS
  7 .data         00000168  200000c0  10001890  000030c0  2**4
                  CONTENTS, ALLOC, LOAD, READONLY, CODE
  8 .tdata        00000000  20000228  20000228  00003228  2**0
                  CONTENTS, ALLOC, LOAD, DATA, THREAD_LOCAL
  9 .tbss         00000000  20000228  20000228  00000000  2**0
                  ALLOC, THREAD_LOCAL
 10 .tbss_space   00000000  20000228  20000228  00003228  2**0
                  CONTENTS
 11 .bss          000003d0  20000228  100019f8  00003228  2**3
                  ALLOC
 12 .tls0         00000000  200005f8  200005f8  00003228  2**0
                  CONTENTS
 13 .tls1         00000000  200005f8  200005f8  00003228  2**0
                  CONTENTS
 14 .persistent_data 00000000  200005f8  200005f8  00003228  2**0
                  CONTENTS
 15 .dummy_pre_heap 00000000  200005f8  200005f8  00003228  2**0
                  CONTENTS
 16 .heap         00000800  200005f8  200005f8  00004000  2**2
                  ALLOC, READONLY
 17 .scratch_x    00000000  20040000  20040000  00003228  2**0
                  CONTENTS
 18 .scratch_y    00000000  20041000  20041000  00003228  2**0
                  CONTENTS
 19 .stack_dummy  00000800  20041000  20041000  00004000  2**5
                  ALLOC, READONLY
 20 .debug_info   00019b8d  00000000  00000000  00003228  2**0
                  CONTENTS, READONLY, DEBUGGING, OCTETS
 21 .debug_abbrev 00004b4e  00000000  00000000  0001cdb5  2**0
                  CONTENTS, READONLY, DEBUGGING, OCTETS
 22 .debug_loclists 0000f17d  00000000  00000000  00021903  2**0
                  CONTENTS, READONLY, DEBUGGING, OCTETS
 23 .debug_aranges 00000ea8  00000000  00000000  00030a80  2**3
                  CONTENTS, READONLY, DEBUGGING, OCTETS
 24 .debug_rnglists 0000291f  00000000  00000000  00031928  2**0
                  CONTENTS, READONLY, DEBUGGING, OCTETS
 25 .debug_line   000153b8  00000000  00000000  00034247  2**0
                  CONTENTS, READONLY, DEBUGGING, OCTETS
 26 .debug_str    00004852  00000000  00000000  000495ff  2**0
                  CONTENTS, READONLY, DEBUGGING, OCTETS
 27 .comment      00000046  00000000  00000000  0004de51  2**0
                  CONTENTS, READONLY
 28 .ARM.attributes 0000002a  00000000  00000000  0004de97  2**0
                  CONTENTS, READONLY
 29 .debug_frame  00001964  00000000  00000000  0004dec4  2**2
                  CONTENTS, READONLY, DEBUGGING, OCTETS
 30 .debug_line_str 00000360  00000000  00000000  0004f828  2**0
                  CONTENTS, READONLY, DEBUGGING, OCTETS

C:/Repositories/pico/es-student/121-blink-reg/build/112_blink.elf:     file format elf32-littlearm


Disassembly of section .boot2:

10000000 <__boot2_start__>:
10000000:	4b32b500 	.word	0x4b32b500
10000004:	60582021 	.word	0x60582021
10000008:	21026898 	.word	0x21026898
1000000c:	60984388 	.word	0x60984388
10000010:	611860d8 	.word	0x611860d8
10000014:	4b2e6158 	.word	0x4b2e6158
10000018:	60992100 	.word	0x60992100
1000001c:	61592102 	.word	0x61592102
10000020:	22f02101 	.word	0x22f02101
10000024:	492b5099 	.word	0x492b5099
10000028:	21016019 	.word	0x21016019
1000002c:	20356099 	.word	0x20356099
10000030:	f844f000 	.word	0xf844f000
10000034:	42902202 	.word	0x42902202
10000038:	2106d014 	.word	0x2106d014
1000003c:	f0006619 	.word	0xf0006619
10000040:	6e19f834 	.word	0x6e19f834
10000044:	66192101 	.word	0x66192101
10000048:	66182000 	.word	0x66182000
1000004c:	f000661a 	.word	0xf000661a
10000050:	6e19f82c 	.word	0x6e19f82c
10000054:	6e196e19 	.word	0x6e196e19
10000058:	f0002005 	.word	0xf0002005
1000005c:	2101f82f 	.word	0x2101f82f
10000060:	d1f94208 	.word	0xd1f94208
10000064:	60992100 	.word	0x60992100
10000068:	6019491b 	.word	0x6019491b
1000006c:	60592100 	.word	0x60592100
10000070:	481b491a 	.word	0x481b491a
10000074:	21016001 	.word	0x21016001
10000078:	21eb6099 	.word	0x21eb6099
1000007c:	21a06619 	.word	0x21a06619
10000080:	f0006619 	.word	0xf0006619
10000084:	2100f812 	.word	0x2100f812
10000088:	49166099 	.word	0x49166099
1000008c:	60014814 	.word	0x60014814
10000090:	60992101 	.word	0x60992101
10000094:	2800bc01 	.word	0x2800bc01
10000098:	4700d000 	.word	0x4700d000
1000009c:	49134812 	.word	0x49134812
100000a0:	c8036008 	.word	0xc8036008
100000a4:	8808f380 	.word	0x8808f380
100000a8:	b5034708 	.word	0xb5034708
100000ac:	20046a99 	.word	0x20046a99
100000b0:	d0fb4201 	.word	0xd0fb4201
100000b4:	42012001 	.word	0x42012001
100000b8:	bd03d1f8 	.word	0xbd03d1f8
100000bc:	6618b502 	.word	0x6618b502
100000c0:	f7ff6618 	.word	0xf7ff6618
100000c4:	6e18fff2 	.word	0x6e18fff2
100000c8:	bd026e18 	.word	0xbd026e18
100000cc:	40020000 	.word	0x40020000
100000d0:	18000000 	.word	0x18000000
100000d4:	00070000 	.word	0x00070000
100000d8:	005f0300 	.word	0x005f0300
100000dc:	00002221 	.word	0x00002221
100000e0:	180000f4 	.word	0x180000f4
100000e4:	a0002022 	.word	0xa0002022
100000e8:	10000100 	.word	0x10000100
100000ec:	e000ed08 	.word	0xe000ed08
	...
100000fc:	7a4eb274 	.word	0x7a4eb274

Disassembly of section .text:

10000100 <__VECTOR_TABLE>:
10000100:	20042000 	.word	0x20042000
10000104:	100001f7 	.word	0x100001f7
10000108:	100001cb 	.word	0x100001cb
1000010c:	100001cd 	.word	0x100001cd
10000110:	100001c9 	.word	0x100001c9
10000114:	100001c9 	.word	0x100001c9
10000118:	100001c9 	.word	0x100001c9
1000011c:	100001c9 	.word	0x100001c9
10000120:	100001c9 	.word	0x100001c9
10000124:	100001c9 	.word	0x100001c9
10000128:	100001c9 	.word	0x100001c9
1000012c:	100001cf 	.word	0x100001cf
10000130:	100001c9 	.word	0x100001c9
10000134:	100001c9 	.word	0x100001c9
10000138:	100001d1 	.word	0x100001d1
1000013c:	100001d3 	.word	0x100001d3
10000140:	100001c1 	.word	0x100001c1
10000144:	100001c1 	.word	0x100001c1
10000148:	100001c1 	.word	0x100001c1
1000014c:	100001c1 	.word	0x100001c1
10000150:	100001c1 	.word	0x100001c1
10000154:	100001c1 	.word	0x100001c1
10000158:	100001c1 	.word	0x100001c1
1000015c:	100001c1 	.word	0x100001c1
10000160:	100001c1 	.word	0x100001c1
10000164:	100001c1 	.word	0x100001c1
10000168:	100001c1 	.word	0x100001c1
1000016c:	100001c1 	.word	0x100001c1
10000170:	100001c1 	.word	0x100001c1
10000174:	100001c1 	.word	0x100001c1
10000178:	100001c1 	.word	0x100001c1
1000017c:	100001c1 	.word	0x100001c1
10000180:	100001c1 	.word	0x100001c1
10000184:	100001c1 	.word	0x100001c1
10000188:	100001c1 	.word	0x100001c1
1000018c:	100001c1 	.word	0x100001c1
10000190:	100001c1 	.word	0x100001c1
10000194:	100001c1 	.word	0x100001c1
10000198:	100001c1 	.word	0x100001c1
1000019c:	100001c1 	.word	0x100001c1
100001a0:	100001c1 	.word	0x100001c1
100001a4:	100001c1 	.word	0x100001c1
100001a8:	100001c1 	.word	0x100001c1
100001ac:	100001c1 	.word	0x100001c1
100001b0:	100001c1 	.word	0x100001c1
100001b4:	100001c1 	.word	0x100001c1
100001b8:	100001c1 	.word	0x100001c1
100001bc:	100001c1 	.word	0x100001c1

100001c0 <__unhandled_user_irq>:
100001c0:	f3ef 8005 	mrs	r0, IPSR
100001c4:	3810      	subs	r0, #16

100001c6 <unhandled_user_irq_num_in_r0>:
100001c6:	be00      	bkpt	0x0000

100001c8 <isr_invalid>:
100001c8:	be00      	bkpt	0x0000

100001ca <isr_nmi>:
100001ca:	be00      	bkpt	0x0000

100001cc <isr_hardfault>:
100001cc:	be00      	bkpt	0x0000

100001ce <isr_svcall>:
100001ce:	be00      	bkpt	0x0000

100001d0 <isr_pendsv>:
100001d0:	be00      	bkpt	0x0000

100001d2 <isr_systick>:
100001d2:	be00      	bkpt	0x0000

100001d4 <__default_isrs_end>:
100001d4:	7188ebf2 	.word	0x7188ebf2
100001d8:	10001874 	.word	0x10001874
100001dc:	10001890 	.word	0x10001890
100001e0:	10000238 	.word	0x10000238
100001e4:	e71aa390 	.word	0xe71aa390

100001e8 <_entry_point>:
100001e8:	2000      	movs	r0, #0

100001ea <_enter_vtable_in_r0>:
100001ea:	491e      	ldr	r1, [pc, #120]	@ (10000264 <data_cpy_table+0x2c>)
100001ec:	6008      	str	r0, [r1, #0]
100001ee:	c806      	ldmia	r0!, {r1, r2}
100001f0:	f381 8808 	msr	MSP, r1
100001f4:	4710      	bx	r2

100001f6 <_reset_handler>:
100001f6:	481c      	ldr	r0, [pc, #112]	@ (10000268 <data_cpy_table+0x30>)
100001f8:	6800      	ldr	r0, [r0, #0]
100001fa:	2800      	cmp	r0, #0
100001fc:	d001      	beq.n	10000202 <hold_non_core0_in_bootrom+0x4>

100001fe <hold_non_core0_in_bootrom>:
100001fe:	2000      	movs	r0, #0
10000200:	e7f3      	b.n	100001ea <_enter_vtable_in_r0>
10000202:	a40d      	add	r4, pc, #52	@ (adr r4, 10000238 <data_cpy_table>)
10000204:	cc0e      	ldmia	r4!, {r1, r2, r3}
10000206:	2900      	cmp	r1, #0
10000208:	d002      	beq.n	10000210 <hold_non_core0_in_bootrom+0x12>
1000020a:	f000 f812 	bl	10000232 <data_cpy>
1000020e:	e7f9      	b.n	10000204 <hold_non_core0_in_bootrom+0x6>
10000210:	4916      	ldr	r1, [pc, #88]	@ (1000026c <data_cpy_table+0x34>)
10000212:	4a17      	ldr	r2, [pc, #92]	@ (10000270 <data_cpy_table+0x38>)
10000214:	2000      	movs	r0, #0
10000216:	e000      	b.n	1000021a <bss_fill_test>

10000218 <bss_fill_loop>:
10000218:	c101      	stmia	r1!, {r0}

1000021a <bss_fill_test>:
1000021a:	4291      	cmp	r1, r2
1000021c:	d1fc      	bne.n	10000218 <bss_fill_loop>

1000021e <platform_entry>:
1000021e:	4915      	ldr	r1, [pc, #84]	@ (10000274 <data_cpy_table+0x3c>)
10000220:	4788      	blx	r1
10000222:	4915      	ldr	r1, [pc, #84]	@ (10000278 <data_cpy_table+0x40>)
10000224:	4788      	blx	r1
10000226:	4915      	ldr	r1, [pc, #84]	@ (1000027c <data_cpy_table+0x44>)
10000228:	4788      	blx	r1
1000022a:	be00      	bkpt	0x0000
1000022c:	e7fd      	b.n	1000022a <platform_entry+0xc>

1000022e <data_cpy_loop>:
1000022e:	c901      	ldmia	r1!, {r0}
10000230:	c201      	stmia	r2!, {r0}

10000232 <data_cpy>:
10000232:	429a      	cmp	r2, r3
10000234:	d3fb      	bcc.n	1000022e <data_cpy_loop>

10000236 <data_cpy_done>:
10000236:	4770      	bx	lr

10000238 <data_cpy_table>:
10000238:	10001890 	.word	0x10001890
1000023c:	200000c0 	.word	0x200000c0
10000240:	20000228 	.word	0x20000228
10000244:	100019f8 	.word	0x100019f8
10000248:	20040000 	.word	0x20040000
1000024c:	20040000 	.word	0x20040000
10000250:	100019f8 	.word	0x100019f8
10000254:	20041000 	.word	0x20041000
10000258:	20041000 	.word	0x20041000
1000025c:	00000000 	.word	0x00000000
10000260:	4770      	bx	lr
10000262:	0000      	.short	0x0000
10000264:	e000ed08 	.word	0xe000ed08
10000268:	d0000000 	.word	0xd0000000
1000026c:	20000228 	.word	0x20000228
10000270:	200005f8 	.word	0x200005f8
10000274:	1000143d 	.word	0x1000143d
10000278:	10000281 	.word	0x10000281
1000027c:	10001435 	.word	0x10001435

10000280 <main>:
10000280:	b570      	push	{r4, r5, r6, lr}
10000282:	2019      	movs	r0, #25
10000284:	f000 f816 	bl	100002b4 <gpio_init>
10000288:	2480      	movs	r4, #128	@ 0x80
1000028a:	23d0      	movs	r3, #208	@ 0xd0
1000028c:	04a4      	lsls	r4, r4, #18
1000028e:	061b      	lsls	r3, r3, #24
10000290:	4d06      	ldr	r5, [pc, #24]	@ (100002ac <main+0x2c>)
10000292:	625c      	str	r4, [r3, #36]	@ 0x24
10000294:	20fa      	movs	r0, #250	@ 0xfa
10000296:	602c      	str	r4, [r5, #0]
10000298:	f000 fbaa 	bl	100009f0 <sleep_ms>
1000029c:	20fa      	movs	r0, #250	@ 0xfa
1000029e:	4b04      	ldr	r3, [pc, #16]	@ (100002b0 <main+0x30>)
100002a0:	0080      	lsls	r0, r0, #2
100002a2:	601c      	str	r4, [r3, #0]
100002a4:	f000 fba4 	bl	100009f0 <sleep_ms>
100002a8:	e7f4      	b.n	10000294 <main+0x14>
100002aa:	46c0      	nop			@ (mov r8, r8)
100002ac:	d0000014 	.word	0xd0000014
100002b0:	d0000018 	.word	0xd0000018

100002b4 <gpio_init>:
100002b4:	2301      	movs	r3, #1
100002b6:	22d0      	movs	r2, #208	@ 0xd0
100002b8:	4083      	lsls	r3, r0
100002ba:	0612      	lsls	r2, r2, #24
100002bc:	6293      	str	r3, [r2, #40]	@ 0x28
100002be:	6193      	str	r3, [r2, #24]
100002c0:	4a08      	ldr	r2, [pc, #32]	@ (100002e4 <gpio_init+0x30>)
100002c2:	0083      	lsls	r3, r0, #2
100002c4:	189a      	adds	r2, r3, r2
100002c6:	6811      	ldr	r1, [r2, #0]
100002c8:	2240      	movs	r2, #64	@ 0x40
100002ca:	4051      	eors	r1, r2
100002cc:	3280      	adds	r2, #128	@ 0x80
100002ce:	400a      	ands	r2, r1
100002d0:	4905      	ldr	r1, [pc, #20]	@ (100002e8 <gpio_init+0x34>)
100002d2:	00c0      	lsls	r0, r0, #3
100002d4:	185b      	adds	r3, r3, r1
100002d6:	601a      	str	r2, [r3, #0]
100002d8:	4b04      	ldr	r3, [pc, #16]	@ (100002ec <gpio_init+0x38>)
100002da:	18c0      	adds	r0, r0, r3
100002dc:	2305      	movs	r3, #5
100002de:	6043      	str	r3, [r0, #4]
100002e0:	4770      	bx	lr
100002e2:	46c0      	nop			@ (mov r8, r8)
100002e4:	4001c004 	.word	0x4001c004
100002e8:	4001d004 	.word	0x4001d004
100002ec:	40014000 	.word	0x40014000

100002f0 <panic>:
100002f0:	b40f      	push	{r0, r1, r2, r3}
100002f2:	b500      	push	{lr}
100002f4:	4808      	ldr	r0, [pc, #32]	@ (10000318 <panic+0x28>)
100002f6:	b083      	sub	sp, #12
100002f8:	f001 f9ca 	bl	10001690 <__wrap_puts>
100002fc:	9b04      	ldr	r3, [sp, #16]
100002fe:	2b00      	cmp	r3, #0
10000300:	d007      	beq.n	10000312 <panic+0x22>
10000302:	a905      	add	r1, sp, #20
10000304:	0018      	movs	r0, r3
10000306:	9101      	str	r1, [sp, #4]
10000308:	f001 f878 	bl	100013fc <weak_raw_vprintf>
1000030c:	4803      	ldr	r0, [pc, #12]	@ (1000031c <panic+0x2c>)
1000030e:	f001 f9bf 	bl	10001690 <__wrap_puts>
10000312:	2001      	movs	r0, #1
10000314:	f001 f88a 	bl	1000142c <_exit>
10000318:	1000179c 	.word	0x1000179c
1000031c:	10001800 	.word	0x10001800

10000320 <hw_claim_or_assert>:
10000320:	b570      	push	{r4, r5, r6, lr}
10000322:	468c      	mov	ip, r1
10000324:	0016      	movs	r6, r2
10000326:	f3ef 8410 	mrs	r4, PRIMASK
1000032a:	b672      	cpsid	i
1000032c:	490f      	ldr	r1, [pc, #60]	@ (1000036c <hw_claim_or_assert+0x4c>)
1000032e:	680b      	ldr	r3, [r1, #0]
10000330:	2b00      	cmp	r3, #0
10000332:	d0fc      	beq.n	1000032e <hw_claim_or_assert+0xe>
10000334:	f3bf 8f5f 	dmb	sy
10000338:	4663      	mov	r3, ip
1000033a:	08db      	lsrs	r3, r3, #3
1000033c:	18c5      	adds	r5, r0, r3
1000033e:	2207      	movs	r2, #7
10000340:	5cc0      	ldrb	r0, [r0, r3]
10000342:	4663      	mov	r3, ip
10000344:	401a      	ands	r2, r3
10000346:	2301      	movs	r3, #1
10000348:	4093      	lsls	r3, r2
1000034a:	001a      	movs	r2, r3
1000034c:	4002      	ands	r2, r0
1000034e:	4203      	tst	r3, r0
10000350:	d107      	bne.n	10000362 <hw_claim_or_assert+0x42>
10000352:	4318      	orrs	r0, r3
10000354:	7028      	strb	r0, [r5, #0]
10000356:	f3bf 8f5f 	dmb	sy
1000035a:	600a      	str	r2, [r1, #0]
1000035c:	f384 8810 	msr	PRIMASK, r4
10000360:	bd70      	pop	{r4, r5, r6, pc}
10000362:	4661      	mov	r1, ip
10000364:	0030      	movs	r0, r6
10000366:	f7ff ffc3 	bl	100002f0 <panic>
1000036a:	46c0      	nop			@ (mov r8, r8)
1000036c:	d000012c 	.word	0xd000012c

10000370 <next_striped_spin_lock_num>:
10000370:	4a04      	ldr	r2, [pc, #16]	@ (10000384 <next_striped_spin_lock_num+0x14>)
10000372:	7810      	ldrb	r0, [r2, #0]
10000374:	1c43      	adds	r3, r0, #1
10000376:	b2db      	uxtb	r3, r3
10000378:	2b17      	cmp	r3, #23
1000037a:	d900      	bls.n	1000037e <next_striped_spin_lock_num+0xe>
1000037c:	2310      	movs	r3, #16
1000037e:	7013      	strb	r3, [r2, #0]
10000380:	4770      	bx	lr
10000382:	46c0      	nop			@ (mov r8, r8)
10000384:	200001d8 	.word	0x200001d8

10000388 <spin_locks_reset>:
10000388:	2100      	movs	r1, #0
1000038a:	4b04      	ldr	r3, [pc, #16]	@ (1000039c <spin_locks_reset+0x14>)
1000038c:	4a04      	ldr	r2, [pc, #16]	@ (100003a0 <spin_locks_reset+0x18>)
1000038e:	f3bf 8f5f 	dmb	sy
10000392:	c302      	stmia	r3!, {r1}
10000394:	4293      	cmp	r3, r2
10000396:	d1fa      	bne.n	1000038e <spin_locks_reset+0x6>
10000398:	4770      	bx	lr
1000039a:	46c0      	nop			@ (mov r8, r8)
1000039c:	d0000100 	.word	0xd0000100
100003a0:	d0000180 	.word	0xd0000180

100003a4 <runtime_init_per_core_irq_priorities>:
100003a4:	4b08      	ldr	r3, [pc, #32]	@ (100003c8 <runtime_init_per_core_irq_priorities+0x24>)
100003a6:	4a09      	ldr	r2, [pc, #36]	@ (100003cc <runtime_init_per_core_irq_priorities+0x28>)
100003a8:	6013      	str	r3, [r2, #0]
100003aa:	4a09      	ldr	r2, [pc, #36]	@ (100003d0 <runtime_init_per_core_irq_priorities+0x2c>)
100003ac:	6013      	str	r3, [r2, #0]
100003ae:	4a09      	ldr	r2, [pc, #36]	@ (100003d4 <runtime_init_per_core_irq_priorities+0x30>)
100003b0:	6013      	str	r3, [r2, #0]
100003b2:	4a09      	ldr	r2, [pc, #36]	@ (100003d8 <runtime_init_per_core_irq_priorities+0x34>)
100003b4:	6013      	str	r3, [r2, #0]
100003b6:	4a09      	ldr	r2, [pc, #36]	@ (100003dc <runtime_init_per_core_irq_priorities+0x38>)
100003b8:	6013      	str	r3, [r2, #0]
100003ba:	4a09      	ldr	r2, [pc, #36]	@ (100003e0 <runtime_init_per_core_irq_priorities+0x3c>)
100003bc:	6013      	str	r3, [r2, #0]
100003be:	4a09      	ldr	r2, [pc, #36]	@ (100003e4 <runtime_init_per_core_irq_priorities+0x40>)
100003c0:	6013      	str	r3, [r2, #0]
100003c2:	4a09      	ldr	r2, [pc, #36]	@ (100003e8 <runtime_init_per_core_irq_priorities+0x44>)
100003c4:	6013      	str	r3, [r2, #0]
100003c6:	4770      	bx	lr
100003c8:	80808080 	.word	0x80808080
100003cc:	e000e400 	.word	0xe000e400
100003d0:	e000e404 	.word	0xe000e404
100003d4:	e000e408 	.word	0xe000e408
100003d8:	e000e40c 	.word	0xe000e40c
100003dc:	e000e410 	.word	0xe000e410
100003e0:	e000e414 	.word	0xe000e414
100003e4:	e000e418 	.word	0xe000e418
100003e8:	e000e41c 	.word	0xe000e41c

100003ec <irq_set_enabled>:
100003ec:	231f      	movs	r3, #31
100003ee:	4018      	ands	r0, r3
100003f0:	3b1e      	subs	r3, #30
100003f2:	4083      	lsls	r3, r0
100003f4:	2900      	cmp	r1, #0
100003f6:	d005      	beq.n	10000404 <irq_set_enabled+0x18>
100003f8:	21c0      	movs	r1, #192	@ 0xc0
100003fa:	4a04      	ldr	r2, [pc, #16]	@ (1000040c <irq_set_enabled+0x20>)
100003fc:	0049      	lsls	r1, r1, #1
100003fe:	5053      	str	r3, [r2, r1]
10000400:	6013      	str	r3, [r2, #0]
10000402:	4770      	bx	lr
10000404:	2280      	movs	r2, #128	@ 0x80
10000406:	4901      	ldr	r1, [pc, #4]	@ (1000040c <irq_set_enabled+0x20>)
10000408:	508b      	str	r3, [r1, r2]
1000040a:	e7fa      	b.n	10000402 <irq_set_enabled+0x16>
1000040c:	e000e100 	.word	0xe000e100

10000410 <irq_set_exclusive_handler>:
10000410:	b510      	push	{r4, lr}
10000412:	f3ef 8c10 	mrs	ip, PRIMASK
10000416:	b672      	cpsid	i
10000418:	4a0f      	ldr	r2, [pc, #60]	@ (10000458 <irq_set_exclusive_handler+0x48>)
1000041a:	6813      	ldr	r3, [r2, #0]
1000041c:	2b00      	cmp	r3, #0
1000041e:	d0fc      	beq.n	1000041a <irq_set_exclusive_handler+0xa>
10000420:	f3bf 8f5f 	dmb	sy
10000424:	4b0d      	ldr	r3, [pc, #52]	@ (1000045c <irq_set_exclusive_handler+0x4c>)
10000426:	3010      	adds	r0, #16
10000428:	689b      	ldr	r3, [r3, #8]
1000042a:	0080      	lsls	r0, r0, #2
1000042c:	581b      	ldr	r3, [r3, r0]
1000042e:	4a0c      	ldr	r2, [pc, #48]	@ (10000460 <irq_set_exclusive_handler+0x50>)
10000430:	4293      	cmp	r3, r2
10000432:	d001      	beq.n	10000438 <irq_set_exclusive_handler+0x28>
10000434:	4299      	cmp	r1, r3
10000436:	d10c      	bne.n	10000452 <irq_set_exclusive_handler+0x42>
10000438:	4b08      	ldr	r3, [pc, #32]	@ (1000045c <irq_set_exclusive_handler+0x4c>)
1000043a:	689b      	ldr	r3, [r3, #8]
1000043c:	5019      	str	r1, [r3, r0]
1000043e:	f3bf 8f5f 	dmb	sy
10000442:	f3bf 8f5f 	dmb	sy
10000446:	2200      	movs	r2, #0
10000448:	4b03      	ldr	r3, [pc, #12]	@ (10000458 <irq_set_exclusive_handler+0x48>)
1000044a:	601a      	str	r2, [r3, #0]
1000044c:	f38c 8810 	msr	PRIMASK, ip
10000450:	bd10      	pop	{r4, pc}
10000452:	f000 fda1 	bl	10000f98 <hard_assertion_failure>
10000456:	46c0      	nop			@ (mov r8, r8)
10000458:	d0000124 	.word	0xd0000124
1000045c:	e000ed00 	.word	0xe000ed00
10000460:	100001c1 	.word	0x100001c1

10000464 <lock_init>:
10000464:	4b02      	ldr	r3, [pc, #8]	@ (10000470 <lock_init+0xc>)
10000466:	18c9      	adds	r1, r1, r3
10000468:	0089      	lsls	r1, r1, #2
1000046a:	6001      	str	r1, [r0, #0]
1000046c:	4770      	bx	lr
1000046e:	46c0      	nop			@ (mov r8, r8)
10000470:	34000040 	.word	0x34000040

10000474 <runtime_init_mutex>:
10000474:	b570      	push	{r4, r5, r6, lr}
10000476:	4c11      	ldr	r4, [pc, #68]	@ (100004bc <runtime_init_mutex+0x48>)
10000478:	4d11      	ldr	r5, [pc, #68]	@ (100004c0 <runtime_init_mutex+0x4c>)
1000047a:	42ac      	cmp	r4, r5
1000047c:	d20f      	bcs.n	1000049e <runtime_init_mutex+0x2a>
1000047e:	26ff      	movs	r6, #255	@ 0xff
10000480:	6823      	ldr	r3, [r4, #0]
10000482:	2b00      	cmp	r3, #0
10000484:	d00c      	beq.n	100004a0 <runtime_init_mutex+0x2c>
10000486:	f7ff ff73 	bl	10000370 <next_striped_spin_lock_num>
1000048a:	0001      	movs	r1, r0
1000048c:	0020      	movs	r0, r4
1000048e:	f7ff ffe9 	bl	10000464 <lock_init>
10000492:	80a6      	strh	r6, [r4, #4]
10000494:	f3bf 8f5f 	dmb	sy
10000498:	3408      	adds	r4, #8
1000049a:	42ac      	cmp	r4, r5
1000049c:	d3f0      	bcc.n	10000480 <runtime_init_mutex+0xc>
1000049e:	bd70      	pop	{r4, r5, r6, pc}
100004a0:	f7ff ff66 	bl	10000370 <next_striped_spin_lock_num>
100004a4:	0001      	movs	r1, r0
100004a6:	0020      	movs	r0, r4
100004a8:	f7ff ffdc 	bl	10000464 <lock_init>
100004ac:	7126      	strb	r6, [r4, #4]
100004ae:	f3bf 8f5f 	dmb	sy
100004b2:	3408      	adds	r4, #8
100004b4:	42ac      	cmp	r4, r5
100004b6:	d3e3      	bcc.n	10000480 <runtime_init_mutex+0xc>
100004b8:	e7f1      	b.n	1000049e <runtime_init_mutex+0x2a>
100004ba:	46c0      	nop			@ (mov r8, r8)
100004bc:	20000220 	.word	0x20000220
100004c0:	20000228 	.word	0x20000228

100004c4 <sleep_until_callback>:
100004c4:	4b0a      	ldr	r3, [pc, #40]	@ (100004f0 <sleep_until_callback+0x2c>)
100004c6:	6819      	ldr	r1, [r3, #0]
100004c8:	f3ef 8010 	mrs	r0, PRIMASK
100004cc:	b672      	cpsid	i
100004ce:	680a      	ldr	r2, [r1, #0]
100004d0:	2a00      	cmp	r2, #0
100004d2:	d0fc      	beq.n	100004ce <sleep_until_callback+0xa>
100004d4:	f3bf 8f5f 	dmb	sy
100004d8:	681b      	ldr	r3, [r3, #0]
100004da:	f3bf 8f5f 	dmb	sy
100004de:	2200      	movs	r2, #0
100004e0:	601a      	str	r2, [r3, #0]
100004e2:	f380 8810 	msr	PRIMASK, r0
100004e6:	bf40      	sev
100004e8:	2000      	movs	r0, #0
100004ea:	2100      	movs	r1, #0
100004ec:	4770      	bx	lr
100004ee:	46c0      	nop			@ (mov r8, r8)
100004f0:	200005f4 	.word	0x200005f4

100004f4 <alarm_pool_irq_handler>:
100004f4:	b5f0      	push	{r4, r5, r6, r7, lr}
100004f6:	46de      	mov	lr, fp
100004f8:	4657      	mov	r7, sl
100004fa:	464e      	mov	r6, r9
100004fc:	4645      	mov	r5, r8
100004fe:	b5e0      	push	{r5, r6, r7, lr}
10000500:	b085      	sub	sp, #20
10000502:	f3ef 8305 	mrs	r3, IPSR
10000506:	2203      	movs	r2, #3
10000508:	401a      	ands	r2, r3
1000050a:	4bb3      	ldr	r3, [pc, #716]	@ (100007d8 <alarm_pool_irq_handler+0x2e4>)
1000050c:	0091      	lsls	r1, r2, #2
1000050e:	585f      	ldr	r7, [r3, r1]
10000510:	2301      	movs	r3, #1
10000512:	4093      	lsls	r3, r2
10000514:	469b      	mov	fp, r3
10000516:	9202      	str	r2, [sp, #8]
10000518:	465a      	mov	r2, fp
1000051a:	4688      	mov	r8, r1
1000051c:	4baf      	ldr	r3, [pc, #700]	@ (100007dc <alarm_pool_irq_handler+0x2e8>)
1000051e:	601a      	str	r2, [r3, #0]
10000520:	4baf      	ldr	r3, [pc, #700]	@ (100007e0 <alarm_pool_irq_handler+0x2ec>)
10000522:	9303      	str	r3, [sp, #12]
10000524:	465b      	mov	r3, fp
10000526:	48af      	ldr	r0, [pc, #700]	@ (100007e4 <alarm_pool_irq_handler+0x2f0>)
10000528:	6343      	str	r3, [r0, #52]	@ 0x34
1000052a:	2308      	movs	r3, #8
1000052c:	5efe      	ldrsh	r6, [r7, r3]
1000052e:	2e00      	cmp	r6, #0
10000530:	da37      	bge.n	100005a2 <alarm_pool_irq_handler+0xae>
10000532:	88bb      	ldrh	r3, [r7, #4]
10000534:	b21b      	sxth	r3, r3
10000536:	2b00      	cmp	r3, #0
10000538:	db00      	blt.n	1000053c <alarm_pool_irq_handler+0x48>
1000053a:	e0a4      	b.n	10000686 <alarm_pool_irq_handler+0x192>
1000053c:	79bb      	ldrb	r3, [r7, #6]
1000053e:	2b00      	cmp	r3, #0
10000540:	d000      	beq.n	10000544 <alarm_pool_irq_handler+0x50>
10000542:	e0e5      	b.n	10000710 <alarm_pool_irq_handler+0x21c>
10000544:	2308      	movs	r3, #8
10000546:	5ef9      	ldrsh	r1, [r7, r3]
10000548:	2900      	cmp	r1, #0
1000054a:	db20      	blt.n	1000058e <alarm_pool_irq_handler+0x9a>
1000054c:	004b      	lsls	r3, r1, #1
1000054e:	697a      	ldr	r2, [r7, #20]
10000550:	185b      	adds	r3, r3, r1
10000552:	00db      	lsls	r3, r3, #3
10000554:	18d3      	adds	r3, r2, r3
10000556:	689d      	ldr	r5, [r3, #8]
10000558:	68dc      	ldr	r4, [r3, #12]
1000055a:	1c6b      	adds	r3, r5, #1
1000055c:	d100      	bne.n	10000560 <alarm_pool_irq_handler+0x6c>
1000055e:	e104      	b.n	1000076a <alarm_pool_irq_handler+0x276>
10000560:	48a0      	ldr	r0, [pc, #640]	@ (100007e4 <alarm_pool_irq_handler+0x2f0>)
10000562:	0001      	movs	r1, r0
10000564:	4441      	add	r1, r8
10000566:	6a82      	ldr	r2, [r0, #40]	@ 0x28
10000568:	690b      	ldr	r3, [r1, #16]
1000056a:	1aae      	subs	r6, r5, r2
1000056c:	1a9b      	subs	r3, r3, r2
1000056e:	429e      	cmp	r6, r3
10000570:	d315      	bcc.n	1000059e <alarm_pool_irq_handler+0xaa>
10000572:	2301      	movs	r3, #1
10000574:	6a02      	ldr	r2, [r0, #32]
10000576:	9802      	ldr	r0, [sp, #8]
10000578:	4083      	lsls	r3, r0
1000057a:	421a      	tst	r2, r3
1000057c:	d00f      	beq.n	1000059e <alarm_pool_irq_handler+0xaa>
1000057e:	4899      	ldr	r0, [pc, #612]	@ (100007e4 <alarm_pool_irq_handler+0x2f0>)
10000580:	f000 fb54 	bl	10000c2c <timer_time_us_64>
10000584:	428c      	cmp	r4, r1
10000586:	dc02      	bgt.n	1000058e <alarm_pool_irq_handler+0x9a>
10000588:	d1cc      	bne.n	10000524 <alarm_pool_irq_handler+0x30>
1000058a:	4285      	cmp	r5, r0
1000058c:	d9ca      	bls.n	10000524 <alarm_pool_irq_handler+0x30>
1000058e:	bf40      	sev
10000590:	b005      	add	sp, #20
10000592:	bcf0      	pop	{r4, r5, r6, r7}
10000594:	46bb      	mov	fp, r7
10000596:	46b2      	mov	sl, r6
10000598:	46a9      	mov	r9, r5
1000059a:	46a0      	mov	r8, r4
1000059c:	bdf0      	pop	{r4, r5, r6, r7, pc}
1000059e:	610d      	str	r5, [r1, #16]
100005a0:	e7ed      	b.n	1000057e <alarm_pool_irq_handler+0x8a>
100005a2:	697a      	ldr	r2, [r7, #20]
100005a4:	0073      	lsls	r3, r6, #1
100005a6:	4691      	mov	r9, r2
100005a8:	199b      	adds	r3, r3, r6
100005aa:	00db      	lsls	r3, r3, #3
100005ac:	4499      	add	r9, r3
100005ae:	464b      	mov	r3, r9
100005b0:	689c      	ldr	r4, [r3, #8]
100005b2:	68dd      	ldr	r5, [r3, #12]
100005b4:	f000 fb3a 	bl	10000c2c <timer_time_us_64>
100005b8:	428d      	cmp	r5, r1
100005ba:	dcba      	bgt.n	10000532 <alarm_pool_irq_handler+0x3e>
100005bc:	d100      	bne.n	100005c0 <alarm_pool_irq_handler+0xcc>
100005be:	e0f6      	b.n	100007ae <alarm_pool_irq_handler+0x2ba>
100005c0:	2d00      	cmp	r5, #0
100005c2:	da00      	bge.n	100005c6 <alarm_pool_irq_handler+0xd2>
100005c4:	e0db      	b.n	1000077e <alarm_pool_irq_handler+0x28a>
100005c6:	464a      	mov	r2, r9
100005c8:	464b      	mov	r3, r9
100005ca:	6952      	ldr	r2, [r2, #20]
100005cc:	691b      	ldr	r3, [r3, #16]
100005ce:	4692      	mov	sl, r2
100005d0:	9a03      	ldr	r2, [sp, #12]
100005d2:	4293      	cmp	r3, r2
100005d4:	d100      	bne.n	100005d8 <alarm_pool_irq_handler+0xe4>
100005d6:	e0cc      	b.n	10000772 <alarm_pool_irq_handler+0x27e>
100005d8:	464a      	mov	r2, r9
100005da:	2108      	movs	r1, #8
100005dc:	5e78      	ldrsh	r0, [r7, r1]
100005de:	8852      	ldrh	r2, [r2, #2]
100005e0:	0400      	lsls	r0, r0, #16
100005e2:	4651      	mov	r1, sl
100005e4:	4310      	orrs	r0, r2
100005e6:	4798      	blx	r3
100005e8:	9000      	str	r0, [sp, #0]
100005ea:	9101      	str	r1, [sp, #4]
100005ec:	9900      	ldr	r1, [sp, #0]
100005ee:	9a01      	ldr	r2, [sp, #4]
100005f0:	000b      	movs	r3, r1
100005f2:	4313      	orrs	r3, r2
100005f4:	d100      	bne.n	100005f8 <alarm_pool_irq_handler+0x104>
100005f6:	e0c2      	b.n	1000077e <alarm_pool_irq_handler+0x28a>
100005f8:	0013      	movs	r3, r2
100005fa:	000a      	movs	r2, r1
100005fc:	2b00      	cmp	r3, #0
100005fe:	db00      	blt.n	10000602 <alarm_pool_irq_handler+0x10e>
10000600:	e0d9      	b.n	100007b6 <alarm_pool_irq_handler+0x2c2>
10000602:	0020      	movs	r0, r4
10000604:	0029      	movs	r1, r5
10000606:	1a80      	subs	r0, r0, r2
10000608:	4199      	sbcs	r1, r3
1000060a:	464b      	mov	r3, r9
1000060c:	6098      	str	r0, [r3, #8]
1000060e:	60d9      	str	r1, [r3, #12]
10000610:	2200      	movs	r2, #0
10000612:	5e9b      	ldrsh	r3, [r3, r2]
10000614:	2b00      	cmp	r3, #0
10000616:	da00      	bge.n	1000061a <alarm_pool_irq_handler+0x126>
10000618:	e78b      	b.n	10000532 <alarm_pool_irq_handler+0x3e>
1000061a:	005d      	lsls	r5, r3, #1
1000061c:	697c      	ldr	r4, [r7, #20]
1000061e:	18ea      	adds	r2, r5, r3
10000620:	00d2      	lsls	r2, r2, #3
10000622:	18a2      	adds	r2, r4, r2
10000624:	9400      	str	r4, [sp, #0]
10000626:	6894      	ldr	r4, [r2, #8]
10000628:	68d2      	ldr	r2, [r2, #12]
1000062a:	46a2      	mov	sl, r4
1000062c:	428a      	cmp	r2, r1
1000062e:	dd00      	ble.n	10000632 <alarm_pool_irq_handler+0x13e>
10000630:	e77f      	b.n	10000532 <alarm_pool_irq_handler+0x3e>
10000632:	d102      	bne.n	1000063a <alarm_pool_irq_handler+0x146>
10000634:	4284      	cmp	r4, r0
10000636:	d900      	bls.n	1000063a <alarm_pool_irq_handler+0x146>
10000638:	e77b      	b.n	10000532 <alarm_pool_irq_handler+0x3e>
1000063a:	2408      	movs	r4, #8
1000063c:	46a4      	mov	ip, r4
1000063e:	813b      	strh	r3, [r7, #8]
10000640:	44bc      	add	ip, r7
10000642:	9c00      	ldr	r4, [sp, #0]
10000644:	9700      	str	r7, [sp, #0]
10000646:	002f      	movs	r7, r5
10000648:	4665      	mov	r5, ip
1000064a:	46b4      	mov	ip, r6
1000064c:	003e      	movs	r6, r7
1000064e:	e006      	b.n	1000065e <alarm_pool_irq_handler+0x16a>
10000650:	005e      	lsls	r6, r3, #1
10000652:	18f2      	adds	r2, r6, r3
10000654:	00d2      	lsls	r2, r2, #3
10000656:	18a2      	adds	r2, r4, r2
10000658:	6897      	ldr	r7, [r2, #8]
1000065a:	68d2      	ldr	r2, [r2, #12]
1000065c:	46ba      	mov	sl, r7
1000065e:	428a      	cmp	r2, r1
10000660:	dc07      	bgt.n	10000672 <alarm_pool_irq_handler+0x17e>
10000662:	d100      	bne.n	10000666 <alarm_pool_irq_handler+0x172>
10000664:	e0b4      	b.n	100007d0 <alarm_pool_irq_handler+0x2dc>
10000666:	18f3      	adds	r3, r6, r3
10000668:	00db      	lsls	r3, r3, #3
1000066a:	18e5      	adds	r5, r4, r3
1000066c:	5ee3      	ldrsh	r3, [r4, r3]
1000066e:	2b00      	cmp	r3, #0
10000670:	daee      	bge.n	10000650 <alarm_pool_irq_handler+0x15c>
10000672:	4666      	mov	r6, ip
10000674:	464a      	mov	r2, r9
10000676:	9f00      	ldr	r7, [sp, #0]
10000678:	8013      	strh	r3, [r2, #0]
1000067a:	802e      	strh	r6, [r5, #0]
1000067c:	88bb      	ldrh	r3, [r7, #4]
1000067e:	b21b      	sxth	r3, r3
10000680:	2b00      	cmp	r3, #0
10000682:	da00      	bge.n	10000686 <alarm_pool_irq_handler+0x192>
10000684:	e75a      	b.n	1000053c <alarm_pool_irq_handler+0x48>
10000686:	693a      	ldr	r2, [r7, #16]
10000688:	f3ef 8110 	mrs	r1, PRIMASK
1000068c:	b672      	cpsid	i
1000068e:	6813      	ldr	r3, [r2, #0]
10000690:	2b00      	cmp	r3, #0
10000692:	d0fc      	beq.n	1000068e <alarm_pool_irq_handler+0x19a>
10000694:	f3bf 8f5f 	dmb	sy
10000698:	2301      	movs	r3, #1
1000069a:	88be      	ldrh	r6, [r7, #4]
1000069c:	425b      	negs	r3, r3
1000069e:	80bb      	strh	r3, [r7, #4]
100006a0:	b236      	sxth	r6, r6
100006a2:	693b      	ldr	r3, [r7, #16]
100006a4:	f3bf 8f5f 	dmb	sy
100006a8:	2200      	movs	r2, #0
100006aa:	601a      	str	r2, [r3, #0]
100006ac:	f381 8810 	msr	PRIMASK, r1
100006b0:	2e00      	cmp	r6, #0
100006b2:	da00      	bge.n	100006b6 <alarm_pool_irq_handler+0x1c2>
100006b4:	e742      	b.n	1000053c <alarm_pool_irq_handler+0x48>
100006b6:	003b      	movs	r3, r7
100006b8:	3308      	adds	r3, #8
100006ba:	003a      	movs	r2, r7
100006bc:	4699      	mov	r9, r3
100006be:	697d      	ldr	r5, [r7, #20]
100006c0:	0073      	lsls	r3, r6, #1
100006c2:	199b      	adds	r3, r3, r6
100006c4:	2408      	movs	r4, #8
100006c6:	5f11      	ldrsh	r1, [r2, r4]
100006c8:	00db      	lsls	r3, r3, #3
100006ca:	4648      	mov	r0, r9
100006cc:	18eb      	adds	r3, r5, r3
100006ce:	2900      	cmp	r1, #0
100006d0:	db13      	blt.n	100006fa <alarm_pool_irq_handler+0x206>
100006d2:	689c      	ldr	r4, [r3, #8]
100006d4:	9300      	str	r3, [sp, #0]
100006d6:	46a4      	mov	ip, r4
100006d8:	68dc      	ldr	r4, [r3, #12]
100006da:	e006      	b.n	100006ea <alarm_pool_irq_handler+0x1f6>
100006dc:	42a3      	cmp	r3, r4
100006de:	d040      	beq.n	10000762 <alarm_pool_irq_handler+0x26e>
100006e0:	2300      	movs	r3, #0
100006e2:	5ef9      	ldrsh	r1, [r7, r3]
100006e4:	0038      	movs	r0, r7
100006e6:	2900      	cmp	r1, #0
100006e8:	db06      	blt.n	100006f8 <alarm_pool_irq_handler+0x204>
100006ea:	004f      	lsls	r7, r1, #1
100006ec:	187f      	adds	r7, r7, r1
100006ee:	00ff      	lsls	r7, r7, #3
100006f0:	19ef      	adds	r7, r5, r7
100006f2:	68fb      	ldr	r3, [r7, #12]
100006f4:	42a3      	cmp	r3, r4
100006f6:	ddf1      	ble.n	100006dc <alarm_pool_irq_handler+0x1e8>
100006f8:	9b00      	ldr	r3, [sp, #0]
100006fa:	8006      	strh	r6, [r0, #0]
100006fc:	2000      	movs	r0, #0
100006fe:	5e1e      	ldrsh	r6, [r3, r0]
10000700:	8019      	strh	r1, [r3, #0]
10000702:	2e00      	cmp	r6, #0
10000704:	dadc      	bge.n	100006c0 <alarm_pool_irq_handler+0x1cc>
10000706:	0017      	movs	r7, r2
10000708:	79bb      	ldrb	r3, [r7, #6]
1000070a:	2b00      	cmp	r3, #0
1000070c:	d100      	bne.n	10000710 <alarm_pool_irq_handler+0x21c>
1000070e:	e719      	b.n	10000544 <alarm_pool_irq_handler+0x50>
10000710:	2300      	movs	r3, #0
10000712:	71bb      	strb	r3, [r7, #6]
10000714:	2308      	movs	r3, #8
10000716:	5ef9      	ldrsh	r1, [r7, r3]
10000718:	1c4b      	adds	r3, r1, #1
1000071a:	d100      	bne.n	1000071e <alarm_pool_irq_handler+0x22a>
1000071c:	e737      	b.n	1000058e <alarm_pool_irq_handler+0x9a>
1000071e:	003d      	movs	r5, r7
10000720:	3508      	adds	r5, #8
10000722:	46ac      	mov	ip, r5
10000724:	697c      	ldr	r4, [r7, #20]
10000726:	e003      	b.n	10000730 <alarm_pool_irq_handler+0x23c>
10000728:	4684      	mov	ip, r0
1000072a:	1c4b      	adds	r3, r1, #1
1000072c:	d100      	bne.n	10000730 <alarm_pool_irq_handler+0x23c>
1000072e:	e709      	b.n	10000544 <alarm_pool_irq_handler+0x50>
10000730:	004b      	lsls	r3, r1, #1
10000732:	185b      	adds	r3, r3, r1
10000734:	00db      	lsls	r3, r3, #3
10000736:	18e0      	adds	r0, r4, r3
10000738:	000a      	movs	r2, r1
1000073a:	5ee1      	ldrsh	r1, [r4, r3]
1000073c:	8843      	ldrh	r3, [r0, #2]
1000073e:	b21b      	sxth	r3, r3
10000740:	2b00      	cmp	r3, #0
10000742:	daf1      	bge.n	10000728 <alarm_pool_irq_handler+0x234>
10000744:	2501      	movs	r5, #1
10000746:	426d      	negs	r5, r5
10000748:	17ee      	asrs	r6, r5, #31
1000074a:	6085      	str	r5, [r0, #8]
1000074c:	60c6      	str	r6, [r0, #12]
1000074e:	2508      	movs	r5, #8
10000750:	5f7b      	ldrsh	r3, [r7, r5]
10000752:	4293      	cmp	r3, r2
10000754:	d0e9      	beq.n	1000072a <alarm_pool_irq_handler+0x236>
10000756:	4663      	mov	r3, ip
10000758:	8019      	strh	r1, [r3, #0]
1000075a:	893b      	ldrh	r3, [r7, #8]
1000075c:	8003      	strh	r3, [r0, #0]
1000075e:	813a      	strh	r2, [r7, #8]
10000760:	e7e3      	b.n	1000072a <alarm_pool_irq_handler+0x236>
10000762:	68bb      	ldr	r3, [r7, #8]
10000764:	4563      	cmp	r3, ip
10000766:	d9bb      	bls.n	100006e0 <alarm_pool_irq_handler+0x1ec>
10000768:	e7c6      	b.n	100006f8 <alarm_pool_irq_handler+0x204>
1000076a:	1c63      	adds	r3, r4, #1
1000076c:	d000      	beq.n	10000770 <alarm_pool_irq_handler+0x27c>
1000076e:	e6f7      	b.n	10000560 <alarm_pool_irq_handler+0x6c>
10000770:	e705      	b.n	1000057e <alarm_pool_irq_handler+0x8a>
10000772:	4653      	mov	r3, sl
10000774:	4650      	mov	r0, sl
10000776:	691b      	ldr	r3, [r3, #16]
10000778:	4798      	blx	r3
1000077a:	2800      	cmp	r0, #0
1000077c:	d123      	bne.n	100007c6 <alarm_pool_irq_handler+0x2d2>
1000077e:	464b      	mov	r3, r9
10000780:	881b      	ldrh	r3, [r3, #0]
10000782:	693a      	ldr	r2, [r7, #16]
10000784:	813b      	strh	r3, [r7, #8]
10000786:	f3ef 8310 	mrs	r3, PRIMASK
1000078a:	b672      	cpsid	i
1000078c:	6811      	ldr	r1, [r2, #0]
1000078e:	2900      	cmp	r1, #0
10000790:	d0fc      	beq.n	1000078c <alarm_pool_irq_handler+0x298>
10000792:	f3bf 8f5f 	dmb	sy
10000796:	4649      	mov	r1, r9
10000798:	887a      	ldrh	r2, [r7, #2]
1000079a:	800a      	strh	r2, [r1, #0]
1000079c:	693a      	ldr	r2, [r7, #16]
1000079e:	807e      	strh	r6, [r7, #2]
100007a0:	f3bf 8f5f 	dmb	sy
100007a4:	2100      	movs	r1, #0
100007a6:	6011      	str	r1, [r2, #0]
100007a8:	f383 8810 	msr	PRIMASK, r3
100007ac:	e6c1      	b.n	10000532 <alarm_pool_irq_handler+0x3e>
100007ae:	4284      	cmp	r4, r0
100007b0:	d800      	bhi.n	100007b4 <alarm_pool_irq_handler+0x2c0>
100007b2:	e705      	b.n	100005c0 <alarm_pool_irq_handler+0xcc>
100007b4:	e6bd      	b.n	10000532 <alarm_pool_irq_handler+0x3e>
100007b6:	480b      	ldr	r0, [pc, #44]	@ (100007e4 <alarm_pool_irq_handler+0x2f0>)
100007b8:	f000 fa38 	bl	10000c2c <timer_time_us_64>
100007bc:	9b00      	ldr	r3, [sp, #0]
100007be:	9c01      	ldr	r4, [sp, #4]
100007c0:	18c0      	adds	r0, r0, r3
100007c2:	4161      	adcs	r1, r4
100007c4:	e721      	b.n	1000060a <alarm_pool_irq_handler+0x116>
100007c6:	4653      	mov	r3, sl
100007c8:	cb0c      	ldmia	r3, {r2, r3}
100007ca:	9200      	str	r2, [sp, #0]
100007cc:	9301      	str	r3, [sp, #4]
100007ce:	e70d      	b.n	100005ec <alarm_pool_irq_handler+0xf8>
100007d0:	4582      	cmp	sl, r0
100007d2:	d800      	bhi.n	100007d6 <alarm_pool_irq_handler+0x2e2>
100007d4:	e747      	b.n	10000666 <alarm_pool_irq_handler+0x172>
100007d6:	e74c      	b.n	10000672 <alarm_pool_irq_handler+0x17e>
100007d8:	200005e0 	.word	0x200005e0
100007dc:	4005703c 	.word	0x4005703c
100007e0:	100004f5 	.word	0x100004f5
100007e4:	40054000 	.word	0x40054000

100007e8 <runtime_init_default_alarm_pool>:
100007e8:	b570      	push	{r4, r5, r6, lr}
100007ea:	4c2d      	ldr	r4, [pc, #180]	@ (100008a0 <runtime_init_default_alarm_pool+0xb8>)
100007ec:	6925      	ldr	r5, [r4, #16]
100007ee:	2d00      	cmp	r5, #0
100007f0:	d004      	beq.n	100007fc <runtime_init_default_alarm_pool+0x14>
100007f2:	210a      	movs	r1, #10
100007f4:	482b      	ldr	r0, [pc, #172]	@ (100008a4 <runtime_init_default_alarm_pool+0xbc>)
100007f6:	f7ff fe35 	bl	10000464 <lock_init>
100007fa:	bd70      	pop	{r4, r5, r6, pc}
100007fc:	4e2a      	ldr	r6, [pc, #168]	@ (100008a8 <runtime_init_default_alarm_pool+0xc0>)
100007fe:	2103      	movs	r1, #3
10000800:	4829      	ldr	r0, [pc, #164]	@ (100008a8 <runtime_init_default_alarm_pool+0xc0>)
10000802:	f000 fa09 	bl	10000c18 <timer_hardware_alarm_claim>
10000806:	60e6      	str	r6, [r4, #12]
10000808:	f7ff fdb2 	bl	10000370 <next_striped_spin_lock_num>
1000080c:	4b27      	ldr	r3, [pc, #156]	@ (100008ac <runtime_init_default_alarm_pool+0xc4>)
1000080e:	2203      	movs	r2, #3
10000810:	18c0      	adds	r0, r0, r3
10000812:	23d0      	movs	r3, #208	@ 0xd0
10000814:	7022      	strb	r2, [r4, #0]
10000816:	061b      	lsls	r3, r3, #24
10000818:	681b      	ldr	r3, [r3, #0]
1000081a:	2101      	movs	r1, #1
1000081c:	7063      	strb	r3, [r4, #1]
1000081e:	4b24      	ldr	r3, [pc, #144]	@ (100008b0 <runtime_init_default_alarm_pool+0xc8>)
10000820:	0080      	lsls	r0, r0, #2
10000822:	60a3      	str	r3, [r4, #8]
10000824:	230f      	movs	r3, #15
10000826:	6120      	str	r0, [r4, #16]
10000828:	2002      	movs	r0, #2
1000082a:	8063      	strh	r3, [r4, #2]
1000082c:	6963      	ldr	r3, [r4, #20]
1000082e:	4249      	negs	r1, r1
10000830:	80a1      	strh	r1, [r4, #4]
10000832:	8019      	strh	r1, [r3, #0]
10000834:	3102      	adds	r1, #2
10000836:	8619      	strh	r1, [r3, #48]	@ 0x30
10000838:	3147      	adds	r1, #71	@ 0x47
1000083a:	831d      	strh	r5, [r3, #24]
1000083c:	5258      	strh	r0, [r3, r1]
1000083e:	3118      	adds	r1, #24
10000840:	525a      	strh	r2, [r3, r1]
10000842:	3275      	adds	r2, #117	@ 0x75
10000844:	395c      	subs	r1, #92	@ 0x5c
10000846:	5299      	strh	r1, [r3, r2]
10000848:	3218      	adds	r2, #24
1000084a:	3101      	adds	r1, #1
1000084c:	5299      	strh	r1, [r3, r2]
1000084e:	3218      	adds	r2, #24
10000850:	3101      	adds	r1, #1
10000852:	5299      	strh	r1, [r3, r2]
10000854:	3218      	adds	r2, #24
10000856:	3101      	adds	r1, #1
10000858:	5299      	strh	r1, [r3, r2]
1000085a:	3508      	adds	r5, #8
1000085c:	3218      	adds	r2, #24
1000085e:	529d      	strh	r5, [r3, r2]
10000860:	3102      	adds	r1, #2
10000862:	3218      	adds	r2, #24
10000864:	5299      	strh	r1, [r3, r2]
10000866:	3218      	adds	r2, #24
10000868:	3101      	adds	r1, #1
1000086a:	5299      	strh	r1, [r3, r2]
1000086c:	3218      	adds	r2, #24
1000086e:	3101      	adds	r1, #1
10000870:	5299      	strh	r1, [r3, r2]
10000872:	3218      	adds	r2, #24
10000874:	3101      	adds	r1, #1
10000876:	5299      	strh	r1, [r3, r2]
10000878:	3218      	adds	r2, #24
1000087a:	3101      	adds	r1, #1
1000087c:	5299      	strh	r1, [r3, r2]
1000087e:	3218      	adds	r2, #24
10000880:	3101      	adds	r1, #1
10000882:	5299      	strh	r1, [r3, r2]
10000884:	4b0b      	ldr	r3, [pc, #44]	@ (100008b4 <runtime_init_default_alarm_pool+0xcc>)
10000886:	490c      	ldr	r1, [pc, #48]	@ (100008b8 <runtime_init_default_alarm_pool+0xd0>)
10000888:	60dc      	str	r4, [r3, #12]
1000088a:	3001      	adds	r0, #1
1000088c:	6235      	str	r5, [r6, #32]
1000088e:	f7ff fdbf 	bl	10000410 <irq_set_exclusive_handler>
10000892:	2101      	movs	r1, #1
10000894:	2003      	movs	r0, #3
10000896:	f7ff fda9 	bl	100003ec <irq_set_enabled>
1000089a:	4b08      	ldr	r3, [pc, #32]	@ (100008bc <runtime_init_default_alarm_pool+0xd4>)
1000089c:	601d      	str	r5, [r3, #0]
1000089e:	e7a8      	b.n	100007f2 <runtime_init_default_alarm_pool+0xa>
100008a0:	200001e8 	.word	0x200001e8
100008a4:	200005f4 	.word	0x200005f4
100008a8:	40054000 	.word	0x40054000
100008ac:	34000040 	.word	0x34000040
100008b0:	0010ffff 	.word	0x0010ffff
100008b4:	200005e0 	.word	0x200005e0
100008b8:	100004f5 	.word	0x100004f5
100008bc:	40056038 	.word	0x40056038

100008c0 <alarm_pool_add_alarm_at_force_in_context>:
100008c0:	b570      	push	{r4, r5, r6, lr}
100008c2:	b082      	sub	sp, #8
100008c4:	9200      	str	r2, [sp, #0]
100008c6:	9301      	str	r3, [sp, #4]
100008c8:	0001      	movs	r1, r0
100008ca:	6902      	ldr	r2, [r0, #16]
100008cc:	f3ef 8410 	mrs	r4, PRIMASK
100008d0:	b672      	cpsid	i
100008d2:	6813      	ldr	r3, [r2, #0]
100008d4:	2b00      	cmp	r3, #0
100008d6:	d0fc      	beq.n	100008d2 <alarm_pool_add_alarm_at_force_in_context+0x12>
100008d8:	f3bf 8f5f 	dmb	sy
100008dc:	2302      	movs	r3, #2
100008de:	5ec8      	ldrsh	r0, [r1, r3]
100008e0:	690d      	ldr	r5, [r1, #16]
100008e2:	2800      	cmp	r0, #0
100008e4:	db3f      	blt.n	10000966 <alarm_pool_add_alarm_at_force_in_context+0xa6>
100008e6:	694a      	ldr	r2, [r1, #20]
100008e8:	0043      	lsls	r3, r0, #1
100008ea:	0016      	movs	r6, r2
100008ec:	181b      	adds	r3, r3, r0
100008ee:	00db      	lsls	r3, r3, #3
100008f0:	18d2      	adds	r2, r2, r3
100008f2:	5af3      	ldrh	r3, [r6, r3]
100008f4:	804b      	strh	r3, [r1, #2]
100008f6:	f3bf 8f5f 	dmb	sy
100008fa:	2300      	movs	r3, #0
100008fc:	602b      	str	r3, [r5, #0]
100008fe:	f384 8810 	msr	PRIMASK, r4
10000902:	9b06      	ldr	r3, [sp, #24]
10000904:	6113      	str	r3, [r2, #16]
10000906:	9b07      	ldr	r3, [sp, #28]
10000908:	6153      	str	r3, [r2, #20]
1000090a:	9b00      	ldr	r3, [sp, #0]
1000090c:	9c01      	ldr	r4, [sp, #4]
1000090e:	6093      	str	r3, [r2, #8]
10000910:	60d4      	str	r4, [r2, #12]
10000912:	8853      	ldrh	r3, [r2, #2]
10000914:	3301      	adds	r3, #1
10000916:	045b      	lsls	r3, r3, #17
10000918:	0c5b      	lsrs	r3, r3, #17
1000091a:	1c1d      	adds	r5, r3, #0
1000091c:	2b00      	cmp	r3, #0
1000091e:	d020      	beq.n	10000962 <alarm_pool_add_alarm_at_force_in_context+0xa2>
10000920:	b2ac      	uxth	r4, r5
10000922:	0403      	lsls	r3, r0, #16
10000924:	8055      	strh	r5, [r2, #2]
10000926:	4323      	orrs	r3, r4
10000928:	690d      	ldr	r5, [r1, #16]
1000092a:	f3ef 8c10 	mrs	ip, PRIMASK
1000092e:	b672      	cpsid	i
10000930:	682c      	ldr	r4, [r5, #0]
10000932:	2c00      	cmp	r4, #0
10000934:	d0fc      	beq.n	10000930 <alarm_pool_add_alarm_at_force_in_context+0x70>
10000936:	f3bf 8f5f 	dmb	sy
1000093a:	888c      	ldrh	r4, [r1, #4]
1000093c:	8014      	strh	r4, [r2, #0]
1000093e:	8088      	strh	r0, [r1, #4]
10000940:	690a      	ldr	r2, [r1, #16]
10000942:	f3bf 8f5f 	dmb	sy
10000946:	2000      	movs	r0, #0
10000948:	6010      	str	r0, [r2, #0]
1000094a:	f38c 8810 	msr	PRIMASK, ip
1000094e:	780a      	ldrb	r2, [r1, #0]
10000950:	3001      	adds	r0, #1
10000952:	4090      	lsls	r0, r2
10000954:	68ca      	ldr	r2, [r1, #12]
10000956:	4908      	ldr	r1, [pc, #32]	@ (10000978 <alarm_pool_add_alarm_at_force_in_context+0xb8>)
10000958:	1852      	adds	r2, r2, r1
1000095a:	6010      	str	r0, [r2, #0]
1000095c:	0018      	movs	r0, r3
1000095e:	b002      	add	sp, #8
10000960:	bd70      	pop	{r4, r5, r6, pc}
10000962:	2501      	movs	r5, #1
10000964:	e7dc      	b.n	10000920 <alarm_pool_add_alarm_at_force_in_context+0x60>
10000966:	f3bf 8f5f 	dmb	sy
1000096a:	2300      	movs	r3, #0
1000096c:	602b      	str	r3, [r5, #0]
1000096e:	f384 8810 	msr	PRIMASK, r4
10000972:	3b01      	subs	r3, #1
10000974:	e7f2      	b.n	1000095c <alarm_pool_add_alarm_at_force_in_context+0x9c>
10000976:	46c0      	nop			@ (mov r8, r8)
10000978:	0000203c 	.word	0x0000203c

1000097c <alarm_pool_cancel_alarm>:
1000097c:	b510      	push	{r4, lr}
1000097e:	8943      	ldrh	r3, [r0, #10]
10000980:	140a      	asrs	r2, r1, #16
10000982:	4293      	cmp	r3, r2
10000984:	dd1a      	ble.n	100009bc <alarm_pool_cancel_alarm+0x40>
10000986:	0053      	lsls	r3, r2, #1
10000988:	189b      	adds	r3, r3, r2
1000098a:	6942      	ldr	r2, [r0, #20]
1000098c:	00db      	lsls	r3, r3, #3
1000098e:	18d3      	adds	r3, r2, r3
10000990:	6904      	ldr	r4, [r0, #16]
10000992:	f3ef 8c10 	mrs	ip, PRIMASK
10000996:	b672      	cpsid	i
10000998:	6822      	ldr	r2, [r4, #0]
1000099a:	2a00      	cmp	r2, #0
1000099c:	d0fc      	beq.n	10000998 <alarm_pool_cancel_alarm+0x1c>
1000099e:	f3bf 8f5f 	dmb	sy
100009a2:	885a      	ldrh	r2, [r3, #2]
100009a4:	0409      	lsls	r1, r1, #16
100009a6:	b294      	uxth	r4, r2
100009a8:	0c09      	lsrs	r1, r1, #16
100009aa:	428a      	cmp	r2, r1
100009ac:	d008      	beq.n	100009c0 <alarm_pool_cancel_alarm+0x44>
100009ae:	6903      	ldr	r3, [r0, #16]
100009b0:	f3bf 8f5f 	dmb	sy
100009b4:	2200      	movs	r2, #0
100009b6:	601a      	str	r2, [r3, #0]
100009b8:	f38c 8810 	msr	PRIMASK, ip
100009bc:	2000      	movs	r0, #0
100009be:	bd10      	pop	{r4, pc}
100009c0:	4a09      	ldr	r2, [pc, #36]	@ (100009e8 <alarm_pool_cancel_alarm+0x6c>)
100009c2:	4322      	orrs	r2, r4
100009c4:	805a      	strh	r2, [r3, #2]
100009c6:	2301      	movs	r3, #1
100009c8:	6902      	ldr	r2, [r0, #16]
100009ca:	7183      	strb	r3, [r0, #6]
100009cc:	f3bf 8f5f 	dmb	sy
100009d0:	2100      	movs	r1, #0
100009d2:	6011      	str	r1, [r2, #0]
100009d4:	f38c 8810 	msr	PRIMASK, ip
100009d8:	7802      	ldrb	r2, [r0, #0]
100009da:	4904      	ldr	r1, [pc, #16]	@ (100009ec <alarm_pool_cancel_alarm+0x70>)
100009dc:	4093      	lsls	r3, r2
100009de:	68c2      	ldr	r2, [r0, #12]
100009e0:	2001      	movs	r0, #1
100009e2:	1852      	adds	r2, r2, r1
100009e4:	6013      	str	r3, [r2, #0]
100009e6:	e7ea      	b.n	100009be <alarm_pool_cancel_alarm+0x42>
100009e8:	ffff8000 	.word	0xffff8000
100009ec:	0000203c 	.word	0x0000203c

100009f0 <sleep_ms>:
100009f0:	b5f0      	push	{r4, r5, r6, r7, lr}
100009f2:	46c6      	mov	lr, r8
100009f4:	b500      	push	{lr}
100009f6:	b082      	sub	sp, #8
100009f8:	0004      	movs	r4, r0
100009fa:	f000 f91f 	bl	10000c3c <time_us_64>
100009fe:	22fa      	movs	r2, #250	@ 0xfa
10000a00:	0006      	movs	r6, r0
10000a02:	000f      	movs	r7, r1
10000a04:	0020      	movs	r0, r4
10000a06:	2300      	movs	r3, #0
10000a08:	2100      	movs	r1, #0
10000a0a:	0092      	lsls	r2, r2, #2
10000a0c:	f000 fc7c 	bl	10001308 <__wrap___aeabi_lmul>
10000a10:	1980      	adds	r0, r0, r6
10000a12:	4179      	adcs	r1, r7
10000a14:	0004      	movs	r4, r0
10000a16:	1e0d      	subs	r5, r1, #0
10000a18:	da02      	bge.n	10000a20 <sleep_ms+0x30>
10000a1a:	2401      	movs	r4, #1
10000a1c:	4d2e      	ldr	r5, [pc, #184]	@ (10000ad8 <sleep_ms+0xe8>)
10000a1e:	4264      	negs	r4, r4
10000a20:	2606      	movs	r6, #6
10000a22:	4276      	negs	r6, r6
10000a24:	17f7      	asrs	r7, r6, #31
10000a26:	1936      	adds	r6, r6, r4
10000a28:	416f      	adcs	r7, r5
10000a2a:	42af      	cmp	r7, r5
10000a2c:	d814      	bhi.n	10000a58 <sleep_ms+0x68>
10000a2e:	d011      	beq.n	10000a54 <sleep_ms+0x64>
10000a30:	f000 f904 	bl	10000c3c <time_us_64>
10000a34:	0032      	movs	r2, r6
10000a36:	003b      	movs	r3, r7
10000a38:	1a12      	subs	r2, r2, r0
10000a3a:	418b      	sbcs	r3, r1
10000a3c:	2b00      	cmp	r3, #0
10000a3e:	dc15      	bgt.n	10000a6c <sleep_ms+0x7c>
10000a40:	2b00      	cmp	r3, #0
10000a42:	d046      	beq.n	10000ad2 <sleep_ms+0xe2>
10000a44:	0020      	movs	r0, r4
10000a46:	0029      	movs	r1, r5
10000a48:	f000 f902 	bl	10000c50 <busy_wait_until>
10000a4c:	b002      	add	sp, #8
10000a4e:	bc80      	pop	{r7}
10000a50:	46b8      	mov	r8, r7
10000a52:	bdf0      	pop	{r4, r5, r6, r7, pc}
10000a54:	42a6      	cmp	r6, r4
10000a56:	d9eb      	bls.n	10000a30 <sleep_ms+0x40>
10000a58:	2600      	movs	r6, #0
10000a5a:	2700      	movs	r7, #0
10000a5c:	f000 f8ee 	bl	10000c3c <time_us_64>
10000a60:	0032      	movs	r2, r6
10000a62:	003b      	movs	r3, r7
10000a64:	1a12      	subs	r2, r2, r0
10000a66:	418b      	sbcs	r3, r1
10000a68:	2b00      	cmp	r3, #0
10000a6a:	dde9      	ble.n	10000a40 <sleep_ms+0x50>
10000a6c:	f000 f8e6 	bl	10000c3c <time_us_64>
10000a70:	0032      	movs	r2, r6
10000a72:	003b      	movs	r3, r7
10000a74:	1a12      	subs	r2, r2, r0
10000a76:	418b      	sbcs	r3, r1
10000a78:	2b00      	cmp	r3, #0
10000a7a:	db0a      	blt.n	10000a92 <sleep_ms+0xa2>
10000a7c:	2300      	movs	r3, #0
10000a7e:	9301      	str	r3, [sp, #4]
10000a80:	4b16      	ldr	r3, [pc, #88]	@ (10000adc <sleep_ms+0xec>)
10000a82:	0032      	movs	r2, r6
10000a84:	9300      	str	r3, [sp, #0]
10000a86:	4816      	ldr	r0, [pc, #88]	@ (10000ae0 <sleep_ms+0xf0>)
10000a88:	003b      	movs	r3, r7
10000a8a:	f7ff ff19 	bl	100008c0 <alarm_pool_add_alarm_at_force_in_context>
10000a8e:	3001      	adds	r0, #1
10000a90:	d0d8      	beq.n	10000a44 <sleep_ms+0x54>
10000a92:	2300      	movs	r3, #0
10000a94:	0039      	movs	r1, r7
10000a96:	46b0      	mov	r8, r6
10000a98:	469c      	mov	ip, r3
10000a9a:	4a12      	ldr	r2, [pc, #72]	@ (10000ae4 <sleep_ms+0xf4>)
10000a9c:	4812      	ldr	r0, [pc, #72]	@ (10000ae8 <sleep_ms+0xf8>)
10000a9e:	6a53      	ldr	r3, [r2, #36]	@ 0x24
10000aa0:	4299      	cmp	r1, r3
10000aa2:	d804      	bhi.n	10000aae <sleep_ms+0xbe>
10000aa4:	6a96      	ldr	r6, [r2, #40]	@ 0x28
10000aa6:	4546      	cmp	r6, r8
10000aa8:	d2cc      	bcs.n	10000a44 <sleep_ms+0x54>
10000aaa:	4299      	cmp	r1, r3
10000aac:	d1ca      	bne.n	10000a44 <sleep_ms+0x54>
10000aae:	6806      	ldr	r6, [r0, #0]
10000ab0:	f3ef 8710 	mrs	r7, PRIMASK
10000ab4:	b672      	cpsid	i
10000ab6:	6833      	ldr	r3, [r6, #0]
10000ab8:	2b00      	cmp	r3, #0
10000aba:	d0fc      	beq.n	10000ab6 <sleep_ms+0xc6>
10000abc:	f3bf 8f5f 	dmb	sy
10000ac0:	6803      	ldr	r3, [r0, #0]
10000ac2:	f3bf 8f5f 	dmb	sy
10000ac6:	4666      	mov	r6, ip
10000ac8:	601e      	str	r6, [r3, #0]
10000aca:	f387 8810 	msr	PRIMASK, r7
10000ace:	bf20      	wfe
10000ad0:	e7e5      	b.n	10000a9e <sleep_ms+0xae>
10000ad2:	2a00      	cmp	r2, #0
10000ad4:	d0b6      	beq.n	10000a44 <sleep_ms+0x54>
10000ad6:	e7c9      	b.n	10000a6c <sleep_ms+0x7c>
10000ad8:	7fffffff 	.word	0x7fffffff
10000adc:	100004c5 	.word	0x100004c5
10000ae0:	200001e8 	.word	0x200001e8
10000ae4:	40054000 	.word	0x40054000
10000ae8:	200005f4 	.word	0x200005f4

10000aec <best_effort_wfe_or_timeout>:
10000aec:	b5f0      	push	{r4, r5, r6, r7, lr}
10000aee:	46ce      	mov	lr, r9
10000af0:	4647      	mov	r7, r8
10000af2:	b580      	push	{r7, lr}
10000af4:	0004      	movs	r4, r0
10000af6:	000d      	movs	r5, r1
10000af8:	b085      	sub	sp, #20
10000afa:	f3ef 8305 	mrs	r3, IPSR
10000afe:	4689      	mov	r9, r1
10000b00:	2b00      	cmp	r3, #0
10000b02:	d132      	bne.n	10000b6a <best_effort_wfe_or_timeout+0x7e>
10000b04:	4e40      	ldr	r6, [pc, #256]	@ (10000c08 <best_effort_wfe_or_timeout+0x11c>)
10000b06:	6833      	ldr	r3, [r6, #0]
10000b08:	4283      	cmp	r3, r0
10000b0a:	d02a      	beq.n	10000b62 <best_effort_wfe_or_timeout+0x76>
10000b0c:	4f3f      	ldr	r7, [pc, #252]	@ (10000c0c <best_effort_wfe_or_timeout+0x120>)
10000b0e:	68fb      	ldr	r3, [r7, #12]
10000b10:	783a      	ldrb	r2, [r7, #0]
10000b12:	4698      	mov	r8, r3
10000b14:	0018      	movs	r0, r3
10000b16:	9203      	str	r2, [sp, #12]
10000b18:	f000 f888 	bl	10000c2c <timer_time_us_64>
10000b1c:	9a03      	ldr	r2, [sp, #12]
10000b1e:	1d13      	adds	r3, r2, #4
10000b20:	4642      	mov	r2, r8
10000b22:	009b      	lsls	r3, r3, #2
10000b24:	589b      	ldr	r3, [r3, r2]
10000b26:	0022      	movs	r2, r4
10000b28:	1a1b      	subs	r3, r3, r0
10000b2a:	469c      	mov	ip, r3
10000b2c:	002b      	movs	r3, r5
10000b2e:	1a12      	subs	r2, r2, r0
10000b30:	418b      	sbcs	r3, r1
10000b32:	0019      	movs	r1, r3
10000b34:	2300      	movs	r3, #0
10000b36:	0010      	movs	r0, r2
10000b38:	428b      	cmp	r3, r1
10000b3a:	dc25      	bgt.n	10000b88 <best_effort_wfe_or_timeout+0x9c>
10000b3c:	d022      	beq.n	10000b84 <best_effort_wfe_or_timeout+0x98>
10000b3e:	bf20      	wfe
10000b40:	4b33      	ldr	r3, [pc, #204]	@ (10000c10 <best_effort_wfe_or_timeout+0x124>)
10000b42:	6a58      	ldr	r0, [r3, #36]	@ 0x24
10000b44:	4548      	cmp	r0, r9
10000b46:	d32b      	bcc.n	10000ba0 <best_effort_wfe_or_timeout+0xb4>
10000b48:	1b40      	subs	r0, r0, r5
10000b4a:	6a9a      	ldr	r2, [r3, #40]	@ 0x28
10000b4c:	1e43      	subs	r3, r0, #1
10000b4e:	4198      	sbcs	r0, r3
10000b50:	2300      	movs	r3, #0
10000b52:	42a2      	cmp	r2, r4
10000b54:	415b      	adcs	r3, r3
10000b56:	4318      	orrs	r0, r3
10000b58:	b005      	add	sp, #20
10000b5a:	bcc0      	pop	{r6, r7}
10000b5c:	46b9      	mov	r9, r7
10000b5e:	46b0      	mov	r8, r6
10000b60:	bdf0      	pop	{r4, r5, r6, r7, pc}
10000b62:	6873      	ldr	r3, [r6, #4]
10000b64:	428b      	cmp	r3, r1
10000b66:	d1d1      	bne.n	10000b0c <best_effort_wfe_or_timeout+0x20>
10000b68:	e7e9      	b.n	10000b3e <best_effort_wfe_or_timeout+0x52>
10000b6a:	4929      	ldr	r1, [pc, #164]	@ (10000c10 <best_effort_wfe_or_timeout+0x124>)
10000b6c:	2000      	movs	r0, #0
10000b6e:	6a4b      	ldr	r3, [r1, #36]	@ 0x24
10000b70:	42ab      	cmp	r3, r5
10000b72:	d3f1      	bcc.n	10000b58 <best_effort_wfe_or_timeout+0x6c>
10000b74:	6a8a      	ldr	r2, [r1, #40]	@ 0x28
10000b76:	1b5b      	subs	r3, r3, r5
10000b78:	1e59      	subs	r1, r3, #1
10000b7a:	418b      	sbcs	r3, r1
10000b7c:	42a2      	cmp	r2, r4
10000b7e:	4140      	adcs	r0, r0
10000b80:	4318      	orrs	r0, r3
10000b82:	e7e9      	b.n	10000b58 <best_effort_wfe_or_timeout+0x6c>
10000b84:	4584      	cmp	ip, r0
10000b86:	d9da      	bls.n	10000b3e <best_effort_wfe_or_timeout+0x52>
10000b88:	f000 f858 	bl	10000c3c <time_us_64>
10000b8c:	0022      	movs	r2, r4
10000b8e:	002b      	movs	r3, r5
10000b90:	1a12      	subs	r2, r2, r0
10000b92:	418b      	sbcs	r3, r1
10000b94:	2b00      	cmp	r3, #0
10000b96:	da05      	bge.n	10000ba4 <best_effort_wfe_or_timeout+0xb8>
10000b98:	4a1d      	ldr	r2, [pc, #116]	@ (10000c10 <best_effort_wfe_or_timeout+0x124>)
10000b9a:	6a53      	ldr	r3, [r2, #36]	@ 0x24
10000b9c:	454b      	cmp	r3, r9
10000b9e:	d229      	bcs.n	10000bf4 <best_effort_wfe_or_timeout+0x108>
10000ba0:	2000      	movs	r0, #0
10000ba2:	e7d9      	b.n	10000b58 <best_effort_wfe_or_timeout+0x6c>
10000ba4:	2300      	movs	r3, #0
10000ba6:	9301      	str	r3, [sp, #4]
10000ba8:	4b1a      	ldr	r3, [pc, #104]	@ (10000c14 <best_effort_wfe_or_timeout+0x128>)
10000baa:	0022      	movs	r2, r4
10000bac:	9300      	str	r3, [sp, #0]
10000bae:	0038      	movs	r0, r7
10000bb0:	002b      	movs	r3, r5
10000bb2:	f7ff fe85 	bl	100008c0 <alarm_pool_add_alarm_at_force_in_context>
10000bb6:	2800      	cmp	r0, #0
10000bb8:	ddee      	ble.n	10000b98 <best_effort_wfe_or_timeout+0xac>
10000bba:	4b15      	ldr	r3, [pc, #84]	@ (10000c10 <best_effort_wfe_or_timeout+0x124>)
10000bbc:	c630      	stmia	r6!, {r4, r5}
10000bbe:	6a5a      	ldr	r2, [r3, #36]	@ 0x24
10000bc0:	454a      	cmp	r2, r9
10000bc2:	d315      	bcc.n	10000bf0 <best_effort_wfe_or_timeout+0x104>
10000bc4:	6a9b      	ldr	r3, [r3, #40]	@ 0x28
10000bc6:	42a3      	cmp	r3, r4
10000bc8:	d310      	bcc.n	10000bec <best_effort_wfe_or_timeout+0x100>
10000bca:	0001      	movs	r1, r0
10000bcc:	0038      	movs	r0, r7
10000bce:	f7ff fed5 	bl	1000097c <alarm_pool_cancel_alarm>
10000bd2:	4a0f      	ldr	r2, [pc, #60]	@ (10000c10 <best_effort_wfe_or_timeout+0x124>)
10000bd4:	2000      	movs	r0, #0
10000bd6:	6a53      	ldr	r3, [r2, #36]	@ 0x24
10000bd8:	454b      	cmp	r3, r9
10000bda:	d3bd      	bcc.n	10000b58 <best_effort_wfe_or_timeout+0x6c>
10000bdc:	6a92      	ldr	r2, [r2, #40]	@ 0x28
10000bde:	1b5b      	subs	r3, r3, r5
10000be0:	1e59      	subs	r1, r3, #1
10000be2:	418b      	sbcs	r3, r1
10000be4:	42a2      	cmp	r2, r4
10000be6:	4140      	adcs	r0, r0
10000be8:	4318      	orrs	r0, r3
10000bea:	e7b5      	b.n	10000b58 <best_effort_wfe_or_timeout+0x6c>
10000bec:	454a      	cmp	r2, r9
10000bee:	d1ec      	bne.n	10000bca <best_effort_wfe_or_timeout+0xde>
10000bf0:	bf20      	wfe
10000bf2:	e7ea      	b.n	10000bca <best_effort_wfe_or_timeout+0xde>
10000bf4:	2000      	movs	r0, #0
10000bf6:	6a92      	ldr	r2, [r2, #40]	@ 0x28
10000bf8:	1b5b      	subs	r3, r3, r5
10000bfa:	42a2      	cmp	r2, r4
10000bfc:	4140      	adcs	r0, r0
10000bfe:	1e5a      	subs	r2, r3, #1
10000c00:	4193      	sbcs	r3, r2
10000c02:	4318      	orrs	r0, r3
10000c04:	e7a8      	b.n	10000b58 <best_effort_wfe_or_timeout+0x6c>
10000c06:	46c0      	nop			@ (mov r8, r8)
10000c08:	200001e0 	.word	0x200001e0
10000c0c:	200001e8 	.word	0x200001e8
10000c10:	40054000 	.word	0x40054000
10000c14:	100004c5 	.word	0x100004c5

10000c18 <timer_hardware_alarm_claim>:
10000c18:	b510      	push	{r4, lr}
10000c1a:	4a02      	ldr	r2, [pc, #8]	@ (10000c24 <timer_hardware_alarm_claim+0xc>)
10000c1c:	4802      	ldr	r0, [pc, #8]	@ (10000c28 <timer_hardware_alarm_claim+0x10>)
10000c1e:	f7ff fb7f 	bl	10000320 <hw_claim_or_assert>
10000c22:	bd10      	pop	{r4, pc}
10000c24:	100017ac 	.word	0x100017ac
10000c28:	200005a8 	.word	0x200005a8

10000c2c <timer_time_us_64>:
10000c2c:	0003      	movs	r3, r0
10000c2e:	6a41      	ldr	r1, [r0, #36]	@ 0x24
10000c30:	000a      	movs	r2, r1
10000c32:	6a98      	ldr	r0, [r3, #40]	@ 0x28
10000c34:	6a59      	ldr	r1, [r3, #36]	@ 0x24
10000c36:	428a      	cmp	r2, r1
10000c38:	d1fa      	bne.n	10000c30 <timer_time_us_64+0x4>
10000c3a:	4770      	bx	lr

10000c3c <time_us_64>:
10000c3c:	4b03      	ldr	r3, [pc, #12]	@ (10000c4c <time_us_64+0x10>)
10000c3e:	6a59      	ldr	r1, [r3, #36]	@ 0x24
10000c40:	000a      	movs	r2, r1
10000c42:	6a98      	ldr	r0, [r3, #40]	@ 0x28
10000c44:	6a59      	ldr	r1, [r3, #36]	@ 0x24
10000c46:	4291      	cmp	r1, r2
10000c48:	d1fa      	bne.n	10000c40 <time_us_64+0x4>
10000c4a:	4770      	bx	lr
10000c4c:	40054000 	.word	0x40054000

10000c50 <busy_wait_until>:
10000c50:	4a06      	ldr	r2, [pc, #24]	@ (10000c6c <busy_wait_until+0x1c>)
10000c52:	6a53      	ldr	r3, [r2, #36]	@ 0x24
10000c54:	4299      	cmp	r1, r3
10000c56:	d8fc      	bhi.n	10000c52 <busy_wait_until+0x2>
10000c58:	d107      	bne.n	10000c6a <busy_wait_until+0x1a>
10000c5a:	4b04      	ldr	r3, [pc, #16]	@ (10000c6c <busy_wait_until+0x1c>)
10000c5c:	e002      	b.n	10000c64 <busy_wait_until+0x14>
10000c5e:	6a5a      	ldr	r2, [r3, #36]	@ 0x24
10000c60:	4291      	cmp	r1, r2
10000c62:	d102      	bne.n	10000c6a <busy_wait_until+0x1a>
10000c64:	6a9a      	ldr	r2, [r3, #40]	@ 0x28
10000c66:	4290      	cmp	r0, r2
10000c68:	d8f9      	bhi.n	10000c5e <busy_wait_until+0xe>
10000c6a:	4770      	bx	lr
10000c6c:	40054000 	.word	0x40054000

10000c70 <clock_configure_int_divider>:
10000c70:	b5f8      	push	{r3, r4, r5, r6, r7, lr}
10000c72:	46de      	mov	lr, fp
10000c74:	464e      	mov	r6, r9
10000c76:	4645      	mov	r5, r8
10000c78:	4657      	mov	r7, sl
10000c7a:	b5e0      	push	{r5, r6, r7, lr}
10000c7c:	0005      	movs	r5, r0
10000c7e:	468b      	mov	fp, r1
10000c80:	0018      	movs	r0, r3
10000c82:	990a      	ldr	r1, [sp, #40]	@ 0x28
10000c84:	4691      	mov	r9, r2
10000c86:	f000 fab1 	bl	100011ec <__wrap___aeabi_uidiv>
10000c8a:	9b0a      	ldr	r3, [sp, #40]	@ 0x28
10000c8c:	006c      	lsls	r4, r5, #1
10000c8e:	021e      	lsls	r6, r3, #8
10000c90:	1964      	adds	r4, r4, r5
10000c92:	4b30      	ldr	r3, [pc, #192]	@ (10000d54 <clock_configure_int_divider+0xe4>)
10000c94:	00a4      	lsls	r4, r4, #2
10000c96:	18e4      	adds	r4, r4, r3
10000c98:	6863      	ldr	r3, [r4, #4]
10000c9a:	4680      	mov	r8, r0
10000c9c:	429e      	cmp	r6, r3
10000c9e:	d900      	bls.n	10000ca2 <clock_configure_int_divider+0x32>
10000ca0:	6066      	str	r6, [r4, #4]
10000ca2:	1f2f      	subs	r7, r5, #4
10000ca4:	b2fb      	uxtb	r3, r7
10000ca6:	469a      	mov	sl, r3
10000ca8:	2b01      	cmp	r3, #1
10000caa:	d92f      	bls.n	10000d0c <clock_configure_int_divider+0x9c>
10000cac:	23c0      	movs	r3, #192	@ 0xc0
10000cae:	2280      	movs	r2, #128	@ 0x80
10000cb0:	4f29      	ldr	r7, [pc, #164]	@ (10000d58 <clock_configure_int_divider+0xe8>)
10000cb2:	00ad      	lsls	r5, r5, #2
10000cb4:	019b      	lsls	r3, r3, #6
10000cb6:	5979      	ldr	r1, [r7, r5]
10000cb8:	0112      	lsls	r2, r2, #4
10000cba:	18e3      	adds	r3, r4, r3
10000cbc:	601a      	str	r2, [r3, #0]
10000cbe:	2900      	cmp	r1, #0
10000cc0:	d11b      	bne.n	10000cfa <clock_configure_int_divider+0x8a>
10000cc2:	464b      	mov	r3, r9
10000cc4:	6822      	ldr	r2, [r4, #0]
10000cc6:	015b      	lsls	r3, r3, #5
10000cc8:	4053      	eors	r3, r2
10000cca:	22e0      	movs	r2, #224	@ 0xe0
10000ccc:	4013      	ands	r3, r2
10000cce:	2280      	movs	r2, #128	@ 0x80
10000cd0:	0152      	lsls	r2, r2, #5
10000cd2:	18a2      	adds	r2, r4, r2
10000cd4:	6013      	str	r3, [r2, #0]
10000cd6:	4653      	mov	r3, sl
10000cd8:	2b01      	cmp	r3, #1
10000cda:	d92f      	bls.n	10000d3c <clock_configure_int_divider+0xcc>
10000cdc:	2380      	movs	r3, #128	@ 0x80
10000cde:	2280      	movs	r2, #128	@ 0x80
10000ce0:	019b      	lsls	r3, r3, #6
10000ce2:	18e3      	adds	r3, r4, r3
10000ce4:	0112      	lsls	r2, r2, #4
10000ce6:	601a      	str	r2, [r3, #0]
10000ce8:	4643      	mov	r3, r8
10000cea:	6066      	str	r6, [r4, #4]
10000cec:	517b      	str	r3, [r7, r5]
10000cee:	bcf0      	pop	{r4, r5, r6, r7}
10000cf0:	46bb      	mov	fp, r7
10000cf2:	46b2      	mov	sl, r6
10000cf4:	46a9      	mov	r9, r5
10000cf6:	46a0      	mov	r8, r4
10000cf8:	bdf8      	pop	{r3, r4, r5, r6, r7, pc}
10000cfa:	6978      	ldr	r0, [r7, #20]
10000cfc:	f000 fa76 	bl	100011ec <__wrap___aeabi_uidiv>
10000d00:	3001      	adds	r0, #1
10000d02:	0043      	lsls	r3, r0, #1
10000d04:	181b      	adds	r3, r3, r0
10000d06:	3b03      	subs	r3, #3
10000d08:	d2fd      	bcs.n	10000d06 <clock_configure_int_divider+0x96>
10000d0a:	e7da      	b.n	10000cc2 <clock_configure_int_divider+0x52>
10000d0c:	465b      	mov	r3, fp
10000d0e:	2b01      	cmp	r3, #1
10000d10:	d1cc      	bne.n	10000cac <clock_configure_int_divider+0x3c>
10000d12:	23c0      	movs	r3, #192	@ 0xc0
10000d14:	2203      	movs	r2, #3
10000d16:	019b      	lsls	r3, r3, #6
10000d18:	18e3      	adds	r3, r4, r3
10000d1a:	601a      	str	r2, [r3, #0]
10000d1c:	3a02      	subs	r2, #2
10000d1e:	68a3      	ldr	r3, [r4, #8]
10000d20:	421a      	tst	r2, r3
10000d22:	d0fc      	beq.n	10000d1e <clock_configure_int_divider+0xae>
10000d24:	464a      	mov	r2, r9
10000d26:	6823      	ldr	r3, [r4, #0]
10000d28:	0152      	lsls	r2, r2, #5
10000d2a:	405a      	eors	r2, r3
10000d2c:	23e0      	movs	r3, #224	@ 0xe0
10000d2e:	4013      	ands	r3, r2
10000d30:	2280      	movs	r2, #128	@ 0x80
10000d32:	0152      	lsls	r2, r2, #5
10000d34:	18a2      	adds	r2, r4, r2
10000d36:	4f08      	ldr	r7, [pc, #32]	@ (10000d58 <clock_configure_int_divider+0xe8>)
10000d38:	6013      	str	r3, [r2, #0]
10000d3a:	00ad      	lsls	r5, r5, #2
10000d3c:	4658      	mov	r0, fp
10000d3e:	2303      	movs	r3, #3
10000d40:	6821      	ldr	r1, [r4, #0]
10000d42:	4041      	eors	r1, r0
10000d44:	400b      	ands	r3, r1
10000d46:	6013      	str	r3, [r2, #0]
10000d48:	2201      	movs	r2, #1
10000d4a:	4082      	lsls	r2, r0
10000d4c:	68a3      	ldr	r3, [r4, #8]
10000d4e:	421a      	tst	r2, r3
10000d50:	d0fc      	beq.n	10000d4c <clock_configure_int_divider+0xdc>
10000d52:	e7c3      	b.n	10000cdc <clock_configure_int_divider+0x6c>
10000d54:	40008000 	.word	0x40008000
10000d58:	200005ac 	.word	0x200005ac

10000d5c <clock_configure_undivided>:
10000d5c:	b5f0      	push	{r4, r5, r6, r7, lr}
10000d5e:	46d6      	mov	lr, sl
10000d60:	464f      	mov	r7, r9
10000d62:	4646      	mov	r6, r8
10000d64:	0044      	lsls	r4, r0, #1
10000d66:	4698      	mov	r8, r3
10000d68:	1824      	adds	r4, r4, r0
10000d6a:	4b32      	ldr	r3, [pc, #200]	@ (10000e34 <clock_configure_undivided+0xd8>)
10000d6c:	00a4      	lsls	r4, r4, #2
10000d6e:	18e4      	adds	r4, r4, r3
10000d70:	6863      	ldr	r3, [r4, #4]
10000d72:	468a      	mov	sl, r1
10000d74:	4691      	mov	r9, r2
10000d76:	b5c0      	push	{r6, r7, lr}
10000d78:	2bff      	cmp	r3, #255	@ 0xff
10000d7a:	d802      	bhi.n	10000d82 <clock_configure_undivided+0x26>
10000d7c:	2380      	movs	r3, #128	@ 0x80
10000d7e:	005b      	lsls	r3, r3, #1
10000d80:	6063      	str	r3, [r4, #4]
10000d82:	1f06      	subs	r6, r0, #4
10000d84:	b2f6      	uxtb	r6, r6
10000d86:	2e01      	cmp	r6, #1
10000d88:	d92f      	bls.n	10000dea <clock_configure_undivided+0x8e>
10000d8a:	23c0      	movs	r3, #192	@ 0xc0
10000d8c:	2280      	movs	r2, #128	@ 0x80
10000d8e:	4f2a      	ldr	r7, [pc, #168]	@ (10000e38 <clock_configure_undivided+0xdc>)
10000d90:	0085      	lsls	r5, r0, #2
10000d92:	019b      	lsls	r3, r3, #6
10000d94:	5979      	ldr	r1, [r7, r5]
10000d96:	0112      	lsls	r2, r2, #4
10000d98:	18e3      	adds	r3, r4, r3
10000d9a:	601a      	str	r2, [r3, #0]
10000d9c:	2900      	cmp	r1, #0
10000d9e:	d11b      	bne.n	10000dd8 <clock_configure_undivided+0x7c>
10000da0:	464b      	mov	r3, r9
10000da2:	6822      	ldr	r2, [r4, #0]
10000da4:	015b      	lsls	r3, r3, #5
10000da6:	4053      	eors	r3, r2
10000da8:	22e0      	movs	r2, #224	@ 0xe0
10000daa:	4013      	ands	r3, r2
10000dac:	2280      	movs	r2, #128	@ 0x80
10000dae:	0152      	lsls	r2, r2, #5
10000db0:	18a2      	adds	r2, r4, r2
10000db2:	6013      	str	r3, [r2, #0]
10000db4:	2e01      	cmp	r6, #1
10000db6:	d930      	bls.n	10000e1a <clock_configure_undivided+0xbe>
10000db8:	2380      	movs	r3, #128	@ 0x80
10000dba:	2280      	movs	r2, #128	@ 0x80
10000dbc:	019b      	lsls	r3, r3, #6
10000dbe:	18e3      	adds	r3, r4, r3
10000dc0:	0112      	lsls	r2, r2, #4
10000dc2:	601a      	str	r2, [r3, #0]
10000dc4:	2380      	movs	r3, #128	@ 0x80
10000dc6:	005b      	lsls	r3, r3, #1
10000dc8:	6063      	str	r3, [r4, #4]
10000dca:	4643      	mov	r3, r8
10000dcc:	517b      	str	r3, [r7, r5]
10000dce:	bce0      	pop	{r5, r6, r7}
10000dd0:	46ba      	mov	sl, r7
10000dd2:	46b1      	mov	r9, r6
10000dd4:	46a8      	mov	r8, r5
10000dd6:	bdf0      	pop	{r4, r5, r6, r7, pc}
10000dd8:	6978      	ldr	r0, [r7, #20]
10000dda:	f000 fa07 	bl	100011ec <__wrap___aeabi_uidiv>
10000dde:	3001      	adds	r0, #1
10000de0:	0043      	lsls	r3, r0, #1
10000de2:	181b      	adds	r3, r3, r0
10000de4:	3b03      	subs	r3, #3
10000de6:	d2fd      	bcs.n	10000de4 <clock_configure_undivided+0x88>
10000de8:	e7da      	b.n	10000da0 <clock_configure_undivided+0x44>
10000dea:	4653      	mov	r3, sl
10000dec:	2b01      	cmp	r3, #1
10000dee:	d1cc      	bne.n	10000d8a <clock_configure_undivided+0x2e>
10000df0:	23c0      	movs	r3, #192	@ 0xc0
10000df2:	2203      	movs	r2, #3
10000df4:	019b      	lsls	r3, r3, #6
10000df6:	18e3      	adds	r3, r4, r3
10000df8:	601a      	str	r2, [r3, #0]
10000dfa:	3a02      	subs	r2, #2
10000dfc:	68a3      	ldr	r3, [r4, #8]
10000dfe:	421a      	tst	r2, r3
10000e00:	d0fc      	beq.n	10000dfc <clock_configure_undivided+0xa0>
10000e02:	464a      	mov	r2, r9
10000e04:	6823      	ldr	r3, [r4, #0]
10000e06:	0152      	lsls	r2, r2, #5
10000e08:	405a      	eors	r2, r3
10000e0a:	23e0      	movs	r3, #224	@ 0xe0
10000e0c:	4013      	ands	r3, r2
10000e0e:	2280      	movs	r2, #128	@ 0x80
10000e10:	0152      	lsls	r2, r2, #5
10000e12:	18a2      	adds	r2, r4, r2
10000e14:	4f08      	ldr	r7, [pc, #32]	@ (10000e38 <clock_configure_undivided+0xdc>)
10000e16:	6013      	str	r3, [r2, #0]
10000e18:	0085      	lsls	r5, r0, #2
10000e1a:	4650      	mov	r0, sl
10000e1c:	2303      	movs	r3, #3
10000e1e:	6821      	ldr	r1, [r4, #0]
10000e20:	4041      	eors	r1, r0
10000e22:	400b      	ands	r3, r1
10000e24:	6013      	str	r3, [r2, #0]
10000e26:	2201      	movs	r2, #1
10000e28:	4082      	lsls	r2, r0
10000e2a:	68a3      	ldr	r3, [r4, #8]
10000e2c:	421a      	tst	r2, r3
10000e2e:	d0fc      	beq.n	10000e2a <clock_configure_undivided+0xce>
10000e30:	e7c2      	b.n	10000db8 <clock_configure_undivided+0x5c>
10000e32:	46c0      	nop			@ (mov r8, r8)
10000e34:	40008000 	.word	0x40008000
10000e38:	200005ac 	.word	0x200005ac

10000e3c <clock_get_hz>:
10000e3c:	4b01      	ldr	r3, [pc, #4]	@ (10000e44 <clock_get_hz+0x8>)
10000e3e:	0080      	lsls	r0, r0, #2
10000e40:	58c0      	ldr	r0, [r0, r3]
10000e42:	4770      	bx	lr
10000e44:	200005ac 	.word	0x200005ac

10000e48 <pll_init>:
10000e48:	b5f0      	push	{r4, r5, r6, r7, lr}
10000e4a:	46c6      	mov	lr, r8
10000e4c:	0004      	movs	r4, r0
10000e4e:	b500      	push	{lr}
10000e50:	4823      	ldr	r0, [pc, #140]	@ (10000ee0 <pll_init+0x98>)
10000e52:	0016      	movs	r6, r2
10000e54:	4698      	mov	r8, r3
10000e56:	000d      	movs	r5, r1
10000e58:	f000 f9c8 	bl	100011ec <__wrap___aeabi_uidiv>
10000e5c:	0001      	movs	r1, r0
10000e5e:	0030      	movs	r0, r6
10000e60:	f000 f9c4 	bl	100011ec <__wrap___aeabi_uidiv>
10000e64:	4643      	mov	r3, r8
10000e66:	9a06      	ldr	r2, [sp, #24]
10000e68:	041b      	lsls	r3, r3, #16
10000e6a:	0312      	lsls	r2, r2, #12
10000e6c:	4313      	orrs	r3, r2
10000e6e:	469c      	mov	ip, r3
10000e70:	6823      	ldr	r3, [r4, #0]
10000e72:	0006      	movs	r6, r0
10000e74:	2b00      	cmp	r3, #0
10000e76:	db22      	blt.n	10000ebe <pll_init+0x76>
10000e78:	4b1a      	ldr	r3, [pc, #104]	@ (10000ee4 <pll_init+0x9c>)
10000e7a:	481b      	ldr	r0, [pc, #108]	@ (10000ee8 <pll_init+0xa0>)
10000e7c:	18e2      	adds	r2, r4, r3
10000e7e:	1e53      	subs	r3, r2, #1
10000e80:	419a      	sbcs	r2, r3
10000e82:	2380      	movs	r3, #128	@ 0x80
10000e84:	4252      	negs	r2, r2
10000e86:	0b12      	lsrs	r2, r2, #12
10000e88:	019b      	lsls	r3, r3, #6
10000e8a:	0312      	lsls	r2, r2, #12
10000e8c:	18d2      	adds	r2, r2, r3
10000e8e:	4b17      	ldr	r3, [pc, #92]	@ (10000eec <pll_init+0xa4>)
10000e90:	601a      	str	r2, [r3, #0]
10000e92:	4b17      	ldr	r3, [pc, #92]	@ (10000ef0 <pll_init+0xa8>)
10000e94:	601a      	str	r2, [r3, #0]
10000e96:	0013      	movs	r3, r2
10000e98:	6801      	ldr	r1, [r0, #0]
10000e9a:	438b      	bics	r3, r1
10000e9c:	d1fb      	bne.n	10000e96 <pll_init+0x4e>
10000e9e:	2221      	movs	r2, #33	@ 0x21
10000ea0:	4b14      	ldr	r3, [pc, #80]	@ (10000ef4 <pll_init+0xac>)
10000ea2:	6025      	str	r5, [r4, #0]
10000ea4:	18e3      	adds	r3, r4, r3
10000ea6:	60a6      	str	r6, [r4, #8]
10000ea8:	601a      	str	r2, [r3, #0]
10000eaa:	6822      	ldr	r2, [r4, #0]
10000eac:	2a00      	cmp	r2, #0
10000eae:	dafc      	bge.n	10000eaa <pll_init+0x62>
10000eb0:	4662      	mov	r2, ip
10000eb2:	60e2      	str	r2, [r4, #12]
10000eb4:	2208      	movs	r2, #8
10000eb6:	601a      	str	r2, [r3, #0]
10000eb8:	bc80      	pop	{r7}
10000eba:	46b8      	mov	r8, r7
10000ebc:	bdf0      	pop	{r4, r5, r6, r7, pc}
10000ebe:	233f      	movs	r3, #63	@ 0x3f
10000ec0:	6822      	ldr	r2, [r4, #0]
10000ec2:	4013      	ands	r3, r2
10000ec4:	42ab      	cmp	r3, r5
10000ec6:	d1d7      	bne.n	10000e78 <pll_init+0x30>
10000ec8:	68a3      	ldr	r3, [r4, #8]
10000eca:	051b      	lsls	r3, r3, #20
10000ecc:	0d1b      	lsrs	r3, r3, #20
10000ece:	4283      	cmp	r3, r0
10000ed0:	d1d2      	bne.n	10000e78 <pll_init+0x30>
10000ed2:	22ee      	movs	r2, #238	@ 0xee
10000ed4:	68e3      	ldr	r3, [r4, #12]
10000ed6:	02d2      	lsls	r2, r2, #11
10000ed8:	4013      	ands	r3, r2
10000eda:	4563      	cmp	r3, ip
10000edc:	d1cc      	bne.n	10000e78 <pll_init+0x30>
10000ede:	e7eb      	b.n	10000eb8 <pll_init+0x70>
10000ee0:	00b71b00 	.word	0x00b71b00
10000ee4:	bffd4000 	.word	0xbffd4000
10000ee8:	4000c008 	.word	0x4000c008
10000eec:	4000e000 	.word	0x4000e000
10000ef0:	4000f000 	.word	0x4000f000
10000ef4:	00003004 	.word	0x00003004

10000ef8 <tick_start>:
10000ef8:	2380      	movs	r3, #128	@ 0x80
10000efa:	4a02      	ldr	r2, [pc, #8]	@ (10000f04 <tick_start+0xc>)
10000efc:	009b      	lsls	r3, r3, #2
10000efe:	430b      	orrs	r3, r1
10000f00:	62d3      	str	r3, [r2, #44]	@ 0x2c
10000f02:	4770      	bx	lr
10000f04:	40058000 	.word	0x40058000

10000f08 <rom_func_lookup>:
10000f08:	2300      	movs	r3, #0
10000f0a:	b510      	push	{r4, lr}
10000f0c:	0001      	movs	r1, r0
10000f0e:	8a98      	ldrh	r0, [r3, #20]
10000f10:	8b1b      	ldrh	r3, [r3, #24]
10000f12:	4798      	blx	r3
10000f14:	bd10      	pop	{r4, pc}
10000f16:	46c0      	nop			@ (mov r8, r8)

10000f18 <rom_data_lookup>:
10000f18:	2316      	movs	r3, #22
10000f1a:	b510      	push	{r4, lr}
10000f1c:	0001      	movs	r1, r0
10000f1e:	8818      	ldrh	r0, [r3, #0]
10000f20:	885b      	ldrh	r3, [r3, #2]
10000f22:	4798      	blx	r3
10000f24:	bd10      	pop	{r4, pc}
10000f26:	46c0      	nop			@ (mov r8, r8)

10000f28 <rom_funcs_lookup>:
10000f28:	b5f8      	push	{r3, r4, r5, r6, r7, lr}
10000f2a:	4647      	mov	r7, r8
10000f2c:	46ce      	mov	lr, r9
10000f2e:	b580      	push	{r7, lr}
10000f30:	1e0f      	subs	r7, r1, #0
10000f32:	d018      	beq.n	10000f66 <rom_funcs_lookup+0x3e>
10000f34:	2314      	movs	r3, #20
10000f36:	4699      	mov	r9, r3
10000f38:	3304      	adds	r3, #4
10000f3a:	0004      	movs	r4, r0
10000f3c:	2500      	movs	r5, #0
10000f3e:	2601      	movs	r6, #1
10000f40:	4698      	mov	r8, r3
10000f42:	464b      	mov	r3, r9
10000f44:	8818      	ldrh	r0, [r3, #0]
10000f46:	4643      	mov	r3, r8
10000f48:	6821      	ldr	r1, [r4, #0]
10000f4a:	881b      	ldrh	r3, [r3, #0]
10000f4c:	4798      	blx	r3
10000f4e:	c401      	stmia	r4!, {r0}
10000f50:	1e43      	subs	r3, r0, #1
10000f52:	4198      	sbcs	r0, r3
10000f54:	3501      	adds	r5, #1
10000f56:	4006      	ands	r6, r0
10000f58:	42af      	cmp	r7, r5
10000f5a:	d1f2      	bne.n	10000f42 <rom_funcs_lookup+0x1a>
10000f5c:	0030      	movs	r0, r6
10000f5e:	bcc0      	pop	{r6, r7}
10000f60:	46b9      	mov	r9, r7
10000f62:	46b0      	mov	r8, r6
10000f64:	bdf8      	pop	{r3, r4, r5, r6, r7, pc}
10000f66:	2601      	movs	r6, #1
10000f68:	e7f8      	b.n	10000f5c <rom_funcs_lookup+0x34>
10000f6a:	46c0      	nop			@ (mov r8, r8)

10000f6c <xosc_init>:
10000f6c:	23aa      	movs	r3, #170	@ 0xaa
10000f6e:	4a06      	ldr	r2, [pc, #24]	@ (10000f88 <xosc_init+0x1c>)
10000f70:	011b      	lsls	r3, r3, #4
10000f72:	6013      	str	r3, [r2, #0]
10000f74:	238d      	movs	r3, #141	@ 0x8d
10000f76:	005b      	lsls	r3, r3, #1
10000f78:	60d3      	str	r3, [r2, #12]
10000f7a:	4904      	ldr	r1, [pc, #16]	@ (10000f8c <xosc_init+0x20>)
10000f7c:	4b04      	ldr	r3, [pc, #16]	@ (10000f90 <xosc_init+0x24>)
10000f7e:	6019      	str	r1, [r3, #0]
10000f80:	6853      	ldr	r3, [r2, #4]
10000f82:	2b00      	cmp	r3, #0
10000f84:	dafc      	bge.n	10000f80 <xosc_init+0x14>
10000f86:	4770      	bx	lr
10000f88:	40024000 	.word	0x40024000
10000f8c:	00fab000 	.word	0x00fab000
10000f90:	40026000 	.word	0x40026000

10000f94 <first_per_core_initializer>:
10000f94:	4770      	bx	lr
10000f96:	46c0      	nop			@ (mov r8, r8)

10000f98 <hard_assertion_failure>:
10000f98:	b510      	push	{r4, lr}
10000f9a:	4801      	ldr	r0, [pc, #4]	@ (10000fa0 <hard_assertion_failure+0x8>)
10000f9c:	f7ff f9a8 	bl	100002f0 <panic>
10000fa0:	100017d0 	.word	0x100017d0

10000fa4 <runtime_run_initializers>:
10000fa4:	b570      	push	{r4, r5, r6, lr}
10000fa6:	4d07      	ldr	r5, [pc, #28]	@ (10000fc4 <runtime_run_initializers+0x20>)
10000fa8:	4e07      	ldr	r6, [pc, #28]	@ (10000fc8 <runtime_run_initializers+0x24>)
10000faa:	42b5      	cmp	r5, r6
10000fac:	d209      	bcs.n	10000fc2 <runtime_run_initializers+0x1e>
10000fae:	2400      	movs	r4, #0
10000fb0:	3e01      	subs	r6, #1
10000fb2:	1b76      	subs	r6, r6, r5
10000fb4:	08b6      	lsrs	r6, r6, #2
10000fb6:	3601      	adds	r6, #1
10000fb8:	cd08      	ldmia	r5!, {r3}
10000fba:	3401      	adds	r4, #1
10000fbc:	4798      	blx	r3
10000fbe:	42b4      	cmp	r4, r6
10000fc0:	d1fa      	bne.n	10000fb8 <runtime_run_initializers+0x14>
10000fc2:	bd70      	pop	{r4, r5, r6, pc}
10000fc4:	10001760 	.word	0x10001760
10000fc8:	1000179c 	.word	0x1000179c

10000fcc <runtime_init_early_resets>:
10000fcc:	4b05      	ldr	r3, [pc, #20]	@ (10000fe4 <runtime_init_early_resets+0x18>)
10000fce:	4a06      	ldr	r2, [pc, #24]	@ (10000fe8 <runtime_init_early_resets+0x1c>)
10000fd0:	4906      	ldr	r1, [pc, #24]	@ (10000fec <runtime_init_early_resets+0x20>)
10000fd2:	601a      	str	r2, [r3, #0]
10000fd4:	4a06      	ldr	r2, [pc, #24]	@ (10000ff0 <runtime_init_early_resets+0x24>)
10000fd6:	4b07      	ldr	r3, [pc, #28]	@ (10000ff4 <runtime_init_early_resets+0x28>)
10000fd8:	601a      	str	r2, [r3, #0]
10000fda:	0010      	movs	r0, r2
10000fdc:	680b      	ldr	r3, [r1, #0]
10000fde:	4398      	bics	r0, r3
10000fe0:	d1fb      	bne.n	10000fda <runtime_init_early_resets+0xe>
10000fe2:	4770      	bx	lr
10000fe4:	4000e000 	.word	0x4000e000
10000fe8:	fefbcdbf 	.word	0xfefbcdbf
10000fec:	4000c008 	.word	0x4000c008
10000ff0:	003c7ffe 	.word	0x003c7ffe
10000ff4:	4000f000 	.word	0x4000f000

10000ff8 <runtime_init_usb_power_down>:
10000ff8:	4b04      	ldr	r3, [pc, #16]	@ (1000100c <runtime_init_usb_power_down+0x14>)
10000ffa:	6cdb      	ldr	r3, [r3, #76]	@ 0x4c
10000ffc:	2b00      	cmp	r3, #0
10000ffe:	d103      	bne.n	10001008 <runtime_init_usb_power_down+0x10>
10001000:	2280      	movs	r2, #128	@ 0x80
10001002:	4b03      	ldr	r3, [pc, #12]	@ (10001010 <runtime_init_usb_power_down+0x18>)
10001004:	02d2      	lsls	r2, r2, #11
10001006:	601a      	str	r2, [r3, #0]
10001008:	4770      	bx	lr
1000100a:	46c0      	nop			@ (mov r8, r8)
1000100c:	50110000 	.word	0x50110000
10001010:	5011204c 	.word	0x5011204c

10001014 <runtime_init_post_clock_resets>:
10001014:	4a04      	ldr	r2, [pc, #16]	@ (10001028 <runtime_init_post_clock_resets+0x14>)
10001016:	4b05      	ldr	r3, [pc, #20]	@ (1000102c <runtime_init_post_clock_resets+0x18>)
10001018:	601a      	str	r2, [r3, #0]
1000101a:	4a05      	ldr	r2, [pc, #20]	@ (10001030 <runtime_init_post_clock_resets+0x1c>)
1000101c:	6813      	ldr	r3, [r2, #0]
1000101e:	01db      	lsls	r3, r3, #7
10001020:	3380      	adds	r3, #128	@ 0x80
10001022:	d1fb      	bne.n	1000101c <runtime_init_post_clock_resets+0x8>
10001024:	4770      	bx	lr
10001026:	46c0      	nop			@ (mov r8, r8)
10001028:	01ffffff 	.word	0x01ffffff
1000102c:	4000f000 	.word	0x4000f000
10001030:	4000c008 	.word	0x4000c008

10001034 <runtime_init_rp2040_gpio_ie_disable>:
10001034:	2240      	movs	r2, #64	@ 0x40
10001036:	4b03      	ldr	r3, [pc, #12]	@ (10001044 <runtime_init_rp2040_gpio_ie_disable+0x10>)
10001038:	679a      	str	r2, [r3, #120]	@ 0x78
1000103a:	675a      	str	r2, [r3, #116]	@ 0x74
1000103c:	671a      	str	r2, [r3, #112]	@ 0x70
1000103e:	66da      	str	r2, [r3, #108]	@ 0x6c
10001040:	4770      	bx	lr
10001042:	46c0      	nop			@ (mov r8, r8)
10001044:	4001f000 	.word	0x4001f000

10001048 <runtime_init_spin_locks_reset>:
10001048:	b510      	push	{r4, lr}
1000104a:	f7ff f99d 	bl	10000388 <spin_locks_reset>
1000104e:	bd10      	pop	{r4, pc}

10001050 <runtime_init_install_ram_vector_table>:
10001050:	b570      	push	{r4, r5, r6, lr}
10001052:	4927      	ldr	r1, [pc, #156]	@ (100010f0 <runtime_init_install_ram_vector_table+0xa0>)
10001054:	4e27      	ldr	r6, [pc, #156]	@ (100010f4 <runtime_init_install_ram_vector_table+0xa4>)
10001056:	4d28      	ldr	r5, [pc, #160]	@ (100010f8 <runtime_init_install_ram_vector_table+0xa8>)
10001058:	1a76      	subs	r6, r6, r1
1000105a:	08b4      	lsrs	r4, r6, #2
1000105c:	0022      	movs	r2, r4
1000105e:	2c30      	cmp	r4, #48	@ 0x30
10001060:	d900      	bls.n	10001064 <runtime_init_install_ram_vector_table+0x14>
10001062:	2230      	movs	r2, #48	@ 0x30
10001064:	0028      	movs	r0, r5
10001066:	0092      	lsls	r2, r2, #2
10001068:	f000 f9ba 	bl	100013e0 <__wrap___aeabi_memcpy>
1000106c:	2c2f      	cmp	r4, #47	@ 0x2f
1000106e:	d83b      	bhi.n	100010e8 <runtime_init_install_ram_vector_table+0x98>
10001070:	0023      	movs	r3, r4
10001072:	3b2a      	subs	r3, #42	@ 0x2a
10001074:	4a21      	ldr	r2, [pc, #132]	@ (100010fc <runtime_init_install_ram_vector_table+0xac>)
10001076:	2b05      	cmp	r3, #5
10001078:	d91b      	bls.n	100010b2 <runtime_init_install_ram_vector_table+0x62>
1000107a:	2030      	movs	r0, #48	@ 0x30
1000107c:	19ae      	adds	r6, r5, r6
1000107e:	0771      	lsls	r1, r6, #29
10001080:	1b00      	subs	r0, r0, r4
10001082:	0026      	movs	r6, r4
10001084:	0fcb      	lsrs	r3, r1, #31
10001086:	2900      	cmp	r1, #0
10001088:	da02      	bge.n	10001090 <runtime_init_install_ram_vector_table+0x40>
1000108a:	00a1      	lsls	r1, r4, #2
1000108c:	506a      	str	r2, [r5, r1]
1000108e:	1c66      	adds	r6, r4, #1
10001090:	1ac0      	subs	r0, r0, r3
10001092:	18e3      	adds	r3, r4, r3
10001094:	009b      	lsls	r3, r3, #2
10001096:	0841      	lsrs	r1, r0, #1
10001098:	18eb      	adds	r3, r5, r3
1000109a:	00c9      	lsls	r1, r1, #3
1000109c:	18c9      	adds	r1, r1, r3
1000109e:	601a      	str	r2, [r3, #0]
100010a0:	605a      	str	r2, [r3, #4]
100010a2:	3308      	adds	r3, #8
100010a4:	428b      	cmp	r3, r1
100010a6:	d1fa      	bne.n	1000109e <runtime_init_install_ram_vector_table+0x4e>
100010a8:	2301      	movs	r3, #1
100010aa:	4203      	tst	r3, r0
100010ac:	d01c      	beq.n	100010e8 <runtime_init_install_ram_vector_table+0x98>
100010ae:	4398      	bics	r0, r3
100010b0:	1984      	adds	r4, r0, r6
100010b2:	00a3      	lsls	r3, r4, #2
100010b4:	50ea      	str	r2, [r5, r3]
100010b6:	1c63      	adds	r3, r4, #1
100010b8:	2c2f      	cmp	r4, #47	@ 0x2f
100010ba:	d015      	beq.n	100010e8 <runtime_init_install_ram_vector_table+0x98>
100010bc:	009b      	lsls	r3, r3, #2
100010be:	50ea      	str	r2, [r5, r3]
100010c0:	1ca3      	adds	r3, r4, #2
100010c2:	2c2e      	cmp	r4, #46	@ 0x2e
100010c4:	d010      	beq.n	100010e8 <runtime_init_install_ram_vector_table+0x98>
100010c6:	009b      	lsls	r3, r3, #2
100010c8:	50ea      	str	r2, [r5, r3]
100010ca:	1ce3      	adds	r3, r4, #3
100010cc:	2c2d      	cmp	r4, #45	@ 0x2d
100010ce:	d00b      	beq.n	100010e8 <runtime_init_install_ram_vector_table+0x98>
100010d0:	009b      	lsls	r3, r3, #2
100010d2:	50ea      	str	r2, [r5, r3]
100010d4:	1d23      	adds	r3, r4, #4
100010d6:	2c2c      	cmp	r4, #44	@ 0x2c
100010d8:	d006      	beq.n	100010e8 <runtime_init_install_ram_vector_table+0x98>
100010da:	009b      	lsls	r3, r3, #2
100010dc:	50ea      	str	r2, [r5, r3]
100010de:	1d63      	adds	r3, r4, #5
100010e0:	2c2b      	cmp	r4, #43	@ 0x2b
100010e2:	d001      	beq.n	100010e8 <runtime_init_install_ram_vector_table+0x98>
100010e4:	009b      	lsls	r3, r3, #2
100010e6:	50ea      	str	r2, [r5, r3]
100010e8:	4b05      	ldr	r3, [pc, #20]	@ (10001100 <runtime_init_install_ram_vector_table+0xb0>)
100010ea:	609d      	str	r5, [r3, #8]
100010ec:	bd70      	pop	{r4, r5, r6, pc}
100010ee:	46c0      	nop			@ (mov r8, r8)
100010f0:	10000100 	.word	0x10000100
100010f4:	100001c0 	.word	0x100001c0
100010f8:	20000000 	.word	0x20000000
100010fc:	100001c1 	.word	0x100001c1
10001100:	e000ed00 	.word	0xe000ed00

10001104 <runtime_init_clocks>:
10001104:	2300      	movs	r3, #0
10001106:	b510      	push	{r4, lr}
10001108:	4c29      	ldr	r4, [pc, #164]	@ (100011b0 <runtime_init_clocks+0xac>)
1000110a:	b082      	sub	sp, #8
1000110c:	67a3      	str	r3, [r4, #120]	@ 0x78
1000110e:	f7ff ff2d 	bl	10000f6c <xosc_init>
10001112:	2201      	movs	r2, #1
10001114:	4b27      	ldr	r3, [pc, #156]	@ (100011b4 <runtime_init_clocks+0xb0>)
10001116:	601a      	str	r2, [r3, #0]
10001118:	6c63      	ldr	r3, [r4, #68]	@ 0x44
1000111a:	2b01      	cmp	r3, #1
1000111c:	d1fc      	bne.n	10001118 <runtime_init_clocks+0x14>
1000111e:	2203      	movs	r2, #3
10001120:	4b25      	ldr	r3, [pc, #148]	@ (100011b8 <runtime_init_clocks+0xb4>)
10001122:	601a      	str	r2, [r3, #0]
10001124:	4a22      	ldr	r2, [pc, #136]	@ (100011b0 <runtime_init_clocks+0xac>)
10001126:	6b93      	ldr	r3, [r2, #56]	@ 0x38
10001128:	2b01      	cmp	r3, #1
1000112a:	d1fc      	bne.n	10001126 <runtime_init_clocks+0x22>
1000112c:	3301      	adds	r3, #1
1000112e:	9300      	str	r3, [sp, #0]
10001130:	2101      	movs	r1, #1
10001132:	4a22      	ldr	r2, [pc, #136]	@ (100011bc <runtime_init_clocks+0xb8>)
10001134:	4822      	ldr	r0, [pc, #136]	@ (100011c0 <runtime_init_clocks+0xbc>)
10001136:	3304      	adds	r3, #4
10001138:	f7ff fe86 	bl	10000e48 <pll_init>
1000113c:	2305      	movs	r3, #5
1000113e:	2101      	movs	r1, #1
10001140:	9300      	str	r3, [sp, #0]
10001142:	4a20      	ldr	r2, [pc, #128]	@ (100011c4 <runtime_init_clocks+0xc0>)
10001144:	4820      	ldr	r0, [pc, #128]	@ (100011c8 <runtime_init_clocks+0xc4>)
10001146:	f7ff fe7f 	bl	10000e48 <pll_init>
1000114a:	2200      	movs	r2, #0
1000114c:	2102      	movs	r1, #2
1000114e:	2004      	movs	r0, #4
10001150:	4b1e      	ldr	r3, [pc, #120]	@ (100011cc <runtime_init_clocks+0xc8>)
10001152:	f7ff fe03 	bl	10000d5c <clock_configure_undivided>
10001156:	2200      	movs	r2, #0
10001158:	2101      	movs	r1, #1
1000115a:	2005      	movs	r0, #5
1000115c:	4b1c      	ldr	r3, [pc, #112]	@ (100011d0 <runtime_init_clocks+0xcc>)
1000115e:	f7ff fdfd 	bl	10000d5c <clock_configure_undivided>
10001162:	2200      	movs	r2, #0
10001164:	2100      	movs	r1, #0
10001166:	2007      	movs	r0, #7
10001168:	4b1a      	ldr	r3, [pc, #104]	@ (100011d4 <runtime_init_clocks+0xd0>)
1000116a:	f7ff fdf7 	bl	10000d5c <clock_configure_undivided>
1000116e:	2200      	movs	r2, #0
10001170:	2100      	movs	r1, #0
10001172:	2008      	movs	r0, #8
10001174:	4b17      	ldr	r3, [pc, #92]	@ (100011d4 <runtime_init_clocks+0xd0>)
10001176:	f7ff fdf1 	bl	10000d5c <clock_configure_undivided>
1000117a:	2380      	movs	r3, #128	@ 0x80
1000117c:	00db      	lsls	r3, r3, #3
1000117e:	9300      	str	r3, [sp, #0]
10001180:	2200      	movs	r2, #0
10001182:	2100      	movs	r1, #0
10001184:	2009      	movs	r0, #9
10001186:	4b13      	ldr	r3, [pc, #76]	@ (100011d4 <runtime_init_clocks+0xd0>)
10001188:	f7ff fd72 	bl	10000c70 <clock_configure_int_divider>
1000118c:	2200      	movs	r2, #0
1000118e:	4b10      	ldr	r3, [pc, #64]	@ (100011d0 <runtime_init_clocks+0xcc>)
10001190:	2100      	movs	r1, #0
10001192:	2006      	movs	r0, #6
10001194:	f7ff fde2 	bl	10000d5c <clock_configure_undivided>
10001198:	2004      	movs	r0, #4
1000119a:	f7ff fe4f 	bl	10000e3c <clock_get_hz>
1000119e:	490e      	ldr	r1, [pc, #56]	@ (100011d8 <runtime_init_clocks+0xd4>)
100011a0:	f000 f824 	bl	100011ec <__wrap___aeabi_uidiv>
100011a4:	0001      	movs	r1, r0
100011a6:	2000      	movs	r0, #0
100011a8:	f7ff fea6 	bl	10000ef8 <tick_start>
100011ac:	b002      	add	sp, #8
100011ae:	bd10      	pop	{r4, pc}
100011b0:	40008000 	.word	0x40008000
100011b4:	4000b03c 	.word	0x4000b03c
100011b8:	4000b030 	.word	0x4000b030
100011bc:	59682f00 	.word	0x59682f00
100011c0:	40028000 	.word	0x40028000
100011c4:	47868c00 	.word	0x47868c00
100011c8:	4002c000 	.word	0x4002c000
100011cc:	00b71b00 	.word	0x00b71b00
100011d0:	07735940 	.word	0x07735940
100011d4:	02dc6c00 	.word	0x02dc6c00
100011d8:	000f4240 	.word	0x000f4240

100011dc <__aeabi_bits_init>:
100011dc:	4801      	ldr	r0, [pc, #4]	@ (100011e4 <__aeabi_bits_init+0x8>)
100011de:	2104      	movs	r1, #4
100011e0:	4b01      	ldr	r3, [pc, #4]	@ (100011e8 <__aeabi_bits_init+0xc>)
100011e2:	4718      	bx	r3
100011e4:	20000200 	.word	0x20000200
100011e8:	10000f29 	.word	0x10000f29

100011ec <__wrap___aeabi_uidiv>:
100011ec:	4a11      	ldr	r2, [pc, #68]	@ (10001234 <divmod_u32u32_savestate+0x18>)
100011ee:	6f93      	ldr	r3, [r2, #120]	@ 0x78
100011f0:	089b      	lsrs	r3, r3, #2
100011f2:	d213      	bcs.n	1000121c <divmod_u32u32_savestate>

100011f4 <divmod_u32u32_core>:
100011f4:	6610      	str	r0, [r2, #96]	@ 0x60
100011f6:	6651      	str	r1, [r2, #100]	@ 0x64
100011f8:	2900      	cmp	r1, #0
100011fa:	d005      	beq.n	10001208 <divmod_u32u32_core+0x14>
100011fc:	e7ff      	b.n	100011fe <divmod_u32u32_core+0xa>
100011fe:	e7ff      	b.n	10001200 <divmod_u32u32_core+0xc>
10001200:	e7ff      	b.n	10001202 <divmod_u32u32_core+0xe>
10001202:	6f51      	ldr	r1, [r2, #116]	@ 0x74
10001204:	6f10      	ldr	r0, [r2, #112]	@ 0x70
10001206:	4770      	bx	lr
10001208:	b504      	push	{r2, lr}
1000120a:	2800      	cmp	r0, #0
1000120c:	d001      	beq.n	10001212 <divmod_u32u32_core+0x1e>
1000120e:	2000      	movs	r0, #0
10001210:	43c0      	mvns	r0, r0
10001212:	f000 fa9d 	bl	10001750 <____aeabi_idiv0_veneer>
10001216:	2100      	movs	r1, #0
10001218:	bd04      	pop	{r2, pc}
1000121a:	46c0      	nop			@ (mov r8, r8)

1000121c <divmod_u32u32_savestate>:
1000121c:	b5f0      	push	{r4, r5, r6, r7, lr}
1000121e:	6e14      	ldr	r4, [r2, #96]	@ 0x60
10001220:	6e55      	ldr	r5, [r2, #100]	@ 0x64
10001222:	6f57      	ldr	r7, [r2, #116]	@ 0x74
10001224:	6f16      	ldr	r6, [r2, #112]	@ 0x70
10001226:	f7ff ffe5 	bl	100011f4 <divmod_u32u32_core>
1000122a:	6614      	str	r4, [r2, #96]	@ 0x60
1000122c:	6655      	str	r5, [r2, #100]	@ 0x64
1000122e:	6757      	str	r7, [r2, #116]	@ 0x74
10001230:	6716      	str	r6, [r2, #112]	@ 0x70
10001232:	bdf0      	pop	{r4, r5, r6, r7, pc}
10001234:	d0000000 	.word	0xd0000000

10001238 <__aeabi_double_init>:
10001238:	2313      	movs	r3, #19
1000123a:	b570      	push	{r4, r5, r6, lr}
1000123c:	781d      	ldrb	r5, [r3, #0]
1000123e:	2d01      	cmp	r5, #1
10001240:	d019      	beq.n	10001276 <__aeabi_double_init+0x3e>
10001242:	dd14      	ble.n	1000126e <__aeabi_double_init+0x36>
10001244:	481f      	ldr	r0, [pc, #124]	@ (100012c4 <__aeabi_double_init+0x8c>)
10001246:	f7ff fe67 	bl	10000f18 <rom_data_lookup>
1000124a:	0006      	movs	r6, r0
1000124c:	481e      	ldr	r0, [pc, #120]	@ (100012c8 <__aeabi_double_init+0x90>)
1000124e:	f7ff fe63 	bl	10000f18 <rom_data_lookup>
10001252:	4c1e      	ldr	r4, [pc, #120]	@ (100012cc <__aeabi_double_init+0x94>)
10001254:	2280      	movs	r2, #128	@ 0x80
10001256:	0031      	movs	r1, r6
10001258:	0020      	movs	r0, r4
1000125a:	f000 f8c1 	bl	100013e0 <__wrap___aeabi_memcpy>
1000125e:	2d02      	cmp	r5, #2
10001260:	d02d      	beq.n	100012be <__aeabi_double_init+0x86>
10001262:	481b      	ldr	r0, [pc, #108]	@ (100012d0 <__aeabi_double_init+0x98>)
10001264:	f7ff fe50 	bl	10000f08 <rom_func_lookup>
10001268:	4b1a      	ldr	r3, [pc, #104]	@ (100012d4 <__aeabi_double_init+0x9c>)
1000126a:	6018      	str	r0, [r3, #0]
1000126c:	bd70      	pop	{r4, r5, r6, pc}
1000126e:	4b1a      	ldr	r3, [pc, #104]	@ (100012d8 <__aeabi_double_init+0xa0>)
10001270:	4c16      	ldr	r4, [pc, #88]	@ (100012cc <__aeabi_double_init+0x94>)
10001272:	64a3      	str	r3, [r4, #72]	@ 0x48
10001274:	e7f5      	b.n	10001262 <__aeabi_double_init+0x2a>
10001276:	4b18      	ldr	r3, [pc, #96]	@ (100012d8 <__aeabi_double_init+0xa0>)
10001278:	4c14      	ldr	r4, [pc, #80]	@ (100012cc <__aeabi_double_init+0x94>)
1000127a:	6023      	str	r3, [r4, #0]
1000127c:	6063      	str	r3, [r4, #4]
1000127e:	60a3      	str	r3, [r4, #8]
10001280:	60e3      	str	r3, [r4, #12]
10001282:	6123      	str	r3, [r4, #16]
10001284:	6163      	str	r3, [r4, #20]
10001286:	61a3      	str	r3, [r4, #24]
10001288:	61e3      	str	r3, [r4, #28]
1000128a:	6223      	str	r3, [r4, #32]
1000128c:	6263      	str	r3, [r4, #36]	@ 0x24
1000128e:	62a3      	str	r3, [r4, #40]	@ 0x28
10001290:	62e3      	str	r3, [r4, #44]	@ 0x2c
10001292:	6323      	str	r3, [r4, #48]	@ 0x30
10001294:	6363      	str	r3, [r4, #52]	@ 0x34
10001296:	63a3      	str	r3, [r4, #56]	@ 0x38
10001298:	63e3      	str	r3, [r4, #60]	@ 0x3c
1000129a:	6423      	str	r3, [r4, #64]	@ 0x40
1000129c:	6463      	str	r3, [r4, #68]	@ 0x44
1000129e:	64a3      	str	r3, [r4, #72]	@ 0x48
100012a0:	64e3      	str	r3, [r4, #76]	@ 0x4c
100012a2:	6523      	str	r3, [r4, #80]	@ 0x50
100012a4:	6563      	str	r3, [r4, #84]	@ 0x54
100012a6:	65a3      	str	r3, [r4, #88]	@ 0x58
100012a8:	65e3      	str	r3, [r4, #92]	@ 0x5c
100012aa:	6623      	str	r3, [r4, #96]	@ 0x60
100012ac:	6663      	str	r3, [r4, #100]	@ 0x64
100012ae:	66a3      	str	r3, [r4, #104]	@ 0x68
100012b0:	66e3      	str	r3, [r4, #108]	@ 0x6c
100012b2:	6723      	str	r3, [r4, #112]	@ 0x70
100012b4:	6763      	str	r3, [r4, #116]	@ 0x74
100012b6:	67a3      	str	r3, [r4, #120]	@ 0x78
100012b8:	67e3      	str	r3, [r4, #124]	@ 0x7c
100012ba:	64a3      	str	r3, [r4, #72]	@ 0x48
100012bc:	e7d1      	b.n	10001262 <__aeabi_double_init+0x2a>
100012be:	4b06      	ldr	r3, [pc, #24]	@ (100012d8 <__aeabi_double_init+0xa0>)
100012c0:	64a3      	str	r3, [r4, #72]	@ 0x48
100012c2:	e7ce      	b.n	10001262 <__aeabi_double_init+0x2a>
100012c4:	00004453 	.word	0x00004453
100012c8:	00004653 	.word	0x00004653
100012cc:	200003a8 	.word	0x200003a8
100012d0:	0000334c 	.word	0x0000334c
100012d4:	200005f0 	.word	0x200005f0
100012d8:	100012dd 	.word	0x100012dd

100012dc <double_table_shim_on_use_helper>:
100012dc:	b507      	push	{r0, r1, r2, lr}
100012de:	4660      	mov	r0, ip
100012e0:	8801      	ldrh	r1, [r0, #0]
100012e2:	0a0a      	lsrs	r2, r1, #8
100012e4:	3002      	adds	r0, #2
100012e6:	2adf      	cmp	r2, #223	@ 0xdf
100012e8:	d1fa      	bne.n	100012e0 <double_table_shim_on_use_helper+0x4>
100012ea:	b2c9      	uxtb	r1, r1
100012ec:	0882      	lsrs	r2, r0, #2
100012ee:	d304      	bcc.n	100012fa <double_table_shim_on_use_helper+0x1e>
100012f0:	8802      	ldrh	r2, [r0, #0]
100012f2:	8840      	ldrh	r0, [r0, #2]
100012f4:	0400      	lsls	r0, r0, #16
100012f6:	4310      	orrs	r0, r2
100012f8:	e000      	b.n	100012fc <double_table_shim_on_use_helper+0x20>
100012fa:	6800      	ldr	r0, [r0, #0]
100012fc:	4a01      	ldr	r2, [pc, #4]	@ (10001304 <double_table_shim_on_use_helper+0x28>)
100012fe:	5050      	str	r0, [r2, r1]
10001300:	9003      	str	r0, [sp, #12]
10001302:	bd07      	pop	{r0, r1, r2, pc}
10001304:	200003a8 	.word	0x200003a8

10001308 <__wrap___aeabi_lmul>:
10001308:	4351      	muls	r1, r2
1000130a:	4343      	muls	r3, r0
1000130c:	18c9      	adds	r1, r1, r3
1000130e:	468c      	mov	ip, r1
10001310:	0c11      	lsrs	r1, r2, #16
10001312:	b283      	uxth	r3, r0
10001314:	434b      	muls	r3, r1
10001316:	b410      	push	{r4}
10001318:	0c04      	lsrs	r4, r0, #16
1000131a:	4361      	muls	r1, r4
1000131c:	b292      	uxth	r2, r2
1000131e:	b280      	uxth	r0, r0
10001320:	4350      	muls	r0, r2
10001322:	4362      	muls	r2, r4
10001324:	041c      	lsls	r4, r3, #16
10001326:	0c1b      	lsrs	r3, r3, #16
10001328:	1900      	adds	r0, r0, r4
1000132a:	bc10      	pop	{r4}
1000132c:	4159      	adcs	r1, r3
1000132e:	0413      	lsls	r3, r2, #16
10001330:	0c12      	lsrs	r2, r2, #16
10001332:	18c0      	adds	r0, r0, r3
10001334:	4151      	adcs	r1, r2
10001336:	4461      	add	r1, ip
10001338:	4770      	bx	lr
	...

1000133c <__aeabi_float_init>:
1000133c:	2313      	movs	r3, #19
1000133e:	b510      	push	{r4, lr}
10001340:	781c      	ldrb	r4, [r3, #0]
10001342:	4813      	ldr	r0, [pc, #76]	@ (10001390 <__aeabi_float_init+0x54>)
10001344:	f7ff fde8 	bl	10000f18 <rom_data_lookup>
10001348:	2c01      	cmp	r4, #1
1000134a:	d00b      	beq.n	10001364 <__aeabi_float_init+0x28>
1000134c:	dd04      	ble.n	10001358 <__aeabi_float_init+0x1c>
1000134e:	0001      	movs	r1, r0
10001350:	2280      	movs	r2, #128	@ 0x80
10001352:	4810      	ldr	r0, [pc, #64]	@ (10001394 <__aeabi_float_init+0x58>)
10001354:	f000 f844 	bl	100013e0 <__wrap___aeabi_memcpy>
10001358:	480f      	ldr	r0, [pc, #60]	@ (10001398 <__aeabi_float_init+0x5c>)
1000135a:	f7ff fdd5 	bl	10000f08 <rom_func_lookup>
1000135e:	4b0f      	ldr	r3, [pc, #60]	@ (1000139c <__aeabi_float_init+0x60>)
10001360:	6018      	str	r0, [r3, #0]
10001362:	bd10      	pop	{r4, pc}
10001364:	4c0b      	ldr	r4, [pc, #44]	@ (10001394 <__aeabi_float_init+0x58>)
10001366:	0001      	movs	r1, r0
10001368:	2254      	movs	r2, #84	@ 0x54
1000136a:	0020      	movs	r0, r4
1000136c:	f000 f838 	bl	100013e0 <__wrap___aeabi_memcpy>
10001370:	4b0b      	ldr	r3, [pc, #44]	@ (100013a0 <__aeabi_float_init+0x64>)
10001372:	6563      	str	r3, [r4, #84]	@ 0x54
10001374:	65a3      	str	r3, [r4, #88]	@ 0x58
10001376:	65e3      	str	r3, [r4, #92]	@ 0x5c
10001378:	6623      	str	r3, [r4, #96]	@ 0x60
1000137a:	6663      	str	r3, [r4, #100]	@ 0x64
1000137c:	66a3      	str	r3, [r4, #104]	@ 0x68
1000137e:	66e3      	str	r3, [r4, #108]	@ 0x6c
10001380:	6723      	str	r3, [r4, #112]	@ 0x70
10001382:	6763      	str	r3, [r4, #116]	@ 0x74
10001384:	67a3      	str	r3, [r4, #120]	@ 0x78
10001386:	67e3      	str	r3, [r4, #124]	@ 0x7c
10001388:	6223      	str	r3, [r4, #32]
1000138a:	61e3      	str	r3, [r4, #28]
1000138c:	e7e4      	b.n	10001358 <__aeabi_float_init+0x1c>
1000138e:	46c0      	nop			@ (mov r8, r8)
10001390:	00004653 	.word	0x00004653
10001394:	200004a8 	.word	0x200004a8
10001398:	0000334c 	.word	0x0000334c
1000139c:	200005f0 	.word	0x200005f0
100013a0:	100013a5 	.word	0x100013a5

100013a4 <float_table_shim_on_use_helper>:
100013a4:	b507      	push	{r0, r1, r2, lr}
100013a6:	4660      	mov	r0, ip
100013a8:	8801      	ldrh	r1, [r0, #0]
100013aa:	0a0a      	lsrs	r2, r1, #8
100013ac:	3002      	adds	r0, #2
100013ae:	2adf      	cmp	r2, #223	@ 0xdf
100013b0:	d1fa      	bne.n	100013a8 <float_table_shim_on_use_helper+0x4>
100013b2:	b2c9      	uxtb	r1, r1
100013b4:	0882      	lsrs	r2, r0, #2
100013b6:	d304      	bcc.n	100013c2 <float_table_shim_on_use_helper+0x1e>
100013b8:	8802      	ldrh	r2, [r0, #0]
100013ba:	8840      	ldrh	r0, [r0, #2]
100013bc:	0400      	lsls	r0, r0, #16
100013be:	4310      	orrs	r0, r2
100013c0:	e000      	b.n	100013c4 <float_table_shim_on_use_helper+0x20>
100013c2:	6800      	ldr	r0, [r0, #0]
100013c4:	4a01      	ldr	r2, [pc, #4]	@ (100013cc <float_table_shim_on_use_helper+0x28>)
100013c6:	5050      	str	r0, [r2, r1]
100013c8:	9003      	str	r0, [sp, #12]
100013ca:	bd07      	pop	{r0, r1, r2, pc}
100013cc:	200004a8 	.word	0x200004a8

100013d0 <__aeabi_mem_init>:
100013d0:	4801      	ldr	r0, [pc, #4]	@ (100013d8 <__aeabi_mem_init+0x8>)
100013d2:	2104      	movs	r1, #4
100013d4:	4b01      	ldr	r3, [pc, #4]	@ (100013dc <__aeabi_mem_init+0xc>)
100013d6:	4718      	bx	r3
100013d8:	20000210 	.word	0x20000210
100013dc:	10000f29 	.word	0x10000f29

100013e0 <__wrap___aeabi_memcpy>:
100013e0:	4b01      	ldr	r3, [pc, #4]	@ (100013e8 <__wrap___aeabi_memcpy+0x8>)
100013e2:	685b      	ldr	r3, [r3, #4]
100013e4:	4718      	bx	r3
100013e6:	0000      	.short	0x0000
100013e8:	20000210 	.word	0x20000210

100013ec <_out_char>:
100013ec:	b510      	push	{r4, lr}
100013ee:	2800      	cmp	r0, #0
100013f0:	d100      	bne.n	100013f4 <_out_char+0x8>
100013f2:	bd10      	pop	{r4, pc}
100013f4:	f000 f902 	bl	100015fc <__wrap_putchar>
100013f8:	e7fb      	b.n	100013f2 <_out_char+0x6>
100013fa:	46c0      	nop			@ (mov r8, r8)

100013fc <weak_raw_vprintf>:
100013fc:	b510      	push	{r4, lr}
100013fe:	4a09      	ldr	r2, [pc, #36]	@ (10001424 <weak_raw_vprintf+0x28>)
10001400:	0003      	movs	r3, r0
10001402:	6814      	ldr	r4, [r2, #0]
10001404:	b084      	sub	sp, #16
10001406:	2c00      	cmp	r4, #0
10001408:	d008      	beq.n	1000141c <weak_raw_vprintf+0x20>
1000140a:	2201      	movs	r2, #1
1000140c:	9100      	str	r1, [sp, #0]
1000140e:	4806      	ldr	r0, [pc, #24]	@ (10001428 <weak_raw_vprintf+0x2c>)
10001410:	4252      	negs	r2, r2
10001412:	a903      	add	r1, sp, #12
10001414:	47a0      	blx	r4
10001416:	2001      	movs	r0, #1
10001418:	b004      	add	sp, #16
1000141a:	bd10      	pop	{r4, pc}
1000141c:	f000 f938 	bl	10001690 <__wrap_puts>
10001420:	2000      	movs	r0, #0
10001422:	e7f9      	b.n	10001418 <weak_raw_vprintf+0x1c>
10001424:	200005dc 	.word	0x200005dc
10001428:	100013ed 	.word	0x100013ed

1000142c <_exit>:
1000142c:	be00      	bkpt	0x0000
1000142e:	e7fd      	b.n	1000142c <_exit>

10001430 <_fini>:
10001430:	4770      	bx	lr
10001432:	46c0      	nop			@ (mov r8, r8)

10001434 <exit>:
10001434:	b510      	push	{r4, lr}
10001436:	f7ff fff9 	bl	1000142c <_exit>
1000143a:	46c0      	nop			@ (mov r8, r8)

1000143c <runtime_init>:
1000143c:	b570      	push	{r4, r5, r6, lr}
1000143e:	f7ff fdb1 	bl	10000fa4 <runtime_run_initializers>
10001442:	4d07      	ldr	r5, [pc, #28]	@ (10001460 <runtime_init+0x24>)
10001444:	4e07      	ldr	r6, [pc, #28]	@ (10001464 <runtime_init+0x28>)
10001446:	42b5      	cmp	r5, r6
10001448:	d209      	bcs.n	1000145e <runtime_init+0x22>
1000144a:	2400      	movs	r4, #0
1000144c:	3e01      	subs	r6, #1
1000144e:	1b76      	subs	r6, r6, r5
10001450:	08b6      	lsrs	r6, r6, #2
10001452:	3601      	adds	r6, #1
10001454:	cd08      	ldmia	r5!, {r3}
10001456:	3401      	adds	r4, #1
10001458:	4798      	blx	r3
1000145a:	42b4      	cmp	r4, r6
1000145c:	d1fa      	bne.n	10001454 <runtime_init+0x18>
1000145e:	bd70      	pop	{r4, r5, r6, pc}
10001460:	1000179c 	.word	0x1000179c
10001464:	1000179c 	.word	0x1000179c

10001468 <stdio_out_chars_no_crlf>:
10001468:	0003      	movs	r3, r0
1000146a:	b510      	push	{r4, lr}
1000146c:	0008      	movs	r0, r1
1000146e:	0011      	movs	r1, r2
10001470:	681b      	ldr	r3, [r3, #0]
10001472:	4798      	blx	r3
10001474:	bd10      	pop	{r4, pc}
10001476:	46c0      	nop			@ (mov r8, r8)

10001478 <stdio_out_chars_crlf>:
10001478:	b5f8      	push	{r3, r4, r5, r6, r7, lr}
1000147a:	7d43      	ldrb	r3, [r0, #21]
1000147c:	0007      	movs	r7, r0
1000147e:	000d      	movs	r5, r1
10001480:	0016      	movs	r6, r2
10001482:	2b00      	cmp	r3, #0
10001484:	d038      	beq.n	100014f8 <stdio_out_chars_crlf+0x80>
10001486:	2a00      	cmp	r2, #0
10001488:	dd1a      	ble.n	100014c0 <stdio_out_chars_crlf+0x48>
1000148a:	780b      	ldrb	r3, [r1, #0]
1000148c:	2b0a      	cmp	r3, #10
1000148e:	d018      	beq.n	100014c2 <stdio_out_chars_crlf+0x4a>
10001490:	2000      	movs	r0, #0
10001492:	2e01      	cmp	r6, #1
10001494:	d009      	beq.n	100014aa <stdio_out_chars_crlf+0x32>
10001496:	2401      	movs	r4, #1
10001498:	0021      	movs	r1, r4
1000149a:	5c6b      	ldrb	r3, [r5, r1]
1000149c:	3401      	adds	r4, #1
1000149e:	2b0a      	cmp	r3, #10
100014a0:	d01a      	beq.n	100014d8 <stdio_out_chars_crlf+0x60>
100014a2:	42b4      	cmp	r4, r6
100014a4:	d1f8      	bne.n	10001498 <stdio_out_chars_crlf+0x20>
100014a6:	4286      	cmp	r6, r0
100014a8:	dd03      	ble.n	100014b2 <stdio_out_chars_crlf+0x3a>
100014aa:	1a31      	subs	r1, r6, r0
100014ac:	683b      	ldr	r3, [r7, #0]
100014ae:	1828      	adds	r0, r5, r0
100014b0:	4798      	blx	r3
100014b2:	19ad      	adds	r5, r5, r6
100014b4:	3d01      	subs	r5, #1
100014b6:	782b      	ldrb	r3, [r5, #0]
100014b8:	3b0d      	subs	r3, #13
100014ba:	425a      	negs	r2, r3
100014bc:	4153      	adcs	r3, r2
100014be:	753b      	strb	r3, [r7, #20]
100014c0:	bdf8      	pop	{r3, r4, r5, r6, r7, pc}
100014c2:	7d03      	ldrb	r3, [r0, #20]
100014c4:	2b00      	cmp	r3, #0
100014c6:	d1e3      	bne.n	10001490 <stdio_out_chars_crlf+0x18>
100014c8:	2102      	movs	r1, #2
100014ca:	480e      	ldr	r0, [pc, #56]	@ (10001504 <stdio_out_chars_crlf+0x8c>)
100014cc:	683b      	ldr	r3, [r7, #0]
100014ce:	4798      	blx	r3
100014d0:	2e01      	cmp	r6, #1
100014d2:	d0ee      	beq.n	100014b2 <stdio_out_chars_crlf+0x3a>
100014d4:	2001      	movs	r0, #1
100014d6:	e7de      	b.n	10001496 <stdio_out_chars_crlf+0x1e>
100014d8:	1e6b      	subs	r3, r5, #1
100014da:	5c5b      	ldrb	r3, [r3, r1]
100014dc:	2b0d      	cmp	r3, #13
100014de:	d0e0      	beq.n	100014a2 <stdio_out_chars_crlf+0x2a>
100014e0:	4288      	cmp	r0, r1
100014e2:	da03      	bge.n	100014ec <stdio_out_chars_crlf+0x74>
100014e4:	1a09      	subs	r1, r1, r0
100014e6:	683b      	ldr	r3, [r7, #0]
100014e8:	1828      	adds	r0, r5, r0
100014ea:	4798      	blx	r3
100014ec:	4805      	ldr	r0, [pc, #20]	@ (10001504 <stdio_out_chars_crlf+0x8c>)
100014ee:	2102      	movs	r1, #2
100014f0:	683b      	ldr	r3, [r7, #0]
100014f2:	4798      	blx	r3
100014f4:	0020      	movs	r0, r4
100014f6:	e7d4      	b.n	100014a2 <stdio_out_chars_crlf+0x2a>
100014f8:	6803      	ldr	r3, [r0, #0]
100014fa:	0011      	movs	r1, r2
100014fc:	0028      	movs	r0, r5
100014fe:	4798      	blx	r3
10001500:	e7de      	b.n	100014c0 <stdio_out_chars_crlf+0x48>
10001502:	46c0      	nop			@ (mov r8, r8)
10001504:	10001870 	.word	0x10001870

10001508 <stdio_put_string>:
10001508:	b5f0      	push	{r4, r5, r6, r7, lr}
1000150a:	4646      	mov	r6, r8
1000150c:	46d6      	mov	lr, sl
1000150e:	464f      	mov	r7, r9
10001510:	b5c0      	push	{r6, r7, lr}
10001512:	b082      	sub	sp, #8
10001514:	4690      	mov	r8, r2
10001516:	001c      	movs	r4, r3
10001518:	0006      	movs	r6, r0
1000151a:	000d      	movs	r5, r1
1000151c:	f7ff fb8e 	bl	10000c3c <time_us_64>
10001520:	2300      	movs	r3, #0
10001522:	4a2f      	ldr	r2, [pc, #188]	@ (100015e0 <stdio_put_string+0xd8>)
10001524:	1812      	adds	r2, r2, r0
10001526:	414b      	adcs	r3, r1
10001528:	2b00      	cmp	r3, #0
1000152a:	da02      	bge.n	10001532 <stdio_put_string+0x2a>
1000152c:	2201      	movs	r2, #1
1000152e:	4b2d      	ldr	r3, [pc, #180]	@ (100015e4 <stdio_put_string+0xdc>)
10001530:	4252      	negs	r2, r2
10001532:	492d      	ldr	r1, [pc, #180]	@ (100015e8 <stdio_put_string+0xe0>)
10001534:	0008      	movs	r0, r1
10001536:	468a      	mov	sl, r1
10001538:	f000 f8fa 	bl	10001730 <__mutex_try_enter_block_until_veneer>
1000153c:	4681      	mov	r9, r0
1000153e:	1c6b      	adds	r3, r5, #1
10001540:	d103      	bne.n	1000154a <stdio_put_string+0x42>
10001542:	0030      	movs	r0, r6
10001544:	f000 f8c2 	bl	100016cc <strlen>
10001548:	0005      	movs	r5, r0
1000154a:	2c00      	cmp	r4, #0
1000154c:	d027      	beq.n	1000159e <stdio_put_string+0x96>
1000154e:	4f27      	ldr	r7, [pc, #156]	@ (100015ec <stdio_put_string+0xe4>)
10001550:	4b27      	ldr	r3, [pc, #156]	@ (100015f0 <stdio_put_string+0xe8>)
10001552:	681c      	ldr	r4, [r3, #0]
10001554:	2c00      	cmp	r4, #0
10001556:	d018      	beq.n	1000158a <stdio_put_string+0x82>
10001558:	4643      	mov	r3, r8
1000155a:	2b00      	cmp	r3, #0
1000155c:	d121      	bne.n	100015a2 <stdio_put_string+0x9a>
1000155e:	4b25      	ldr	r3, [pc, #148]	@ (100015f4 <stdio_put_string+0xec>)
10001560:	4698      	mov	r8, r3
10001562:	e002      	b.n	1000156a <stdio_put_string+0x62>
10001564:	6924      	ldr	r4, [r4, #16]
10001566:	2c00      	cmp	r4, #0
10001568:	d00f      	beq.n	1000158a <stdio_put_string+0x82>
1000156a:	6823      	ldr	r3, [r4, #0]
1000156c:	2b00      	cmp	r3, #0
1000156e:	d0f9      	beq.n	10001564 <stdio_put_string+0x5c>
10001570:	4643      	mov	r3, r8
10001572:	681b      	ldr	r3, [r3, #0]
10001574:	2b00      	cmp	r3, #0
10001576:	d001      	beq.n	1000157c <stdio_put_string+0x74>
10001578:	429c      	cmp	r4, r3
1000157a:	d1f3      	bne.n	10001564 <stdio_put_string+0x5c>
1000157c:	0020      	movs	r0, r4
1000157e:	002a      	movs	r2, r5
10001580:	0031      	movs	r1, r6
10001582:	47b8      	blx	r7
10001584:	6924      	ldr	r4, [r4, #16]
10001586:	2c00      	cmp	r4, #0
10001588:	d1ef      	bne.n	1000156a <stdio_put_string+0x62>
1000158a:	464b      	mov	r3, r9
1000158c:	2b00      	cmp	r3, #0
1000158e:	d123      	bne.n	100015d8 <stdio_put_string+0xd0>
10001590:	0028      	movs	r0, r5
10001592:	b002      	add	sp, #8
10001594:	bce0      	pop	{r5, r6, r7}
10001596:	46ba      	mov	sl, r7
10001598:	46b1      	mov	r9, r6
1000159a:	46a8      	mov	r8, r5
1000159c:	bdf0      	pop	{r4, r5, r6, r7, pc}
1000159e:	4f16      	ldr	r7, [pc, #88]	@ (100015f8 <stdio_put_string+0xf0>)
100015a0:	e7d6      	b.n	10001550 <stdio_put_string+0x48>
100015a2:	4b14      	ldr	r3, [pc, #80]	@ (100015f4 <stdio_put_string+0xec>)
100015a4:	4698      	mov	r8, r3
100015a6:	e002      	b.n	100015ae <stdio_put_string+0xa6>
100015a8:	6924      	ldr	r4, [r4, #16]
100015aa:	2c00      	cmp	r4, #0
100015ac:	d0ed      	beq.n	1000158a <stdio_put_string+0x82>
100015ae:	6823      	ldr	r3, [r4, #0]
100015b0:	2b00      	cmp	r3, #0
100015b2:	d0f9      	beq.n	100015a8 <stdio_put_string+0xa0>
100015b4:	4643      	mov	r3, r8
100015b6:	681b      	ldr	r3, [r3, #0]
100015b8:	2b00      	cmp	r3, #0
100015ba:	d001      	beq.n	100015c0 <stdio_put_string+0xb8>
100015bc:	42a3      	cmp	r3, r4
100015be:	d1f3      	bne.n	100015a8 <stdio_put_string+0xa0>
100015c0:	002a      	movs	r2, r5
100015c2:	0031      	movs	r1, r6
100015c4:	0020      	movs	r0, r4
100015c6:	47b8      	blx	r7
100015c8:	466b      	mov	r3, sp
100015ca:	220a      	movs	r2, #10
100015cc:	0020      	movs	r0, r4
100015ce:	71da      	strb	r2, [r3, #7]
100015d0:	1dd9      	adds	r1, r3, #7
100015d2:	3a09      	subs	r2, #9
100015d4:	47b8      	blx	r7
100015d6:	e7e7      	b.n	100015a8 <stdio_put_string+0xa0>
100015d8:	4650      	mov	r0, sl
100015da:	f000 f8b1 	bl	10001740 <__mutex_exit_veneer>
100015de:	e7d7      	b.n	10001590 <stdio_put_string+0x88>
100015e0:	000f4240 	.word	0x000f4240
100015e4:	7fffffff 	.word	0x7fffffff
100015e8:	20000220 	.word	0x20000220
100015ec:	10001479 	.word	0x10001479
100015f0:	200005d4 	.word	0x200005d4
100015f4:	200005d8 	.word	0x200005d8
100015f8:	10001469 	.word	0x10001469

100015fc <__wrap_putchar>:
100015fc:	b5f0      	push	{r4, r5, r6, r7, lr}
100015fe:	46ce      	mov	lr, r9
10001600:	4647      	mov	r7, r8
10001602:	b580      	push	{r7, lr}
10001604:	b083      	sub	sp, #12
10001606:	466b      	mov	r3, sp
10001608:	0006      	movs	r6, r0
1000160a:	1ddd      	adds	r5, r3, #7
1000160c:	7028      	strb	r0, [r5, #0]
1000160e:	f7ff fb15 	bl	10000c3c <time_us_64>
10001612:	2300      	movs	r3, #0
10001614:	4a19      	ldr	r2, [pc, #100]	@ (1000167c <__wrap_putchar+0x80>)
10001616:	1812      	adds	r2, r2, r0
10001618:	414b      	adcs	r3, r1
1000161a:	2b00      	cmp	r3, #0
1000161c:	da02      	bge.n	10001624 <__wrap_putchar+0x28>
1000161e:	2201      	movs	r2, #1
10001620:	4b17      	ldr	r3, [pc, #92]	@ (10001680 <__wrap_putchar+0x84>)
10001622:	4252      	negs	r2, r2
10001624:	4917      	ldr	r1, [pc, #92]	@ (10001684 <__wrap_putchar+0x88>)
10001626:	0008      	movs	r0, r1
10001628:	4689      	mov	r9, r1
1000162a:	f000 f881 	bl	10001730 <__mutex_try_enter_block_until_veneer>
1000162e:	4b16      	ldr	r3, [pc, #88]	@ (10001688 <__wrap_putchar+0x8c>)
10001630:	4680      	mov	r8, r0
10001632:	681c      	ldr	r4, [r3, #0]
10001634:	2c00      	cmp	r4, #0
10001636:	d014      	beq.n	10001662 <__wrap_putchar+0x66>
10001638:	4f14      	ldr	r7, [pc, #80]	@ (1000168c <__wrap_putchar+0x90>)
1000163a:	e002      	b.n	10001642 <__wrap_putchar+0x46>
1000163c:	6924      	ldr	r4, [r4, #16]
1000163e:	2c00      	cmp	r4, #0
10001640:	d00f      	beq.n	10001662 <__wrap_putchar+0x66>
10001642:	6823      	ldr	r3, [r4, #0]
10001644:	2b00      	cmp	r3, #0
10001646:	d0f9      	beq.n	1000163c <__wrap_putchar+0x40>
10001648:	683b      	ldr	r3, [r7, #0]
1000164a:	2b00      	cmp	r3, #0
1000164c:	d001      	beq.n	10001652 <__wrap_putchar+0x56>
1000164e:	429c      	cmp	r4, r3
10001650:	d1f4      	bne.n	1000163c <__wrap_putchar+0x40>
10001652:	0020      	movs	r0, r4
10001654:	2201      	movs	r2, #1
10001656:	0029      	movs	r1, r5
10001658:	f7ff ff0e 	bl	10001478 <stdio_out_chars_crlf>
1000165c:	6924      	ldr	r4, [r4, #16]
1000165e:	2c00      	cmp	r4, #0
10001660:	d1ef      	bne.n	10001642 <__wrap_putchar+0x46>
10001662:	4643      	mov	r3, r8
10001664:	2b00      	cmp	r3, #0
10001666:	d105      	bne.n	10001674 <__wrap_putchar+0x78>
10001668:	0030      	movs	r0, r6
1000166a:	b003      	add	sp, #12
1000166c:	bcc0      	pop	{r6, r7}
1000166e:	46b9      	mov	r9, r7
10001670:	46b0      	mov	r8, r6
10001672:	bdf0      	pop	{r4, r5, r6, r7, pc}
10001674:	4648      	mov	r0, r9
10001676:	f000 f863 	bl	10001740 <__mutex_exit_veneer>
1000167a:	e7f5      	b.n	10001668 <__wrap_putchar+0x6c>
1000167c:	000f4240 	.word	0x000f4240
10001680:	7fffffff 	.word	0x7fffffff
10001684:	20000220 	.word	0x20000220
10001688:	200005d4 	.word	0x200005d4
1000168c:	200005d8 	.word	0x200005d8

10001690 <__wrap_puts>:
10001690:	b570      	push	{r4, r5, r6, lr}
10001692:	0004      	movs	r4, r0
10001694:	f000 f81a 	bl	100016cc <strlen>
10001698:	2301      	movs	r3, #1
1000169a:	0001      	movs	r1, r0
1000169c:	0005      	movs	r5, r0
1000169e:	2201      	movs	r2, #1
100016a0:	0020      	movs	r0, r4
100016a2:	f7ff ff31 	bl	10001508 <stdio_put_string>
100016a6:	4b08      	ldr	r3, [pc, #32]	@ (100016c8 <__wrap_puts+0x38>)
100016a8:	681c      	ldr	r4, [r3, #0]
100016aa:	2c00      	cmp	r4, #0
100016ac:	d006      	beq.n	100016bc <__wrap_puts+0x2c>
100016ae:	6863      	ldr	r3, [r4, #4]
100016b0:	2b00      	cmp	r3, #0
100016b2:	d005      	beq.n	100016c0 <__wrap_puts+0x30>
100016b4:	4798      	blx	r3
100016b6:	6924      	ldr	r4, [r4, #16]
100016b8:	2c00      	cmp	r4, #0
100016ba:	d1f8      	bne.n	100016ae <__wrap_puts+0x1e>
100016bc:	0028      	movs	r0, r5
100016be:	bd70      	pop	{r4, r5, r6, pc}
100016c0:	6924      	ldr	r4, [r4, #16]
100016c2:	2c00      	cmp	r4, #0
100016c4:	d1f3      	bne.n	100016ae <__wrap_puts+0x1e>
100016c6:	e7f9      	b.n	100016bc <__wrap_puts+0x2c>
100016c8:	200005d4 	.word	0x200005d4

100016cc <strlen>:
100016cc:	0003      	movs	r3, r0
100016ce:	4684      	mov	ip, r0
100016d0:	079b      	lsls	r3, r3, #30
100016d2:	d00b      	beq.n	100016ec <strlen+0x20>
100016d4:	0003      	movs	r3, r0
100016d6:	2103      	movs	r1, #3
100016d8:	e002      	b.n	100016e0 <strlen+0x14>
100016da:	3301      	adds	r3, #1
100016dc:	420b      	tst	r3, r1
100016de:	d006      	beq.n	100016ee <strlen+0x22>
100016e0:	781a      	ldrb	r2, [r3, #0]
100016e2:	2a00      	cmp	r2, #0
100016e4:	d1f9      	bne.n	100016da <strlen+0xe>
100016e6:	4662      	mov	r2, ip
100016e8:	1a98      	subs	r0, r3, r2
100016ea:	4770      	bx	lr
100016ec:	0003      	movs	r3, r0
100016ee:	6819      	ldr	r1, [r3, #0]
100016f0:	4a0c      	ldr	r2, [pc, #48]	@ (10001724 <strlen+0x58>)
100016f2:	480d      	ldr	r0, [pc, #52]	@ (10001728 <strlen+0x5c>)
100016f4:	188a      	adds	r2, r1, r2
100016f6:	438a      	bics	r2, r1
100016f8:	4202      	tst	r2, r0
100016fa:	d10f      	bne.n	1000171c <strlen+0x50>
100016fc:	6859      	ldr	r1, [r3, #4]
100016fe:	4a09      	ldr	r2, [pc, #36]	@ (10001724 <strlen+0x58>)
10001700:	3304      	adds	r3, #4
10001702:	188a      	adds	r2, r1, r2
10001704:	438a      	bics	r2, r1
10001706:	4202      	tst	r2, r0
10001708:	d108      	bne.n	1000171c <strlen+0x50>
1000170a:	6859      	ldr	r1, [r3, #4]
1000170c:	4a05      	ldr	r2, [pc, #20]	@ (10001724 <strlen+0x58>)
1000170e:	3304      	adds	r3, #4
10001710:	188a      	adds	r2, r1, r2
10001712:	438a      	bics	r2, r1
10001714:	4202      	tst	r2, r0
10001716:	d0f1      	beq.n	100016fc <strlen+0x30>
10001718:	e000      	b.n	1000171c <strlen+0x50>
1000171a:	3301      	adds	r3, #1
1000171c:	781a      	ldrb	r2, [r3, #0]
1000171e:	2a00      	cmp	r2, #0
10001720:	d1fb      	bne.n	1000171a <strlen+0x4e>
10001722:	e7e0      	b.n	100016e6 <strlen+0x1a>
10001724:	fefefeff 	.word	0xfefefeff
10001728:	80808080 	.word	0x80808080
1000172c:	00000000 	.word	0x00000000

10001730 <__mutex_try_enter_block_until_veneer>:
10001730:	b401      	push	{r0}
10001732:	4802      	ldr	r0, [pc, #8]	@ (1000173c <__mutex_try_enter_block_until_veneer+0xc>)
10001734:	4684      	mov	ip, r0
10001736:	bc01      	pop	{r0}
10001738:	4760      	bx	ip
1000173a:	bf00      	nop
1000173c:	20000165 	.word	0x20000165

10001740 <__mutex_exit_veneer>:
10001740:	b401      	push	{r0}
10001742:	4802      	ldr	r0, [pc, #8]	@ (1000174c <__mutex_exit_veneer+0xc>)
10001744:	4684      	mov	ip, r0
10001746:	bc01      	pop	{r0}
10001748:	4760      	bx	ip
1000174a:	bf00      	nop
1000174c:	20000199 	.word	0x20000199

10001750 <____aeabi_idiv0_veneer>:
10001750:	b401      	push	{r0}
10001752:	4802      	ldr	r0, [pc, #8]	@ (1000175c <____aeabi_idiv0_veneer+0xc>)
10001754:	4684      	mov	ip, r0
10001756:	bc01      	pop	{r0}
10001758:	4760      	bx	ip
1000175a:	bf00      	nop
1000175c:	200001c1 	.word	0x200001c1

10001760 <__pre_init_runtime_init_early_resets>:
10001760:	10000fcd                                ....

10001764 <__pre_init_runtime_init_usb_power_down>:
10001764:	10000ff9 100011dd 100013d1 10001239     ............9...
10001774:	1000133d                                =...

10001778 <__pre_init_runtime_init_clocks>:
10001778:	10001105                                ....

1000177c <__pre_init_runtime_init_post_clock_resets>:
1000177c:	10001015                                ....

10001780 <__pre_init_runtime_init_rp2040_gpio_ie_disable>:
10001780:	10001035                                5...

10001784 <__pre_init_runtime_init_spin_locks_reset>:
10001784:	10001049                                I...

10001788 <__pre_init_runtime_init_mutex>:
10001788:	10000475                                u...

1000178c <__pre_init_runtime_init_install_ram_vector_table>:
1000178c:	10001051                                Q...

10001790 <__pre_init_runtime_init_default_alarm_pool>:
10001790:	100007e9                                ....

10001794 <__pre_init_first_per_core_initializer>:
10001794:	10000f95                                ....

10001798 <__pre_init_runtime_init_per_core_irq_priorities>:
10001798:	100003a5                                ....

Disassembly of section .data:

200000c0 <mutex_try_enter>:
200000c0:	0003      	movs	r3, r0
200000c2:	6800      	ldr	r0, [r0, #0]
200000c4:	f3ef 8c10 	mrs	ip, PRIMASK
200000c8:	b672      	cpsid	i
200000ca:	6802      	ldr	r2, [r0, #0]
200000cc:	2a00      	cmp	r2, #0
200000ce:	d0fc      	beq.n	200000ca <mutex_try_enter+0xa>
200000d0:	f3bf 8f5f 	dmb	sy
200000d4:	2204      	movs	r2, #4
200000d6:	569a      	ldrsb	r2, [r3, r2]
200000d8:	2a00      	cmp	r2, #0
200000da:	db0b      	blt.n	200000f4 <mutex_try_enter+0x34>
200000dc:	2900      	cmp	r1, #0
200000de:	d000      	beq.n	200000e2 <mutex_try_enter+0x22>
200000e0:	600a      	str	r2, [r1, #0]
200000e2:	2000      	movs	r0, #0
200000e4:	681b      	ldr	r3, [r3, #0]
200000e6:	f3bf 8f5f 	dmb	sy
200000ea:	2200      	movs	r2, #0
200000ec:	601a      	str	r2, [r3, #0]
200000ee:	f38c 8810 	msr	PRIMASK, ip
200000f2:	4770      	bx	lr
200000f4:	22d0      	movs	r2, #208	@ 0xd0
200000f6:	0612      	lsls	r2, r2, #24
200000f8:	6812      	ldr	r2, [r2, #0]
200000fa:	2001      	movs	r0, #1
200000fc:	711a      	strb	r2, [r3, #4]
200000fe:	e7f1      	b.n	200000e4 <mutex_try_enter+0x24>

20000100 <mutex_enter_block_until>:
20000100:	b5f0      	push	{r4, r5, r6, r7, lr}
20000102:	001f      	movs	r7, r3
20000104:	23d0      	movs	r3, #208	@ 0xd0
20000106:	46c6      	mov	lr, r8
20000108:	061b      	lsls	r3, r3, #24
2000010a:	681b      	ldr	r3, [r3, #0]
2000010c:	0004      	movs	r4, r0
2000010e:	0016      	movs	r6, r2
20000110:	4698      	mov	r8, r3
20000112:	2500      	movs	r5, #0
20000114:	b500      	push	{lr}
20000116:	e00a      	b.n	2000012e <mutex_enter_block_until+0x2e>
20000118:	f3bf 8f5f 	dmb	sy
2000011c:	6015      	str	r5, [r2, #0]
2000011e:	f381 8810 	msr	PRIMASK, r1
20000122:	0030      	movs	r0, r6
20000124:	0039      	movs	r1, r7
20000126:	f000 f84f 	bl	200001c8 <__best_effort_wfe_or_timeout_veneer>
2000012a:	2800      	cmp	r0, #0
2000012c:	d118      	bne.n	20000160 <mutex_enter_block_until+0x60>
2000012e:	6822      	ldr	r2, [r4, #0]
20000130:	f3ef 8110 	mrs	r1, PRIMASK
20000134:	b672      	cpsid	i
20000136:	6813      	ldr	r3, [r2, #0]
20000138:	2b00      	cmp	r3, #0
2000013a:	d0fc      	beq.n	20000136 <mutex_enter_block_until+0x36>
2000013c:	f3bf 8f5f 	dmb	sy
20000140:	7923      	ldrb	r3, [r4, #4]
20000142:	6822      	ldr	r2, [r4, #0]
20000144:	2b7f      	cmp	r3, #127	@ 0x7f
20000146:	d9e7      	bls.n	20000118 <mutex_enter_block_until+0x18>
20000148:	4643      	mov	r3, r8
2000014a:	7123      	strb	r3, [r4, #4]
2000014c:	f3bf 8f5f 	dmb	sy
20000150:	2300      	movs	r3, #0
20000152:	6013      	str	r3, [r2, #0]
20000154:	f381 8810 	msr	PRIMASK, r1
20000158:	2001      	movs	r0, #1
2000015a:	bc80      	pop	{r7}
2000015c:	46b8      	mov	r8, r7
2000015e:	bdf0      	pop	{r4, r5, r6, r7, pc}
20000160:	2000      	movs	r0, #0
20000162:	e7fa      	b.n	2000015a <mutex_enter_block_until+0x5a>

20000164 <mutex_try_enter_block_until>:
20000164:	b570      	push	{r4, r5, r6, lr}
20000166:	b082      	sub	sp, #8
20000168:	a901      	add	r1, sp, #4
2000016a:	0006      	movs	r6, r0
2000016c:	0014      	movs	r4, r2
2000016e:	001d      	movs	r5, r3
20000170:	f7ff ffa6 	bl	200000c0 <mutex_try_enter>
20000174:	2800      	cmp	r0, #0
20000176:	d107      	bne.n	20000188 <mutex_try_enter_block_until+0x24>
20000178:	22d0      	movs	r2, #208	@ 0xd0
2000017a:	0612      	lsls	r2, r2, #24
2000017c:	9b01      	ldr	r3, [sp, #4]
2000017e:	7812      	ldrb	r2, [r2, #0]
20000180:	b25b      	sxtb	r3, r3
20000182:	b252      	sxtb	r2, r2
20000184:	4293      	cmp	r3, r2
20000186:	d101      	bne.n	2000018c <mutex_try_enter_block_until+0x28>
20000188:	b002      	add	sp, #8
2000018a:	bd70      	pop	{r4, r5, r6, pc}
2000018c:	0022      	movs	r2, r4
2000018e:	002b      	movs	r3, r5
20000190:	0030      	movs	r0, r6
20000192:	f7ff ffb5 	bl	20000100 <mutex_enter_block_until>
20000196:	e7f7      	b.n	20000188 <mutex_try_enter_block_until+0x24>

20000198 <mutex_exit>:
20000198:	6802      	ldr	r2, [r0, #0]
2000019a:	f3ef 8110 	mrs	r1, PRIMASK
2000019e:	b672      	cpsid	i
200001a0:	6813      	ldr	r3, [r2, #0]
200001a2:	2b00      	cmp	r3, #0
200001a4:	d0fc      	beq.n	200001a0 <mutex_exit+0x8>
200001a6:	f3bf 8f5f 	dmb	sy
200001aa:	23ff      	movs	r3, #255	@ 0xff
200001ac:	7103      	strb	r3, [r0, #4]
200001ae:	6803      	ldr	r3, [r0, #0]
200001b0:	f3bf 8f5f 	dmb	sy
200001b4:	2200      	movs	r2, #0
200001b6:	601a      	str	r2, [r3, #0]
200001b8:	f381 8810 	msr	PRIMASK, r1
200001bc:	bf40      	sev
200001be:	4770      	bx	lr

200001c0 <__aeabi_idiv0>:
200001c0:	4770      	bx	lr
200001c2:	46c0      	nop			@ (mov r8, r8)
200001c4:	0000      	movs	r0, r0
	...

200001c8 <__best_effort_wfe_or_timeout_veneer>:
200001c8:	b401      	push	{r0}
200001ca:	4802      	ldr	r0, [pc, #8]	@ (200001d4 <__best_effort_wfe_or_timeout_veneer+0xc>)
200001cc:	4684      	mov	ip, r0
200001ce:	bc01      	pop	{r0}
200001d0:	4760      	bx	ip
200001d2:	bf00      	nop
200001d4:	10000aed 	.word	0x10000aed

200001d8 <striped_spin_lock_num>:
200001d8:	00000010 00000000                       ........

200001e0 <last_added.0>:
200001e0:	ffffffff 7fffffff                       ........

200001e8 <default_alarm_pool>:
	...
200001fc:	20000228                                (.. 

20000200 <aeabi_bits_funcs>:
20000200:	00003350 	.word	0x00003350
20000204:	0000334c 	.word	0x0000334c
20000208:	00003354 	.word	0x00003354
2000020c:	00003352 	.word	0x00003352

20000210 <aeabi_bits_funcs_end>:
20000210:	0000534d 	.word	0x0000534d
20000214:	0000434d 	.word	0x0000434d
20000218:	00003453 	.word	0x00003453
2000021c:	00003443 	.word	0x00003443

20000220 <print_mutex>:
	...
