
C:/Repositories/pico/es-student/131-hello-usb/build/131_hello_usb.elf:     file format elf32-littlearm

Sections:
Idx Name          Size      VMA       LMA       File off  Algn
  0 .boot2        00000100  10000000  10000000  00001000  2**0
                  CONTENTS, ALLOC, LOAD, READONLY, CODE
  1 .text         00003f98  10000100  10000100  00001100  2**3
                  CONTENTS, ALLOC, LOAD, READONLY, CODE
  2 .rodata       00000400  10004098  10004098  00005098  2**2
                  CONTENTS, ALLOC, LOAD, READONLY, DATA
  3 .binary_info  00000020  10004498  10004498  00005498  2**2
                  CONTENTS, ALLOC, LOAD, READONLY, DATA
  4 .xip_ram      00000000  15000000  15000000  00007030  2**0
                  CONTENTS
  5 .ram_vector_table 000000c0  20000000  20000000  00008000  2**2
                  ALLOC
  6 .uninitialized_data 00000000  200000c0  200000c0  00007030  2**0
                  CONTENTS
  7 .data         00000f70  200000c0  100044b8  000060c0  2**4
                  CONTENTS, ALLOC, LOAD, READONLY, CODE
  8 .tdata        00000000  20001030  20001030  00007030  2**0
                  CONTENTS, ALLOC, LOAD, DATA, THREAD_LOCAL
  9 .tbss         00000000  20001030  20001030  00000000  2**0
                  ALLOC, THREAD_LOCAL
 10 .tbss_space   00000000  20001030  20001030  00007030  2**0
                  CONTENTS
 11 .bss          00000c18  20001030  10005428  00007030  2**3
                  ALLOC
 12 .tls0         00000000  20001c48  20001c48  00007030  2**0
                  CONTENTS
 13 .tls1         00000000  20001c48  20001c48  00007030  2**0
                  CONTENTS
 14 .persistent_data 00000000  20001c48  20001c48  00007030  2**0
                  CONTENTS
 15 .dummy_pre_heap 00000000  20001c48  20001c48  00007030  2**0
                  CONTENTS
 16 .heap         00000800  20001c48  20001c48  00008000  2**2
                  ALLOC, READONLY
 17 .scratch_x    00000000  20040000  20040000  00007030  2**0
                  CONTENTS
 18 .scratch_y    00000000  20041000  20041000  00007030  2**0
                  CONTENTS
 19 .stack_dummy  00000800  20041000  20041000  00008000  2**5
                  ALLOC, READONLY
 20 .debug_info   0002c0ca  00000000  00000000  00007030  2**0
                  CONTENTS, READONLY, DEBUGGING, OCTETS
 21 .debug_abbrev 00008021  00000000  00000000  000330fa  2**0
                  CONTENTS, READONLY, DEBUGGING, OCTETS
 22 .debug_aranges 00001518  00000000  00000000  0003b120  2**3
                  CONTENTS, READONLY, DEBUGGING, OCTETS
 23 .debug_rnglists 00003dd0  00000000  00000000  0003c638  2**0
                  CONTENTS, READONLY, DEBUGGING, OCTETS
 24 .debug_line   00020ec4  00000000  00000000  00040408  2**0
                  CONTENTS, READONLY, DEBUGGING, OCTETS
 25 .debug_str    0000812c  00000000  00000000  000612cc  2**0
                  CONTENTS, READONLY, DEBUGGING, OCTETS
 26 .comment      00000046  00000000  00000000  000693f8  2**0
                  CONTENTS, READONLY
 27 .ARM.attributes 0000002a  00000000  00000000  0006943e  2**0
                  CONTENTS, READONLY
 28 .debug_frame  00002a20  00000000  00000000  00069468  2**2
                  CONTENTS, READONLY, DEBUGGING, OCTETS
 29 .debug_loclists 00017fbb  00000000  00000000  0006be88  2**0
                  CONTENTS, READONLY, DEBUGGING, OCTETS
 30 .debug_line_str 00000360  00000000  00000000  00083e43  2**0
                  CONTENTS, READONLY, DEBUGGING, OCTETS

C:/Repositories/pico/es-student/131-hello-usb/build/131_hello_usb.elf:     file format elf32-littlearm


Disassembly of section .boot2:

10000000 <__boot2_start__>:
10000000:	4b32b500 	.word	0x4b32b500
10000004:	60582021 	.word	0x60582021
10000008:	21026898 	.word	0x21026898
1000000c:	60984388 	.word	0x60984388
10000010:	611860d8 	.word	0x611860d8
10000014:	4b2e6158 	.word	0x4b2e6158
10000018:	60992100 	.word	0x60992100
1000001c:	61592102 	.word	0x61592102
10000020:	22f02101 	.word	0x22f02101
10000024:	492b5099 	.word	0x492b5099
10000028:	21016019 	.word	0x21016019
1000002c:	20356099 	.word	0x20356099
10000030:	f844f000 	.word	0xf844f000
10000034:	42902202 	.word	0x42902202
10000038:	2106d014 	.word	0x2106d014
1000003c:	f0006619 	.word	0xf0006619
10000040:	6e19f834 	.word	0x6e19f834
10000044:	66192101 	.word	0x66192101
10000048:	66182000 	.word	0x66182000
1000004c:	f000661a 	.word	0xf000661a
10000050:	6e19f82c 	.word	0x6e19f82c
10000054:	6e196e19 	.word	0x6e196e19
10000058:	f0002005 	.word	0xf0002005
1000005c:	2101f82f 	.word	0x2101f82f
10000060:	d1f94208 	.word	0xd1f94208
10000064:	60992100 	.word	0x60992100
10000068:	6019491b 	.word	0x6019491b
1000006c:	60592100 	.word	0x60592100
10000070:	481b491a 	.word	0x481b491a
10000074:	21016001 	.word	0x21016001
10000078:	21eb6099 	.word	0x21eb6099
1000007c:	21a06619 	.word	0x21a06619
10000080:	f0006619 	.word	0xf0006619
10000084:	2100f812 	.word	0x2100f812
10000088:	49166099 	.word	0x49166099
1000008c:	60014814 	.word	0x60014814
10000090:	60992101 	.word	0x60992101
10000094:	2800bc01 	.word	0x2800bc01
10000098:	4700d000 	.word	0x4700d000
1000009c:	49134812 	.word	0x49134812
100000a0:	c8036008 	.word	0xc8036008
100000a4:	8808f380 	.word	0x8808f380
100000a8:	b5034708 	.word	0xb5034708
100000ac:	20046a99 	.word	0x20046a99
100000b0:	d0fb4201 	.word	0xd0fb4201
100000b4:	42012001 	.word	0x42012001
100000b8:	bd03d1f8 	.word	0xbd03d1f8
100000bc:	6618b502 	.word	0x6618b502
100000c0:	f7ff6618 	.word	0xf7ff6618
100000c4:	6e18fff2 	.word	0x6e18fff2
100000c8:	bd026e18 	.word	0xbd026e18
100000cc:	40020000 	.word	0x40020000
100000d0:	18000000 	.word	0x18000000
100000d4:	00070000 	.word	0x00070000
100000d8:	005f0300 	.word	0x005f0300
100000dc:	00002221 	.word	0x00002221
100000e0:	180000f4 	.word	0x180000f4
100000e4:	a0002022 	.word	0xa0002022
100000e8:	10000100 	.word	0x10000100
100000ec:	e000ed08 	.word	0xe000ed08
	...
100000fc:	7a4eb274 	.word	0x7a4eb274

Disassembly of section .text:

10000100 <__VECTOR_TABLE>:
10000100:	20042000 	.word	0x20042000
10000104:	100001f7 	.word	0x100001f7
10000108:	100001cb 	.word	0x100001cb
1000010c:	100001cd 	.word	0x100001cd
10000110:	100001c9 	.word	0x100001c9
10000114:	100001c9 	.word	0x100001c9
10000118:	100001c9 	.word	0x100001c9
1000011c:	100001c9 	.word	0x100001c9
10000120:	100001c9 	.word	0x100001c9
10000124:	100001c9 	.word	0x100001c9
10000128:	100001c9 	.word	0x100001c9
1000012c:	100001cf 	.word	0x100001cf
10000130:	100001c9 	.word	0x100001c9
10000134:	100001c9 	.word	0x100001c9
10000138:	100001d1 	.word	0x100001d1
1000013c:	100001d3 	.word	0x100001d3
10000140:	100001c1 	.word	0x100001c1
10000144:	100001c1 	.word	0x100001c1
10000148:	100001c1 	.word	0x100001c1
1000014c:	100001c1 	.word	0x100001c1
10000150:	100001c1 	.word	0x100001c1
10000154:	100001c1 	.word	0x100001c1
10000158:	100001c1 	.word	0x100001c1
1000015c:	100001c1 	.word	0x100001c1
10000160:	100001c1 	.word	0x100001c1
10000164:	100001c1 	.word	0x100001c1
10000168:	100001c1 	.word	0x100001c1
1000016c:	100001c1 	.word	0x100001c1
10000170:	100001c1 	.word	0x100001c1
10000174:	100001c1 	.word	0x100001c1
10000178:	100001c1 	.word	0x100001c1
1000017c:	100001c1 	.word	0x100001c1
10000180:	100001c1 	.word	0x100001c1
10000184:	100001c1 	.word	0x100001c1
10000188:	100001c1 	.word	0x100001c1
1000018c:	100001c1 	.word	0x100001c1
10000190:	100001c1 	.word	0x100001c1
10000194:	100001c1 	.word	0x100001c1
10000198:	100001c1 	.word	0x100001c1
1000019c:	100001c1 	.word	0x100001c1
100001a0:	100001c1 	.word	0x100001c1
100001a4:	100001c1 	.word	0x100001c1
100001a8:	100001c1 	.word	0x100001c1
100001ac:	100001c1 	.word	0x100001c1
100001b0:	100001c1 	.word	0x100001c1
100001b4:	100001c1 	.word	0x100001c1
100001b8:	100001c1 	.word	0x100001c1
100001bc:	100001c1 	.word	0x100001c1

100001c0 <__unhandled_user_irq>:
100001c0:	f3ef 8005 	mrs	r0, IPSR
100001c4:	3810      	subs	r0, #16

100001c6 <unhandled_user_irq_num_in_r0>:
100001c6:	be00      	bkpt	0x0000

100001c8 <isr_invalid>:
100001c8:	be00      	bkpt	0x0000

100001ca <isr_nmi>:
100001ca:	be00      	bkpt	0x0000

100001cc <isr_hardfault>:
100001cc:	be00      	bkpt	0x0000

100001ce <isr_svcall>:
100001ce:	be00      	bkpt	0x0000

100001d0 <isr_pendsv>:
100001d0:	be00      	bkpt	0x0000

100001d2 <isr_systick>:
100001d2:	be00      	bkpt	0x0000

100001d4 <__default_isrs_end>:
100001d4:	7188ebf2 	.word	0x7188ebf2
100001d8:	10004498 	.word	0x10004498
100001dc:	100044b8 	.word	0x100044b8
100001e0:	10000238 	.word	0x10000238
100001e4:	e71aa390 	.word	0xe71aa390

100001e8 <_entry_point>:
100001e8:	2000      	movs	r0, #0

100001ea <_enter_vtable_in_r0>:
100001ea:	491e      	ldr	r1, [pc, #120]	@ (10000264 <data_cpy_table+0x2c>)
100001ec:	6008      	str	r0, [r1, #0]
100001ee:	c806      	ldmia	r0!, {r1, r2}
100001f0:	f381 8808 	msr	MSP, r1
100001f4:	4710      	bx	r2

100001f6 <_reset_handler>:
100001f6:	481c      	ldr	r0, [pc, #112]	@ (10000268 <data_cpy_table+0x30>)
100001f8:	6800      	ldr	r0, [r0, #0]
100001fa:	2800      	cmp	r0, #0
100001fc:	d001      	beq.n	10000202 <hold_non_core0_in_bootrom+0x4>

100001fe <hold_non_core0_in_bootrom>:
100001fe:	2000      	movs	r0, #0
10000200:	e7f3      	b.n	100001ea <_enter_vtable_in_r0>
10000202:	a40d      	add	r4, pc, #52	@ (adr r4, 10000238 <data_cpy_table>)
10000204:	cc0e      	ldmia	r4!, {r1, r2, r3}
10000206:	2900      	cmp	r1, #0
10000208:	d002      	beq.n	10000210 <hold_non_core0_in_bootrom+0x12>
1000020a:	f000 f812 	bl	10000232 <data_cpy>
1000020e:	e7f9      	b.n	10000204 <hold_non_core0_in_bootrom+0x6>
10000210:	4916      	ldr	r1, [pc, #88]	@ (1000026c <data_cpy_table+0x34>)
10000212:	4a17      	ldr	r2, [pc, #92]	@ (10000270 <data_cpy_table+0x38>)
10000214:	2000      	movs	r0, #0
10000216:	e000      	b.n	1000021a <bss_fill_test>

10000218 <bss_fill_loop>:
10000218:	c101      	stmia	r1!, {r0}

1000021a <bss_fill_test>:
1000021a:	4291      	cmp	r1, r2
1000021c:	d1fc      	bne.n	10000218 <bss_fill_loop>

1000021e <platform_entry>:
1000021e:	4915      	ldr	r1, [pc, #84]	@ (10000274 <data_cpy_table+0x3c>)
10000220:	4788      	blx	r1
10000222:	4915      	ldr	r1, [pc, #84]	@ (10000278 <data_cpy_table+0x40>)
10000224:	4788      	blx	r1
10000226:	4915      	ldr	r1, [pc, #84]	@ (1000027c <data_cpy_table+0x44>)
10000228:	4788      	blx	r1
1000022a:	be00      	bkpt	0x0000
1000022c:	e7fd      	b.n	1000022a <platform_entry+0xc>

1000022e <data_cpy_loop>:
1000022e:	c901      	ldmia	r1!, {r0}
10000230:	c201      	stmia	r2!, {r0}

10000232 <data_cpy>:
10000232:	429a      	cmp	r2, r3
10000234:	d3fb      	bcc.n	1000022e <data_cpy_loop>

10000236 <data_cpy_done>:
10000236:	4770      	bx	lr

10000238 <data_cpy_table>:
10000238:	100044b8 	.word	0x100044b8
1000023c:	200000c0 	.word	0x200000c0
10000240:	20001030 	.word	0x20001030
10000244:	10005428 	.word	0x10005428
10000248:	20040000 	.word	0x20040000
1000024c:	20040000 	.word	0x20040000
10000250:	10005428 	.word	0x10005428
10000254:	20041000 	.word	0x20041000
10000258:	20041000 	.word	0x20041000
1000025c:	00000000 	.word	0x00000000
10000260:	4770      	bx	lr
10000262:	0000      	.short	0x0000
10000264:	e000ed08 	.word	0xe000ed08
10000268:	d0000000 	.word	0xd0000000
1000026c:	20001030 	.word	0x20001030
10000270:	20001c48 	.word	0x20001c48
10000274:	10001981 	.word	0x10001981
10000278:	10000281 	.word	0x10000281
1000027c:	10001979 	.word	0x10001979

10000280 <main>:
10000280:	b510      	push	{r4, lr}
10000282:	f001 fc75 	bl	10001b70 <stdio_init_all>
10000286:	4c04      	ldr	r4, [pc, #16]	@ (10000298 <main+0x18>)
10000288:	0020      	movs	r0, r4
1000028a:	f001 fcbf 	bl	10001c0c <__wrap_puts>
1000028e:	20fa      	movs	r0, #250	@ 0xfa
10000290:	0080      	lsls	r0, r0, #2
10000292:	f000 fde9 	bl	10000e68 <sleep_ms>
10000296:	e7f7      	b.n	10000288 <main+0x8>
10000298:	10004098 	.word	0x10004098

1000029c <rp2040_chip_version>:
1000029c:	2380      	movs	r3, #128	@ 0x80
1000029e:	05db      	lsls	r3, r3, #23
100002a0:	6818      	ldr	r0, [r3, #0]
100002a2:	0f00      	lsrs	r0, r0, #28
100002a4:	4770      	bx	lr
100002a6:	46c0      	nop			@ (mov r8, r8)

100002a8 <panic>:
100002a8:	b40f      	push	{r0, r1, r2, r3}
100002aa:	b500      	push	{lr}
100002ac:	4808      	ldr	r0, [pc, #32]	@ (100002d0 <panic+0x28>)
100002ae:	b083      	sub	sp, #12
100002b0:	f001 fcac 	bl	10001c0c <__wrap_puts>
100002b4:	9b04      	ldr	r3, [sp, #16]
100002b6:	2b00      	cmp	r3, #0
100002b8:	d007      	beq.n	100002ca <panic+0x22>
100002ba:	a905      	add	r1, sp, #20
100002bc:	0018      	movs	r0, r3
100002be:	9101      	str	r1, [sp, #4]
100002c0:	f001 fb3e 	bl	10001940 <weak_raw_vprintf>
100002c4:	4803      	ldr	r0, [pc, #12]	@ (100002d4 <panic+0x2c>)
100002c6:	f001 fca1 	bl	10001c0c <__wrap_puts>
100002ca:	2001      	movs	r0, #1
100002cc:	f001 fb50 	bl	10001970 <_exit>
100002d0:	100040a8 	.word	0x100040a8
100002d4:	10004184 	.word	0x10004184

100002d8 <hw_claim_or_assert>:
100002d8:	b570      	push	{r4, r5, r6, lr}
100002da:	468c      	mov	ip, r1
100002dc:	0016      	movs	r6, r2
100002de:	f3ef 8410 	mrs	r4, PRIMASK
100002e2:	b672      	cpsid	i
100002e4:	490f      	ldr	r1, [pc, #60]	@ (10000324 <hw_claim_or_assert+0x4c>)
100002e6:	680b      	ldr	r3, [r1, #0]
100002e8:	2b00      	cmp	r3, #0
100002ea:	d0fc      	beq.n	100002e6 <hw_claim_or_assert+0xe>
100002ec:	f3bf 8f5f 	dmb	sy
100002f0:	4663      	mov	r3, ip
100002f2:	08db      	lsrs	r3, r3, #3
100002f4:	18c5      	adds	r5, r0, r3
100002f6:	2207      	movs	r2, #7
100002f8:	5cc0      	ldrb	r0, [r0, r3]
100002fa:	4663      	mov	r3, ip
100002fc:	401a      	ands	r2, r3
100002fe:	2301      	movs	r3, #1
10000300:	4093      	lsls	r3, r2
10000302:	001a      	movs	r2, r3
10000304:	4002      	ands	r2, r0
10000306:	4203      	tst	r3, r0
10000308:	d107      	bne.n	1000031a <hw_claim_or_assert+0x42>
1000030a:	4318      	orrs	r0, r3
1000030c:	7028      	strb	r0, [r5, #0]
1000030e:	f3bf 8f5f 	dmb	sy
10000312:	600a      	str	r2, [r1, #0]
10000314:	f384 8810 	msr	PRIMASK, r4
10000318:	bd70      	pop	{r4, r5, r6, pc}
1000031a:	4661      	mov	r1, ip
1000031c:	0030      	movs	r0, r6
1000031e:	f7ff ffc3 	bl	100002a8 <panic>
10000322:	46c0      	nop			@ (mov r8, r8)
10000324:	d000012c 	.word	0xd000012c

10000328 <hw_claim_unused_from_range>:
10000328:	b5f8      	push	{r3, r4, r5, r6, r7, lr}
1000032a:	46ce      	mov	lr, r9
1000032c:	4647      	mov	r7, r8
1000032e:	468c      	mov	ip, r1
10000330:	b580      	push	{r7, lr}
10000332:	001c      	movs	r4, r3
10000334:	f3ef 8810 	mrs	r8, PRIMASK
10000338:	b672      	cpsid	i
1000033a:	491c      	ldr	r1, [pc, #112]	@ (100003ac <hw_claim_unused_from_range+0x84>)
1000033c:	680b      	ldr	r3, [r1, #0]
1000033e:	2b00      	cmp	r3, #0
10000340:	d0fc      	beq.n	1000033c <hw_claim_unused_from_range+0x14>
10000342:	f3bf 8f5f 	dmb	sy
10000346:	42a2      	cmp	r2, r4
10000348:	d821      	bhi.n	1000038e <hw_claim_unused_from_range+0x66>
1000034a:	2307      	movs	r3, #7
1000034c:	4699      	mov	r9, r3
1000034e:	e002      	b.n	10000356 <hw_claim_unused_from_range+0x2e>
10000350:	3201      	adds	r2, #1
10000352:	4294      	cmp	r4, r2
10000354:	d318      	bcc.n	10000388 <hw_claim_unused_from_range+0x60>
10000356:	4649      	mov	r1, r9
10000358:	2601      	movs	r6, #1
1000035a:	4011      	ands	r1, r2
1000035c:	408e      	lsls	r6, r1
1000035e:	08d3      	lsrs	r3, r2, #3
10000360:	18c7      	adds	r7, r0, r3
10000362:	5cc3      	ldrb	r3, [r0, r3]
10000364:	421e      	tst	r6, r3
10000366:	d1f3      	bne.n	10000350 <hw_claim_unused_from_range+0x28>
10000368:	0010      	movs	r0, r2
1000036a:	4333      	orrs	r3, r6
1000036c:	703b      	strb	r3, [r7, #0]
1000036e:	f3bf 8f5f 	dmb	sy
10000372:	2200      	movs	r2, #0
10000374:	4b0d      	ldr	r3, [pc, #52]	@ (100003ac <hw_claim_unused_from_range+0x84>)
10000376:	601a      	str	r2, [r3, #0]
10000378:	f388 8810 	msr	PRIMASK, r8
1000037c:	2800      	cmp	r0, #0
1000037e:	db0e      	blt.n	1000039e <hw_claim_unused_from_range+0x76>
10000380:	bcc0      	pop	{r6, r7}
10000382:	46b9      	mov	r9, r7
10000384:	46b0      	mov	r8, r6
10000386:	bdf8      	pop	{r3, r4, r5, r6, r7, pc}
10000388:	2001      	movs	r0, #1
1000038a:	4240      	negs	r0, r0
1000038c:	e7ef      	b.n	1000036e <hw_claim_unused_from_range+0x46>
1000038e:	f3bf 8f5f 	dmb	sy
10000392:	2300      	movs	r3, #0
10000394:	600b      	str	r3, [r1, #0]
10000396:	f388 8810 	msr	PRIMASK, r8
1000039a:	2001      	movs	r0, #1
1000039c:	4240      	negs	r0, r0
1000039e:	4663      	mov	r3, ip
100003a0:	2b00      	cmp	r3, #0
100003a2:	d0ed      	beq.n	10000380 <hw_claim_unused_from_range+0x58>
100003a4:	9808      	ldr	r0, [sp, #32]
100003a6:	f7ff ff7f 	bl	100002a8 <panic>
100003aa:	46c0      	nop			@ (mov r8, r8)
100003ac:	d000012c 	.word	0xd000012c

100003b0 <next_striped_spin_lock_num>:
100003b0:	4a04      	ldr	r2, [pc, #16]	@ (100003c4 <next_striped_spin_lock_num+0x14>)
100003b2:	7810      	ldrb	r0, [r2, #0]
100003b4:	1c43      	adds	r3, r0, #1
100003b6:	b2db      	uxtb	r3, r3
100003b8:	2b17      	cmp	r3, #23
100003ba:	d900      	bls.n	100003be <next_striped_spin_lock_num+0xe>
100003bc:	2310      	movs	r3, #16
100003be:	7013      	strb	r3, [r2, #0]
100003c0:	4770      	bx	lr
100003c2:	46c0      	nop			@ (mov r8, r8)
100003c4:	20000f40 	.word	0x20000f40

100003c8 <spin_lock_claim_unused>:
100003c8:	b500      	push	{lr}
100003ca:	4b05      	ldr	r3, [pc, #20]	@ (100003e0 <spin_lock_claim_unused+0x18>)
100003cc:	b083      	sub	sp, #12
100003ce:	0001      	movs	r1, r0
100003d0:	9300      	str	r3, [sp, #0]
100003d2:	2218      	movs	r2, #24
100003d4:	231f      	movs	r3, #31
100003d6:	4803      	ldr	r0, [pc, #12]	@ (100003e4 <spin_lock_claim_unused+0x1c>)
100003d8:	f7ff ffa6 	bl	10000328 <hw_claim_unused_from_range>
100003dc:	b003      	add	sp, #12
100003de:	bd00      	pop	{pc}
100003e0:	100040b8 	.word	0x100040b8
100003e4:	2000178c 	.word	0x2000178c

100003e8 <spin_locks_reset>:
100003e8:	2100      	movs	r1, #0
100003ea:	4b04      	ldr	r3, [pc, #16]	@ (100003fc <spin_locks_reset+0x14>)
100003ec:	4a04      	ldr	r2, [pc, #16]	@ (10000400 <spin_locks_reset+0x18>)
100003ee:	f3bf 8f5f 	dmb	sy
100003f2:	c302      	stmia	r3!, {r1}
100003f4:	4293      	cmp	r3, r2
100003f6:	d1fa      	bne.n	100003ee <spin_locks_reset+0x6>
100003f8:	4770      	bx	lr
100003fa:	46c0      	nop			@ (mov r8, r8)
100003fc:	d0000100 	.word	0xd0000100
10000400:	d0000180 	.word	0xd0000180

10000404 <runtime_init_per_core_irq_priorities>:
10000404:	4b08      	ldr	r3, [pc, #32]	@ (10000428 <runtime_init_per_core_irq_priorities+0x24>)
10000406:	4a09      	ldr	r2, [pc, #36]	@ (1000042c <runtime_init_per_core_irq_priorities+0x28>)
10000408:	6013      	str	r3, [r2, #0]
1000040a:	4a09      	ldr	r2, [pc, #36]	@ (10000430 <runtime_init_per_core_irq_priorities+0x2c>)
1000040c:	6013      	str	r3, [r2, #0]
1000040e:	4a09      	ldr	r2, [pc, #36]	@ (10000434 <runtime_init_per_core_irq_priorities+0x30>)
10000410:	6013      	str	r3, [r2, #0]
10000412:	4a09      	ldr	r2, [pc, #36]	@ (10000438 <runtime_init_per_core_irq_priorities+0x34>)
10000414:	6013      	str	r3, [r2, #0]
10000416:	4a09      	ldr	r2, [pc, #36]	@ (1000043c <runtime_init_per_core_irq_priorities+0x38>)
10000418:	6013      	str	r3, [r2, #0]
1000041a:	4a09      	ldr	r2, [pc, #36]	@ (10000440 <runtime_init_per_core_irq_priorities+0x3c>)
1000041c:	6013      	str	r3, [r2, #0]
1000041e:	4a09      	ldr	r2, [pc, #36]	@ (10000444 <runtime_init_per_core_irq_priorities+0x40>)
10000420:	6013      	str	r3, [r2, #0]
10000422:	4a09      	ldr	r2, [pc, #36]	@ (10000448 <runtime_init_per_core_irq_priorities+0x44>)
10000424:	6013      	str	r3, [r2, #0]
10000426:	4770      	bx	lr
10000428:	80808080 	.word	0x80808080
1000042c:	e000e400 	.word	0xe000e400
10000430:	e000e404 	.word	0xe000e404
10000434:	e000e408 	.word	0xe000e408
10000438:	e000e40c 	.word	0xe000e40c
1000043c:	e000e410 	.word	0xe000e410
10000440:	e000e414 	.word	0xe000e414
10000444:	e000e418 	.word	0xe000e418
10000448:	e000e41c 	.word	0xe000e41c

1000044c <irq_set_enabled>:
1000044c:	231f      	movs	r3, #31
1000044e:	4018      	ands	r0, r3
10000450:	3b1e      	subs	r3, #30
10000452:	4083      	lsls	r3, r0
10000454:	2900      	cmp	r1, #0
10000456:	d005      	beq.n	10000464 <irq_set_enabled+0x18>
10000458:	21c0      	movs	r1, #192	@ 0xc0
1000045a:	4a04      	ldr	r2, [pc, #16]	@ (1000046c <irq_set_enabled+0x20>)
1000045c:	0049      	lsls	r1, r1, #1
1000045e:	5053      	str	r3, [r2, r1]
10000460:	6013      	str	r3, [r2, #0]
10000462:	4770      	bx	lr
10000464:	2280      	movs	r2, #128	@ 0x80
10000466:	4901      	ldr	r1, [pc, #4]	@ (1000046c <irq_set_enabled+0x20>)
10000468:	508b      	str	r3, [r1, r2]
1000046a:	e7fa      	b.n	10000462 <irq_set_enabled+0x16>
1000046c:	e000e100 	.word	0xe000e100

10000470 <irq_is_enabled>:
10000470:	2201      	movs	r2, #1
10000472:	4082      	lsls	r2, r0
10000474:	4b03      	ldr	r3, [pc, #12]	@ (10000484 <irq_is_enabled+0x14>)
10000476:	681b      	ldr	r3, [r3, #0]
10000478:	4013      	ands	r3, r2
1000047a:	1e5a      	subs	r2, r3, #1
1000047c:	4193      	sbcs	r3, r2
1000047e:	b2d8      	uxtb	r0, r3
10000480:	4770      	bx	lr
10000482:	46c0      	nop			@ (mov r8, r8)
10000484:	e000e100 	.word	0xe000e100

10000488 <irq_set_pending>:
10000488:	2301      	movs	r3, #1
1000048a:	4083      	lsls	r3, r0
1000048c:	4a01      	ldr	r2, [pc, #4]	@ (10000494 <irq_set_pending+0xc>)
1000048e:	6013      	str	r3, [r2, #0]
10000490:	4770      	bx	lr
10000492:	46c0      	nop			@ (mov r8, r8)
10000494:	e000e200 	.word	0xe000e200

10000498 <irq_has_shared_handler>:
10000498:	4b05      	ldr	r3, [pc, #20]	@ (100004b0 <irq_has_shared_handler+0x18>)
1000049a:	3010      	adds	r0, #16
1000049c:	689b      	ldr	r3, [r3, #8]
1000049e:	0080      	lsls	r0, r0, #2
100004a0:	58c3      	ldr	r3, [r0, r3]
100004a2:	4a04      	ldr	r2, [pc, #16]	@ (100004b4 <irq_has_shared_handler+0x1c>)
100004a4:	2000      	movs	r0, #0
100004a6:	1a9b      	subs	r3, r3, r2
100004a8:	2247      	movs	r2, #71	@ 0x47
100004aa:	429a      	cmp	r2, r3
100004ac:	4140      	adcs	r0, r0
100004ae:	4770      	bx	lr
100004b0:	e000ed00 	.word	0xe000ed00
100004b4:	20000f44 	.word	0x20000f44

100004b8 <irq_set_exclusive_handler>:
100004b8:	b510      	push	{r4, lr}
100004ba:	f3ef 8c10 	mrs	ip, PRIMASK
100004be:	b672      	cpsid	i
100004c0:	4a0f      	ldr	r2, [pc, #60]	@ (10000500 <irq_set_exclusive_handler+0x48>)
100004c2:	6813      	ldr	r3, [r2, #0]
100004c4:	2b00      	cmp	r3, #0
100004c6:	d0fc      	beq.n	100004c2 <irq_set_exclusive_handler+0xa>
100004c8:	f3bf 8f5f 	dmb	sy
100004cc:	4b0d      	ldr	r3, [pc, #52]	@ (10000504 <irq_set_exclusive_handler+0x4c>)
100004ce:	3010      	adds	r0, #16
100004d0:	689b      	ldr	r3, [r3, #8]
100004d2:	0080      	lsls	r0, r0, #2
100004d4:	581b      	ldr	r3, [r3, r0]
100004d6:	4a0c      	ldr	r2, [pc, #48]	@ (10000508 <irq_set_exclusive_handler+0x50>)
100004d8:	4293      	cmp	r3, r2
100004da:	d001      	beq.n	100004e0 <irq_set_exclusive_handler+0x28>
100004dc:	4299      	cmp	r1, r3
100004de:	d10c      	bne.n	100004fa <irq_set_exclusive_handler+0x42>
100004e0:	4b08      	ldr	r3, [pc, #32]	@ (10000504 <irq_set_exclusive_handler+0x4c>)
100004e2:	689b      	ldr	r3, [r3, #8]
100004e4:	5019      	str	r1, [r3, r0]
100004e6:	f3bf 8f5f 	dmb	sy
100004ea:	f3bf 8f5f 	dmb	sy
100004ee:	2200      	movs	r2, #0
100004f0:	4b03      	ldr	r3, [pc, #12]	@ (10000500 <irq_set_exclusive_handler+0x48>)
100004f2:	601a      	str	r2, [r3, #0]
100004f4:	f38c 8810 	msr	PRIMASK, ip
100004f8:	bd10      	pop	{r4, pc}
100004fa:	f000 ffe9 	bl	100014d0 <hard_assertion_failure>
100004fe:	46c0      	nop			@ (mov r8, r8)
10000500:	d0000124 	.word	0xd0000124
10000504:	e000ed00 	.word	0xe000ed00
10000508:	100001c1 	.word	0x100001c1

1000050c <irq_add_shared_handler>:
1000050c:	b5f0      	push	{r4, r5, r6, r7, lr}
1000050e:	46de      	mov	lr, fp
10000510:	4657      	mov	r7, sl
10000512:	464e      	mov	r6, r9
10000514:	4645      	mov	r5, r8
10000516:	b5e0      	push	{r5, r6, r7, lr}
10000518:	468b      	mov	fp, r1
1000051a:	b085      	sub	sp, #20
1000051c:	f3ef 8810 	mrs	r8, PRIMASK
10000520:	b672      	cpsid	i
10000522:	0016      	movs	r6, r2
10000524:	4a5b      	ldr	r2, [pc, #364]	@ (10000694 <irq_add_shared_handler+0x188>)
10000526:	6813      	ldr	r3, [r2, #0]
10000528:	2b00      	cmp	r3, #0
1000052a:	d0fc      	beq.n	10000526 <irq_add_shared_handler+0x1a>
1000052c:	46b2      	mov	sl, r6
1000052e:	f3bf 8f5f 	dmb	sy
10000532:	2500      	movs	r5, #0
10000534:	4958      	ldr	r1, [pc, #352]	@ (10000698 <irq_add_shared_handler+0x18c>)
10000536:	574d      	ldrsb	r5, [r1, r5]
10000538:	2d00      	cmp	r5, #0
1000053a:	da00      	bge.n	1000053e <irq_add_shared_handler+0x32>
1000053c:	e0a8      	b.n	10000690 <irq_add_shared_handler+0x184>
1000053e:	006b      	lsls	r3, r5, #1
10000540:	4a56      	ldr	r2, [pc, #344]	@ (1000069c <irq_add_shared_handler+0x190>)
10000542:	9301      	str	r3, [sp, #4]
10000544:	195b      	adds	r3, r3, r5
10000546:	009b      	lsls	r3, r3, #2
10000548:	18d4      	adds	r4, r2, r3
1000054a:	79a7      	ldrb	r7, [r4, #6]
1000054c:	3010      	adds	r0, #16
1000054e:	700f      	strb	r7, [r1, #0]
10000550:	4953      	ldr	r1, [pc, #332]	@ (100006a0 <irq_add_shared_handler+0x194>)
10000552:	0080      	lsls	r0, r0, #2
10000554:	6889      	ldr	r1, [r1, #8]
10000556:	4684      	mov	ip, r0
10000558:	580f      	ldr	r7, [r1, r0]
1000055a:	1ab9      	subs	r1, r7, r2
1000055c:	2947      	cmp	r1, #71	@ 0x47
1000055e:	d833      	bhi.n	100005c8 <irq_add_shared_handler+0xbc>
10000560:	2001      	movs	r0, #1
10000562:	0039      	movs	r1, r7
10000564:	4381      	bics	r1, r0
10000566:	79ce      	ldrb	r6, [r1, #7]
10000568:	4556      	cmp	r6, sl
1000056a:	d800      	bhi.n	1000056e <irq_add_shared_handler+0x62>
1000056c:	e06a      	b.n	10000644 <irq_add_shared_handler+0x138>
1000056e:	46a1      	mov	r9, r4
10000570:	4656      	mov	r6, sl
10000572:	9303      	str	r3, [sp, #12]
10000574:	e007      	b.n	10000586 <irq_add_shared_handler+0x7a>
10000576:	0058      	lsls	r0, r3, #1
10000578:	18c0      	adds	r0, r0, r3
1000057a:	0080      	lsls	r0, r0, #2
1000057c:	1810      	adds	r0, r2, r0
1000057e:	79c4      	ldrb	r4, [r0, #7]
10000580:	42b4      	cmp	r4, r6
10000582:	d94d      	bls.n	10000620 <irq_add_shared_handler+0x114>
10000584:	0001      	movs	r1, r0
10000586:	2306      	movs	r3, #6
10000588:	56cb      	ldrsb	r3, [r1, r3]
1000058a:	2b00      	cmp	r3, #0
1000058c:	daf3      	bge.n	10000576 <irq_add_shared_handler+0x6a>
1000058e:	1d08      	adds	r0, r1, #4
10000590:	464c      	mov	r4, r9
10000592:	46b2      	mov	sl, r6
10000594:	4681      	mov	r9, r0
10000596:	9302      	str	r3, [sp, #8]
10000598:	4b42      	ldr	r3, [pc, #264]	@ (100006a4 <irq_add_shared_handler+0x198>)
1000059a:	464e      	mov	r6, r9
1000059c:	3c04      	subs	r4, #4
1000059e:	1ba4      	subs	r4, r4, r6
100005a0:	0524      	lsls	r4, r4, #20
100005a2:	4e41      	ldr	r6, [pc, #260]	@ (100006a8 <irq_add_shared_handler+0x19c>)
100005a4:	0d64      	lsrs	r4, r4, #21
100005a6:	4334      	orrs	r4, r6
100005a8:	808c      	strh	r4, [r1, #4]
100005aa:	718d      	strb	r5, [r1, #6]
100005ac:	9901      	ldr	r1, [sp, #4]
100005ae:	1949      	adds	r1, r1, r5
100005b0:	0089      	lsls	r1, r1, #2
100005b2:	1852      	adds	r2, r2, r1
100005b4:	8093      	strh	r3, [r2, #4]
100005b6:	9b02      	ldr	r3, [sp, #8]
100005b8:	493c      	ldr	r1, [pc, #240]	@ (100006ac <irq_add_shared_handler+0x1a0>)
100005ba:	7193      	strb	r3, [r2, #6]
100005bc:	4653      	mov	r3, sl
100005be:	71d3      	strb	r3, [r2, #7]
100005c0:	465b      	mov	r3, fp
100005c2:	6011      	str	r1, [r2, #0]
100005c4:	6093      	str	r3, [r2, #8]
100005c6:	e017      	b.n	100005f8 <irq_add_shared_handler+0xec>
100005c8:	4939      	ldr	r1, [pc, #228]	@ (100006b0 <irq_add_shared_handler+0x1a4>)
100005ca:	428f      	cmp	r7, r1
100005cc:	d160      	bne.n	10000690 <irq_add_shared_handler+0x184>
100005ce:	4939      	ldr	r1, [pc, #228]	@ (100006b4 <irq_add_shared_handler+0x1a8>)
100005d0:	2701      	movs	r7, #1
100005d2:	52d1      	strh	r1, [r2, r3]
100005d4:	4938      	ldr	r1, [pc, #224]	@ (100006b8 <irq_add_shared_handler+0x1ac>)
100005d6:	3302      	adds	r3, #2
100005d8:	18d3      	adds	r3, r2, r3
100005da:	3904      	subs	r1, #4
100005dc:	1acb      	subs	r3, r1, r3
100005de:	4a32      	ldr	r2, [pc, #200]	@ (100006a8 <irq_add_shared_handler+0x19c>)
100005e0:	051b      	lsls	r3, r3, #20
100005e2:	0d5b      	lsrs	r3, r3, #21
100005e4:	4313      	orrs	r3, r2
100005e6:	8063      	strh	r3, [r4, #2]
100005e8:	4b34      	ldr	r3, [pc, #208]	@ (100006bc <irq_add_shared_handler+0x1b0>)
100005ea:	71e6      	strb	r6, [r4, #7]
100005ec:	80a3      	strh	r3, [r4, #4]
100005ee:	23ff      	movs	r3, #255	@ 0xff
100005f0:	71a3      	strb	r3, [r4, #6]
100005f2:	465b      	mov	r3, fp
100005f4:	4327      	orrs	r7, r4
100005f6:	60a3      	str	r3, [r4, #8]
100005f8:	4662      	mov	r2, ip
100005fa:	4b29      	ldr	r3, [pc, #164]	@ (100006a0 <irq_add_shared_handler+0x194>)
100005fc:	689b      	ldr	r3, [r3, #8]
100005fe:	509f      	str	r7, [r3, r2]
10000600:	f3bf 8f5f 	dmb	sy
10000604:	f3bf 8f5f 	dmb	sy
10000608:	2200      	movs	r2, #0
1000060a:	4b22      	ldr	r3, [pc, #136]	@ (10000694 <irq_add_shared_handler+0x188>)
1000060c:	601a      	str	r2, [r3, #0]
1000060e:	f388 8810 	msr	PRIMASK, r8
10000612:	b005      	add	sp, #20
10000614:	bcf0      	pop	{r4, r5, r6, r7}
10000616:	46bb      	mov	fp, r7
10000618:	46b2      	mov	sl, r6
1000061a:	46a9      	mov	r9, r5
1000061c:	46a0      	mov	r8, r4
1000061e:	bdf0      	pop	{r4, r5, r6, r7, pc}
10000620:	46b2      	mov	sl, r6
10000622:	1d0e      	adds	r6, r1, #4
10000624:	464c      	mov	r4, r9
10000626:	46b1      	mov	r9, r6
10000628:	8888      	ldrh	r0, [r1, #4]
1000062a:	9302      	str	r3, [sp, #8]
1000062c:	9b03      	ldr	r3, [sp, #12]
1000062e:	0540      	lsls	r0, r0, #21
10000630:	1500      	asrs	r0, r0, #20
10000632:	3304      	adds	r3, #4
10000634:	4448      	add	r0, r9
10000636:	18d3      	adds	r3, r2, r3
10000638:	1ac3      	subs	r3, r0, r3
1000063a:	051b      	lsls	r3, r3, #20
1000063c:	481a      	ldr	r0, [pc, #104]	@ (100006a8 <irq_add_shared_handler+0x19c>)
1000063e:	0d5b      	lsrs	r3, r3, #21
10000640:	4303      	orrs	r3, r0
10000642:	e7aa      	b.n	1000059a <irq_add_shared_handler+0x8e>
10000644:	1c9e      	adds	r6, r3, #2
10000646:	46b1      	mov	r9, r6
10000648:	4491      	add	r9, r2
1000064a:	464e      	mov	r6, r9
1000064c:	000f      	movs	r7, r1
1000064e:	4d1c      	ldr	r5, [pc, #112]	@ (100006c0 <irq_add_shared_handler+0x1b4>)
10000650:	1abf      	subs	r7, r7, r2
10000652:	417f      	adcs	r7, r7
10000654:	437d      	muls	r5, r7
10000656:	0d2d      	lsrs	r5, r5, #20
10000658:	4f16      	ldr	r7, [pc, #88]	@ (100006b4 <irq_add_shared_handler+0x1a8>)
1000065a:	71a5      	strb	r5, [r4, #6]
1000065c:	52d7      	strh	r7, [r2, r3]
1000065e:	4f16      	ldr	r7, [pc, #88]	@ (100006b8 <irq_add_shared_handler+0x1ac>)
10000660:	3304      	adds	r3, #4
10000662:	3f04      	subs	r7, #4
10000664:	18d3      	adds	r3, r2, r3
10000666:	1bbf      	subs	r7, r7, r6
10000668:	1acb      	subs	r3, r1, r3
1000066a:	053f      	lsls	r7, r7, #20
1000066c:	3b04      	subs	r3, #4
1000066e:	0d7e      	lsrs	r6, r7, #21
10000670:	051b      	lsls	r3, r3, #20
10000672:	4f0d      	ldr	r7, [pc, #52]	@ (100006a8 <irq_add_shared_handler+0x19c>)
10000674:	0d5b      	lsrs	r3, r3, #21
10000676:	433e      	orrs	r6, r7
10000678:	431f      	orrs	r7, r3
1000067a:	4653      	mov	r3, sl
1000067c:	71e3      	strb	r3, [r4, #7]
1000067e:	465b      	mov	r3, fp
10000680:	60a3      	str	r3, [r4, #8]
10000682:	4b0a      	ldr	r3, [pc, #40]	@ (100006ac <irq_add_shared_handler+0x1a0>)
10000684:	80a7      	strh	r7, [r4, #4]
10000686:	8066      	strh	r6, [r4, #2]
10000688:	4304      	orrs	r4, r0
1000068a:	0027      	movs	r7, r4
1000068c:	600b      	str	r3, [r1, #0]
1000068e:	e7b3      	b.n	100005f8 <irq_add_shared_handler+0xec>
10000690:	f000 ff1e 	bl	100014d0 <hard_assertion_failure>
10000694:	d0000124 	.word	0xd0000124
10000698:	20001c41 	.word	0x20001c41
1000069c:	20000f44 	.word	0x20000f44
100006a0:	e000ed00 	.word	0xe000ed00
100006a4:	0000bd01 	.word	0x0000bd01
100006a8:	ffffe000 	.word	0xffffe000
100006ac:	47804801 	.word	0x47804801
100006b0:	100001c1 	.word	0x100001c1
100006b4:	ffffa100 	.word	0xffffa100
100006b8:	20000f8c 	.word	0x20000f8c
100006bc:	ffffbd01 	.word	0xffffbd01
100006c0:	0000aaaa 	.word	0x0000aaaa

100006c4 <irq_add_tail_to_free_list>:
100006c4:	2301      	movs	r3, #1
100006c6:	4303      	orrs	r3, r0
100006c8:	b570      	push	{r4, r5, r6, lr}
100006ca:	469c      	mov	ip, r3
100006cc:	f3ef 8105 	mrs	r1, IPSR
100006d0:	f3ef 8510 	mrs	r5, PRIMASK
100006d4:	b672      	cpsid	i
100006d6:	4a27      	ldr	r2, [pc, #156]	@ (10000774 <irq_add_tail_to_free_list+0xb0>)
100006d8:	6813      	ldr	r3, [r2, #0]
100006da:	2b00      	cmp	r3, #0
100006dc:	d0fc      	beq.n	100006d8 <irq_add_tail_to_free_list+0x14>
100006de:	f3bf 8f5f 	dmb	sy
100006e2:	4a25      	ldr	r2, [pc, #148]	@ (10000778 <irq_add_tail_to_free_list+0xb4>)
100006e4:	0004      	movs	r4, r0
100006e6:	4b25      	ldr	r3, [pc, #148]	@ (1000077c <irq_add_tail_to_free_list+0xb8>)
100006e8:	1aa4      	subs	r4, r4, r2
100006ea:	4164      	adcs	r4, r4
100006ec:	4363      	muls	r3, r4
100006ee:	0d1b      	lsrs	r3, r3, #20
100006f0:	4c23      	ldr	r4, [pc, #140]	@ (10000780 <irq_add_tail_to_free_list+0xbc>)
100006f2:	0089      	lsls	r1, r1, #2
100006f4:	68a6      	ldr	r6, [r4, #8]
100006f6:	b25b      	sxtb	r3, r3
100006f8:	5876      	ldr	r6, [r6, r1]
100006fa:	4566      	cmp	r6, ip
100006fc:	d024      	beq.n	10000748 <irq_add_tail_to_free_list+0x84>
100006fe:	2106      	movs	r1, #6
10000700:	5651      	ldrsb	r1, [r2, r1]
10000702:	4299      	cmp	r1, r3
10000704:	d024      	beq.n	10000750 <irq_add_tail_to_free_list+0x8c>
10000706:	2112      	movs	r1, #18
10000708:	5651      	ldrsb	r1, [r2, r1]
1000070a:	4299      	cmp	r1, r3
1000070c:	d02a      	beq.n	10000764 <irq_add_tail_to_free_list+0xa0>
1000070e:	211e      	movs	r1, #30
10000710:	5651      	ldrsb	r1, [r2, r1]
10000712:	4299      	cmp	r1, r3
10000714:	d028      	beq.n	10000768 <irq_add_tail_to_free_list+0xa4>
10000716:	212a      	movs	r1, #42	@ 0x2a
10000718:	5651      	ldrsb	r1, [r2, r1]
1000071a:	4299      	cmp	r1, r3
1000071c:	d026      	beq.n	1000076c <irq_add_tail_to_free_list+0xa8>
1000071e:	2136      	movs	r1, #54	@ 0x36
10000720:	5651      	ldrsb	r1, [r2, r1]
10000722:	4299      	cmp	r1, r3
10000724:	d024      	beq.n	10000770 <irq_add_tail_to_free_list+0xac>
10000726:	2142      	movs	r1, #66	@ 0x42
10000728:	5651      	ldrsb	r1, [r2, r1]
1000072a:	2405      	movs	r4, #5
1000072c:	4299      	cmp	r1, r3
1000072e:	d010      	beq.n	10000752 <irq_add_tail_to_free_list+0x8e>
10000730:	4a14      	ldr	r2, [pc, #80]	@ (10000784 <irq_add_tail_to_free_list+0xc0>)
10000732:	7811      	ldrb	r1, [r2, #0]
10000734:	7013      	strb	r3, [r2, #0]
10000736:	7181      	strb	r1, [r0, #6]
10000738:	f3bf 8f5f 	dmb	sy
1000073c:	2200      	movs	r2, #0
1000073e:	4b0d      	ldr	r3, [pc, #52]	@ (10000774 <irq_add_tail_to_free_list+0xb0>)
10000740:	601a      	str	r2, [r3, #0]
10000742:	f385 8810 	msr	PRIMASK, r5
10000746:	bd70      	pop	{r4, r5, r6, pc}
10000748:	68a2      	ldr	r2, [r4, #8]
1000074a:	4c0f      	ldr	r4, [pc, #60]	@ (10000788 <irq_add_tail_to_free_list+0xc4>)
1000074c:	5054      	str	r4, [r2, r1]
1000074e:	e7ef      	b.n	10000730 <irq_add_tail_to_free_list+0x6c>
10000750:	2400      	movs	r4, #0
10000752:	0061      	lsls	r1, r4, #1
10000754:	1909      	adds	r1, r1, r4
10000756:	0089      	lsls	r1, r1, #2
10000758:	1852      	adds	r2, r2, r1
1000075a:	21ff      	movs	r1, #255	@ 0xff
1000075c:	7191      	strb	r1, [r2, #6]
1000075e:	490b      	ldr	r1, [pc, #44]	@ (1000078c <irq_add_tail_to_free_list+0xc8>)
10000760:	8091      	strh	r1, [r2, #4]
10000762:	e7e5      	b.n	10000730 <irq_add_tail_to_free_list+0x6c>
10000764:	2401      	movs	r4, #1
10000766:	e7f4      	b.n	10000752 <irq_add_tail_to_free_list+0x8e>
10000768:	2402      	movs	r4, #2
1000076a:	e7f2      	b.n	10000752 <irq_add_tail_to_free_list+0x8e>
1000076c:	2403      	movs	r4, #3
1000076e:	e7f0      	b.n	10000752 <irq_add_tail_to_free_list+0x8e>
10000770:	2404      	movs	r4, #4
10000772:	e7ee      	b.n	10000752 <irq_add_tail_to_free_list+0x8e>
10000774:	d0000124 	.word	0xd0000124
10000778:	20000f44 	.word	0x20000f44
1000077c:	0000aaaa 	.word	0x0000aaaa
10000780:	e000ed00 	.word	0xe000ed00
10000784:	20001c41 	.word	0x20001c41
10000788:	100001c1 	.word	0x100001c1
1000078c:	ffffbd01 	.word	0xffffbd01

10000790 <user_irq_claim_unused>:
10000790:	b500      	push	{lr}
10000792:	4b07      	ldr	r3, [pc, #28]	@ (100007b0 <user_irq_claim_unused+0x20>)
10000794:	b083      	sub	sp, #12
10000796:	0001      	movs	r1, r0
10000798:	9300      	str	r3, [sp, #0]
1000079a:	2200      	movs	r2, #0
1000079c:	2305      	movs	r3, #5
1000079e:	4805      	ldr	r0, [pc, #20]	@ (100007b4 <user_irq_claim_unused+0x24>)
100007a0:	f7ff fdc2 	bl	10000328 <hw_claim_unused_from_range>
100007a4:	2800      	cmp	r0, #0
100007a6:	db01      	blt.n	100007ac <user_irq_claim_unused+0x1c>
100007a8:	231f      	movs	r3, #31
100007aa:	1a18      	subs	r0, r3, r0
100007ac:	b003      	add	sp, #12
100007ae:	bd00      	pop	{pc}
100007b0:	100040d4 	.word	0x100040d4
100007b4:	20001c45 	.word	0x20001c45

100007b8 <lock_init>:
100007b8:	4b02      	ldr	r3, [pc, #8]	@ (100007c4 <lock_init+0xc>)
100007ba:	18c9      	adds	r1, r1, r3
100007bc:	0089      	lsls	r1, r1, #2
100007be:	6001      	str	r1, [r0, #0]
100007c0:	4770      	bx	lr
100007c2:	46c0      	nop			@ (mov r8, r8)
100007c4:	34000040 	.word	0x34000040

100007c8 <runtime_init_mutex>:
100007c8:	b570      	push	{r4, r5, r6, lr}
100007ca:	4c11      	ldr	r4, [pc, #68]	@ (10000810 <runtime_init_mutex+0x48>)
100007cc:	4d11      	ldr	r5, [pc, #68]	@ (10000814 <runtime_init_mutex+0x4c>)
100007ce:	42ac      	cmp	r4, r5
100007d0:	d20f      	bcs.n	100007f2 <runtime_init_mutex+0x2a>
100007d2:	26ff      	movs	r6, #255	@ 0xff
100007d4:	6823      	ldr	r3, [r4, #0]
100007d6:	2b00      	cmp	r3, #0
100007d8:	d00c      	beq.n	100007f4 <runtime_init_mutex+0x2c>
100007da:	f7ff fde9 	bl	100003b0 <next_striped_spin_lock_num>
100007de:	0001      	movs	r1, r0
100007e0:	0020      	movs	r0, r4
100007e2:	f7ff ffe9 	bl	100007b8 <lock_init>
100007e6:	80a6      	strh	r6, [r4, #4]
100007e8:	f3bf 8f5f 	dmb	sy
100007ec:	3408      	adds	r4, #8
100007ee:	42ac      	cmp	r4, r5
100007f0:	d3f0      	bcc.n	100007d4 <runtime_init_mutex+0xc>
100007f2:	bd70      	pop	{r4, r5, r6, pc}
100007f4:	f7ff fddc 	bl	100003b0 <next_striped_spin_lock_num>
100007f8:	0001      	movs	r1, r0
100007fa:	0020      	movs	r0, r4
100007fc:	f7ff ffdc 	bl	100007b8 <lock_init>
10000800:	7126      	strb	r6, [r4, #4]
10000802:	f3bf 8f5f 	dmb	sy
10000806:	3408      	adds	r4, #8
10000808:	42ac      	cmp	r4, r5
1000080a:	d3e3      	bcc.n	100007d4 <runtime_init_mutex+0xc>
1000080c:	e7f1      	b.n	100007f2 <runtime_init_mutex+0x2a>
1000080e:	46c0      	nop			@ (mov r8, r8)
10000810:	20001028 	.word	0x20001028
10000814:	20001030 	.word	0x20001030

10000818 <mutex_init>:
10000818:	b510      	push	{r4, lr}
1000081a:	0004      	movs	r4, r0
1000081c:	f7ff fdc8 	bl	100003b0 <next_striped_spin_lock_num>
10000820:	0001      	movs	r1, r0
10000822:	0020      	movs	r0, r4
10000824:	f7ff ffc8 	bl	100007b8 <lock_init>
10000828:	23ff      	movs	r3, #255	@ 0xff
1000082a:	7123      	strb	r3, [r4, #4]
1000082c:	f3bf 8f5f 	dmb	sy
10000830:	bd10      	pop	{r4, pc}
10000832:	46c0      	nop			@ (mov r8, r8)

10000834 <critical_section_init>:
10000834:	b510      	push	{r4, lr}
10000836:	0004      	movs	r4, r0
10000838:	2001      	movs	r0, #1
1000083a:	f7ff fdc5 	bl	100003c8 <spin_lock_claim_unused>
1000083e:	4b03      	ldr	r3, [pc, #12]	@ (1000084c <critical_section_init+0x18>)
10000840:	18c0      	adds	r0, r0, r3
10000842:	0080      	lsls	r0, r0, #2
10000844:	6020      	str	r0, [r4, #0]
10000846:	f3bf 8f5f 	dmb	sy
1000084a:	bd10      	pop	{r4, pc}
1000084c:	34000040 	.word	0x34000040

10000850 <critical_section_init_with_lock_num>:
10000850:	4b03      	ldr	r3, [pc, #12]	@ (10000860 <critical_section_init_with_lock_num+0x10>)
10000852:	18c9      	adds	r1, r1, r3
10000854:	0089      	lsls	r1, r1, #2
10000856:	6001      	str	r1, [r0, #0]
10000858:	f3bf 8f5f 	dmb	sy
1000085c:	4770      	bx	lr
1000085e:	46c0      	nop			@ (mov r8, r8)
10000860:	34000040 	.word	0x34000040

10000864 <sleep_until_callback>:
10000864:	4b0a      	ldr	r3, [pc, #40]	@ (10000890 <sleep_until_callback+0x2c>)
10000866:	6819      	ldr	r1, [r3, #0]
10000868:	f3ef 8010 	mrs	r0, PRIMASK
1000086c:	b672      	cpsid	i
1000086e:	680a      	ldr	r2, [r1, #0]
10000870:	2a00      	cmp	r2, #0
10000872:	d0fc      	beq.n	1000086e <sleep_until_callback+0xa>
10000874:	f3bf 8f5f 	dmb	sy
10000878:	681b      	ldr	r3, [r3, #0]
1000087a:	f3bf 8f5f 	dmb	sy
1000087e:	2200      	movs	r2, #0
10000880:	601a      	str	r2, [r3, #0]
10000882:	f380 8810 	msr	PRIMASK, r0
10000886:	bf40      	sev
10000888:	2000      	movs	r0, #0
1000088a:	2100      	movs	r1, #0
1000088c:	4770      	bx	lr
1000088e:	46c0      	nop			@ (mov r8, r8)
10000890:	20001c20 	.word	0x20001c20

10000894 <alarm_pool_irq_handler>:
10000894:	b5f0      	push	{r4, r5, r6, r7, lr}
10000896:	46de      	mov	lr, fp
10000898:	4657      	mov	r7, sl
1000089a:	464e      	mov	r6, r9
1000089c:	4645      	mov	r5, r8
1000089e:	b5e0      	push	{r5, r6, r7, lr}
100008a0:	b085      	sub	sp, #20
100008a2:	f3ef 8305 	mrs	r3, IPSR
100008a6:	2203      	movs	r2, #3
100008a8:	401a      	ands	r2, r3
100008aa:	4bb3      	ldr	r3, [pc, #716]	@ (10000b78 <alarm_pool_irq_handler+0x2e4>)
100008ac:	0091      	lsls	r1, r2, #2
100008ae:	585f      	ldr	r7, [r3, r1]
100008b0:	2301      	movs	r3, #1
100008b2:	4093      	lsls	r3, r2
100008b4:	469b      	mov	fp, r3
100008b6:	9202      	str	r2, [sp, #8]
100008b8:	465a      	mov	r2, fp
100008ba:	4688      	mov	r8, r1
100008bc:	4baf      	ldr	r3, [pc, #700]	@ (10000b7c <alarm_pool_irq_handler+0x2e8>)
100008be:	601a      	str	r2, [r3, #0]
100008c0:	4baf      	ldr	r3, [pc, #700]	@ (10000b80 <alarm_pool_irq_handler+0x2ec>)
100008c2:	9303      	str	r3, [sp, #12]
100008c4:	465b      	mov	r3, fp
100008c6:	48af      	ldr	r0, [pc, #700]	@ (10000b84 <alarm_pool_irq_handler+0x2f0>)
100008c8:	6343      	str	r3, [r0, #52]	@ 0x34
100008ca:	2308      	movs	r3, #8
100008cc:	5efe      	ldrsh	r6, [r7, r3]
100008ce:	2e00      	cmp	r6, #0
100008d0:	da37      	bge.n	10000942 <alarm_pool_irq_handler+0xae>
100008d2:	88bb      	ldrh	r3, [r7, #4]
100008d4:	b21b      	sxth	r3, r3
100008d6:	2b00      	cmp	r3, #0
100008d8:	db00      	blt.n	100008dc <alarm_pool_irq_handler+0x48>
100008da:	e0a4      	b.n	10000a26 <alarm_pool_irq_handler+0x192>
100008dc:	79bb      	ldrb	r3, [r7, #6]
100008de:	2b00      	cmp	r3, #0
100008e0:	d000      	beq.n	100008e4 <alarm_pool_irq_handler+0x50>
100008e2:	e0e5      	b.n	10000ab0 <alarm_pool_irq_handler+0x21c>
100008e4:	2308      	movs	r3, #8
100008e6:	5ef9      	ldrsh	r1, [r7, r3]
100008e8:	2900      	cmp	r1, #0
100008ea:	db20      	blt.n	1000092e <alarm_pool_irq_handler+0x9a>
100008ec:	004b      	lsls	r3, r1, #1
100008ee:	697a      	ldr	r2, [r7, #20]
100008f0:	185b      	adds	r3, r3, r1
100008f2:	00db      	lsls	r3, r3, #3
100008f4:	18d3      	adds	r3, r2, r3
100008f6:	689d      	ldr	r5, [r3, #8]
100008f8:	68dc      	ldr	r4, [r3, #12]
100008fa:	1c6b      	adds	r3, r5, #1
100008fc:	d100      	bne.n	10000900 <alarm_pool_irq_handler+0x6c>
100008fe:	e104      	b.n	10000b0a <alarm_pool_irq_handler+0x276>
10000900:	48a0      	ldr	r0, [pc, #640]	@ (10000b84 <alarm_pool_irq_handler+0x2f0>)
10000902:	0001      	movs	r1, r0
10000904:	4441      	add	r1, r8
10000906:	6a82      	ldr	r2, [r0, #40]	@ 0x28
10000908:	690b      	ldr	r3, [r1, #16]
1000090a:	1aae      	subs	r6, r5, r2
1000090c:	1a9b      	subs	r3, r3, r2
1000090e:	429e      	cmp	r6, r3
10000910:	d315      	bcc.n	1000093e <alarm_pool_irq_handler+0xaa>
10000912:	2301      	movs	r3, #1
10000914:	6a02      	ldr	r2, [r0, #32]
10000916:	9802      	ldr	r0, [sp, #8]
10000918:	4083      	lsls	r3, r0
1000091a:	421a      	tst	r2, r3
1000091c:	d00f      	beq.n	1000093e <alarm_pool_irq_handler+0xaa>
1000091e:	4899      	ldr	r0, [pc, #612]	@ (10000b84 <alarm_pool_irq_handler+0x2f0>)
10000920:	f000 fbc0 	bl	100010a4 <timer_time_us_64>
10000924:	428c      	cmp	r4, r1
10000926:	dc02      	bgt.n	1000092e <alarm_pool_irq_handler+0x9a>
10000928:	d1cc      	bne.n	100008c4 <alarm_pool_irq_handler+0x30>
1000092a:	4285      	cmp	r5, r0
1000092c:	d9ca      	bls.n	100008c4 <alarm_pool_irq_handler+0x30>
1000092e:	bf40      	sev
10000930:	b005      	add	sp, #20
10000932:	bcf0      	pop	{r4, r5, r6, r7}
10000934:	46bb      	mov	fp, r7
10000936:	46b2      	mov	sl, r6
10000938:	46a9      	mov	r9, r5
1000093a:	46a0      	mov	r8, r4
1000093c:	bdf0      	pop	{r4, r5, r6, r7, pc}
1000093e:	610d      	str	r5, [r1, #16]
10000940:	e7ed      	b.n	1000091e <alarm_pool_irq_handler+0x8a>
10000942:	697a      	ldr	r2, [r7, #20]
10000944:	0073      	lsls	r3, r6, #1
10000946:	4691      	mov	r9, r2
10000948:	199b      	adds	r3, r3, r6
1000094a:	00db      	lsls	r3, r3, #3
1000094c:	4499      	add	r9, r3
1000094e:	464b      	mov	r3, r9
10000950:	689c      	ldr	r4, [r3, #8]
10000952:	68dd      	ldr	r5, [r3, #12]
10000954:	f000 fba6 	bl	100010a4 <timer_time_us_64>
10000958:	428d      	cmp	r5, r1
1000095a:	dcba      	bgt.n	100008d2 <alarm_pool_irq_handler+0x3e>
1000095c:	d100      	bne.n	10000960 <alarm_pool_irq_handler+0xcc>
1000095e:	e0f6      	b.n	10000b4e <alarm_pool_irq_handler+0x2ba>
10000960:	2d00      	cmp	r5, #0
10000962:	da00      	bge.n	10000966 <alarm_pool_irq_handler+0xd2>
10000964:	e0db      	b.n	10000b1e <alarm_pool_irq_handler+0x28a>
10000966:	464a      	mov	r2, r9
10000968:	464b      	mov	r3, r9
1000096a:	6952      	ldr	r2, [r2, #20]
1000096c:	691b      	ldr	r3, [r3, #16]
1000096e:	4692      	mov	sl, r2
10000970:	9a03      	ldr	r2, [sp, #12]
10000972:	4293      	cmp	r3, r2
10000974:	d100      	bne.n	10000978 <alarm_pool_irq_handler+0xe4>
10000976:	e0cc      	b.n	10000b12 <alarm_pool_irq_handler+0x27e>
10000978:	464a      	mov	r2, r9
1000097a:	2108      	movs	r1, #8
1000097c:	5e78      	ldrsh	r0, [r7, r1]
1000097e:	8852      	ldrh	r2, [r2, #2]
10000980:	0400      	lsls	r0, r0, #16
10000982:	4651      	mov	r1, sl
10000984:	4310      	orrs	r0, r2
10000986:	4798      	blx	r3
10000988:	9000      	str	r0, [sp, #0]
1000098a:	9101      	str	r1, [sp, #4]
1000098c:	9900      	ldr	r1, [sp, #0]
1000098e:	9a01      	ldr	r2, [sp, #4]
10000990:	000b      	movs	r3, r1
10000992:	4313      	orrs	r3, r2
10000994:	d100      	bne.n	10000998 <alarm_pool_irq_handler+0x104>
10000996:	e0c2      	b.n	10000b1e <alarm_pool_irq_handler+0x28a>
10000998:	0013      	movs	r3, r2
1000099a:	000a      	movs	r2, r1
1000099c:	2b00      	cmp	r3, #0
1000099e:	db00      	blt.n	100009a2 <alarm_pool_irq_handler+0x10e>
100009a0:	e0d9      	b.n	10000b56 <alarm_pool_irq_handler+0x2c2>
100009a2:	0020      	movs	r0, r4
100009a4:	0029      	movs	r1, r5
100009a6:	1a80      	subs	r0, r0, r2
100009a8:	4199      	sbcs	r1, r3
100009aa:	464b      	mov	r3, r9
100009ac:	6098      	str	r0, [r3, #8]
100009ae:	60d9      	str	r1, [r3, #12]
100009b0:	2200      	movs	r2, #0
100009b2:	5e9b      	ldrsh	r3, [r3, r2]
100009b4:	2b00      	cmp	r3, #0
100009b6:	da00      	bge.n	100009ba <alarm_pool_irq_handler+0x126>
100009b8:	e78b      	b.n	100008d2 <alarm_pool_irq_handler+0x3e>
100009ba:	005d      	lsls	r5, r3, #1
100009bc:	697c      	ldr	r4, [r7, #20]
100009be:	18ea      	adds	r2, r5, r3
100009c0:	00d2      	lsls	r2, r2, #3
100009c2:	18a2      	adds	r2, r4, r2
100009c4:	9400      	str	r4, [sp, #0]
100009c6:	6894      	ldr	r4, [r2, #8]
100009c8:	68d2      	ldr	r2, [r2, #12]
100009ca:	46a2      	mov	sl, r4
100009cc:	428a      	cmp	r2, r1
100009ce:	dd00      	ble.n	100009d2 <alarm_pool_irq_handler+0x13e>
100009d0:	e77f      	b.n	100008d2 <alarm_pool_irq_handler+0x3e>
100009d2:	d102      	bne.n	100009da <alarm_pool_irq_handler+0x146>
100009d4:	4284      	cmp	r4, r0
100009d6:	d900      	bls.n	100009da <alarm_pool_irq_handler+0x146>
100009d8:	e77b      	b.n	100008d2 <alarm_pool_irq_handler+0x3e>
100009da:	2408      	movs	r4, #8
100009dc:	46a4      	mov	ip, r4
100009de:	813b      	strh	r3, [r7, #8]
100009e0:	44bc      	add	ip, r7
100009e2:	9c00      	ldr	r4, [sp, #0]
100009e4:	9700      	str	r7, [sp, #0]
100009e6:	002f      	movs	r7, r5
100009e8:	4665      	mov	r5, ip
100009ea:	46b4      	mov	ip, r6
100009ec:	003e      	movs	r6, r7
100009ee:	e006      	b.n	100009fe <alarm_pool_irq_handler+0x16a>
100009f0:	005e      	lsls	r6, r3, #1
100009f2:	18f2      	adds	r2, r6, r3
100009f4:	00d2      	lsls	r2, r2, #3
100009f6:	18a2      	adds	r2, r4, r2
100009f8:	6897      	ldr	r7, [r2, #8]
100009fa:	68d2      	ldr	r2, [r2, #12]
100009fc:	46ba      	mov	sl, r7
100009fe:	428a      	cmp	r2, r1
10000a00:	dc07      	bgt.n	10000a12 <alarm_pool_irq_handler+0x17e>
10000a02:	d100      	bne.n	10000a06 <alarm_pool_irq_handler+0x172>
10000a04:	e0b4      	b.n	10000b70 <alarm_pool_irq_handler+0x2dc>
10000a06:	18f3      	adds	r3, r6, r3
10000a08:	00db      	lsls	r3, r3, #3
10000a0a:	18e5      	adds	r5, r4, r3
10000a0c:	5ee3      	ldrsh	r3, [r4, r3]
10000a0e:	2b00      	cmp	r3, #0
10000a10:	daee      	bge.n	100009f0 <alarm_pool_irq_handler+0x15c>
10000a12:	4666      	mov	r6, ip
10000a14:	464a      	mov	r2, r9
10000a16:	9f00      	ldr	r7, [sp, #0]
10000a18:	8013      	strh	r3, [r2, #0]
10000a1a:	802e      	strh	r6, [r5, #0]
10000a1c:	88bb      	ldrh	r3, [r7, #4]
10000a1e:	b21b      	sxth	r3, r3
10000a20:	2b00      	cmp	r3, #0
10000a22:	da00      	bge.n	10000a26 <alarm_pool_irq_handler+0x192>
10000a24:	e75a      	b.n	100008dc <alarm_pool_irq_handler+0x48>
10000a26:	693a      	ldr	r2, [r7, #16]
10000a28:	f3ef 8110 	mrs	r1, PRIMASK
10000a2c:	b672      	cpsid	i
10000a2e:	6813      	ldr	r3, [r2, #0]
10000a30:	2b00      	cmp	r3, #0
10000a32:	d0fc      	beq.n	10000a2e <alarm_pool_irq_handler+0x19a>
10000a34:	f3bf 8f5f 	dmb	sy
10000a38:	2301      	movs	r3, #1
10000a3a:	88be      	ldrh	r6, [r7, #4]
10000a3c:	425b      	negs	r3, r3
10000a3e:	80bb      	strh	r3, [r7, #4]
10000a40:	b236      	sxth	r6, r6
10000a42:	693b      	ldr	r3, [r7, #16]
10000a44:	f3bf 8f5f 	dmb	sy
10000a48:	2200      	movs	r2, #0
10000a4a:	601a      	str	r2, [r3, #0]
10000a4c:	f381 8810 	msr	PRIMASK, r1
10000a50:	2e00      	cmp	r6, #0
10000a52:	da00      	bge.n	10000a56 <alarm_pool_irq_handler+0x1c2>
10000a54:	e742      	b.n	100008dc <alarm_pool_irq_handler+0x48>
10000a56:	003b      	movs	r3, r7
10000a58:	3308      	adds	r3, #8
10000a5a:	003a      	movs	r2, r7
10000a5c:	4699      	mov	r9, r3
10000a5e:	697d      	ldr	r5, [r7, #20]
10000a60:	0073      	lsls	r3, r6, #1
10000a62:	199b      	adds	r3, r3, r6
10000a64:	2408      	movs	r4, #8
10000a66:	5f11      	ldrsh	r1, [r2, r4]
10000a68:	00db      	lsls	r3, r3, #3
10000a6a:	4648      	mov	r0, r9
10000a6c:	18eb      	adds	r3, r5, r3
10000a6e:	2900      	cmp	r1, #0
10000a70:	db13      	blt.n	10000a9a <alarm_pool_irq_handler+0x206>
10000a72:	689c      	ldr	r4, [r3, #8]
10000a74:	9300      	str	r3, [sp, #0]
10000a76:	46a4      	mov	ip, r4
10000a78:	68dc      	ldr	r4, [r3, #12]
10000a7a:	e006      	b.n	10000a8a <alarm_pool_irq_handler+0x1f6>
10000a7c:	42a3      	cmp	r3, r4
10000a7e:	d040      	beq.n	10000b02 <alarm_pool_irq_handler+0x26e>
10000a80:	2300      	movs	r3, #0
10000a82:	5ef9      	ldrsh	r1, [r7, r3]
10000a84:	0038      	movs	r0, r7
10000a86:	2900      	cmp	r1, #0
10000a88:	db06      	blt.n	10000a98 <alarm_pool_irq_handler+0x204>
10000a8a:	004f      	lsls	r7, r1, #1
10000a8c:	187f      	adds	r7, r7, r1
10000a8e:	00ff      	lsls	r7, r7, #3
10000a90:	19ef      	adds	r7, r5, r7
10000a92:	68fb      	ldr	r3, [r7, #12]
10000a94:	42a3      	cmp	r3, r4
10000a96:	ddf1      	ble.n	10000a7c <alarm_pool_irq_handler+0x1e8>
10000a98:	9b00      	ldr	r3, [sp, #0]
10000a9a:	8006      	strh	r6, [r0, #0]
10000a9c:	2000      	movs	r0, #0
10000a9e:	5e1e      	ldrsh	r6, [r3, r0]
10000aa0:	8019      	strh	r1, [r3, #0]
10000aa2:	2e00      	cmp	r6, #0
10000aa4:	dadc      	bge.n	10000a60 <alarm_pool_irq_handler+0x1cc>
10000aa6:	0017      	movs	r7, r2
10000aa8:	79bb      	ldrb	r3, [r7, #6]
10000aaa:	2b00      	cmp	r3, #0
10000aac:	d100      	bne.n	10000ab0 <alarm_pool_irq_handler+0x21c>
10000aae:	e719      	b.n	100008e4 <alarm_pool_irq_handler+0x50>
10000ab0:	2300      	movs	r3, #0
10000ab2:	71bb      	strb	r3, [r7, #6]
10000ab4:	2308      	movs	r3, #8
10000ab6:	5ef9      	ldrsh	r1, [r7, r3]
10000ab8:	1c4b      	adds	r3, r1, #1
10000aba:	d100      	bne.n	10000abe <alarm_pool_irq_handler+0x22a>
10000abc:	e737      	b.n	1000092e <alarm_pool_irq_handler+0x9a>
10000abe:	003d      	movs	r5, r7
10000ac0:	3508      	adds	r5, #8
10000ac2:	46ac      	mov	ip, r5
10000ac4:	697c      	ldr	r4, [r7, #20]
10000ac6:	e003      	b.n	10000ad0 <alarm_pool_irq_handler+0x23c>
10000ac8:	4684      	mov	ip, r0
10000aca:	1c4b      	adds	r3, r1, #1
10000acc:	d100      	bne.n	10000ad0 <alarm_pool_irq_handler+0x23c>
10000ace:	e709      	b.n	100008e4 <alarm_pool_irq_handler+0x50>
10000ad0:	004b      	lsls	r3, r1, #1
10000ad2:	185b      	adds	r3, r3, r1
10000ad4:	00db      	lsls	r3, r3, #3
10000ad6:	18e0      	adds	r0, r4, r3
10000ad8:	000a      	movs	r2, r1
10000ada:	5ee1      	ldrsh	r1, [r4, r3]
10000adc:	8843      	ldrh	r3, [r0, #2]
10000ade:	b21b      	sxth	r3, r3
10000ae0:	2b00      	cmp	r3, #0
10000ae2:	daf1      	bge.n	10000ac8 <alarm_pool_irq_handler+0x234>
10000ae4:	2501      	movs	r5, #1
10000ae6:	426d      	negs	r5, r5
10000ae8:	17ee      	asrs	r6, r5, #31
10000aea:	6085      	str	r5, [r0, #8]
10000aec:	60c6      	str	r6, [r0, #12]
10000aee:	2508      	movs	r5, #8
10000af0:	5f7b      	ldrsh	r3, [r7, r5]
10000af2:	4293      	cmp	r3, r2
10000af4:	d0e9      	beq.n	10000aca <alarm_pool_irq_handler+0x236>
10000af6:	4663      	mov	r3, ip
10000af8:	8019      	strh	r1, [r3, #0]
10000afa:	893b      	ldrh	r3, [r7, #8]
10000afc:	8003      	strh	r3, [r0, #0]
10000afe:	813a      	strh	r2, [r7, #8]
10000b00:	e7e3      	b.n	10000aca <alarm_pool_irq_handler+0x236>
10000b02:	68bb      	ldr	r3, [r7, #8]
10000b04:	4563      	cmp	r3, ip
10000b06:	d9bb      	bls.n	10000a80 <alarm_pool_irq_handler+0x1ec>
10000b08:	e7c6      	b.n	10000a98 <alarm_pool_irq_handler+0x204>
10000b0a:	1c63      	adds	r3, r4, #1
10000b0c:	d000      	beq.n	10000b10 <alarm_pool_irq_handler+0x27c>
10000b0e:	e6f7      	b.n	10000900 <alarm_pool_irq_handler+0x6c>
10000b10:	e705      	b.n	1000091e <alarm_pool_irq_handler+0x8a>
10000b12:	4653      	mov	r3, sl
10000b14:	4650      	mov	r0, sl
10000b16:	691b      	ldr	r3, [r3, #16]
10000b18:	4798      	blx	r3
10000b1a:	2800      	cmp	r0, #0
10000b1c:	d123      	bne.n	10000b66 <alarm_pool_irq_handler+0x2d2>
10000b1e:	464b      	mov	r3, r9
10000b20:	881b      	ldrh	r3, [r3, #0]
10000b22:	693a      	ldr	r2, [r7, #16]
10000b24:	813b      	strh	r3, [r7, #8]
10000b26:	f3ef 8310 	mrs	r3, PRIMASK
10000b2a:	b672      	cpsid	i
10000b2c:	6811      	ldr	r1, [r2, #0]
10000b2e:	2900      	cmp	r1, #0
10000b30:	d0fc      	beq.n	10000b2c <alarm_pool_irq_handler+0x298>
10000b32:	f3bf 8f5f 	dmb	sy
10000b36:	4649      	mov	r1, r9
10000b38:	887a      	ldrh	r2, [r7, #2]
10000b3a:	800a      	strh	r2, [r1, #0]
10000b3c:	693a      	ldr	r2, [r7, #16]
10000b3e:	807e      	strh	r6, [r7, #2]
10000b40:	f3bf 8f5f 	dmb	sy
10000b44:	2100      	movs	r1, #0
10000b46:	6011      	str	r1, [r2, #0]
10000b48:	f383 8810 	msr	PRIMASK, r3
10000b4c:	e6c1      	b.n	100008d2 <alarm_pool_irq_handler+0x3e>
10000b4e:	4284      	cmp	r4, r0
10000b50:	d800      	bhi.n	10000b54 <alarm_pool_irq_handler+0x2c0>
10000b52:	e705      	b.n	10000960 <alarm_pool_irq_handler+0xcc>
10000b54:	e6bd      	b.n	100008d2 <alarm_pool_irq_handler+0x3e>
10000b56:	480b      	ldr	r0, [pc, #44]	@ (10000b84 <alarm_pool_irq_handler+0x2f0>)
10000b58:	f000 faa4 	bl	100010a4 <timer_time_us_64>
10000b5c:	9b00      	ldr	r3, [sp, #0]
10000b5e:	9c01      	ldr	r4, [sp, #4]
10000b60:	18c0      	adds	r0, r0, r3
10000b62:	4161      	adcs	r1, r4
10000b64:	e721      	b.n	100009aa <alarm_pool_irq_handler+0x116>
10000b66:	4653      	mov	r3, sl
10000b68:	cb0c      	ldmia	r3, {r2, r3}
10000b6a:	9200      	str	r2, [sp, #0]
10000b6c:	9301      	str	r3, [sp, #4]
10000b6e:	e70d      	b.n	1000098c <alarm_pool_irq_handler+0xf8>
10000b70:	4582      	cmp	sl, r0
10000b72:	d800      	bhi.n	10000b76 <alarm_pool_irq_handler+0x2e2>
10000b74:	e747      	b.n	10000a06 <alarm_pool_irq_handler+0x172>
10000b76:	e74c      	b.n	10000a12 <alarm_pool_irq_handler+0x17e>
10000b78:	20001c04 	.word	0x20001c04
10000b7c:	4005703c 	.word	0x4005703c
10000b80:	10000895 	.word	0x10000895
10000b84:	40054000 	.word	0x40054000

10000b88 <runtime_init_default_alarm_pool>:
10000b88:	b570      	push	{r4, r5, r6, lr}
10000b8a:	4c2d      	ldr	r4, [pc, #180]	@ (10000c40 <runtime_init_default_alarm_pool+0xb8>)
10000b8c:	6925      	ldr	r5, [r4, #16]
10000b8e:	2d00      	cmp	r5, #0
10000b90:	d004      	beq.n	10000b9c <runtime_init_default_alarm_pool+0x14>
10000b92:	210a      	movs	r1, #10
10000b94:	482b      	ldr	r0, [pc, #172]	@ (10000c44 <runtime_init_default_alarm_pool+0xbc>)
10000b96:	f7ff fe0f 	bl	100007b8 <lock_init>
10000b9a:	bd70      	pop	{r4, r5, r6, pc}
10000b9c:	4e2a      	ldr	r6, [pc, #168]	@ (10000c48 <runtime_init_default_alarm_pool+0xc0>)
10000b9e:	2103      	movs	r1, #3
10000ba0:	4829      	ldr	r0, [pc, #164]	@ (10000c48 <runtime_init_default_alarm_pool+0xc0>)
10000ba2:	f000 fa75 	bl	10001090 <timer_hardware_alarm_claim>
10000ba6:	60e6      	str	r6, [r4, #12]
10000ba8:	f7ff fc02 	bl	100003b0 <next_striped_spin_lock_num>
10000bac:	4b27      	ldr	r3, [pc, #156]	@ (10000c4c <runtime_init_default_alarm_pool+0xc4>)
10000bae:	2203      	movs	r2, #3
10000bb0:	18c0      	adds	r0, r0, r3
10000bb2:	23d0      	movs	r3, #208	@ 0xd0
10000bb4:	7022      	strb	r2, [r4, #0]
10000bb6:	061b      	lsls	r3, r3, #24
10000bb8:	681b      	ldr	r3, [r3, #0]
10000bba:	2101      	movs	r1, #1
10000bbc:	7063      	strb	r3, [r4, #1]
10000bbe:	4b24      	ldr	r3, [pc, #144]	@ (10000c50 <runtime_init_default_alarm_pool+0xc8>)
10000bc0:	0080      	lsls	r0, r0, #2
10000bc2:	60a3      	str	r3, [r4, #8]
10000bc4:	230f      	movs	r3, #15
10000bc6:	6120      	str	r0, [r4, #16]
10000bc8:	2002      	movs	r0, #2
10000bca:	8063      	strh	r3, [r4, #2]
10000bcc:	6963      	ldr	r3, [r4, #20]
10000bce:	4249      	negs	r1, r1
10000bd0:	80a1      	strh	r1, [r4, #4]
10000bd2:	8019      	strh	r1, [r3, #0]
10000bd4:	3102      	adds	r1, #2
10000bd6:	8619      	strh	r1, [r3, #48]	@ 0x30
10000bd8:	3147      	adds	r1, #71	@ 0x47
10000bda:	831d      	strh	r5, [r3, #24]
10000bdc:	5258      	strh	r0, [r3, r1]
10000bde:	3118      	adds	r1, #24
10000be0:	525a      	strh	r2, [r3, r1]
10000be2:	3275      	adds	r2, #117	@ 0x75
10000be4:	395c      	subs	r1, #92	@ 0x5c
10000be6:	5299      	strh	r1, [r3, r2]
10000be8:	3218      	adds	r2, #24
10000bea:	3101      	adds	r1, #1
10000bec:	5299      	strh	r1, [r3, r2]
10000bee:	3218      	adds	r2, #24
10000bf0:	3101      	adds	r1, #1
10000bf2:	5299      	strh	r1, [r3, r2]
10000bf4:	3218      	adds	r2, #24
10000bf6:	3101      	adds	r1, #1
10000bf8:	5299      	strh	r1, [r3, r2]
10000bfa:	3508      	adds	r5, #8
10000bfc:	3218      	adds	r2, #24
10000bfe:	529d      	strh	r5, [r3, r2]
10000c00:	3102      	adds	r1, #2
10000c02:	3218      	adds	r2, #24
10000c04:	5299      	strh	r1, [r3, r2]
10000c06:	3218      	adds	r2, #24
10000c08:	3101      	adds	r1, #1
10000c0a:	5299      	strh	r1, [r3, r2]
10000c0c:	3218      	adds	r2, #24
10000c0e:	3101      	adds	r1, #1
10000c10:	5299      	strh	r1, [r3, r2]
10000c12:	3218      	adds	r2, #24
10000c14:	3101      	adds	r1, #1
10000c16:	5299      	strh	r1, [r3, r2]
10000c18:	3218      	adds	r2, #24
10000c1a:	3101      	adds	r1, #1
10000c1c:	5299      	strh	r1, [r3, r2]
10000c1e:	3218      	adds	r2, #24
10000c20:	3101      	adds	r1, #1
10000c22:	5299      	strh	r1, [r3, r2]
10000c24:	4b0b      	ldr	r3, [pc, #44]	@ (10000c54 <runtime_init_default_alarm_pool+0xcc>)
10000c26:	490c      	ldr	r1, [pc, #48]	@ (10000c58 <runtime_init_default_alarm_pool+0xd0>)
10000c28:	60dc      	str	r4, [r3, #12]
10000c2a:	3001      	adds	r0, #1
10000c2c:	6235      	str	r5, [r6, #32]
10000c2e:	f7ff fc43 	bl	100004b8 <irq_set_exclusive_handler>
10000c32:	2101      	movs	r1, #1
10000c34:	2003      	movs	r0, #3
10000c36:	f7ff fc09 	bl	1000044c <irq_set_enabled>
10000c3a:	4b08      	ldr	r3, [pc, #32]	@ (10000c5c <runtime_init_default_alarm_pool+0xd4>)
10000c3c:	601d      	str	r5, [r3, #0]
10000c3e:	e7a8      	b.n	10000b92 <runtime_init_default_alarm_pool+0xa>
10000c40:	20000fb0 	.word	0x20000fb0
10000c44:	20001c20 	.word	0x20001c20
10000c48:	40054000 	.word	0x40054000
10000c4c:	34000040 	.word	0x34000040
10000c50:	0010ffff 	.word	0x0010ffff
10000c54:	20001c04 	.word	0x20001c04
10000c58:	10000895 	.word	0x10000895
10000c5c:	40056038 	.word	0x40056038

10000c60 <alarm_pool_get_default>:
10000c60:	4800      	ldr	r0, [pc, #0]	@ (10000c64 <alarm_pool_get_default+0x4>)
10000c62:	4770      	bx	lr
10000c64:	20000fb0 	.word	0x20000fb0

10000c68 <alarm_pool_add_alarm_at>:
10000c68:	b5f8      	push	{r3, r4, r5, r6, r7, lr}
10000c6a:	001f      	movs	r7, r3
10000c6c:	ab08      	add	r3, sp, #32
10000c6e:	781b      	ldrb	r3, [r3, #0]
10000c70:	0004      	movs	r4, r0
10000c72:	0016      	movs	r6, r2
10000c74:	2b00      	cmp	r3, #0
10000c76:	d107      	bne.n	10000c88 <alarm_pool_add_alarm_at+0x20>
10000c78:	f000 fa1c 	bl	100010b4 <time_us_64>
10000c7c:	0032      	movs	r2, r6
10000c7e:	003b      	movs	r3, r7
10000c80:	1a12      	subs	r2, r2, r0
10000c82:	418b      	sbcs	r3, r1
10000c84:	2b00      	cmp	r3, #0
10000c86:	db51      	blt.n	10000d2c <alarm_pool_add_alarm_at+0xc4>
10000c88:	6922      	ldr	r2, [r4, #16]
10000c8a:	f3ef 8c10 	mrs	ip, PRIMASK
10000c8e:	b672      	cpsid	i
10000c90:	6813      	ldr	r3, [r2, #0]
10000c92:	2b00      	cmp	r3, #0
10000c94:	d0fc      	beq.n	10000c90 <alarm_pool_add_alarm_at+0x28>
10000c96:	f3bf 8f5f 	dmb	sy
10000c9a:	2302      	movs	r3, #2
10000c9c:	5ee1      	ldrsh	r1, [r4, r3]
10000c9e:	6925      	ldr	r5, [r4, #16]
10000ca0:	2900      	cmp	r1, #0
10000ca2:	db3a      	blt.n	10000d1a <alarm_pool_add_alarm_at+0xb2>
10000ca4:	004b      	lsls	r3, r1, #1
10000ca6:	6960      	ldr	r0, [r4, #20]
10000ca8:	185b      	adds	r3, r3, r1
10000caa:	00db      	lsls	r3, r3, #3
10000cac:	18c2      	adds	r2, r0, r3
10000cae:	5ac3      	ldrh	r3, [r0, r3]
10000cb0:	8063      	strh	r3, [r4, #2]
10000cb2:	f3bf 8f5f 	dmb	sy
10000cb6:	2300      	movs	r3, #0
10000cb8:	602b      	str	r3, [r5, #0]
10000cba:	f38c 8810 	msr	PRIMASK, ip
10000cbe:	9b06      	ldr	r3, [sp, #24]
10000cc0:	6096      	str	r6, [r2, #8]
10000cc2:	60d7      	str	r7, [r2, #12]
10000cc4:	6113      	str	r3, [r2, #16]
10000cc6:	9b07      	ldr	r3, [sp, #28]
10000cc8:	6153      	str	r3, [r2, #20]
10000cca:	8853      	ldrh	r3, [r2, #2]
10000ccc:	3301      	adds	r3, #1
10000cce:	045b      	lsls	r3, r3, #17
10000cd0:	0c5b      	lsrs	r3, r3, #17
10000cd2:	1c18      	adds	r0, r3, #0
10000cd4:	2b00      	cmp	r3, #0
10000cd6:	d01e      	beq.n	10000d16 <alarm_pool_add_alarm_at+0xae>
10000cd8:	b283      	uxth	r3, r0
10000cda:	8050      	strh	r0, [r2, #2]
10000cdc:	0408      	lsls	r0, r1, #16
10000cde:	4318      	orrs	r0, r3
10000ce0:	6925      	ldr	r5, [r4, #16]
10000ce2:	f3ef 8610 	mrs	r6, PRIMASK
10000ce6:	b672      	cpsid	i
10000ce8:	682b      	ldr	r3, [r5, #0]
10000cea:	2b00      	cmp	r3, #0
10000cec:	d0fc      	beq.n	10000ce8 <alarm_pool_add_alarm_at+0x80>
10000cee:	f3bf 8f5f 	dmb	sy
10000cf2:	88a3      	ldrh	r3, [r4, #4]
10000cf4:	8013      	strh	r3, [r2, #0]
10000cf6:	80a1      	strh	r1, [r4, #4]
10000cf8:	6923      	ldr	r3, [r4, #16]
10000cfa:	f3bf 8f5f 	dmb	sy
10000cfe:	2200      	movs	r2, #0
10000d00:	601a      	str	r2, [r3, #0]
10000d02:	f386 8810 	msr	PRIMASK, r6
10000d06:	7823      	ldrb	r3, [r4, #0]
10000d08:	3201      	adds	r2, #1
10000d0a:	409a      	lsls	r2, r3
10000d0c:	4908      	ldr	r1, [pc, #32]	@ (10000d30 <alarm_pool_add_alarm_at+0xc8>)
10000d0e:	68e3      	ldr	r3, [r4, #12]
10000d10:	185b      	adds	r3, r3, r1
10000d12:	601a      	str	r2, [r3, #0]
10000d14:	bdf8      	pop	{r3, r4, r5, r6, r7, pc}
10000d16:	2001      	movs	r0, #1
10000d18:	e7de      	b.n	10000cd8 <alarm_pool_add_alarm_at+0x70>
10000d1a:	f3bf 8f5f 	dmb	sy
10000d1e:	2300      	movs	r3, #0
10000d20:	602b      	str	r3, [r5, #0]
10000d22:	f38c 8810 	msr	PRIMASK, ip
10000d26:	2001      	movs	r0, #1
10000d28:	4240      	negs	r0, r0
10000d2a:	e7f3      	b.n	10000d14 <alarm_pool_add_alarm_at+0xac>
10000d2c:	2000      	movs	r0, #0
10000d2e:	e7f1      	b.n	10000d14 <alarm_pool_add_alarm_at+0xac>
10000d30:	0000203c 	.word	0x0000203c

10000d34 <alarm_pool_add_alarm_at_force_in_context>:
10000d34:	b570      	push	{r4, r5, r6, lr}
10000d36:	b082      	sub	sp, #8
10000d38:	9200      	str	r2, [sp, #0]
10000d3a:	9301      	str	r3, [sp, #4]
10000d3c:	0001      	movs	r1, r0
10000d3e:	6902      	ldr	r2, [r0, #16]
10000d40:	f3ef 8410 	mrs	r4, PRIMASK
10000d44:	b672      	cpsid	i
10000d46:	6813      	ldr	r3, [r2, #0]
10000d48:	2b00      	cmp	r3, #0
10000d4a:	d0fc      	beq.n	10000d46 <alarm_pool_add_alarm_at_force_in_context+0x12>
10000d4c:	f3bf 8f5f 	dmb	sy
10000d50:	2302      	movs	r3, #2
10000d52:	5ec8      	ldrsh	r0, [r1, r3]
10000d54:	690d      	ldr	r5, [r1, #16]
10000d56:	2800      	cmp	r0, #0
10000d58:	db3f      	blt.n	10000dda <alarm_pool_add_alarm_at_force_in_context+0xa6>
10000d5a:	694a      	ldr	r2, [r1, #20]
10000d5c:	0043      	lsls	r3, r0, #1
10000d5e:	0016      	movs	r6, r2
10000d60:	181b      	adds	r3, r3, r0
10000d62:	00db      	lsls	r3, r3, #3
10000d64:	18d2      	adds	r2, r2, r3
10000d66:	5af3      	ldrh	r3, [r6, r3]
10000d68:	804b      	strh	r3, [r1, #2]
10000d6a:	f3bf 8f5f 	dmb	sy
10000d6e:	2300      	movs	r3, #0
10000d70:	602b      	str	r3, [r5, #0]
10000d72:	f384 8810 	msr	PRIMASK, r4
10000d76:	9b06      	ldr	r3, [sp, #24]
10000d78:	6113      	str	r3, [r2, #16]
10000d7a:	9b07      	ldr	r3, [sp, #28]
10000d7c:	6153      	str	r3, [r2, #20]
10000d7e:	9b00      	ldr	r3, [sp, #0]
10000d80:	9c01      	ldr	r4, [sp, #4]
10000d82:	6093      	str	r3, [r2, #8]
10000d84:	60d4      	str	r4, [r2, #12]
10000d86:	8853      	ldrh	r3, [r2, #2]
10000d88:	3301      	adds	r3, #1
10000d8a:	045b      	lsls	r3, r3, #17
10000d8c:	0c5b      	lsrs	r3, r3, #17
10000d8e:	1c1d      	adds	r5, r3, #0
10000d90:	2b00      	cmp	r3, #0
10000d92:	d020      	beq.n	10000dd6 <alarm_pool_add_alarm_at_force_in_context+0xa2>
10000d94:	b2ac      	uxth	r4, r5
10000d96:	0403      	lsls	r3, r0, #16
10000d98:	8055      	strh	r5, [r2, #2]
10000d9a:	4323      	orrs	r3, r4
10000d9c:	690d      	ldr	r5, [r1, #16]
10000d9e:	f3ef 8c10 	mrs	ip, PRIMASK
10000da2:	b672      	cpsid	i
10000da4:	682c      	ldr	r4, [r5, #0]
10000da6:	2c00      	cmp	r4, #0
10000da8:	d0fc      	beq.n	10000da4 <alarm_pool_add_alarm_at_force_in_context+0x70>
10000daa:	f3bf 8f5f 	dmb	sy
10000dae:	888c      	ldrh	r4, [r1, #4]
10000db0:	8014      	strh	r4, [r2, #0]
10000db2:	8088      	strh	r0, [r1, #4]
10000db4:	690a      	ldr	r2, [r1, #16]
10000db6:	f3bf 8f5f 	dmb	sy
10000dba:	2000      	movs	r0, #0
10000dbc:	6010      	str	r0, [r2, #0]
10000dbe:	f38c 8810 	msr	PRIMASK, ip
10000dc2:	780a      	ldrb	r2, [r1, #0]
10000dc4:	3001      	adds	r0, #1
10000dc6:	4090      	lsls	r0, r2
10000dc8:	68ca      	ldr	r2, [r1, #12]
10000dca:	4908      	ldr	r1, [pc, #32]	@ (10000dec <alarm_pool_add_alarm_at_force_in_context+0xb8>)
10000dcc:	1852      	adds	r2, r2, r1
10000dce:	6010      	str	r0, [r2, #0]
10000dd0:	0018      	movs	r0, r3
10000dd2:	b002      	add	sp, #8
10000dd4:	bd70      	pop	{r4, r5, r6, pc}
10000dd6:	2501      	movs	r5, #1
10000dd8:	e7dc      	b.n	10000d94 <alarm_pool_add_alarm_at_force_in_context+0x60>
10000dda:	f3bf 8f5f 	dmb	sy
10000dde:	2300      	movs	r3, #0
10000de0:	602b      	str	r3, [r5, #0]
10000de2:	f384 8810 	msr	PRIMASK, r4
10000de6:	3b01      	subs	r3, #1
10000de8:	e7f2      	b.n	10000dd0 <alarm_pool_add_alarm_at_force_in_context+0x9c>
10000dea:	46c0      	nop			@ (mov r8, r8)
10000dec:	0000203c 	.word	0x0000203c

10000df0 <alarm_pool_cancel_alarm>:
10000df0:	b510      	push	{r4, lr}
10000df2:	8943      	ldrh	r3, [r0, #10]
10000df4:	140a      	asrs	r2, r1, #16
10000df6:	4293      	cmp	r3, r2
10000df8:	dd1a      	ble.n	10000e30 <alarm_pool_cancel_alarm+0x40>
10000dfa:	0053      	lsls	r3, r2, #1
10000dfc:	189b      	adds	r3, r3, r2
10000dfe:	6942      	ldr	r2, [r0, #20]
10000e00:	00db      	lsls	r3, r3, #3
10000e02:	18d3      	adds	r3, r2, r3
10000e04:	6904      	ldr	r4, [r0, #16]
10000e06:	f3ef 8c10 	mrs	ip, PRIMASK
10000e0a:	b672      	cpsid	i
10000e0c:	6822      	ldr	r2, [r4, #0]
10000e0e:	2a00      	cmp	r2, #0
10000e10:	d0fc      	beq.n	10000e0c <alarm_pool_cancel_alarm+0x1c>
10000e12:	f3bf 8f5f 	dmb	sy
10000e16:	885a      	ldrh	r2, [r3, #2]
10000e18:	0409      	lsls	r1, r1, #16
10000e1a:	b294      	uxth	r4, r2
10000e1c:	0c09      	lsrs	r1, r1, #16
10000e1e:	428a      	cmp	r2, r1
10000e20:	d008      	beq.n	10000e34 <alarm_pool_cancel_alarm+0x44>
10000e22:	6903      	ldr	r3, [r0, #16]
10000e24:	f3bf 8f5f 	dmb	sy
10000e28:	2200      	movs	r2, #0
10000e2a:	601a      	str	r2, [r3, #0]
10000e2c:	f38c 8810 	msr	PRIMASK, ip
10000e30:	2000      	movs	r0, #0
10000e32:	bd10      	pop	{r4, pc}
10000e34:	4a09      	ldr	r2, [pc, #36]	@ (10000e5c <alarm_pool_cancel_alarm+0x6c>)
10000e36:	4322      	orrs	r2, r4
10000e38:	805a      	strh	r2, [r3, #2]
10000e3a:	2301      	movs	r3, #1
10000e3c:	6902      	ldr	r2, [r0, #16]
10000e3e:	7183      	strb	r3, [r0, #6]
10000e40:	f3bf 8f5f 	dmb	sy
10000e44:	2100      	movs	r1, #0
10000e46:	6011      	str	r1, [r2, #0]
10000e48:	f38c 8810 	msr	PRIMASK, ip
10000e4c:	7802      	ldrb	r2, [r0, #0]
10000e4e:	4904      	ldr	r1, [pc, #16]	@ (10000e60 <alarm_pool_cancel_alarm+0x70>)
10000e50:	4093      	lsls	r3, r2
10000e52:	68c2      	ldr	r2, [r0, #12]
10000e54:	2001      	movs	r0, #1
10000e56:	1852      	adds	r2, r2, r1
10000e58:	6013      	str	r3, [r2, #0]
10000e5a:	e7ea      	b.n	10000e32 <alarm_pool_cancel_alarm+0x42>
10000e5c:	ffff8000 	.word	0xffff8000
10000e60:	0000203c 	.word	0x0000203c

10000e64 <alarm_pool_core_num>:
10000e64:	7840      	ldrb	r0, [r0, #1]
10000e66:	4770      	bx	lr

10000e68 <sleep_ms>:
10000e68:	b5f0      	push	{r4, r5, r6, r7, lr}
10000e6a:	46c6      	mov	lr, r8
10000e6c:	b500      	push	{lr}
10000e6e:	b082      	sub	sp, #8
10000e70:	0004      	movs	r4, r0
10000e72:	f000 f91f 	bl	100010b4 <time_us_64>
10000e76:	22fa      	movs	r2, #250	@ 0xfa
10000e78:	0006      	movs	r6, r0
10000e7a:	000f      	movs	r7, r1
10000e7c:	0020      	movs	r0, r4
10000e7e:	2300      	movs	r3, #0
10000e80:	2100      	movs	r1, #0
10000e82:	0092      	lsls	r2, r2, #2
10000e84:	f000 fcdc 	bl	10001840 <__wrap___aeabi_lmul>
10000e88:	1980      	adds	r0, r0, r6
10000e8a:	4179      	adcs	r1, r7
10000e8c:	0004      	movs	r4, r0
10000e8e:	1e0d      	subs	r5, r1, #0
10000e90:	da02      	bge.n	10000e98 <sleep_ms+0x30>
10000e92:	2401      	movs	r4, #1
10000e94:	4d2e      	ldr	r5, [pc, #184]	@ (10000f50 <sleep_ms+0xe8>)
10000e96:	4264      	negs	r4, r4
10000e98:	2606      	movs	r6, #6
10000e9a:	4276      	negs	r6, r6
10000e9c:	17f7      	asrs	r7, r6, #31
10000e9e:	1936      	adds	r6, r6, r4
10000ea0:	416f      	adcs	r7, r5
10000ea2:	42af      	cmp	r7, r5
10000ea4:	d814      	bhi.n	10000ed0 <sleep_ms+0x68>
10000ea6:	d011      	beq.n	10000ecc <sleep_ms+0x64>
10000ea8:	f000 f904 	bl	100010b4 <time_us_64>
10000eac:	0032      	movs	r2, r6
10000eae:	003b      	movs	r3, r7
10000eb0:	1a12      	subs	r2, r2, r0
10000eb2:	418b      	sbcs	r3, r1
10000eb4:	2b00      	cmp	r3, #0
10000eb6:	dc15      	bgt.n	10000ee4 <sleep_ms+0x7c>
10000eb8:	2b00      	cmp	r3, #0
10000eba:	d046      	beq.n	10000f4a <sleep_ms+0xe2>
10000ebc:	0020      	movs	r0, r4
10000ebe:	0029      	movs	r1, r5
10000ec0:	f000 f902 	bl	100010c8 <busy_wait_until>
10000ec4:	b002      	add	sp, #8
10000ec6:	bc80      	pop	{r7}
10000ec8:	46b8      	mov	r8, r7
10000eca:	bdf0      	pop	{r4, r5, r6, r7, pc}
10000ecc:	42a6      	cmp	r6, r4
10000ece:	d9eb      	bls.n	10000ea8 <sleep_ms+0x40>
10000ed0:	2600      	movs	r6, #0
10000ed2:	2700      	movs	r7, #0
10000ed4:	f000 f8ee 	bl	100010b4 <time_us_64>
10000ed8:	0032      	movs	r2, r6
10000eda:	003b      	movs	r3, r7
10000edc:	1a12      	subs	r2, r2, r0
10000ede:	418b      	sbcs	r3, r1
10000ee0:	2b00      	cmp	r3, #0
10000ee2:	dde9      	ble.n	10000eb8 <sleep_ms+0x50>
10000ee4:	f000 f8e6 	bl	100010b4 <time_us_64>
10000ee8:	0032      	movs	r2, r6
10000eea:	003b      	movs	r3, r7
10000eec:	1a12      	subs	r2, r2, r0
10000eee:	418b      	sbcs	r3, r1
10000ef0:	2b00      	cmp	r3, #0
10000ef2:	db0a      	blt.n	10000f0a <sleep_ms+0xa2>
10000ef4:	2300      	movs	r3, #0
10000ef6:	9301      	str	r3, [sp, #4]
10000ef8:	4b16      	ldr	r3, [pc, #88]	@ (10000f54 <sleep_ms+0xec>)
10000efa:	0032      	movs	r2, r6
10000efc:	9300      	str	r3, [sp, #0]
10000efe:	4816      	ldr	r0, [pc, #88]	@ (10000f58 <sleep_ms+0xf0>)
10000f00:	003b      	movs	r3, r7
10000f02:	f7ff ff17 	bl	10000d34 <alarm_pool_add_alarm_at_force_in_context>
10000f06:	3001      	adds	r0, #1
10000f08:	d0d8      	beq.n	10000ebc <sleep_ms+0x54>
10000f0a:	2300      	movs	r3, #0
10000f0c:	0039      	movs	r1, r7
10000f0e:	46b0      	mov	r8, r6
10000f10:	469c      	mov	ip, r3
10000f12:	4a12      	ldr	r2, [pc, #72]	@ (10000f5c <sleep_ms+0xf4>)
10000f14:	4812      	ldr	r0, [pc, #72]	@ (10000f60 <sleep_ms+0xf8>)
10000f16:	6a53      	ldr	r3, [r2, #36]	@ 0x24
10000f18:	4299      	cmp	r1, r3
10000f1a:	d804      	bhi.n	10000f26 <sleep_ms+0xbe>
10000f1c:	6a96      	ldr	r6, [r2, #40]	@ 0x28
10000f1e:	4546      	cmp	r6, r8
10000f20:	d2cc      	bcs.n	10000ebc <sleep_ms+0x54>
10000f22:	4299      	cmp	r1, r3
10000f24:	d1ca      	bne.n	10000ebc <sleep_ms+0x54>
10000f26:	6806      	ldr	r6, [r0, #0]
10000f28:	f3ef 8710 	mrs	r7, PRIMASK
10000f2c:	b672      	cpsid	i
10000f2e:	6833      	ldr	r3, [r6, #0]
10000f30:	2b00      	cmp	r3, #0
10000f32:	d0fc      	beq.n	10000f2e <sleep_ms+0xc6>
10000f34:	f3bf 8f5f 	dmb	sy
10000f38:	6803      	ldr	r3, [r0, #0]
10000f3a:	f3bf 8f5f 	dmb	sy
10000f3e:	4666      	mov	r6, ip
10000f40:	601e      	str	r6, [r3, #0]
10000f42:	f387 8810 	msr	PRIMASK, r7
10000f46:	bf20      	wfe
10000f48:	e7e5      	b.n	10000f16 <sleep_ms+0xae>
10000f4a:	2a00      	cmp	r2, #0
10000f4c:	d0b6      	beq.n	10000ebc <sleep_ms+0x54>
10000f4e:	e7c9      	b.n	10000ee4 <sleep_ms+0x7c>
10000f50:	7fffffff 	.word	0x7fffffff
10000f54:	10000865 	.word	0x10000865
10000f58:	20000fb0 	.word	0x20000fb0
10000f5c:	40054000 	.word	0x40054000
10000f60:	20001c20 	.word	0x20001c20

10000f64 <best_effort_wfe_or_timeout>:
10000f64:	b5f0      	push	{r4, r5, r6, r7, lr}
10000f66:	46ce      	mov	lr, r9
10000f68:	4647      	mov	r7, r8
10000f6a:	b580      	push	{r7, lr}
10000f6c:	0004      	movs	r4, r0
10000f6e:	000d      	movs	r5, r1
10000f70:	b085      	sub	sp, #20
10000f72:	f3ef 8305 	mrs	r3, IPSR
10000f76:	4689      	mov	r9, r1
10000f78:	2b00      	cmp	r3, #0
10000f7a:	d132      	bne.n	10000fe2 <best_effort_wfe_or_timeout+0x7e>
10000f7c:	4e40      	ldr	r6, [pc, #256]	@ (10001080 <best_effort_wfe_or_timeout+0x11c>)
10000f7e:	6833      	ldr	r3, [r6, #0]
10000f80:	4283      	cmp	r3, r0
10000f82:	d02a      	beq.n	10000fda <best_effort_wfe_or_timeout+0x76>
10000f84:	4f3f      	ldr	r7, [pc, #252]	@ (10001084 <best_effort_wfe_or_timeout+0x120>)
10000f86:	68fb      	ldr	r3, [r7, #12]
10000f88:	783a      	ldrb	r2, [r7, #0]
10000f8a:	4698      	mov	r8, r3
10000f8c:	0018      	movs	r0, r3
10000f8e:	9203      	str	r2, [sp, #12]
10000f90:	f000 f888 	bl	100010a4 <timer_time_us_64>
10000f94:	9a03      	ldr	r2, [sp, #12]
10000f96:	1d13      	adds	r3, r2, #4
10000f98:	4642      	mov	r2, r8
10000f9a:	009b      	lsls	r3, r3, #2
10000f9c:	589b      	ldr	r3, [r3, r2]
10000f9e:	0022      	movs	r2, r4
10000fa0:	1a1b      	subs	r3, r3, r0
10000fa2:	469c      	mov	ip, r3
10000fa4:	002b      	movs	r3, r5
10000fa6:	1a12      	subs	r2, r2, r0
10000fa8:	418b      	sbcs	r3, r1
10000faa:	0019      	movs	r1, r3
10000fac:	2300      	movs	r3, #0
10000fae:	0010      	movs	r0, r2
10000fb0:	428b      	cmp	r3, r1
10000fb2:	dc25      	bgt.n	10001000 <best_effort_wfe_or_timeout+0x9c>
10000fb4:	d022      	beq.n	10000ffc <best_effort_wfe_or_timeout+0x98>
10000fb6:	bf20      	wfe
10000fb8:	4b33      	ldr	r3, [pc, #204]	@ (10001088 <best_effort_wfe_or_timeout+0x124>)
10000fba:	6a58      	ldr	r0, [r3, #36]	@ 0x24
10000fbc:	4548      	cmp	r0, r9
10000fbe:	d32b      	bcc.n	10001018 <best_effort_wfe_or_timeout+0xb4>
10000fc0:	1b40      	subs	r0, r0, r5
10000fc2:	6a9a      	ldr	r2, [r3, #40]	@ 0x28
10000fc4:	1e43      	subs	r3, r0, #1
10000fc6:	4198      	sbcs	r0, r3
10000fc8:	2300      	movs	r3, #0
10000fca:	42a2      	cmp	r2, r4
10000fcc:	415b      	adcs	r3, r3
10000fce:	4318      	orrs	r0, r3
10000fd0:	b005      	add	sp, #20
10000fd2:	bcc0      	pop	{r6, r7}
10000fd4:	46b9      	mov	r9, r7
10000fd6:	46b0      	mov	r8, r6
10000fd8:	bdf0      	pop	{r4, r5, r6, r7, pc}
10000fda:	6873      	ldr	r3, [r6, #4]
10000fdc:	428b      	cmp	r3, r1
10000fde:	d1d1      	bne.n	10000f84 <best_effort_wfe_or_timeout+0x20>
10000fe0:	e7e9      	b.n	10000fb6 <best_effort_wfe_or_timeout+0x52>
10000fe2:	4929      	ldr	r1, [pc, #164]	@ (10001088 <best_effort_wfe_or_timeout+0x124>)
10000fe4:	2000      	movs	r0, #0
10000fe6:	6a4b      	ldr	r3, [r1, #36]	@ 0x24
10000fe8:	42ab      	cmp	r3, r5
10000fea:	d3f1      	bcc.n	10000fd0 <best_effort_wfe_or_timeout+0x6c>
10000fec:	6a8a      	ldr	r2, [r1, #40]	@ 0x28
10000fee:	1b5b      	subs	r3, r3, r5
10000ff0:	1e59      	subs	r1, r3, #1
10000ff2:	418b      	sbcs	r3, r1
10000ff4:	42a2      	cmp	r2, r4
10000ff6:	4140      	adcs	r0, r0
10000ff8:	4318      	orrs	r0, r3
10000ffa:	e7e9      	b.n	10000fd0 <best_effort_wfe_or_timeout+0x6c>
10000ffc:	4584      	cmp	ip, r0
10000ffe:	d9da      	bls.n	10000fb6 <best_effort_wfe_or_timeout+0x52>
10001000:	f000 f858 	bl	100010b4 <time_us_64>
10001004:	0022      	movs	r2, r4
10001006:	002b      	movs	r3, r5
10001008:	1a12      	subs	r2, r2, r0
1000100a:	418b      	sbcs	r3, r1
1000100c:	2b00      	cmp	r3, #0
1000100e:	da05      	bge.n	1000101c <best_effort_wfe_or_timeout+0xb8>
10001010:	4a1d      	ldr	r2, [pc, #116]	@ (10001088 <best_effort_wfe_or_timeout+0x124>)
10001012:	6a53      	ldr	r3, [r2, #36]	@ 0x24
10001014:	454b      	cmp	r3, r9
10001016:	d229      	bcs.n	1000106c <best_effort_wfe_or_timeout+0x108>
10001018:	2000      	movs	r0, #0
1000101a:	e7d9      	b.n	10000fd0 <best_effort_wfe_or_timeout+0x6c>
1000101c:	2300      	movs	r3, #0
1000101e:	9301      	str	r3, [sp, #4]
10001020:	4b1a      	ldr	r3, [pc, #104]	@ (1000108c <best_effort_wfe_or_timeout+0x128>)
10001022:	0022      	movs	r2, r4
10001024:	9300      	str	r3, [sp, #0]
10001026:	0038      	movs	r0, r7
10001028:	002b      	movs	r3, r5
1000102a:	f7ff fe83 	bl	10000d34 <alarm_pool_add_alarm_at_force_in_context>
1000102e:	2800      	cmp	r0, #0
10001030:	ddee      	ble.n	10001010 <best_effort_wfe_or_timeout+0xac>
10001032:	4b15      	ldr	r3, [pc, #84]	@ (10001088 <best_effort_wfe_or_timeout+0x124>)
10001034:	c630      	stmia	r6!, {r4, r5}
10001036:	6a5a      	ldr	r2, [r3, #36]	@ 0x24
10001038:	454a      	cmp	r2, r9
1000103a:	d315      	bcc.n	10001068 <best_effort_wfe_or_timeout+0x104>
1000103c:	6a9b      	ldr	r3, [r3, #40]	@ 0x28
1000103e:	42a3      	cmp	r3, r4
10001040:	d310      	bcc.n	10001064 <best_effort_wfe_or_timeout+0x100>
10001042:	0001      	movs	r1, r0
10001044:	0038      	movs	r0, r7
10001046:	f7ff fed3 	bl	10000df0 <alarm_pool_cancel_alarm>
1000104a:	4a0f      	ldr	r2, [pc, #60]	@ (10001088 <best_effort_wfe_or_timeout+0x124>)
1000104c:	2000      	movs	r0, #0
1000104e:	6a53      	ldr	r3, [r2, #36]	@ 0x24
10001050:	454b      	cmp	r3, r9
10001052:	d3bd      	bcc.n	10000fd0 <best_effort_wfe_or_timeout+0x6c>
10001054:	6a92      	ldr	r2, [r2, #40]	@ 0x28
10001056:	1b5b      	subs	r3, r3, r5
10001058:	1e59      	subs	r1, r3, #1
1000105a:	418b      	sbcs	r3, r1
1000105c:	42a2      	cmp	r2, r4
1000105e:	4140      	adcs	r0, r0
10001060:	4318      	orrs	r0, r3
10001062:	e7b5      	b.n	10000fd0 <best_effort_wfe_or_timeout+0x6c>
10001064:	454a      	cmp	r2, r9
10001066:	d1ec      	bne.n	10001042 <best_effort_wfe_or_timeout+0xde>
10001068:	bf20      	wfe
1000106a:	e7ea      	b.n	10001042 <best_effort_wfe_or_timeout+0xde>
1000106c:	2000      	movs	r0, #0
1000106e:	6a92      	ldr	r2, [r2, #40]	@ 0x28
10001070:	1b5b      	subs	r3, r3, r5
10001072:	42a2      	cmp	r2, r4
10001074:	4140      	adcs	r0, r0
10001076:	1e5a      	subs	r2, r3, #1
10001078:	4193      	sbcs	r3, r2
1000107a:	4318      	orrs	r0, r3
1000107c:	e7a8      	b.n	10000fd0 <best_effort_wfe_or_timeout+0x6c>
1000107e:	46c0      	nop			@ (mov r8, r8)
10001080:	20000fa8 	.word	0x20000fa8
10001084:	20000fb0 	.word	0x20000fb0
10001088:	40054000 	.word	0x40054000
1000108c:	10000865 	.word	0x10000865

10001090 <timer_hardware_alarm_claim>:
10001090:	b510      	push	{r4, lr}
10001092:	4a02      	ldr	r2, [pc, #8]	@ (1000109c <timer_hardware_alarm_claim+0xc>)
10001094:	4802      	ldr	r0, [pc, #8]	@ (100010a0 <timer_hardware_alarm_claim+0x10>)
10001096:	f7ff f91f 	bl	100002d8 <hw_claim_or_assert>
1000109a:	bd10      	pop	{r4, pc}
1000109c:	100040f0 	.word	0x100040f0
100010a0:	20001790 	.word	0x20001790

100010a4 <timer_time_us_64>:
100010a4:	0003      	movs	r3, r0
100010a6:	6a41      	ldr	r1, [r0, #36]	@ 0x24
100010a8:	000a      	movs	r2, r1
100010aa:	6a98      	ldr	r0, [r3, #40]	@ 0x28
100010ac:	6a59      	ldr	r1, [r3, #36]	@ 0x24
100010ae:	428a      	cmp	r2, r1
100010b0:	d1fa      	bne.n	100010a8 <timer_time_us_64+0x4>
100010b2:	4770      	bx	lr

100010b4 <time_us_64>:
100010b4:	4b03      	ldr	r3, [pc, #12]	@ (100010c4 <time_us_64+0x10>)
100010b6:	6a59      	ldr	r1, [r3, #36]	@ 0x24
100010b8:	000a      	movs	r2, r1
100010ba:	6a98      	ldr	r0, [r3, #40]	@ 0x28
100010bc:	6a59      	ldr	r1, [r3, #36]	@ 0x24
100010be:	4291      	cmp	r1, r2
100010c0:	d1fa      	bne.n	100010b8 <time_us_64+0x4>
100010c2:	4770      	bx	lr
100010c4:	40054000 	.word	0x40054000

100010c8 <busy_wait_until>:
100010c8:	4a06      	ldr	r2, [pc, #24]	@ (100010e4 <busy_wait_until+0x1c>)
100010ca:	6a53      	ldr	r3, [r2, #36]	@ 0x24
100010cc:	4299      	cmp	r1, r3
100010ce:	d8fc      	bhi.n	100010ca <busy_wait_until+0x2>
100010d0:	d107      	bne.n	100010e2 <busy_wait_until+0x1a>
100010d2:	4b04      	ldr	r3, [pc, #16]	@ (100010e4 <busy_wait_until+0x1c>)
100010d4:	e002      	b.n	100010dc <busy_wait_until+0x14>
100010d6:	6a5a      	ldr	r2, [r3, #36]	@ 0x24
100010d8:	4291      	cmp	r1, r2
100010da:	d102      	bne.n	100010e2 <busy_wait_until+0x1a>
100010dc:	6a9a      	ldr	r2, [r3, #40]	@ 0x28
100010de:	4290      	cmp	r0, r2
100010e0:	d8f9      	bhi.n	100010d6 <busy_wait_until+0xe>
100010e2:	4770      	bx	lr
100010e4:	40054000 	.word	0x40054000

100010e8 <clock_configure_int_divider>:
100010e8:	b5f8      	push	{r3, r4, r5, r6, r7, lr}
100010ea:	46de      	mov	lr, fp
100010ec:	464e      	mov	r6, r9
100010ee:	4645      	mov	r5, r8
100010f0:	4657      	mov	r7, sl
100010f2:	b5e0      	push	{r5, r6, r7, lr}
100010f4:	0005      	movs	r5, r0
100010f6:	468b      	mov	fp, r1
100010f8:	0018      	movs	r0, r3
100010fa:	990a      	ldr	r1, [sp, #40]	@ 0x28
100010fc:	4691      	mov	r9, r2
100010fe:	f000 fb11 	bl	10001724 <__wrap___aeabi_uidiv>
10001102:	9b0a      	ldr	r3, [sp, #40]	@ 0x28
10001104:	006c      	lsls	r4, r5, #1
10001106:	021e      	lsls	r6, r3, #8
10001108:	1964      	adds	r4, r4, r5
1000110a:	4b30      	ldr	r3, [pc, #192]	@ (100011cc <clock_configure_int_divider+0xe4>)
1000110c:	00a4      	lsls	r4, r4, #2
1000110e:	18e4      	adds	r4, r4, r3
10001110:	6863      	ldr	r3, [r4, #4]
10001112:	4680      	mov	r8, r0
10001114:	429e      	cmp	r6, r3
10001116:	d900      	bls.n	1000111a <clock_configure_int_divider+0x32>
10001118:	6066      	str	r6, [r4, #4]
1000111a:	1f2f      	subs	r7, r5, #4
1000111c:	b2fb      	uxtb	r3, r7
1000111e:	469a      	mov	sl, r3
10001120:	2b01      	cmp	r3, #1
10001122:	d92f      	bls.n	10001184 <clock_configure_int_divider+0x9c>
10001124:	23c0      	movs	r3, #192	@ 0xc0
10001126:	2280      	movs	r2, #128	@ 0x80
10001128:	4f29      	ldr	r7, [pc, #164]	@ (100011d0 <clock_configure_int_divider+0xe8>)
1000112a:	00ad      	lsls	r5, r5, #2
1000112c:	019b      	lsls	r3, r3, #6
1000112e:	5979      	ldr	r1, [r7, r5]
10001130:	0112      	lsls	r2, r2, #4
10001132:	18e3      	adds	r3, r4, r3
10001134:	601a      	str	r2, [r3, #0]
10001136:	2900      	cmp	r1, #0
10001138:	d11b      	bne.n	10001172 <clock_configure_int_divider+0x8a>
1000113a:	464b      	mov	r3, r9
1000113c:	6822      	ldr	r2, [r4, #0]
1000113e:	015b      	lsls	r3, r3, #5
10001140:	4053      	eors	r3, r2
10001142:	22e0      	movs	r2, #224	@ 0xe0
10001144:	4013      	ands	r3, r2
10001146:	2280      	movs	r2, #128	@ 0x80
10001148:	0152      	lsls	r2, r2, #5
1000114a:	18a2      	adds	r2, r4, r2
1000114c:	6013      	str	r3, [r2, #0]
1000114e:	4653      	mov	r3, sl
10001150:	2b01      	cmp	r3, #1
10001152:	d92f      	bls.n	100011b4 <clock_configure_int_divider+0xcc>
10001154:	2380      	movs	r3, #128	@ 0x80
10001156:	2280      	movs	r2, #128	@ 0x80
10001158:	019b      	lsls	r3, r3, #6
1000115a:	18e3      	adds	r3, r4, r3
1000115c:	0112      	lsls	r2, r2, #4
1000115e:	601a      	str	r2, [r3, #0]
10001160:	4643      	mov	r3, r8
10001162:	6066      	str	r6, [r4, #4]
10001164:	517b      	str	r3, [r7, r5]
10001166:	bcf0      	pop	{r4, r5, r6, r7}
10001168:	46bb      	mov	fp, r7
1000116a:	46b2      	mov	sl, r6
1000116c:	46a9      	mov	r9, r5
1000116e:	46a0      	mov	r8, r4
10001170:	bdf8      	pop	{r3, r4, r5, r6, r7, pc}
10001172:	6978      	ldr	r0, [r7, #20]
10001174:	f000 fad6 	bl	10001724 <__wrap___aeabi_uidiv>
10001178:	3001      	adds	r0, #1
1000117a:	0043      	lsls	r3, r0, #1
1000117c:	181b      	adds	r3, r3, r0
1000117e:	3b03      	subs	r3, #3
10001180:	d2fd      	bcs.n	1000117e <clock_configure_int_divider+0x96>
10001182:	e7da      	b.n	1000113a <clock_configure_int_divider+0x52>
10001184:	465b      	mov	r3, fp
10001186:	2b01      	cmp	r3, #1
10001188:	d1cc      	bne.n	10001124 <clock_configure_int_divider+0x3c>
1000118a:	23c0      	movs	r3, #192	@ 0xc0
1000118c:	2203      	movs	r2, #3
1000118e:	019b      	lsls	r3, r3, #6
10001190:	18e3      	adds	r3, r4, r3
10001192:	601a      	str	r2, [r3, #0]
10001194:	3a02      	subs	r2, #2
10001196:	68a3      	ldr	r3, [r4, #8]
10001198:	421a      	tst	r2, r3
1000119a:	d0fc      	beq.n	10001196 <clock_configure_int_divider+0xae>
1000119c:	464a      	mov	r2, r9
1000119e:	6823      	ldr	r3, [r4, #0]
100011a0:	0152      	lsls	r2, r2, #5
100011a2:	405a      	eors	r2, r3
100011a4:	23e0      	movs	r3, #224	@ 0xe0
100011a6:	4013      	ands	r3, r2
100011a8:	2280      	movs	r2, #128	@ 0x80
100011aa:	0152      	lsls	r2, r2, #5
100011ac:	18a2      	adds	r2, r4, r2
100011ae:	4f08      	ldr	r7, [pc, #32]	@ (100011d0 <clock_configure_int_divider+0xe8>)
100011b0:	6013      	str	r3, [r2, #0]
100011b2:	00ad      	lsls	r5, r5, #2
100011b4:	4658      	mov	r0, fp
100011b6:	2303      	movs	r3, #3
100011b8:	6821      	ldr	r1, [r4, #0]
100011ba:	4041      	eors	r1, r0
100011bc:	400b      	ands	r3, r1
100011be:	6013      	str	r3, [r2, #0]
100011c0:	2201      	movs	r2, #1
100011c2:	4082      	lsls	r2, r0
100011c4:	68a3      	ldr	r3, [r4, #8]
100011c6:	421a      	tst	r2, r3
100011c8:	d0fc      	beq.n	100011c4 <clock_configure_int_divider+0xdc>
100011ca:	e7c3      	b.n	10001154 <clock_configure_int_divider+0x6c>
100011cc:	40008000 	.word	0x40008000
100011d0:	20001794 	.word	0x20001794

100011d4 <clock_configure_undivided>:
100011d4:	b5f0      	push	{r4, r5, r6, r7, lr}
100011d6:	46d6      	mov	lr, sl
100011d8:	464f      	mov	r7, r9
100011da:	4646      	mov	r6, r8
100011dc:	0044      	lsls	r4, r0, #1
100011de:	4698      	mov	r8, r3
100011e0:	1824      	adds	r4, r4, r0
100011e2:	4b32      	ldr	r3, [pc, #200]	@ (100012ac <clock_configure_undivided+0xd8>)
100011e4:	00a4      	lsls	r4, r4, #2
100011e6:	18e4      	adds	r4, r4, r3
100011e8:	6863      	ldr	r3, [r4, #4]
100011ea:	468a      	mov	sl, r1
100011ec:	4691      	mov	r9, r2
100011ee:	b5c0      	push	{r6, r7, lr}
100011f0:	2bff      	cmp	r3, #255	@ 0xff
100011f2:	d802      	bhi.n	100011fa <clock_configure_undivided+0x26>
100011f4:	2380      	movs	r3, #128	@ 0x80
100011f6:	005b      	lsls	r3, r3, #1
100011f8:	6063      	str	r3, [r4, #4]
100011fa:	1f06      	subs	r6, r0, #4
100011fc:	b2f6      	uxtb	r6, r6
100011fe:	2e01      	cmp	r6, #1
10001200:	d92f      	bls.n	10001262 <clock_configure_undivided+0x8e>
10001202:	23c0      	movs	r3, #192	@ 0xc0
10001204:	2280      	movs	r2, #128	@ 0x80
10001206:	4f2a      	ldr	r7, [pc, #168]	@ (100012b0 <clock_configure_undivided+0xdc>)
10001208:	0085      	lsls	r5, r0, #2
1000120a:	019b      	lsls	r3, r3, #6
1000120c:	5979      	ldr	r1, [r7, r5]
1000120e:	0112      	lsls	r2, r2, #4
10001210:	18e3      	adds	r3, r4, r3
10001212:	601a      	str	r2, [r3, #0]
10001214:	2900      	cmp	r1, #0
10001216:	d11b      	bne.n	10001250 <clock_configure_undivided+0x7c>
10001218:	464b      	mov	r3, r9
1000121a:	6822      	ldr	r2, [r4, #0]
1000121c:	015b      	lsls	r3, r3, #5
1000121e:	4053      	eors	r3, r2
10001220:	22e0      	movs	r2, #224	@ 0xe0
10001222:	4013      	ands	r3, r2
10001224:	2280      	movs	r2, #128	@ 0x80
10001226:	0152      	lsls	r2, r2, #5
10001228:	18a2      	adds	r2, r4, r2
1000122a:	6013      	str	r3, [r2, #0]
1000122c:	2e01      	cmp	r6, #1
1000122e:	d930      	bls.n	10001292 <clock_configure_undivided+0xbe>
10001230:	2380      	movs	r3, #128	@ 0x80
10001232:	2280      	movs	r2, #128	@ 0x80
10001234:	019b      	lsls	r3, r3, #6
10001236:	18e3      	adds	r3, r4, r3
10001238:	0112      	lsls	r2, r2, #4
1000123a:	601a      	str	r2, [r3, #0]
1000123c:	2380      	movs	r3, #128	@ 0x80
1000123e:	005b      	lsls	r3, r3, #1
10001240:	6063      	str	r3, [r4, #4]
10001242:	4643      	mov	r3, r8
10001244:	517b      	str	r3, [r7, r5]
10001246:	bce0      	pop	{r5, r6, r7}
10001248:	46ba      	mov	sl, r7
1000124a:	46b1      	mov	r9, r6
1000124c:	46a8      	mov	r8, r5
1000124e:	bdf0      	pop	{r4, r5, r6, r7, pc}
10001250:	6978      	ldr	r0, [r7, #20]
10001252:	f000 fa67 	bl	10001724 <__wrap___aeabi_uidiv>
10001256:	3001      	adds	r0, #1
10001258:	0043      	lsls	r3, r0, #1
1000125a:	181b      	adds	r3, r3, r0
1000125c:	3b03      	subs	r3, #3
1000125e:	d2fd      	bcs.n	1000125c <clock_configure_undivided+0x88>
10001260:	e7da      	b.n	10001218 <clock_configure_undivided+0x44>
10001262:	4653      	mov	r3, sl
10001264:	2b01      	cmp	r3, #1
10001266:	d1cc      	bne.n	10001202 <clock_configure_undivided+0x2e>
10001268:	23c0      	movs	r3, #192	@ 0xc0
1000126a:	2203      	movs	r2, #3
1000126c:	019b      	lsls	r3, r3, #6
1000126e:	18e3      	adds	r3, r4, r3
10001270:	601a      	str	r2, [r3, #0]
10001272:	3a02      	subs	r2, #2
10001274:	68a3      	ldr	r3, [r4, #8]
10001276:	421a      	tst	r2, r3
10001278:	d0fc      	beq.n	10001274 <clock_configure_undivided+0xa0>
1000127a:	464a      	mov	r2, r9
1000127c:	6823      	ldr	r3, [r4, #0]
1000127e:	0152      	lsls	r2, r2, #5
10001280:	405a      	eors	r2, r3
10001282:	23e0      	movs	r3, #224	@ 0xe0
10001284:	4013      	ands	r3, r2
10001286:	2280      	movs	r2, #128	@ 0x80
10001288:	0152      	lsls	r2, r2, #5
1000128a:	18a2      	adds	r2, r4, r2
1000128c:	4f08      	ldr	r7, [pc, #32]	@ (100012b0 <clock_configure_undivided+0xdc>)
1000128e:	6013      	str	r3, [r2, #0]
10001290:	0085      	lsls	r5, r0, #2
10001292:	4650      	mov	r0, sl
10001294:	2303      	movs	r3, #3
10001296:	6821      	ldr	r1, [r4, #0]
10001298:	4041      	eors	r1, r0
1000129a:	400b      	ands	r3, r1
1000129c:	6013      	str	r3, [r2, #0]
1000129e:	2201      	movs	r2, #1
100012a0:	4082      	lsls	r2, r0
100012a2:	68a3      	ldr	r3, [r4, #8]
100012a4:	421a      	tst	r2, r3
100012a6:	d0fc      	beq.n	100012a2 <clock_configure_undivided+0xce>
100012a8:	e7c2      	b.n	10001230 <clock_configure_undivided+0x5c>
100012aa:	46c0      	nop			@ (mov r8, r8)
100012ac:	40008000 	.word	0x40008000
100012b0:	20001794 	.word	0x20001794

100012b4 <clock_get_hz>:
100012b4:	4b01      	ldr	r3, [pc, #4]	@ (100012bc <clock_get_hz+0x8>)
100012b6:	0080      	lsls	r0, r0, #2
100012b8:	58c0      	ldr	r0, [r0, r3]
100012ba:	4770      	bx	lr
100012bc:	20001794 	.word	0x20001794

100012c0 <pll_init>:
100012c0:	b5f0      	push	{r4, r5, r6, r7, lr}
100012c2:	46c6      	mov	lr, r8
100012c4:	0004      	movs	r4, r0
100012c6:	b500      	push	{lr}
100012c8:	4823      	ldr	r0, [pc, #140]	@ (10001358 <pll_init+0x98>)
100012ca:	0016      	movs	r6, r2
100012cc:	4698      	mov	r8, r3
100012ce:	000d      	movs	r5, r1
100012d0:	f000 fa28 	bl	10001724 <__wrap___aeabi_uidiv>
100012d4:	0001      	movs	r1, r0
100012d6:	0030      	movs	r0, r6
100012d8:	f000 fa24 	bl	10001724 <__wrap___aeabi_uidiv>
100012dc:	4643      	mov	r3, r8
100012de:	9a06      	ldr	r2, [sp, #24]
100012e0:	041b      	lsls	r3, r3, #16
100012e2:	0312      	lsls	r2, r2, #12
100012e4:	4313      	orrs	r3, r2
100012e6:	469c      	mov	ip, r3
100012e8:	6823      	ldr	r3, [r4, #0]
100012ea:	0006      	movs	r6, r0
100012ec:	2b00      	cmp	r3, #0
100012ee:	db22      	blt.n	10001336 <pll_init+0x76>
100012f0:	4b1a      	ldr	r3, [pc, #104]	@ (1000135c <pll_init+0x9c>)
100012f2:	481b      	ldr	r0, [pc, #108]	@ (10001360 <pll_init+0xa0>)
100012f4:	18e2      	adds	r2, r4, r3
100012f6:	1e53      	subs	r3, r2, #1
100012f8:	419a      	sbcs	r2, r3
100012fa:	2380      	movs	r3, #128	@ 0x80
100012fc:	4252      	negs	r2, r2
100012fe:	0b12      	lsrs	r2, r2, #12
10001300:	019b      	lsls	r3, r3, #6
10001302:	0312      	lsls	r2, r2, #12
10001304:	18d2      	adds	r2, r2, r3
10001306:	4b17      	ldr	r3, [pc, #92]	@ (10001364 <pll_init+0xa4>)
10001308:	601a      	str	r2, [r3, #0]
1000130a:	4b17      	ldr	r3, [pc, #92]	@ (10001368 <pll_init+0xa8>)
1000130c:	601a      	str	r2, [r3, #0]
1000130e:	0013      	movs	r3, r2
10001310:	6801      	ldr	r1, [r0, #0]
10001312:	438b      	bics	r3, r1
10001314:	d1fb      	bne.n	1000130e <pll_init+0x4e>
10001316:	2221      	movs	r2, #33	@ 0x21
10001318:	4b14      	ldr	r3, [pc, #80]	@ (1000136c <pll_init+0xac>)
1000131a:	6025      	str	r5, [r4, #0]
1000131c:	18e3      	adds	r3, r4, r3
1000131e:	60a6      	str	r6, [r4, #8]
10001320:	601a      	str	r2, [r3, #0]
10001322:	6822      	ldr	r2, [r4, #0]
10001324:	2a00      	cmp	r2, #0
10001326:	dafc      	bge.n	10001322 <pll_init+0x62>
10001328:	4662      	mov	r2, ip
1000132a:	60e2      	str	r2, [r4, #12]
1000132c:	2208      	movs	r2, #8
1000132e:	601a      	str	r2, [r3, #0]
10001330:	bc80      	pop	{r7}
10001332:	46b8      	mov	r8, r7
10001334:	bdf0      	pop	{r4, r5, r6, r7, pc}
10001336:	233f      	movs	r3, #63	@ 0x3f
10001338:	6822      	ldr	r2, [r4, #0]
1000133a:	4013      	ands	r3, r2
1000133c:	42ab      	cmp	r3, r5
1000133e:	d1d7      	bne.n	100012f0 <pll_init+0x30>
10001340:	68a3      	ldr	r3, [r4, #8]
10001342:	051b      	lsls	r3, r3, #20
10001344:	0d1b      	lsrs	r3, r3, #20
10001346:	4283      	cmp	r3, r0
10001348:	d1d2      	bne.n	100012f0 <pll_init+0x30>
1000134a:	22ee      	movs	r2, #238	@ 0xee
1000134c:	68e3      	ldr	r3, [r4, #12]
1000134e:	02d2      	lsls	r2, r2, #11
10001350:	4013      	ands	r3, r2
10001352:	4563      	cmp	r3, ip
10001354:	d1cc      	bne.n	100012f0 <pll_init+0x30>
10001356:	e7eb      	b.n	10001330 <pll_init+0x70>
10001358:	00b71b00 	.word	0x00b71b00
1000135c:	bffd4000 	.word	0xbffd4000
10001360:	4000c008 	.word	0x4000c008
10001364:	4000e000 	.word	0x4000e000
10001368:	4000f000 	.word	0x4000f000
1000136c:	00003004 	.word	0x00003004

10001370 <watchdog_reboot>:
10001370:	b510      	push	{r4, lr}
10001372:	2480      	movs	r4, #128	@ 0x80
10001374:	4b1c      	ldr	r3, [pc, #112]	@ (100013e8 <watchdog_reboot+0x78>)
10001376:	05e4      	lsls	r4, r4, #23
10001378:	601c      	str	r4, [r3, #0]
1000137a:	2800      	cmp	r0, #0
1000137c:	d01a      	beq.n	100013b4 <watchdog_reboot+0x44>
1000137e:	2301      	movs	r3, #1
10001380:	4c1a      	ldr	r4, [pc, #104]	@ (100013ec <watchdog_reboot+0x7c>)
10001382:	4318      	orrs	r0, r3
10001384:	4b1a      	ldr	r3, [pc, #104]	@ (100013f0 <watchdog_reboot+0x80>)
10001386:	61dc      	str	r4, [r3, #28]
10001388:	4c1a      	ldr	r4, [pc, #104]	@ (100013f4 <watchdog_reboot+0x84>)
1000138a:	4044      	eors	r4, r0
1000138c:	621c      	str	r4, [r3, #32]
1000138e:	6259      	str	r1, [r3, #36]	@ 0x24
10001390:	6298      	str	r0, [r3, #40]	@ 0x28
10001392:	2180      	movs	r1, #128	@ 0x80
10001394:	4b14      	ldr	r3, [pc, #80]	@ (100013e8 <watchdog_reboot+0x78>)
10001396:	05c9      	lsls	r1, r1, #23
10001398:	6019      	str	r1, [r3, #0]
1000139a:	4817      	ldr	r0, [pc, #92]	@ (100013f8 <watchdog_reboot+0x88>)
1000139c:	4917      	ldr	r1, [pc, #92]	@ (100013fc <watchdog_reboot+0x8c>)
1000139e:	6008      	str	r0, [r1, #0]
100013a0:	21e0      	movs	r1, #224	@ 0xe0
100013a2:	04c9      	lsls	r1, r1, #19
100013a4:	6019      	str	r1, [r3, #0]
100013a6:	2a00      	cmp	r2, #0
100013a8:	d107      	bne.n	100013ba <watchdog_reboot+0x4a>
100013aa:	2280      	movs	r2, #128	@ 0x80
100013ac:	4b14      	ldr	r3, [pc, #80]	@ (10001400 <watchdog_reboot+0x90>)
100013ae:	0612      	lsls	r2, r2, #24
100013b0:	601a      	str	r2, [r3, #0]
100013b2:	bd10      	pop	{r4, pc}
100013b4:	4b0e      	ldr	r3, [pc, #56]	@ (100013f0 <watchdog_reboot+0x80>)
100013b6:	61d8      	str	r0, [r3, #28]
100013b8:	e7eb      	b.n	10001392 <watchdog_reboot+0x22>
100013ba:	0153      	lsls	r3, r2, #5
100013bc:	1a9b      	subs	r3, r3, r2
100013be:	009b      	lsls	r3, r3, #2
100013c0:	189a      	adds	r2, r3, r2
100013c2:	2380      	movs	r3, #128	@ 0x80
100013c4:	0112      	lsls	r2, r2, #4
100013c6:	045b      	lsls	r3, r3, #17
100013c8:	429a      	cmp	r2, r3
100013ca:	d209      	bcs.n	100013e0 <watchdog_reboot+0x70>
100013cc:	0013      	movs	r3, r2
100013ce:	490d      	ldr	r1, [pc, #52]	@ (10001404 <watchdog_reboot+0x94>)
100013d0:	600b      	str	r3, [r1, #0]
100013d2:	4b07      	ldr	r3, [pc, #28]	@ (100013f0 <watchdog_reboot+0x80>)
100013d4:	605a      	str	r2, [r3, #4]
100013d6:	2280      	movs	r2, #128	@ 0x80
100013d8:	4b09      	ldr	r3, [pc, #36]	@ (10001400 <watchdog_reboot+0x90>)
100013da:	05d2      	lsls	r2, r2, #23
100013dc:	601a      	str	r2, [r3, #0]
100013de:	e7e8      	b.n	100013b2 <watchdog_reboot+0x42>
100013e0:	4b09      	ldr	r3, [pc, #36]	@ (10001408 <watchdog_reboot+0x98>)
100013e2:	001a      	movs	r2, r3
100013e4:	e7f3      	b.n	100013ce <watchdog_reboot+0x5e>
100013e6:	46c0      	nop			@ (mov r8, r8)
100013e8:	4005b000 	.word	0x4005b000
100013ec:	b007c0d3 	.word	0xb007c0d3
100013f0:	40058000 	.word	0x40058000
100013f4:	4ff83f2d 	.word	0x4ff83f2d
100013f8:	0001fffc 	.word	0x0001fffc
100013fc:	40012008 	.word	0x40012008
10001400:	4005a000 	.word	0x4005a000
10001404:	20001bf4 	.word	0x20001bf4
10001408:	00ffffff 	.word	0x00ffffff

1000140c <tick_start>:
1000140c:	2380      	movs	r3, #128	@ 0x80
1000140e:	4a02      	ldr	r2, [pc, #8]	@ (10001418 <tick_start+0xc>)
10001410:	009b      	lsls	r3, r3, #2
10001412:	430b      	orrs	r3, r1
10001414:	62d3      	str	r3, [r2, #44]	@ 0x2c
10001416:	4770      	bx	lr
10001418:	40058000 	.word	0x40058000

1000141c <rom_func_lookup>:
1000141c:	2300      	movs	r3, #0
1000141e:	b510      	push	{r4, lr}
10001420:	0001      	movs	r1, r0
10001422:	8a98      	ldrh	r0, [r3, #20]
10001424:	8b1b      	ldrh	r3, [r3, #24]
10001426:	4798      	blx	r3
10001428:	bd10      	pop	{r4, pc}
1000142a:	46c0      	nop			@ (mov r8, r8)

1000142c <rom_data_lookup>:
1000142c:	2316      	movs	r3, #22
1000142e:	b510      	push	{r4, lr}
10001430:	0001      	movs	r1, r0
10001432:	8818      	ldrh	r0, [r3, #0]
10001434:	885b      	ldrh	r3, [r3, #2]
10001436:	4798      	blx	r3
10001438:	bd10      	pop	{r4, pc}
1000143a:	46c0      	nop			@ (mov r8, r8)

1000143c <rom_funcs_lookup>:
1000143c:	b5f8      	push	{r3, r4, r5, r6, r7, lr}
1000143e:	4647      	mov	r7, r8
10001440:	46ce      	mov	lr, r9
10001442:	b580      	push	{r7, lr}
10001444:	1e0f      	subs	r7, r1, #0
10001446:	d018      	beq.n	1000147a <rom_funcs_lookup+0x3e>
10001448:	2314      	movs	r3, #20
1000144a:	4699      	mov	r9, r3
1000144c:	3304      	adds	r3, #4
1000144e:	0004      	movs	r4, r0
10001450:	2500      	movs	r5, #0
10001452:	2601      	movs	r6, #1
10001454:	4698      	mov	r8, r3
10001456:	464b      	mov	r3, r9
10001458:	8818      	ldrh	r0, [r3, #0]
1000145a:	4643      	mov	r3, r8
1000145c:	6821      	ldr	r1, [r4, #0]
1000145e:	881b      	ldrh	r3, [r3, #0]
10001460:	4798      	blx	r3
10001462:	c401      	stmia	r4!, {r0}
10001464:	1e43      	subs	r3, r0, #1
10001466:	4198      	sbcs	r0, r3
10001468:	3501      	adds	r5, #1
1000146a:	4006      	ands	r6, r0
1000146c:	42af      	cmp	r7, r5
1000146e:	d1f2      	bne.n	10001456 <rom_funcs_lookup+0x1a>
10001470:	0030      	movs	r0, r6
10001472:	bcc0      	pop	{r6, r7}
10001474:	46b9      	mov	r9, r7
10001476:	46b0      	mov	r8, r6
10001478:	bdf8      	pop	{r3, r4, r5, r6, r7, pc}
1000147a:	2601      	movs	r6, #1
1000147c:	e7f8      	b.n	10001470 <rom_funcs_lookup+0x34>
1000147e:	46c0      	nop			@ (mov r8, r8)

10001480 <rom_reset_usb_boot_extra>:
10001480:	2300      	movs	r3, #0
10001482:	b570      	push	{r4, r5, r6, lr}
10001484:	0004      	movs	r4, r0
10001486:	000d      	movs	r5, r1
10001488:	8a98      	ldrh	r0, [r3, #20]
1000148a:	4905      	ldr	r1, [pc, #20]	@ (100014a0 <rom_reset_usb_boot_extra+0x20>)
1000148c:	8b1b      	ldrh	r3, [r3, #24]
1000148e:	4798      	blx	r3
10001490:	0003      	movs	r3, r0
10001492:	2000      	movs	r0, #0
10001494:	2c00      	cmp	r4, #0
10001496:	db01      	blt.n	1000149c <rom_reset_usb_boot_extra+0x1c>
10001498:	3001      	adds	r0, #1
1000149a:	40a0      	lsls	r0, r4
1000149c:	0029      	movs	r1, r5
1000149e:	4798      	blx	r3
100014a0:	00004255 	.word	0x00004255

100014a4 <xosc_init>:
100014a4:	23aa      	movs	r3, #170	@ 0xaa
100014a6:	4a06      	ldr	r2, [pc, #24]	@ (100014c0 <xosc_init+0x1c>)
100014a8:	011b      	lsls	r3, r3, #4
100014aa:	6013      	str	r3, [r2, #0]
100014ac:	238d      	movs	r3, #141	@ 0x8d
100014ae:	005b      	lsls	r3, r3, #1
100014b0:	60d3      	str	r3, [r2, #12]
100014b2:	4904      	ldr	r1, [pc, #16]	@ (100014c4 <xosc_init+0x20>)
100014b4:	4b04      	ldr	r3, [pc, #16]	@ (100014c8 <xosc_init+0x24>)
100014b6:	6019      	str	r1, [r3, #0]
100014b8:	6853      	ldr	r3, [r2, #4]
100014ba:	2b00      	cmp	r3, #0
100014bc:	dafc      	bge.n	100014b8 <xosc_init+0x14>
100014be:	4770      	bx	lr
100014c0:	40024000 	.word	0x40024000
100014c4:	00fab000 	.word	0x00fab000
100014c8:	40026000 	.word	0x40026000

100014cc <first_per_core_initializer>:
100014cc:	4770      	bx	lr
100014ce:	46c0      	nop			@ (mov r8, r8)

100014d0 <hard_assertion_failure>:
100014d0:	b510      	push	{r4, lr}
100014d2:	4801      	ldr	r0, [pc, #4]	@ (100014d8 <hard_assertion_failure+0x8>)
100014d4:	f7fe fee8 	bl	100002a8 <panic>
100014d8:	10004114 	.word	0x10004114

100014dc <runtime_run_initializers>:
100014dc:	b570      	push	{r4, r5, r6, lr}
100014de:	4d07      	ldr	r5, [pc, #28]	@ (100014fc <runtime_run_initializers+0x20>)
100014e0:	4e07      	ldr	r6, [pc, #28]	@ (10001500 <runtime_run_initializers+0x24>)
100014e2:	42b5      	cmp	r5, r6
100014e4:	d209      	bcs.n	100014fa <runtime_run_initializers+0x1e>
100014e6:	2400      	movs	r4, #0
100014e8:	3e01      	subs	r6, #1
100014ea:	1b76      	subs	r6, r6, r5
100014ec:	08b6      	lsrs	r6, r6, #2
100014ee:	3601      	adds	r6, #1
100014f0:	cd08      	ldmia	r5!, {r3}
100014f2:	3401      	adds	r4, #1
100014f4:	4798      	blx	r3
100014f6:	42b4      	cmp	r4, r6
100014f8:	d1fa      	bne.n	100014f0 <runtime_run_initializers+0x14>
100014fa:	bd70      	pop	{r4, r5, r6, pc}
100014fc:	10004058 	.word	0x10004058
10001500:	10004094 	.word	0x10004094

10001504 <runtime_init_early_resets>:
10001504:	4b05      	ldr	r3, [pc, #20]	@ (1000151c <runtime_init_early_resets+0x18>)
10001506:	4a06      	ldr	r2, [pc, #24]	@ (10001520 <runtime_init_early_resets+0x1c>)
10001508:	4906      	ldr	r1, [pc, #24]	@ (10001524 <runtime_init_early_resets+0x20>)
1000150a:	601a      	str	r2, [r3, #0]
1000150c:	4a06      	ldr	r2, [pc, #24]	@ (10001528 <runtime_init_early_resets+0x24>)
1000150e:	4b07      	ldr	r3, [pc, #28]	@ (1000152c <runtime_init_early_resets+0x28>)
10001510:	601a      	str	r2, [r3, #0]
10001512:	0010      	movs	r0, r2
10001514:	680b      	ldr	r3, [r1, #0]
10001516:	4398      	bics	r0, r3
10001518:	d1fb      	bne.n	10001512 <runtime_init_early_resets+0xe>
1000151a:	4770      	bx	lr
1000151c:	4000e000 	.word	0x4000e000
10001520:	fefbcdbf 	.word	0xfefbcdbf
10001524:	4000c008 	.word	0x4000c008
10001528:	003c7ffe 	.word	0x003c7ffe
1000152c:	4000f000 	.word	0x4000f000

10001530 <runtime_init_usb_power_down>:
10001530:	4b04      	ldr	r3, [pc, #16]	@ (10001544 <runtime_init_usb_power_down+0x14>)
10001532:	6cdb      	ldr	r3, [r3, #76]	@ 0x4c
10001534:	2b00      	cmp	r3, #0
10001536:	d103      	bne.n	10001540 <runtime_init_usb_power_down+0x10>
10001538:	2280      	movs	r2, #128	@ 0x80
1000153a:	4b03      	ldr	r3, [pc, #12]	@ (10001548 <runtime_init_usb_power_down+0x18>)
1000153c:	02d2      	lsls	r2, r2, #11
1000153e:	601a      	str	r2, [r3, #0]
10001540:	4770      	bx	lr
10001542:	46c0      	nop			@ (mov r8, r8)
10001544:	50110000 	.word	0x50110000
10001548:	5011204c 	.word	0x5011204c

1000154c <runtime_init_post_clock_resets>:
1000154c:	4a04      	ldr	r2, [pc, #16]	@ (10001560 <runtime_init_post_clock_resets+0x14>)
1000154e:	4b05      	ldr	r3, [pc, #20]	@ (10001564 <runtime_init_post_clock_resets+0x18>)
10001550:	601a      	str	r2, [r3, #0]
10001552:	4a05      	ldr	r2, [pc, #20]	@ (10001568 <runtime_init_post_clock_resets+0x1c>)
10001554:	6813      	ldr	r3, [r2, #0]
10001556:	01db      	lsls	r3, r3, #7
10001558:	3380      	adds	r3, #128	@ 0x80
1000155a:	d1fb      	bne.n	10001554 <runtime_init_post_clock_resets+0x8>
1000155c:	4770      	bx	lr
1000155e:	46c0      	nop			@ (mov r8, r8)
10001560:	01ffffff 	.word	0x01ffffff
10001564:	4000f000 	.word	0x4000f000
10001568:	4000c008 	.word	0x4000c008

1000156c <runtime_init_rp2040_gpio_ie_disable>:
1000156c:	2240      	movs	r2, #64	@ 0x40
1000156e:	4b03      	ldr	r3, [pc, #12]	@ (1000157c <runtime_init_rp2040_gpio_ie_disable+0x10>)
10001570:	679a      	str	r2, [r3, #120]	@ 0x78
10001572:	675a      	str	r2, [r3, #116]	@ 0x74
10001574:	671a      	str	r2, [r3, #112]	@ 0x70
10001576:	66da      	str	r2, [r3, #108]	@ 0x6c
10001578:	4770      	bx	lr
1000157a:	46c0      	nop			@ (mov r8, r8)
1000157c:	4001f000 	.word	0x4001f000

10001580 <runtime_init_spin_locks_reset>:
10001580:	b510      	push	{r4, lr}
10001582:	f7fe ff31 	bl	100003e8 <spin_locks_reset>
10001586:	bd10      	pop	{r4, pc}

10001588 <runtime_init_install_ram_vector_table>:
10001588:	b570      	push	{r4, r5, r6, lr}
1000158a:	4927      	ldr	r1, [pc, #156]	@ (10001628 <runtime_init_install_ram_vector_table+0xa0>)
1000158c:	4e27      	ldr	r6, [pc, #156]	@ (1000162c <runtime_init_install_ram_vector_table+0xa4>)
1000158e:	4d28      	ldr	r5, [pc, #160]	@ (10001630 <runtime_init_install_ram_vector_table+0xa8>)
10001590:	1a76      	subs	r6, r6, r1
10001592:	08b4      	lsrs	r4, r6, #2
10001594:	0022      	movs	r2, r4
10001596:	2c30      	cmp	r4, #48	@ 0x30
10001598:	d900      	bls.n	1000159c <runtime_init_install_ram_vector_table+0x14>
1000159a:	2230      	movs	r2, #48	@ 0x30
1000159c:	0028      	movs	r0, r5
1000159e:	0092      	lsls	r2, r2, #2
100015a0:	f000 f9c0 	bl	10001924 <__wrap___aeabi_memcpy>
100015a4:	2c2f      	cmp	r4, #47	@ 0x2f
100015a6:	d83b      	bhi.n	10001620 <runtime_init_install_ram_vector_table+0x98>
100015a8:	0023      	movs	r3, r4
100015aa:	3b2a      	subs	r3, #42	@ 0x2a
100015ac:	4a21      	ldr	r2, [pc, #132]	@ (10001634 <runtime_init_install_ram_vector_table+0xac>)
100015ae:	2b05      	cmp	r3, #5
100015b0:	d91b      	bls.n	100015ea <runtime_init_install_ram_vector_table+0x62>
100015b2:	2030      	movs	r0, #48	@ 0x30
100015b4:	19ae      	adds	r6, r5, r6
100015b6:	0771      	lsls	r1, r6, #29
100015b8:	1b00      	subs	r0, r0, r4
100015ba:	0026      	movs	r6, r4
100015bc:	0fcb      	lsrs	r3, r1, #31
100015be:	2900      	cmp	r1, #0
100015c0:	da02      	bge.n	100015c8 <runtime_init_install_ram_vector_table+0x40>
100015c2:	00a1      	lsls	r1, r4, #2
100015c4:	506a      	str	r2, [r5, r1]
100015c6:	1c66      	adds	r6, r4, #1
100015c8:	1ac0      	subs	r0, r0, r3
100015ca:	18e3      	adds	r3, r4, r3
100015cc:	009b      	lsls	r3, r3, #2
100015ce:	0841      	lsrs	r1, r0, #1
100015d0:	18eb      	adds	r3, r5, r3
100015d2:	00c9      	lsls	r1, r1, #3
100015d4:	18c9      	adds	r1, r1, r3
100015d6:	601a      	str	r2, [r3, #0]
100015d8:	605a      	str	r2, [r3, #4]
100015da:	3308      	adds	r3, #8
100015dc:	428b      	cmp	r3, r1
100015de:	d1fa      	bne.n	100015d6 <runtime_init_install_ram_vector_table+0x4e>
100015e0:	2301      	movs	r3, #1
100015e2:	4203      	tst	r3, r0
100015e4:	d01c      	beq.n	10001620 <runtime_init_install_ram_vector_table+0x98>
100015e6:	4398      	bics	r0, r3
100015e8:	1984      	adds	r4, r0, r6
100015ea:	00a3      	lsls	r3, r4, #2
100015ec:	50ea      	str	r2, [r5, r3]
100015ee:	1c63      	adds	r3, r4, #1
100015f0:	2c2f      	cmp	r4, #47	@ 0x2f
100015f2:	d015      	beq.n	10001620 <runtime_init_install_ram_vector_table+0x98>
100015f4:	009b      	lsls	r3, r3, #2
100015f6:	50ea      	str	r2, [r5, r3]
100015f8:	1ca3      	adds	r3, r4, #2
100015fa:	2c2e      	cmp	r4, #46	@ 0x2e
100015fc:	d010      	beq.n	10001620 <runtime_init_install_ram_vector_table+0x98>
100015fe:	009b      	lsls	r3, r3, #2
10001600:	50ea      	str	r2, [r5, r3]
10001602:	1ce3      	adds	r3, r4, #3
10001604:	2c2d      	cmp	r4, #45	@ 0x2d
10001606:	d00b      	beq.n	10001620 <runtime_init_install_ram_vector_table+0x98>
10001608:	009b      	lsls	r3, r3, #2
1000160a:	50ea      	str	r2, [r5, r3]
1000160c:	1d23      	adds	r3, r4, #4
1000160e:	2c2c      	cmp	r4, #44	@ 0x2c
10001610:	d006      	beq.n	10001620 <runtime_init_install_ram_vector_table+0x98>
10001612:	009b      	lsls	r3, r3, #2
10001614:	50ea      	str	r2, [r5, r3]
10001616:	1d63      	adds	r3, r4, #5
10001618:	2c2b      	cmp	r4, #43	@ 0x2b
1000161a:	d001      	beq.n	10001620 <runtime_init_install_ram_vector_table+0x98>
1000161c:	009b      	lsls	r3, r3, #2
1000161e:	50ea      	str	r2, [r5, r3]
10001620:	4b05      	ldr	r3, [pc, #20]	@ (10001638 <runtime_init_install_ram_vector_table+0xb0>)
10001622:	609d      	str	r5, [r3, #8]
10001624:	bd70      	pop	{r4, r5, r6, pc}
10001626:	46c0      	nop			@ (mov r8, r8)
10001628:	10000100 	.word	0x10000100
1000162c:	100001c0 	.word	0x100001c0
10001630:	20000000 	.word	0x20000000
10001634:	100001c1 	.word	0x100001c1
10001638:	e000ed00 	.word	0xe000ed00

1000163c <runtime_init_clocks>:
1000163c:	2300      	movs	r3, #0
1000163e:	b510      	push	{r4, lr}
10001640:	4c29      	ldr	r4, [pc, #164]	@ (100016e8 <runtime_init_clocks+0xac>)
10001642:	b082      	sub	sp, #8
10001644:	67a3      	str	r3, [r4, #120]	@ 0x78
10001646:	f7ff ff2d 	bl	100014a4 <xosc_init>
1000164a:	2201      	movs	r2, #1
1000164c:	4b27      	ldr	r3, [pc, #156]	@ (100016ec <runtime_init_clocks+0xb0>)
1000164e:	601a      	str	r2, [r3, #0]
10001650:	6c63      	ldr	r3, [r4, #68]	@ 0x44
10001652:	2b01      	cmp	r3, #1
10001654:	d1fc      	bne.n	10001650 <runtime_init_clocks+0x14>
10001656:	2203      	movs	r2, #3
10001658:	4b25      	ldr	r3, [pc, #148]	@ (100016f0 <runtime_init_clocks+0xb4>)
1000165a:	601a      	str	r2, [r3, #0]
1000165c:	4a22      	ldr	r2, [pc, #136]	@ (100016e8 <runtime_init_clocks+0xac>)
1000165e:	6b93      	ldr	r3, [r2, #56]	@ 0x38
10001660:	2b01      	cmp	r3, #1
10001662:	d1fc      	bne.n	1000165e <runtime_init_clocks+0x22>
10001664:	3301      	adds	r3, #1
10001666:	9300      	str	r3, [sp, #0]
10001668:	2101      	movs	r1, #1
1000166a:	4a22      	ldr	r2, [pc, #136]	@ (100016f4 <runtime_init_clocks+0xb8>)
1000166c:	4822      	ldr	r0, [pc, #136]	@ (100016f8 <runtime_init_clocks+0xbc>)
1000166e:	3304      	adds	r3, #4
10001670:	f7ff fe26 	bl	100012c0 <pll_init>
10001674:	2305      	movs	r3, #5
10001676:	2101      	movs	r1, #1
10001678:	9300      	str	r3, [sp, #0]
1000167a:	4a20      	ldr	r2, [pc, #128]	@ (100016fc <runtime_init_clocks+0xc0>)
1000167c:	4820      	ldr	r0, [pc, #128]	@ (10001700 <runtime_init_clocks+0xc4>)
1000167e:	f7ff fe1f 	bl	100012c0 <pll_init>
10001682:	2200      	movs	r2, #0
10001684:	2102      	movs	r1, #2
10001686:	2004      	movs	r0, #4
10001688:	4b1e      	ldr	r3, [pc, #120]	@ (10001704 <runtime_init_clocks+0xc8>)
1000168a:	f7ff fda3 	bl	100011d4 <clock_configure_undivided>
1000168e:	2200      	movs	r2, #0
10001690:	2101      	movs	r1, #1
10001692:	2005      	movs	r0, #5
10001694:	4b1c      	ldr	r3, [pc, #112]	@ (10001708 <runtime_init_clocks+0xcc>)
10001696:	f7ff fd9d 	bl	100011d4 <clock_configure_undivided>
1000169a:	2200      	movs	r2, #0
1000169c:	2100      	movs	r1, #0
1000169e:	2007      	movs	r0, #7
100016a0:	4b1a      	ldr	r3, [pc, #104]	@ (1000170c <runtime_init_clocks+0xd0>)
100016a2:	f7ff fd97 	bl	100011d4 <clock_configure_undivided>
100016a6:	2200      	movs	r2, #0
100016a8:	2100      	movs	r1, #0
100016aa:	2008      	movs	r0, #8
100016ac:	4b17      	ldr	r3, [pc, #92]	@ (1000170c <runtime_init_clocks+0xd0>)
100016ae:	f7ff fd91 	bl	100011d4 <clock_configure_undivided>
100016b2:	2380      	movs	r3, #128	@ 0x80
100016b4:	00db      	lsls	r3, r3, #3
100016b6:	9300      	str	r3, [sp, #0]
100016b8:	2200      	movs	r2, #0
100016ba:	2100      	movs	r1, #0
100016bc:	2009      	movs	r0, #9
100016be:	4b13      	ldr	r3, [pc, #76]	@ (1000170c <runtime_init_clocks+0xd0>)
100016c0:	f7ff fd12 	bl	100010e8 <clock_configure_int_divider>
100016c4:	2200      	movs	r2, #0
100016c6:	4b10      	ldr	r3, [pc, #64]	@ (10001708 <runtime_init_clocks+0xcc>)
100016c8:	2100      	movs	r1, #0
100016ca:	2006      	movs	r0, #6
100016cc:	f7ff fd82 	bl	100011d4 <clock_configure_undivided>
100016d0:	2004      	movs	r0, #4
100016d2:	f7ff fdef 	bl	100012b4 <clock_get_hz>
100016d6:	490e      	ldr	r1, [pc, #56]	@ (10001710 <runtime_init_clocks+0xd4>)
100016d8:	f000 f824 	bl	10001724 <__wrap___aeabi_uidiv>
100016dc:	0001      	movs	r1, r0
100016de:	2000      	movs	r0, #0
100016e0:	f7ff fe94 	bl	1000140c <tick_start>
100016e4:	b002      	add	sp, #8
100016e6:	bd10      	pop	{r4, pc}
100016e8:	40008000 	.word	0x40008000
100016ec:	4000b03c 	.word	0x4000b03c
100016f0:	4000b030 	.word	0x4000b030
100016f4:	59682f00 	.word	0x59682f00
100016f8:	40028000 	.word	0x40028000
100016fc:	47868c00 	.word	0x47868c00
10001700:	4002c000 	.word	0x4002c000
10001704:	00b71b00 	.word	0x00b71b00
10001708:	07735940 	.word	0x07735940
1000170c:	02dc6c00 	.word	0x02dc6c00
10001710:	000f4240 	.word	0x000f4240

10001714 <__aeabi_bits_init>:
10001714:	4801      	ldr	r0, [pc, #4]	@ (1000171c <__aeabi_bits_init+0x8>)
10001716:	2104      	movs	r1, #4
10001718:	4b01      	ldr	r3, [pc, #4]	@ (10001720 <__aeabi_bits_init+0xc>)
1000171a:	4718      	bx	r3
1000171c:	20000fd0 	.word	0x20000fd0
10001720:	1000143d 	.word	0x1000143d

10001724 <__wrap___aeabi_uidiv>:
10001724:	4a11      	ldr	r2, [pc, #68]	@ (1000176c <divmod_u32u32_savestate+0x18>)
10001726:	6f93      	ldr	r3, [r2, #120]	@ 0x78
10001728:	089b      	lsrs	r3, r3, #2
1000172a:	d213      	bcs.n	10001754 <divmod_u32u32_savestate>

1000172c <divmod_u32u32_core>:
1000172c:	6610      	str	r0, [r2, #96]	@ 0x60
1000172e:	6651      	str	r1, [r2, #100]	@ 0x64
10001730:	2900      	cmp	r1, #0
10001732:	d005      	beq.n	10001740 <divmod_u32u32_core+0x14>
10001734:	e7ff      	b.n	10001736 <divmod_u32u32_core+0xa>
10001736:	e7ff      	b.n	10001738 <divmod_u32u32_core+0xc>
10001738:	e7ff      	b.n	1000173a <divmod_u32u32_core+0xe>
1000173a:	6f51      	ldr	r1, [r2, #116]	@ 0x74
1000173c:	6f10      	ldr	r0, [r2, #112]	@ 0x70
1000173e:	4770      	bx	lr
10001740:	b504      	push	{r2, lr}
10001742:	2800      	cmp	r0, #0
10001744:	d001      	beq.n	1000174a <divmod_u32u32_core+0x1e>
10001746:	2000      	movs	r0, #0
10001748:	43c0      	mvns	r0, r0
1000174a:	f002 fc5d 	bl	10004008 <____aeabi_idiv0_veneer>
1000174e:	2100      	movs	r1, #0
10001750:	bd04      	pop	{r2, pc}
10001752:	46c0      	nop			@ (mov r8, r8)

10001754 <divmod_u32u32_savestate>:
10001754:	b5f0      	push	{r4, r5, r6, r7, lr}
10001756:	6e14      	ldr	r4, [r2, #96]	@ 0x60
10001758:	6e55      	ldr	r5, [r2, #100]	@ 0x64
1000175a:	6f57      	ldr	r7, [r2, #116]	@ 0x74
1000175c:	6f16      	ldr	r6, [r2, #112]	@ 0x70
1000175e:	f7ff ffe5 	bl	1000172c <divmod_u32u32_core>
10001762:	6614      	str	r4, [r2, #96]	@ 0x60
10001764:	6655      	str	r5, [r2, #100]	@ 0x64
10001766:	6757      	str	r7, [r2, #116]	@ 0x74
10001768:	6716      	str	r6, [r2, #112]	@ 0x70
1000176a:	bdf0      	pop	{r4, r5, r6, r7, pc}
1000176c:	d0000000 	.word	0xd0000000

10001770 <__aeabi_double_init>:
10001770:	2313      	movs	r3, #19
10001772:	b570      	push	{r4, r5, r6, lr}
10001774:	781d      	ldrb	r5, [r3, #0]
10001776:	2d01      	cmp	r5, #1
10001778:	d019      	beq.n	100017ae <__aeabi_double_init+0x3e>
1000177a:	dd14      	ble.n	100017a6 <__aeabi_double_init+0x36>
1000177c:	481f      	ldr	r0, [pc, #124]	@ (100017fc <__aeabi_double_init+0x8c>)
1000177e:	f7ff fe55 	bl	1000142c <rom_data_lookup>
10001782:	0006      	movs	r6, r0
10001784:	481e      	ldr	r0, [pc, #120]	@ (10001800 <__aeabi_double_init+0x90>)
10001786:	f7ff fe51 	bl	1000142c <rom_data_lookup>
1000178a:	4c1e      	ldr	r4, [pc, #120]	@ (10001804 <__aeabi_double_init+0x94>)
1000178c:	2280      	movs	r2, #128	@ 0x80
1000178e:	0031      	movs	r1, r6
10001790:	0020      	movs	r0, r4
10001792:	f000 f8c7 	bl	10001924 <__wrap___aeabi_memcpy>
10001796:	2d02      	cmp	r5, #2
10001798:	d02d      	beq.n	100017f6 <__aeabi_double_init+0x86>
1000179a:	481b      	ldr	r0, [pc, #108]	@ (10001808 <__aeabi_double_init+0x98>)
1000179c:	f7ff fe3e 	bl	1000141c <rom_func_lookup>
100017a0:	4b1a      	ldr	r3, [pc, #104]	@ (1000180c <__aeabi_double_init+0x9c>)
100017a2:	6018      	str	r0, [r3, #0]
100017a4:	bd70      	pop	{r4, r5, r6, pc}
100017a6:	4b1a      	ldr	r3, [pc, #104]	@ (10001810 <__aeabi_double_init+0xa0>)
100017a8:	4c16      	ldr	r4, [pc, #88]	@ (10001804 <__aeabi_double_init+0x94>)
100017aa:	64a3      	str	r3, [r4, #72]	@ 0x48
100017ac:	e7f5      	b.n	1000179a <__aeabi_double_init+0x2a>
100017ae:	4b18      	ldr	r3, [pc, #96]	@ (10001810 <__aeabi_double_init+0xa0>)
100017b0:	4c14      	ldr	r4, [pc, #80]	@ (10001804 <__aeabi_double_init+0x94>)
100017b2:	6023      	str	r3, [r4, #0]
100017b4:	6063      	str	r3, [r4, #4]
100017b6:	60a3      	str	r3, [r4, #8]
100017b8:	60e3      	str	r3, [r4, #12]
100017ba:	6123      	str	r3, [r4, #16]
100017bc:	6163      	str	r3, [r4, #20]
100017be:	61a3      	str	r3, [r4, #24]
100017c0:	61e3      	str	r3, [r4, #28]
100017c2:	6223      	str	r3, [r4, #32]
100017c4:	6263      	str	r3, [r4, #36]	@ 0x24
100017c6:	62a3      	str	r3, [r4, #40]	@ 0x28
100017c8:	62e3      	str	r3, [r4, #44]	@ 0x2c
100017ca:	6323      	str	r3, [r4, #48]	@ 0x30
100017cc:	6363      	str	r3, [r4, #52]	@ 0x34
100017ce:	63a3      	str	r3, [r4, #56]	@ 0x38
100017d0:	63e3      	str	r3, [r4, #60]	@ 0x3c
100017d2:	6423      	str	r3, [r4, #64]	@ 0x40
100017d4:	6463      	str	r3, [r4, #68]	@ 0x44
100017d6:	64a3      	str	r3, [r4, #72]	@ 0x48
100017d8:	64e3      	str	r3, [r4, #76]	@ 0x4c
100017da:	6523      	str	r3, [r4, #80]	@ 0x50
100017dc:	6563      	str	r3, [r4, #84]	@ 0x54
100017de:	65a3      	str	r3, [r4, #88]	@ 0x58
100017e0:	65e3      	str	r3, [r4, #92]	@ 0x5c
100017e2:	6623      	str	r3, [r4, #96]	@ 0x60
100017e4:	6663      	str	r3, [r4, #100]	@ 0x64
100017e6:	66a3      	str	r3, [r4, #104]	@ 0x68
100017e8:	66e3      	str	r3, [r4, #108]	@ 0x6c
100017ea:	6723      	str	r3, [r4, #112]	@ 0x70
100017ec:	6763      	str	r3, [r4, #116]	@ 0x74
100017ee:	67a3      	str	r3, [r4, #120]	@ 0x78
100017f0:	67e3      	str	r3, [r4, #124]	@ 0x7c
100017f2:	64a3      	str	r3, [r4, #72]	@ 0x48
100017f4:	e7d1      	b.n	1000179a <__aeabi_double_init+0x2a>
100017f6:	4b06      	ldr	r3, [pc, #24]	@ (10001810 <__aeabi_double_init+0xa0>)
100017f8:	64a3      	str	r3, [r4, #72]	@ 0x48
100017fa:	e7ce      	b.n	1000179a <__aeabi_double_init+0x2a>
100017fc:	00004453 	.word	0x00004453
10001800:	00004653 	.word	0x00004653
10001804:	20001280 	.word	0x20001280
10001808:	0000334c 	.word	0x0000334c
1000180c:	20001c1c 	.word	0x20001c1c
10001810:	10001815 	.word	0x10001815

10001814 <double_table_shim_on_use_helper>:
10001814:	b507      	push	{r0, r1, r2, lr}
10001816:	4660      	mov	r0, ip
10001818:	8801      	ldrh	r1, [r0, #0]
1000181a:	0a0a      	lsrs	r2, r1, #8
1000181c:	3002      	adds	r0, #2
1000181e:	2adf      	cmp	r2, #223	@ 0xdf
10001820:	d1fa      	bne.n	10001818 <double_table_shim_on_use_helper+0x4>
10001822:	b2c9      	uxtb	r1, r1
10001824:	0882      	lsrs	r2, r0, #2
10001826:	d304      	bcc.n	10001832 <double_table_shim_on_use_helper+0x1e>
10001828:	8802      	ldrh	r2, [r0, #0]
1000182a:	8840      	ldrh	r0, [r0, #2]
1000182c:	0400      	lsls	r0, r0, #16
1000182e:	4310      	orrs	r0, r2
10001830:	e000      	b.n	10001834 <double_table_shim_on_use_helper+0x20>
10001832:	6800      	ldr	r0, [r0, #0]
10001834:	4a01      	ldr	r2, [pc, #4]	@ (1000183c <double_table_shim_on_use_helper+0x28>)
10001836:	5050      	str	r0, [r2, r1]
10001838:	9003      	str	r0, [sp, #12]
1000183a:	bd07      	pop	{r0, r1, r2, pc}
1000183c:	20001280 	.word	0x20001280

10001840 <__wrap___aeabi_lmul>:
10001840:	4351      	muls	r1, r2
10001842:	4343      	muls	r3, r0
10001844:	18c9      	adds	r1, r1, r3
10001846:	468c      	mov	ip, r1
10001848:	0c11      	lsrs	r1, r2, #16
1000184a:	b283      	uxth	r3, r0
1000184c:	434b      	muls	r3, r1
1000184e:	b410      	push	{r4}
10001850:	0c04      	lsrs	r4, r0, #16
10001852:	4361      	muls	r1, r4
10001854:	b292      	uxth	r2, r2
10001856:	b280      	uxth	r0, r0
10001858:	4350      	muls	r0, r2
1000185a:	4362      	muls	r2, r4
1000185c:	041c      	lsls	r4, r3, #16
1000185e:	0c1b      	lsrs	r3, r3, #16
10001860:	1900      	adds	r0, r0, r4
10001862:	bc10      	pop	{r4}
10001864:	4159      	adcs	r1, r3
10001866:	0413      	lsls	r3, r2, #16
10001868:	0c12      	lsrs	r2, r2, #16
1000186a:	18c0      	adds	r0, r0, r3
1000186c:	4151      	adcs	r1, r2
1000186e:	4461      	add	r1, ip
10001870:	4770      	bx	lr
	...

10001874 <__aeabi_float_init>:
10001874:	2313      	movs	r3, #19
10001876:	b510      	push	{r4, lr}
10001878:	781c      	ldrb	r4, [r3, #0]
1000187a:	4813      	ldr	r0, [pc, #76]	@ (100018c8 <__aeabi_float_init+0x54>)
1000187c:	f7ff fdd6 	bl	1000142c <rom_data_lookup>
10001880:	2c01      	cmp	r4, #1
10001882:	d00b      	beq.n	1000189c <__aeabi_float_init+0x28>
10001884:	dd04      	ble.n	10001890 <__aeabi_float_init+0x1c>
10001886:	0001      	movs	r1, r0
10001888:	2280      	movs	r2, #128	@ 0x80
1000188a:	4810      	ldr	r0, [pc, #64]	@ (100018cc <__aeabi_float_init+0x58>)
1000188c:	f000 f84a 	bl	10001924 <__wrap___aeabi_memcpy>
10001890:	480f      	ldr	r0, [pc, #60]	@ (100018d0 <__aeabi_float_init+0x5c>)
10001892:	f7ff fdc3 	bl	1000141c <rom_func_lookup>
10001896:	4b0f      	ldr	r3, [pc, #60]	@ (100018d4 <__aeabi_float_init+0x60>)
10001898:	6018      	str	r0, [r3, #0]
1000189a:	bd10      	pop	{r4, pc}
1000189c:	4c0b      	ldr	r4, [pc, #44]	@ (100018cc <__aeabi_float_init+0x58>)
1000189e:	0001      	movs	r1, r0
100018a0:	2254      	movs	r2, #84	@ 0x54
100018a2:	0020      	movs	r0, r4
100018a4:	f000 f83e 	bl	10001924 <__wrap___aeabi_memcpy>
100018a8:	4b0b      	ldr	r3, [pc, #44]	@ (100018d8 <__aeabi_float_init+0x64>)
100018aa:	6563      	str	r3, [r4, #84]	@ 0x54
100018ac:	65a3      	str	r3, [r4, #88]	@ 0x58
100018ae:	65e3      	str	r3, [r4, #92]	@ 0x5c
100018b0:	6623      	str	r3, [r4, #96]	@ 0x60
100018b2:	6663      	str	r3, [r4, #100]	@ 0x64
100018b4:	66a3      	str	r3, [r4, #104]	@ 0x68
100018b6:	66e3      	str	r3, [r4, #108]	@ 0x6c
100018b8:	6723      	str	r3, [r4, #112]	@ 0x70
100018ba:	6763      	str	r3, [r4, #116]	@ 0x74
100018bc:	67a3      	str	r3, [r4, #120]	@ 0x78
100018be:	67e3      	str	r3, [r4, #124]	@ 0x7c
100018c0:	6223      	str	r3, [r4, #32]
100018c2:	61e3      	str	r3, [r4, #28]
100018c4:	e7e4      	b.n	10001890 <__aeabi_float_init+0x1c>
100018c6:	46c0      	nop			@ (mov r8, r8)
100018c8:	00004653 	.word	0x00004653
100018cc:	20001380 	.word	0x20001380
100018d0:	0000334c 	.word	0x0000334c
100018d4:	20001c1c 	.word	0x20001c1c
100018d8:	100018dd 	.word	0x100018dd

100018dc <float_table_shim_on_use_helper>:
100018dc:	b507      	push	{r0, r1, r2, lr}
100018de:	4660      	mov	r0, ip
100018e0:	8801      	ldrh	r1, [r0, #0]
100018e2:	0a0a      	lsrs	r2, r1, #8
100018e4:	3002      	adds	r0, #2
100018e6:	2adf      	cmp	r2, #223	@ 0xdf
100018e8:	d1fa      	bne.n	100018e0 <float_table_shim_on_use_helper+0x4>
100018ea:	b2c9      	uxtb	r1, r1
100018ec:	0882      	lsrs	r2, r0, #2
100018ee:	d304      	bcc.n	100018fa <float_table_shim_on_use_helper+0x1e>
100018f0:	8802      	ldrh	r2, [r0, #0]
100018f2:	8840      	ldrh	r0, [r0, #2]
100018f4:	0400      	lsls	r0, r0, #16
100018f6:	4310      	orrs	r0, r2
100018f8:	e000      	b.n	100018fc <float_table_shim_on_use_helper+0x20>
100018fa:	6800      	ldr	r0, [r0, #0]
100018fc:	4a01      	ldr	r2, [pc, #4]	@ (10001904 <float_table_shim_on_use_helper+0x28>)
100018fe:	5050      	str	r0, [r2, r1]
10001900:	9003      	str	r0, [sp, #12]
10001902:	bd07      	pop	{r0, r1, r2, pc}
10001904:	20001380 	.word	0x20001380

10001908 <__aeabi_mem_init>:
10001908:	4801      	ldr	r0, [pc, #4]	@ (10001910 <__aeabi_mem_init+0x8>)
1000190a:	2104      	movs	r1, #4
1000190c:	4b01      	ldr	r3, [pc, #4]	@ (10001914 <__aeabi_mem_init+0xc>)
1000190e:	4718      	bx	r3
10001910:	20000fe0 	.word	0x20000fe0
10001914:	1000143d 	.word	0x1000143d

10001918 <__wrap_memset>:
10001918:	4b01      	ldr	r3, [pc, #4]	@ (10001920 <__wrap_memset+0x8>)
1000191a:	681b      	ldr	r3, [r3, #0]
1000191c:	4718      	bx	r3
1000191e:	0000      	.short	0x0000
10001920:	20000fe0 	.word	0x20000fe0

10001924 <__wrap___aeabi_memcpy>:
10001924:	4b01      	ldr	r3, [pc, #4]	@ (1000192c <__wrap___aeabi_memcpy+0x8>)
10001926:	685b      	ldr	r3, [r3, #4]
10001928:	4718      	bx	r3
1000192a:	0000      	.short	0x0000
1000192c:	20000fe0 	.word	0x20000fe0

10001930 <_out_char>:
10001930:	b510      	push	{r4, lr}
10001932:	2800      	cmp	r0, #0
10001934:	d100      	bne.n	10001938 <_out_char+0x8>
10001936:	bd10      	pop	{r4, pc}
10001938:	f000 f91e 	bl	10001b78 <__wrap_putchar>
1000193c:	e7fb      	b.n	10001936 <_out_char+0x6>
1000193e:	46c0      	nop			@ (mov r8, r8)

10001940 <weak_raw_vprintf>:
10001940:	b510      	push	{r4, lr}
10001942:	4a09      	ldr	r2, [pc, #36]	@ (10001968 <weak_raw_vprintf+0x28>)
10001944:	0003      	movs	r3, r0
10001946:	6814      	ldr	r4, [r2, #0]
10001948:	b084      	sub	sp, #16
1000194a:	2c00      	cmp	r4, #0
1000194c:	d008      	beq.n	10001960 <weak_raw_vprintf+0x20>
1000194e:	2201      	movs	r2, #1
10001950:	9100      	str	r1, [sp, #0]
10001952:	4806      	ldr	r0, [pc, #24]	@ (1000196c <weak_raw_vprintf+0x2c>)
10001954:	4252      	negs	r2, r2
10001956:	a903      	add	r1, sp, #12
10001958:	47a0      	blx	r4
1000195a:	2001      	movs	r0, #1
1000195c:	b004      	add	sp, #16
1000195e:	bd10      	pop	{r4, pc}
10001960:	f000 f954 	bl	10001c0c <__wrap_puts>
10001964:	2000      	movs	r0, #0
10001966:	e7f9      	b.n	1000195c <weak_raw_vprintf+0x1c>
10001968:	20001bf0 	.word	0x20001bf0
1000196c:	10001931 	.word	0x10001931

10001970 <_exit>:
10001970:	be00      	bkpt	0x0000
10001972:	e7fd      	b.n	10001970 <_exit>

10001974 <_fini>:
10001974:	4770      	bx	lr
10001976:	46c0      	nop			@ (mov r8, r8)

10001978 <exit>:
10001978:	b510      	push	{r4, lr}
1000197a:	f7ff fff9 	bl	10001970 <_exit>
1000197e:	46c0      	nop			@ (mov r8, r8)

10001980 <runtime_init>:
10001980:	b570      	push	{r4, r5, r6, lr}
10001982:	f7ff fdab 	bl	100014dc <runtime_run_initializers>
10001986:	4d07      	ldr	r5, [pc, #28]	@ (100019a4 <runtime_init+0x24>)
10001988:	4e07      	ldr	r6, [pc, #28]	@ (100019a8 <runtime_init+0x28>)
1000198a:	42b5      	cmp	r5, r6
1000198c:	d209      	bcs.n	100019a2 <runtime_init+0x22>
1000198e:	2400      	movs	r4, #0
10001990:	3e01      	subs	r6, #1
10001992:	1b76      	subs	r6, r6, r5
10001994:	08b6      	lsrs	r6, r6, #2
10001996:	3601      	adds	r6, #1
10001998:	cd08      	ldmia	r5!, {r3}
1000199a:	3401      	adds	r4, #1
1000199c:	4798      	blx	r3
1000199e:	42b4      	cmp	r4, r6
100019a0:	d1fa      	bne.n	10001998 <runtime_init+0x18>
100019a2:	bd70      	pop	{r4, r5, r6, pc}
100019a4:	10004094 	.word	0x10004094
100019a8:	10004098 	.word	0x10004098

100019ac <stdio_out_chars_no_crlf>:
100019ac:	0003      	movs	r3, r0
100019ae:	b510      	push	{r4, lr}
100019b0:	0008      	movs	r0, r1
100019b2:	0011      	movs	r1, r2
100019b4:	681b      	ldr	r3, [r3, #0]
100019b6:	4798      	blx	r3
100019b8:	bd10      	pop	{r4, pc}
100019ba:	46c0      	nop			@ (mov r8, r8)

100019bc <stdio_out_chars_crlf>:
100019bc:	b5f8      	push	{r3, r4, r5, r6, r7, lr}
100019be:	7d43      	ldrb	r3, [r0, #21]
100019c0:	0007      	movs	r7, r0
100019c2:	000d      	movs	r5, r1
100019c4:	0016      	movs	r6, r2
100019c6:	2b00      	cmp	r3, #0
100019c8:	d038      	beq.n	10001a3c <stdio_out_chars_crlf+0x80>
100019ca:	2a00      	cmp	r2, #0
100019cc:	dd1a      	ble.n	10001a04 <stdio_out_chars_crlf+0x48>
100019ce:	780b      	ldrb	r3, [r1, #0]
100019d0:	2b0a      	cmp	r3, #10
100019d2:	d018      	beq.n	10001a06 <stdio_out_chars_crlf+0x4a>
100019d4:	2000      	movs	r0, #0
100019d6:	2e01      	cmp	r6, #1
100019d8:	d009      	beq.n	100019ee <stdio_out_chars_crlf+0x32>
100019da:	2401      	movs	r4, #1
100019dc:	0021      	movs	r1, r4
100019de:	5c6b      	ldrb	r3, [r5, r1]
100019e0:	3401      	adds	r4, #1
100019e2:	2b0a      	cmp	r3, #10
100019e4:	d01a      	beq.n	10001a1c <stdio_out_chars_crlf+0x60>
100019e6:	42b4      	cmp	r4, r6
100019e8:	d1f8      	bne.n	100019dc <stdio_out_chars_crlf+0x20>
100019ea:	4286      	cmp	r6, r0
100019ec:	dd03      	ble.n	100019f6 <stdio_out_chars_crlf+0x3a>
100019ee:	1a31      	subs	r1, r6, r0
100019f0:	683b      	ldr	r3, [r7, #0]
100019f2:	1828      	adds	r0, r5, r0
100019f4:	4798      	blx	r3
100019f6:	19ad      	adds	r5, r5, r6
100019f8:	3d01      	subs	r5, #1
100019fa:	782b      	ldrb	r3, [r5, #0]
100019fc:	3b0d      	subs	r3, #13
100019fe:	425a      	negs	r2, r3
10001a00:	4153      	adcs	r3, r2
10001a02:	753b      	strb	r3, [r7, #20]
10001a04:	bdf8      	pop	{r3, r4, r5, r6, r7, pc}
10001a06:	7d03      	ldrb	r3, [r0, #20]
10001a08:	2b00      	cmp	r3, #0
10001a0a:	d1e3      	bne.n	100019d4 <stdio_out_chars_crlf+0x18>
10001a0c:	2102      	movs	r1, #2
10001a0e:	480e      	ldr	r0, [pc, #56]	@ (10001a48 <stdio_out_chars_crlf+0x8c>)
10001a10:	683b      	ldr	r3, [r7, #0]
10001a12:	4798      	blx	r3
10001a14:	2e01      	cmp	r6, #1
10001a16:	d0ee      	beq.n	100019f6 <stdio_out_chars_crlf+0x3a>
10001a18:	2001      	movs	r0, #1
10001a1a:	e7de      	b.n	100019da <stdio_out_chars_crlf+0x1e>
10001a1c:	1e6b      	subs	r3, r5, #1
10001a1e:	5c5b      	ldrb	r3, [r3, r1]
10001a20:	2b0d      	cmp	r3, #13
10001a22:	d0e0      	beq.n	100019e6 <stdio_out_chars_crlf+0x2a>
10001a24:	4288      	cmp	r0, r1
10001a26:	da03      	bge.n	10001a30 <stdio_out_chars_crlf+0x74>
10001a28:	1a09      	subs	r1, r1, r0
10001a2a:	683b      	ldr	r3, [r7, #0]
10001a2c:	1828      	adds	r0, r5, r0
10001a2e:	4798      	blx	r3
10001a30:	4805      	ldr	r0, [pc, #20]	@ (10001a48 <stdio_out_chars_crlf+0x8c>)
10001a32:	2102      	movs	r1, #2
10001a34:	683b      	ldr	r3, [r7, #0]
10001a36:	4798      	blx	r3
10001a38:	0020      	movs	r0, r4
10001a3a:	e7d4      	b.n	100019e6 <stdio_out_chars_crlf+0x2a>
10001a3c:	6803      	ldr	r3, [r0, #0]
10001a3e:	0011      	movs	r1, r2
10001a40:	0028      	movs	r0, r5
10001a42:	4798      	blx	r3
10001a44:	e7de      	b.n	10001a04 <stdio_out_chars_crlf+0x48>
10001a46:	46c0      	nop			@ (mov r8, r8)
10001a48:	10004254 	.word	0x10004254

10001a4c <stdio_put_string>:
10001a4c:	b5f0      	push	{r4, r5, r6, r7, lr}
10001a4e:	4646      	mov	r6, r8
10001a50:	46d6      	mov	lr, sl
10001a52:	464f      	mov	r7, r9
10001a54:	b5c0      	push	{r6, r7, lr}
10001a56:	b082      	sub	sp, #8
10001a58:	4690      	mov	r8, r2
10001a5a:	001c      	movs	r4, r3
10001a5c:	0006      	movs	r6, r0
10001a5e:	000d      	movs	r5, r1
10001a60:	f7ff fb28 	bl	100010b4 <time_us_64>
10001a64:	2300      	movs	r3, #0
10001a66:	4a2f      	ldr	r2, [pc, #188]	@ (10001b24 <stdio_put_string+0xd8>)
10001a68:	1812      	adds	r2, r2, r0
10001a6a:	414b      	adcs	r3, r1
10001a6c:	2b00      	cmp	r3, #0
10001a6e:	da02      	bge.n	10001a76 <stdio_put_string+0x2a>
10001a70:	2201      	movs	r2, #1
10001a72:	4b2d      	ldr	r3, [pc, #180]	@ (10001b28 <stdio_put_string+0xdc>)
10001a74:	4252      	negs	r2, r2
10001a76:	492d      	ldr	r1, [pc, #180]	@ (10001b2c <stdio_put_string+0xe0>)
10001a78:	0008      	movs	r0, r1
10001a7a:	468a      	mov	sl, r1
10001a7c:	f002 facc 	bl	10004018 <__mutex_try_enter_block_until_veneer>
10001a80:	4681      	mov	r9, r0
10001a82:	1c6b      	adds	r3, r5, #1
10001a84:	d103      	bne.n	10001a8e <stdio_put_string+0x42>
10001a86:	0030      	movs	r0, r6
10001a88:	f002 fa5c 	bl	10003f44 <strlen>
10001a8c:	0005      	movs	r5, r0
10001a8e:	2c00      	cmp	r4, #0
10001a90:	d027      	beq.n	10001ae2 <stdio_put_string+0x96>
10001a92:	4f27      	ldr	r7, [pc, #156]	@ (10001b30 <stdio_put_string+0xe4>)
10001a94:	4b27      	ldr	r3, [pc, #156]	@ (10001b34 <stdio_put_string+0xe8>)
10001a96:	681c      	ldr	r4, [r3, #0]
10001a98:	2c00      	cmp	r4, #0
10001a9a:	d018      	beq.n	10001ace <stdio_put_string+0x82>
10001a9c:	4643      	mov	r3, r8
10001a9e:	2b00      	cmp	r3, #0
10001aa0:	d121      	bne.n	10001ae6 <stdio_put_string+0x9a>
10001aa2:	4b25      	ldr	r3, [pc, #148]	@ (10001b38 <stdio_put_string+0xec>)
10001aa4:	4698      	mov	r8, r3
10001aa6:	e002      	b.n	10001aae <stdio_put_string+0x62>
10001aa8:	6924      	ldr	r4, [r4, #16]
10001aaa:	2c00      	cmp	r4, #0
10001aac:	d00f      	beq.n	10001ace <stdio_put_string+0x82>
10001aae:	6823      	ldr	r3, [r4, #0]
10001ab0:	2b00      	cmp	r3, #0
10001ab2:	d0f9      	beq.n	10001aa8 <stdio_put_string+0x5c>
10001ab4:	4643      	mov	r3, r8
10001ab6:	681b      	ldr	r3, [r3, #0]
10001ab8:	2b00      	cmp	r3, #0
10001aba:	d001      	beq.n	10001ac0 <stdio_put_string+0x74>
10001abc:	429c      	cmp	r4, r3
10001abe:	d1f3      	bne.n	10001aa8 <stdio_put_string+0x5c>
10001ac0:	0020      	movs	r0, r4
10001ac2:	002a      	movs	r2, r5
10001ac4:	0031      	movs	r1, r6
10001ac6:	47b8      	blx	r7
10001ac8:	6924      	ldr	r4, [r4, #16]
10001aca:	2c00      	cmp	r4, #0
10001acc:	d1ef      	bne.n	10001aae <stdio_put_string+0x62>
10001ace:	464b      	mov	r3, r9
10001ad0:	2b00      	cmp	r3, #0
10001ad2:	d123      	bne.n	10001b1c <stdio_put_string+0xd0>
10001ad4:	0028      	movs	r0, r5
10001ad6:	b002      	add	sp, #8
10001ad8:	bce0      	pop	{r5, r6, r7}
10001ada:	46ba      	mov	sl, r7
10001adc:	46b1      	mov	r9, r6
10001ade:	46a8      	mov	r8, r5
10001ae0:	bdf0      	pop	{r4, r5, r6, r7, pc}
10001ae2:	4f16      	ldr	r7, [pc, #88]	@ (10001b3c <stdio_put_string+0xf0>)
10001ae4:	e7d6      	b.n	10001a94 <stdio_put_string+0x48>
10001ae6:	4b14      	ldr	r3, [pc, #80]	@ (10001b38 <stdio_put_string+0xec>)
10001ae8:	4698      	mov	r8, r3
10001aea:	e002      	b.n	10001af2 <stdio_put_string+0xa6>
10001aec:	6924      	ldr	r4, [r4, #16]
10001aee:	2c00      	cmp	r4, #0
10001af0:	d0ed      	beq.n	10001ace <stdio_put_string+0x82>
10001af2:	6823      	ldr	r3, [r4, #0]
10001af4:	2b00      	cmp	r3, #0
10001af6:	d0f9      	beq.n	10001aec <stdio_put_string+0xa0>
10001af8:	4643      	mov	r3, r8
10001afa:	681b      	ldr	r3, [r3, #0]
10001afc:	2b00      	cmp	r3, #0
10001afe:	d001      	beq.n	10001b04 <stdio_put_string+0xb8>
10001b00:	42a3      	cmp	r3, r4
10001b02:	d1f3      	bne.n	10001aec <stdio_put_string+0xa0>
10001b04:	002a      	movs	r2, r5
10001b06:	0031      	movs	r1, r6
10001b08:	0020      	movs	r0, r4
10001b0a:	47b8      	blx	r7
10001b0c:	466b      	mov	r3, sp
10001b0e:	220a      	movs	r2, #10
10001b10:	0020      	movs	r0, r4
10001b12:	71da      	strb	r2, [r3, #7]
10001b14:	1dd9      	adds	r1, r3, #7
10001b16:	3a09      	subs	r2, #9
10001b18:	47b8      	blx	r7
10001b1a:	e7e7      	b.n	10001aec <stdio_put_string+0xa0>
10001b1c:	4650      	mov	r0, sl
10001b1e:	f002 fa93 	bl	10004048 <__mutex_exit_veneer>
10001b22:	e7d7      	b.n	10001ad4 <stdio_put_string+0x88>
10001b24:	000f4240 	.word	0x000f4240
10001b28:	7fffffff 	.word	0x7fffffff
10001b2c:	20001028 	.word	0x20001028
10001b30:	100019bd 	.word	0x100019bd
10001b34:	200017e4 	.word	0x200017e4
10001b38:	200017ec 	.word	0x200017ec
10001b3c:	100019ad 	.word	0x100019ad

10001b40 <stdio_set_driver_enabled>:
10001b40:	4a0a      	ldr	r2, [pc, #40]	@ (10001b6c <stdio_set_driver_enabled+0x2c>)
10001b42:	6813      	ldr	r3, [r2, #0]
10001b44:	2b00      	cmp	r3, #0
10001b46:	d105      	bne.n	10001b54 <stdio_set_driver_enabled+0x14>
10001b48:	e00c      	b.n	10001b64 <stdio_set_driver_enabled+0x24>
10001b4a:	001a      	movs	r2, r3
10001b4c:	691b      	ldr	r3, [r3, #16]
10001b4e:	3210      	adds	r2, #16
10001b50:	2b00      	cmp	r3, #0
10001b52:	d007      	beq.n	10001b64 <stdio_set_driver_enabled+0x24>
10001b54:	4283      	cmp	r3, r0
10001b56:	d1f8      	bne.n	10001b4a <stdio_set_driver_enabled+0xa>
10001b58:	2900      	cmp	r1, #0
10001b5a:	d102      	bne.n	10001b62 <stdio_set_driver_enabled+0x22>
10001b5c:	6918      	ldr	r0, [r3, #16]
10001b5e:	6010      	str	r0, [r2, #0]
10001b60:	6119      	str	r1, [r3, #16]
10001b62:	4770      	bx	lr
10001b64:	2900      	cmp	r1, #0
10001b66:	d0fc      	beq.n	10001b62 <stdio_set_driver_enabled+0x22>
10001b68:	6010      	str	r0, [r2, #0]
10001b6a:	e7fa      	b.n	10001b62 <stdio_set_driver_enabled+0x22>
10001b6c:	200017e4 	.word	0x200017e4

10001b70 <stdio_init_all>:
10001b70:	b510      	push	{r4, lr}
10001b72:	f000 f9f7 	bl	10001f64 <stdio_usb_init>
10001b76:	bd10      	pop	{r4, pc}

10001b78 <__wrap_putchar>:
10001b78:	b5f0      	push	{r4, r5, r6, r7, lr}
10001b7a:	46ce      	mov	lr, r9
10001b7c:	4647      	mov	r7, r8
10001b7e:	b580      	push	{r7, lr}
10001b80:	b083      	sub	sp, #12
10001b82:	466b      	mov	r3, sp
10001b84:	0006      	movs	r6, r0
10001b86:	1ddd      	adds	r5, r3, #7
10001b88:	7028      	strb	r0, [r5, #0]
10001b8a:	f7ff fa93 	bl	100010b4 <time_us_64>
10001b8e:	2300      	movs	r3, #0
10001b90:	4a19      	ldr	r2, [pc, #100]	@ (10001bf8 <__wrap_putchar+0x80>)
10001b92:	1812      	adds	r2, r2, r0
10001b94:	414b      	adcs	r3, r1
10001b96:	2b00      	cmp	r3, #0
10001b98:	da02      	bge.n	10001ba0 <__wrap_putchar+0x28>
10001b9a:	2201      	movs	r2, #1
10001b9c:	4b17      	ldr	r3, [pc, #92]	@ (10001bfc <__wrap_putchar+0x84>)
10001b9e:	4252      	negs	r2, r2
10001ba0:	4917      	ldr	r1, [pc, #92]	@ (10001c00 <__wrap_putchar+0x88>)
10001ba2:	0008      	movs	r0, r1
10001ba4:	4689      	mov	r9, r1
10001ba6:	f002 fa37 	bl	10004018 <__mutex_try_enter_block_until_veneer>
10001baa:	4b16      	ldr	r3, [pc, #88]	@ (10001c04 <__wrap_putchar+0x8c>)
10001bac:	4680      	mov	r8, r0
10001bae:	681c      	ldr	r4, [r3, #0]
10001bb0:	2c00      	cmp	r4, #0
10001bb2:	d014      	beq.n	10001bde <__wrap_putchar+0x66>
10001bb4:	4f14      	ldr	r7, [pc, #80]	@ (10001c08 <__wrap_putchar+0x90>)
10001bb6:	e002      	b.n	10001bbe <__wrap_putchar+0x46>
10001bb8:	6924      	ldr	r4, [r4, #16]
10001bba:	2c00      	cmp	r4, #0
10001bbc:	d00f      	beq.n	10001bde <__wrap_putchar+0x66>
10001bbe:	6823      	ldr	r3, [r4, #0]
10001bc0:	2b00      	cmp	r3, #0
10001bc2:	d0f9      	beq.n	10001bb8 <__wrap_putchar+0x40>
10001bc4:	683b      	ldr	r3, [r7, #0]
10001bc6:	2b00      	cmp	r3, #0
10001bc8:	d001      	beq.n	10001bce <__wrap_putchar+0x56>
10001bca:	429c      	cmp	r4, r3
10001bcc:	d1f4      	bne.n	10001bb8 <__wrap_putchar+0x40>
10001bce:	0020      	movs	r0, r4
10001bd0:	2201      	movs	r2, #1
10001bd2:	0029      	movs	r1, r5
10001bd4:	f7ff fef2 	bl	100019bc <stdio_out_chars_crlf>
10001bd8:	6924      	ldr	r4, [r4, #16]
10001bda:	2c00      	cmp	r4, #0
10001bdc:	d1ef      	bne.n	10001bbe <__wrap_putchar+0x46>
10001bde:	4643      	mov	r3, r8
10001be0:	2b00      	cmp	r3, #0
10001be2:	d105      	bne.n	10001bf0 <__wrap_putchar+0x78>
10001be4:	0030      	movs	r0, r6
10001be6:	b003      	add	sp, #12
10001be8:	bcc0      	pop	{r6, r7}
10001bea:	46b9      	mov	r9, r7
10001bec:	46b0      	mov	r8, r6
10001bee:	bdf0      	pop	{r4, r5, r6, r7, pc}
10001bf0:	4648      	mov	r0, r9
10001bf2:	f002 fa29 	bl	10004048 <__mutex_exit_veneer>
10001bf6:	e7f5      	b.n	10001be4 <__wrap_putchar+0x6c>
10001bf8:	000f4240 	.word	0x000f4240
10001bfc:	7fffffff 	.word	0x7fffffff
10001c00:	20001028 	.word	0x20001028
10001c04:	200017e4 	.word	0x200017e4
10001c08:	200017ec 	.word	0x200017ec

10001c0c <__wrap_puts>:
10001c0c:	b570      	push	{r4, r5, r6, lr}
10001c0e:	0004      	movs	r4, r0
10001c10:	f002 f998 	bl	10003f44 <strlen>
10001c14:	2301      	movs	r3, #1
10001c16:	0001      	movs	r1, r0
10001c18:	0005      	movs	r5, r0
10001c1a:	2201      	movs	r2, #1
10001c1c:	0020      	movs	r0, r4
10001c1e:	f7ff ff15 	bl	10001a4c <stdio_put_string>
10001c22:	4b08      	ldr	r3, [pc, #32]	@ (10001c44 <__wrap_puts+0x38>)
10001c24:	681c      	ldr	r4, [r3, #0]
10001c26:	2c00      	cmp	r4, #0
10001c28:	d006      	beq.n	10001c38 <__wrap_puts+0x2c>
10001c2a:	6863      	ldr	r3, [r4, #4]
10001c2c:	2b00      	cmp	r3, #0
10001c2e:	d005      	beq.n	10001c3c <__wrap_puts+0x30>
10001c30:	4798      	blx	r3
10001c32:	6924      	ldr	r4, [r4, #16]
10001c34:	2c00      	cmp	r4, #0
10001c36:	d1f8      	bne.n	10001c2a <__wrap_puts+0x1e>
10001c38:	0028      	movs	r0, r5
10001c3a:	bd70      	pop	{r4, r5, r6, pc}
10001c3c:	6924      	ldr	r4, [r4, #16]
10001c3e:	2c00      	cmp	r4, #0
10001c40:	d1f3      	bne.n	10001c2a <__wrap_puts+0x1e>
10001c42:	e7f9      	b.n	10001c38 <__wrap_puts+0x2c>
10001c44:	200017e4 	.word	0x200017e4

10001c48 <stdio_usb_set_chars_available_callback>:
10001c48:	4b02      	ldr	r3, [pc, #8]	@ (10001c54 <stdio_usb_set_chars_available_callback+0xc>)
10001c4a:	6018      	str	r0, [r3, #0]
10001c4c:	4b02      	ldr	r3, [pc, #8]	@ (10001c58 <stdio_usb_set_chars_available_callback+0x10>)
10001c4e:	6019      	str	r1, [r3, #0]
10001c50:	4770      	bx	lr
10001c52:	46c0      	nop			@ (mov r8, r8)
10001c54:	20001784 	.word	0x20001784
10001c58:	20001788 	.word	0x20001788

10001c5c <usb_irq>:
10001c5c:	b510      	push	{r4, lr}
10001c5e:	4b02      	ldr	r3, [pc, #8]	@ (10001c68 <usb_irq+0xc>)
10001c60:	7818      	ldrb	r0, [r3, #0]
10001c62:	f7fe fc11 	bl	10000488 <irq_set_pending>
10001c66:	bd10      	pop	{r4, pc}
10001c68:	20001c43 	.word	0x20001c43

10001c6c <timer_task>:
10001c6c:	4b15      	ldr	r3, [pc, #84]	@ (10001cc4 <timer_task+0x58>)
10001c6e:	b570      	push	{r4, r5, r6, lr}
10001c70:	681a      	ldr	r2, [r3, #0]
10001c72:	2a00      	cmp	r2, #0
10001c74:	d022      	beq.n	10001cbc <timer_task+0x50>
10001c76:	f3ef 8110 	mrs	r1, PRIMASK
10001c7a:	b672      	cpsid	i
10001c7c:	6810      	ldr	r0, [r2, #0]
10001c7e:	2800      	cmp	r0, #0
10001c80:	d0fc      	beq.n	10001c7c <timer_task+0x10>
10001c82:	f3bf 8f5f 	dmb	sy
10001c86:	2000      	movs	r0, #0
10001c88:	4a0f      	ldr	r2, [pc, #60]	@ (10001cc8 <timer_task+0x5c>)
10001c8a:	6059      	str	r1, [r3, #4]
10001c8c:	7010      	strb	r0, [r2, #0]
10001c8e:	681b      	ldr	r3, [r3, #0]
10001c90:	f3bf 8f5f 	dmb	sy
10001c94:	6018      	str	r0, [r3, #0]
10001c96:	f381 8810 	msr	PRIMASK, r1
10001c9a:	2400      	movs	r4, #0
10001c9c:	2500      	movs	r5, #0
10001c9e:	4e0b      	ldr	r6, [pc, #44]	@ (10001ccc <timer_task+0x60>)
10001ca0:	7830      	ldrb	r0, [r6, #0]
10001ca2:	f7fe fbe5 	bl	10000470 <irq_is_enabled>
10001ca6:	2800      	cmp	r0, #0
10001ca8:	d104      	bne.n	10001cb4 <timer_task+0x48>
10001caa:	2400      	movs	r4, #0
10001cac:	2500      	movs	r5, #0
10001cae:	0029      	movs	r1, r5
10001cb0:	0020      	movs	r0, r4
10001cb2:	bd70      	pop	{r4, r5, r6, pc}
10001cb4:	7830      	ldrb	r0, [r6, #0]
10001cb6:	f7fe fbe7 	bl	10000488 <irq_set_pending>
10001cba:	e7f8      	b.n	10001cae <timer_task+0x42>
10001cbc:	24fa      	movs	r4, #250	@ 0xfa
10001cbe:	2500      	movs	r5, #0
10001cc0:	00a4      	lsls	r4, r4, #2
10001cc2:	e7ec      	b.n	10001c9e <timer_task+0x32>
10001cc4:	20001bfc 	.word	0x20001bfc
10001cc8:	20001c44 	.word	0x20001c44
10001ccc:	20001c43 	.word	0x20001c43

10001cd0 <stdio_usb_in_chars>:
10001cd0:	b570      	push	{r4, r5, r6, lr}
10001cd2:	0005      	movs	r5, r0
10001cd4:	2000      	movs	r0, #0
10001cd6:	000e      	movs	r6, r1
10001cd8:	f001 fb78 	bl	100033cc <tud_cdc_n_connected>
10001cdc:	2800      	cmp	r0, #0
10001cde:	d034      	beq.n	10001d4a <stdio_usb_in_chars+0x7a>
10001ce0:	2000      	movs	r0, #0
10001ce2:	f001 fb89 	bl	100033f8 <tud_cdc_n_available>
10001ce6:	2800      	cmp	r0, #0
10001ce8:	d02f      	beq.n	10001d4a <stdio_usb_in_chars+0x7a>
10001cea:	f7ff f9e3 	bl	100010b4 <time_us_64>
10001cee:	2300      	movs	r3, #0
10001cf0:	4a17      	ldr	r2, [pc, #92]	@ (10001d50 <stdio_usb_in_chars+0x80>)
10001cf2:	1812      	adds	r2, r2, r0
10001cf4:	414b      	adcs	r3, r1
10001cf6:	2b00      	cmp	r3, #0
10001cf8:	db16      	blt.n	10001d28 <stdio_usb_in_chars+0x58>
10001cfa:	4c16      	ldr	r4, [pc, #88]	@ (10001d54 <stdio_usb_in_chars+0x84>)
10001cfc:	0020      	movs	r0, r4
10001cfe:	f002 f98b 	bl	10004018 <__mutex_try_enter_block_until_veneer>
10001d02:	2800      	cmp	r0, #0
10001d04:	d021      	beq.n	10001d4a <stdio_usb_in_chars+0x7a>
10001d06:	2000      	movs	r0, #0
10001d08:	f001 fb60 	bl	100033cc <tud_cdc_n_connected>
10001d0c:	2800      	cmp	r0, #0
10001d0e:	d10f      	bne.n	10001d30 <stdio_usb_in_chars+0x60>
10001d10:	2001      	movs	r0, #1
10001d12:	2100      	movs	r1, #0
10001d14:	4240      	negs	r0, r0
10001d16:	f000 fd89 	bl	1000282c <tud_task_ext>
10001d1a:	2503      	movs	r5, #3
10001d1c:	426d      	negs	r5, r5
10001d1e:	0020      	movs	r0, r4
10001d20:	f002 f992 	bl	10004048 <__mutex_exit_veneer>
10001d24:	0028      	movs	r0, r5
10001d26:	bd70      	pop	{r4, r5, r6, pc}
10001d28:	2201      	movs	r2, #1
10001d2a:	4b0b      	ldr	r3, [pc, #44]	@ (10001d58 <stdio_usb_in_chars+0x88>)
10001d2c:	4252      	negs	r2, r2
10001d2e:	e7e4      	b.n	10001cfa <stdio_usb_in_chars+0x2a>
10001d30:	2000      	movs	r0, #0
10001d32:	f001 fb61 	bl	100033f8 <tud_cdc_n_available>
10001d36:	2800      	cmp	r0, #0
10001d38:	d0ea      	beq.n	10001d10 <stdio_usb_in_chars+0x40>
10001d3a:	0029      	movs	r1, r5
10001d3c:	0032      	movs	r2, r6
10001d3e:	2000      	movs	r0, #0
10001d40:	f001 fb64 	bl	1000340c <tud_cdc_n_read>
10001d44:	1e05      	subs	r5, r0, #0
10001d46:	d1ea      	bne.n	10001d1e <stdio_usb_in_chars+0x4e>
10001d48:	e7e7      	b.n	10001d1a <stdio_usb_in_chars+0x4a>
10001d4a:	2503      	movs	r5, #3
10001d4c:	426d      	negs	r5, r5
10001d4e:	e7e9      	b.n	10001d24 <stdio_usb_in_chars+0x54>
10001d50:	000f4240 	.word	0x000f4240
10001d54:	20001c24 	.word	0x20001c24
10001d58:	7fffffff 	.word	0x7fffffff

10001d5c <stdio_usb_out_flush>:
10001d5c:	b510      	push	{r4, lr}
10001d5e:	f7ff f9a9 	bl	100010b4 <time_us_64>
10001d62:	2300      	movs	r3, #0
10001d64:	4a0d      	ldr	r2, [pc, #52]	@ (10001d9c <stdio_usb_out_flush+0x40>)
10001d66:	1812      	adds	r2, r2, r0
10001d68:	414b      	adcs	r3, r1
10001d6a:	2b00      	cmp	r3, #0
10001d6c:	da02      	bge.n	10001d74 <stdio_usb_out_flush+0x18>
10001d6e:	2201      	movs	r2, #1
10001d70:	4b0b      	ldr	r3, [pc, #44]	@ (10001da0 <stdio_usb_out_flush+0x44>)
10001d72:	4252      	negs	r2, r2
10001d74:	480b      	ldr	r0, [pc, #44]	@ (10001da4 <stdio_usb_out_flush+0x48>)
10001d76:	f002 f94f 	bl	10004018 <__mutex_try_enter_block_until_veneer>
10001d7a:	2800      	cmp	r0, #0
10001d7c:	d00c      	beq.n	10001d98 <stdio_usb_out_flush+0x3c>
10001d7e:	2001      	movs	r0, #1
10001d80:	2100      	movs	r1, #0
10001d82:	4240      	negs	r0, r0
10001d84:	f000 fd52 	bl	1000282c <tud_task_ext>
10001d88:	2000      	movs	r0, #0
10001d8a:	f001 fb83 	bl	10003494 <tud_cdc_n_write_flush>
10001d8e:	2800      	cmp	r0, #0
10001d90:	d1f5      	bne.n	10001d7e <stdio_usb_out_flush+0x22>
10001d92:	4804      	ldr	r0, [pc, #16]	@ (10001da4 <stdio_usb_out_flush+0x48>)
10001d94:	f002 f958 	bl	10004048 <__mutex_exit_veneer>
10001d98:	bd10      	pop	{r4, pc}
10001d9a:	46c0      	nop			@ (mov r8, r8)
10001d9c:	000f4240 	.word	0x000f4240
10001da0:	7fffffff 	.word	0x7fffffff
10001da4:	20001c24 	.word	0x20001c24

10001da8 <stdio_usb_out_chars>:
10001da8:	b5f8      	push	{r3, r4, r5, r6, r7, lr}
10001daa:	46ce      	mov	lr, r9
10001dac:	4647      	mov	r7, r8
10001dae:	b580      	push	{r7, lr}
10001db0:	0005      	movs	r5, r0
10001db2:	000c      	movs	r4, r1
10001db4:	f7ff f97e 	bl	100010b4 <time_us_64>
10001db8:	2300      	movs	r3, #0
10001dba:	4a34      	ldr	r2, [pc, #208]	@ (10001e8c <stdio_usb_out_chars+0xe4>)
10001dbc:	1812      	adds	r2, r2, r0
10001dbe:	414b      	adcs	r3, r1
10001dc0:	2b00      	cmp	r3, #0
10001dc2:	da02      	bge.n	10001dca <stdio_usb_out_chars+0x22>
10001dc4:	2201      	movs	r2, #1
10001dc6:	4b32      	ldr	r3, [pc, #200]	@ (10001e90 <stdio_usb_out_chars+0xe8>)
10001dc8:	4252      	negs	r2, r2
10001dca:	4932      	ldr	r1, [pc, #200]	@ (10001e94 <stdio_usb_out_chars+0xec>)
10001dcc:	0008      	movs	r0, r1
10001dce:	4688      	mov	r8, r1
10001dd0:	f002 f922 	bl	10004018 <__mutex_try_enter_block_until_veneer>
10001dd4:	2800      	cmp	r0, #0
10001dd6:	d103      	bne.n	10001de0 <stdio_usb_out_chars+0x38>
10001dd8:	bcc0      	pop	{r6, r7}
10001dda:	46b9      	mov	r9, r7
10001ddc:	46b0      	mov	r8, r6
10001dde:	bdf8      	pop	{r3, r4, r5, r6, r7, pc}
10001de0:	2000      	movs	r0, #0
10001de2:	f001 faf3 	bl	100033cc <tud_cdc_n_connected>
10001de6:	2800      	cmp	r0, #0
10001de8:	d048      	beq.n	10001e7c <stdio_usb_out_chars+0xd4>
10001dea:	2600      	movs	r6, #0
10001dec:	2c00      	cmp	r4, #0
10001dee:	dd41      	ble.n	10001e74 <stdio_usb_out_chars+0xcc>
10001df0:	4b29      	ldr	r3, [pc, #164]	@ (10001e98 <stdio_usb_out_chars+0xf0>)
10001df2:	4699      	mov	r9, r3
10001df4:	e013      	b.n	10001e1e <stdio_usb_out_chars+0x76>
10001df6:	19a9      	adds	r1, r5, r6
10001df8:	2000      	movs	r0, #0
10001dfa:	f001 fb87 	bl	1000350c <tud_cdc_n_write>
10001dfe:	0007      	movs	r7, r0
10001e00:	2001      	movs	r0, #1
10001e02:	2100      	movs	r1, #0
10001e04:	4240      	negs	r0, r0
10001e06:	f000 fd11 	bl	1000282c <tud_task_ext>
10001e0a:	2000      	movs	r0, #0
10001e0c:	f001 fb42 	bl	10003494 <tud_cdc_n_write_flush>
10001e10:	f7ff f950 	bl	100010b4 <time_us_64>
10001e14:	4b20      	ldr	r3, [pc, #128]	@ (10001e98 <stdio_usb_out_chars+0xf0>)
10001e16:	19f6      	adds	r6, r6, r7
10001e18:	c303      	stmia	r3!, {r0, r1}
10001e1a:	42b4      	cmp	r4, r6
10001e1c:	dd2a      	ble.n	10001e74 <stdio_usb_out_chars+0xcc>
10001e1e:	2000      	movs	r0, #0
10001e20:	f001 fb94 	bl	1000354c <tud_cdc_n_write_available>
10001e24:	1ba7      	subs	r7, r4, r6
10001e26:	0002      	movs	r2, r0
10001e28:	42b8      	cmp	r0, r7
10001e2a:	dd00      	ble.n	10001e2e <stdio_usb_out_chars+0x86>
10001e2c:	003a      	movs	r2, r7
10001e2e:	2a00      	cmp	r2, #0
10001e30:	d1e1      	bne.n	10001df6 <stdio_usb_out_chars+0x4e>
10001e32:	2001      	movs	r0, #1
10001e34:	2100      	movs	r1, #0
10001e36:	4240      	negs	r0, r0
10001e38:	f000 fcf8 	bl	1000282c <tud_task_ext>
10001e3c:	2000      	movs	r0, #0
10001e3e:	f001 fb29 	bl	10003494 <tud_cdc_n_write_flush>
10001e42:	2000      	movs	r0, #0
10001e44:	f001 fac2 	bl	100033cc <tud_cdc_n_connected>
10001e48:	2800      	cmp	r0, #0
10001e4a:	d013      	beq.n	10001e74 <stdio_usb_out_chars+0xcc>
10001e4c:	2000      	movs	r0, #0
10001e4e:	f001 fb7d 	bl	1000354c <tud_cdc_n_write_available>
10001e52:	2800      	cmp	r0, #0
10001e54:	d1e1      	bne.n	10001e1a <stdio_usb_out_chars+0x72>
10001e56:	f7ff f92d 	bl	100010b4 <time_us_64>
10001e5a:	464b      	mov	r3, r9
10001e5c:	000f      	movs	r7, r1
10001e5e:	cb0c      	ldmia	r3, {r2, r3}
10001e60:	2100      	movs	r1, #0
10001e62:	4684      	mov	ip, r0
10001e64:	480d      	ldr	r0, [pc, #52]	@ (10001e9c <stdio_usb_out_chars+0xf4>)
10001e66:	1812      	adds	r2, r2, r0
10001e68:	414b      	adcs	r3, r1
10001e6a:	429f      	cmp	r7, r3
10001e6c:	d802      	bhi.n	10001e74 <stdio_usb_out_chars+0xcc>
10001e6e:	d1d4      	bne.n	10001e1a <stdio_usb_out_chars+0x72>
10001e70:	4594      	cmp	ip, r2
10001e72:	d9d2      	bls.n	10001e1a <stdio_usb_out_chars+0x72>
10001e74:	4640      	mov	r0, r8
10001e76:	f002 f8e7 	bl	10004048 <__mutex_exit_veneer>
10001e7a:	e7ad      	b.n	10001dd8 <stdio_usb_out_chars+0x30>
10001e7c:	2000      	movs	r0, #0
10001e7e:	2100      	movs	r1, #0
10001e80:	4b05      	ldr	r3, [pc, #20]	@ (10001e98 <stdio_usb_out_chars+0xf0>)
10001e82:	c303      	stmia	r3!, {r0, r1}
10001e84:	4640      	mov	r0, r8
10001e86:	f002 f8df 	bl	10004048 <__mutex_exit_veneer>
10001e8a:	e7a5      	b.n	10001dd8 <stdio_usb_out_chars+0x30>
10001e8c:	000f4240 	.word	0x000f4240
10001e90:	7fffffff 	.word	0x7fffffff
10001e94:	20001c24 	.word	0x20001c24
10001e98:	20001278 	.word	0x20001278
10001e9c:	0007a120 	.word	0x0007a120

10001ea0 <low_priority_worker_irq>:
10001ea0:	b530      	push	{r4, r5, lr}
10001ea2:	2100      	movs	r1, #0
10001ea4:	b085      	sub	sp, #20
10001ea6:	4828      	ldr	r0, [pc, #160]	@ (10001f48 <low_priority_worker_irq+0xa8>)
10001ea8:	f002 f87e 	bl	10003fa8 <__mutex_try_enter_veneer>
10001eac:	2800      	cmp	r0, #0
10001eae:	d11c      	bne.n	10001eea <low_priority_worker_irq+0x4a>
10001eb0:	4b26      	ldr	r3, [pc, #152]	@ (10001f4c <low_priority_worker_irq+0xac>)
10001eb2:	681a      	ldr	r2, [r3, #0]
10001eb4:	2a00      	cmp	r2, #0
10001eb6:	d016      	beq.n	10001ee6 <low_priority_worker_irq+0x46>
10001eb8:	f3ef 8110 	mrs	r1, PRIMASK
10001ebc:	b672      	cpsid	i
10001ebe:	6810      	ldr	r0, [r2, #0]
10001ec0:	2800      	cmp	r0, #0
10001ec2:	d0fc      	beq.n	10001ebe <low_priority_worker_irq+0x1e>
10001ec4:	f3bf 8f5f 	dmb	sy
10001ec8:	2401      	movs	r4, #1
10001eca:	4821      	ldr	r0, [pc, #132]	@ (10001f50 <low_priority_worker_irq+0xb0>)
10001ecc:	6059      	str	r1, [r3, #4]
10001ece:	7802      	ldrb	r2, [r0, #0]
10001ed0:	681b      	ldr	r3, [r3, #0]
10001ed2:	b2d2      	uxtb	r2, r2
10001ed4:	7004      	strb	r4, [r0, #0]
10001ed6:	f3bf 8f5f 	dmb	sy
10001eda:	2000      	movs	r0, #0
10001edc:	6018      	str	r0, [r3, #0]
10001ede:	f381 8810 	msr	PRIMASK, r1
10001ee2:	2a00      	cmp	r2, #0
10001ee4:	d017      	beq.n	10001f16 <low_priority_worker_irq+0x76>
10001ee6:	b005      	add	sp, #20
10001ee8:	bd30      	pop	{r4, r5, pc}
10001eea:	2001      	movs	r0, #1
10001eec:	2100      	movs	r1, #0
10001eee:	4240      	negs	r0, r0
10001ef0:	f000 fc9c 	bl	1000282c <tud_task_ext>
10001ef4:	2000      	movs	r0, #0
10001ef6:	f001 fa7f 	bl	100033f8 <tud_cdc_n_available>
10001efa:	0005      	movs	r5, r0
10001efc:	4812      	ldr	r0, [pc, #72]	@ (10001f48 <low_priority_worker_irq+0xa8>)
10001efe:	f002 f8a3 	bl	10004048 <__mutex_exit_veneer>
10001f02:	2d00      	cmp	r5, #0
10001f04:	d0ef      	beq.n	10001ee6 <low_priority_worker_irq+0x46>
10001f06:	4b13      	ldr	r3, [pc, #76]	@ (10001f54 <low_priority_worker_irq+0xb4>)
10001f08:	681b      	ldr	r3, [r3, #0]
10001f0a:	2b00      	cmp	r3, #0
10001f0c:	d0eb      	beq.n	10001ee6 <low_priority_worker_irq+0x46>
10001f0e:	4a12      	ldr	r2, [pc, #72]	@ (10001f58 <low_priority_worker_irq+0xb8>)
10001f10:	6810      	ldr	r0, [r2, #0]
10001f12:	4798      	blx	r3
10001f14:	e7e7      	b.n	10001ee6 <low_priority_worker_irq+0x46>
10001f16:	f7fe fea3 	bl	10000c60 <alarm_pool_get_default>
10001f1a:	0004      	movs	r4, r0
10001f1c:	f7ff f8ca 	bl	100010b4 <time_us_64>
10001f20:	22fa      	movs	r2, #250	@ 0xfa
10001f22:	2300      	movs	r3, #0
10001f24:	0092      	lsls	r2, r2, #2
10001f26:	1812      	adds	r2, r2, r0
10001f28:	414b      	adcs	r3, r1
10001f2a:	2b00      	cmp	r3, #0
10001f2c:	da02      	bge.n	10001f34 <low_priority_worker_irq+0x94>
10001f2e:	2201      	movs	r2, #1
10001f30:	4b0a      	ldr	r3, [pc, #40]	@ (10001f5c <low_priority_worker_irq+0xbc>)
10001f32:	4252      	negs	r2, r2
10001f34:	2101      	movs	r1, #1
10001f36:	9102      	str	r1, [sp, #8]
10001f38:	2100      	movs	r1, #0
10001f3a:	9101      	str	r1, [sp, #4]
10001f3c:	4908      	ldr	r1, [pc, #32]	@ (10001f60 <low_priority_worker_irq+0xc0>)
10001f3e:	0020      	movs	r0, r4
10001f40:	9100      	str	r1, [sp, #0]
10001f42:	f7fe fe91 	bl	10000c68 <alarm_pool_add_alarm_at>
10001f46:	e7ce      	b.n	10001ee6 <low_priority_worker_irq+0x46>
10001f48:	20001c24 	.word	0x20001c24
10001f4c:	20001bfc 	.word	0x20001bfc
10001f50:	20001c44 	.word	0x20001c44
10001f54:	20001784 	.word	0x20001784
10001f58:	20001788 	.word	0x20001788
10001f5c:	7fffffff 	.word	0x7fffffff
10001f60:	10001c6d 	.word	0x10001c6d

10001f64 <stdio_usb_init>:
10001f64:	23d0      	movs	r3, #208	@ 0xd0
10001f66:	b510      	push	{r4, lr}
10001f68:	061b      	lsls	r3, r3, #24
10001f6a:	b084      	sub	sp, #16
10001f6c:	681c      	ldr	r4, [r3, #0]
10001f6e:	f7fe fe77 	bl	10000c60 <alarm_pool_get_default>
10001f72:	f7fe ff77 	bl	10000e64 <alarm_pool_core_num>
10001f76:	42a0      	cmp	r0, r4
10001f78:	d002      	beq.n	10001f80 <stdio_usb_init+0x1c>
10001f7a:	2000      	movs	r0, #0
10001f7c:	b004      	add	sp, #16
10001f7e:	bd10      	pop	{r4, pc}
10001f80:	4b28      	ldr	r3, [pc, #160]	@ (10002024 <stdio_usb_init+0xc0>)
10001f82:	2100      	movs	r1, #0
10001f84:	2000      	movs	r0, #0
10001f86:	781b      	ldrb	r3, [r3, #0]
10001f88:	f001 fca6 	bl	100038d8 <tusb_rhport_init>
10001f8c:	4826      	ldr	r0, [pc, #152]	@ (10002028 <stdio_usb_init+0xc4>)
10001f8e:	6803      	ldr	r3, [r0, #0]
10001f90:	2b00      	cmp	r3, #0
10001f92:	d044      	beq.n	1000201e <stdio_usb_init+0xba>
10001f94:	2001      	movs	r0, #1
10001f96:	f7fe fbfb 	bl	10000790 <user_irq_claim_unused>
10001f9a:	23ff      	movs	r3, #255	@ 0xff
10001f9c:	4c23      	ldr	r4, [pc, #140]	@ (1000202c <stdio_usb_init+0xc8>)
10001f9e:	4924      	ldr	r1, [pc, #144]	@ (10002030 <stdio_usb_init+0xcc>)
10001fa0:	7020      	strb	r0, [r4, #0]
10001fa2:	4018      	ands	r0, r3
10001fa4:	f7fe fa88 	bl	100004b8 <irq_set_exclusive_handler>
10001fa8:	7820      	ldrb	r0, [r4, #0]
10001faa:	2101      	movs	r1, #1
10001fac:	f7fe fa4e 	bl	1000044c <irq_set_enabled>
10001fb0:	2005      	movs	r0, #5
10001fb2:	f7fe fa71 	bl	10000498 <irq_has_shared_handler>
10001fb6:	2800      	cmp	r0, #0
10001fb8:	d124      	bne.n	10002004 <stdio_usb_init+0xa0>
10001fba:	2208      	movs	r2, #8
10001fbc:	2100      	movs	r1, #0
10001fbe:	481d      	ldr	r0, [pc, #116]	@ (10002034 <stdio_usb_init+0xd0>)
10001fc0:	f7ff fcaa 	bl	10001918 <__wrap_memset>
10001fc4:	f7fe fe4c 	bl	10000c60 <alarm_pool_get_default>
10001fc8:	0004      	movs	r4, r0
10001fca:	f7ff f873 	bl	100010b4 <time_us_64>
10001fce:	22fa      	movs	r2, #250	@ 0xfa
10001fd0:	2300      	movs	r3, #0
10001fd2:	0092      	lsls	r2, r2, #2
10001fd4:	1812      	adds	r2, r2, r0
10001fd6:	414b      	adcs	r3, r1
10001fd8:	2b00      	cmp	r3, #0
10001fda:	da02      	bge.n	10001fe2 <stdio_usb_init+0x7e>
10001fdc:	2201      	movs	r2, #1
10001fde:	4b16      	ldr	r3, [pc, #88]	@ (10002038 <stdio_usb_init+0xd4>)
10001fe0:	4252      	negs	r2, r2
10001fe2:	2101      	movs	r1, #1
10001fe4:	9102      	str	r1, [sp, #8]
10001fe6:	2100      	movs	r1, #0
10001fe8:	9101      	str	r1, [sp, #4]
10001fea:	4914      	ldr	r1, [pc, #80]	@ (1000203c <stdio_usb_init+0xd8>)
10001fec:	0020      	movs	r0, r4
10001fee:	9100      	str	r1, [sp, #0]
10001ff0:	f7fe fe3a 	bl	10000c68 <alarm_pool_add_alarm_at>
10001ff4:	2800      	cmp	r0, #0
10001ff6:	dbc0      	blt.n	10001f7a <stdio_usb_init+0x16>
10001ff8:	4811      	ldr	r0, [pc, #68]	@ (10002040 <stdio_usb_init+0xdc>)
10001ffa:	2101      	movs	r1, #1
10001ffc:	f7ff fda0 	bl	10001b40 <stdio_set_driver_enabled>
10002000:	2001      	movs	r0, #1
10002002:	e7bb      	b.n	10001f7c <stdio_usb_init+0x18>
10002004:	2001      	movs	r0, #1
10002006:	f7fe f9df 	bl	100003c8 <spin_lock_claim_unused>
1000200a:	0001      	movs	r1, r0
1000200c:	4809      	ldr	r0, [pc, #36]	@ (10002034 <stdio_usb_init+0xd0>)
1000200e:	f7fe fc1f 	bl	10000850 <critical_section_init_with_lock_num>
10002012:	2200      	movs	r2, #0
10002014:	2005      	movs	r0, #5
10002016:	490b      	ldr	r1, [pc, #44]	@ (10002044 <stdio_usb_init+0xe0>)
10002018:	f7fe fa78 	bl	1000050c <irq_add_shared_handler>
1000201c:	e7ec      	b.n	10001ff8 <stdio_usb_init+0x94>
1000201e:	f7fe fbfb 	bl	10000818 <mutex_init>
10002022:	e7b7      	b.n	10001f94 <stdio_usb_init+0x30>
10002024:	100044b4 	.word	0x100044b4
10002028:	20001c24 	.word	0x20001c24
1000202c:	20001c43 	.word	0x20001c43
10002030:	10001ea1 	.word	0x10001ea1
10002034:	20001bfc 	.word	0x20001bfc
10002038:	7fffffff 	.word	0x7fffffff
1000203c:	10001c6d 	.word	0x10001c6d
10002040:	20000ff0 	.word	0x20000ff0
10002044:	10001c5d 	.word	0x10001c5d

10002048 <tud_descriptor_device_cb>:
10002048:	4800      	ldr	r0, [pc, #0]	@ (1000204c <tud_descriptor_device_cb+0x4>)
1000204a:	4770      	bx	lr
1000204c:	100042d0 	.word	0x100042d0

10002050 <tud_descriptor_configuration_cb>:
10002050:	4800      	ldr	r0, [pc, #0]	@ (10002054 <tud_descriptor_configuration_cb+0x4>)
10002052:	4770      	bx	lr
10002054:	1000427c 	.word	0x1000427c

10002058 <tud_descriptor_string_cb>:
10002058:	b510      	push	{r4, lr}
1000205a:	0004      	movs	r4, r0
1000205c:	4816      	ldr	r0, [pc, #88]	@ (100020b8 <tud_descriptor_string_cb+0x60>)
1000205e:	7803      	ldrb	r3, [r0, #0]
10002060:	2b00      	cmp	r3, #0
10002062:	d020      	beq.n	100020a6 <tud_descriptor_string_cb+0x4e>
10002064:	2c00      	cmp	r4, #0
10002066:	d106      	bne.n	10002076 <tud_descriptor_string_cb+0x1e>
10002068:	4b14      	ldr	r3, [pc, #80]	@ (100020bc <tud_descriptor_string_cb+0x64>)
1000206a:	4815      	ldr	r0, [pc, #84]	@ (100020c0 <tud_descriptor_string_cb+0x68>)
1000206c:	8043      	strh	r3, [r0, #2]
1000206e:	3b06      	subs	r3, #6
10002070:	3bff      	subs	r3, #255	@ 0xff
10002072:	8003      	strh	r3, [r0, #0]
10002074:	bd10      	pop	{r4, pc}
10002076:	2c05      	cmp	r4, #5
10002078:	d81c      	bhi.n	100020b4 <tud_descriptor_string_cb+0x5c>
1000207a:	4b12      	ldr	r3, [pc, #72]	@ (100020c4 <tud_descriptor_string_cb+0x6c>)
1000207c:	00a4      	lsls	r4, r4, #2
1000207e:	58e4      	ldr	r4, [r4, r3]
10002080:	480f      	ldr	r0, [pc, #60]	@ (100020c0 <tud_descriptor_string_cb+0x68>)
10002082:	2301      	movs	r3, #1
10002084:	1c81      	adds	r1, r0, #2
10002086:	3c01      	subs	r4, #1
10002088:	e004      	b.n	10002094 <tud_descriptor_string_cb+0x3c>
1000208a:	3301      	adds	r3, #1
1000208c:	800a      	strh	r2, [r1, #0]
1000208e:	3102      	adds	r1, #2
10002090:	2b14      	cmp	r3, #20
10002092:	d00c      	beq.n	100020ae <tud_descriptor_string_cb+0x56>
10002094:	5ce2      	ldrb	r2, [r4, r3]
10002096:	2a00      	cmp	r2, #0
10002098:	d1f7      	bne.n	1000208a <tud_descriptor_string_cb+0x32>
1000209a:	22c0      	movs	r2, #192	@ 0xc0
1000209c:	b2db      	uxtb	r3, r3
1000209e:	005b      	lsls	r3, r3, #1
100020a0:	0092      	lsls	r2, r2, #2
100020a2:	4313      	orrs	r3, r2
100020a4:	e7e5      	b.n	10002072 <tud_descriptor_string_cb+0x1a>
100020a6:	2111      	movs	r1, #17
100020a8:	f000 f816 	bl	100020d8 <pico_get_unique_board_id_string>
100020ac:	e7da      	b.n	10002064 <tud_descriptor_string_cb+0xc>
100020ae:	23ca      	movs	r3, #202	@ 0xca
100020b0:	009b      	lsls	r3, r3, #2
100020b2:	e7de      	b.n	10002072 <tud_descriptor_string_cb+0x1a>
100020b4:	2000      	movs	r0, #0
100020b6:	e7dd      	b.n	10002074 <tud_descriptor_string_cb+0x1c>
100020b8:	20001c2c 	.word	0x20001c2c
100020bc:	00000409 	.word	0x00000409
100020c0:	200017bc 	.word	0x200017bc
100020c4:	10004264 	.word	0x10004264

100020c8 <_retrieve_unique_id_on_boot>:
100020c8:	b510      	push	{r4, lr}
100020ca:	4802      	ldr	r0, [pc, #8]	@ (100020d4 <_retrieve_unique_id_on_boot+0xc>)
100020cc:	f000 f8f4 	bl	100022b8 <flash_get_unique_id>
100020d0:	bd10      	pop	{r4, pc}
100020d2:	46c0      	nop			@ (mov r8, r8)
100020d4:	20001c14 	.word	0x20001c14

100020d8 <pico_get_unique_board_id_string>:
100020d8:	b530      	push	{r4, r5, lr}
100020da:	2901      	cmp	r1, #1
100020dc:	d100      	bne.n	100020e0 <pico_get_unique_board_id_string+0x8>
100020de:	e0bb      	b.n	10002258 <pico_get_unique_board_id_string+0x180>
100020e0:	4b74      	ldr	r3, [pc, #464]	@ (100022b4 <pico_get_unique_board_id_string+0x1dc>)
100020e2:	3901      	subs	r1, #1
100020e4:	781a      	ldrb	r2, [r3, #0]
100020e6:	1112      	asrs	r2, r2, #4
100020e8:	0014      	movs	r4, r2
100020ea:	3430      	adds	r4, #48	@ 0x30
100020ec:	2a09      	cmp	r2, #9
100020ee:	dd00      	ble.n	100020f2 <pico_get_unique_board_id_string+0x1a>
100020f0:	e0b5      	b.n	1000225e <pico_get_unique_board_id_string+0x186>
100020f2:	7004      	strb	r4, [r0, #0]
100020f4:	2901      	cmp	r1, #1
100020f6:	d100      	bne.n	100020fa <pico_get_unique_board_id_string+0x22>
100020f8:	e0da      	b.n	100022b0 <pico_get_unique_board_id_string+0x1d8>
100020fa:	220f      	movs	r2, #15
100020fc:	781c      	ldrb	r4, [r3, #0]
100020fe:	4022      	ands	r2, r4
10002100:	0014      	movs	r4, r2
10002102:	3430      	adds	r4, #48	@ 0x30
10002104:	2a09      	cmp	r2, #9
10002106:	d900      	bls.n	1000210a <pico_get_unique_board_id_string+0x32>
10002108:	e0ac      	b.n	10002264 <pico_get_unique_board_id_string+0x18c>
1000210a:	7044      	strb	r4, [r0, #1]
1000210c:	2902      	cmp	r1, #2
1000210e:	d100      	bne.n	10002112 <pico_get_unique_board_id_string+0x3a>
10002110:	e0ce      	b.n	100022b0 <pico_get_unique_board_id_string+0x1d8>
10002112:	785a      	ldrb	r2, [r3, #1]
10002114:	4694      	mov	ip, r2
10002116:	1112      	asrs	r2, r2, #4
10002118:	0014      	movs	r4, r2
1000211a:	3430      	adds	r4, #48	@ 0x30
1000211c:	2a09      	cmp	r2, #9
1000211e:	dd00      	ble.n	10002122 <pico_get_unique_board_id_string+0x4a>
10002120:	e0a3      	b.n	1000226a <pico_get_unique_board_id_string+0x192>
10002122:	7084      	strb	r4, [r0, #2]
10002124:	2903      	cmp	r1, #3
10002126:	d100      	bne.n	1000212a <pico_get_unique_board_id_string+0x52>
10002128:	e0c2      	b.n	100022b0 <pico_get_unique_board_id_string+0x1d8>
1000212a:	4664      	mov	r4, ip
1000212c:	220f      	movs	r2, #15
1000212e:	4022      	ands	r2, r4
10002130:	0014      	movs	r4, r2
10002132:	3430      	adds	r4, #48	@ 0x30
10002134:	2a09      	cmp	r2, #9
10002136:	d900      	bls.n	1000213a <pico_get_unique_board_id_string+0x62>
10002138:	e09a      	b.n	10002270 <pico_get_unique_board_id_string+0x198>
1000213a:	70c4      	strb	r4, [r0, #3]
1000213c:	2904      	cmp	r1, #4
1000213e:	d100      	bne.n	10002142 <pico_get_unique_board_id_string+0x6a>
10002140:	e0b6      	b.n	100022b0 <pico_get_unique_board_id_string+0x1d8>
10002142:	789a      	ldrb	r2, [r3, #2]
10002144:	4694      	mov	ip, r2
10002146:	1112      	asrs	r2, r2, #4
10002148:	0014      	movs	r4, r2
1000214a:	3430      	adds	r4, #48	@ 0x30
1000214c:	2a09      	cmp	r2, #9
1000214e:	dd00      	ble.n	10002152 <pico_get_unique_board_id_string+0x7a>
10002150:	e091      	b.n	10002276 <pico_get_unique_board_id_string+0x19e>
10002152:	7104      	strb	r4, [r0, #4]
10002154:	2905      	cmp	r1, #5
10002156:	d100      	bne.n	1000215a <pico_get_unique_board_id_string+0x82>
10002158:	e0aa      	b.n	100022b0 <pico_get_unique_board_id_string+0x1d8>
1000215a:	4664      	mov	r4, ip
1000215c:	220f      	movs	r2, #15
1000215e:	4022      	ands	r2, r4
10002160:	0014      	movs	r4, r2
10002162:	3430      	adds	r4, #48	@ 0x30
10002164:	2a09      	cmp	r2, #9
10002166:	d900      	bls.n	1000216a <pico_get_unique_board_id_string+0x92>
10002168:	e088      	b.n	1000227c <pico_get_unique_board_id_string+0x1a4>
1000216a:	7144      	strb	r4, [r0, #5]
1000216c:	2906      	cmp	r1, #6
1000216e:	d100      	bne.n	10002172 <pico_get_unique_board_id_string+0x9a>
10002170:	e09e      	b.n	100022b0 <pico_get_unique_board_id_string+0x1d8>
10002172:	2530      	movs	r5, #48	@ 0x30
10002174:	46ac      	mov	ip, r5
10002176:	78dc      	ldrb	r4, [r3, #3]
10002178:	1122      	asrs	r2, r4, #4
1000217a:	4494      	add	ip, r2
1000217c:	2a09      	cmp	r2, #9
1000217e:	dd00      	ble.n	10002182 <pico_get_unique_board_id_string+0xaa>
10002180:	e07f      	b.n	10002282 <pico_get_unique_board_id_string+0x1aa>
10002182:	4662      	mov	r2, ip
10002184:	7182      	strb	r2, [r0, #6]
10002186:	2907      	cmp	r1, #7
10002188:	d100      	bne.n	1000218c <pico_get_unique_board_id_string+0xb4>
1000218a:	e091      	b.n	100022b0 <pico_get_unique_board_id_string+0x1d8>
1000218c:	220f      	movs	r2, #15
1000218e:	4022      	ands	r2, r4
10002190:	0014      	movs	r4, r2
10002192:	3430      	adds	r4, #48	@ 0x30
10002194:	2a09      	cmp	r2, #9
10002196:	d900      	bls.n	1000219a <pico_get_unique_board_id_string+0xc2>
10002198:	e077      	b.n	1000228a <pico_get_unique_board_id_string+0x1b2>
1000219a:	71c4      	strb	r4, [r0, #7]
1000219c:	2908      	cmp	r1, #8
1000219e:	d100      	bne.n	100021a2 <pico_get_unique_board_id_string+0xca>
100021a0:	e086      	b.n	100022b0 <pico_get_unique_board_id_string+0x1d8>
100021a2:	2530      	movs	r5, #48	@ 0x30
100021a4:	46ac      	mov	ip, r5
100021a6:	791c      	ldrb	r4, [r3, #4]
100021a8:	1122      	asrs	r2, r4, #4
100021aa:	4494      	add	ip, r2
100021ac:	2a09      	cmp	r2, #9
100021ae:	dd00      	ble.n	100021b2 <pico_get_unique_board_id_string+0xda>
100021b0:	e06e      	b.n	10002290 <pico_get_unique_board_id_string+0x1b8>
100021b2:	4662      	mov	r2, ip
100021b4:	7202      	strb	r2, [r0, #8]
100021b6:	2909      	cmp	r1, #9
100021b8:	d100      	bne.n	100021bc <pico_get_unique_board_id_string+0xe4>
100021ba:	e079      	b.n	100022b0 <pico_get_unique_board_id_string+0x1d8>
100021bc:	220f      	movs	r2, #15
100021be:	4022      	ands	r2, r4
100021c0:	0014      	movs	r4, r2
100021c2:	3430      	adds	r4, #48	@ 0x30
100021c4:	2a09      	cmp	r2, #9
100021c6:	d867      	bhi.n	10002298 <pico_get_unique_board_id_string+0x1c0>
100021c8:	7244      	strb	r4, [r0, #9]
100021ca:	290a      	cmp	r1, #10
100021cc:	d100      	bne.n	100021d0 <pico_get_unique_board_id_string+0xf8>
100021ce:	e06f      	b.n	100022b0 <pico_get_unique_board_id_string+0x1d8>
100021d0:	2530      	movs	r5, #48	@ 0x30
100021d2:	46ac      	mov	ip, r5
100021d4:	795c      	ldrb	r4, [r3, #5]
100021d6:	1122      	asrs	r2, r4, #4
100021d8:	4494      	add	ip, r2
100021da:	2a09      	cmp	r2, #9
100021dc:	dc5f      	bgt.n	1000229e <pico_get_unique_board_id_string+0x1c6>
100021de:	4662      	mov	r2, ip
100021e0:	7282      	strb	r2, [r0, #10]
100021e2:	290b      	cmp	r1, #11
100021e4:	d064      	beq.n	100022b0 <pico_get_unique_board_id_string+0x1d8>
100021e6:	220f      	movs	r2, #15
100021e8:	4022      	ands	r2, r4
100021ea:	0014      	movs	r4, r2
100021ec:	3430      	adds	r4, #48	@ 0x30
100021ee:	2a09      	cmp	r2, #9
100021f0:	d859      	bhi.n	100022a6 <pico_get_unique_board_id_string+0x1ce>
100021f2:	72c4      	strb	r4, [r0, #11]
100021f4:	290c      	cmp	r1, #12
100021f6:	d05b      	beq.n	100022b0 <pico_get_unique_board_id_string+0x1d8>
100021f8:	2530      	movs	r5, #48	@ 0x30
100021fa:	46ac      	mov	ip, r5
100021fc:	799c      	ldrb	r4, [r3, #6]
100021fe:	1122      	asrs	r2, r4, #4
10002200:	4494      	add	ip, r2
10002202:	2a09      	cmp	r2, #9
10002204:	dd02      	ble.n	1000220c <pico_get_unique_board_id_string+0x134>
10002206:	3507      	adds	r5, #7
10002208:	46ac      	mov	ip, r5
1000220a:	4494      	add	ip, r2
1000220c:	4662      	mov	r2, ip
1000220e:	7302      	strb	r2, [r0, #12]
10002210:	290d      	cmp	r1, #13
10002212:	d04d      	beq.n	100022b0 <pico_get_unique_board_id_string+0x1d8>
10002214:	220f      	movs	r2, #15
10002216:	4022      	ands	r2, r4
10002218:	0014      	movs	r4, r2
1000221a:	3430      	adds	r4, #48	@ 0x30
1000221c:	2a09      	cmp	r2, #9
1000221e:	d901      	bls.n	10002224 <pico_get_unique_board_id_string+0x14c>
10002220:	3237      	adds	r2, #55	@ 0x37
10002222:	0014      	movs	r4, r2
10002224:	7344      	strb	r4, [r0, #13]
10002226:	290e      	cmp	r1, #14
10002228:	d042      	beq.n	100022b0 <pico_get_unique_board_id_string+0x1d8>
1000222a:	79da      	ldrb	r2, [r3, #7]
1000222c:	1113      	asrs	r3, r2, #4
1000222e:	001c      	movs	r4, r3
10002230:	3430      	adds	r4, #48	@ 0x30
10002232:	2b09      	cmp	r3, #9
10002234:	dd01      	ble.n	1000223a <pico_get_unique_board_id_string+0x162>
10002236:	3337      	adds	r3, #55	@ 0x37
10002238:	001c      	movs	r4, r3
1000223a:	7384      	strb	r4, [r0, #14]
1000223c:	290f      	cmp	r1, #15
1000223e:	d037      	beq.n	100022b0 <pico_get_unique_board_id_string+0x1d8>
10002240:	230f      	movs	r3, #15
10002242:	4013      	ands	r3, r2
10002244:	001a      	movs	r2, r3
10002246:	3237      	adds	r2, #55	@ 0x37
10002248:	2b09      	cmp	r3, #9
1000224a:	d801      	bhi.n	10002250 <pico_get_unique_board_id_string+0x178>
1000224c:	3330      	adds	r3, #48	@ 0x30
1000224e:	001a      	movs	r2, r3
10002250:	73c2      	strb	r2, [r0, #15]
10002252:	2910      	cmp	r1, #16
10002254:	d02c      	beq.n	100022b0 <pico_get_unique_board_id_string+0x1d8>
10002256:	3010      	adds	r0, #16
10002258:	2300      	movs	r3, #0
1000225a:	7003      	strb	r3, [r0, #0]
1000225c:	bd30      	pop	{r4, r5, pc}
1000225e:	3237      	adds	r2, #55	@ 0x37
10002260:	0014      	movs	r4, r2
10002262:	e746      	b.n	100020f2 <pico_get_unique_board_id_string+0x1a>
10002264:	3237      	adds	r2, #55	@ 0x37
10002266:	0014      	movs	r4, r2
10002268:	e74f      	b.n	1000210a <pico_get_unique_board_id_string+0x32>
1000226a:	3237      	adds	r2, #55	@ 0x37
1000226c:	0014      	movs	r4, r2
1000226e:	e758      	b.n	10002122 <pico_get_unique_board_id_string+0x4a>
10002270:	3237      	adds	r2, #55	@ 0x37
10002272:	0014      	movs	r4, r2
10002274:	e761      	b.n	1000213a <pico_get_unique_board_id_string+0x62>
10002276:	3237      	adds	r2, #55	@ 0x37
10002278:	0014      	movs	r4, r2
1000227a:	e76a      	b.n	10002152 <pico_get_unique_board_id_string+0x7a>
1000227c:	3237      	adds	r2, #55	@ 0x37
1000227e:	0014      	movs	r4, r2
10002280:	e773      	b.n	1000216a <pico_get_unique_board_id_string+0x92>
10002282:	3507      	adds	r5, #7
10002284:	46ac      	mov	ip, r5
10002286:	4494      	add	ip, r2
10002288:	e77b      	b.n	10002182 <pico_get_unique_board_id_string+0xaa>
1000228a:	3237      	adds	r2, #55	@ 0x37
1000228c:	0014      	movs	r4, r2
1000228e:	e784      	b.n	1000219a <pico_get_unique_board_id_string+0xc2>
10002290:	3507      	adds	r5, #7
10002292:	46ac      	mov	ip, r5
10002294:	4494      	add	ip, r2
10002296:	e78c      	b.n	100021b2 <pico_get_unique_board_id_string+0xda>
10002298:	3237      	adds	r2, #55	@ 0x37
1000229a:	0014      	movs	r4, r2
1000229c:	e794      	b.n	100021c8 <pico_get_unique_board_id_string+0xf0>
1000229e:	3507      	adds	r5, #7
100022a0:	46ac      	mov	ip, r5
100022a2:	4494      	add	ip, r2
100022a4:	e79b      	b.n	100021de <pico_get_unique_board_id_string+0x106>
100022a6:	3237      	adds	r2, #55	@ 0x37
100022a8:	0014      	movs	r4, r2
100022aa:	72c4      	strb	r4, [r0, #11]
100022ac:	290c      	cmp	r1, #12
100022ae:	d1a3      	bne.n	100021f8 <pico_get_unique_board_id_string+0x120>
100022b0:	1840      	adds	r0, r0, r1
100022b2:	e7d1      	b.n	10002258 <pico_get_unique_board_id_string+0x180>
100022b4:	20001c14 	.word	0x20001c14

100022b8 <flash_get_unique_id>:
100022b8:	b510      	push	{r4, lr}
100022ba:	b088      	sub	sp, #32
100022bc:	0004      	movs	r4, r0
100022be:	220d      	movs	r2, #13
100022c0:	2100      	movs	r1, #0
100022c2:	4668      	mov	r0, sp
100022c4:	f7ff fb28 	bl	10001918 <__wrap_memset>
100022c8:	220d      	movs	r2, #13
100022ca:	2100      	movs	r1, #0
100022cc:	a804      	add	r0, sp, #16
100022ce:	f7ff fb23 	bl	10001918 <__wrap_memset>
100022d2:	466a      	mov	r2, sp
100022d4:	234b      	movs	r3, #75	@ 0x4b
100022d6:	4668      	mov	r0, sp
100022d8:	7013      	strb	r3, [r2, #0]
100022da:	a904      	add	r1, sp, #16
100022dc:	2300      	movs	r3, #0
100022de:	220d      	movs	r2, #13
100022e0:	f001 feaa 	bl	10004038 <__flash_do_cmd_cs_veneer>
100022e4:	2115      	movs	r1, #21
100022e6:	2208      	movs	r2, #8
100022e8:	0020      	movs	r0, r4
100022ea:	4469      	add	r1, sp
100022ec:	f7ff fb1a 	bl	10001924 <__wrap___aeabi_memcpy>
100022f0:	b008      	add	sp, #32
100022f2:	bd10      	pop	{r4, pc}

100022f4 <usb_reset_interface_init>:
100022f4:	4770      	bx	lr
100022f6:	46c0      	nop			@ (mov r8, r8)

100022f8 <usb_reset_interface_reset>:
100022f8:	2200      	movs	r2, #0
100022fa:	4b01      	ldr	r3, [pc, #4]	@ (10002300 <usb_reset_interface_reset+0x8>)
100022fc:	701a      	strb	r2, [r3, #0]
100022fe:	4770      	bx	lr
10002300:	20001c42 	.word	0x20001c42

10002304 <usb_reset_interface_open>:
10002304:	794b      	ldrb	r3, [r1, #5]
10002306:	2000      	movs	r0, #0
10002308:	2bff      	cmp	r3, #255	@ 0xff
1000230a:	d10b      	bne.n	10002324 <usb_reset_interface_open+0x20>
1000230c:	798b      	ldrb	r3, [r1, #6]
1000230e:	2b00      	cmp	r3, #0
10002310:	d108      	bne.n	10002324 <usb_reset_interface_open+0x20>
10002312:	79cb      	ldrb	r3, [r1, #7]
10002314:	2b01      	cmp	r3, #1
10002316:	d105      	bne.n	10002324 <usb_reset_interface_open+0x20>
10002318:	2a08      	cmp	r2, #8
1000231a:	d903      	bls.n	10002324 <usb_reset_interface_open+0x20>
1000231c:	4b02      	ldr	r3, [pc, #8]	@ (10002328 <usb_reset_interface_open+0x24>)
1000231e:	788a      	ldrb	r2, [r1, #2]
10002320:	3009      	adds	r0, #9
10002322:	701a      	strb	r2, [r3, #0]
10002324:	4770      	bx	lr
10002326:	46c0      	nop			@ (mov r8, r8)
10002328:	20001c42 	.word	0x20001c42

1000232c <usb_reset_interface_xfer_cb>:
1000232c:	2001      	movs	r0, #1
1000232e:	4770      	bx	lr

10002330 <usb_reset_interface_control_xfer_cb>:
10002330:	b510      	push	{r4, lr}
10002332:	2901      	cmp	r1, #1
10002334:	d113      	bne.n	1000235e <usb_reset_interface_control_xfer_cb+0x2e>
10002336:	4915      	ldr	r1, [pc, #84]	@ (1000238c <usb_reset_interface_control_xfer_cb+0x5c>)
10002338:	7953      	ldrb	r3, [r2, #5]
1000233a:	7910      	ldrb	r0, [r2, #4]
1000233c:	7809      	ldrb	r1, [r1, #0]
1000233e:	021b      	lsls	r3, r3, #8
10002340:	4303      	orrs	r3, r0
10002342:	2000      	movs	r0, #0
10002344:	4299      	cmp	r1, r3
10002346:	d000      	beq.n	1000234a <usb_reset_interface_control_xfer_cb+0x1a>
10002348:	bd10      	pop	{r4, pc}
1000234a:	7853      	ldrb	r3, [r2, #1]
1000234c:	2b01      	cmp	r3, #1
1000234e:	d008      	beq.n	10002362 <usb_reset_interface_control_xfer_cb+0x32>
10002350:	2b02      	cmp	r3, #2
10002352:	d1f9      	bne.n	10002348 <usb_reset_interface_control_xfer_cb+0x18>
10002354:	2264      	movs	r2, #100	@ 0x64
10002356:	2100      	movs	r1, #0
10002358:	2000      	movs	r0, #0
1000235a:	f7ff f809 	bl	10001370 <watchdog_reboot>
1000235e:	2001      	movs	r0, #1
10002360:	e7f2      	b.n	10002348 <usb_reset_interface_control_xfer_cb+0x18>
10002362:	78d1      	ldrb	r1, [r2, #3]
10002364:	7893      	ldrb	r3, [r2, #2]
10002366:	0209      	lsls	r1, r1, #8
10002368:	4319      	orrs	r1, r3
1000236a:	2380      	movs	r3, #128	@ 0x80
1000236c:	000a      	movs	r2, r1
1000236e:	005b      	lsls	r3, r3, #1
10002370:	401a      	ands	r2, r3
10002372:	4219      	tst	r1, r3
10002374:	d006      	beq.n	10002384 <usb_reset_interface_control_xfer_cb+0x54>
10002376:	060a      	lsls	r2, r1, #24
10002378:	0fd2      	lsrs	r2, r2, #31
1000237a:	0a48      	lsrs	r0, r1, #9
1000237c:	2303      	movs	r3, #3
1000237e:	4019      	ands	r1, r3
10002380:	f7ff f87e 	bl	10001480 <rom_reset_usb_boot_extra>
10002384:	2001      	movs	r0, #1
10002386:	4240      	negs	r0, r0
10002388:	e7f8      	b.n	1000237c <usb_reset_interface_control_xfer_cb+0x4c>
1000238a:	46c0      	nop			@ (mov r8, r8)
1000238c:	20001c42 	.word	0x20001c42

10002390 <tud_descriptor_bos_cb>:
10002390:	4800      	ldr	r0, [pc, #0]	@ (10002394 <tud_descriptor_bos_cb+0x4>)
10002392:	4770      	bx	lr
10002394:	1000438c 	.word	0x1000438c

10002398 <tud_vendor_control_xfer_cb>:
10002398:	4694      	mov	ip, r2
1000239a:	2301      	movs	r3, #1
1000239c:	b510      	push	{r4, lr}
1000239e:	2901      	cmp	r1, #1
100023a0:	d10a      	bne.n	100023b8 <tud_vendor_control_xfer_cb+0x20>
100023a2:	7852      	ldrb	r2, [r2, #1]
100023a4:	2300      	movs	r3, #0
100023a6:	2a01      	cmp	r2, #1
100023a8:	d106      	bne.n	100023b8 <tud_vendor_control_xfer_cb+0x20>
100023aa:	4662      	mov	r2, ip
100023ac:	7911      	ldrb	r1, [r2, #4]
100023ae:	7952      	ldrb	r2, [r2, #5]
100023b0:	0212      	lsls	r2, r2, #8
100023b2:	430a      	orrs	r2, r1
100023b4:	2a07      	cmp	r2, #7
100023b6:	d001      	beq.n	100023bc <tud_vendor_control_xfer_cb+0x24>
100023b8:	0018      	movs	r0, r3
100023ba:	bd10      	pop	{r4, pc}
100023bc:	33a6      	adds	r3, #166	@ 0xa6
100023be:	4661      	mov	r1, ip
100023c0:	4a02      	ldr	r2, [pc, #8]	@ (100023cc <tud_vendor_control_xfer_cb+0x34>)
100023c2:	f000 feeb 	bl	1000319c <tud_control_xfer>
100023c6:	0003      	movs	r3, r0
100023c8:	e7f6      	b.n	100023b8 <tud_vendor_control_xfer_cb+0x20>
100023ca:	46c0      	nop			@ (mov r8, r8)
100023cc:	100042e4 	.word	0x100042e4

100023d0 <usbd_app_driver_get_cb>:
100023d0:	2301      	movs	r3, #1
100023d2:	7003      	strb	r3, [r0, #0]
100023d4:	4800      	ldr	r0, [pc, #0]	@ (100023d8 <usbd_app_driver_get_cb+0x8>)
100023d6:	4770      	bx	lr
100023d8:	100043b0 	.word	0x100043b0

100023dc <tud_cdc_line_coding_cb>:
100023dc:	784b      	ldrb	r3, [r1, #1]
100023de:	780a      	ldrb	r2, [r1, #0]
100023e0:	021b      	lsls	r3, r3, #8
100023e2:	4313      	orrs	r3, r2
100023e4:	788a      	ldrb	r2, [r1, #2]
100023e6:	b510      	push	{r4, lr}
100023e8:	0412      	lsls	r2, r2, #16
100023ea:	431a      	orrs	r2, r3
100023ec:	78cb      	ldrb	r3, [r1, #3]
100023ee:	061b      	lsls	r3, r3, #24
100023f0:	4313      	orrs	r3, r2
100023f2:	2296      	movs	r2, #150	@ 0x96
100023f4:	00d2      	lsls	r2, r2, #3
100023f6:	4293      	cmp	r3, r2
100023f8:	d000      	beq.n	100023fc <tud_cdc_line_coding_cb+0x20>
100023fa:	bd10      	pop	{r4, pc}
100023fc:	2200      	movs	r2, #0
100023fe:	2001      	movs	r0, #1
10002400:	0011      	movs	r1, r2
10002402:	4240      	negs	r0, r0
10002404:	f7ff f83c 	bl	10001480 <rom_reset_usb_boot_extra>

10002408 <dcd_init>:
10002408:	b5f8      	push	{r3, r4, r5, r6, r7, lr}
1000240a:	f000 f93b 	bl	10002684 <rp2040_usb_init>
1000240e:	230c      	movs	r3, #12
10002410:	4d19      	ldr	r5, [pc, #100]	@ (10002478 <dcd_init+0x70>)
10002412:	22ff      	movs	r2, #255	@ 0xff
10002414:	67ab      	str	r3, [r5, #120]	@ 0x78
10002416:	2005      	movs	r0, #5
10002418:	4918      	ldr	r1, [pc, #96]	@ (1000247c <dcd_init+0x74>)
1000241a:	f7fe f877 	bl	1000050c <irq_add_shared_handler>
1000241e:	4c18      	ldr	r4, [pc, #96]	@ (10002480 <dcd_init+0x78>)
10002420:	2240      	movs	r2, #64	@ 0x40
10002422:	2100      	movs	r1, #0
10002424:	0020      	movs	r0, r4
10002426:	f7ff fa77 	bl	10001918 <__wrap_memset>
1000242a:	2740      	movs	r7, #64	@ 0x40
1000242c:	2300      	movs	r3, #0
1000242e:	2601      	movs	r6, #1
10002430:	2121      	movs	r1, #33	@ 0x21
10002432:	4a14      	ldr	r2, [pc, #80]	@ (10002484 <dcd_init+0x7c>)
10002434:	7066      	strb	r6, [r4, #1]
10002436:	8327      	strh	r7, [r4, #24]
10002438:	60a2      	str	r2, [r4, #8]
1000243a:	6013      	str	r3, [r2, #0]
1000243c:	5463      	strb	r3, [r4, r1]
1000243e:	315f      	adds	r1, #95	@ 0x5f
10002440:	8461      	strh	r1, [r4, #34]	@ 0x22
10002442:	3945      	subs	r1, #69	@ 0x45
10002444:	5463      	strb	r3, [r4, r1]
10002446:	4a10      	ldr	r2, [pc, #64]	@ (10002488 <dcd_init+0x80>)
10002448:	4910      	ldr	r1, [pc, #64]	@ (1000248c <dcd_init+0x84>)
1000244a:	6063      	str	r3, [r4, #4]
1000244c:	60e2      	str	r2, [r4, #12]
1000244e:	8727      	strh	r7, [r4, #56]	@ 0x38
10002450:	62a1      	str	r1, [r4, #40]	@ 0x28
10002452:	600b      	str	r3, [r1, #0]
10002454:	6263      	str	r3, [r4, #36]	@ 0x24
10002456:	62e2      	str	r2, [r4, #44]	@ 0x2c
10002458:	f001 fdae 	bl	10003fb8 <__reset_non_control_endpoints_veneer>
1000245c:	2380      	movs	r3, #128	@ 0x80
1000245e:	059b      	lsls	r3, r3, #22
10002460:	642e      	str	r6, [r5, #64]	@ 0x40
10002462:	64eb      	str	r3, [r5, #76]	@ 0x4c
10002464:	2390      	movs	r3, #144	@ 0x90
10002466:	4a0a      	ldr	r2, [pc, #40]	@ (10002490 <dcd_init+0x88>)
10002468:	2001      	movs	r0, #1
1000246a:	50ea      	str	r2, [r5, r3]
1000246c:	2280      	movs	r2, #128	@ 0x80
1000246e:	4b09      	ldr	r3, [pc, #36]	@ (10002494 <dcd_init+0x8c>)
10002470:	0252      	lsls	r2, r2, #9
10002472:	64da      	str	r2, [r3, #76]	@ 0x4c
10002474:	bdf8      	pop	{r3, r4, r5, r6, r7, pc}
10002476:	46c0      	nop			@ (mov r8, r8)
10002478:	50110000 	.word	0x50110000
1000247c:	200004c1 	.word	0x200004c1
10002480:	200017f0 	.word	0x200017f0
10002484:	50100084 	.word	0x50100084
10002488:	50100100 	.word	0x50100100
1000248c:	50100080 	.word	0x50100080
10002490:	0001d010 	.word	0x0001d010
10002494:	50112000 	.word	0x50112000

10002498 <dcd_int_enable>:
10002498:	b510      	push	{r4, lr}
1000249a:	2101      	movs	r1, #1
1000249c:	2005      	movs	r0, #5
1000249e:	f7fd ffd5 	bl	1000044c <irq_set_enabled>
100024a2:	bd10      	pop	{r4, pc}

100024a4 <dcd_set_address>:
100024a4:	b510      	push	{r4, lr}
100024a6:	2200      	movs	r2, #0
100024a8:	2100      	movs	r1, #0
100024aa:	4802      	ldr	r0, [pc, #8]	@ (100024b4 <dcd_set_address+0x10>)
100024ac:	f000 f90a 	bl	100026c4 <hw_endpoint_xfer_start>
100024b0:	bd10      	pop	{r4, pc}
100024b2:	46c0      	nop			@ (mov r8, r8)
100024b4:	20001810 	.word	0x20001810

100024b8 <dcd_sof_enable>:
100024b8:	4b04      	ldr	r3, [pc, #16]	@ (100024cc <dcd_sof_enable+0x14>)
100024ba:	7019      	strb	r1, [r3, #0]
100024bc:	2900      	cmp	r1, #0
100024be:	d004      	beq.n	100024ca <dcd_sof_enable+0x12>
100024c0:	2180      	movs	r1, #128	@ 0x80
100024c2:	2390      	movs	r3, #144	@ 0x90
100024c4:	4a02      	ldr	r2, [pc, #8]	@ (100024d0 <dcd_sof_enable+0x18>)
100024c6:	0289      	lsls	r1, r1, #10
100024c8:	50d1      	str	r1, [r2, r3]
100024ca:	4770      	bx	lr
100024cc:	20001c3e 	.word	0x20001c3e
100024d0:	50112000 	.word	0x50112000

100024d4 <dcd_edpt0_status_complete>:
100024d4:	780b      	ldrb	r3, [r1, #0]
100024d6:	065b      	lsls	r3, r3, #25
100024d8:	d000      	beq.n	100024dc <dcd_edpt0_status_complete+0x8>
100024da:	4770      	bx	lr
100024dc:	784b      	ldrb	r3, [r1, #1]
100024de:	2b05      	cmp	r3, #5
100024e0:	d1fb      	bne.n	100024da <dcd_edpt0_status_complete+0x6>
100024e2:	788a      	ldrb	r2, [r1, #2]
100024e4:	4b01      	ldr	r3, [pc, #4]	@ (100024ec <dcd_edpt0_status_complete+0x18>)
100024e6:	601a      	str	r2, [r3, #0]
100024e8:	e7f7      	b.n	100024da <dcd_edpt0_status_complete+0x6>
100024ea:	46c0      	nop			@ (mov r8, r8)
100024ec:	50110000 	.word	0x50110000

100024f0 <dcd_edpt_open>:
100024f0:	b5f8      	push	{r3, r4, r5, r6, r7, lr}
100024f2:	46ce      	mov	lr, r9
100024f4:	4647      	mov	r7, r8
100024f6:	78cb      	ldrb	r3, [r1, #3]
100024f8:	b580      	push	{r7, lr}
100024fa:	079b      	lsls	r3, r3, #30
100024fc:	0f9a      	lsrs	r2, r3, #30
100024fe:	0010      	movs	r0, r2
10002500:	2a01      	cmp	r2, #1
10002502:	d058      	beq.n	100025b6 <dcd_edpt_open+0xc6>
10002504:	788c      	ldrb	r4, [r1, #2]
10002506:	790a      	ldrb	r2, [r1, #4]
10002508:	794b      	ldrb	r3, [r1, #5]
1000250a:	217f      	movs	r1, #127	@ 0x7f
1000250c:	021b      	lsls	r3, r3, #8
1000250e:	4021      	ands	r1, r4
10002510:	09e5      	lsrs	r5, r4, #7
10002512:	4313      	orrs	r3, r2
10002514:	004a      	lsls	r2, r1, #1
10002516:	4691      	mov	r9, r2
10002518:	4e2c      	ldr	r6, [pc, #176]	@ (100025cc <dcd_edpt_open+0xdc>)
1000251a:	1952      	adds	r2, r2, r5
1000251c:	0152      	lsls	r2, r2, #5
1000251e:	18b2      	adds	r2, r6, r2
10002520:	7094      	strb	r4, [r2, #2]
10002522:	2401      	movs	r4, #1
10002524:	406c      	eors	r4, r5
10002526:	7054      	strb	r4, [r2, #1]
10002528:	2400      	movs	r4, #0
1000252a:	055b      	lsls	r3, r3, #21
1000252c:	0d5b      	lsrs	r3, r3, #21
1000252e:	70d4      	strb	r4, [r2, #3]
10002530:	8313      	strh	r3, [r2, #24]
10002532:	76d0      	strb	r0, [r2, #27]
10002534:	00ca      	lsls	r2, r1, #3
10002536:	2d01      	cmp	r5, #1
10002538:	d02c      	beq.n	10002594 <dcd_edpt_open+0xa4>
1000253a:	4f25      	ldr	r7, [pc, #148]	@ (100025d0 <dcd_edpt_open+0xe0>)
1000253c:	19d2      	adds	r2, r2, r7
1000253e:	018f      	lsls	r7, r1, #6
10002540:	46bc      	mov	ip, r7
10002542:	44b4      	add	ip, r6
10002544:	4667      	mov	r7, ip
10002546:	60ba      	str	r2, [r7, #8]
10002548:	6014      	str	r4, [r2, #0]
1000254a:	2900      	cmp	r1, #0
1000254c:	d02c      	beq.n	100025a8 <dcd_edpt_open+0xb8>
1000254e:	4a21      	ldr	r2, [pc, #132]	@ (100025d4 <dcd_edpt_open+0xe4>)
10002550:	00c9      	lsls	r1, r1, #3
10002552:	1889      	adds	r1, r1, r2
10002554:	6079      	str	r1, [r7, #4]
10002556:	333f      	adds	r3, #63	@ 0x3f
10002558:	099b      	lsrs	r3, r3, #6
1000255a:	2802      	cmp	r0, #2
1000255c:	d032      	beq.n	100025c4 <dcd_edpt_open+0xd4>
1000255e:	019a      	lsls	r2, r3, #6
10002560:	464b      	mov	r3, r9
10002562:	4c1d      	ldr	r4, [pc, #116]	@ (100025d8 <dcd_edpt_open+0xe8>)
10002564:	195b      	adds	r3, r3, r5
10002566:	6821      	ldr	r1, [r4, #0]
10002568:	015b      	lsls	r3, r3, #5
1000256a:	18f6      	adds	r6, r6, r3
1000256c:	4b1b      	ldr	r3, [pc, #108]	@ (100025dc <dcd_edpt_open+0xec>)
1000256e:	188a      	adds	r2, r1, r2
10002570:	60f1      	str	r1, [r6, #12]
10002572:	6022      	str	r2, [r4, #0]
10002574:	429a      	cmp	r2, r3
10002576:	d827      	bhi.n	100025c8 <dcd_edpt_open+0xd8>
10002578:	4a19      	ldr	r2, [pc, #100]	@ (100025e0 <dcd_edpt_open+0xf0>)
1000257a:	0683      	lsls	r3, r0, #26
1000257c:	404a      	eors	r2, r1
1000257e:	4313      	orrs	r3, r2
10002580:	2280      	movs	r2, #128	@ 0x80
10002582:	0612      	lsls	r2, r2, #24
10002584:	4313      	orrs	r3, r2
10002586:	6872      	ldr	r2, [r6, #4]
10002588:	6013      	str	r3, [r2, #0]
1000258a:	2001      	movs	r0, #1
1000258c:	bcc0      	pop	{r6, r7}
1000258e:	46b9      	mov	r9, r7
10002590:	46b0      	mov	r8, r6
10002592:	bdf8      	pop	{r3, r4, r5, r6, r7, pc}
10002594:	4f13      	ldr	r7, [pc, #76]	@ (100025e4 <dcd_edpt_open+0xf4>)
10002596:	19d2      	adds	r2, r2, r7
10002598:	018f      	lsls	r7, r1, #6
1000259a:	46bc      	mov	ip, r7
1000259c:	44b4      	add	ip, r6
1000259e:	4667      	mov	r7, ip
100025a0:	62ba      	str	r2, [r7, #40]	@ 0x28
100025a2:	6014      	str	r4, [r2, #0]
100025a4:	2900      	cmp	r1, #0
100025a6:	d108      	bne.n	100025ba <dcd_edpt_open+0xca>
100025a8:	2300      	movs	r3, #0
100025aa:	016d      	lsls	r5, r5, #5
100025ac:	1975      	adds	r5, r6, r5
100025ae:	606b      	str	r3, [r5, #4]
100025b0:	4b0d      	ldr	r3, [pc, #52]	@ (100025e8 <dcd_edpt_open+0xf8>)
100025b2:	60eb      	str	r3, [r5, #12]
100025b4:	e7e9      	b.n	1000258a <dcd_edpt_open+0x9a>
100025b6:	2000      	movs	r0, #0
100025b8:	e7e8      	b.n	1000258c <dcd_edpt_open+0x9c>
100025ba:	4a09      	ldr	r2, [pc, #36]	@ (100025e0 <dcd_edpt_open+0xf0>)
100025bc:	00c9      	lsls	r1, r1, #3
100025be:	1889      	adds	r1, r1, r2
100025c0:	6279      	str	r1, [r7, #36]	@ 0x24
100025c2:	e7c8      	b.n	10002556 <dcd_edpt_open+0x66>
100025c4:	01da      	lsls	r2, r3, #7
100025c6:	e7cb      	b.n	10002560 <dcd_edpt_open+0x70>
100025c8:	f7fe ff82 	bl	100014d0 <hard_assertion_failure>
100025cc:	200017f0 	.word	0x200017f0
100025d0:	50100084 	.word	0x50100084
100025d4:	50100004 	.word	0x50100004
100025d8:	20001bf8 	.word	0x20001bf8
100025dc:	50100fff 	.word	0x50100fff
100025e0:	50100000 	.word	0x50100000
100025e4:	50100080 	.word	0x50100080
100025e8:	50100100 	.word	0x50100100

100025ec <dcd_edpt_close_all>:
100025ec:	b510      	push	{r4, lr}
100025ee:	f001 fce3 	bl	10003fb8 <__reset_non_control_endpoints_veneer>
100025f2:	bd10      	pop	{r4, pc}

100025f4 <dcd_edpt_xfer>:
100025f4:	207f      	movs	r0, #127	@ 0x7f
100025f6:	b510      	push	{r4, lr}
100025f8:	4008      	ands	r0, r1
100025fa:	0040      	lsls	r0, r0, #1
100025fc:	09c9      	lsrs	r1, r1, #7
100025fe:	1840      	adds	r0, r0, r1
10002600:	0011      	movs	r1, r2
10002602:	4a04      	ldr	r2, [pc, #16]	@ (10002614 <dcd_edpt_xfer+0x20>)
10002604:	0140      	lsls	r0, r0, #5
10002606:	1880      	adds	r0, r0, r2
10002608:	001a      	movs	r2, r3
1000260a:	f000 f85b 	bl	100026c4 <hw_endpoint_xfer_start>
1000260e:	2001      	movs	r0, #1
10002610:	bd10      	pop	{r4, pc}
10002612:	46c0      	nop			@ (mov r8, r8)
10002614:	200017f0 	.word	0x200017f0

10002618 <dcd_edpt_stall>:
10002618:	237f      	movs	r3, #127	@ 0x7f
1000261a:	0018      	movs	r0, r3
1000261c:	b500      	push	{lr}
1000261e:	4008      	ands	r0, r1
10002620:	b083      	sub	sp, #12
10002622:	420b      	tst	r3, r1
10002624:	d104      	bne.n	10002630 <dcd_edpt_stall+0x18>
10002626:	424b      	negs	r3, r1
10002628:	414b      	adcs	r3, r1
1000262a:	4a08      	ldr	r2, [pc, #32]	@ (1000264c <dcd_edpt_stall+0x34>)
1000262c:	3301      	adds	r3, #1
1000262e:	6693      	str	r3, [r2, #104]	@ 0x68
10002630:	2280      	movs	r2, #128	@ 0x80
10002632:	09c9      	lsrs	r1, r1, #7
10002634:	0040      	lsls	r0, r0, #1
10002636:	4b06      	ldr	r3, [pc, #24]	@ (10002650 <dcd_edpt_stall+0x38>)
10002638:	1840      	adds	r0, r0, r1
1000263a:	0140      	lsls	r0, r0, #5
1000263c:	2100      	movs	r1, #0
1000263e:	18c0      	adds	r0, r0, r3
10002640:	0112      	lsls	r2, r2, #4
10002642:	f001 fcc1 	bl	10003fc8 <___hw_endpoint_buffer_control_update32_veneer>
10002646:	b003      	add	sp, #12
10002648:	bd00      	pop	{pc}
1000264a:	46c0      	nop			@ (mov r8, r8)
1000264c:	50112000 	.word	0x50112000
10002650:	200017f0 	.word	0x200017f0

10002654 <dcd_edpt_clear_stall>:
10002654:	227f      	movs	r2, #127	@ 0x7f
10002656:	0013      	movs	r3, r2
10002658:	b510      	push	{r4, lr}
1000265a:	400b      	ands	r3, r1
1000265c:	420a      	tst	r2, r1
1000265e:	d100      	bne.n	10002662 <dcd_edpt_clear_stall+0xe>
10002660:	bd10      	pop	{r4, pc}
10002662:	09c9      	lsrs	r1, r1, #7
10002664:	005b      	lsls	r3, r3, #1
10002666:	185b      	adds	r3, r3, r1
10002668:	4804      	ldr	r0, [pc, #16]	@ (1000267c <dcd_edpt_clear_stall+0x28>)
1000266a:	015b      	lsls	r3, r3, #5
1000266c:	18c0      	adds	r0, r0, r3
1000266e:	2300      	movs	r3, #0
10002670:	2200      	movs	r2, #0
10002672:	4903      	ldr	r1, [pc, #12]	@ (10002680 <dcd_edpt_clear_stall+0x2c>)
10002674:	70c3      	strb	r3, [r0, #3]
10002676:	f001 fca7 	bl	10003fc8 <___hw_endpoint_buffer_control_update32_veneer>
1000267a:	e7f1      	b.n	10002660 <dcd_edpt_clear_stall+0xc>
1000267c:	200017f0 	.word	0x200017f0
10002680:	fffff7ff 	.word	0xfffff7ff

10002684 <rp2040_usb_init>:
10002684:	2280      	movs	r2, #128	@ 0x80
10002686:	4b0a      	ldr	r3, [pc, #40]	@ (100026b0 <rp2040_usb_init+0x2c>)
10002688:	0452      	lsls	r2, r2, #17
1000268a:	b510      	push	{r4, lr}
1000268c:	601a      	str	r2, [r3, #0]
1000268e:	4b09      	ldr	r3, [pc, #36]	@ (100026b4 <rp2040_usb_init+0x30>)
10002690:	4909      	ldr	r1, [pc, #36]	@ (100026b8 <rp2040_usb_init+0x34>)
10002692:	601a      	str	r2, [r3, #0]
10002694:	0010      	movs	r0, r2
10002696:	680b      	ldr	r3, [r1, #0]
10002698:	4398      	bics	r0, r3
1000269a:	d1fb      	bne.n	10002694 <rp2040_usb_init+0x10>
1000269c:	2280      	movs	r2, #128	@ 0x80
1000269e:	2100      	movs	r1, #0
100026a0:	0152      	lsls	r2, r2, #5
100026a2:	4806      	ldr	r0, [pc, #24]	@ (100026bc <rp2040_usb_init+0x38>)
100026a4:	f7ff f938 	bl	10001918 <__wrap_memset>
100026a8:	2209      	movs	r2, #9
100026aa:	4b05      	ldr	r3, [pc, #20]	@ (100026c0 <rp2040_usb_init+0x3c>)
100026ac:	675a      	str	r2, [r3, #116]	@ 0x74
100026ae:	bd10      	pop	{r4, pc}
100026b0:	4000e000 	.word	0x4000e000
100026b4:	4000f000 	.word	0x4000f000
100026b8:	4000c008 	.word	0x4000c008
100026bc:	50100000 	.word	0x50100000
100026c0:	50110000 	.word	0x50110000

100026c4 <hw_endpoint_xfer_start>:
100026c4:	2300      	movs	r3, #0
100026c6:	b510      	push	{r4, lr}
100026c8:	82c3      	strh	r3, [r0, #22]
100026ca:	3301      	adds	r3, #1
100026cc:	8282      	strh	r2, [r0, #20]
100026ce:	7683      	strb	r3, [r0, #26]
100026d0:	6101      	str	r1, [r0, #16]
100026d2:	0004      	movs	r4, r0
100026d4:	f001 fc88 	bl	10003fe8 <__e15_is_bulkin_ep_veneer>
100026d8:	2800      	cmp	r0, #0
100026da:	d004      	beq.n	100026e6 <hw_endpoint_xfer_start+0x22>
100026dc:	2180      	movs	r1, #128	@ 0x80
100026de:	2390      	movs	r3, #144	@ 0x90
100026e0:	4a07      	ldr	r2, [pc, #28]	@ (10002700 <hw_endpoint_xfer_start+0x3c>)
100026e2:	0289      	lsls	r1, r1, #10
100026e4:	50d1      	str	r1, [r2, r3]
100026e6:	0020      	movs	r0, r4
100026e8:	f001 fc9e 	bl	10004028 <__e15_is_critical_frame_period_veneer>
100026ec:	2800      	cmp	r0, #0
100026ee:	d002      	beq.n	100026f6 <hw_endpoint_xfer_start+0x32>
100026f0:	2301      	movs	r3, #1
100026f2:	7723      	strb	r3, [r4, #28]
100026f4:	bd10      	pop	{r4, pc}
100026f6:	0020      	movs	r0, r4
100026f8:	f001 fc6e 	bl	10003fd8 <__hw_endpoint_start_next_buffer_veneer>
100026fc:	e7fa      	b.n	100026f4 <hw_endpoint_xfer_start+0x30>
100026fe:	46c0      	nop			@ (mov r8, r8)
10002700:	50112000 	.word	0x50112000

10002704 <tud_event_hook_cb>:
10002704:	4770      	bx	lr
10002706:	46c0      	nop			@ (mov r8, r8)

10002708 <tud_sof_cb>:
10002708:	4770      	bx	lr
1000270a:	46c0      	nop			@ (mov r8, r8)

1000270c <tud_descriptor_device_qualifier_cb>:
1000270c:	2000      	movs	r0, #0
1000270e:	4770      	bx	lr

10002710 <tud_descriptor_other_speed_configuration_cb>:
10002710:	2000      	movs	r0, #0
10002712:	4770      	bx	lr

10002714 <tud_mount_cb>:
10002714:	4770      	bx	lr
10002716:	46c0      	nop			@ (mov r8, r8)

10002718 <tud_umount_cb>:
10002718:	4770      	bx	lr
1000271a:	46c0      	nop			@ (mov r8, r8)

1000271c <tud_suspend_cb>:
1000271c:	4770      	bx	lr
1000271e:	46c0      	nop			@ (mov r8, r8)

10002720 <tud_resume_cb>:
10002720:	4770      	bx	lr
10002722:	46c0      	nop			@ (mov r8, r8)

10002724 <tud_mounted>:
10002724:	4b02      	ldr	r3, [pc, #8]	@ (10002730 <tud_mounted+0xc>)
10002726:	7858      	ldrb	r0, [r3, #1]
10002728:	1e43      	subs	r3, r0, #1
1000272a:	4198      	sbcs	r0, r3
1000272c:	b2c0      	uxtb	r0, r0
1000272e:	4770      	bx	lr
10002730:	20001568 	.word	0x20001568

10002734 <tud_suspended>:
10002734:	4b02      	ldr	r3, [pc, #8]	@ (10002740 <tud_suspended+0xc>)
10002736:	7818      	ldrb	r0, [r3, #0]
10002738:	0740      	lsls	r0, r0, #29
1000273a:	0fc0      	lsrs	r0, r0, #31
1000273c:	4770      	bx	lr
1000273e:	46c0      	nop			@ (mov r8, r8)
10002740:	20001568 	.word	0x20001568

10002744 <tud_rhport_init>:
10002744:	b5f0      	push	{r4, r5, r6, r7, lr}
10002746:	46d6      	mov	lr, sl
10002748:	464f      	mov	r7, r9
1000274a:	4646      	mov	r6, r8
1000274c:	b5c0      	push	{r6, r7, lr}
1000274e:	4b2c      	ldr	r3, [pc, #176]	@ (10002800 <tud_rhport_init+0xbc>)
10002750:	4681      	mov	r9, r0
10002752:	4698      	mov	r8, r3
10002754:	781b      	ldrb	r3, [r3, #0]
10002756:	468a      	mov	sl, r1
10002758:	2bff      	cmp	r3, #255	@ 0xff
1000275a:	d14b      	bne.n	100027f4 <tud_rhport_init+0xb0>
1000275c:	2900      	cmp	r1, #0
1000275e:	d03b      	beq.n	100027d8 <tud_rhport_init+0x94>
10002760:	2100      	movs	r1, #0
10002762:	2254      	movs	r2, #84	@ 0x54
10002764:	4827      	ldr	r0, [pc, #156]	@ (10002804 <tud_rhport_init+0xc0>)
10002766:	f7ff f8d7 	bl	10001918 <__wrap_memset>
1000276a:	2200      	movs	r2, #0
1000276c:	4c26      	ldr	r4, [pc, #152]	@ (10002808 <tud_rhport_init+0xc4>)
1000276e:	4b27      	ldr	r3, [pc, #156]	@ (1000280c <tud_rhport_init+0xc8>)
10002770:	0020      	movs	r0, r4
10002772:	701a      	strb	r2, [r3, #0]
10002774:	f7fe f850 	bl	10000818 <mutex_init>
10002778:	4b25      	ldr	r3, [pc, #148]	@ (10002810 <tud_rhport_init+0xcc>)
1000277a:	601c      	str	r4, [r3, #0]
1000277c:	4c25      	ldr	r4, [pc, #148]	@ (10002814 <tud_rhport_init+0xd0>)
1000277e:	0020      	movs	r0, r4
10002780:	3c14      	subs	r4, #20
10002782:	f7fe f857 	bl	10000834 <critical_section_init>
10002786:	0020      	movs	r0, r4
10002788:	f001 fb98 	bl	10003ebc <tu_fifo_clear>
1000278c:	4b22      	ldr	r3, [pc, #136]	@ (10002818 <tud_rhport_init+0xd4>)
1000278e:	4d23      	ldr	r5, [pc, #140]	@ (1000281c <tud_rhport_init+0xd8>)
10002790:	601c      	str	r4, [r3, #0]
10002792:	4b23      	ldr	r3, [pc, #140]	@ (10002820 <tud_rhport_init+0xdc>)
10002794:	2b00      	cmp	r3, #0
10002796:	d004      	beq.n	100027a2 <tud_rhport_init+0x5e>
10002798:	0028      	movs	r0, r5
1000279a:	f7ff fe19 	bl	100023d0 <usbd_app_driver_get_cb>
1000279e:	4b21      	ldr	r3, [pc, #132]	@ (10002824 <tud_rhport_init+0xe0>)
100027a0:	6018      	str	r0, [r3, #0]
100027a2:	2400      	movs	r4, #0
100027a4:	782b      	ldrb	r3, [r5, #0]
100027a6:	4f20      	ldr	r7, [pc, #128]	@ (10002828 <tud_rhport_init+0xe4>)
100027a8:	4e1e      	ldr	r6, [pc, #120]	@ (10002824 <tud_rhport_init+0xe0>)
100027aa:	e00d      	b.n	100027c8 <tud_rhport_init+0x84>
100027ac:	6833      	ldr	r3, [r6, #0]
100027ae:	0162      	lsls	r2, r4, #5
100027b0:	189b      	adds	r3, r3, r2
100027b2:	2b00      	cmp	r3, #0
100027b4:	d010      	beq.n	100027d8 <tud_rhport_init+0x94>
100027b6:	685b      	ldr	r3, [r3, #4]
100027b8:	2b00      	cmp	r3, #0
100027ba:	d00d      	beq.n	100027d8 <tud_rhport_init+0x94>
100027bc:	4798      	blx	r3
100027be:	3401      	adds	r4, #1
100027c0:	782b      	ldrb	r3, [r5, #0]
100027c2:	b2e4      	uxtb	r4, r4
100027c4:	42a3      	cmp	r3, r4
100027c6:	d309      	bcc.n	100027dc <tud_rhport_init+0x98>
100027c8:	42a3      	cmp	r3, r4
100027ca:	d8ef      	bhi.n	100027ac <tud_rhport_init+0x68>
100027cc:	1ae3      	subs	r3, r4, r3
100027ce:	015b      	lsls	r3, r3, #5
100027d0:	19db      	adds	r3, r3, r7
100027d2:	685b      	ldr	r3, [r3, #4]
100027d4:	2b00      	cmp	r3, #0
100027d6:	d1f1      	bne.n	100027bc <tud_rhport_init+0x78>
100027d8:	2000      	movs	r0, #0
100027da:	e00c      	b.n	100027f6 <tud_rhport_init+0xb2>
100027dc:	4642      	mov	r2, r8
100027de:	464b      	mov	r3, r9
100027e0:	4651      	mov	r1, sl
100027e2:	4648      	mov	r0, r9
100027e4:	7013      	strb	r3, [r2, #0]
100027e6:	f7ff fe0f 	bl	10002408 <dcd_init>
100027ea:	2800      	cmp	r0, #0
100027ec:	d0f4      	beq.n	100027d8 <tud_rhport_init+0x94>
100027ee:	4648      	mov	r0, r9
100027f0:	f7ff fe52 	bl	10002498 <dcd_int_enable>
100027f4:	2001      	movs	r0, #1
100027f6:	bce0      	pop	{r5, r6, r7}
100027f8:	46ba      	mov	sl, r7
100027fa:	46b1      	mov	r9, r6
100027fc:	46a8      	mov	r8, r5
100027fe:	bdf0      	pop	{r4, r5, r6, r7, pc}
10002800:	20001024 	.word	0x20001024
10002804:	20001568 	.word	0x20001568
10002808:	20001560 	.word	0x20001560
1000280c:	20001c3f 	.word	0x20001c3f
10002810:	200015bc 	.word	0x200015bc
10002814:	2000101c 	.word	0x2000101c
10002818:	200015c0 	.word	0x200015c0
1000281c:	20001c3d 	.word	0x20001c3d
10002820:	100023d1 	.word	0x100023d1
10002824:	20001480 	.word	0x20001480
10002828:	10004478 	.word	0x10004478

1000282c <tud_task_ext>:
1000282c:	b5f0      	push	{r4, r5, r6, r7, lr}
1000282e:	46de      	mov	lr, fp
10002830:	4657      	mov	r7, sl
10002832:	464e      	mov	r6, r9
10002834:	4645      	mov	r5, r8
10002836:	b5e0      	push	{r5, r6, r7, lr}
10002838:	4bc8      	ldr	r3, [pc, #800]	@ (10002b5c <tud_task_ext+0x330>)
1000283a:	b091      	sub	sp, #68	@ 0x44
1000283c:	9303      	str	r3, [sp, #12]
1000283e:	781b      	ldrb	r3, [r3, #0]
10002840:	2bff      	cmp	r3, #255	@ 0xff
10002842:	d100      	bne.n	10002846 <tud_task_ext+0x1a>
10002844:	e142      	b.n	10002acc <tud_task_ext+0x2a0>
10002846:	4bc6      	ldr	r3, [pc, #792]	@ (10002b60 <tud_task_ext+0x334>)
10002848:	4ec6      	ldr	r6, [pc, #792]	@ (10002b64 <tud_task_ext+0x338>)
1000284a:	001f      	movs	r7, r3
1000284c:	4bc6      	ldr	r3, [pc, #792]	@ (10002b68 <tud_task_ext+0x33c>)
1000284e:	ac0d      	add	r4, sp, #52	@ 0x34
10002850:	9302      	str	r3, [sp, #8]
10002852:	4bc6      	ldr	r3, [pc, #792]	@ (10002b6c <tud_task_ext+0x340>)
10002854:	9301      	str	r3, [sp, #4]
10002856:	6835      	ldr	r5, [r6, #0]
10002858:	696a      	ldr	r2, [r5, #20]
1000285a:	f3ef 8110 	mrs	r1, PRIMASK
1000285e:	b672      	cpsid	i
10002860:	6813      	ldr	r3, [r2, #0]
10002862:	2b00      	cmp	r3, #0
10002864:	d0fc      	beq.n	10002860 <tud_task_ext+0x34>
10002866:	f3bf 8f5f 	dmb	sy
1000286a:	61a9      	str	r1, [r5, #24]
1000286c:	0028      	movs	r0, r5
1000286e:	0021      	movs	r1, r4
10002870:	f001 f95a 	bl	10003b28 <tu_fifo_read>
10002874:	696a      	ldr	r2, [r5, #20]
10002876:	69ab      	ldr	r3, [r5, #24]
10002878:	f3bf 8f5f 	dmb	sy
1000287c:	2100      	movs	r1, #0
1000287e:	6011      	str	r1, [r2, #0]
10002880:	f383 8810 	msr	PRIMASK, r3
10002884:	2800      	cmp	r0, #0
10002886:	d100      	bne.n	1000288a <tud_task_ext+0x5e>
10002888:	e120      	b.n	10002acc <tud_task_ext+0x2a0>
1000288a:	7863      	ldrb	r3, [r4, #1]
1000288c:	2b08      	cmp	r3, #8
1000288e:	d8e2      	bhi.n	10002856 <tud_task_ext+0x2a>
10002890:	009b      	lsls	r3, r3, #2
10002892:	58fb      	ldr	r3, [r7, r3]
10002894:	469f      	mov	pc, r3
10002896:	6863      	ldr	r3, [r4, #4]
10002898:	2b00      	cmp	r3, #0
1000289a:	d0dc      	beq.n	10002856 <tud_task_ext+0x2a>
1000289c:	68a0      	ldr	r0, [r4, #8]
1000289e:	4798      	blx	r3
100028a0:	e7d9      	b.n	10002856 <tud_task_ext+0x2a>
100028a2:	227f      	movs	r2, #127	@ 0x7f
100028a4:	7921      	ldrb	r1, [r4, #4]
100028a6:	4db0      	ldr	r5, [pc, #704]	@ (10002b68 <tud_task_ext+0x33c>)
100028a8:	400a      	ands	r2, r1
100028aa:	0053      	lsls	r3, r2, #1
100028ac:	18eb      	adds	r3, r5, r3
100028ae:	4698      	mov	r8, r3
100028b0:	09c8      	lsrs	r0, r1, #7
100028b2:	4480      	add	r8, r0
100028b4:	4640      	mov	r0, r8
100028b6:	2301      	movs	r3, #1
100028b8:	3030      	adds	r0, #48	@ 0x30
100028ba:	7905      	ldrb	r5, [r0, #4]
100028bc:	439d      	bics	r5, r3
100028be:	7105      	strb	r5, [r0, #4]
100028c0:	7905      	ldrb	r5, [r0, #4]
100028c2:	3303      	adds	r3, #3
100028c4:	439d      	bics	r5, r3
100028c6:	7105      	strb	r5, [r0, #4]
100028c8:	2a00      	cmp	r2, #0
100028ca:	d100      	bne.n	100028ce <tud_task_ext+0xa2>
100028cc:	e105      	b.n	10002ada <tud_task_ext+0x2ae>
100028ce:	4643      	mov	r3, r8
100028d0:	4aa7      	ldr	r2, [pc, #668]	@ (10002b70 <tud_task_ext+0x344>)
100028d2:	7d1b      	ldrb	r3, [r3, #20]
100028d4:	7812      	ldrb	r2, [r2, #0]
100028d6:	4293      	cmp	r3, r2
100028d8:	d300      	bcc.n	100028dc <tud_task_ext+0xb0>
100028da:	e0f5      	b.n	10002ac8 <tud_task_ext+0x29c>
100028dc:	4aa5      	ldr	r2, [pc, #660]	@ (10002b74 <tud_task_ext+0x348>)
100028de:	015b      	lsls	r3, r3, #5
100028e0:	6815      	ldr	r5, [r2, #0]
100028e2:	18ed      	adds	r5, r5, r3
100028e4:	2d00      	cmp	r5, #0
100028e6:	d100      	bne.n	100028ea <tud_task_ext+0xbe>
100028e8:	e0f0      	b.n	10002acc <tud_task_ext+0x2a0>
100028ea:	68a3      	ldr	r3, [r4, #8]
100028ec:	7962      	ldrb	r2, [r4, #5]
100028ee:	7820      	ldrb	r0, [r4, #0]
100028f0:	69ad      	ldr	r5, [r5, #24]
100028f2:	47a8      	blx	r5
100028f4:	e7af      	b.n	10002856 <tud_task_ext+0x2a>
100028f6:	4ba0      	ldr	r3, [pc, #640]	@ (10002b78 <tud_task_ext+0x34c>)
100028f8:	781a      	ldrb	r2, [r3, #0]
100028fa:	2a00      	cmp	r2, #0
100028fc:	d100      	bne.n	10002900 <tud_task_ext+0xd4>
100028fe:	e0e5      	b.n	10002acc <tud_task_ext+0x2a0>
10002900:	781a      	ldrb	r2, [r3, #0]
10002902:	3a01      	subs	r2, #1
10002904:	701a      	strb	r2, [r3, #0]
10002906:	781b      	ldrb	r3, [r3, #0]
10002908:	2b00      	cmp	r3, #0
1000290a:	d1a4      	bne.n	10002856 <tud_task_ext+0x2a>
1000290c:	2201      	movs	r2, #1
1000290e:	4d96      	ldr	r5, [pc, #600]	@ (10002b68 <tud_task_ext+0x33c>)
10002910:	2101      	movs	r1, #1
10002912:	782b      	ldrb	r3, [r5, #0]
10002914:	2004      	movs	r0, #4
10002916:	4313      	orrs	r3, r2
10002918:	702b      	strb	r3, [r5, #0]
1000291a:	2334      	movs	r3, #52	@ 0x34
1000291c:	5cea      	ldrb	r2, [r5, r3]
1000291e:	438a      	bics	r2, r1
10002920:	54ea      	strb	r2, [r5, r3]
10002922:	5cea      	ldrb	r2, [r5, r3]
10002924:	4382      	bics	r2, r0
10002926:	54ea      	strb	r2, [r5, r3]
10002928:	3301      	adds	r3, #1
1000292a:	5cea      	ldrb	r2, [r5, r3]
1000292c:	438a      	bics	r2, r1
1000292e:	54ea      	strb	r2, [r5, r3]
10002930:	5cea      	ldrb	r2, [r5, r3]
10002932:	4382      	bics	r2, r0
10002934:	54ea      	strb	r2, [r5, r3]
10002936:	7823      	ldrb	r3, [r4, #0]
10002938:	2000      	movs	r0, #0
1000293a:	469b      	mov	fp, r3
1000293c:	f000 fc88 	bl	10003250 <usbd_control_set_complete_callback>
10002940:	2260      	movs	r2, #96	@ 0x60
10002942:	7923      	ldrb	r3, [r4, #4]
10002944:	401a      	ands	r2, r3
10002946:	2a60      	cmp	r2, #96	@ 0x60
10002948:	d100      	bne.n	1000294c <tud_task_ext+0x120>
1000294a:	e0f1      	b.n	10002b30 <tud_task_ext+0x304>
1000294c:	2a40      	cmp	r2, #64	@ 0x40
1000294e:	d100      	bne.n	10002952 <tud_task_ext+0x126>
10002950:	e0f7      	b.n	10002b42 <tud_task_ext+0x316>
10002952:	06db      	lsls	r3, r3, #27
10002954:	0edb      	lsrs	r3, r3, #27
10002956:	2b01      	cmp	r3, #1
10002958:	d100      	bne.n	1000295c <tud_task_ext+0x130>
1000295a:	e115      	b.n	10002b88 <tud_task_ext+0x35c>
1000295c:	2b02      	cmp	r3, #2
1000295e:	d100      	bne.n	10002962 <tud_task_ext+0x136>
10002960:	e0ca      	b.n	10002af8 <tud_task_ext+0x2cc>
10002962:	2b00      	cmp	r3, #0
10002964:	d000      	beq.n	10002968 <tud_task_ext+0x13c>
10002966:	e0e3      	b.n	10002b30 <tud_task_ext+0x304>
10002968:	2a20      	cmp	r2, #32
1000296a:	d100      	bne.n	1000296e <tud_task_ext+0x142>
1000296c:	e211      	b.n	10002d92 <tud_task_ext+0x566>
1000296e:	2a00      	cmp	r2, #0
10002970:	d000      	beq.n	10002974 <tud_task_ext+0x148>
10002972:	e0dd      	b.n	10002b30 <tud_task_ext+0x304>
10002974:	7963      	ldrb	r3, [r4, #5]
10002976:	2b09      	cmp	r3, #9
10002978:	d900      	bls.n	1000297c <tud_task_ext+0x150>
1000297a:	e0d9      	b.n	10002b30 <tud_task_ext+0x304>
1000297c:	4a7f      	ldr	r2, [pc, #508]	@ (10002b7c <tud_task_ext+0x350>)
1000297e:	009b      	lsls	r3, r3, #2
10002980:	58d3      	ldr	r3, [r2, r3]
10002982:	469f      	mov	pc, r3
10002984:	4d78      	ldr	r5, [pc, #480]	@ (10002b68 <tud_task_ext+0x33c>)
10002986:	782b      	ldrb	r3, [r5, #0]
10002988:	07db      	lsls	r3, r3, #31
1000298a:	d400      	bmi.n	1000298e <tud_task_ext+0x162>
1000298c:	e763      	b.n	10002856 <tud_task_ext+0x2a>
1000298e:	f7ff fec7 	bl	10002720 <tud_resume_cb>
10002992:	e760      	b.n	10002856 <tud_task_ext+0x2a>
10002994:	9b02      	ldr	r3, [sp, #8]
10002996:	78db      	ldrb	r3, [r3, #3]
10002998:	07db      	lsls	r3, r3, #31
1000299a:	d400      	bmi.n	1000299e <tud_task_ext+0x172>
1000299c:	e75b      	b.n	10002856 <tud_task_ext+0x2a>
1000299e:	6860      	ldr	r0, [r4, #4]
100029a0:	f7ff feb2 	bl	10002708 <tud_sof_cb>
100029a4:	e757      	b.n	10002856 <tud_task_ext+0x2a>
100029a6:	4d70      	ldr	r5, [pc, #448]	@ (10002b68 <tud_task_ext+0x33c>)
100029a8:	782b      	ldrb	r3, [r5, #0]
100029aa:	07db      	lsls	r3, r3, #31
100029ac:	d400      	bmi.n	100029b0 <tud_task_ext+0x184>
100029ae:	e752      	b.n	10002856 <tud_task_ext+0x2a>
100029b0:	7828      	ldrb	r0, [r5, #0]
100029b2:	0700      	lsls	r0, r0, #28
100029b4:	0fc0      	lsrs	r0, r0, #31
100029b6:	f7ff feb1 	bl	1000271c <tud_suspend_cb>
100029ba:	e74c      	b.n	10002856 <tud_task_ext+0x2a>
100029bc:	7823      	ldrb	r3, [r4, #0]
100029be:	4a6b      	ldr	r2, [pc, #428]	@ (10002b6c <tud_task_ext+0x340>)
100029c0:	4699      	mov	r9, r3
100029c2:	4693      	mov	fp, r2
100029c4:	4b6a      	ldr	r3, [pc, #424]	@ (10002b70 <tud_task_ext+0x344>)
100029c6:	4a6b      	ldr	r2, [pc, #428]	@ (10002b74 <tud_task_ext+0x348>)
100029c8:	4698      	mov	r8, r3
100029ca:	4692      	mov	sl, r2
100029cc:	003a      	movs	r2, r7
100029ce:	2500      	movs	r5, #0
100029d0:	4647      	mov	r7, r8
100029d2:	781b      	ldrb	r3, [r3, #0]
100029d4:	46b0      	mov	r8, r6
100029d6:	464e      	mov	r6, r9
100029d8:	4691      	mov	r9, r2
100029da:	e00e      	b.n	100029fa <tud_task_ext+0x1ce>
100029dc:	4653      	mov	r3, sl
100029de:	681b      	ldr	r3, [r3, #0]
100029e0:	016a      	lsls	r2, r5, #5
100029e2:	189b      	adds	r3, r3, r2
100029e4:	2b00      	cmp	r3, #0
100029e6:	d100      	bne.n	100029ea <tud_task_ext+0x1be>
100029e8:	e07d      	b.n	10002ae6 <tud_task_ext+0x2ba>
100029ea:	68db      	ldr	r3, [r3, #12]
100029ec:	0030      	movs	r0, r6
100029ee:	4798      	blx	r3
100029f0:	3501      	adds	r5, #1
100029f2:	783b      	ldrb	r3, [r7, #0]
100029f4:	b2ed      	uxtb	r5, r5
100029f6:	42ab      	cmp	r3, r5
100029f8:	d30c      	bcc.n	10002a14 <tud_task_ext+0x1e8>
100029fa:	42ab      	cmp	r3, r5
100029fc:	d8ee      	bhi.n	100029dc <tud_task_ext+0x1b0>
100029fe:	1aeb      	subs	r3, r5, r3
10002a00:	015b      	lsls	r3, r3, #5
10002a02:	445b      	add	r3, fp
10002a04:	68db      	ldr	r3, [r3, #12]
10002a06:	0030      	movs	r0, r6
10002a08:	4798      	blx	r3
10002a0a:	3501      	adds	r5, #1
10002a0c:	783b      	ldrb	r3, [r7, #0]
10002a0e:	b2ed      	uxtb	r5, r5
10002a10:	42ab      	cmp	r3, r5
10002a12:	d2f2      	bcs.n	100029fa <tud_task_ext+0x1ce>
10002a14:	4d54      	ldr	r5, [pc, #336]	@ (10002b68 <tud_task_ext+0x33c>)
10002a16:	2254      	movs	r2, #84	@ 0x54
10002a18:	2100      	movs	r1, #0
10002a1a:	0028      	movs	r0, r5
10002a1c:	f7fe ff7c 	bl	10001918 <__wrap_memset>
10002a20:	2210      	movs	r2, #16
10002a22:	21ff      	movs	r1, #255	@ 0xff
10002a24:	1d28      	adds	r0, r5, #4
10002a26:	f7fe ff77 	bl	10001918 <__wrap_memset>
10002a2a:	0028      	movs	r0, r5
10002a2c:	2220      	movs	r2, #32
10002a2e:	21ff      	movs	r1, #255	@ 0xff
10002a30:	3014      	adds	r0, #20
10002a32:	4646      	mov	r6, r8
10002a34:	464f      	mov	r7, r9
10002a36:	f7fe ff6f 	bl	10001918 <__wrap_memset>
10002a3a:	f000 fbff 	bl	1000323c <usbd_control_reset>
10002a3e:	7923      	ldrb	r3, [r4, #4]
10002a40:	70ab      	strb	r3, [r5, #2]
10002a42:	e708      	b.n	10002856 <tud_task_ext+0x2a>
10002a44:	7823      	ldrb	r3, [r4, #0]
10002a46:	4a4b      	ldr	r2, [pc, #300]	@ (10002b74 <tud_task_ext+0x348>)
10002a48:	4699      	mov	r9, r3
10002a4a:	4b49      	ldr	r3, [pc, #292]	@ (10002b70 <tud_task_ext+0x344>)
10002a4c:	4692      	mov	sl, r2
10002a4e:	4698      	mov	r8, r3
10002a50:	0032      	movs	r2, r6
10002a52:	46bb      	mov	fp, r7
10002a54:	464e      	mov	r6, r9
10002a56:	2500      	movs	r5, #0
10002a58:	4647      	mov	r7, r8
10002a5a:	4691      	mov	r9, r2
10002a5c:	781b      	ldrb	r3, [r3, #0]
10002a5e:	e00d      	b.n	10002a7c <tud_task_ext+0x250>
10002a60:	4653      	mov	r3, sl
10002a62:	681b      	ldr	r3, [r3, #0]
10002a64:	016a      	lsls	r2, r5, #5
10002a66:	189b      	adds	r3, r3, r2
10002a68:	2b00      	cmp	r3, #0
10002a6a:	d040      	beq.n	10002aee <tud_task_ext+0x2c2>
10002a6c:	68db      	ldr	r3, [r3, #12]
10002a6e:	0030      	movs	r0, r6
10002a70:	4798      	blx	r3
10002a72:	3501      	adds	r5, #1
10002a74:	783b      	ldrb	r3, [r7, #0]
10002a76:	b2ed      	uxtb	r5, r5
10002a78:	42ab      	cmp	r3, r5
10002a7a:	d30d      	bcc.n	10002a98 <tud_task_ext+0x26c>
10002a7c:	429d      	cmp	r5, r3
10002a7e:	d3ef      	bcc.n	10002a60 <tud_task_ext+0x234>
10002a80:	9a01      	ldr	r2, [sp, #4]
10002a82:	1aeb      	subs	r3, r5, r3
10002a84:	015b      	lsls	r3, r3, #5
10002a86:	18d3      	adds	r3, r2, r3
10002a88:	68db      	ldr	r3, [r3, #12]
10002a8a:	0030      	movs	r0, r6
10002a8c:	4798      	blx	r3
10002a8e:	3501      	adds	r5, #1
10002a90:	783b      	ldrb	r3, [r7, #0]
10002a92:	b2ed      	uxtb	r5, r5
10002a94:	42ab      	cmp	r3, r5
10002a96:	d2f1      	bcs.n	10002a7c <tud_task_ext+0x250>
10002a98:	9d02      	ldr	r5, [sp, #8]
10002a9a:	2254      	movs	r2, #84	@ 0x54
10002a9c:	2100      	movs	r1, #0
10002a9e:	0028      	movs	r0, r5
10002aa0:	f7fe ff3a 	bl	10001918 <__wrap_memset>
10002aa4:	2210      	movs	r2, #16
10002aa6:	21ff      	movs	r1, #255	@ 0xff
10002aa8:	4835      	ldr	r0, [pc, #212]	@ (10002b80 <tud_task_ext+0x354>)
10002aaa:	f7fe ff35 	bl	10001918 <__wrap_memset>
10002aae:	0028      	movs	r0, r5
10002ab0:	2220      	movs	r2, #32
10002ab2:	21ff      	movs	r1, #255	@ 0xff
10002ab4:	3014      	adds	r0, #20
10002ab6:	464e      	mov	r6, r9
10002ab8:	465f      	mov	r7, fp
10002aba:	f7fe ff2d 	bl	10001918 <__wrap_memset>
10002abe:	f000 fbbd 	bl	1000323c <usbd_control_reset>
10002ac2:	f7ff fe29 	bl	10002718 <tud_umount_cb>
10002ac6:	e6c6      	b.n	10002856 <tud_task_ext+0x2a>
10002ac8:	4293      	cmp	r3, r2
10002aca:	d013      	beq.n	10002af4 <tud_task_ext+0x2c8>
10002acc:	b011      	add	sp, #68	@ 0x44
10002ace:	bcf0      	pop	{r4, r5, r6, r7}
10002ad0:	46bb      	mov	fp, r7
10002ad2:	46b2      	mov	sl, r6
10002ad4:	46a9      	mov	r9, r5
10002ad6:	46a0      	mov	r8, r4
10002ad8:	bdf0      	pop	{r4, r5, r6, r7, pc}
10002ada:	68a3      	ldr	r3, [r4, #8]
10002adc:	7962      	ldrb	r2, [r4, #5]
10002ade:	7820      	ldrb	r0, [r4, #0]
10002ae0:	f000 fbca 	bl	10003278 <usbd_control_xfer_cb>
10002ae4:	e6b7      	b.n	10002856 <tud_task_ext+0x2a>
10002ae6:	4646      	mov	r6, r8
10002ae8:	464f      	mov	r7, r9
10002aea:	4d1f      	ldr	r5, [pc, #124]	@ (10002b68 <tud_task_ext+0x33c>)
10002aec:	e7a5      	b.n	10002a3a <tud_task_ext+0x20e>
10002aee:	464e      	mov	r6, r9
10002af0:	465f      	mov	r7, fp
10002af2:	e7e4      	b.n	10002abe <tud_task_ext+0x292>
10002af4:	4d1d      	ldr	r5, [pc, #116]	@ (10002b6c <tud_task_ext+0x340>)
10002af6:	e6f8      	b.n	100028ea <tud_task_ext+0xbe>
10002af8:	2370      	movs	r3, #112	@ 0x70
10002afa:	7a21      	ldrb	r1, [r4, #8]
10002afc:	420b      	tst	r3, r1
10002afe:	d117      	bne.n	10002b30 <tud_task_ext+0x304>
10002b00:	09c8      	lsrs	r0, r1, #7
10002b02:	4682      	mov	sl, r0
10002b04:	330f      	adds	r3, #15
10002b06:	400b      	ands	r3, r1
10002b08:	005b      	lsls	r3, r3, #1
10002b0a:	4698      	mov	r8, r3
10002b0c:	4818      	ldr	r0, [pc, #96]	@ (10002b70 <tud_task_ext+0x344>)
10002b0e:	18eb      	adds	r3, r5, r3
10002b10:	4453      	add	r3, sl
10002b12:	7d1b      	ldrb	r3, [r3, #20]
10002b14:	7800      	ldrb	r0, [r0, #0]
10002b16:	4283      	cmp	r3, r0
10002b18:	d264      	bcs.n	10002be4 <tud_task_ext+0x3b8>
10002b1a:	4816      	ldr	r0, [pc, #88]	@ (10002b74 <tud_task_ext+0x348>)
10002b1c:	015b      	lsls	r3, r3, #5
10002b1e:	6800      	ldr	r0, [r0, #0]
10002b20:	4681      	mov	r9, r0
10002b22:	4499      	add	r9, r3
10002b24:	2a00      	cmp	r2, #0
10002b26:	d100      	bne.n	10002b2a <tud_task_ext+0x2fe>
10002b28:	e155      	b.n	10002dd6 <tud_task_ext+0x5aa>
10002b2a:	464b      	mov	r3, r9
10002b2c:	2b00      	cmp	r3, #0
10002b2e:	d161      	bne.n	10002bf4 <tud_task_ext+0x3c8>
10002b30:	7820      	ldrb	r0, [r4, #0]
10002b32:	2100      	movs	r1, #0
10002b34:	f7ff fd70 	bl	10002618 <dcd_edpt_stall>
10002b38:	2180      	movs	r1, #128	@ 0x80
10002b3a:	7820      	ldrb	r0, [r4, #0]
10002b3c:	f7ff fd6c 	bl	10002618 <dcd_edpt_stall>
10002b40:	e689      	b.n	10002856 <tud_task_ext+0x2a>
10002b42:	4810      	ldr	r0, [pc, #64]	@ (10002b84 <tud_task_ext+0x358>)
10002b44:	f000 fb84 	bl	10003250 <usbd_control_set_complete_callback>
10002b48:	2101      	movs	r1, #1
10002b4a:	4658      	mov	r0, fp
10002b4c:	aa0e      	add	r2, sp, #56	@ 0x38
10002b4e:	f7ff fc23 	bl	10002398 <tud_vendor_control_xfer_cb>
10002b52:	2800      	cmp	r0, #0
10002b54:	d000      	beq.n	10002b58 <tud_task_ext+0x32c>
10002b56:	e67e      	b.n	10002856 <tud_task_ext+0x2a>
10002b58:	e7ea      	b.n	10002b30 <tud_task_ext+0x304>
10002b5a:	46c0      	nop			@ (mov r8, r8)
10002b5c:	20001024 	.word	0x20001024
10002b60:	100043d0 	.word	0x100043d0
10002b64:	200015c0 	.word	0x200015c0
10002b68:	20001568 	.word	0x20001568
10002b6c:	10004478 	.word	0x10004478
10002b70:	20001c3d 	.word	0x20001c3d
10002b74:	20001480 	.word	0x20001480
10002b78:	20001c3f 	.word	0x20001c3f
10002b7c:	100043f4 	.word	0x100043f4
10002b80:	2000156c 	.word	0x2000156c
10002b84:	10002399 	.word	0x10002399
10002b88:	7a23      	ldrb	r3, [r4, #8]
10002b8a:	8922      	ldrh	r2, [r4, #8]
10002b8c:	2b0f      	cmp	r3, #15
10002b8e:	d8cf      	bhi.n	10002b30 <tud_task_ext+0x304>
10002b90:	23ff      	movs	r3, #255	@ 0xff
10002b92:	4013      	ands	r3, r2
10002b94:	4ad1      	ldr	r2, [pc, #836]	@ (10002edc <tud_task_ext+0x6b0>)
10002b96:	18eb      	adds	r3, r5, r3
10002b98:	791b      	ldrb	r3, [r3, #4]
10002b9a:	7812      	ldrb	r2, [r2, #0]
10002b9c:	4293      	cmp	r3, r2
10002b9e:	d334      	bcc.n	10002c0a <tud_task_ext+0x3de>
10002ba0:	d1c6      	bne.n	10002b30 <tud_task_ext+0x304>
10002ba2:	4dcf      	ldr	r5, [pc, #828]	@ (10002ee0 <tud_task_ext+0x6b4>)
10002ba4:	6968      	ldr	r0, [r5, #20]
10002ba6:	f000 fb53 	bl	10003250 <usbd_control_set_complete_callback>
10002baa:	2101      	movs	r1, #1
10002bac:	4658      	mov	r0, fp
10002bae:	696b      	ldr	r3, [r5, #20]
10002bb0:	aa0e      	add	r2, sp, #56	@ 0x38
10002bb2:	4798      	blx	r3
10002bb4:	2800      	cmp	r0, #0
10002bb6:	d000      	beq.n	10002bba <tud_task_ext+0x38e>
10002bb8:	e64d      	b.n	10002856 <tud_task_ext+0x2a>
10002bba:	2260      	movs	r2, #96	@ 0x60
10002bbc:	0015      	movs	r5, r2
10002bbe:	7923      	ldrb	r3, [r4, #4]
10002bc0:	401d      	ands	r5, r3
10002bc2:	421a      	tst	r2, r3
10002bc4:	d1b4      	bne.n	10002b30 <tud_task_ext+0x304>
10002bc6:	7963      	ldrb	r3, [r4, #5]
10002bc8:	3b0a      	subs	r3, #10
10002bca:	2b01      	cmp	r3, #1
10002bcc:	d8b0      	bhi.n	10002b30 <tud_task_ext+0x304>
10002bce:	f000 fb3f 	bl	10003250 <usbd_control_set_complete_callback>
10002bd2:	7963      	ldrb	r3, [r4, #5]
10002bd4:	2b0a      	cmp	r3, #10
10002bd6:	d100      	bne.n	10002bda <tud_task_ext+0x3ae>
10002bd8:	e18a      	b.n	10002ef0 <tud_task_ext+0x6c4>
10002bda:	4658      	mov	r0, fp
10002bdc:	a90e      	add	r1, sp, #56	@ 0x38
10002bde:	f000 fac7 	bl	10003170 <tud_control_status>
10002be2:	e638      	b.n	10002856 <tud_task_ext+0x2a>
10002be4:	4283      	cmp	r3, r0
10002be6:	d000      	beq.n	10002bea <tud_task_ext+0x3be>
10002be8:	e0f0      	b.n	10002dcc <tud_task_ext+0x5a0>
10002bea:	4bbd      	ldr	r3, [pc, #756]	@ (10002ee0 <tud_task_ext+0x6b4>)
10002bec:	4699      	mov	r9, r3
10002bee:	2a00      	cmp	r2, #0
10002bf0:	d100      	bne.n	10002bf4 <tud_task_ext+0x3c8>
10002bf2:	e0f0      	b.n	10002dd6 <tud_task_ext+0x5aa>
10002bf4:	464b      	mov	r3, r9
10002bf6:	6958      	ldr	r0, [r3, #20]
10002bf8:	f000 fb2a 	bl	10003250 <usbd_control_set_complete_callback>
10002bfc:	464b      	mov	r3, r9
10002bfe:	2101      	movs	r1, #1
10002c00:	4658      	mov	r0, fp
10002c02:	695b      	ldr	r3, [r3, #20]
10002c04:	aa0e      	add	r2, sp, #56	@ 0x38
10002c06:	4798      	blx	r3
10002c08:	e7a3      	b.n	10002b52 <tud_task_ext+0x326>
10002c0a:	4ab6      	ldr	r2, [pc, #728]	@ (10002ee4 <tud_task_ext+0x6b8>)
10002c0c:	015b      	lsls	r3, r3, #5
10002c0e:	6815      	ldr	r5, [r2, #0]
10002c10:	18ed      	adds	r5, r5, r3
10002c12:	2d00      	cmp	r5, #0
10002c14:	d1c6      	bne.n	10002ba4 <tud_task_ext+0x378>
10002c16:	e78b      	b.n	10002b30 <tud_task_ext+0x304>
10002c18:	79a3      	ldrb	r3, [r4, #6]
10002c1a:	4699      	mov	r9, r3
10002c1c:	786b      	ldrb	r3, [r5, #1]
10002c1e:	4599      	cmp	r9, r3
10002c20:	d0db      	beq.n	10002bda <tud_task_ext+0x3ae>
10002c22:	786b      	ldrb	r3, [r5, #1]
10002c24:	2b00      	cmp	r3, #0
10002c26:	d000      	beq.n	10002c2a <tud_task_ext+0x3fe>
10002c28:	e12c      	b.n	10002e84 <tud_task_ext+0x658>
10002c2a:	464b      	mov	r3, r9
10002c2c:	706b      	strb	r3, [r5, #1]
10002c2e:	2b00      	cmp	r3, #0
10002c30:	d100      	bne.n	10002c34 <tud_task_ext+0x408>
10002c32:	e124      	b.n	10002e7e <tud_task_ext+0x652>
10002c34:	4648      	mov	r0, r9
10002c36:	3801      	subs	r0, #1
10002c38:	b2c0      	uxtb	r0, r0
10002c3a:	f7ff fa09 	bl	10002050 <tud_descriptor_configuration_cb>
10002c3e:	2800      	cmp	r0, #0
10002c40:	d100      	bne.n	10002c44 <tud_task_ext+0x418>
10002c42:	e174      	b.n	10002f2e <tud_task_ext+0x702>
10002c44:	7843      	ldrb	r3, [r0, #1]
10002c46:	9307      	str	r3, [sp, #28]
10002c48:	2b02      	cmp	r3, #2
10002c4a:	d000      	beq.n	10002c4e <tud_task_ext+0x422>
10002c4c:	e16f      	b.n	10002f2e <tud_task_ext+0x702>
10002c4e:	2201      	movs	r2, #1
10002c50:	79c1      	ldrb	r1, [r0, #7]
10002c52:	46b1      	mov	r9, r6
10002c54:	118b      	asrs	r3, r1, #6
10002c56:	1149      	asrs	r1, r1, #5
10002c58:	4013      	ands	r3, r2
10002c5a:	400a      	ands	r2, r1
10002c5c:	2130      	movs	r1, #48	@ 0x30
10002c5e:	0112      	lsls	r2, r2, #4
10002c60:	015b      	lsls	r3, r3, #5
10002c62:	4313      	orrs	r3, r2
10002c64:	782a      	ldrb	r2, [r5, #0]
10002c66:	46a8      	mov	r8, r5
10002c68:	438a      	bics	r2, r1
10002c6a:	4313      	orrs	r3, r2
10002c6c:	702b      	strb	r3, [r5, #0]
10002c6e:	2309      	movs	r3, #9
10002c70:	469a      	mov	sl, r3
10002c72:	4482      	add	sl, r0
10002c74:	4656      	mov	r6, sl
10002c76:	46ba      	mov	sl, r7
10002c78:	78c3      	ldrb	r3, [r0, #3]
10002c7a:	7882      	ldrb	r2, [r0, #2]
10002c7c:	021b      	lsls	r3, r3, #8
10002c7e:	4313      	orrs	r3, r2
10002c80:	18c3      	adds	r3, r0, r3
10002c82:	9305      	str	r3, [sp, #20]
10002c84:	4b95      	ldr	r3, [pc, #596]	@ (10002edc <tud_task_ext+0x6b0>)
10002c86:	9304      	str	r3, [sp, #16]
10002c88:	4b95      	ldr	r3, [pc, #596]	@ (10002ee0 <tud_task_ext+0x6b4>)
10002c8a:	9308      	str	r3, [sp, #32]
10002c8c:	4b95      	ldr	r3, [pc, #596]	@ (10002ee4 <tud_task_ext+0x6b8>)
10002c8e:	9309      	str	r3, [sp, #36]	@ 0x24
10002c90:	4b95      	ldr	r3, [pc, #596]	@ (10002ee8 <tud_task_ext+0x6bc>)
10002c92:	930a      	str	r3, [sp, #40]	@ 0x28
10002c94:	9b05      	ldr	r3, [sp, #20]
10002c96:	42b3      	cmp	r3, r6
10002c98:	d800      	bhi.n	10002c9c <tud_task_ext+0x470>
10002c9a:	e14b      	b.n	10002f34 <tud_task_ext+0x708>
10002c9c:	7873      	ldrb	r3, [r6, #1]
10002c9e:	2201      	movs	r2, #1
10002ca0:	2b0b      	cmp	r3, #11
10002ca2:	d103      	bne.n	10002cac <tud_task_ext+0x480>
10002ca4:	7833      	ldrb	r3, [r6, #0]
10002ca6:	78f2      	ldrb	r2, [r6, #3]
10002ca8:	18f6      	adds	r6, r6, r3
10002caa:	7873      	ldrb	r3, [r6, #1]
10002cac:	2b04      	cmp	r3, #4
10002cae:	d000      	beq.n	10002cb2 <tud_task_ext+0x486>
10002cb0:	e13a      	b.n	10002f28 <tud_task_ext+0x6fc>
10002cb2:	9b05      	ldr	r3, [sp, #20]
10002cb4:	2700      	movs	r7, #0
10002cb6:	1b9b      	subs	r3, r3, r6
10002cb8:	b29b      	uxth	r3, r3
10002cba:	9306      	str	r3, [sp, #24]
10002cbc:	9b04      	ldr	r3, [sp, #16]
10002cbe:	920b      	str	r2, [sp, #44]	@ 0x2c
10002cc0:	781d      	ldrb	r5, [r3, #0]
10002cc2:	e019      	b.n	10002cf8 <tud_task_ext+0x4cc>
10002cc4:	9a09      	ldr	r2, [sp, #36]	@ 0x24
10002cc6:	017b      	lsls	r3, r7, #5
10002cc8:	6815      	ldr	r5, [r2, #0]
10002cca:	18ed      	adds	r5, r5, r3
10002ccc:	2d00      	cmp	r5, #0
10002cce:	d100      	bne.n	10002cd2 <tud_task_ext+0x4a6>
10002cd0:	e12a      	b.n	10002f28 <tud_task_ext+0x6fc>
10002cd2:	0031      	movs	r1, r6
10002cd4:	4658      	mov	r0, fp
10002cd6:	692b      	ldr	r3, [r5, #16]
10002cd8:	9a06      	ldr	r2, [sp, #24]
10002cda:	4798      	blx	r3
10002cdc:	4684      	mov	ip, r0
10002cde:	2808      	cmp	r0, #8
10002ce0:	d903      	bls.n	10002cea <tud_task_ext+0x4be>
10002ce2:	9a06      	ldr	r2, [sp, #24]
10002ce4:	4282      	cmp	r2, r0
10002ce6:	d300      	bcc.n	10002cea <tud_task_ext+0x4be>
10002ce8:	e10b      	b.n	10002f02 <tud_task_ext+0x6d6>
10002cea:	9b04      	ldr	r3, [sp, #16]
10002cec:	3701      	adds	r7, #1
10002cee:	781d      	ldrb	r5, [r3, #0]
10002cf0:	b2ff      	uxtb	r7, r7
10002cf2:	42bd      	cmp	r5, r7
10002cf4:	d200      	bcs.n	10002cf8 <tud_task_ext+0x4cc>
10002cf6:	e117      	b.n	10002f28 <tud_task_ext+0x6fc>
10002cf8:	42bd      	cmp	r5, r7
10002cfa:	d8e3      	bhi.n	10002cc4 <tud_task_ext+0x498>
10002cfc:	9b08      	ldr	r3, [sp, #32]
10002cfe:	1b7d      	subs	r5, r7, r5
10002d00:	016d      	lsls	r5, r5, #5
10002d02:	195d      	adds	r5, r3, r5
10002d04:	e7e5      	b.n	10002cd2 <tud_task_ext+0x4a6>
10002d06:	786b      	ldrb	r3, [r5, #1]
10002d08:	aa0c      	add	r2, sp, #48	@ 0x30
10002d0a:	3202      	adds	r2, #2
10002d0c:	7013      	strb	r3, [r2, #0]
10002d0e:	4658      	mov	r0, fp
10002d10:	2301      	movs	r3, #1
10002d12:	a90e      	add	r1, sp, #56	@ 0x38
10002d14:	f000 fa42 	bl	1000319c <tud_control_xfer>
10002d18:	e59d      	b.n	10002856 <tud_task_ext+0x2a>
10002d1a:	88e0      	ldrh	r0, [r4, #6]
10002d1c:	0a03      	lsrs	r3, r0, #8
10002d1e:	b2c0      	uxtb	r0, r0
10002d20:	2b0f      	cmp	r3, #15
10002d22:	d900      	bls.n	10002d26 <tud_task_ext+0x4fa>
10002d24:	e704      	b.n	10002b30 <tud_task_ext+0x304>
10002d26:	4971      	ldr	r1, [pc, #452]	@ (10002eec <tud_task_ext+0x6c0>)
10002d28:	009a      	lsls	r2, r3, #2
10002d2a:	588a      	ldr	r2, [r1, r2]
10002d2c:	4697      	mov	pc, r2
10002d2e:	a80e      	add	r0, sp, #56	@ 0x38
10002d30:	f000 fa94 	bl	1000325c <usbd_control_set_request>
10002d34:	4658      	mov	r0, fp
10002d36:	79a1      	ldrb	r1, [r4, #6]
10002d38:	f7ff fbb4 	bl	100024a4 <dcd_set_address>
10002d3c:	2202      	movs	r2, #2
10002d3e:	782b      	ldrb	r3, [r5, #0]
10002d40:	4313      	orrs	r3, r2
10002d42:	702b      	strb	r3, [r5, #0]
10002d44:	e587      	b.n	10002856 <tud_task_ext+0x2a>
10002d46:	88e3      	ldrh	r3, [r4, #6]
10002d48:	2b01      	cmp	r3, #1
10002d4a:	d000      	beq.n	10002d4e <tud_task_ext+0x522>
10002d4c:	e6f0      	b.n	10002b30 <tud_task_ext+0x304>
10002d4e:	2208      	movs	r2, #8
10002d50:	782b      	ldrb	r3, [r5, #0]
10002d52:	4658      	mov	r0, fp
10002d54:	4393      	bics	r3, r2
10002d56:	a90e      	add	r1, sp, #56	@ 0x38
10002d58:	702b      	strb	r3, [r5, #0]
10002d5a:	f000 fa09 	bl	10003170 <tud_control_status>
10002d5e:	e57a      	b.n	10002856 <tud_task_ext+0x2a>
10002d60:	2002      	movs	r0, #2
10002d62:	7829      	ldrb	r1, [r5, #0]
10002d64:	ab0c      	add	r3, sp, #48	@ 0x30
10002d66:	1c9a      	adds	r2, r3, #2
10002d68:	068b      	lsls	r3, r1, #26
10002d6a:	0889      	lsrs	r1, r1, #2
10002d6c:	0fdb      	lsrs	r3, r3, #31
10002d6e:	4001      	ands	r1, r0
10002d70:	430b      	orrs	r3, r1
10002d72:	8013      	strh	r3, [r2, #0]
10002d74:	4658      	mov	r0, fp
10002d76:	2302      	movs	r3, #2
10002d78:	a90e      	add	r1, sp, #56	@ 0x38
10002d7a:	f000 fa0f 	bl	1000319c <tud_control_xfer>
10002d7e:	e56a      	b.n	10002856 <tud_task_ext+0x2a>
10002d80:	88e3      	ldrh	r3, [r4, #6]
10002d82:	2b01      	cmp	r3, #1
10002d84:	d000      	beq.n	10002d88 <tud_task_ext+0x55c>
10002d86:	e6d3      	b.n	10002b30 <tud_task_ext+0x304>
10002d88:	2208      	movs	r2, #8
10002d8a:	782b      	ldrb	r3, [r5, #0]
10002d8c:	4313      	orrs	r3, r2
10002d8e:	702b      	strb	r3, [r5, #0]
10002d90:	e723      	b.n	10002bda <tud_task_ext+0x3ae>
10002d92:	7a23      	ldrb	r3, [r4, #8]
10002d94:	8922      	ldrh	r2, [r4, #8]
10002d96:	2b0f      	cmp	r3, #15
10002d98:	d900      	bls.n	10002d9c <tud_task_ext+0x570>
10002d9a:	e6c9      	b.n	10002b30 <tud_task_ext+0x304>
10002d9c:	23ff      	movs	r3, #255	@ 0xff
10002d9e:	4013      	ands	r3, r2
10002da0:	4a4e      	ldr	r2, [pc, #312]	@ (10002edc <tud_task_ext+0x6b0>)
10002da2:	18eb      	adds	r3, r5, r3
10002da4:	791b      	ldrb	r3, [r3, #4]
10002da6:	7812      	ldrb	r2, [r2, #0]
10002da8:	4293      	cmp	r3, r2
10002daa:	d228      	bcs.n	10002dfe <tud_task_ext+0x5d2>
10002dac:	4a4d      	ldr	r2, [pc, #308]	@ (10002ee4 <tud_task_ext+0x6b8>)
10002dae:	015b      	lsls	r3, r3, #5
10002db0:	6815      	ldr	r5, [r2, #0]
10002db2:	18ed      	adds	r5, r5, r3
10002db4:	2d00      	cmp	r5, #0
10002db6:	d100      	bne.n	10002dba <tud_task_ext+0x58e>
10002db8:	e6ba      	b.n	10002b30 <tud_task_ext+0x304>
10002dba:	6968      	ldr	r0, [r5, #20]
10002dbc:	f000 fa48 	bl	10003250 <usbd_control_set_complete_callback>
10002dc0:	2101      	movs	r1, #1
10002dc2:	4658      	mov	r0, fp
10002dc4:	696b      	ldr	r3, [r5, #20]
10002dc6:	aa0e      	add	r2, sp, #56	@ 0x38
10002dc8:	4798      	blx	r3
10002dca:	e6c2      	b.n	10002b52 <tud_task_ext+0x326>
10002dcc:	2a00      	cmp	r2, #0
10002dce:	d000      	beq.n	10002dd2 <tud_task_ext+0x5a6>
10002dd0:	e6ae      	b.n	10002b30 <tud_task_ext+0x304>
10002dd2:	2300      	movs	r3, #0
10002dd4:	4699      	mov	r9, r3
10002dd6:	7962      	ldrb	r2, [r4, #5]
10002dd8:	2002      	movs	r0, #2
10002dda:	0013      	movs	r3, r2
10002ddc:	9204      	str	r2, [sp, #16]
10002dde:	4383      	bics	r3, r0
10002de0:	2b01      	cmp	r3, #1
10002de2:	d011      	beq.n	10002e08 <tud_task_ext+0x5dc>
10002de4:	2a00      	cmp	r2, #0
10002de6:	d000      	beq.n	10002dea <tud_task_ext+0x5be>
10002de8:	e6a2      	b.n	10002b30 <tud_task_ext+0x304>
10002dea:	002b      	movs	r3, r5
10002dec:	4443      	add	r3, r8
10002dee:	4453      	add	r3, sl
10002df0:	3330      	adds	r3, #48	@ 0x30
10002df2:	791b      	ldrb	r3, [r3, #4]
10002df4:	aa0c      	add	r2, sp, #48	@ 0x30
10002df6:	079b      	lsls	r3, r3, #30
10002df8:	0fdb      	lsrs	r3, r3, #31
10002dfa:	3202      	adds	r2, #2
10002dfc:	e7b9      	b.n	10002d72 <tud_task_ext+0x546>
10002dfe:	4293      	cmp	r3, r2
10002e00:	d000      	beq.n	10002e04 <tud_task_ext+0x5d8>
10002e02:	e695      	b.n	10002b30 <tud_task_ext+0x304>
10002e04:	4d36      	ldr	r5, [pc, #216]	@ (10002ee0 <tud_task_ext+0x6b4>)
10002e06:	e7d8      	b.n	10002dba <tud_task_ext+0x58e>
10002e08:	88e3      	ldrh	r3, [r4, #6]
10002e0a:	2b00      	cmp	r3, #0
10002e0c:	d112      	bne.n	10002e34 <tud_task_ext+0x608>
10002e0e:	9b03      	ldr	r3, [sp, #12]
10002e10:	7818      	ldrb	r0, [r3, #0]
10002e12:	9b04      	ldr	r3, [sp, #16]
10002e14:	2b01      	cmp	r3, #1
10002e16:	d023      	beq.n	10002e60 <tud_task_ext+0x634>
10002e18:	f7ff fbfe 	bl	10002618 <dcd_edpt_stall>
10002e1c:	4643      	mov	r3, r8
10002e1e:	2102      	movs	r1, #2
10002e20:	18eb      	adds	r3, r5, r3
10002e22:	4453      	add	r3, sl
10002e24:	3330      	adds	r3, #48	@ 0x30
10002e26:	791a      	ldrb	r2, [r3, #4]
10002e28:	430a      	orrs	r2, r1
10002e2a:	2101      	movs	r1, #1
10002e2c:	711a      	strb	r2, [r3, #4]
10002e2e:	791a      	ldrb	r2, [r3, #4]
10002e30:	430a      	orrs	r2, r1
10002e32:	711a      	strb	r2, [r3, #4]
10002e34:	464b      	mov	r3, r9
10002e36:	2b00      	cmp	r3, #0
10002e38:	d100      	bne.n	10002e3c <tud_task_ext+0x610>
10002e3a:	e50c      	b.n	10002856 <tud_task_ext+0x2a>
10002e3c:	6958      	ldr	r0, [r3, #20]
10002e3e:	f000 fa07 	bl	10003250 <usbd_control_set_complete_callback>
10002e42:	464b      	mov	r3, r9
10002e44:	2101      	movs	r1, #1
10002e46:	695b      	ldr	r3, [r3, #20]
10002e48:	aa0e      	add	r2, sp, #56	@ 0x38
10002e4a:	4658      	mov	r0, fp
10002e4c:	4798      	blx	r3
10002e4e:	2000      	movs	r0, #0
10002e50:	f000 f9fe 	bl	10003250 <usbd_control_set_complete_callback>
10002e54:	2335      	movs	r3, #53	@ 0x35
10002e56:	5ceb      	ldrb	r3, [r5, r3]
10002e58:	07db      	lsls	r3, r3, #31
10002e5a:	d500      	bpl.n	10002e5e <tud_task_ext+0x632>
10002e5c:	e4fb      	b.n	10002856 <tud_task_ext+0x2a>
10002e5e:	e6bc      	b.n	10002bda <tud_task_ext+0x3ae>
10002e60:	f7ff fbf8 	bl	10002654 <dcd_edpt_clear_stall>
10002e64:	4643      	mov	r3, r8
10002e66:	2102      	movs	r1, #2
10002e68:	18eb      	adds	r3, r5, r3
10002e6a:	4453      	add	r3, sl
10002e6c:	3330      	adds	r3, #48	@ 0x30
10002e6e:	791a      	ldrb	r2, [r3, #4]
10002e70:	438a      	bics	r2, r1
10002e72:	711a      	strb	r2, [r3, #4]
10002e74:	791a      	ldrb	r2, [r3, #4]
10002e76:	9904      	ldr	r1, [sp, #16]
10002e78:	438a      	bics	r2, r1
10002e7a:	711a      	strb	r2, [r3, #4]
10002e7c:	e7da      	b.n	10002e34 <tud_task_ext+0x608>
10002e7e:	f7ff fc4b 	bl	10002718 <tud_umount_cb>
10002e82:	e6aa      	b.n	10002bda <tud_task_ext+0x3ae>
10002e84:	2100      	movs	r1, #0
10002e86:	4658      	mov	r0, fp
10002e88:	f7ff fb16 	bl	100024b8 <dcd_sof_enable>
10002e8c:	4658      	mov	r0, fp
10002e8e:	f7ff fbad 	bl	100025ec <dcd_edpt_close_all>
10002e92:	2200      	movs	r2, #0
10002e94:	4692      	mov	sl, r2
10002e96:	4a12      	ldr	r2, [pc, #72]	@ (10002ee0 <tud_task_ext+0x6b4>)
10002e98:	78ab      	ldrb	r3, [r5, #2]
10002e9a:	9205      	str	r2, [sp, #20]
10002e9c:	4a11      	ldr	r2, [pc, #68]	@ (10002ee4 <tud_task_ext+0x6b8>)
10002e9e:	9304      	str	r3, [sp, #16]
10002ea0:	9206      	str	r2, [sp, #24]
10002ea2:	002a      	movs	r2, r5
10002ea4:	4b0d      	ldr	r3, [pc, #52]	@ (10002edc <tud_task_ext+0x6b0>)
10002ea6:	4655      	mov	r5, sl
10002ea8:	4698      	mov	r8, r3
10002eaa:	4692      	mov	sl, r2
10002eac:	781b      	ldrb	r3, [r3, #0]
10002eae:	e00e      	b.n	10002ece <tud_task_ext+0x6a2>
10002eb0:	9b06      	ldr	r3, [sp, #24]
10002eb2:	016a      	lsls	r2, r5, #5
10002eb4:	681b      	ldr	r3, [r3, #0]
10002eb6:	189b      	adds	r3, r3, r2
10002eb8:	2b00      	cmp	r3, #0
10002eba:	d054      	beq.n	10002f66 <tud_task_ext+0x73a>
10002ebc:	68db      	ldr	r3, [r3, #12]
10002ebe:	4658      	mov	r0, fp
10002ec0:	4798      	blx	r3
10002ec2:	4643      	mov	r3, r8
10002ec4:	3501      	adds	r5, #1
10002ec6:	781b      	ldrb	r3, [r3, #0]
10002ec8:	b2ed      	uxtb	r5, r5
10002eca:	42ab      	cmp	r3, r5
10002ecc:	d337      	bcc.n	10002f3e <tud_task_ext+0x712>
10002ece:	42ab      	cmp	r3, r5
10002ed0:	d8ee      	bhi.n	10002eb0 <tud_task_ext+0x684>
10002ed2:	9a05      	ldr	r2, [sp, #20]
10002ed4:	1aeb      	subs	r3, r5, r3
10002ed6:	015b      	lsls	r3, r3, #5
10002ed8:	18d3      	adds	r3, r2, r3
10002eda:	e7ef      	b.n	10002ebc <tud_task_ext+0x690>
10002edc:	20001c3d 	.word	0x20001c3d
10002ee0:	10004478 	.word	0x10004478
10002ee4:	20001480 	.word	0x20001480
10002ee8:	2000157c 	.word	0x2000157c
10002eec:	1000441c 	.word	0x1000441c
10002ef0:	ab0c      	add	r3, sp, #48	@ 0x30
10002ef2:	1c9a      	adds	r2, r3, #2
10002ef4:	4658      	mov	r0, fp
10002ef6:	2301      	movs	r3, #1
10002ef8:	a90e      	add	r1, sp, #56	@ 0x38
10002efa:	7015      	strb	r5, [r2, #0]
10002efc:	f000 f94e 	bl	1000319c <tud_control_xfer>
10002f00:	e4a9      	b.n	10002856 <tud_task_ext+0x2a>
10002f02:	9a0b      	ldr	r2, [sp, #44]	@ 0x2c
10002f04:	2a01      	cmp	r2, #1
10002f06:	d04c      	beq.n	10002fa2 <tud_task_ext+0x776>
10002f08:	2a00      	cmp	r2, #0
10002f0a:	d03c      	beq.n	10002f86 <tud_task_ext+0x75a>
10002f0c:	2300      	movs	r3, #0
10002f0e:	78b0      	ldrb	r0, [r6, #2]
10002f10:	e004      	b.n	10002f1c <tud_task_ext+0x6f0>
10002f12:	3301      	adds	r3, #1
10002f14:	b2db      	uxtb	r3, r3
10002f16:	710f      	strb	r7, [r1, #4]
10002f18:	4293      	cmp	r3, r2
10002f1a:	d234      	bcs.n	10002f86 <tud_task_ext+0x75a>
10002f1c:	18c1      	adds	r1, r0, r3
10002f1e:	b2c9      	uxtb	r1, r1
10002f20:	4441      	add	r1, r8
10002f22:	790d      	ldrb	r5, [r1, #4]
10002f24:	2dff      	cmp	r5, #255	@ 0xff
10002f26:	d0f4      	beq.n	10002f12 <tud_task_ext+0x6e6>
10002f28:	464e      	mov	r6, r9
10002f2a:	4645      	mov	r5, r8
10002f2c:	4657      	mov	r7, sl
10002f2e:	2300      	movs	r3, #0
10002f30:	706b      	strb	r3, [r5, #1]
10002f32:	e5fd      	b.n	10002b30 <tud_task_ext+0x304>
10002f34:	464e      	mov	r6, r9
10002f36:	4657      	mov	r7, sl
10002f38:	f7ff fbec 	bl	10002714 <tud_mount_cb>
10002f3c:	e64d      	b.n	10002bda <tud_task_ext+0x3ae>
10002f3e:	4655      	mov	r5, sl
10002f40:	2254      	movs	r2, #84	@ 0x54
10002f42:	2100      	movs	r1, #0
10002f44:	0028      	movs	r0, r5
10002f46:	f7fe fce7 	bl	10001918 <__wrap_memset>
10002f4a:	2210      	movs	r2, #16
10002f4c:	21ff      	movs	r1, #255	@ 0xff
10002f4e:	1d28      	adds	r0, r5, #4
10002f50:	f7fe fce2 	bl	10001918 <__wrap_memset>
10002f54:	0028      	movs	r0, r5
10002f56:	2220      	movs	r2, #32
10002f58:	21ff      	movs	r1, #255	@ 0xff
10002f5a:	3014      	adds	r0, #20
10002f5c:	f7fe fcdc 	bl	10001918 <__wrap_memset>
10002f60:	9b04      	ldr	r3, [sp, #16]
10002f62:	70ab      	strb	r3, [r5, #2]
10002f64:	e661      	b.n	10002c2a <tud_task_ext+0x3fe>
10002f66:	4655      	mov	r5, sl
10002f68:	e7fa      	b.n	10002f60 <tud_task_ext+0x734>
10002f6a:	f7ff fa11 	bl	10002390 <tud_descriptor_bos_cb>
10002f6e:	1e02      	subs	r2, r0, #0
10002f70:	d100      	bne.n	10002f74 <tud_task_ext+0x748>
10002f72:	e5dd      	b.n	10002b30 <tud_task_ext+0x304>
10002f74:	78d3      	ldrb	r3, [r2, #3]
10002f76:	7891      	ldrb	r1, [r2, #2]
10002f78:	021b      	lsls	r3, r3, #8
10002f7a:	430b      	orrs	r3, r1
10002f7c:	4658      	mov	r0, fp
10002f7e:	a90e      	add	r1, sp, #56	@ 0x38
10002f80:	f000 f90c 	bl	1000319c <tud_control_xfer>
10002f84:	e5e5      	b.n	10002b52 <tud_task_ext+0x326>
10002f86:	4665      	mov	r5, ip
10002f88:	003b      	movs	r3, r7
10002f8a:	0031      	movs	r1, r6
10002f8c:	002a      	movs	r2, r5
10002f8e:	980a      	ldr	r0, [sp, #40]	@ 0x28
10002f90:	f000 fd46 	bl	10003a20 <tu_edpt_bind_driver>
10002f94:	9b04      	ldr	r3, [sp, #16]
10002f96:	1976      	adds	r6, r6, r5
10002f98:	781b      	ldrb	r3, [r3, #0]
10002f9a:	42bb      	cmp	r3, r7
10002f9c:	d300      	bcc.n	10002fa0 <tud_task_ext+0x774>
10002f9e:	e679      	b.n	10002c94 <tud_task_ext+0x468>
10002fa0:	e7c2      	b.n	10002f28 <tud_task_ext+0x6fc>
10002fa2:	4b17      	ldr	r3, [pc, #92]	@ (10003000 <tud_task_ext+0x7d4>)
10002fa4:	6929      	ldr	r1, [r5, #16]
10002fa6:	4299      	cmp	r1, r3
10002fa8:	d1b0      	bne.n	10002f0c <tud_task_ext+0x6e0>
10002faa:	9a07      	ldr	r2, [sp, #28]
10002fac:	e7ae      	b.n	10002f0c <tud_task_ext+0x6e0>
10002fae:	f7ff fbad 	bl	1000270c <tud_descriptor_device_qualifier_cb>
10002fb2:	1e02      	subs	r2, r0, #0
10002fb4:	d100      	bne.n	10002fb8 <tud_task_ext+0x78c>
10002fb6:	e5bb      	b.n	10002b30 <tud_task_ext+0x304>
10002fb8:	4658      	mov	r0, fp
10002fba:	7813      	ldrb	r3, [r2, #0]
10002fbc:	a90e      	add	r1, sp, #56	@ 0x38
10002fbe:	f000 f8ed 	bl	1000319c <tud_control_xfer>
10002fc2:	e5c6      	b.n	10002b52 <tud_task_ext+0x326>
10002fc4:	8921      	ldrh	r1, [r4, #8]
10002fc6:	f7ff f847 	bl	10002058 <tud_descriptor_string_cb>
10002fca:	1e02      	subs	r2, r0, #0
10002fcc:	d1f4      	bne.n	10002fb8 <tud_task_ext+0x78c>
10002fce:	e5af      	b.n	10002b30 <tud_task_ext+0x304>
10002fd0:	2b02      	cmp	r3, #2
10002fd2:	d00f      	beq.n	10002ff4 <tud_task_ext+0x7c8>
10002fd4:	f7ff fb9c 	bl	10002710 <tud_descriptor_other_speed_configuration_cb>
10002fd8:	1e02      	subs	r2, r0, #0
10002fda:	d1cb      	bne.n	10002f74 <tud_task_ext+0x748>
10002fdc:	e5a8      	b.n	10002b30 <tud_task_ext+0x304>
10002fde:	f7ff f833 	bl	10002048 <tud_descriptor_device_cb>
10002fe2:	1e02      	subs	r2, r0, #0
10002fe4:	d100      	bne.n	10002fe8 <tud_task_ext+0x7bc>
10002fe6:	e5a3      	b.n	10002b30 <tud_task_ext+0x304>
10002fe8:	2312      	movs	r3, #18
10002fea:	4658      	mov	r0, fp
10002fec:	a90e      	add	r1, sp, #56	@ 0x38
10002fee:	f000 f8d5 	bl	1000319c <tud_control_xfer>
10002ff2:	e5ae      	b.n	10002b52 <tud_task_ext+0x326>
10002ff4:	f7ff f82c 	bl	10002050 <tud_descriptor_configuration_cb>
10002ff8:	1e02      	subs	r2, r0, #0
10002ffa:	d1bb      	bne.n	10002f74 <tud_task_ext+0x748>
10002ffc:	e598      	b.n	10002b30 <tud_task_ext+0x304>
10002ffe:	46c0      	nop			@ (mov r8, r8)
10003000:	10003649 	.word	0x10003649

10003004 <usbd_open_edpt_pair>:
10003004:	b5f0      	push	{r4, r5, r6, r7, lr}
10003006:	464f      	mov	r7, r9
10003008:	4646      	mov	r6, r8
1000300a:	46d6      	mov	lr, sl
1000300c:	b5c0      	push	{r6, r7, lr}
1000300e:	000c      	movs	r4, r1
10003010:	0016      	movs	r6, r2
10003012:	001f      	movs	r7, r3
10003014:	b082      	sub	sp, #8
10003016:	2a00      	cmp	r2, #0
10003018:	d03a      	beq.n	10003090 <usbd_open_edpt_pair+0x8c>
1000301a:	2370      	movs	r3, #112	@ 0x70
1000301c:	4698      	mov	r8, r3
1000301e:	4b1d      	ldr	r3, [pc, #116]	@ (10003094 <usbd_open_edpt_pair+0x90>)
10003020:	2500      	movs	r5, #0
10003022:	4699      	mov	r9, r3
10003024:	4b1c      	ldr	r3, [pc, #112]	@ (10003098 <usbd_open_edpt_pair+0x94>)
10003026:	469a      	mov	sl, r3
10003028:	e01a      	b.n	10003060 <usbd_open_edpt_pair+0x5c>
1000302a:	464b      	mov	r3, r9
1000302c:	781b      	ldrb	r3, [r3, #0]
1000302e:	0020      	movs	r0, r4
10003030:	9301      	str	r3, [sp, #4]
10003032:	4653      	mov	r3, sl
10003034:	7899      	ldrb	r1, [r3, #2]
10003036:	f000 fcb9 	bl	100039ac <tu_edpt_validate>
1000303a:	2800      	cmp	r0, #0
1000303c:	d01c      	beq.n	10003078 <usbd_open_edpt_pair+0x74>
1000303e:	0021      	movs	r1, r4
10003040:	9801      	ldr	r0, [sp, #4]
10003042:	f7ff fa55 	bl	100024f0 <dcd_edpt_open>
10003046:	2800      	cmp	r0, #0
10003048:	d016      	beq.n	10003078 <usbd_open_edpt_pair+0x74>
1000304a:	78a3      	ldrb	r3, [r4, #2]
1000304c:	09da      	lsrs	r2, r3, #7
1000304e:	2a01      	cmp	r2, #1
10003050:	d019      	beq.n	10003086 <usbd_open_edpt_pair+0x82>
10003052:	9a0a      	ldr	r2, [sp, #40]	@ 0x28
10003054:	3501      	adds	r5, #1
10003056:	7013      	strb	r3, [r2, #0]
10003058:	42b5      	cmp	r5, r6
1000305a:	da19      	bge.n	10003090 <usbd_open_edpt_pair+0x8c>
1000305c:	7823      	ldrb	r3, [r4, #0]
1000305e:	18e4      	adds	r4, r4, r3
10003060:	7863      	ldrb	r3, [r4, #1]
10003062:	2b05      	cmp	r3, #5
10003064:	d108      	bne.n	10003078 <usbd_open_edpt_pair+0x74>
10003066:	78e3      	ldrb	r3, [r4, #3]
10003068:	079b      	lsls	r3, r3, #30
1000306a:	0f9b      	lsrs	r3, r3, #30
1000306c:	42bb      	cmp	r3, r7
1000306e:	d103      	bne.n	10003078 <usbd_open_edpt_pair+0x74>
10003070:	4642      	mov	r2, r8
10003072:	78a3      	ldrb	r3, [r4, #2]
10003074:	421a      	tst	r2, r3
10003076:	d0d8      	beq.n	1000302a <usbd_open_edpt_pair+0x26>
10003078:	2000      	movs	r0, #0
1000307a:	b002      	add	sp, #8
1000307c:	bce0      	pop	{r5, r6, r7}
1000307e:	46ba      	mov	sl, r7
10003080:	46b1      	mov	r9, r6
10003082:	46a8      	mov	r8, r5
10003084:	bdf0      	pop	{r4, r5, r6, r7, pc}
10003086:	9a0b      	ldr	r2, [sp, #44]	@ 0x2c
10003088:	3501      	adds	r5, #1
1000308a:	7013      	strb	r3, [r2, #0]
1000308c:	42b5      	cmp	r5, r6
1000308e:	dbe5      	blt.n	1000305c <usbd_open_edpt_pair+0x58>
10003090:	2001      	movs	r0, #1
10003092:	e7f2      	b.n	1000307a <usbd_open_edpt_pair+0x76>
10003094:	20001024 	.word	0x20001024
10003098:	20001568 	.word	0x20001568

1000309c <usbd_edpt_open>:
1000309c:	2270      	movs	r2, #112	@ 0x70
1000309e:	b570      	push	{r4, r5, r6, lr}
100030a0:	788b      	ldrb	r3, [r1, #2]
100030a2:	000c      	movs	r4, r1
100030a4:	421a      	tst	r2, r3
100030a6:	d001      	beq.n	100030ac <usbd_edpt_open+0x10>
100030a8:	2000      	movs	r0, #0
100030aa:	bd70      	pop	{r4, r5, r6, pc}
100030ac:	4b06      	ldr	r3, [pc, #24]	@ (100030c8 <usbd_edpt_open+0x2c>)
100030ae:	0020      	movs	r0, r4
100030b0:	781d      	ldrb	r5, [r3, #0]
100030b2:	4b06      	ldr	r3, [pc, #24]	@ (100030cc <usbd_edpt_open+0x30>)
100030b4:	7899      	ldrb	r1, [r3, #2]
100030b6:	f000 fc79 	bl	100039ac <tu_edpt_validate>
100030ba:	2800      	cmp	r0, #0
100030bc:	d0f4      	beq.n	100030a8 <usbd_edpt_open+0xc>
100030be:	0021      	movs	r1, r4
100030c0:	0028      	movs	r0, r5
100030c2:	f7ff fa15 	bl	100024f0 <dcd_edpt_open>
100030c6:	e7f0      	b.n	100030aa <usbd_edpt_open+0xe>
100030c8:	20001024 	.word	0x20001024
100030cc:	20001568 	.word	0x20001568

100030d0 <usbd_edpt_claim>:
100030d0:	207f      	movs	r0, #127	@ 0x7f
100030d2:	4b07      	ldr	r3, [pc, #28]	@ (100030f0 <usbd_edpt_claim+0x20>)
100030d4:	b510      	push	{r4, lr}
100030d6:	681a      	ldr	r2, [r3, #0]
100030d8:	4008      	ands	r0, r1
100030da:	09cb      	lsrs	r3, r1, #7
100030dc:	3334      	adds	r3, #52	@ 0x34
100030de:	0040      	lsls	r0, r0, #1
100030e0:	18c0      	adds	r0, r0, r3
100030e2:	4b04      	ldr	r3, [pc, #16]	@ (100030f4 <usbd_edpt_claim+0x24>)
100030e4:	0011      	movs	r1, r2
100030e6:	18c0      	adds	r0, r0, r3
100030e8:	f000 fc1c 	bl	10003924 <tu_edpt_claim>
100030ec:	bd10      	pop	{r4, pc}
100030ee:	46c0      	nop			@ (mov r8, r8)
100030f0:	200015bc 	.word	0x200015bc
100030f4:	20001568 	.word	0x20001568

100030f8 <usbd_edpt_release>:
100030f8:	207f      	movs	r0, #127	@ 0x7f
100030fa:	4b07      	ldr	r3, [pc, #28]	@ (10003118 <usbd_edpt_release+0x20>)
100030fc:	b510      	push	{r4, lr}
100030fe:	681a      	ldr	r2, [r3, #0]
10003100:	4008      	ands	r0, r1
10003102:	09cb      	lsrs	r3, r1, #7
10003104:	3334      	adds	r3, #52	@ 0x34
10003106:	0040      	lsls	r0, r0, #1
10003108:	18c0      	adds	r0, r0, r3
1000310a:	4b04      	ldr	r3, [pc, #16]	@ (1000311c <usbd_edpt_release+0x24>)
1000310c:	0011      	movs	r1, r2
1000310e:	18c0      	adds	r0, r0, r3
10003110:	f000 fc30 	bl	10003974 <tu_edpt_release>
10003114:	bd10      	pop	{r4, pc}
10003116:	46c0      	nop			@ (mov r8, r8)
10003118:	200015bc 	.word	0x200015bc
1000311c:	20001568 	.word	0x20001568

10003120 <usbd_edpt_xfer>:
10003120:	b570      	push	{r4, r5, r6, lr}
10003122:	247f      	movs	r4, #127	@ 0x7f
10003124:	09c8      	lsrs	r0, r1, #7
10003126:	4684      	mov	ip, r0
10003128:	400c      	ands	r4, r1
1000312a:	480f      	ldr	r0, [pc, #60]	@ (10003168 <usbd_edpt_xfer+0x48>)
1000312c:	0064      	lsls	r4, r4, #1
1000312e:	1904      	adds	r4, r0, r4
10003130:	4464      	add	r4, ip
10003132:	3430      	adds	r4, #48	@ 0x30
10003134:	7920      	ldrb	r0, [r4, #4]
10003136:	07c0      	lsls	r0, r0, #31
10003138:	d501      	bpl.n	1000313e <usbd_edpt_xfer+0x1e>
1000313a:	2000      	movs	r0, #0
1000313c:	bd70      	pop	{r4, r5, r6, pc}
1000313e:	480b      	ldr	r0, [pc, #44]	@ (1000316c <usbd_edpt_xfer+0x4c>)
10003140:	2501      	movs	r5, #1
10003142:	7800      	ldrb	r0, [r0, #0]
10003144:	4684      	mov	ip, r0
10003146:	7920      	ldrb	r0, [r4, #4]
10003148:	4328      	orrs	r0, r5
1000314a:	7120      	strb	r0, [r4, #4]
1000314c:	4660      	mov	r0, ip
1000314e:	f7ff fa51 	bl	100025f4 <dcd_edpt_xfer>
10003152:	2800      	cmp	r0, #0
10003154:	d1f2      	bne.n	1000313c <usbd_edpt_xfer+0x1c>
10003156:	2201      	movs	r2, #1
10003158:	7923      	ldrb	r3, [r4, #4]
1000315a:	4393      	bics	r3, r2
1000315c:	7123      	strb	r3, [r4, #4]
1000315e:	7923      	ldrb	r3, [r4, #4]
10003160:	3203      	adds	r2, #3
10003162:	4393      	bics	r3, r2
10003164:	7123      	strb	r3, [r4, #4]
10003166:	e7e8      	b.n	1000313a <usbd_edpt_xfer+0x1a>
10003168:	20001568 	.word	0x20001568
1000316c:	20001024 	.word	0x20001024

10003170 <tud_control_status>:
10003170:	b570      	push	{r4, r5, r6, lr}
10003172:	4c09      	ldr	r4, [pc, #36]	@ (10003198 <tud_control_status+0x28>)
10003174:	0006      	movs	r6, r0
10003176:	2208      	movs	r2, #8
10003178:	0020      	movs	r0, r4
1000317a:	000d      	movs	r5, r1
1000317c:	f7fe fbd2 	bl	10001924 <__wrap___aeabi_memcpy>
10003180:	2300      	movs	r3, #0
10003182:	2180      	movs	r1, #128	@ 0x80
10003184:	60e3      	str	r3, [r4, #12]
10003186:	60a3      	str	r3, [r4, #8]
10003188:	782b      	ldrb	r3, [r5, #0]
1000318a:	0030      	movs	r0, r6
1000318c:	4399      	bics	r1, r3
1000318e:	2200      	movs	r2, #0
10003190:	2300      	movs	r3, #0
10003192:	f7ff ffc5 	bl	10003120 <usbd_edpt_xfer>
10003196:	bd70      	pop	{r4, r5, r6, pc}
10003198:	20001548 	.word	0x20001548

1000319c <tud_control_xfer>:
1000319c:	b5f0      	push	{r4, r5, r6, r7, lr}
1000319e:	46c6      	mov	lr, r8
100031a0:	4c24      	ldr	r4, [pc, #144]	@ (10003234 <tud_control_xfer+0x98>)
100031a2:	0017      	movs	r7, r2
100031a4:	4680      	mov	r8, r0
100031a6:	2208      	movs	r2, #8
100031a8:	0020      	movs	r0, r4
100031aa:	b500      	push	{lr}
100031ac:	000d      	movs	r5, r1
100031ae:	001e      	movs	r6, r3
100031b0:	f7fe fbb8 	bl	10001924 <__wrap___aeabi_memcpy>
100031b4:	2300      	movs	r3, #0
100031b6:	60a7      	str	r7, [r4, #8]
100031b8:	81e3      	strh	r3, [r4, #14]
100031ba:	79eb      	ldrb	r3, [r5, #7]
100031bc:	79aa      	ldrb	r2, [r5, #6]
100031be:	021b      	lsls	r3, r3, #8
100031c0:	4313      	orrs	r3, r2
100031c2:	1c1a      	adds	r2, r3, #0
100031c4:	42b3      	cmp	r3, r6
100031c6:	d900      	bls.n	100031ca <tud_control_xfer+0x2e>
100031c8:	1c32      	adds	r2, r6, #0
100031ca:	b296      	uxth	r6, r2
100031cc:	81a2      	strh	r2, [r4, #12]
100031ce:	2b00      	cmp	r3, #0
100031d0:	d00c      	beq.n	100031ec <tud_control_xfer+0x50>
100031d2:	2e00      	cmp	r6, #0
100031d4:	d015      	beq.n	10003202 <tud_control_xfer+0x66>
100031d6:	2f00      	cmp	r7, #0
100031d8:	d02a      	beq.n	10003230 <tud_control_xfer+0x94>
100031da:	2e40      	cmp	r6, #64	@ 0x40
100031dc:	d81a      	bhi.n	10003214 <tud_control_xfer+0x78>
100031de:	7823      	ldrb	r3, [r4, #0]
100031e0:	b296      	uxth	r6, r2
100031e2:	2b7f      	cmp	r3, #127	@ 0x7f
100031e4:	d81b      	bhi.n	1000321e <tud_control_xfer+0x82>
100031e6:	2100      	movs	r1, #0
100031e8:	4a13      	ldr	r2, [pc, #76]	@ (10003238 <tud_control_xfer+0x9c>)
100031ea:	e00e      	b.n	1000320a <tud_control_xfer+0x6e>
100031ec:	2180      	movs	r1, #128	@ 0x80
100031ee:	782b      	ldrb	r3, [r5, #0]
100031f0:	2200      	movs	r2, #0
100031f2:	4399      	bics	r1, r3
100031f4:	4640      	mov	r0, r8
100031f6:	2300      	movs	r3, #0
100031f8:	f7ff ff92 	bl	10003120 <usbd_edpt_xfer>
100031fc:	bc80      	pop	{r7}
100031fe:	46b8      	mov	r8, r7
10003200:	bdf0      	pop	{r4, r5, r6, r7, pc}
10003202:	237f      	movs	r3, #127	@ 0x7f
10003204:	2200      	movs	r2, #0
10003206:	7821      	ldrb	r1, [r4, #0]
10003208:	4399      	bics	r1, r3
1000320a:	0033      	movs	r3, r6
1000320c:	4640      	mov	r0, r8
1000320e:	f7ff ff87 	bl	10003120 <usbd_edpt_xfer>
10003212:	e7f3      	b.n	100031fc <tud_control_xfer+0x60>
10003214:	2240      	movs	r2, #64	@ 0x40
10003216:	7823      	ldrb	r3, [r4, #0]
10003218:	b296      	uxth	r6, r2
1000321a:	2b7f      	cmp	r3, #127	@ 0x7f
1000321c:	d9e3      	bls.n	100031e6 <tud_control_xfer+0x4a>
1000321e:	4c06      	ldr	r4, [pc, #24]	@ (10003238 <tud_control_xfer+0x9c>)
10003220:	0032      	movs	r2, r6
10003222:	0039      	movs	r1, r7
10003224:	0020      	movs	r0, r4
10003226:	f7fe fb7d 	bl	10001924 <__wrap___aeabi_memcpy>
1000322a:	2180      	movs	r1, #128	@ 0x80
1000322c:	0022      	movs	r2, r4
1000322e:	e7ec      	b.n	1000320a <tud_control_xfer+0x6e>
10003230:	2000      	movs	r0, #0
10003232:	e7e3      	b.n	100031fc <tud_control_xfer+0x60>
10003234:	20001548 	.word	0x20001548
10003238:	20001508 	.word	0x20001508

1000323c <usbd_control_reset>:
1000323c:	b510      	push	{r4, lr}
1000323e:	2214      	movs	r2, #20
10003240:	2100      	movs	r1, #0
10003242:	4802      	ldr	r0, [pc, #8]	@ (1000324c <usbd_control_reset+0x10>)
10003244:	f7fe fb68 	bl	10001918 <__wrap_memset>
10003248:	bd10      	pop	{r4, pc}
1000324a:	46c0      	nop			@ (mov r8, r8)
1000324c:	20001548 	.word	0x20001548

10003250 <usbd_control_set_complete_callback>:
10003250:	4b01      	ldr	r3, [pc, #4]	@ (10003258 <usbd_control_set_complete_callback+0x8>)
10003252:	6118      	str	r0, [r3, #16]
10003254:	4770      	bx	lr
10003256:	46c0      	nop			@ (mov r8, r8)
10003258:	20001548 	.word	0x20001548

1000325c <usbd_control_set_request>:
1000325c:	b510      	push	{r4, lr}
1000325e:	4c05      	ldr	r4, [pc, #20]	@ (10003274 <usbd_control_set_request+0x18>)
10003260:	0001      	movs	r1, r0
10003262:	2208      	movs	r2, #8
10003264:	0020      	movs	r0, r4
10003266:	f7fe fb5d 	bl	10001924 <__wrap___aeabi_memcpy>
1000326a:	2300      	movs	r3, #0
1000326c:	60a3      	str	r3, [r4, #8]
1000326e:	60e3      	str	r3, [r4, #12]
10003270:	bd10      	pop	{r4, pc}
10003272:	46c0      	nop			@ (mov r8, r8)
10003274:	20001548 	.word	0x20001548

10003278 <usbd_control_xfer_cb>:
10003278:	b570      	push	{r4, r5, r6, lr}
1000327a:	4c37      	ldr	r4, [pc, #220]	@ (10003358 <usbd_control_xfer_cb+0xe0>)
1000327c:	001d      	movs	r5, r3
1000327e:	7823      	ldrb	r3, [r4, #0]
10003280:	0006      	movs	r6, r0
10003282:	09da      	lsrs	r2, r3, #7
10003284:	09c9      	lsrs	r1, r1, #7
10003286:	428a      	cmp	r2, r1
10003288:	d010      	beq.n	100032ac <usbd_control_xfer_cb+0x34>
1000328a:	2000      	movs	r0, #0
1000328c:	2d00      	cmp	r5, #0
1000328e:	d000      	beq.n	10003292 <usbd_control_xfer_cb+0x1a>
10003290:	bd70      	pop	{r4, r5, r6, pc}
10003292:	0021      	movs	r1, r4
10003294:	0030      	movs	r0, r6
10003296:	f7ff f91d 	bl	100024d4 <dcd_edpt0_status_complete>
1000329a:	6923      	ldr	r3, [r4, #16]
1000329c:	2b00      	cmp	r3, #0
1000329e:	d003      	beq.n	100032a8 <usbd_control_xfer_cb+0x30>
100032a0:	0022      	movs	r2, r4
100032a2:	2103      	movs	r1, #3
100032a4:	0030      	movs	r0, r6
100032a6:	4798      	blx	r3
100032a8:	2001      	movs	r0, #1
100032aa:	e7f1      	b.n	10003290 <usbd_control_xfer_cb+0x18>
100032ac:	2b7f      	cmp	r3, #127	@ 0x7f
100032ae:	d806      	bhi.n	100032be <usbd_control_xfer_cb+0x46>
100032b0:	68a0      	ldr	r0, [r4, #8]
100032b2:	2800      	cmp	r0, #0
100032b4:	d0ec      	beq.n	10003290 <usbd_control_xfer_cb+0x18>
100032b6:	002a      	movs	r2, r5
100032b8:	4928      	ldr	r1, [pc, #160]	@ (1000335c <usbd_control_xfer_cb+0xe4>)
100032ba:	f7fe fb33 	bl	10001924 <__wrap___aeabi_memcpy>
100032be:	89e2      	ldrh	r2, [r4, #14]
100032c0:	68a1      	ldr	r1, [r4, #8]
100032c2:	1952      	adds	r2, r2, r5
100032c4:	88e3      	ldrh	r3, [r4, #6]
100032c6:	b292      	uxth	r2, r2
100032c8:	1949      	adds	r1, r1, r5
100032ca:	81e2      	strh	r2, [r4, #14]
100032cc:	60a1      	str	r1, [r4, #8]
100032ce:	4293      	cmp	r3, r2
100032d0:	d014      	beq.n	100032fc <usbd_control_xfer_cb+0x84>
100032d2:	2d3f      	cmp	r5, #63	@ 0x3f
100032d4:	d912      	bls.n	100032fc <usbd_control_xfer_cb+0x84>
100032d6:	89a3      	ldrh	r3, [r4, #12]
100032d8:	1a98      	subs	r0, r3, r2
100032da:	1c05      	adds	r5, r0, #0
100032dc:	b280      	uxth	r0, r0
100032de:	2840      	cmp	r0, #64	@ 0x40
100032e0:	d828      	bhi.n	10003334 <usbd_control_xfer_cb+0xbc>
100032e2:	7820      	ldrb	r0, [r4, #0]
100032e4:	b2ad      	uxth	r5, r5
100032e6:	287f      	cmp	r0, #127	@ 0x7f
100032e8:	d826      	bhi.n	10003338 <usbd_control_xfer_cb+0xc0>
100032ea:	2100      	movs	r1, #0
100032ec:	429a      	cmp	r2, r3
100032ee:	d030      	beq.n	10003352 <usbd_control_xfer_cb+0xda>
100032f0:	4a1a      	ldr	r2, [pc, #104]	@ (1000335c <usbd_control_xfer_cb+0xe4>)
100032f2:	002b      	movs	r3, r5
100032f4:	0030      	movs	r0, r6
100032f6:	f7ff ff13 	bl	10003120 <usbd_edpt_xfer>
100032fa:	e7c9      	b.n	10003290 <usbd_control_xfer_cb+0x18>
100032fc:	6923      	ldr	r3, [r4, #16]
100032fe:	2b00      	cmp	r3, #0
10003300:	d005      	beq.n	1000330e <usbd_control_xfer_cb+0x96>
10003302:	0022      	movs	r2, r4
10003304:	2102      	movs	r1, #2
10003306:	0030      	movs	r0, r6
10003308:	4798      	blx	r3
1000330a:	2800      	cmp	r0, #0
1000330c:	d008      	beq.n	10003320 <usbd_control_xfer_cb+0xa8>
1000330e:	2180      	movs	r1, #128	@ 0x80
10003310:	7823      	ldrb	r3, [r4, #0]
10003312:	2200      	movs	r2, #0
10003314:	4399      	bics	r1, r3
10003316:	0030      	movs	r0, r6
10003318:	2300      	movs	r3, #0
1000331a:	f7ff ff01 	bl	10003120 <usbd_edpt_xfer>
1000331e:	e7b7      	b.n	10003290 <usbd_control_xfer_cb+0x18>
10003320:	2100      	movs	r1, #0
10003322:	0030      	movs	r0, r6
10003324:	f7ff f978 	bl	10002618 <dcd_edpt_stall>
10003328:	0030      	movs	r0, r6
1000332a:	2180      	movs	r1, #128	@ 0x80
1000332c:	f7ff f974 	bl	10002618 <dcd_edpt_stall>
10003330:	2001      	movs	r0, #1
10003332:	e7ad      	b.n	10003290 <usbd_control_xfer_cb+0x18>
10003334:	2540      	movs	r5, #64	@ 0x40
10003336:	e7d4      	b.n	100032e2 <usbd_control_xfer_cb+0x6a>
10003338:	429a      	cmp	r2, r3
1000333a:	d007      	beq.n	1000334c <usbd_control_xfer_cb+0xd4>
1000333c:	4c07      	ldr	r4, [pc, #28]	@ (1000335c <usbd_control_xfer_cb+0xe4>)
1000333e:	002a      	movs	r2, r5
10003340:	0020      	movs	r0, r4
10003342:	f7fe faef 	bl	10001924 <__wrap___aeabi_memcpy>
10003346:	2180      	movs	r1, #128	@ 0x80
10003348:	0022      	movs	r2, r4
1000334a:	e7d2      	b.n	100032f2 <usbd_control_xfer_cb+0x7a>
1000334c:	2180      	movs	r1, #128	@ 0x80
1000334e:	2200      	movs	r2, #0
10003350:	e7cf      	b.n	100032f2 <usbd_control_xfer_cb+0x7a>
10003352:	2200      	movs	r2, #0
10003354:	e7cd      	b.n	100032f2 <usbd_control_xfer_cb+0x7a>
10003356:	46c0      	nop			@ (mov r8, r8)
10003358:	20001548 	.word	0x20001548
1000335c:	20001508 	.word	0x20001508

10003360 <_prep_out_transaction.isra.0>:
10003360:	b570      	push	{r4, r5, r6, lr}
10003362:	0004      	movs	r4, r0
10003364:	f7ff f9de 	bl	10002724 <tud_mounted>
10003368:	2800      	cmp	r0, #0
1000336a:	d100      	bne.n	1000336e <_prep_out_transaction.isra.0+0xe>
1000336c:	bd70      	pop	{r4, r5, r6, pc}
1000336e:	f7ff f9e1 	bl	10002734 <tud_suspended>
10003372:	2800      	cmp	r0, #0
10003374:	d1fa      	bne.n	1000336c <_prep_out_transaction.isra.0+0xc>
10003376:	23c8      	movs	r3, #200	@ 0xc8
10003378:	4363      	muls	r3, r4
1000337a:	4a12      	ldr	r2, [pc, #72]	@ (100033c4 <_prep_out_transaction.isra.0+0x64>)
1000337c:	0025      	movs	r5, r4
1000337e:	18d4      	adds	r4, r2, r3
10003380:	78e1      	ldrb	r1, [r4, #3]
10003382:	2900      	cmp	r1, #0
10003384:	d0f2      	beq.n	1000336c <_prep_out_transaction.isra.0+0xc>
10003386:	3310      	adds	r3, #16
10003388:	189e      	adds	r6, r3, r2
1000338a:	0030      	movs	r0, r6
1000338c:	f000 fbb6 	bl	10003afc <tu_fifo_remaining>
10003390:	283f      	cmp	r0, #63	@ 0x3f
10003392:	d9eb      	bls.n	1000336c <_prep_out_transaction.isra.0+0xc>
10003394:	2000      	movs	r0, #0
10003396:	78e1      	ldrb	r1, [r4, #3]
10003398:	f7ff fe9a 	bl	100030d0 <usbd_edpt_claim>
1000339c:	2800      	cmp	r0, #0
1000339e:	d0e5      	beq.n	1000336c <_prep_out_transaction.isra.0+0xc>
100033a0:	0030      	movs	r0, r6
100033a2:	f000 fbab 	bl	10003afc <tu_fifo_remaining>
100033a6:	78e1      	ldrb	r1, [r4, #3]
100033a8:	283f      	cmp	r0, #63	@ 0x3f
100033aa:	d907      	bls.n	100033bc <_prep_out_transaction.isra.0+0x5c>
100033ac:	4b06      	ldr	r3, [pc, #24]	@ (100033c8 <_prep_out_transaction.isra.0+0x68>)
100033ae:	01ea      	lsls	r2, r5, #7
100033b0:	18d2      	adds	r2, r2, r3
100033b2:	2000      	movs	r0, #0
100033b4:	2340      	movs	r3, #64	@ 0x40
100033b6:	f7ff feb3 	bl	10003120 <usbd_edpt_xfer>
100033ba:	e7d7      	b.n	1000336c <_prep_out_transaction.isra.0+0xc>
100033bc:	2000      	movs	r0, #0
100033be:	f7ff fe9b 	bl	100030f8 <usbd_edpt_release>
100033c2:	e7d3      	b.n	1000336c <_prep_out_transaction.isra.0+0xc>
100033c4:	20001030 	.word	0x20001030
100033c8:	20001484 	.word	0x20001484

100033cc <tud_cdc_n_connected>:
100033cc:	b510      	push	{r4, lr}
100033ce:	0004      	movs	r4, r0
100033d0:	f7ff f9a8 	bl	10002724 <tud_mounted>
100033d4:	2800      	cmp	r0, #0
100033d6:	d101      	bne.n	100033dc <tud_cdc_n_connected+0x10>
100033d8:	2000      	movs	r0, #0
100033da:	bd10      	pop	{r4, pc}
100033dc:	f7ff f9aa 	bl	10002734 <tud_suspended>
100033e0:	2800      	cmp	r0, #0
100033e2:	d1f9      	bne.n	100033d8 <tud_cdc_n_connected+0xc>
100033e4:	22c8      	movs	r2, #200	@ 0xc8
100033e6:	4362      	muls	r2, r4
100033e8:	4b02      	ldr	r3, [pc, #8]	@ (100033f4 <tud_cdc_n_connected+0x28>)
100033ea:	3001      	adds	r0, #1
100033ec:	189b      	adds	r3, r3, r2
100033ee:	791b      	ldrb	r3, [r3, #4]
100033f0:	4018      	ands	r0, r3
100033f2:	e7f2      	b.n	100033da <tud_cdc_n_connected+0xe>
100033f4:	20001030 	.word	0x20001030

100033f8 <tud_cdc_n_available>:
100033f8:	23c8      	movs	r3, #200	@ 0xc8
100033fa:	b510      	push	{r4, lr}
100033fc:	4343      	muls	r3, r0
100033fe:	4802      	ldr	r0, [pc, #8]	@ (10003408 <tud_cdc_n_available+0x10>)
10003400:	1818      	adds	r0, r3, r0
10003402:	f000 fb5d 	bl	10003ac0 <tu_fifo_count>
10003406:	bd10      	pop	{r4, pc}
10003408:	20001040 	.word	0x20001040

1000340c <tud_cdc_n_read>:
1000340c:	b5f8      	push	{r3, r4, r5, r6, r7, lr}
1000340e:	23c8      	movs	r3, #200	@ 0xc8
10003410:	4343      	muls	r3, r0
10003412:	4d1d      	ldr	r5, [pc, #116]	@ (10003488 <tud_cdc_n_read+0x7c>)
10003414:	3310      	adds	r3, #16
10003416:	18ee      	adds	r6, r5, r3
10003418:	2380      	movs	r3, #128	@ 0x80
1000341a:	0004      	movs	r4, r0
1000341c:	025b      	lsls	r3, r3, #9
1000341e:	429a      	cmp	r2, r3
10003420:	d300      	bcc.n	10003424 <tud_cdc_n_read+0x18>
10003422:	4a1a      	ldr	r2, [pc, #104]	@ (1000348c <tud_cdc_n_read+0x80>)
10003424:	0030      	movs	r0, r6
10003426:	b292      	uxth	r2, r2
10003428:	f000 fbcc 	bl	10003bc4 <tu_fifo_read_n>
1000342c:	0007      	movs	r7, r0
1000342e:	f7ff f979 	bl	10002724 <tud_mounted>
10003432:	2800      	cmp	r0, #0
10003434:	d101      	bne.n	1000343a <tud_cdc_n_read+0x2e>
10003436:	0038      	movs	r0, r7
10003438:	bdf8      	pop	{r3, r4, r5, r6, r7, pc}
1000343a:	f7ff f97b 	bl	10002734 <tud_suspended>
1000343e:	2800      	cmp	r0, #0
10003440:	d1f9      	bne.n	10003436 <tud_cdc_n_read+0x2a>
10003442:	23c8      	movs	r3, #200	@ 0xc8
10003444:	4363      	muls	r3, r4
10003446:	18ed      	adds	r5, r5, r3
10003448:	78eb      	ldrb	r3, [r5, #3]
1000344a:	2b00      	cmp	r3, #0
1000344c:	d0f3      	beq.n	10003436 <tud_cdc_n_read+0x2a>
1000344e:	0030      	movs	r0, r6
10003450:	f000 fb54 	bl	10003afc <tu_fifo_remaining>
10003454:	283f      	cmp	r0, #63	@ 0x3f
10003456:	d9ee      	bls.n	10003436 <tud_cdc_n_read+0x2a>
10003458:	2000      	movs	r0, #0
1000345a:	78e9      	ldrb	r1, [r5, #3]
1000345c:	f7ff fe38 	bl	100030d0 <usbd_edpt_claim>
10003460:	2800      	cmp	r0, #0
10003462:	d0e8      	beq.n	10003436 <tud_cdc_n_read+0x2a>
10003464:	0030      	movs	r0, r6
10003466:	f000 fb49 	bl	10003afc <tu_fifo_remaining>
1000346a:	78e9      	ldrb	r1, [r5, #3]
1000346c:	283f      	cmp	r0, #63	@ 0x3f
1000346e:	d907      	bls.n	10003480 <tud_cdc_n_read+0x74>
10003470:	4b07      	ldr	r3, [pc, #28]	@ (10003490 <tud_cdc_n_read+0x84>)
10003472:	01e2      	lsls	r2, r4, #7
10003474:	18d2      	adds	r2, r2, r3
10003476:	2000      	movs	r0, #0
10003478:	2340      	movs	r3, #64	@ 0x40
1000347a:	f7ff fe51 	bl	10003120 <usbd_edpt_xfer>
1000347e:	e7da      	b.n	10003436 <tud_cdc_n_read+0x2a>
10003480:	2000      	movs	r0, #0
10003482:	f7ff fe39 	bl	100030f8 <usbd_edpt_release>
10003486:	e7d6      	b.n	10003436 <tud_cdc_n_read+0x2a>
10003488:	20001030 	.word	0x20001030
1000348c:	0000ffff 	.word	0x0000ffff
10003490:	20001484 	.word	0x20001484

10003494 <tud_cdc_n_write_flush>:
10003494:	b5f8      	push	{r3, r4, r5, r6, r7, lr}
10003496:	0004      	movs	r4, r0
10003498:	f7ff f944 	bl	10002724 <tud_mounted>
1000349c:	2800      	cmp	r0, #0
1000349e:	d101      	bne.n	100034a4 <tud_cdc_n_write_flush+0x10>
100034a0:	2000      	movs	r0, #0
100034a2:	bdf8      	pop	{r3, r4, r5, r6, r7, pc}
100034a4:	f7ff f946 	bl	10002734 <tud_suspended>
100034a8:	2800      	cmp	r0, #0
100034aa:	d1f9      	bne.n	100034a0 <tud_cdc_n_write_flush+0xc>
100034ac:	23c8      	movs	r3, #200	@ 0xc8
100034ae:	0025      	movs	r5, r4
100034b0:	435d      	muls	r5, r3
100034b2:	002b      	movs	r3, r5
100034b4:	4e13      	ldr	r6, [pc, #76]	@ (10003504 <tud_cdc_n_write_flush+0x70>)
100034b6:	3324      	adds	r3, #36	@ 0x24
100034b8:	18f7      	adds	r7, r6, r3
100034ba:	0038      	movs	r0, r7
100034bc:	f000 fb00 	bl	10003ac0 <tu_fifo_count>
100034c0:	2800      	cmp	r0, #0
100034c2:	d0ed      	beq.n	100034a0 <tud_cdc_n_write_flush+0xc>
100034c4:	1975      	adds	r5, r6, r5
100034c6:	2000      	movs	r0, #0
100034c8:	78a9      	ldrb	r1, [r5, #2]
100034ca:	f7ff fe01 	bl	100030d0 <usbd_edpt_claim>
100034ce:	2800      	cmp	r0, #0
100034d0:	d0e6      	beq.n	100034a0 <tud_cdc_n_write_flush+0xc>
100034d2:	4a0d      	ldr	r2, [pc, #52]	@ (10003508 <tud_cdc_n_write_flush+0x74>)
100034d4:	01e3      	lsls	r3, r4, #7
100034d6:	189c      	adds	r4, r3, r2
100034d8:	0021      	movs	r1, r4
100034da:	2240      	movs	r2, #64	@ 0x40
100034dc:	0038      	movs	r0, r7
100034de:	f000 fb71 	bl	10003bc4 <tu_fifo_read_n>
100034e2:	78a9      	ldrb	r1, [r5, #2]
100034e4:	0003      	movs	r3, r0
100034e6:	1e05      	subs	r5, r0, #0
100034e8:	d007      	beq.n	100034fa <tud_cdc_n_write_flush+0x66>
100034ea:	0022      	movs	r2, r4
100034ec:	2000      	movs	r0, #0
100034ee:	f7ff fe17 	bl	10003120 <usbd_edpt_xfer>
100034f2:	2800      	cmp	r0, #0
100034f4:	d0d4      	beq.n	100034a0 <tud_cdc_n_write_flush+0xc>
100034f6:	0028      	movs	r0, r5
100034f8:	e7d3      	b.n	100034a2 <tud_cdc_n_write_flush+0xe>
100034fa:	2000      	movs	r0, #0
100034fc:	f7ff fdfc 	bl	100030f8 <usbd_edpt_release>
10003500:	e7ce      	b.n	100034a0 <tud_cdc_n_write_flush+0xc>
10003502:	46c0      	nop			@ (mov r8, r8)
10003504:	20001030 	.word	0x20001030
10003508:	200014c4 	.word	0x200014c4

1000350c <tud_cdc_n_write>:
1000350c:	b570      	push	{r4, r5, r6, lr}
1000350e:	24c8      	movs	r4, #200	@ 0xc8
10003510:	4344      	muls	r4, r0
10003512:	4b0c      	ldr	r3, [pc, #48]	@ (10003544 <tud_cdc_n_write+0x38>)
10003514:	0005      	movs	r5, r0
10003516:	18e4      	adds	r4, r4, r3
10003518:	2380      	movs	r3, #128	@ 0x80
1000351a:	025b      	lsls	r3, r3, #9
1000351c:	429a      	cmp	r2, r3
1000351e:	d300      	bcc.n	10003522 <tud_cdc_n_write+0x16>
10003520:	4a09      	ldr	r2, [pc, #36]	@ (10003548 <tud_cdc_n_write+0x3c>)
10003522:	0020      	movs	r0, r4
10003524:	b292      	uxth	r2, r2
10003526:	f000 fc15 	bl	10003d54 <tu_fifo_write_n>
1000352a:	0006      	movs	r6, r0
1000352c:	0020      	movs	r0, r4
1000352e:	f000 fac7 	bl	10003ac0 <tu_fifo_count>
10003532:	283f      	cmp	r0, #63	@ 0x3f
10003534:	d801      	bhi.n	1000353a <tud_cdc_n_write+0x2e>
10003536:	0030      	movs	r0, r6
10003538:	bd70      	pop	{r4, r5, r6, pc}
1000353a:	0028      	movs	r0, r5
1000353c:	f7ff ffaa 	bl	10003494 <tud_cdc_n_write_flush>
10003540:	e7f9      	b.n	10003536 <tud_cdc_n_write+0x2a>
10003542:	46c0      	nop			@ (mov r8, r8)
10003544:	20001054 	.word	0x20001054
10003548:	0000ffff 	.word	0x0000ffff

1000354c <tud_cdc_n_write_available>:
1000354c:	23c8      	movs	r3, #200	@ 0xc8
1000354e:	b510      	push	{r4, lr}
10003550:	4343      	muls	r3, r0
10003552:	4802      	ldr	r0, [pc, #8]	@ (1000355c <tud_cdc_n_write_available+0x10>)
10003554:	1818      	adds	r0, r3, r0
10003556:	f000 fad1 	bl	10003afc <tu_fifo_remaining>
1000355a:	bd10      	pop	{r4, pc}
1000355c:	20001054 	.word	0x20001054

10003560 <cdcd_init>:
10003560:	b5f0      	push	{r4, r5, r6, r7, lr}
10003562:	2500      	movs	r5, #0
10003564:	4c18      	ldr	r4, [pc, #96]	@ (100035c8 <cdcd_init+0x68>)
10003566:	b083      	sub	sp, #12
10003568:	22c8      	movs	r2, #200	@ 0xc8
1000356a:	2100      	movs	r1, #0
1000356c:	0020      	movs	r0, r4
1000356e:	f7fe f9d3 	bl	10001918 <__wrap_memset>
10003572:	4b16      	ldr	r3, [pc, #88]	@ (100035cc <cdcd_init+0x6c>)
10003574:	0021      	movs	r1, r4
10003576:	701d      	strb	r5, [r3, #0]
10003578:	23ff      	movs	r3, #255	@ 0xff
1000357a:	7163      	strb	r3, [r4, #5]
1000357c:	23e1      	movs	r3, #225	@ 0xe1
1000357e:	025b      	lsls	r3, r3, #9
10003580:	60a3      	str	r3, [r4, #8]
10003582:	0020      	movs	r0, r4
10003584:	2308      	movs	r3, #8
10003586:	2240      	movs	r2, #64	@ 0x40
10003588:	73a3      	strb	r3, [r4, #14]
1000358a:	3138      	adds	r1, #56	@ 0x38
1000358c:	9500      	str	r5, [sp, #0]
1000358e:	3b07      	subs	r3, #7
10003590:	3010      	adds	r0, #16
10003592:	f000 fa5f 	bl	10003a54 <tu_fifo_config>
10003596:	0027      	movs	r7, r4
10003598:	2301      	movs	r3, #1
1000359a:	0021      	movs	r1, r4
1000359c:	0020      	movs	r0, r4
1000359e:	0026      	movs	r6, r4
100035a0:	2240      	movs	r2, #64	@ 0x40
100035a2:	3178      	adds	r1, #120	@ 0x78
100035a4:	9300      	str	r3, [sp, #0]
100035a6:	37b8      	adds	r7, #184	@ 0xb8
100035a8:	3024      	adds	r0, #36	@ 0x24
100035aa:	f000 fa53 	bl	10003a54 <tu_fifo_config>
100035ae:	36c0      	adds	r6, #192	@ 0xc0
100035b0:	0038      	movs	r0, r7
100035b2:	f7fd f931 	bl	10000818 <mutex_init>
100035b6:	0030      	movs	r0, r6
100035b8:	f7fd f92e 	bl	10000818 <mutex_init>
100035bc:	61e5      	str	r5, [r4, #28]
100035be:	6227      	str	r7, [r4, #32]
100035c0:	6326      	str	r6, [r4, #48]	@ 0x30
100035c2:	6365      	str	r5, [r4, #52]	@ 0x34
100035c4:	b003      	add	sp, #12
100035c6:	bdf0      	pop	{r4, r5, r6, r7, pc}
100035c8:	20001030 	.word	0x20001030
100035cc:	20001504 	.word	0x20001504

100035d0 <cdcd_deinit>:
100035d0:	4b0a      	ldr	r3, [pc, #40]	@ (100035fc <cdcd_deinit+0x2c>)
100035d2:	6b19      	ldr	r1, [r3, #48]	@ 0x30
100035d4:	6a1a      	ldr	r2, [r3, #32]
100035d6:	2900      	cmp	r1, #0
100035d8:	d00c      	beq.n	100035f4 <cdcd_deinit+0x24>
100035da:	2a00      	cmp	r2, #0
100035dc:	d007      	beq.n	100035ee <cdcd_deinit+0x1e>
100035de:	2200      	movs	r2, #0
100035e0:	61da      	str	r2, [r3, #28]
100035e2:	635a      	str	r2, [r3, #52]	@ 0x34
100035e4:	631a      	str	r2, [r3, #48]	@ 0x30
100035e6:	2200      	movs	r2, #0
100035e8:	621a      	str	r2, [r3, #32]
100035ea:	2001      	movs	r0, #1
100035ec:	4770      	bx	lr
100035ee:	635a      	str	r2, [r3, #52]	@ 0x34
100035f0:	631a      	str	r2, [r3, #48]	@ 0x30
100035f2:	e7fa      	b.n	100035ea <cdcd_deinit+0x1a>
100035f4:	2a00      	cmp	r2, #0
100035f6:	d0f8      	beq.n	100035ea <cdcd_deinit+0x1a>
100035f8:	61d9      	str	r1, [r3, #28]
100035fa:	e7f4      	b.n	100035e6 <cdcd_deinit+0x16>
100035fc:	20001030 	.word	0x20001030

10003600 <cdcd_reset>:
10003600:	b570      	push	{r4, r5, r6, lr}
10003602:	2205      	movs	r2, #5
10003604:	2100      	movs	r1, #0
10003606:	480d      	ldr	r0, [pc, #52]	@ (1000363c <cdcd_reset+0x3c>)
10003608:	f7fe f986 	bl	10001918 <__wrap_memset>
1000360c:	4d0c      	ldr	r5, [pc, #48]	@ (10003640 <cdcd_reset+0x40>)
1000360e:	782b      	ldrb	r3, [r5, #0]
10003610:	07da      	lsls	r2, r3, #31
10003612:	d507      	bpl.n	10003624 <cdcd_reset+0x24>
10003614:	4c0b      	ldr	r4, [pc, #44]	@ (10003644 <cdcd_reset+0x44>)
10003616:	079b      	lsls	r3, r3, #30
10003618:	d50c      	bpl.n	10003634 <cdcd_reset+0x34>
1000361a:	2101      	movs	r1, #1
1000361c:	0020      	movs	r0, r4
1000361e:	f000 fc6d 	bl	10003efc <tu_fifo_set_overwritable>
10003622:	bd70      	pop	{r4, r5, r6, pc}
10003624:	4805      	ldr	r0, [pc, #20]	@ (1000363c <cdcd_reset+0x3c>)
10003626:	3010      	adds	r0, #16
10003628:	f000 fc48 	bl	10003ebc <tu_fifo_clear>
1000362c:	782b      	ldrb	r3, [r5, #0]
1000362e:	4c05      	ldr	r4, [pc, #20]	@ (10003644 <cdcd_reset+0x44>)
10003630:	079b      	lsls	r3, r3, #30
10003632:	d4f2      	bmi.n	1000361a <cdcd_reset+0x1a>
10003634:	0020      	movs	r0, r4
10003636:	f000 fc41 	bl	10003ebc <tu_fifo_clear>
1000363a:	e7ee      	b.n	1000361a <cdcd_reset+0x1a>
1000363c:	20001030 	.word	0x20001030
10003640:	20001504 	.word	0x20001504
10003644:	20001054 	.word	0x20001054

10003648 <cdcd_open>:
10003648:	b5f0      	push	{r4, r5, r6, r7, lr}
1000364a:	794b      	ldrb	r3, [r1, #5]
1000364c:	0007      	movs	r7, r0
1000364e:	b083      	sub	sp, #12
10003650:	2b02      	cmp	r3, #2
10003652:	d102      	bne.n	1000365a <cdcd_open+0x12>
10003654:	798b      	ldrb	r3, [r1, #6]
10003656:	2b02      	cmp	r3, #2
10003658:	d003      	beq.n	10003662 <cdcd_open+0x1a>
1000365a:	2400      	movs	r4, #0
1000365c:	0020      	movs	r0, r4
1000365e:	b003      	add	sp, #12
10003660:	bdf0      	pop	{r4, r5, r6, r7, pc}
10003662:	4b21      	ldr	r3, [pc, #132]	@ (100036e8 <cdcd_open+0xa0>)
10003664:	001e      	movs	r6, r3
10003666:	789b      	ldrb	r3, [r3, #2]
10003668:	2b00      	cmp	r3, #0
1000366a:	d1f6      	bne.n	1000365a <cdcd_open+0x12>
1000366c:	788b      	ldrb	r3, [r1, #2]
1000366e:	2409      	movs	r4, #9
10003670:	7033      	strb	r3, [r6, #0]
10003672:	780d      	ldrb	r5, [r1, #0]
10003674:	194d      	adds	r5, r1, r5
10003676:	786b      	ldrb	r3, [r5, #1]
10003678:	2b24      	cmp	r3, #36	@ 0x24
1000367a:	d007      	beq.n	1000368c <cdcd_open+0x44>
1000367c:	e00c      	b.n	10003698 <cdcd_open+0x50>
1000367e:	782b      	ldrb	r3, [r5, #0]
10003680:	18ed      	adds	r5, r5, r3
10003682:	191c      	adds	r4, r3, r4
10003684:	786b      	ldrb	r3, [r5, #1]
10003686:	b2a4      	uxth	r4, r4
10003688:	2b24      	cmp	r3, #36	@ 0x24
1000368a:	d105      	bne.n	10003698 <cdcd_open+0x50>
1000368c:	42a2      	cmp	r2, r4
1000368e:	d2f6      	bcs.n	1000367e <cdcd_open+0x36>
10003690:	2000      	movs	r0, #0
10003692:	f7ff fe65 	bl	10003360 <_prep_out_transaction.isra.0>
10003696:	e7e1      	b.n	1000365c <cdcd_open+0x14>
10003698:	001a      	movs	r2, r3
1000369a:	2b05      	cmp	r3, #5
1000369c:	d015      	beq.n	100036ca <cdcd_open+0x82>
1000369e:	2a04      	cmp	r2, #4
100036a0:	d1f6      	bne.n	10003690 <cdcd_open+0x48>
100036a2:	796b      	ldrb	r3, [r5, #5]
100036a4:	2b0a      	cmp	r3, #10
100036a6:	d1f3      	bne.n	10003690 <cdcd_open+0x48>
100036a8:	4b10      	ldr	r3, [pc, #64]	@ (100036ec <cdcd_open+0xa4>)
100036aa:	782e      	ldrb	r6, [r5, #0]
100036ac:	9301      	str	r3, [sp, #4]
100036ae:	3301      	adds	r3, #1
100036b0:	9300      	str	r3, [sp, #0]
100036b2:	0038      	movs	r0, r7
100036b4:	2302      	movs	r3, #2
100036b6:	19a9      	adds	r1, r5, r6
100036b8:	3a02      	subs	r2, #2
100036ba:	f7ff fca3 	bl	10003004 <usbd_open_edpt_pair>
100036be:	2800      	cmp	r0, #0
100036c0:	d0cb      	beq.n	1000365a <cdcd_open+0x12>
100036c2:	340e      	adds	r4, #14
100036c4:	19a4      	adds	r4, r4, r6
100036c6:	b2a4      	uxth	r4, r4
100036c8:	e7e2      	b.n	10003690 <cdcd_open+0x48>
100036ca:	0029      	movs	r1, r5
100036cc:	0038      	movs	r0, r7
100036ce:	f7ff fce5 	bl	1000309c <usbd_edpt_open>
100036d2:	2800      	cmp	r0, #0
100036d4:	d0c1      	beq.n	1000365a <cdcd_open+0x12>
100036d6:	78ab      	ldrb	r3, [r5, #2]
100036d8:	7073      	strb	r3, [r6, #1]
100036da:	782b      	ldrb	r3, [r5, #0]
100036dc:	191c      	adds	r4, r3, r4
100036de:	18ed      	adds	r5, r5, r3
100036e0:	786a      	ldrb	r2, [r5, #1]
100036e2:	b2a4      	uxth	r4, r4
100036e4:	e7db      	b.n	1000369e <cdcd_open+0x56>
100036e6:	46c0      	nop			@ (mov r8, r8)
100036e8:	20001030 	.word	0x20001030
100036ec:	20001032 	.word	0x20001032

100036f0 <cdcd_control_xfer_cb>:
100036f0:	2360      	movs	r3, #96	@ 0x60
100036f2:	468c      	mov	ip, r1
100036f4:	0011      	movs	r1, r2
100036f6:	7812      	ldrb	r2, [r2, #0]
100036f8:	b570      	push	{r4, r5, r6, lr}
100036fa:	4013      	ands	r3, r2
100036fc:	2200      	movs	r2, #0
100036fe:	2b20      	cmp	r3, #32
10003700:	d108      	bne.n	10003714 <cdcd_control_xfer_cb+0x24>
10003702:	4c32      	ldr	r4, [pc, #200]	@ (100037cc <cdcd_control_xfer_cb+0xdc>)
10003704:	794b      	ldrb	r3, [r1, #5]
10003706:	0026      	movs	r6, r4
10003708:	790d      	ldrb	r5, [r1, #4]
1000370a:	7824      	ldrb	r4, [r4, #0]
1000370c:	021b      	lsls	r3, r3, #8
1000370e:	432b      	orrs	r3, r5
10003710:	429c      	cmp	r4, r3
10003712:	d001      	beq.n	10003718 <cdcd_control_xfer_cb+0x28>
10003714:	0010      	movs	r0, r2
10003716:	bd70      	pop	{r4, r5, r6, pc}
10003718:	784b      	ldrb	r3, [r1, #1]
1000371a:	2b22      	cmp	r3, #34	@ 0x22
1000371c:	d01c      	beq.n	10003758 <cdcd_control_xfer_cb+0x68>
1000371e:	d808      	bhi.n	10003732 <cdcd_control_xfer_cb+0x42>
10003720:	2b20      	cmp	r3, #32
10003722:	d039      	beq.n	10003798 <cdcd_control_xfer_cb+0xa8>
10003724:	2b21      	cmp	r3, #33	@ 0x21
10003726:	d1f5      	bne.n	10003714 <cdcd_control_xfer_cb+0x24>
10003728:	4663      	mov	r3, ip
1000372a:	2b01      	cmp	r3, #1
1000372c:	d043      	beq.n	100037b6 <cdcd_control_xfer_cb+0xc6>
1000372e:	2201      	movs	r2, #1
10003730:	e7f0      	b.n	10003714 <cdcd_control_xfer_cb+0x24>
10003732:	2b23      	cmp	r3, #35	@ 0x23
10003734:	d1ee      	bne.n	10003714 <cdcd_control_xfer_cb+0x24>
10003736:	4663      	mov	r3, ip
10003738:	2b01      	cmp	r3, #1
1000373a:	d042      	beq.n	100037c2 <cdcd_control_xfer_cb+0xd2>
1000373c:	2b03      	cmp	r3, #3
1000373e:	d1f6      	bne.n	1000372e <cdcd_control_xfer_cb+0x3e>
10003740:	4b23      	ldr	r3, [pc, #140]	@ (100037d0 <cdcd_control_xfer_cb+0xe0>)
10003742:	2b00      	cmp	r3, #0
10003744:	d0f3      	beq.n	1000372e <cdcd_control_xfer_cb+0x3e>
10003746:	788b      	ldrb	r3, [r1, #2]
10003748:	78c9      	ldrb	r1, [r1, #3]
1000374a:	2000      	movs	r0, #0
1000374c:	0209      	lsls	r1, r1, #8
1000374e:	4319      	orrs	r1, r3
10003750:	e000      	b.n	10003754 <cdcd_control_xfer_cb+0x64>
10003752:	bf00      	nop
10003754:	2201      	movs	r2, #1
10003756:	e7dd      	b.n	10003714 <cdcd_control_xfer_cb+0x24>
10003758:	4663      	mov	r3, ip
1000375a:	2b01      	cmp	r3, #1
1000375c:	d031      	beq.n	100037c2 <cdcd_control_xfer_cb+0xd2>
1000375e:	2b03      	cmp	r3, #3
10003760:	d1e5      	bne.n	1000372e <cdcd_control_xfer_cb+0x3e>
10003762:	2501      	movs	r5, #1
10003764:	78cb      	ldrb	r3, [r1, #3]
10003766:	788a      	ldrb	r2, [r1, #2]
10003768:	021b      	lsls	r3, r3, #8
1000376a:	4313      	orrs	r3, r2
1000376c:	001c      	movs	r4, r3
1000376e:	401d      	ands	r5, r3
10003770:	0033      	movs	r3, r6
10003772:	2101      	movs	r1, #1
10003774:	3324      	adds	r3, #36	@ 0x24
10003776:	0018      	movs	r0, r3
10003778:	4069      	eors	r1, r5
1000377a:	7134      	strb	r4, [r6, #4]
1000377c:	f000 fbbe 	bl	10003efc <tu_fifo_set_overwritable>
10003780:	4b14      	ldr	r3, [pc, #80]	@ (100037d4 <cdcd_control_xfer_cb+0xe4>)
10003782:	2b00      	cmp	r3, #0
10003784:	d0d3      	beq.n	1000372e <cdcd_control_xfer_cb+0x3e>
10003786:	2301      	movs	r3, #1
10003788:	0862      	lsrs	r2, r4, #1
1000378a:	401a      	ands	r2, r3
1000378c:	0029      	movs	r1, r5
1000378e:	2000      	movs	r0, #0
10003790:	e000      	b.n	10003794 <cdcd_control_xfer_cb+0xa4>
10003792:	bf00      	nop
10003794:	2201      	movs	r2, #1
10003796:	e7bd      	b.n	10003714 <cdcd_control_xfer_cb+0x24>
10003798:	4663      	mov	r3, ip
1000379a:	2b01      	cmp	r3, #1
1000379c:	d00b      	beq.n	100037b6 <cdcd_control_xfer_cb+0xc6>
1000379e:	2b03      	cmp	r3, #3
100037a0:	d1c5      	bne.n	1000372e <cdcd_control_xfer_cb+0x3e>
100037a2:	4b0d      	ldr	r3, [pc, #52]	@ (100037d8 <cdcd_control_xfer_cb+0xe8>)
100037a4:	2b00      	cmp	r3, #0
100037a6:	d0c2      	beq.n	1000372e <cdcd_control_xfer_cb+0x3e>
100037a8:	0031      	movs	r1, r6
100037aa:	2000      	movs	r0, #0
100037ac:	3108      	adds	r1, #8
100037ae:	f7fe fe15 	bl	100023dc <tud_cdc_line_coding_cb>
100037b2:	2201      	movs	r2, #1
100037b4:	e7ae      	b.n	10003714 <cdcd_control_xfer_cb+0x24>
100037b6:	4a09      	ldr	r2, [pc, #36]	@ (100037dc <cdcd_control_xfer_cb+0xec>)
100037b8:	2307      	movs	r3, #7
100037ba:	f7ff fcef 	bl	1000319c <tud_control_xfer>
100037be:	2201      	movs	r2, #1
100037c0:	e7a8      	b.n	10003714 <cdcd_control_xfer_cb+0x24>
100037c2:	f7ff fcd5 	bl	10003170 <tud_control_status>
100037c6:	2201      	movs	r2, #1
100037c8:	e7a4      	b.n	10003714 <cdcd_control_xfer_cb+0x24>
100037ca:	46c0      	nop			@ (mov r8, r8)
100037cc:	20001030 	.word	0x20001030
	...
100037d8:	100023dd 	.word	0x100023dd
100037dc:	20001038 	.word	0x20001038

100037e0 <cdcd_xfer_cb>:
100037e0:	b5f8      	push	{r3, r4, r5, r6, r7, lr}
100037e2:	4647      	mov	r7, r8
100037e4:	46ce      	mov	lr, r9
100037e6:	b580      	push	{r7, lr}
100037e8:	4c34      	ldr	r4, [pc, #208]	@ (100038bc <cdcd_xfer_cb+0xdc>)
100037ea:	001f      	movs	r7, r3
100037ec:	78e3      	ldrb	r3, [r4, #3]
100037ee:	4680      	mov	r8, r0
100037f0:	000d      	movs	r5, r1
100037f2:	428b      	cmp	r3, r1
100037f4:	d03b      	beq.n	1000386e <cdcd_xfer_cb+0x8e>
100037f6:	78a3      	ldrb	r3, [r4, #2]
100037f8:	2000      	movs	r0, #0
100037fa:	428b      	cmp	r3, r1
100037fc:	d011      	beq.n	10003822 <cdcd_xfer_cb+0x42>
100037fe:	bcc0      	pop	{r6, r7}
10003800:	46b9      	mov	r9, r7
10003802:	46b0      	mov	r8, r6
10003804:	bdf8      	pop	{r3, r4, r5, r6, r7, pc}
10003806:	4b2e      	ldr	r3, [pc, #184]	@ (100038c0 <cdcd_xfer_cb+0xe0>)
10003808:	2b00      	cmp	r3, #0
1000380a:	d004      	beq.n	10003816 <cdcd_xfer_cb+0x36>
1000380c:	482d      	ldr	r0, [pc, #180]	@ (100038c4 <cdcd_xfer_cb+0xe4>)
1000380e:	f000 f96d 	bl	10003aec <tu_fifo_empty>
10003812:	2800      	cmp	r0, #0
10003814:	d04f      	beq.n	100038b6 <cdcd_xfer_cb+0xd6>
10003816:	2000      	movs	r0, #0
10003818:	f7ff fda2 	bl	10003360 <_prep_out_transaction.isra.0>
1000381c:	78a3      	ldrb	r3, [r4, #2]
1000381e:	42ab      	cmp	r3, r5
10003820:	d10a      	bne.n	10003838 <cdcd_xfer_cb+0x58>
10003822:	4b29      	ldr	r3, [pc, #164]	@ (100038c8 <cdcd_xfer_cb+0xe8>)
10003824:	2b00      	cmp	r3, #0
10003826:	d002      	beq.n	1000382e <cdcd_xfer_cb+0x4e>
10003828:	2000      	movs	r0, #0
1000382a:	e000      	b.n	1000382e <cdcd_xfer_cb+0x4e>
1000382c:	bf00      	nop
1000382e:	2000      	movs	r0, #0
10003830:	f7ff fe30 	bl	10003494 <tud_cdc_n_write_flush>
10003834:	2800      	cmp	r0, #0
10003836:	d001      	beq.n	1000383c <cdcd_xfer_cb+0x5c>
10003838:	2001      	movs	r0, #1
1000383a:	e7e0      	b.n	100037fe <cdcd_xfer_cb+0x1e>
1000383c:	4c23      	ldr	r4, [pc, #140]	@ (100038cc <cdcd_xfer_cb+0xec>)
1000383e:	0020      	movs	r0, r4
10003840:	f000 f93e 	bl	10003ac0 <tu_fifo_count>
10003844:	2800      	cmp	r0, #0
10003846:	d1f7      	bne.n	10003838 <cdcd_xfer_cb+0x58>
10003848:	2f00      	cmp	r7, #0
1000384a:	d0f5      	beq.n	10003838 <cdcd_xfer_cb+0x58>
1000384c:	06bb      	lsls	r3, r7, #26
1000384e:	d1f3      	bne.n	10003838 <cdcd_xfer_cb+0x58>
10003850:	3c24      	subs	r4, #36	@ 0x24
10003852:	4640      	mov	r0, r8
10003854:	78a1      	ldrb	r1, [r4, #2]
10003856:	f7ff fc3b 	bl	100030d0 <usbd_edpt_claim>
1000385a:	2800      	cmp	r0, #0
1000385c:	d0ec      	beq.n	10003838 <cdcd_xfer_cb+0x58>
1000385e:	2300      	movs	r3, #0
10003860:	2200      	movs	r2, #0
10003862:	4640      	mov	r0, r8
10003864:	78a1      	ldrb	r1, [r4, #2]
10003866:	f7ff fc5b 	bl	10003120 <usbd_edpt_xfer>
1000386a:	2001      	movs	r0, #1
1000386c:	e7c7      	b.n	100037fe <cdcd_xfer_cb+0x1e>
1000386e:	4e18      	ldr	r6, [pc, #96]	@ (100038d0 <cdcd_xfer_cb+0xf0>)
10003870:	4814      	ldr	r0, [pc, #80]	@ (100038c4 <cdcd_xfer_cb+0xe4>)
10003872:	0031      	movs	r1, r6
10003874:	b2ba      	uxth	r2, r7
10003876:	f000 fa6d 	bl	10003d54 <tu_fifo_write_n>
1000387a:	4b16      	ldr	r3, [pc, #88]	@ (100038d4 <cdcd_xfer_cb+0xf4>)
1000387c:	2b00      	cmp	r3, #0
1000387e:	d0c2      	beq.n	10003806 <cdcd_xfer_cb+0x26>
10003880:	7963      	ldrb	r3, [r4, #5]
10003882:	2bff      	cmp	r3, #255	@ 0xff
10003884:	d0bf      	beq.n	10003806 <cdcd_xfer_cb+0x26>
10003886:	2f00      	cmp	r7, #0
10003888:	d0bd      	beq.n	10003806 <cdcd_xfer_cb+0x26>
1000388a:	46bc      	mov	ip, r7
1000388c:	44b4      	add	ip, r6
1000388e:	46e1      	mov	r9, ip
10003890:	e003      	b.n	1000389a <cdcd_xfer_cb+0xba>
10003892:	3601      	adds	r6, #1
10003894:	454e      	cmp	r6, r9
10003896:	d0b6      	beq.n	10003806 <cdcd_xfer_cb+0x26>
10003898:	7963      	ldrb	r3, [r4, #5]
1000389a:	7832      	ldrb	r2, [r6, #0]
1000389c:	429a      	cmp	r2, r3
1000389e:	d1f8      	bne.n	10003892 <cdcd_xfer_cb+0xb2>
100038a0:	4808      	ldr	r0, [pc, #32]	@ (100038c4 <cdcd_xfer_cb+0xe4>)
100038a2:	f000 f923 	bl	10003aec <tu_fifo_empty>
100038a6:	2800      	cmp	r0, #0
100038a8:	d1f3      	bne.n	10003892 <cdcd_xfer_cb+0xb2>
100038aa:	4b06      	ldr	r3, [pc, #24]	@ (100038c4 <cdcd_xfer_cb+0xe4>)
100038ac:	3b10      	subs	r3, #16
100038ae:	7959      	ldrb	r1, [r3, #5]
100038b0:	e000      	b.n	100038b4 <cdcd_xfer_cb+0xd4>
100038b2:	bf00      	nop
100038b4:	e7ed      	b.n	10003892 <cdcd_xfer_cb+0xb2>
100038b6:	e000      	b.n	100038ba <cdcd_xfer_cb+0xda>
100038b8:	bf00      	nop
100038ba:	e7ac      	b.n	10003816 <cdcd_xfer_cb+0x36>
100038bc:	20001030 	.word	0x20001030
100038c0:	00000000 	.word	0x00000000
100038c4:	20001040 	.word	0x20001040
100038c8:	00000000 	.word	0x00000000
100038cc:	20001054 	.word	0x20001054
100038d0:	20001484 	.word	0x20001484
100038d4:	00000000 	.word	0x00000000

100038d8 <tusb_rhport_init>:
100038d8:	b500      	push	{lr}
100038da:	0003      	movs	r3, r0
100038dc:	b083      	sub	sp, #12
100038de:	2900      	cmp	r1, #0
100038e0:	d010      	beq.n	10003904 <tusb_rhport_init+0x2c>
100038e2:	2000      	movs	r0, #0
100038e4:	2b01      	cmp	r3, #1
100038e6:	d807      	bhi.n	100038f8 <tusb_rhport_init+0x20>
100038e8:	780a      	ldrb	r2, [r1, #0]
100038ea:	2a00      	cmp	r2, #0
100038ec:	d004      	beq.n	100038f8 <tusb_rhport_init+0x20>
100038ee:	480c      	ldr	r0, [pc, #48]	@ (10003920 <tusb_rhport_init+0x48>)
100038f0:	54c2      	strb	r2, [r0, r3]
100038f2:	2001      	movs	r0, #1
100038f4:	2a01      	cmp	r2, #1
100038f6:	d001      	beq.n	100038fc <tusb_rhport_init+0x24>
100038f8:	b003      	add	sp, #12
100038fa:	bd00      	pop	{pc}
100038fc:	0018      	movs	r0, r3
100038fe:	f7fe ff21 	bl	10002744 <tud_rhport_init>
10003902:	e7f9      	b.n	100038f8 <tusb_rhport_init+0x20>
10003904:	2301      	movs	r3, #1
10003906:	466a      	mov	r2, sp
10003908:	2000      	movs	r0, #0
1000390a:	a901      	add	r1, sp, #4
1000390c:	8093      	strh	r3, [r2, #4]
1000390e:	f7fe ff19 	bl	10002744 <tud_rhport_init>
10003912:	2800      	cmp	r0, #0
10003914:	d0f0      	beq.n	100038f8 <tusb_rhport_init+0x20>
10003916:	2201      	movs	r2, #1
10003918:	4b01      	ldr	r3, [pc, #4]	@ (10003920 <tusb_rhport_init+0x48>)
1000391a:	701a      	strb	r2, [r3, #0]
1000391c:	e7ec      	b.n	100038f8 <tusb_rhport_init+0x20>
1000391e:	46c0      	nop			@ (mov r8, r8)
10003920:	2000155c 	.word	0x2000155c

10003924 <tu_edpt_claim>:
10003924:	b570      	push	{r4, r5, r6, lr}
10003926:	0004      	movs	r4, r0
10003928:	7823      	ldrb	r3, [r4, #0]
1000392a:	0008      	movs	r0, r1
1000392c:	07db      	lsls	r3, r3, #31
1000392e:	000e      	movs	r6, r1
10003930:	0fdd      	lsrs	r5, r3, #31
10003932:	2b00      	cmp	r3, #0
10003934:	d116      	bne.n	10003964 <tu_edpt_claim+0x40>
10003936:	7823      	ldrb	r3, [r4, #0]
10003938:	075b      	lsls	r3, r3, #29
1000393a:	d501      	bpl.n	10003940 <tu_edpt_claim+0x1c>
1000393c:	0028      	movs	r0, r5
1000393e:	bd70      	pop	{r4, r5, r6, pc}
10003940:	2101      	movs	r1, #1
10003942:	4249      	negs	r1, r1
10003944:	f000 fb58 	bl	10003ff8 <__mutex_enter_timeout_ms_veneer>
10003948:	7823      	ldrb	r3, [r4, #0]
1000394a:	07db      	lsls	r3, r3, #31
1000394c:	0fdd      	lsrs	r5, r3, #31
1000394e:	2b00      	cmp	r3, #0
10003950:	d10a      	bne.n	10003968 <tu_edpt_claim+0x44>
10003952:	7823      	ldrb	r3, [r4, #0]
10003954:	075b      	lsls	r3, r3, #29
10003956:	d408      	bmi.n	1000396a <tu_edpt_claim+0x46>
10003958:	2204      	movs	r2, #4
1000395a:	7823      	ldrb	r3, [r4, #0]
1000395c:	2501      	movs	r5, #1
1000395e:	4313      	orrs	r3, r2
10003960:	7023      	strb	r3, [r4, #0]
10003962:	e002      	b.n	1000396a <tu_edpt_claim+0x46>
10003964:	2500      	movs	r5, #0
10003966:	e7e9      	b.n	1000393c <tu_edpt_claim+0x18>
10003968:	2500      	movs	r5, #0
1000396a:	0030      	movs	r0, r6
1000396c:	f000 fb6c 	bl	10004048 <__mutex_exit_veneer>
10003970:	e7e4      	b.n	1000393c <tu_edpt_claim+0x18>
10003972:	46c0      	nop			@ (mov r8, r8)

10003974 <tu_edpt_release>:
10003974:	b570      	push	{r4, r5, r6, lr}
10003976:	000d      	movs	r5, r1
10003978:	2101      	movs	r1, #1
1000397a:	0004      	movs	r4, r0
1000397c:	4249      	negs	r1, r1
1000397e:	0028      	movs	r0, r5
10003980:	f000 fb3a 	bl	10003ff8 <__mutex_enter_timeout_ms_veneer>
10003984:	7823      	ldrb	r3, [r4, #0]
10003986:	075b      	lsls	r3, r3, #29
10003988:	0fde      	lsrs	r6, r3, #31
1000398a:	2b00      	cmp	r3, #0
1000398c:	db04      	blt.n	10003998 <tu_edpt_release+0x24>
1000398e:	0028      	movs	r0, r5
10003990:	f000 fb5a 	bl	10004048 <__mutex_exit_veneer>
10003994:	0030      	movs	r0, r6
10003996:	bd70      	pop	{r4, r5, r6, pc}
10003998:	7823      	ldrb	r3, [r4, #0]
1000399a:	07db      	lsls	r3, r3, #31
1000399c:	d404      	bmi.n	100039a8 <tu_edpt_release+0x34>
1000399e:	2204      	movs	r2, #4
100039a0:	7823      	ldrb	r3, [r4, #0]
100039a2:	4393      	bics	r3, r2
100039a4:	7023      	strb	r3, [r4, #0]
100039a6:	e7f2      	b.n	1000398e <tu_edpt_release+0x1a>
100039a8:	2600      	movs	r6, #0
100039aa:	e7f0      	b.n	1000398e <tu_edpt_release+0x1a>

100039ac <tu_edpt_validate>:
100039ac:	7943      	ldrb	r3, [r0, #5]
100039ae:	7902      	ldrb	r2, [r0, #4]
100039b0:	021b      	lsls	r3, r3, #8
100039b2:	4313      	orrs	r3, r2
100039b4:	78c2      	ldrb	r2, [r0, #3]
100039b6:	055b      	lsls	r3, r3, #21
100039b8:	0792      	lsls	r2, r2, #30
100039ba:	0d5b      	lsrs	r3, r3, #21
100039bc:	0f92      	lsrs	r2, r2, #30
100039be:	2a02      	cmp	r2, #2
100039c0:	d01a      	beq.n	100039f8 <tu_edpt_validate+0x4c>
100039c2:	2a03      	cmp	r2, #3
100039c4:	d00b      	beq.n	100039de <tu_edpt_validate+0x32>
100039c6:	2000      	movs	r0, #0
100039c8:	2a01      	cmp	r2, #1
100039ca:	d107      	bne.n	100039dc <tu_edpt_validate+0x30>
100039cc:	3902      	subs	r1, #2
100039ce:	424a      	negs	r2, r1
100039d0:	4151      	adcs	r1, r2
100039d2:	4a10      	ldr	r2, [pc, #64]	@ (10003a14 <tu_edpt_validate+0x68>)
100039d4:	1889      	adds	r1, r1, r2
100039d6:	4299      	cmp	r1, r3
100039d8:	4140      	adcs	r0, r0
100039da:	b2c0      	uxtb	r0, r0
100039dc:	4770      	bx	lr
100039de:	3902      	subs	r1, #2
100039e0:	1e4a      	subs	r2, r1, #1
100039e2:	4191      	sbcs	r1, r2
100039e4:	4a0c      	ldr	r2, [pc, #48]	@ (10003a18 <tu_edpt_validate+0x6c>)
100039e6:	4249      	negs	r1, r1
100039e8:	4011      	ands	r1, r2
100039ea:	2280      	movs	r2, #128	@ 0x80
100039ec:	2000      	movs	r0, #0
100039ee:	00d2      	lsls	r2, r2, #3
100039f0:	1889      	adds	r1, r1, r2
100039f2:	4299      	cmp	r1, r3
100039f4:	4140      	adcs	r0, r0
100039f6:	e7f1      	b.n	100039dc <tu_edpt_validate+0x30>
100039f8:	2902      	cmp	r1, #2
100039fa:	d004      	beq.n	10003a06 <tu_edpt_validate+0x5a>
100039fc:	2000      	movs	r0, #0
100039fe:	2240      	movs	r2, #64	@ 0x40
10003a00:	429a      	cmp	r2, r3
10003a02:	4140      	adcs	r0, r0
10003a04:	e7ea      	b.n	100039dc <tu_edpt_validate+0x30>
10003a06:	4a05      	ldr	r2, [pc, #20]	@ (10003a1c <tu_edpt_validate+0x70>)
10003a08:	1898      	adds	r0, r3, r2
10003a0a:	4243      	negs	r3, r0
10003a0c:	4158      	adcs	r0, r3
10003a0e:	b2c0      	uxtb	r0, r0
10003a10:	e7e4      	b.n	100039dc <tu_edpt_validate+0x30>
10003a12:	46c0      	nop			@ (mov r8, r8)
10003a14:	000003ff 	.word	0x000003ff
10003a18:	fffffc40 	.word	0xfffffc40
10003a1c:	fffffe00 	.word	0xfffffe00

10003a20 <tu_edpt_bind_driver>:
10003a20:	4684      	mov	ip, r0
10003a22:	1888      	adds	r0, r1, r2
10003a24:	b530      	push	{r4, r5, lr}
10003a26:	001c      	movs	r4, r3
10003a28:	4281      	cmp	r1, r0
10003a2a:	d206      	bcs.n	10003a3a <tu_edpt_bind_driver+0x1a>
10003a2c:	784a      	ldrb	r2, [r1, #1]
10003a2e:	2a05      	cmp	r2, #5
10003a30:	d004      	beq.n	10003a3c <tu_edpt_bind_driver+0x1c>
10003a32:	780a      	ldrb	r2, [r1, #0]
10003a34:	1889      	adds	r1, r1, r2
10003a36:	4288      	cmp	r0, r1
10003a38:	d8f8      	bhi.n	10003a2c <tu_edpt_bind_driver+0xc>
10003a3a:	bd30      	pop	{r4, r5, pc}
10003a3c:	227f      	movs	r2, #127	@ 0x7f
10003a3e:	788b      	ldrb	r3, [r1, #2]
10003a40:	401a      	ands	r2, r3
10003a42:	0052      	lsls	r2, r2, #1
10003a44:	4462      	add	r2, ip
10003a46:	09db      	lsrs	r3, r3, #7
10003a48:	54d4      	strb	r4, [r2, r3]
10003a4a:	780a      	ldrb	r2, [r1, #0]
10003a4c:	1889      	adds	r1, r1, r2
10003a4e:	4288      	cmp	r0, r1
10003a50:	d8ec      	bhi.n	10003a2c <tu_edpt_bind_driver+0xc>
10003a52:	e7f2      	b.n	10003a3a <tu_edpt_bind_driver+0x1a>

10003a54 <tu_fifo_config>:
10003a54:	b5f0      	push	{r4, r5, r6, r7, lr}
10003a56:	46c6      	mov	lr, r8
10003a58:	b500      	push	{lr}
10003a5a:	4698      	mov	r8, r3
10003a5c:	466b      	mov	r3, sp
10003a5e:	7e1e      	ldrb	r6, [r3, #24]
10003a60:	2380      	movs	r3, #128	@ 0x80
10003a62:	0004      	movs	r4, r0
10003a64:	000f      	movs	r7, r1
10003a66:	0015      	movs	r5, r2
10003a68:	021b      	lsls	r3, r3, #8
10003a6a:	429a      	cmp	r2, r3
10003a6c:	d826      	bhi.n	10003abc <tu_fifo_config+0x68>
10003a6e:	68c0      	ldr	r0, [r0, #12]
10003a70:	2800      	cmp	r0, #0
10003a72:	d003      	beq.n	10003a7c <tu_fifo_config+0x28>
10003a74:	2101      	movs	r1, #1
10003a76:	4249      	negs	r1, r1
10003a78:	f000 fabe 	bl	10003ff8 <__mutex_enter_timeout_ms_veneer>
10003a7c:	6920      	ldr	r0, [r4, #16]
10003a7e:	2800      	cmp	r0, #0
10003a80:	d003      	beq.n	10003a8a <tu_fifo_config+0x36>
10003a82:	2101      	movs	r1, #1
10003a84:	4249      	negs	r1, r1
10003a86:	f000 fab7 	bl	10003ff8 <__mutex_enter_timeout_ms_veneer>
10003a8a:	4642      	mov	r2, r8
10003a8c:	0452      	lsls	r2, r2, #17
10003a8e:	03f3      	lsls	r3, r6, #15
10003a90:	0c52      	lsrs	r2, r2, #17
10003a92:	4313      	orrs	r3, r2
10003a94:	80e3      	strh	r3, [r4, #6]
10003a96:	2300      	movs	r3, #0
10003a98:	68e0      	ldr	r0, [r4, #12]
10003a9a:	8163      	strh	r3, [r4, #10]
10003a9c:	6027      	str	r7, [r4, #0]
10003a9e:	80a5      	strh	r5, [r4, #4]
10003aa0:	8123      	strh	r3, [r4, #8]
10003aa2:	2800      	cmp	r0, #0
10003aa4:	d001      	beq.n	10003aaa <tu_fifo_config+0x56>
10003aa6:	f000 facf 	bl	10004048 <__mutex_exit_veneer>
10003aaa:	6920      	ldr	r0, [r4, #16]
10003aac:	2800      	cmp	r0, #0
10003aae:	d001      	beq.n	10003ab4 <tu_fifo_config+0x60>
10003ab0:	f000 faca 	bl	10004048 <__mutex_exit_veneer>
10003ab4:	2001      	movs	r0, #1
10003ab6:	bc80      	pop	{r7}
10003ab8:	46b8      	mov	r8, r7
10003aba:	bdf0      	pop	{r4, r5, r6, r7, pc}
10003abc:	2000      	movs	r0, #0
10003abe:	e7fa      	b.n	10003ab6 <tu_fifo_config+0x62>

10003ac0 <tu_fifo_count>:
10003ac0:	8903      	ldrh	r3, [r0, #8]
10003ac2:	8941      	ldrh	r1, [r0, #10]
10003ac4:	469c      	mov	ip, r3
10003ac6:	8882      	ldrh	r2, [r0, #4]
10003ac8:	b29b      	uxth	r3, r3
10003aca:	b288      	uxth	r0, r1
10003acc:	458c      	cmp	ip, r1
10003ace:	d307      	bcc.n	10003ae0 <tu_fifo_count+0x20>
10003ad0:	1a1b      	subs	r3, r3, r0
10003ad2:	b29b      	uxth	r3, r3
10003ad4:	1c10      	adds	r0, r2, #0
10003ad6:	429a      	cmp	r2, r3
10003ad8:	d900      	bls.n	10003adc <tu_fifo_count+0x1c>
10003ada:	1c18      	adds	r0, r3, #0
10003adc:	b280      	uxth	r0, r0
10003ade:	4770      	bx	lr
10003ae0:	0051      	lsls	r1, r2, #1
10003ae2:	1a09      	subs	r1, r1, r0
10003ae4:	185b      	adds	r3, r3, r1
10003ae6:	b29b      	uxth	r3, r3
10003ae8:	e7f4      	b.n	10003ad4 <tu_fifo_count+0x14>
10003aea:	46c0      	nop			@ (mov r8, r8)

10003aec <tu_fifo_empty>:
10003aec:	8903      	ldrh	r3, [r0, #8]
10003aee:	8940      	ldrh	r0, [r0, #10]
10003af0:	1a18      	subs	r0, r3, r0
10003af2:	4243      	negs	r3, r0
10003af4:	4158      	adcs	r0, r3
10003af6:	b2c0      	uxtb	r0, r0
10003af8:	4770      	bx	lr
10003afa:	46c0      	nop			@ (mov r8, r8)

10003afc <tu_fifo_remaining>:
10003afc:	8903      	ldrh	r3, [r0, #8]
10003afe:	8941      	ldrh	r1, [r0, #10]
10003b00:	469c      	mov	ip, r3
10003b02:	8882      	ldrh	r2, [r0, #4]
10003b04:	b29b      	uxth	r3, r3
10003b06:	b288      	uxth	r0, r1
10003b08:	458c      	cmp	ip, r1
10003b0a:	d307      	bcc.n	10003b1c <tu_fifo_remaining+0x20>
10003b0c:	1a1b      	subs	r3, r3, r0
10003b0e:	b29b      	uxth	r3, r3
10003b10:	2000      	movs	r0, #0
10003b12:	429a      	cmp	r2, r3
10003b14:	d901      	bls.n	10003b1a <tu_fifo_remaining+0x1e>
10003b16:	1ad2      	subs	r2, r2, r3
10003b18:	b290      	uxth	r0, r2
10003b1a:	4770      	bx	lr
10003b1c:	0051      	lsls	r1, r2, #1
10003b1e:	1a09      	subs	r1, r1, r0
10003b20:	185b      	adds	r3, r3, r1
10003b22:	b29b      	uxth	r3, r3
10003b24:	e7f4      	b.n	10003b10 <tu_fifo_remaining+0x14>
10003b26:	46c0      	nop			@ (mov r8, r8)

10003b28 <tu_fifo_read>:
10003b28:	b570      	push	{r4, r5, r6, lr}
10003b2a:	0004      	movs	r4, r0
10003b2c:	6900      	ldr	r0, [r0, #16]
10003b2e:	000d      	movs	r5, r1
10003b30:	2800      	cmp	r0, #0
10003b32:	d003      	beq.n	10003b3c <tu_fifo_read+0x14>
10003b34:	2101      	movs	r1, #1
10003b36:	4249      	negs	r1, r1
10003b38:	f000 fa5e 	bl	10003ff8 <__mutex_enter_timeout_ms_veneer>
10003b3c:	8923      	ldrh	r3, [r4, #8]
10003b3e:	8962      	ldrh	r2, [r4, #10]
10003b40:	469c      	mov	ip, r3
10003b42:	b298      	uxth	r0, r3
10003b44:	b291      	uxth	r1, r2
10003b46:	88a3      	ldrh	r3, [r4, #4]
10003b48:	4594      	cmp	ip, r2
10003b4a:	d332      	bcc.n	10003bb2 <tu_fifo_read+0x8a>
10003b4c:	1a42      	subs	r2, r0, r1
10003b4e:	b292      	uxth	r2, r2
10003b50:	2a00      	cmp	r2, #0
10003b52:	d027      	beq.n	10003ba4 <tu_fifo_read+0x7c>
10003b54:	4293      	cmp	r3, r2
10003b56:	d208      	bcs.n	10003b6a <tu_fifo_read+0x42>
10003b58:	4298      	cmp	r0, r3
10003b5a:	d32f      	bcc.n	10003bbc <tu_fifo_read+0x94>
10003b5c:	1ac0      	subs	r0, r0, r3
10003b5e:	b281      	uxth	r1, r0
10003b60:	8161      	strh	r1, [r4, #10]
10003b62:	428b      	cmp	r3, r1
10003b64:	d803      	bhi.n	10003b6e <tu_fifo_read+0x46>
10003b66:	1ac9      	subs	r1, r1, r3
10003b68:	b289      	uxth	r1, r1
10003b6a:	428b      	cmp	r3, r1
10003b6c:	d9fb      	bls.n	10003b66 <tu_fifo_read+0x3e>
10003b6e:	88e2      	ldrh	r2, [r4, #6]
10003b70:	6823      	ldr	r3, [r4, #0]
10003b72:	0452      	lsls	r2, r2, #17
10003b74:	0c52      	lsrs	r2, r2, #17
10003b76:	4351      	muls	r1, r2
10003b78:	0028      	movs	r0, r5
10003b7a:	1859      	adds	r1, r3, r1
10003b7c:	f7fd fed2 	bl	10001924 <__wrap___aeabi_memcpy>
10003b80:	8961      	ldrh	r1, [r4, #10]
10003b82:	2501      	movs	r5, #1
10003b84:	1c4a      	adds	r2, r1, #1
10003b86:	b292      	uxth	r2, r2
10003b88:	88a3      	ldrh	r3, [r4, #4]
10003b8a:	4291      	cmp	r1, r2
10003b8c:	d90d      	bls.n	10003baa <tu_fifo_read+0x82>
10003b8e:	2200      	movs	r2, #0
10003b90:	005b      	lsls	r3, r3, #1
10003b92:	1ad2      	subs	r2, r2, r3
10003b94:	6920      	ldr	r0, [r4, #16]
10003b96:	8162      	strh	r2, [r4, #10]
10003b98:	2800      	cmp	r0, #0
10003b9a:	d001      	beq.n	10003ba0 <tu_fifo_read+0x78>
10003b9c:	f000 fa54 	bl	10004048 <__mutex_exit_veneer>
10003ba0:	0028      	movs	r0, r5
10003ba2:	bd70      	pop	{r4, r5, r6, pc}
10003ba4:	2500      	movs	r5, #0
10003ba6:	8962      	ldrh	r2, [r4, #10]
10003ba8:	b292      	uxth	r2, r2
10003baa:	005b      	lsls	r3, r3, #1
10003bac:	429a      	cmp	r2, r3
10003bae:	dbf1      	blt.n	10003b94 <tu_fifo_read+0x6c>
10003bb0:	e7ef      	b.n	10003b92 <tu_fifo_read+0x6a>
10003bb2:	005a      	lsls	r2, r3, #1
10003bb4:	1a52      	subs	r2, r2, r1
10003bb6:	1882      	adds	r2, r0, r2
10003bb8:	b292      	uxth	r2, r2
10003bba:	e7c9      	b.n	10003b50 <tu_fifo_read+0x28>
10003bbc:	18c0      	adds	r0, r0, r3
10003bbe:	b281      	uxth	r1, r0
10003bc0:	8161      	strh	r1, [r4, #10]
10003bc2:	e7ce      	b.n	10003b62 <tu_fifo_read+0x3a>

10003bc4 <tu_fifo_read_n>:
10003bc4:	b5f0      	push	{r4, r5, r6, r7, lr}
10003bc6:	4646      	mov	r6, r8
10003bc8:	46d6      	mov	lr, sl
10003bca:	464f      	mov	r7, r9
10003bcc:	b5c0      	push	{r6, r7, lr}
10003bce:	0006      	movs	r6, r0
10003bd0:	6900      	ldr	r0, [r0, #16]
10003bd2:	468a      	mov	sl, r1
10003bd4:	4690      	mov	r8, r2
10003bd6:	b082      	sub	sp, #8
10003bd8:	2800      	cmp	r0, #0
10003bda:	d003      	beq.n	10003be4 <tu_fifo_read_n+0x20>
10003bdc:	2101      	movs	r1, #1
10003bde:	4249      	negs	r1, r1
10003be0:	f000 fa0a 	bl	10003ff8 <__mutex_enter_timeout_ms_veneer>
10003be4:	8931      	ldrh	r1, [r6, #8]
10003be6:	8972      	ldrh	r2, [r6, #10]
10003be8:	88b5      	ldrh	r5, [r6, #4]
10003bea:	b28b      	uxth	r3, r1
10003bec:	b294      	uxth	r4, r2
10003bee:	4291      	cmp	r1, r2
10003bf0:	d355      	bcc.n	10003c9e <tu_fifo_read_n+0xda>
10003bf2:	1b1f      	subs	r7, r3, r4
10003bf4:	b2bf      	uxth	r7, r7
10003bf6:	2f00      	cmp	r7, #0
10003bf8:	d04b      	beq.n	10003c92 <tu_fifo_read_n+0xce>
10003bfa:	42bd      	cmp	r5, r7
10003bfc:	d205      	bcs.n	10003c0a <tu_fifo_read_n+0x46>
10003bfe:	42ab      	cmp	r3, r5
10003c00:	d252      	bcs.n	10003ca8 <tu_fifo_read_n+0xe4>
10003c02:	195b      	adds	r3, r3, r5
10003c04:	b29c      	uxth	r4, r3
10003c06:	002f      	movs	r7, r5
10003c08:	8174      	strh	r4, [r6, #10]
10003c0a:	4643      	mov	r3, r8
10003c0c:	45b8      	cmp	r8, r7
10003c0e:	d83e      	bhi.n	10003c8e <tu_fifo_read_n+0xca>
10003c10:	b29f      	uxth	r7, r3
10003c12:	42a5      	cmp	r5, r4
10003c14:	d803      	bhi.n	10003c1e <tu_fifo_read_n+0x5a>
10003c16:	1b64      	subs	r4, r4, r5
10003c18:	b2a4      	uxth	r4, r4
10003c1a:	42a5      	cmp	r5, r4
10003c1c:	d9fb      	bls.n	10003c16 <tu_fifo_read_n+0x52>
10003c1e:	88f2      	ldrh	r2, [r6, #6]
10003c20:	6831      	ldr	r1, [r6, #0]
10003c22:	0452      	lsls	r2, r2, #17
10003c24:	0c50      	lsrs	r0, r2, #17
10003c26:	0002      	movs	r2, r0
10003c28:	4362      	muls	r2, r4
10003c2a:	1b2b      	subs	r3, r5, r4
10003c2c:	b29b      	uxth	r3, r3
10003c2e:	1889      	adds	r1, r1, r2
10003c30:	9001      	str	r0, [sp, #4]
10003c32:	0002      	movs	r2, r0
10003c34:	429f      	cmp	r7, r3
10003c36:	d925      	bls.n	10003c84 <tu_fifo_read_n+0xc0>
10003c38:	4343      	muls	r3, r0
10003c3a:	b29b      	uxth	r3, r3
10003c3c:	001a      	movs	r2, r3
10003c3e:	4650      	mov	r0, sl
10003c40:	4699      	mov	r9, r3
10003c42:	f7fd fe6f 	bl	10001924 <__wrap___aeabi_memcpy>
10003c46:	4650      	mov	r0, sl
10003c48:	9a01      	ldr	r2, [sp, #4]
10003c4a:	1b7d      	subs	r5, r7, r5
10003c4c:	1964      	adds	r4, r4, r5
10003c4e:	4354      	muls	r4, r2
10003c50:	6831      	ldr	r1, [r6, #0]
10003c52:	4448      	add	r0, r9
10003c54:	b2a2      	uxth	r2, r4
10003c56:	f7fd fe65 	bl	10001924 <__wrap___aeabi_memcpy>
10003c5a:	8971      	ldrh	r1, [r6, #10]
10003c5c:	88b5      	ldrh	r5, [r6, #4]
10003c5e:	19cb      	adds	r3, r1, r7
10003c60:	b29b      	uxth	r3, r3
10003c62:	006a      	lsls	r2, r5, #1
10003c64:	4299      	cmp	r1, r3
10003c66:	d916      	bls.n	10003c96 <tu_fifo_read_n+0xd2>
10003c68:	1a9b      	subs	r3, r3, r2
10003c6a:	6930      	ldr	r0, [r6, #16]
10003c6c:	8173      	strh	r3, [r6, #10]
10003c6e:	2800      	cmp	r0, #0
10003c70:	d001      	beq.n	10003c76 <tu_fifo_read_n+0xb2>
10003c72:	f000 f9e9 	bl	10004048 <__mutex_exit_veneer>
10003c76:	0038      	movs	r0, r7
10003c78:	b002      	add	sp, #8
10003c7a:	bce0      	pop	{r5, r6, r7}
10003c7c:	46ba      	mov	sl, r7
10003c7e:	46b1      	mov	r9, r6
10003c80:	46a8      	mov	r8, r5
10003c82:	bdf0      	pop	{r4, r5, r6, r7, pc}
10003c84:	4650      	mov	r0, sl
10003c86:	437a      	muls	r2, r7
10003c88:	f7fd fe4c 	bl	10001924 <__wrap___aeabi_memcpy>
10003c8c:	e7e5      	b.n	10003c5a <tu_fifo_read_n+0x96>
10003c8e:	1c3b      	adds	r3, r7, #0
10003c90:	e7be      	b.n	10003c10 <tu_fifo_read_n+0x4c>
10003c92:	8973      	ldrh	r3, [r6, #10]
10003c94:	b29b      	uxth	r3, r3
10003c96:	006a      	lsls	r2, r5, #1
10003c98:	4293      	cmp	r3, r2
10003c9a:	dbe6      	blt.n	10003c6a <tu_fifo_read_n+0xa6>
10003c9c:	e7e4      	b.n	10003c68 <tu_fifo_read_n+0xa4>
10003c9e:	006f      	lsls	r7, r5, #1
10003ca0:	1b3f      	subs	r7, r7, r4
10003ca2:	19df      	adds	r7, r3, r7
10003ca4:	b2bf      	uxth	r7, r7
10003ca6:	e7a6      	b.n	10003bf6 <tu_fifo_read_n+0x32>
10003ca8:	1b5b      	subs	r3, r3, r5
10003caa:	b29c      	uxth	r4, r3
10003cac:	e7ab      	b.n	10003c06 <tu_fifo_read_n+0x42>
10003cae:	46c0      	nop			@ (mov r8, r8)

10003cb0 <tu_fifo_write>:
10003cb0:	b5f8      	push	{r3, r4, r5, r6, r7, lr}
10003cb2:	0004      	movs	r4, r0
10003cb4:	68c0      	ldr	r0, [r0, #12]
10003cb6:	000f      	movs	r7, r1
10003cb8:	2800      	cmp	r0, #0
10003cba:	d003      	beq.n	10003cc4 <tu_fifo_write+0x14>
10003cbc:	2101      	movs	r1, #1
10003cbe:	4249      	negs	r1, r1
10003cc0:	f000 f99a 	bl	10003ff8 <__mutex_enter_timeout_ms_veneer>
10003cc4:	8925      	ldrh	r5, [r4, #8]
10003cc6:	8920      	ldrh	r0, [r4, #8]
10003cc8:	8961      	ldrh	r1, [r4, #10]
10003cca:	88a2      	ldrh	r2, [r4, #4]
10003ccc:	b2ad      	uxth	r5, r5
10003cce:	b283      	uxth	r3, r0
10003cd0:	b28e      	uxth	r6, r1
10003cd2:	4288      	cmp	r0, r1
10003cd4:	d328      	bcc.n	10003d28 <tu_fifo_write+0x78>
10003cd6:	1b9b      	subs	r3, r3, r6
10003cd8:	b29b      	uxth	r3, r3
10003cda:	429a      	cmp	r2, r3
10003cdc:	d809      	bhi.n	10003cf2 <tu_fifo_write+0x42>
10003cde:	79e6      	ldrb	r6, [r4, #7]
10003ce0:	09f6      	lsrs	r6, r6, #7
10003ce2:	d106      	bne.n	10003cf2 <tu_fifo_write+0x42>
10003ce4:	68e0      	ldr	r0, [r4, #12]
10003ce6:	2800      	cmp	r0, #0
10003ce8:	d001      	beq.n	10003cee <tu_fifo_write+0x3e>
10003cea:	f000 f9ad 	bl	10004048 <__mutex_exit_veneer>
10003cee:	0030      	movs	r0, r6
10003cf0:	bdf8      	pop	{r3, r4, r5, r6, r7, pc}
10003cf2:	002b      	movs	r3, r5
10003cf4:	4295      	cmp	r5, r2
10003cf6:	d31c      	bcc.n	10003d32 <tu_fifo_write+0x82>
10003cf8:	1a9b      	subs	r3, r3, r2
10003cfa:	b29b      	uxth	r3, r3
10003cfc:	4293      	cmp	r3, r2
10003cfe:	d2fb      	bcs.n	10003cf8 <tu_fifo_write+0x48>
10003d00:	88e2      	ldrh	r2, [r4, #6]
10003d02:	6820      	ldr	r0, [r4, #0]
10003d04:	0452      	lsls	r2, r2, #17
10003d06:	0c52      	lsrs	r2, r2, #17
10003d08:	4353      	muls	r3, r2
10003d0a:	0039      	movs	r1, r7
10003d0c:	18c0      	adds	r0, r0, r3
10003d0e:	f7fd fe09 	bl	10001924 <__wrap___aeabi_memcpy>
10003d12:	1c6b      	adds	r3, r5, #1
10003d14:	b29b      	uxth	r3, r3
10003d16:	88a2      	ldrh	r2, [r4, #4]
10003d18:	429d      	cmp	r5, r3
10003d1a:	d916      	bls.n	10003d4a <tu_fifo_write+0x9a>
10003d1c:	2300      	movs	r3, #0
10003d1e:	0052      	lsls	r2, r2, #1
10003d20:	1a9b      	subs	r3, r3, r2
10003d22:	2601      	movs	r6, #1
10003d24:	8123      	strh	r3, [r4, #8]
10003d26:	e7dd      	b.n	10003ce4 <tu_fifo_write+0x34>
10003d28:	0051      	lsls	r1, r2, #1
10003d2a:	1b89      	subs	r1, r1, r6
10003d2c:	185b      	adds	r3, r3, r1
10003d2e:	b29b      	uxth	r3, r3
10003d30:	e7d3      	b.n	10003cda <tu_fifo_write+0x2a>
10003d32:	88e2      	ldrh	r2, [r4, #6]
10003d34:	6820      	ldr	r0, [r4, #0]
10003d36:	0452      	lsls	r2, r2, #17
10003d38:	0c52      	lsrs	r2, r2, #17
10003d3a:	4353      	muls	r3, r2
10003d3c:	0039      	movs	r1, r7
10003d3e:	18c0      	adds	r0, r0, r3
10003d40:	f7fd fdf0 	bl	10001924 <__wrap___aeabi_memcpy>
10003d44:	3501      	adds	r5, #1
10003d46:	88a2      	ldrh	r2, [r4, #4]
10003d48:	b2ab      	uxth	r3, r5
10003d4a:	0052      	lsls	r2, r2, #1
10003d4c:	4293      	cmp	r3, r2
10003d4e:	dbe8      	blt.n	10003d22 <tu_fifo_write+0x72>
10003d50:	e7e6      	b.n	10003d20 <tu_fifo_write+0x70>
10003d52:	46c0      	nop			@ (mov r8, r8)

10003d54 <tu_fifo_write_n>:
10003d54:	b5f0      	push	{r4, r5, r6, r7, lr}
10003d56:	464e      	mov	r6, r9
10003d58:	4645      	mov	r5, r8
10003d5a:	46de      	mov	lr, fp
10003d5c:	4657      	mov	r7, sl
10003d5e:	b5e0      	push	{r5, r6, r7, lr}
10003d60:	4689      	mov	r9, r1
10003d62:	0005      	movs	r5, r0
10003d64:	0016      	movs	r6, r2
10003d66:	b083      	sub	sp, #12
10003d68:	2a00      	cmp	r2, #0
10003d6a:	d06b      	beq.n	10003e44 <tu_fifo_write_n+0xf0>
10003d6c:	68c0      	ldr	r0, [r0, #12]
10003d6e:	2800      	cmp	r0, #0
10003d70:	d003      	beq.n	10003d7a <tu_fifo_write_n+0x26>
10003d72:	2101      	movs	r1, #1
10003d74:	4249      	negs	r1, r1
10003d76:	f000 f93f 	bl	10003ff8 <__mutex_enter_timeout_ms_veneer>
10003d7a:	892f      	ldrh	r7, [r5, #8]
10003d7c:	79ea      	ldrb	r2, [r5, #7]
10003d7e:	b2bb      	uxth	r3, r7
10003d80:	4698      	mov	r8, r3
10003d82:	896b      	ldrh	r3, [r5, #10]
10003d84:	88af      	ldrh	r7, [r5, #4]
10003d86:	b29b      	uxth	r3, r3
10003d88:	09d2      	lsrs	r2, r2, #7
10003d8a:	d13d      	bne.n	10003e08 <tu_fifo_write_n+0xb4>
10003d8c:	4598      	cmp	r8, r3
10003d8e:	d262      	bcs.n	10003e56 <tu_fifo_write_n+0x102>
10003d90:	007a      	lsls	r2, r7, #1
10003d92:	1ad3      	subs	r3, r2, r3
10003d94:	4443      	add	r3, r8
10003d96:	b29b      	uxth	r3, r3
10003d98:	42bb      	cmp	r3, r7
10003d9a:	d261      	bcs.n	10003e60 <tu_fifo_write_n+0x10c>
10003d9c:	1afb      	subs	r3, r7, r3
10003d9e:	1c1a      	adds	r2, r3, #0
10003da0:	b29b      	uxth	r3, r3
10003da2:	42b3      	cmp	r3, r6
10003da4:	d900      	bls.n	10003da8 <tu_fifo_write_n+0x54>
10003da6:	1c32      	adds	r2, r6, #0
10003da8:	b296      	uxth	r6, r2
10003daa:	1bf3      	subs	r3, r6, r7
10003dac:	9301      	str	r3, [sp, #4]
10003dae:	4643      	mov	r3, r8
10003db0:	18f3      	adds	r3, r6, r3
10003db2:	b29b      	uxth	r3, r3
10003db4:	469b      	mov	fp, r3
10003db6:	88ea      	ldrh	r2, [r5, #6]
10003db8:	4644      	mov	r4, r8
10003dba:	45b8      	cmp	r8, r7
10003dbc:	d303      	bcc.n	10003dc6 <tu_fifo_write_n+0x72>
10003dbe:	1be4      	subs	r4, r4, r7
10003dc0:	b2a4      	uxth	r4, r4
10003dc2:	42bc      	cmp	r4, r7
10003dc4:	d2fb      	bcs.n	10003dbe <tu_fifo_write_n+0x6a>
10003dc6:	0452      	lsls	r2, r2, #17
10003dc8:	1b3b      	subs	r3, r7, r4
10003dca:	0c57      	lsrs	r7, r2, #17
10003dcc:	003a      	movs	r2, r7
10003dce:	4362      	muls	r2, r4
10003dd0:	6828      	ldr	r0, [r5, #0]
10003dd2:	b29b      	uxth	r3, r3
10003dd4:	1880      	adds	r0, r0, r2
10003dd6:	42b3      	cmp	r3, r6
10003dd8:	d356      	bcc.n	10003e88 <tu_fifo_write_n+0x134>
10003dda:	003a      	movs	r2, r7
10003ddc:	4649      	mov	r1, r9
10003dde:	4372      	muls	r2, r6
10003de0:	f7fd fda0 	bl	10001924 <__wrap___aeabi_memcpy>
10003de4:	88ab      	ldrh	r3, [r5, #4]
10003de6:	005b      	lsls	r3, r3, #1
10003de8:	45d8      	cmp	r8, fp
10003dea:	d801      	bhi.n	10003df0 <tu_fifo_write_n+0x9c>
10003dec:	459b      	cmp	fp, r3
10003dee:	db02      	blt.n	10003df6 <tu_fifo_write_n+0xa2>
10003df0:	465a      	mov	r2, fp
10003df2:	1ad3      	subs	r3, r2, r3
10003df4:	469b      	mov	fp, r3
10003df6:	465b      	mov	r3, fp
10003df8:	0037      	movs	r7, r6
10003dfa:	812b      	strh	r3, [r5, #8]
10003dfc:	68e8      	ldr	r0, [r5, #12]
10003dfe:	2800      	cmp	r0, #0
10003e00:	d021      	beq.n	10003e46 <tu_fifo_write_n+0xf2>
10003e02:	f000 f921 	bl	10004048 <__mutex_exit_veneer>
10003e06:	e01e      	b.n	10003e46 <tu_fifo_write_n+0xf2>
10003e08:	42be      	cmp	r6, r7
10003e0a:	d22b      	bcs.n	10003e64 <tu_fifo_write_n+0x110>
10003e0c:	4598      	cmp	r8, r3
10003e0e:	d34c      	bcc.n	10003eaa <tu_fifo_write_n+0x156>
10003e10:	4642      	mov	r2, r8
10003e12:	1ad2      	subs	r2, r2, r3
10003e14:	b292      	uxth	r2, r2
10003e16:	0079      	lsls	r1, r7, #1
10003e18:	1bf0      	subs	r0, r6, r7
10003e1a:	1992      	adds	r2, r2, r6
10003e1c:	9001      	str	r0, [sp, #4]
10003e1e:	428a      	cmp	r2, r1
10003e20:	dbc5      	blt.n	10003dae <tu_fifo_write_n+0x5a>
10003e22:	19da      	adds	r2, r3, r7
10003e24:	b292      	uxth	r2, r2
10003e26:	4693      	mov	fp, r2
10003e28:	1b92      	subs	r2, r2, r6
10003e2a:	b292      	uxth	r2, r2
10003e2c:	4690      	mov	r8, r2
10003e2e:	4293      	cmp	r3, r2
10003e30:	d940      	bls.n	10003eb4 <tu_fifo_write_n+0x160>
10003e32:	4643      	mov	r3, r8
10003e34:	1a59      	subs	r1, r3, r1
10003e36:	b28b      	uxth	r3, r1
10003e38:	4698      	mov	r8, r3
10003e3a:	18f3      	adds	r3, r6, r3
10003e3c:	b29b      	uxth	r3, r3
10003e3e:	469b      	mov	fp, r3
10003e40:	88ea      	ldrh	r2, [r5, #6]
10003e42:	e7b9      	b.n	10003db8 <tu_fifo_write_n+0x64>
10003e44:	2700      	movs	r7, #0
10003e46:	0038      	movs	r0, r7
10003e48:	b003      	add	sp, #12
10003e4a:	bcf0      	pop	{r4, r5, r6, r7}
10003e4c:	46bb      	mov	fp, r7
10003e4e:	46b2      	mov	sl, r6
10003e50:	46a9      	mov	r9, r5
10003e52:	46a0      	mov	r8, r4
10003e54:	bdf0      	pop	{r4, r5, r6, r7, pc}
10003e56:	4642      	mov	r2, r8
10003e58:	1ad3      	subs	r3, r2, r3
10003e5a:	b29b      	uxth	r3, r3
10003e5c:	42bb      	cmp	r3, r7
10003e5e:	d39d      	bcc.n	10003d9c <tu_fifo_write_n+0x48>
10003e60:	2700      	movs	r7, #0
10003e62:	e7cb      	b.n	10003dfc <tu_fifo_write_n+0xa8>
10003e64:	2f00      	cmp	r7, #0
10003e66:	d0c9      	beq.n	10003dfc <tu_fifo_write_n+0xa8>
10003e68:	46cc      	mov	ip, r9
10003e6a:	88ea      	ldrh	r2, [r5, #6]
10003e6c:	1bf6      	subs	r6, r6, r7
10003e6e:	0451      	lsls	r1, r2, #17
10003e70:	0c49      	lsrs	r1, r1, #17
10003e72:	4371      	muls	r1, r6
10003e74:	4698      	mov	r8, r3
10003e76:	448c      	add	ip, r1
10003e78:	19d9      	adds	r1, r3, r7
10003e7a:	2300      	movs	r3, #0
10003e7c:	b289      	uxth	r1, r1
10003e7e:	46e1      	mov	r9, ip
10003e80:	468b      	mov	fp, r1
10003e82:	003e      	movs	r6, r7
10003e84:	9301      	str	r3, [sp, #4]
10003e86:	e797      	b.n	10003db8 <tu_fifo_write_n+0x64>
10003e88:	437b      	muls	r3, r7
10003e8a:	b29b      	uxth	r3, r3
10003e8c:	001a      	movs	r2, r3
10003e8e:	4649      	mov	r1, r9
10003e90:	469a      	mov	sl, r3
10003e92:	f7fd fd47 	bl	10001924 <__wrap___aeabi_memcpy>
10003e96:	4649      	mov	r1, r9
10003e98:	9b01      	ldr	r3, [sp, #4]
10003e9a:	6828      	ldr	r0, [r5, #0]
10003e9c:	18e2      	adds	r2, r4, r3
10003e9e:	437a      	muls	r2, r7
10003ea0:	4451      	add	r1, sl
10003ea2:	b292      	uxth	r2, r2
10003ea4:	f7fd fd3e 	bl	10001924 <__wrap___aeabi_memcpy>
10003ea8:	e79c      	b.n	10003de4 <tu_fifo_write_n+0x90>
10003eaa:	0079      	lsls	r1, r7, #1
10003eac:	1aca      	subs	r2, r1, r3
10003eae:	4442      	add	r2, r8
10003eb0:	b292      	uxth	r2, r2
10003eb2:	e7b1      	b.n	10003e18 <tu_fifo_write_n+0xc4>
10003eb4:	4291      	cmp	r1, r2
10003eb6:	ddbc      	ble.n	10003e32 <tu_fifo_write_n+0xde>
10003eb8:	e7c2      	b.n	10003e40 <tu_fifo_write_n+0xec>
10003eba:	46c0      	nop			@ (mov r8, r8)

10003ebc <tu_fifo_clear>:
10003ebc:	b510      	push	{r4, lr}
10003ebe:	0004      	movs	r4, r0
10003ec0:	68c0      	ldr	r0, [r0, #12]
10003ec2:	2800      	cmp	r0, #0
10003ec4:	d003      	beq.n	10003ece <tu_fifo_clear+0x12>
10003ec6:	2101      	movs	r1, #1
10003ec8:	4249      	negs	r1, r1
10003eca:	f000 f895 	bl	10003ff8 <__mutex_enter_timeout_ms_veneer>
10003ece:	6920      	ldr	r0, [r4, #16]
10003ed0:	2800      	cmp	r0, #0
10003ed2:	d003      	beq.n	10003edc <tu_fifo_clear+0x20>
10003ed4:	2101      	movs	r1, #1
10003ed6:	4249      	negs	r1, r1
10003ed8:	f000 f88e 	bl	10003ff8 <__mutex_enter_timeout_ms_veneer>
10003edc:	2300      	movs	r3, #0
10003ede:	68e0      	ldr	r0, [r4, #12]
10003ee0:	8163      	strh	r3, [r4, #10]
10003ee2:	8123      	strh	r3, [r4, #8]
10003ee4:	2800      	cmp	r0, #0
10003ee6:	d001      	beq.n	10003eec <tu_fifo_clear+0x30>
10003ee8:	f000 f8ae 	bl	10004048 <__mutex_exit_veneer>
10003eec:	6920      	ldr	r0, [r4, #16]
10003eee:	2800      	cmp	r0, #0
10003ef0:	d001      	beq.n	10003ef6 <tu_fifo_clear+0x3a>
10003ef2:	f000 f8a9 	bl	10004048 <__mutex_exit_veneer>
10003ef6:	2001      	movs	r0, #1
10003ef8:	bd10      	pop	{r4, pc}
10003efa:	46c0      	nop			@ (mov r8, r8)

10003efc <tu_fifo_set_overwritable>:
10003efc:	b570      	push	{r4, r5, r6, lr}
10003efe:	0004      	movs	r4, r0
10003f00:	68c0      	ldr	r0, [r0, #12]
10003f02:	000d      	movs	r5, r1
10003f04:	2800      	cmp	r0, #0
10003f06:	d003      	beq.n	10003f10 <tu_fifo_set_overwritable+0x14>
10003f08:	2101      	movs	r1, #1
10003f0a:	4249      	negs	r1, r1
10003f0c:	f000 f874 	bl	10003ff8 <__mutex_enter_timeout_ms_veneer>
10003f10:	6920      	ldr	r0, [r4, #16]
10003f12:	2800      	cmp	r0, #0
10003f14:	d003      	beq.n	10003f1e <tu_fifo_set_overwritable+0x22>
10003f16:	2101      	movs	r1, #1
10003f18:	4249      	negs	r1, r1
10003f1a:	f000 f86d 	bl	10003ff8 <__mutex_enter_timeout_ms_veneer>
10003f1e:	217f      	movs	r1, #127	@ 0x7f
10003f20:	79e2      	ldrb	r2, [r4, #7]
10003f22:	01eb      	lsls	r3, r5, #7
10003f24:	4011      	ands	r1, r2
10003f26:	68e0      	ldr	r0, [r4, #12]
10003f28:	4319      	orrs	r1, r3
10003f2a:	71e1      	strb	r1, [r4, #7]
10003f2c:	2800      	cmp	r0, #0
10003f2e:	d001      	beq.n	10003f34 <tu_fifo_set_overwritable+0x38>
10003f30:	f000 f88a 	bl	10004048 <__mutex_exit_veneer>
10003f34:	6920      	ldr	r0, [r4, #16]
10003f36:	2800      	cmp	r0, #0
10003f38:	d001      	beq.n	10003f3e <tu_fifo_set_overwritable+0x42>
10003f3a:	f000 f885 	bl	10004048 <__mutex_exit_veneer>
10003f3e:	2001      	movs	r0, #1
10003f40:	bd70      	pop	{r4, r5, r6, pc}
10003f42:	46c0      	nop			@ (mov r8, r8)

10003f44 <strlen>:
10003f44:	0003      	movs	r3, r0
10003f46:	4684      	mov	ip, r0
10003f48:	079b      	lsls	r3, r3, #30
10003f4a:	d00b      	beq.n	10003f64 <strlen+0x20>
10003f4c:	0003      	movs	r3, r0
10003f4e:	2103      	movs	r1, #3
10003f50:	e002      	b.n	10003f58 <strlen+0x14>
10003f52:	3301      	adds	r3, #1
10003f54:	420b      	tst	r3, r1
10003f56:	d006      	beq.n	10003f66 <strlen+0x22>
10003f58:	781a      	ldrb	r2, [r3, #0]
10003f5a:	2a00      	cmp	r2, #0
10003f5c:	d1f9      	bne.n	10003f52 <strlen+0xe>
10003f5e:	4662      	mov	r2, ip
10003f60:	1a98      	subs	r0, r3, r2
10003f62:	4770      	bx	lr
10003f64:	0003      	movs	r3, r0
10003f66:	6819      	ldr	r1, [r3, #0]
10003f68:	4a0c      	ldr	r2, [pc, #48]	@ (10003f9c <strlen+0x58>)
10003f6a:	480d      	ldr	r0, [pc, #52]	@ (10003fa0 <strlen+0x5c>)
10003f6c:	188a      	adds	r2, r1, r2
10003f6e:	438a      	bics	r2, r1
10003f70:	4202      	tst	r2, r0
10003f72:	d10f      	bne.n	10003f94 <strlen+0x50>
10003f74:	6859      	ldr	r1, [r3, #4]
10003f76:	4a09      	ldr	r2, [pc, #36]	@ (10003f9c <strlen+0x58>)
10003f78:	3304      	adds	r3, #4
10003f7a:	188a      	adds	r2, r1, r2
10003f7c:	438a      	bics	r2, r1
10003f7e:	4202      	tst	r2, r0
10003f80:	d108      	bne.n	10003f94 <strlen+0x50>
10003f82:	6859      	ldr	r1, [r3, #4]
10003f84:	4a05      	ldr	r2, [pc, #20]	@ (10003f9c <strlen+0x58>)
10003f86:	3304      	adds	r3, #4
10003f88:	188a      	adds	r2, r1, r2
10003f8a:	438a      	bics	r2, r1
10003f8c:	4202      	tst	r2, r0
10003f8e:	d0f1      	beq.n	10003f74 <strlen+0x30>
10003f90:	e000      	b.n	10003f94 <strlen+0x50>
10003f92:	3301      	adds	r3, #1
10003f94:	781a      	ldrb	r2, [r3, #0]
10003f96:	2a00      	cmp	r2, #0
10003f98:	d1fb      	bne.n	10003f92 <strlen+0x4e>
10003f9a:	e7e0      	b.n	10003f5e <strlen+0x1a>
10003f9c:	fefefeff 	.word	0xfefefeff
10003fa0:	80808080 	.word	0x80808080
10003fa4:	00000000 	.word	0x00000000

10003fa8 <__mutex_try_enter_veneer>:
10003fa8:	b401      	push	{r0}
10003faa:	4802      	ldr	r0, [pc, #8]	@ (10003fb4 <__mutex_try_enter_veneer+0xc>)
10003fac:	4684      	mov	ip, r0
10003fae:	bc01      	pop	{r0}
10003fb0:	4760      	bx	ip
10003fb2:	bf00      	nop
10003fb4:	200000c1 	.word	0x200000c1

10003fb8 <__reset_non_control_endpoints_veneer>:
10003fb8:	b401      	push	{r0}
10003fba:	4802      	ldr	r0, [pc, #8]	@ (10003fc4 <__reset_non_control_endpoints_veneer+0xc>)
10003fbc:	4684      	mov	ip, r0
10003fbe:	bc01      	pop	{r0}
10003fc0:	4760      	bx	ip
10003fc2:	bf00      	nop
10003fc4:	200003d1 	.word	0x200003d1

10003fc8 <___hw_endpoint_buffer_control_update32_veneer>:
10003fc8:	b401      	push	{r0}
10003fca:	4802      	ldr	r0, [pc, #8]	@ (10003fd4 <___hw_endpoint_buffer_control_update32_veneer+0xc>)
10003fcc:	4684      	mov	ip, r0
10003fce:	bc01      	pop	{r0}
10003fd0:	4760      	bx	ip
10003fd2:	bf00      	nop
10003fd4:	20000bed 	.word	0x20000bed

10003fd8 <__hw_endpoint_start_next_buffer_veneer>:
10003fd8:	b401      	push	{r0}
10003fda:	4802      	ldr	r0, [pc, #8]	@ (10003fe4 <__hw_endpoint_start_next_buffer_veneer+0xc>)
10003fdc:	4684      	mov	ip, r0
10003fde:	bc01      	pop	{r0}
10003fe0:	4760      	bx	ip
10003fe2:	bf00      	nop
10003fe4:	20000c3d 	.word	0x20000c3d

10003fe8 <__e15_is_bulkin_ep_veneer>:
10003fe8:	b401      	push	{r0}
10003fea:	4802      	ldr	r0, [pc, #8]	@ (10003ff4 <__e15_is_bulkin_ep_veneer+0xc>)
10003fec:	4684      	mov	ip, r0
10003fee:	bc01      	pop	{r0}
10003ff0:	4760      	bx	ip
10003ff2:	bf00      	nop
10003ff4:	20000b89 	.word	0x20000b89

10003ff8 <__mutex_enter_timeout_ms_veneer>:
10003ff8:	b401      	push	{r0}
10003ffa:	4802      	ldr	r0, [pc, #8]	@ (10004004 <__mutex_enter_timeout_ms_veneer+0xc>)
10003ffc:	4684      	mov	ip, r0
10003ffe:	bc01      	pop	{r0}
10004000:	4760      	bx	ip
10004002:	bf00      	nop
10004004:	20000199 	.word	0x20000199

10004008 <____aeabi_idiv0_veneer>:
10004008:	b401      	push	{r0}
1000400a:	4802      	ldr	r0, [pc, #8]	@ (10004014 <____aeabi_idiv0_veneer+0xc>)
1000400c:	4684      	mov	ip, r0
1000400e:	bc01      	pop	{r0}
10004010:	4760      	bx	ip
10004012:	bf00      	nop
10004014:	20000eb9 	.word	0x20000eb9

10004018 <__mutex_try_enter_block_until_veneer>:
10004018:	b401      	push	{r0}
1000401a:	4802      	ldr	r0, [pc, #8]	@ (10004024 <__mutex_try_enter_block_until_veneer+0xc>)
1000401c:	4684      	mov	ip, r0
1000401e:	bc01      	pop	{r0}
10004020:	4760      	bx	ip
10004022:	bf00      	nop
10004024:	20000165 	.word	0x20000165

10004028 <__e15_is_critical_frame_period_veneer>:
10004028:	b401      	push	{r0}
1000402a:	4802      	ldr	r0, [pc, #8]	@ (10004034 <__e15_is_critical_frame_period_veneer+0xc>)
1000402c:	4684      	mov	ip, r0
1000402e:	bc01      	pop	{r0}
10004030:	4760      	bx	ip
10004032:	bf00      	nop
10004034:	20000bb1 	.word	0x20000bb1

10004038 <__flash_do_cmd_cs_veneer>:
10004038:	b401      	push	{r0}
1000403a:	4802      	ldr	r0, [pc, #8]	@ (10004044 <__flash_do_cmd_cs_veneer+0xc>)
1000403c:	4684      	mov	ip, r0
1000403e:	bc01      	pop	{r0}
10004040:	4760      	bx	ip
10004042:	bf00      	nop
10004044:	20000289 	.word	0x20000289

10004048 <__mutex_exit_veneer>:
10004048:	b401      	push	{r0}
1000404a:	4802      	ldr	r0, [pc, #8]	@ (10004054 <__mutex_exit_veneer+0xc>)
1000404c:	4684      	mov	ip, r0
1000404e:	bc01      	pop	{r0}
10004050:	4760      	bx	ip
10004052:	bf00      	nop
10004054:	200001d5 	.word	0x200001d5

10004058 <__pre_init_runtime_init_early_resets>:
10004058:	10001505                                ....

1000405c <__pre_init_runtime_init_usb_power_down>:
1000405c:	10001531 10001715 10001909 10001771     1...........q...
1000406c:	10001875                                u...

10004070 <__pre_init_runtime_init_clocks>:
10004070:	1000163d                                =...

10004074 <__pre_init_runtime_init_post_clock_resets>:
10004074:	1000154d                                M...

10004078 <__pre_init_runtime_init_rp2040_gpio_ie_disable>:
10004078:	1000156d                                m...

1000407c <__pre_init_runtime_init_spin_locks_reset>:
1000407c:	10001581                                ....

10004080 <__pre_init_runtime_init_mutex>:
10004080:	100007c9                                ....

10004084 <__pre_init_runtime_init_install_ram_vector_table>:
10004084:	10001589                                ....

10004088 <__pre_init_runtime_init_default_alarm_pool>:
10004088:	10000b89                                ....

1000408c <__pre_init_first_per_core_initializer>:
1000408c:	100014cd                                ....

10004090 <__pre_init_runtime_init_per_core_irq_priorities>:
10004090:	10000405                                ....

10004094 <__init_array_start>:
10004094:	100020c9 	.word	0x100020c9

Disassembly of section .data:

200000c0 <mutex_try_enter>:
200000c0:	0003      	movs	r3, r0
200000c2:	6800      	ldr	r0, [r0, #0]
200000c4:	f3ef 8c10 	mrs	ip, PRIMASK
200000c8:	b672      	cpsid	i
200000ca:	6802      	ldr	r2, [r0, #0]
200000cc:	2a00      	cmp	r2, #0
200000ce:	d0fc      	beq.n	200000ca <mutex_try_enter+0xa>
200000d0:	f3bf 8f5f 	dmb	sy
200000d4:	2204      	movs	r2, #4
200000d6:	569a      	ldrsb	r2, [r3, r2]
200000d8:	2a00      	cmp	r2, #0
200000da:	db0b      	blt.n	200000f4 <mutex_try_enter+0x34>
200000dc:	2900      	cmp	r1, #0
200000de:	d000      	beq.n	200000e2 <mutex_try_enter+0x22>
200000e0:	600a      	str	r2, [r1, #0]
200000e2:	2000      	movs	r0, #0
200000e4:	681b      	ldr	r3, [r3, #0]
200000e6:	f3bf 8f5f 	dmb	sy
200000ea:	2200      	movs	r2, #0
200000ec:	601a      	str	r2, [r3, #0]
200000ee:	f38c 8810 	msr	PRIMASK, ip
200000f2:	4770      	bx	lr
200000f4:	22d0      	movs	r2, #208	@ 0xd0
200000f6:	0612      	lsls	r2, r2, #24
200000f8:	6812      	ldr	r2, [r2, #0]
200000fa:	2001      	movs	r0, #1
200000fc:	711a      	strb	r2, [r3, #4]
200000fe:	e7f1      	b.n	200000e4 <mutex_try_enter+0x24>

20000100 <mutex_enter_block_until>:
20000100:	b5f0      	push	{r4, r5, r6, r7, lr}
20000102:	001f      	movs	r7, r3
20000104:	23d0      	movs	r3, #208	@ 0xd0
20000106:	46c6      	mov	lr, r8
20000108:	061b      	lsls	r3, r3, #24
2000010a:	681b      	ldr	r3, [r3, #0]
2000010c:	0004      	movs	r4, r0
2000010e:	0016      	movs	r6, r2
20000110:	4698      	mov	r8, r3
20000112:	2500      	movs	r5, #0
20000114:	b500      	push	{lr}
20000116:	e00a      	b.n	2000012e <mutex_enter_block_until+0x2e>
20000118:	f3bf 8f5f 	dmb	sy
2000011c:	6015      	str	r5, [r2, #0]
2000011e:	f381 8810 	msr	PRIMASK, r1
20000122:	0030      	movs	r0, r6
20000124:	0039      	movs	r1, r7
20000126:	f000 fedb 	bl	20000ee0 <__best_effort_wfe_or_timeout_veneer>
2000012a:	2800      	cmp	r0, #0
2000012c:	d118      	bne.n	20000160 <mutex_enter_block_until+0x60>
2000012e:	6822      	ldr	r2, [r4, #0]
20000130:	f3ef 8110 	mrs	r1, PRIMASK
20000134:	b672      	cpsid	i
20000136:	6813      	ldr	r3, [r2, #0]
20000138:	2b00      	cmp	r3, #0
2000013a:	d0fc      	beq.n	20000136 <mutex_enter_block_until+0x36>
2000013c:	f3bf 8f5f 	dmb	sy
20000140:	7923      	ldrb	r3, [r4, #4]
20000142:	6822      	ldr	r2, [r4, #0]
20000144:	2b7f      	cmp	r3, #127	@ 0x7f
20000146:	d9e7      	bls.n	20000118 <mutex_enter_block_until+0x18>
20000148:	4643      	mov	r3, r8
2000014a:	7123      	strb	r3, [r4, #4]
2000014c:	f3bf 8f5f 	dmb	sy
20000150:	2300      	movs	r3, #0
20000152:	6013      	str	r3, [r2, #0]
20000154:	f381 8810 	msr	PRIMASK, r1
20000158:	2001      	movs	r0, #1
2000015a:	bc80      	pop	{r7}
2000015c:	46b8      	mov	r8, r7
2000015e:	bdf0      	pop	{r4, r5, r6, r7, pc}
20000160:	2000      	movs	r0, #0
20000162:	e7fa      	b.n	2000015a <mutex_enter_block_until+0x5a>

20000164 <mutex_try_enter_block_until>:
20000164:	b570      	push	{r4, r5, r6, lr}
20000166:	b082      	sub	sp, #8
20000168:	a901      	add	r1, sp, #4
2000016a:	0006      	movs	r6, r0
2000016c:	0014      	movs	r4, r2
2000016e:	001d      	movs	r5, r3
20000170:	f7ff ffa6 	bl	200000c0 <mutex_try_enter>
20000174:	2800      	cmp	r0, #0
20000176:	d107      	bne.n	20000188 <mutex_try_enter_block_until+0x24>
20000178:	22d0      	movs	r2, #208	@ 0xd0
2000017a:	0612      	lsls	r2, r2, #24
2000017c:	9b01      	ldr	r3, [sp, #4]
2000017e:	7812      	ldrb	r2, [r2, #0]
20000180:	b25b      	sxtb	r3, r3
20000182:	b252      	sxtb	r2, r2
20000184:	4293      	cmp	r3, r2
20000186:	d101      	bne.n	2000018c <mutex_try_enter_block_until+0x28>
20000188:	b002      	add	sp, #8
2000018a:	bd70      	pop	{r4, r5, r6, pc}
2000018c:	0022      	movs	r2, r4
2000018e:	002b      	movs	r3, r5
20000190:	0030      	movs	r0, r6
20000192:	f7ff ffb5 	bl	20000100 <mutex_enter_block_until>
20000196:	e7f7      	b.n	20000188 <mutex_try_enter_block_until+0x24>

20000198 <mutex_enter_timeout_ms>:
20000198:	b5f8      	push	{r3, r4, r5, r6, r7, lr}
2000019a:	000e      	movs	r6, r1
2000019c:	0007      	movs	r7, r0
2000019e:	f000 fea7 	bl	20000ef0 <__time_us_64_veneer>
200001a2:	22fa      	movs	r2, #250	@ 0xfa
200001a4:	0004      	movs	r4, r0
200001a6:	000d      	movs	r5, r1
200001a8:	2300      	movs	r3, #0
200001aa:	0092      	lsls	r2, r2, #2
200001ac:	0030      	movs	r0, r6
200001ae:	2100      	movs	r1, #0
200001b0:	f000 feae 	bl	20000f10 <____wrap___aeabi_lmul_veneer>
200001b4:	0022      	movs	r2, r4
200001b6:	002b      	movs	r3, r5
200001b8:	1812      	adds	r2, r2, r0
200001ba:	414b      	adcs	r3, r1
200001bc:	2b00      	cmp	r3, #0
200001be:	da02      	bge.n	200001c6 <mutex_enter_timeout_ms+0x2e>
200001c0:	2201      	movs	r2, #1
200001c2:	4b03      	ldr	r3, [pc, #12]	@ (200001d0 <mutex_enter_timeout_ms+0x38>)
200001c4:	4252      	negs	r2, r2
200001c6:	0038      	movs	r0, r7
200001c8:	f7ff ff9a 	bl	20000100 <mutex_enter_block_until>
200001cc:	bdf8      	pop	{r3, r4, r5, r6, r7, pc}
200001ce:	46c0      	nop			@ (mov r8, r8)
200001d0:	7fffffff 	.word	0x7fffffff

200001d4 <mutex_exit>:
200001d4:	6802      	ldr	r2, [r0, #0]
200001d6:	f3ef 8110 	mrs	r1, PRIMASK
200001da:	b672      	cpsid	i
200001dc:	6813      	ldr	r3, [r2, #0]
200001de:	2b00      	cmp	r3, #0
200001e0:	d0fc      	beq.n	200001dc <mutex_exit+0x8>
200001e2:	f3bf 8f5f 	dmb	sy
200001e6:	23ff      	movs	r3, #255	@ 0xff
200001e8:	7103      	strb	r3, [r0, #4]
200001ea:	6803      	ldr	r3, [r0, #0]
200001ec:	f3bf 8f5f 	dmb	sy
200001f0:	2200      	movs	r2, #0
200001f2:	601a      	str	r2, [r3, #0]
200001f4:	f381 8810 	msr	PRIMASK, r1
200001f8:	bf40      	sev
200001fa:	4770      	bx	lr

200001fc <flash_init_boot2_copyout>:
200001fc:	4b08      	ldr	r3, [pc, #32]	@ (20000220 <flash_init_boot2_copyout+0x24>)
200001fe:	469c      	mov	ip, r3
20000200:	781b      	ldrb	r3, [r3, #0]
20000202:	2b00      	cmp	r3, #0
20000204:	d10b      	bne.n	2000021e <flash_init_boot2_copyout+0x22>
20000206:	2380      	movs	r3, #128	@ 0x80
20000208:	4806      	ldr	r0, [pc, #24]	@ (20000224 <flash_init_boot2_copyout+0x28>)
2000020a:	4907      	ldr	r1, [pc, #28]	@ (20000228 <flash_init_boot2_copyout+0x2c>)
2000020c:	055b      	lsls	r3, r3, #21
2000020e:	681a      	ldr	r2, [r3, #0]
20000210:	50c2      	str	r2, [r0, r3]
20000212:	3304      	adds	r3, #4
20000214:	428b      	cmp	r3, r1
20000216:	d1fa      	bne.n	2000020e <flash_init_boot2_copyout+0x12>
20000218:	2301      	movs	r3, #1
2000021a:	4662      	mov	r2, ip
2000021c:	7013      	strb	r3, [r2, #0]
2000021e:	4770      	bx	lr
20000220:	20001c40 	.word	0x20001c40
20000224:	10001684 	.word	0x10001684
20000228:	10000100 	.word	0x10000100

2000022c <flash_enable_xip_via_boot2>:
2000022c:	b510      	push	{r4, lr}
2000022e:	4b01      	ldr	r3, [pc, #4]	@ (20000234 <flash_enable_xip_via_boot2+0x8>)
20000230:	4798      	blx	r3
20000232:	bd10      	pop	{r4, pc}
20000234:	20001685 	.word	0x20001685

20000238 <flash_save_hardware_state>:
20000238:	4b08      	ldr	r3, [pc, #32]	@ (2000025c <flash_save_hardware_state+0x24>)
2000023a:	685a      	ldr	r2, [r3, #4]
2000023c:	6042      	str	r2, [r0, #4]
2000023e:	689a      	ldr	r2, [r3, #8]
20000240:	6082      	str	r2, [r0, #8]
20000242:	68da      	ldr	r2, [r3, #12]
20000244:	60c2      	str	r2, [r0, #12]
20000246:	691a      	ldr	r2, [r3, #16]
20000248:	6102      	str	r2, [r0, #16]
2000024a:	695a      	ldr	r2, [r3, #20]
2000024c:	6142      	str	r2, [r0, #20]
2000024e:	699b      	ldr	r3, [r3, #24]
20000250:	6183      	str	r3, [r0, #24]
20000252:	23a0      	movs	r3, #160	@ 0xa0
20000254:	055b      	lsls	r3, r3, #21
20000256:	681b      	ldr	r3, [r3, #0]
20000258:	6003      	str	r3, [r0, #0]
2000025a:	4770      	bx	lr
2000025c:	40020000 	.word	0x40020000

20000260 <flash_restore_hardware_state>:
20000260:	6842      	ldr	r2, [r0, #4]
20000262:	4b08      	ldr	r3, [pc, #32]	@ (20000284 <flash_restore_hardware_state+0x24>)
20000264:	605a      	str	r2, [r3, #4]
20000266:	6882      	ldr	r2, [r0, #8]
20000268:	609a      	str	r2, [r3, #8]
2000026a:	68c2      	ldr	r2, [r0, #12]
2000026c:	60da      	str	r2, [r3, #12]
2000026e:	6902      	ldr	r2, [r0, #16]
20000270:	611a      	str	r2, [r3, #16]
20000272:	6942      	ldr	r2, [r0, #20]
20000274:	615a      	str	r2, [r3, #20]
20000276:	6982      	ldr	r2, [r0, #24]
20000278:	619a      	str	r2, [r3, #24]
2000027a:	23a0      	movs	r3, #160	@ 0xa0
2000027c:	6802      	ldr	r2, [r0, #0]
2000027e:	055b      	lsls	r3, r3, #21
20000280:	601a      	str	r2, [r3, #0]
20000282:	4770      	bx	lr
20000284:	40020000 	.word	0x40020000

20000288 <flash_do_cmd_cs>:
20000288:	b5f0      	push	{r4, r5, r6, r7, lr}
2000028a:	46d6      	mov	lr, sl
2000028c:	464f      	mov	r7, r9
2000028e:	4646      	mov	r6, r8
20000290:	2300      	movs	r3, #0
20000292:	b5c0      	push	{r6, r7, lr}
20000294:	2718      	movs	r7, #24
20000296:	b088      	sub	sp, #32
20000298:	001e      	movs	r6, r3
2000029a:	4681      	mov	r9, r0
2000029c:	000d      	movs	r5, r1
2000029e:	8a98      	ldrh	r0, [r3, #20]
200002a0:	4946      	ldr	r1, [pc, #280]	@ (200003bc <flash_do_cmd_cs+0x134>)
200002a2:	883b      	ldrh	r3, [r7, #0]
200002a4:	0014      	movs	r4, r2
200002a6:	4798      	blx	r3
200002a8:	883b      	ldrh	r3, [r7, #0]
200002aa:	4680      	mov	r8, r0
200002ac:	4944      	ldr	r1, [pc, #272]	@ (200003c0 <flash_do_cmd_cs+0x138>)
200002ae:	8ab0      	ldrh	r0, [r6, #20]
200002b0:	4798      	blx	r3
200002b2:	2300      	movs	r3, #0
200002b4:	4943      	ldr	r1, [pc, #268]	@ (200003c4 <flash_do_cmd_cs+0x13c>)
200002b6:	0006      	movs	r6, r0
200002b8:	8a98      	ldrh	r0, [r3, #20]
200002ba:	883b      	ldrh	r3, [r7, #0]
200002bc:	4798      	blx	r3
200002be:	4682      	mov	sl, r0
200002c0:	f7ff ff9c 	bl	200001fc <flash_init_boot2_copyout>
200002c4:	a801      	add	r0, sp, #4
200002c6:	f7ff ffb7 	bl	20000238 <flash_save_hardware_state>
200002ca:	47c0      	blx	r8
200002cc:	47b0      	blx	r6
200002ce:	4b3e      	ldr	r3, [pc, #248]	@ (200003c8 <flash_do_cmd_cs+0x140>)
200002d0:	0021      	movs	r1, r4
200002d2:	681a      	ldr	r2, [r3, #0]
200002d4:	2380      	movs	r3, #128	@ 0x80
200002d6:	009b      	lsls	r3, r3, #2
200002d8:	4053      	eors	r3, r2
200002da:	22c0      	movs	r2, #192	@ 0xc0
200002dc:	0092      	lsls	r2, r2, #2
200002de:	4013      	ands	r3, r2
200002e0:	4a3a      	ldr	r2, [pc, #232]	@ (200003cc <flash_do_cmd_cs+0x144>)
200002e2:	6013      	str	r3, [r2, #0]
200002e4:	2c00      	cmp	r4, #0
200002e6:	d01c      	beq.n	20000322 <flash_do_cmd_cs+0x9a>
200002e8:	2308      	movs	r3, #8
200002ea:	20c0      	movs	r0, #192	@ 0xc0
200002ec:	469c      	mov	ip, r3
200002ee:	0540      	lsls	r0, r0, #21
200002f0:	3f16      	subs	r7, #22
200002f2:	4662      	mov	r2, ip
200002f4:	6a83      	ldr	r3, [r0, #40]	@ 0x28
200002f6:	401a      	ands	r2, r3
200002f8:	421f      	tst	r7, r3
200002fa:	d039      	beq.n	20000370 <flash_do_cmd_cs+0xe8>
200002fc:	1a63      	subs	r3, r4, r1
200002fe:	2900      	cmp	r1, #0
20000300:	d12b      	bne.n	2000035a <flash_do_cmd_cs+0xd2>
20000302:	2a00      	cmp	r2, #0
20000304:	d10b      	bne.n	2000031e <flash_do_cmd_cs+0x96>
20000306:	2c00      	cmp	r4, #0
20000308:	d00b      	beq.n	20000322 <flash_do_cmd_cs+0x9a>
2000030a:	23c0      	movs	r3, #192	@ 0xc0
2000030c:	2208      	movs	r2, #8
2000030e:	2602      	movs	r6, #2
20000310:	055b      	lsls	r3, r3, #21
20000312:	6a9b      	ldr	r3, [r3, #40]	@ 0x28
20000314:	401a      	ands	r2, r3
20000316:	421e      	tst	r6, r3
20000318:	d042      	beq.n	200003a0 <flash_do_cmd_cs+0x118>
2000031a:	2a00      	cmp	r2, #0
2000031c:	d0f5      	beq.n	2000030a <flash_do_cmd_cs+0x82>
2000031e:	2c00      	cmp	r4, #0
20000320:	d130      	bne.n	20000384 <flash_do_cmd_cs+0xfc>
20000322:	4b29      	ldr	r3, [pc, #164]	@ (200003c8 <flash_do_cmd_cs+0x140>)
20000324:	681a      	ldr	r2, [r3, #0]
20000326:	23c0      	movs	r3, #192	@ 0xc0
20000328:	009b      	lsls	r3, r3, #2
2000032a:	4393      	bics	r3, r2
2000032c:	4a27      	ldr	r2, [pc, #156]	@ (200003cc <flash_do_cmd_cs+0x144>)
2000032e:	6013      	str	r3, [r2, #0]
20000330:	47d0      	blx	sl
20000332:	f7ff ff7b 	bl	2000022c <flash_enable_xip_via_boot2>
20000336:	a801      	add	r0, sp, #4
20000338:	f7ff ff92 	bl	20000260 <flash_restore_hardware_state>
2000033c:	b008      	add	sp, #32
2000033e:	bce0      	pop	{r5, r6, r7}
20000340:	46ba      	mov	sl, r7
20000342:	46b1      	mov	r9, r6
20000344:	46a8      	mov	r8, r5
20000346:	bdf0      	pop	{r4, r5, r6, r7, pc}
20000348:	2c00      	cmp	r4, #0
2000034a:	d12b      	bne.n	200003a4 <flash_do_cmd_cs+0x11c>
2000034c:	22c0      	movs	r2, #192	@ 0xc0
2000034e:	0552      	lsls	r2, r2, #21
20000350:	6a96      	ldr	r6, [r2, #40]	@ 0x28
20000352:	2208      	movs	r2, #8
20000354:	4032      	ands	r2, r6
20000356:	07b6      	lsls	r6, r6, #30
20000358:	d52b      	bpl.n	200003b2 <flash_do_cmd_cs+0x12a>
2000035a:	2b0d      	cmp	r3, #13
2000035c:	d919      	bls.n	20000392 <flash_do_cmd_cs+0x10a>
2000035e:	2a00      	cmp	r2, #0
20000360:	d1f2      	bne.n	20000348 <flash_do_cmd_cs+0xc0>
20000362:	22c0      	movs	r2, #192	@ 0xc0
20000364:	0552      	lsls	r2, r2, #21
20000366:	6a96      	ldr	r6, [r2, #40]	@ 0x28
20000368:	2208      	movs	r2, #8
2000036a:	4032      	ands	r2, r6
2000036c:	07b6      	lsls	r6, r6, #30
2000036e:	d4f4      	bmi.n	2000035a <flash_do_cmd_cs+0xd2>
20000370:	2a00      	cmp	r2, #0
20000372:	d104      	bne.n	2000037e <flash_do_cmd_cs+0xf6>
20000374:	000b      	movs	r3, r1
20000376:	4323      	orrs	r3, r4
20000378:	2b00      	cmp	r3, #0
2000037a:	d1ba      	bne.n	200002f2 <flash_do_cmd_cs+0x6a>
2000037c:	e7d1      	b.n	20000322 <flash_do_cmd_cs+0x9a>
2000037e:	000b      	movs	r3, r1
20000380:	2c00      	cmp	r4, #0
20000382:	d0f9      	beq.n	20000378 <flash_do_cmd_cs+0xf0>
20000384:	6e03      	ldr	r3, [r0, #96]	@ 0x60
20000386:	3c01      	subs	r4, #1
20000388:	702b      	strb	r3, [r5, #0]
2000038a:	0023      	movs	r3, r4
2000038c:	3501      	adds	r5, #1
2000038e:	430b      	orrs	r3, r1
20000390:	e7f2      	b.n	20000378 <flash_do_cmd_cs+0xf0>
20000392:	464b      	mov	r3, r9
20000394:	781b      	ldrb	r3, [r3, #0]
20000396:	3901      	subs	r1, #1
20000398:	6603      	str	r3, [r0, #96]	@ 0x60
2000039a:	2301      	movs	r3, #1
2000039c:	4499      	add	r9, r3
2000039e:	e7e7      	b.n	20000370 <flash_do_cmd_cs+0xe8>
200003a0:	2100      	movs	r1, #0
200003a2:	e7e5      	b.n	20000370 <flash_do_cmd_cs+0xe8>
200003a4:	23c0      	movs	r3, #192	@ 0xc0
200003a6:	055b      	lsls	r3, r3, #21
200003a8:	6e1b      	ldr	r3, [r3, #96]	@ 0x60
200003aa:	3c01      	subs	r4, #1
200003ac:	702b      	strb	r3, [r5, #0]
200003ae:	3501      	adds	r5, #1
200003b0:	e79f      	b.n	200002f2 <flash_do_cmd_cs+0x6a>
200003b2:	000b      	movs	r3, r1
200003b4:	42a2      	cmp	r2, r4
200003b6:	d1df      	bne.n	20000378 <flash_do_cmd_cs+0xf0>
200003b8:	e7dc      	b.n	20000374 <flash_do_cmd_cs+0xec>
200003ba:	46c0      	nop			@ (mov r8, r8)
200003bc:	00004649 	.word	0x00004649
200003c0:	00005845 	.word	0x00005845
200003c4:	00004346 	.word	0x00004346
200003c8:	4001800c 	.word	0x4001800c
200003cc:	4001900c 	.word	0x4001900c

200003d0 <reset_non_control_endpoints>:
200003d0:	2200      	movs	r2, #0
200003d2:	4b15      	ldr	r3, [pc, #84]	@ (20000428 <reset_non_control_endpoints+0x58>)
200003d4:	b510      	push	{r4, lr}
200003d6:	609a      	str	r2, [r3, #8]
200003d8:	60da      	str	r2, [r3, #12]
200003da:	611a      	str	r2, [r3, #16]
200003dc:	615a      	str	r2, [r3, #20]
200003de:	619a      	str	r2, [r3, #24]
200003e0:	61da      	str	r2, [r3, #28]
200003e2:	621a      	str	r2, [r3, #32]
200003e4:	625a      	str	r2, [r3, #36]	@ 0x24
200003e6:	629a      	str	r2, [r3, #40]	@ 0x28
200003e8:	62da      	str	r2, [r3, #44]	@ 0x2c
200003ea:	631a      	str	r2, [r3, #48]	@ 0x30
200003ec:	635a      	str	r2, [r3, #52]	@ 0x34
200003ee:	639a      	str	r2, [r3, #56]	@ 0x38
200003f0:	63da      	str	r2, [r3, #60]	@ 0x3c
200003f2:	641a      	str	r2, [r3, #64]	@ 0x40
200003f4:	645a      	str	r2, [r3, #68]	@ 0x44
200003f6:	649a      	str	r2, [r3, #72]	@ 0x48
200003f8:	64da      	str	r2, [r3, #76]	@ 0x4c
200003fa:	651a      	str	r2, [r3, #80]	@ 0x50
200003fc:	655a      	str	r2, [r3, #84]	@ 0x54
200003fe:	659a      	str	r2, [r3, #88]	@ 0x58
20000400:	65da      	str	r2, [r3, #92]	@ 0x5c
20000402:	661a      	str	r2, [r3, #96]	@ 0x60
20000404:	665a      	str	r2, [r3, #100]	@ 0x64
20000406:	669a      	str	r2, [r3, #104]	@ 0x68
20000408:	66da      	str	r2, [r3, #108]	@ 0x6c
2000040a:	671a      	str	r2, [r3, #112]	@ 0x70
2000040c:	675a      	str	r2, [r3, #116]	@ 0x74
2000040e:	679a      	str	r2, [r3, #120]	@ 0x78
20000410:	67da      	str	r2, [r3, #124]	@ 0x7c
20000412:	32f0      	adds	r2, #240	@ 0xf0
20000414:	0092      	lsls	r2, r2, #2
20000416:	2100      	movs	r1, #0
20000418:	4804      	ldr	r0, [pc, #16]	@ (2000042c <reset_non_control_endpoints+0x5c>)
2000041a:	f000 fd51 	bl	20000ec0 <____wrap_memset_veneer>
2000041e:	4b04      	ldr	r3, [pc, #16]	@ (20000430 <reset_non_control_endpoints+0x60>)
20000420:	4a04      	ldr	r2, [pc, #16]	@ (20000434 <reset_non_control_endpoints+0x64>)
20000422:	601a      	str	r2, [r3, #0]
20000424:	bd10      	pop	{r4, pc}
20000426:	46c0      	nop			@ (mov r8, r8)
20000428:	50100000 	.word	0x50100000
2000042c:	20001830 	.word	0x20001830
20000430:	20001bf8 	.word	0x20001bf8
20000434:	50100180 	.word	0x50100180

20000438 <hw_handle_buff_status>:
20000438:	b5f0      	push	{r4, r5, r6, r7, lr}
2000043a:	4647      	mov	r7, r8
2000043c:	46ce      	mov	lr, r9
2000043e:	b580      	push	{r7, lr}
20000440:	4b1c      	ldr	r3, [pc, #112]	@ (200004b4 <hw_handle_buff_status+0x7c>)
20000442:	2400      	movs	r4, #0
20000444:	6d9f      	ldr	r7, [r3, #88]	@ 0x58
20000446:	2601      	movs	r6, #1
20000448:	b085      	sub	sp, #20
2000044a:	2f00      	cmp	r7, #0
2000044c:	d01b      	beq.n	20000486 <hw_handle_buff_status+0x4e>
2000044e:	4b1a      	ldr	r3, [pc, #104]	@ (200004b8 <hw_handle_buff_status+0x80>)
20000450:	4698      	mov	r8, r3
20000452:	4b1a      	ldr	r3, [pc, #104]	@ (200004bc <hw_handle_buff_status+0x84>)
20000454:	4699      	mov	r9, r3
20000456:	e004      	b.n	20000462 <hw_handle_buff_status+0x2a>
20000458:	3401      	adds	r4, #1
2000045a:	b2e4      	uxtb	r4, r4
2000045c:	0076      	lsls	r6, r6, #1
2000045e:	2c20      	cmp	r4, #32
20000460:	d011      	beq.n	20000486 <hw_handle_buff_status+0x4e>
20000462:	423e      	tst	r6, r7
20000464:	d0f8      	beq.n	20000458 <hw_handle_buff_status+0x20>
20000466:	4643      	mov	r3, r8
20000468:	659e      	str	r6, [r3, #88]	@ 0x58
2000046a:	2301      	movs	r3, #1
2000046c:	0865      	lsrs	r5, r4, #1
2000046e:	006d      	lsls	r5, r5, #1
20000470:	43a3      	bics	r3, r4
20000472:	18ed      	adds	r5, r5, r3
20000474:	016d      	lsls	r5, r5, #5
20000476:	444d      	add	r5, r9
20000478:	0028      	movs	r0, r5
2000047a:	f000 fc13 	bl	20000ca4 <hw_endpoint_xfer_continue>
2000047e:	2800      	cmp	r0, #0
20000480:	d106      	bne.n	20000490 <hw_handle_buff_status+0x58>
20000482:	43b7      	bics	r7, r6
20000484:	d1e8      	bne.n	20000458 <hw_handle_buff_status+0x20>
20000486:	b005      	add	sp, #20
20000488:	bcc0      	pop	{r6, r7}
2000048a:	46b9      	mov	r9, r7
2000048c:	46b0      	mov	r8, r6
2000048e:	bdf0      	pop	{r4, r5, r6, r7, pc}
20000490:	8aeb      	ldrh	r3, [r5, #22]
20000492:	21e0      	movs	r1, #224	@ 0xe0
20000494:	9303      	str	r3, [sp, #12]
20000496:	2300      	movs	r3, #0
20000498:	a801      	add	r0, sp, #4
2000049a:	78aa      	ldrb	r2, [r5, #2]
2000049c:	00c9      	lsls	r1, r1, #3
2000049e:	8001      	strh	r1, [r0, #0]
200004a0:	2101      	movs	r1, #1
200004a2:	7102      	strb	r2, [r0, #4]
200004a4:	7143      	strb	r3, [r0, #5]
200004a6:	f000 fc1d 	bl	20000ce4 <dcd_event_handler>
200004aa:	0028      	movs	r0, r5
200004ac:	f000 fb98 	bl	20000be0 <hw_endpoint_reset_transfer>
200004b0:	e7e7      	b.n	20000482 <hw_handle_buff_status+0x4a>
200004b2:	46c0      	nop			@ (mov r8, r8)
200004b4:	50110000 	.word	0x50110000
200004b8:	50113000 	.word	0x50113000
200004bc:	200017f0 	.word	0x200017f0

200004c0 <dcd_rp2040_irq>:
200004c0:	2398      	movs	r3, #152	@ 0x98
200004c2:	4ac6      	ldr	r2, [pc, #792]	@ (200007dc <dcd_rp2040_irq+0x31c>)
200004c4:	b5f0      	push	{r4, r5, r6, r7, lr}
200004c6:	58d5      	ldr	r5, [r2, r3]
200004c8:	2380      	movs	r3, #128	@ 0x80
200004ca:	002e      	movs	r6, r5
200004cc:	029b      	lsls	r3, r3, #10
200004ce:	2410      	movs	r4, #16
200004d0:	b085      	sub	sp, #20
200004d2:	401e      	ands	r6, r3
200004d4:	421d      	tst	r5, r3
200004d6:	d074      	beq.n	200005c2 <dcd_rp2040_irq+0x102>
200004d8:	4bc1      	ldr	r3, [pc, #772]	@ (200007e0 <dcd_rp2040_irq+0x320>)
200004da:	4cc2      	ldr	r4, [pc, #776]	@ (200007e4 <dcd_rp2040_irq+0x324>)
200004dc:	6a9a      	ldr	r2, [r3, #40]	@ 0x28
200004de:	4bc2      	ldr	r3, [pc, #776]	@ (200007e8 <dcd_rp2040_irq+0x328>)
200004e0:	2600      	movs	r6, #0
200004e2:	601a      	str	r2, [r3, #0]
200004e4:	233b      	movs	r3, #59	@ 0x3b
200004e6:	5ce3      	ldrb	r3, [r4, r3]
200004e8:	2b02      	cmp	r3, #2
200004ea:	d100      	bne.n	200004ee <dcd_rp2040_irq+0x2e>
200004ec:	e14b      	b.n	20000786 <dcd_rp2040_irq+0x2c6>
200004ee:	237b      	movs	r3, #123	@ 0x7b
200004f0:	5ce3      	ldrb	r3, [r4, r3]
200004f2:	2b02      	cmp	r3, #2
200004f4:	d100      	bne.n	200004f8 <dcd_rp2040_irq+0x38>
200004f6:	e0ef      	b.n	200006d8 <dcd_rp2040_irq+0x218>
200004f8:	23bb      	movs	r3, #187	@ 0xbb
200004fa:	5ce3      	ldrb	r3, [r4, r3]
200004fc:	2b02      	cmp	r3, #2
200004fe:	d100      	bne.n	20000502 <dcd_rp2040_irq+0x42>
20000500:	e0f6      	b.n	200006f0 <dcd_rp2040_irq+0x230>
20000502:	23fb      	movs	r3, #251	@ 0xfb
20000504:	5ce3      	ldrb	r3, [r4, r3]
20000506:	2b02      	cmp	r3, #2
20000508:	d100      	bne.n	2000050c <dcd_rp2040_irq+0x4c>
2000050a:	e0fd      	b.n	20000708 <dcd_rp2040_irq+0x248>
2000050c:	233c      	movs	r3, #60	@ 0x3c
2000050e:	33ff      	adds	r3, #255	@ 0xff
20000510:	5ce3      	ldrb	r3, [r4, r3]
20000512:	2b02      	cmp	r3, #2
20000514:	d100      	bne.n	20000518 <dcd_rp2040_irq+0x58>
20000516:	e129      	b.n	2000076c <dcd_rp2040_irq+0x2ac>
20000518:	237c      	movs	r3, #124	@ 0x7c
2000051a:	33ff      	adds	r3, #255	@ 0xff
2000051c:	5ce3      	ldrb	r3, [r4, r3]
2000051e:	2b02      	cmp	r3, #2
20000520:	d100      	bne.n	20000524 <dcd_rp2040_irq+0x64>
20000522:	e10a      	b.n	2000073a <dcd_rp2040_irq+0x27a>
20000524:	23bc      	movs	r3, #188	@ 0xbc
20000526:	33ff      	adds	r3, #255	@ 0xff
20000528:	5ce3      	ldrb	r3, [r4, r3]
2000052a:	2b02      	cmp	r3, #2
2000052c:	d100      	bne.n	20000530 <dcd_rp2040_irq+0x70>
2000052e:	e13b      	b.n	200007a8 <dcd_rp2040_irq+0x2e8>
20000530:	23fc      	movs	r3, #252	@ 0xfc
20000532:	33ff      	adds	r3, #255	@ 0xff
20000534:	5ce3      	ldrb	r3, [r4, r3]
20000536:	2b02      	cmp	r3, #2
20000538:	d100      	bne.n	2000053c <dcd_rp2040_irq+0x7c>
2000053a:	e0f1      	b.n	20000720 <dcd_rp2040_irq+0x260>
2000053c:	4bab      	ldr	r3, [pc, #684]	@ (200007ec <dcd_rp2040_irq+0x32c>)
2000053e:	5ce3      	ldrb	r3, [r4, r3]
20000540:	2b02      	cmp	r3, #2
20000542:	d100      	bne.n	20000546 <dcd_rp2040_irq+0x86>
20000544:	e170      	b.n	20000828 <dcd_rp2040_irq+0x368>
20000546:	4baa      	ldr	r3, [pc, #680]	@ (200007f0 <dcd_rp2040_irq+0x330>)
20000548:	5ce3      	ldrb	r3, [r4, r3]
2000054a:	2b02      	cmp	r3, #2
2000054c:	d100      	bne.n	20000550 <dcd_rp2040_irq+0x90>
2000054e:	e101      	b.n	20000754 <dcd_rp2040_irq+0x294>
20000550:	4ba8      	ldr	r3, [pc, #672]	@ (200007f4 <dcd_rp2040_irq+0x334>)
20000552:	5ce3      	ldrb	r3, [r4, r3]
20000554:	2b02      	cmp	r3, #2
20000556:	d100      	bne.n	2000055a <dcd_rp2040_irq+0x9a>
20000558:	e171      	b.n	2000083e <dcd_rp2040_irq+0x37e>
2000055a:	4ba7      	ldr	r3, [pc, #668]	@ (200007f8 <dcd_rp2040_irq+0x338>)
2000055c:	5ce3      	ldrb	r3, [r4, r3]
2000055e:	2b02      	cmp	r3, #2
20000560:	d100      	bne.n	20000564 <dcd_rp2040_irq+0xa4>
20000562:	e12e      	b.n	200007c2 <dcd_rp2040_irq+0x302>
20000564:	4ba5      	ldr	r3, [pc, #660]	@ (200007fc <dcd_rp2040_irq+0x33c>)
20000566:	5ce3      	ldrb	r3, [r4, r3]
20000568:	2b02      	cmp	r3, #2
2000056a:	d100      	bne.n	2000056e <dcd_rp2040_irq+0xae>
2000056c:	e19c      	b.n	200008a8 <dcd_rp2040_irq+0x3e8>
2000056e:	4ba4      	ldr	r3, [pc, #656]	@ (20000800 <dcd_rp2040_irq+0x340>)
20000570:	5ce3      	ldrb	r3, [r4, r3]
20000572:	2b02      	cmp	r3, #2
20000574:	d100      	bne.n	20000578 <dcd_rp2040_irq+0xb8>
20000576:	e16d      	b.n	20000854 <dcd_rp2040_irq+0x394>
20000578:	4ba2      	ldr	r3, [pc, #648]	@ (20000804 <dcd_rp2040_irq+0x344>)
2000057a:	5ce3      	ldrb	r3, [r4, r3]
2000057c:	2b02      	cmp	r3, #2
2000057e:	d100      	bne.n	20000582 <dcd_rp2040_irq+0xc2>
20000580:	e19d      	b.n	200008be <dcd_rp2040_irq+0x3fe>
20000582:	4ba1      	ldr	r3, [pc, #644]	@ (20000808 <dcd_rp2040_irq+0x348>)
20000584:	5ce3      	ldrb	r3, [r4, r3]
20000586:	2b02      	cmp	r3, #2
20000588:	d100      	bne.n	2000058c <dcd_rp2040_irq+0xcc>
2000058a:	e17b      	b.n	20000884 <dcd_rp2040_irq+0x3c4>
2000058c:	2e00      	cmp	r6, #0
2000058e:	d108      	bne.n	200005a2 <dcd_rp2040_irq+0xe2>
20000590:	4b9e      	ldr	r3, [pc, #632]	@ (2000080c <dcd_rp2040_irq+0x34c>)
20000592:	781b      	ldrb	r3, [r3, #0]
20000594:	2b00      	cmp	r3, #0
20000596:	d104      	bne.n	200005a2 <dcd_rp2040_irq+0xe2>
20000598:	2180      	movs	r1, #128	@ 0x80
2000059a:	4a9d      	ldr	r2, [pc, #628]	@ (20000810 <dcd_rp2040_irq+0x350>)
2000059c:	3390      	adds	r3, #144	@ 0x90
2000059e:	0289      	lsls	r1, r1, #10
200005a0:	50d1      	str	r1, [r2, r3]
200005a2:	22c0      	movs	r2, #192	@ 0xc0
200005a4:	4669      	mov	r1, sp
200005a6:	4b8d      	ldr	r3, [pc, #564]	@ (200007dc <dcd_rp2040_irq+0x31c>)
200005a8:	0092      	lsls	r2, r2, #2
200005aa:	6c9b      	ldr	r3, [r3, #72]	@ 0x48
200005ac:	2680      	movs	r6, #128	@ 0x80
200005ae:	055b      	lsls	r3, r3, #21
200005b0:	808a      	strh	r2, [r1, #4]
200005b2:	0d5b      	lsrs	r3, r3, #21
200005b4:	2101      	movs	r1, #1
200005b6:	a801      	add	r0, sp, #4
200005b8:	9302      	str	r3, [sp, #8]
200005ba:	f000 fb93 	bl	20000ce4 <dcd_event_handler>
200005be:	4c95      	ldr	r4, [pc, #596]	@ (20000814 <dcd_rp2040_irq+0x354>)
200005c0:	02b6      	lsls	r6, r6, #10
200005c2:	06eb      	lsls	r3, r5, #27
200005c4:	d500      	bpl.n	200005c8 <dcd_rp2040_irq+0x108>
200005c6:	e07b      	b.n	200006c0 <dcd_rp2040_irq+0x200>
200005c8:	2380      	movs	r3, #128	@ 0x80
200005ca:	025b      	lsls	r3, r3, #9
200005cc:	421d      	tst	r5, r3
200005ce:	d02f      	beq.n	20000630 <dcd_rp2040_irq+0x170>
200005d0:	2402      	movs	r4, #2
200005d2:	4f84      	ldr	r7, [pc, #528]	@ (200007e4 <dcd_rp2040_irq+0x324>)
200005d4:	431e      	orrs	r6, r3
200005d6:	7ebb      	ldrb	r3, [r7, #26]
200005d8:	2b00      	cmp	r3, #0
200005da:	d014      	beq.n	20000606 <dcd_rp2040_irq+0x146>
200005dc:	f000 fc90 	bl	20000f00 <__rp2040_chip_version_veneer>
200005e0:	2801      	cmp	r0, #1
200005e2:	d900      	bls.n	200005e6 <dcd_rp2040_irq+0x126>
200005e4:	e070      	b.n	200006c8 <dcd_rp2040_irq+0x208>
200005e6:	22c0      	movs	r2, #192	@ 0xc0
200005e8:	2100      	movs	r1, #0
200005ea:	0038      	movs	r0, r7
200005ec:	0192      	lsls	r2, r2, #6
200005ee:	f000 fafd 	bl	20000bec <_hw_endpoint_buffer_control_update32>
200005f2:	0038      	movs	r0, r7
200005f4:	f000 faf4 	bl	20000be0 <hw_endpoint_reset_transfer>
200005f8:	f000 fc82 	bl	20000f00 <__rp2040_chip_version_veneer>
200005fc:	2801      	cmp	r0, #1
200005fe:	d902      	bls.n	20000606 <dcd_rp2040_irq+0x146>
20000600:	4b83      	ldr	r3, [pc, #524]	@ (20000810 <dcd_rp2040_irq+0x350>)
20000602:	665c      	str	r4, [r3, #100]	@ 0x64
20000604:	661c      	str	r4, [r3, #96]	@ 0x60
20000606:	2301      	movs	r3, #1
20000608:	70fb      	strb	r3, [r7, #3]
2000060a:	3720      	adds	r7, #32
2000060c:	2c01      	cmp	r4, #1
2000060e:	d120      	bne.n	20000652 <dcd_rp2040_irq+0x192>
20000610:	23c0      	movs	r3, #192	@ 0xc0
20000612:	466a      	mov	r2, sp
20000614:	00db      	lsls	r3, r3, #3
20000616:	8093      	strh	r3, [r2, #4]
20000618:	4a7f      	ldr	r2, [pc, #508]	@ (20000818 <dcd_rp2040_irq+0x358>)
2000061a:	ab02      	add	r3, sp, #8
2000061c:	ca03      	ldmia	r2!, {r0, r1}
2000061e:	c303      	stmia	r3!, {r0, r1}
20000620:	2101      	movs	r1, #1
20000622:	a801      	add	r0, sp, #4
20000624:	f000 fb5e 	bl	20000ce4 <dcd_event_handler>
20000628:	2280      	movs	r2, #128	@ 0x80
2000062a:	4b79      	ldr	r3, [pc, #484]	@ (20000810 <dcd_rp2040_irq+0x350>)
2000062c:	0292      	lsls	r2, r2, #10
2000062e:	651a      	str	r2, [r3, #80]	@ 0x50
20000630:	2380      	movs	r3, #128	@ 0x80
20000632:	015b      	lsls	r3, r3, #5
20000634:	421d      	tst	r5, r3
20000636:	d10e      	bne.n	20000656 <dcd_rp2040_irq+0x196>
20000638:	2380      	movs	r3, #128	@ 0x80
2000063a:	01db      	lsls	r3, r3, #7
2000063c:	421d      	tst	r5, r3
2000063e:	d121      	bne.n	20000684 <dcd_rp2040_irq+0x1c4>
20000640:	2380      	movs	r3, #128	@ 0x80
20000642:	021b      	lsls	r3, r3, #8
20000644:	421d      	tst	r5, r3
20000646:	d12d      	bne.n	200006a4 <dcd_rp2040_irq+0x1e4>
20000648:	42ae      	cmp	r6, r5
2000064a:	d000      	beq.n	2000064e <dcd_rp2040_irq+0x18e>
2000064c:	e1be      	b.n	200009cc <dcd_rp2040_irq+0x50c>
2000064e:	b005      	add	sp, #20
20000650:	bdf0      	pop	{r4, r5, r6, r7, pc}
20000652:	2401      	movs	r4, #1
20000654:	e7bf      	b.n	200005d6 <dcd_rp2040_irq+0x116>
20000656:	2400      	movs	r4, #0
20000658:	431e      	orrs	r6, r3
2000065a:	4b60      	ldr	r3, [pc, #384]	@ (200007dc <dcd_rp2040_irq+0x31c>)
2000065c:	601c      	str	r4, [r3, #0]
2000065e:	f7ff feb7 	bl	200003d0 <reset_non_control_endpoints>
20000662:	2380      	movs	r3, #128	@ 0x80
20000664:	466a      	mov	r2, sp
20000666:	005b      	lsls	r3, r3, #1
20000668:	8093      	strh	r3, [r2, #4]
2000066a:	7214      	strb	r4, [r2, #8]
2000066c:	2101      	movs	r1, #1
2000066e:	a801      	add	r0, sp, #4
20000670:	f000 fb38 	bl	20000ce4 <dcd_event_handler>
20000674:	2280      	movs	r2, #128	@ 0x80
20000676:	4b66      	ldr	r3, [pc, #408]	@ (20000810 <dcd_rp2040_irq+0x350>)
20000678:	0312      	lsls	r2, r2, #12
2000067a:	651a      	str	r2, [r3, #80]	@ 0x50
2000067c:	2380      	movs	r3, #128	@ 0x80
2000067e:	01db      	lsls	r3, r3, #7
20000680:	421d      	tst	r5, r3
20000682:	d0dd      	beq.n	20000640 <dcd_rp2040_irq+0x180>
20000684:	431e      	orrs	r6, r3
20000686:	2380      	movs	r3, #128	@ 0x80
20000688:	466a      	mov	r2, sp
2000068a:	00db      	lsls	r3, r3, #3
2000068c:	8093      	strh	r3, [r2, #4]
2000068e:	2101      	movs	r1, #1
20000690:	a801      	add	r0, sp, #4
20000692:	f000 fb27 	bl	20000ce4 <dcd_event_handler>
20000696:	2210      	movs	r2, #16
20000698:	4b5d      	ldr	r3, [pc, #372]	@ (20000810 <dcd_rp2040_irq+0x350>)
2000069a:	651a      	str	r2, [r3, #80]	@ 0x50
2000069c:	2380      	movs	r3, #128	@ 0x80
2000069e:	021b      	lsls	r3, r3, #8
200006a0:	421d      	tst	r5, r3
200006a2:	d0d1      	beq.n	20000648 <dcd_rp2040_irq+0x188>
200006a4:	431e      	orrs	r6, r3
200006a6:	23a0      	movs	r3, #160	@ 0xa0
200006a8:	466a      	mov	r2, sp
200006aa:	00db      	lsls	r3, r3, #3
200006ac:	8093      	strh	r3, [r2, #4]
200006ae:	2101      	movs	r1, #1
200006b0:	a801      	add	r0, sp, #4
200006b2:	f000 fb17 	bl	20000ce4 <dcd_event_handler>
200006b6:	2280      	movs	r2, #128	@ 0x80
200006b8:	4b55      	ldr	r3, [pc, #340]	@ (20000810 <dcd_rp2040_irq+0x350>)
200006ba:	0112      	lsls	r2, r2, #4
200006bc:	651a      	str	r2, [r3, #80]	@ 0x50
200006be:	e7c3      	b.n	20000648 <dcd_rp2040_irq+0x188>
200006c0:	f7ff feba 	bl	20000438 <hw_handle_buff_status>
200006c4:	0026      	movs	r6, r4
200006c6:	e77f      	b.n	200005c8 <dcd_rp2040_irq+0x108>
200006c8:	4b54      	ldr	r3, [pc, #336]	@ (2000081c <dcd_rp2040_irq+0x35c>)
200006ca:	4a44      	ldr	r2, [pc, #272]	@ (200007dc <dcd_rp2040_irq+0x31c>)
200006cc:	661c      	str	r4, [r3, #96]	@ 0x60
200006ce:	6e53      	ldr	r3, [r2, #100]	@ 0x64
200006d0:	4023      	ands	r3, r4
200006d2:	42a3      	cmp	r3, r4
200006d4:	d1fb      	bne.n	200006ce <dcd_rp2040_irq+0x20e>
200006d6:	e786      	b.n	200005e6 <dcd_rp2040_irq+0x126>
200006d8:	3378      	adds	r3, #120	@ 0x78
200006da:	5ce7      	ldrb	r7, [r4, r3]
200006dc:	2f00      	cmp	r7, #0
200006de:	d100      	bne.n	200006e2 <dcd_rp2040_irq+0x222>
200006e0:	e70a      	b.n	200004f8 <dcd_rp2040_irq+0x38>
200006e2:	3302      	adds	r3, #2
200006e4:	5ce2      	ldrb	r2, [r4, r3]
200006e6:	2a00      	cmp	r2, #0
200006e8:	d000      	beq.n	200006ec <dcd_rp2040_irq+0x22c>
200006ea:	e10d      	b.n	20000908 <dcd_rp2040_irq+0x448>
200006ec:	003e      	movs	r6, r7
200006ee:	e703      	b.n	200004f8 <dcd_rp2040_irq+0x38>
200006f0:	33b8      	adds	r3, #184	@ 0xb8
200006f2:	5ce7      	ldrb	r7, [r4, r3]
200006f4:	2f00      	cmp	r7, #0
200006f6:	d100      	bne.n	200006fa <dcd_rp2040_irq+0x23a>
200006f8:	e703      	b.n	20000502 <dcd_rp2040_irq+0x42>
200006fa:	3302      	adds	r3, #2
200006fc:	5ce2      	ldrb	r2, [r4, r3]
200006fe:	2a00      	cmp	r2, #0
20000700:	d000      	beq.n	20000704 <dcd_rp2040_irq+0x244>
20000702:	e0f9      	b.n	200008f8 <dcd_rp2040_irq+0x438>
20000704:	003e      	movs	r6, r7
20000706:	e6fc      	b.n	20000502 <dcd_rp2040_irq+0x42>
20000708:	33f8      	adds	r3, #248	@ 0xf8
2000070a:	5ce7      	ldrb	r7, [r4, r3]
2000070c:	2f00      	cmp	r7, #0
2000070e:	d100      	bne.n	20000712 <dcd_rp2040_irq+0x252>
20000710:	e6fc      	b.n	2000050c <dcd_rp2040_irq+0x4c>
20000712:	3302      	adds	r3, #2
20000714:	5ce2      	ldrb	r2, [r4, r3]
20000716:	2a00      	cmp	r2, #0
20000718:	d000      	beq.n	2000071c <dcd_rp2040_irq+0x25c>
2000071a:	e141      	b.n	200009a0 <dcd_rp2040_irq+0x4e0>
2000071c:	003e      	movs	r6, r7
2000071e:	e6f5      	b.n	2000050c <dcd_rp2040_irq+0x4c>
20000720:	33f9      	adds	r3, #249	@ 0xf9
20000722:	33ff      	adds	r3, #255	@ 0xff
20000724:	5ce7      	ldrb	r7, [r4, r3]
20000726:	2f00      	cmp	r7, #0
20000728:	d100      	bne.n	2000072c <dcd_rp2040_irq+0x26c>
2000072a:	e707      	b.n	2000053c <dcd_rp2040_irq+0x7c>
2000072c:	3302      	adds	r3, #2
2000072e:	5ce2      	ldrb	r2, [r4, r3]
20000730:	2a00      	cmp	r2, #0
20000732:	d000      	beq.n	20000736 <dcd_rp2040_irq+0x276>
20000734:	e12b      	b.n	2000098e <dcd_rp2040_irq+0x4ce>
20000736:	003e      	movs	r6, r7
20000738:	e700      	b.n	2000053c <dcd_rp2040_irq+0x7c>
2000073a:	3379      	adds	r3, #121	@ 0x79
2000073c:	33ff      	adds	r3, #255	@ 0xff
2000073e:	5ce7      	ldrb	r7, [r4, r3]
20000740:	2f00      	cmp	r7, #0
20000742:	d100      	bne.n	20000746 <dcd_rp2040_irq+0x286>
20000744:	e6ee      	b.n	20000524 <dcd_rp2040_irq+0x64>
20000746:	3302      	adds	r3, #2
20000748:	5ce2      	ldrb	r2, [r4, r3]
2000074a:	2a00      	cmp	r2, #0
2000074c:	d000      	beq.n	20000750 <dcd_rp2040_irq+0x290>
2000074e:	e115      	b.n	2000097c <dcd_rp2040_irq+0x4bc>
20000750:	003e      	movs	r6, r7
20000752:	e6e7      	b.n	20000524 <dcd_rp2040_irq+0x64>
20000754:	4b32      	ldr	r3, [pc, #200]	@ (20000820 <dcd_rp2040_irq+0x360>)
20000756:	5ce7      	ldrb	r7, [r4, r3]
20000758:	2f00      	cmp	r7, #0
2000075a:	d100      	bne.n	2000075e <dcd_rp2040_irq+0x29e>
2000075c:	e6f8      	b.n	20000550 <dcd_rp2040_irq+0x90>
2000075e:	3302      	adds	r3, #2
20000760:	5ce2      	ldrb	r2, [r4, r3]
20000762:	2a00      	cmp	r2, #0
20000764:	d000      	beq.n	20000768 <dcd_rp2040_irq+0x2a8>
20000766:	e101      	b.n	2000096c <dcd_rp2040_irq+0x4ac>
20000768:	003e      	movs	r6, r7
2000076a:	e6f1      	b.n	20000550 <dcd_rp2040_irq+0x90>
2000076c:	3339      	adds	r3, #57	@ 0x39
2000076e:	33ff      	adds	r3, #255	@ 0xff
20000770:	5ce7      	ldrb	r7, [r4, r3]
20000772:	2f00      	cmp	r7, #0
20000774:	d100      	bne.n	20000778 <dcd_rp2040_irq+0x2b8>
20000776:	e6cf      	b.n	20000518 <dcd_rp2040_irq+0x58>
20000778:	3302      	adds	r3, #2
2000077a:	5ce2      	ldrb	r2, [r4, r3]
2000077c:	2a00      	cmp	r2, #0
2000077e:	d000      	beq.n	20000782 <dcd_rp2040_irq+0x2c2>
20000780:	e0eb      	b.n	2000095a <dcd_rp2040_irq+0x49a>
20000782:	003e      	movs	r6, r7
20000784:	e6c8      	b.n	20000518 <dcd_rp2040_irq+0x58>
20000786:	3338      	adds	r3, #56	@ 0x38
20000788:	5ce6      	ldrb	r6, [r4, r3]
2000078a:	2e00      	cmp	r6, #0
2000078c:	d100      	bne.n	20000790 <dcd_rp2040_irq+0x2d0>
2000078e:	e6ae      	b.n	200004ee <dcd_rp2040_irq+0x2e>
20000790:	3302      	adds	r3, #2
20000792:	5ce2      	ldrb	r2, [r4, r3]
20000794:	2a00      	cmp	r2, #0
20000796:	d100      	bne.n	2000079a <dcd_rp2040_irq+0x2da>
20000798:	e6a9      	b.n	200004ee <dcd_rp2040_irq+0x2e>
2000079a:	0020      	movs	r0, r4
2000079c:	2200      	movs	r2, #0
2000079e:	3020      	adds	r0, #32
200007a0:	54e2      	strb	r2, [r4, r3]
200007a2:	f000 fa4b 	bl	20000c3c <hw_endpoint_start_next_buffer>
200007a6:	e6a2      	b.n	200004ee <dcd_rp2040_irq+0x2e>
200007a8:	33b9      	adds	r3, #185	@ 0xb9
200007aa:	33ff      	adds	r3, #255	@ 0xff
200007ac:	5ce7      	ldrb	r7, [r4, r3]
200007ae:	2f00      	cmp	r7, #0
200007b0:	d100      	bne.n	200007b4 <dcd_rp2040_irq+0x2f4>
200007b2:	e6bd      	b.n	20000530 <dcd_rp2040_irq+0x70>
200007b4:	3302      	adds	r3, #2
200007b6:	5ce2      	ldrb	r2, [r4, r3]
200007b8:	2a00      	cmp	r2, #0
200007ba:	d000      	beq.n	200007be <dcd_rp2040_irq+0x2fe>
200007bc:	e0c4      	b.n	20000948 <dcd_rp2040_irq+0x488>
200007be:	003e      	movs	r6, r7
200007c0:	e6b6      	b.n	20000530 <dcd_rp2040_irq+0x70>
200007c2:	4b18      	ldr	r3, [pc, #96]	@ (20000824 <dcd_rp2040_irq+0x364>)
200007c4:	5ce7      	ldrb	r7, [r4, r3]
200007c6:	2f00      	cmp	r7, #0
200007c8:	d100      	bne.n	200007cc <dcd_rp2040_irq+0x30c>
200007ca:	e6cb      	b.n	20000564 <dcd_rp2040_irq+0xa4>
200007cc:	3302      	adds	r3, #2
200007ce:	5ce2      	ldrb	r2, [r4, r3]
200007d0:	2a00      	cmp	r2, #0
200007d2:	d000      	beq.n	200007d6 <dcd_rp2040_irq+0x316>
200007d4:	e0b0      	b.n	20000938 <dcd_rp2040_irq+0x478>
200007d6:	003e      	movs	r6, r7
200007d8:	e6c4      	b.n	20000564 <dcd_rp2040_irq+0xa4>
200007da:	46c0      	nop			@ (mov r8, r8)
200007dc:	50110000 	.word	0x50110000
200007e0:	40054000 	.word	0x40054000
200007e4:	200017f0 	.word	0x200017f0
200007e8:	200017e8 	.word	0x200017e8
200007ec:	0000023b 	.word	0x0000023b
200007f0:	0000027b 	.word	0x0000027b
200007f4:	000002bb 	.word	0x000002bb
200007f8:	000002fb 	.word	0x000002fb
200007fc:	0000033b 	.word	0x0000033b
20000800:	0000037b 	.word	0x0000037b
20000804:	000003bb 	.word	0x000003bb
20000808:	000003fb 	.word	0x000003fb
2000080c:	20001c3e 	.word	0x20001c3e
20000810:	50113000 	.word	0x50113000
20000814:	00020010 	.word	0x00020010
20000818:	50100000 	.word	0x50100000
2000081c:	50112000 	.word	0x50112000
20000820:	0000027a 	.word	0x0000027a
20000824:	000002fa 	.word	0x000002fa
20000828:	4b6b      	ldr	r3, [pc, #428]	@ (200009d8 <dcd_rp2040_irq+0x518>)
2000082a:	5ce7      	ldrb	r7, [r4, r3]
2000082c:	2f00      	cmp	r7, #0
2000082e:	d100      	bne.n	20000832 <dcd_rp2040_irq+0x372>
20000830:	e689      	b.n	20000546 <dcd_rp2040_irq+0x86>
20000832:	3302      	adds	r3, #2
20000834:	5ce2      	ldrb	r2, [r4, r3]
20000836:	2a00      	cmp	r2, #0
20000838:	d176      	bne.n	20000928 <dcd_rp2040_irq+0x468>
2000083a:	003e      	movs	r6, r7
2000083c:	e683      	b.n	20000546 <dcd_rp2040_irq+0x86>
2000083e:	4b67      	ldr	r3, [pc, #412]	@ (200009dc <dcd_rp2040_irq+0x51c>)
20000840:	5ce7      	ldrb	r7, [r4, r3]
20000842:	2f00      	cmp	r7, #0
20000844:	d100      	bne.n	20000848 <dcd_rp2040_irq+0x388>
20000846:	e688      	b.n	2000055a <dcd_rp2040_irq+0x9a>
20000848:	3302      	adds	r3, #2
2000084a:	5ce2      	ldrb	r2, [r4, r3]
2000084c:	2a00      	cmp	r2, #0
2000084e:	d163      	bne.n	20000918 <dcd_rp2040_irq+0x458>
20000850:	003e      	movs	r6, r7
20000852:	e682      	b.n	2000055a <dcd_rp2040_irq+0x9a>
20000854:	4b62      	ldr	r3, [pc, #392]	@ (200009e0 <dcd_rp2040_irq+0x520>)
20000856:	5ce7      	ldrb	r7, [r4, r3]
20000858:	2f00      	cmp	r7, #0
2000085a:	d100      	bne.n	2000085e <dcd_rp2040_irq+0x39e>
2000085c:	e68c      	b.n	20000578 <dcd_rp2040_irq+0xb8>
2000085e:	3302      	adds	r3, #2
20000860:	5ce2      	ldrb	r2, [r4, r3]
20000862:	2a00      	cmp	r2, #0
20000864:	d000      	beq.n	20000868 <dcd_rp2040_irq+0x3a8>
20000866:	e0a3      	b.n	200009b0 <dcd_rp2040_irq+0x4f0>
20000868:	4b5e      	ldr	r3, [pc, #376]	@ (200009e4 <dcd_rp2040_irq+0x524>)
2000086a:	5ce3      	ldrb	r3, [r4, r3]
2000086c:	2b02      	cmp	r3, #2
2000086e:	d130      	bne.n	200008d2 <dcd_rp2040_irq+0x412>
20000870:	4b5d      	ldr	r3, [pc, #372]	@ (200009e8 <dcd_rp2040_irq+0x528>)
20000872:	5ce3      	ldrb	r3, [r4, r3]
20000874:	2b00      	cmp	r3, #0
20000876:	d127      	bne.n	200008c8 <dcd_rp2040_irq+0x408>
20000878:	4b5c      	ldr	r3, [pc, #368]	@ (200009ec <dcd_rp2040_irq+0x52c>)
2000087a:	5ce3      	ldrb	r3, [r4, r3]
2000087c:	2b02      	cmp	r3, #2
2000087e:	d000      	beq.n	20000882 <dcd_rp2040_irq+0x3c2>
20000880:	e68f      	b.n	200005a2 <dcd_rp2040_irq+0xe2>
20000882:	003e      	movs	r6, r7
20000884:	4b5a      	ldr	r3, [pc, #360]	@ (200009f0 <dcd_rp2040_irq+0x530>)
20000886:	5ce3      	ldrb	r3, [r4, r3]
20000888:	2b00      	cmp	r3, #0
2000088a:	d100      	bne.n	2000088e <dcd_rp2040_irq+0x3ce>
2000088c:	e67e      	b.n	2000058c <dcd_rp2040_irq+0xcc>
2000088e:	23ff      	movs	r3, #255	@ 0xff
20000890:	009b      	lsls	r3, r3, #2
20000892:	5ce2      	ldrb	r2, [r4, r3]
20000894:	2a00      	cmp	r2, #0
20000896:	d100      	bne.n	2000089a <dcd_rp2040_irq+0x3da>
20000898:	e683      	b.n	200005a2 <dcd_rp2040_irq+0xe2>
2000089a:	2200      	movs	r2, #0
2000089c:	54e2      	strb	r2, [r4, r3]
2000089e:	3b1c      	subs	r3, #28
200008a0:	18e0      	adds	r0, r4, r3
200008a2:	f000 f9cb 	bl	20000c3c <hw_endpoint_start_next_buffer>
200008a6:	e67c      	b.n	200005a2 <dcd_rp2040_irq+0xe2>
200008a8:	4b52      	ldr	r3, [pc, #328]	@ (200009f4 <dcd_rp2040_irq+0x534>)
200008aa:	5ce7      	ldrb	r7, [r4, r3]
200008ac:	2f00      	cmp	r7, #0
200008ae:	d100      	bne.n	200008b2 <dcd_rp2040_irq+0x3f2>
200008b0:	e65d      	b.n	2000056e <dcd_rp2040_irq+0xae>
200008b2:	3302      	adds	r3, #2
200008b4:	5ce2      	ldrb	r2, [r4, r3]
200008b6:	2a00      	cmp	r2, #0
200008b8:	d116      	bne.n	200008e8 <dcd_rp2040_irq+0x428>
200008ba:	003e      	movs	r6, r7
200008bc:	e657      	b.n	2000056e <dcd_rp2040_irq+0xae>
200008be:	4b4a      	ldr	r3, [pc, #296]	@ (200009e8 <dcd_rp2040_irq+0x528>)
200008c0:	5ce3      	ldrb	r3, [r4, r3]
200008c2:	2b00      	cmp	r3, #0
200008c4:	d100      	bne.n	200008c8 <dcd_rp2040_irq+0x408>
200008c6:	e65c      	b.n	20000582 <dcd_rp2040_irq+0xc2>
200008c8:	23ef      	movs	r3, #239	@ 0xef
200008ca:	009b      	lsls	r3, r3, #2
200008cc:	5ce2      	ldrb	r2, [r4, r3]
200008ce:	2a00      	cmp	r2, #0
200008d0:	d175      	bne.n	200009be <dcd_rp2040_irq+0x4fe>
200008d2:	4b46      	ldr	r3, [pc, #280]	@ (200009ec <dcd_rp2040_irq+0x52c>)
200008d4:	5ce3      	ldrb	r3, [r4, r3]
200008d6:	2b02      	cmp	r3, #2
200008d8:	d000      	beq.n	200008dc <dcd_rp2040_irq+0x41c>
200008da:	e662      	b.n	200005a2 <dcd_rp2040_irq+0xe2>
200008dc:	4b44      	ldr	r3, [pc, #272]	@ (200009f0 <dcd_rp2040_irq+0x530>)
200008de:	5ce3      	ldrb	r3, [r4, r3]
200008e0:	2b00      	cmp	r3, #0
200008e2:	d100      	bne.n	200008e6 <dcd_rp2040_irq+0x426>
200008e4:	e65d      	b.n	200005a2 <dcd_rp2040_irq+0xe2>
200008e6:	e7d2      	b.n	2000088e <dcd_rp2040_irq+0x3ce>
200008e8:	2200      	movs	r2, #0
200008ea:	54e2      	strb	r2, [r4, r3]
200008ec:	3b1c      	subs	r3, #28
200008ee:	18e0      	adds	r0, r4, r3
200008f0:	f000 f9a4 	bl	20000c3c <hw_endpoint_start_next_buffer>
200008f4:	003e      	movs	r6, r7
200008f6:	e63a      	b.n	2000056e <dcd_rp2040_irq+0xae>
200008f8:	0020      	movs	r0, r4
200008fa:	2200      	movs	r2, #0
200008fc:	30a0      	adds	r0, #160	@ 0xa0
200008fe:	54e2      	strb	r2, [r4, r3]
20000900:	003e      	movs	r6, r7
20000902:	f000 f99b 	bl	20000c3c <hw_endpoint_start_next_buffer>
20000906:	e5fc      	b.n	20000502 <dcd_rp2040_irq+0x42>
20000908:	0020      	movs	r0, r4
2000090a:	2200      	movs	r2, #0
2000090c:	3060      	adds	r0, #96	@ 0x60
2000090e:	54e2      	strb	r2, [r4, r3]
20000910:	003e      	movs	r6, r7
20000912:	f000 f993 	bl	20000c3c <hw_endpoint_start_next_buffer>
20000916:	e5ef      	b.n	200004f8 <dcd_rp2040_irq+0x38>
20000918:	2200      	movs	r2, #0
2000091a:	54e2      	strb	r2, [r4, r3]
2000091c:	3b1c      	subs	r3, #28
2000091e:	18e0      	adds	r0, r4, r3
20000920:	f000 f98c 	bl	20000c3c <hw_endpoint_start_next_buffer>
20000924:	003e      	movs	r6, r7
20000926:	e618      	b.n	2000055a <dcd_rp2040_irq+0x9a>
20000928:	2200      	movs	r2, #0
2000092a:	54e2      	strb	r2, [r4, r3]
2000092c:	3b1c      	subs	r3, #28
2000092e:	18e0      	adds	r0, r4, r3
20000930:	f000 f984 	bl	20000c3c <hw_endpoint_start_next_buffer>
20000934:	003e      	movs	r6, r7
20000936:	e606      	b.n	20000546 <dcd_rp2040_irq+0x86>
20000938:	2200      	movs	r2, #0
2000093a:	54e2      	strb	r2, [r4, r3]
2000093c:	3b1c      	subs	r3, #28
2000093e:	18e0      	adds	r0, r4, r3
20000940:	f000 f97c 	bl	20000c3c <hw_endpoint_start_next_buffer>
20000944:	003e      	movs	r6, r7
20000946:	e60d      	b.n	20000564 <dcd_rp2040_irq+0xa4>
20000948:	0020      	movs	r0, r4
2000094a:	2200      	movs	r2, #0
2000094c:	30a1      	adds	r0, #161	@ 0xa1
2000094e:	30ff      	adds	r0, #255	@ 0xff
20000950:	54e2      	strb	r2, [r4, r3]
20000952:	003e      	movs	r6, r7
20000954:	f000 f972 	bl	20000c3c <hw_endpoint_start_next_buffer>
20000958:	e5ea      	b.n	20000530 <dcd_rp2040_irq+0x70>
2000095a:	0020      	movs	r0, r4
2000095c:	2200      	movs	r2, #0
2000095e:	3021      	adds	r0, #33	@ 0x21
20000960:	30ff      	adds	r0, #255	@ 0xff
20000962:	54e2      	strb	r2, [r4, r3]
20000964:	003e      	movs	r6, r7
20000966:	f000 f969 	bl	20000c3c <hw_endpoint_start_next_buffer>
2000096a:	e5d5      	b.n	20000518 <dcd_rp2040_irq+0x58>
2000096c:	2200      	movs	r2, #0
2000096e:	54e2      	strb	r2, [r4, r3]
20000970:	3b1c      	subs	r3, #28
20000972:	18e0      	adds	r0, r4, r3
20000974:	f000 f962 	bl	20000c3c <hw_endpoint_start_next_buffer>
20000978:	003e      	movs	r6, r7
2000097a:	e5e9      	b.n	20000550 <dcd_rp2040_irq+0x90>
2000097c:	0020      	movs	r0, r4
2000097e:	2200      	movs	r2, #0
20000980:	3061      	adds	r0, #97	@ 0x61
20000982:	30ff      	adds	r0, #255	@ 0xff
20000984:	54e2      	strb	r2, [r4, r3]
20000986:	003e      	movs	r6, r7
20000988:	f000 f958 	bl	20000c3c <hw_endpoint_start_next_buffer>
2000098c:	e5ca      	b.n	20000524 <dcd_rp2040_irq+0x64>
2000098e:	0020      	movs	r0, r4
20000990:	2200      	movs	r2, #0
20000992:	30e1      	adds	r0, #225	@ 0xe1
20000994:	30ff      	adds	r0, #255	@ 0xff
20000996:	54e2      	strb	r2, [r4, r3]
20000998:	003e      	movs	r6, r7
2000099a:	f000 f94f 	bl	20000c3c <hw_endpoint_start_next_buffer>
2000099e:	e5cd      	b.n	2000053c <dcd_rp2040_irq+0x7c>
200009a0:	0020      	movs	r0, r4
200009a2:	2200      	movs	r2, #0
200009a4:	30e0      	adds	r0, #224	@ 0xe0
200009a6:	54e2      	strb	r2, [r4, r3]
200009a8:	003e      	movs	r6, r7
200009aa:	f000 f947 	bl	20000c3c <hw_endpoint_start_next_buffer>
200009ae:	e5ad      	b.n	2000050c <dcd_rp2040_irq+0x4c>
200009b0:	2200      	movs	r2, #0
200009b2:	54e2      	strb	r2, [r4, r3]
200009b4:	3b1c      	subs	r3, #28
200009b6:	18e0      	adds	r0, r4, r3
200009b8:	f000 f940 	bl	20000c3c <hw_endpoint_start_next_buffer>
200009bc:	e754      	b.n	20000868 <dcd_rp2040_irq+0x3a8>
200009be:	2200      	movs	r2, #0
200009c0:	54e2      	strb	r2, [r4, r3]
200009c2:	3b1c      	subs	r3, #28
200009c4:	18e0      	adds	r0, r4, r3
200009c6:	f000 f939 	bl	20000c3c <hw_endpoint_start_next_buffer>
200009ca:	e782      	b.n	200008d2 <dcd_rp2040_irq+0x412>
200009cc:	0031      	movs	r1, r6
200009ce:	480a      	ldr	r0, [pc, #40]	@ (200009f8 <dcd_rp2040_irq+0x538>)
200009d0:	4069      	eors	r1, r5
200009d2:	f000 faa5 	bl	20000f20 <__panic_veneer>
200009d6:	46c0      	nop			@ (mov r8, r8)
200009d8:	0000023a 	.word	0x0000023a
200009dc:	000002ba 	.word	0x000002ba
200009e0:	0000037a 	.word	0x0000037a
200009e4:	000003bb 	.word	0x000003bb
200009e8:	000003ba 	.word	0x000003ba
200009ec:	000003fb 	.word	0x000003fb
200009f0:	000003fa 	.word	0x000003fa
200009f4:	0000033a 	.word	0x0000033a
200009f8:	100041a4 	.word	0x100041a4

200009fc <prepare_ep_buffer>:
200009fc:	b5f0      	push	{r4, r5, r6, r7, lr}
200009fe:	468c      	mov	ip, r1
20000a00:	8a83      	ldrh	r3, [r0, #20]
20000a02:	8b01      	ldrh	r1, [r0, #24]
20000a04:	0002      	movs	r2, r0
20000a06:	b083      	sub	sp, #12
20000a08:	1c0e      	adds	r6, r1, #0
20000a0a:	4299      	cmp	r1, r3
20000a0c:	d900      	bls.n	20000a10 <prepare_ep_buffer+0x14>
20000a0e:	1c1e      	adds	r6, r3, #0
20000a10:	b2b6      	uxth	r6, r6
20000a12:	1b9b      	subs	r3, r3, r6
20000a14:	b29c      	uxth	r4, r3
20000a16:	78d3      	ldrb	r3, [r2, #3]
20000a18:	2180      	movs	r1, #128	@ 0x80
20000a1a:	0018      	movs	r0, r3
20000a1c:	1e45      	subs	r5, r0, #1
20000a1e:	41a8      	sbcs	r0, r5
20000a20:	00c9      	lsls	r1, r1, #3
20000a22:	4331      	orrs	r1, r6
20000a24:	0340      	lsls	r0, r0, #13
20000a26:	4308      	orrs	r0, r1
20000a28:	2101      	movs	r1, #1
20000a2a:	404b      	eors	r3, r1
20000a2c:	70d3      	strb	r3, [r2, #3]
20000a2e:	7853      	ldrb	r3, [r2, #1]
20000a30:	8294      	strh	r4, [r2, #20]
20000a32:	2b00      	cmp	r3, #0
20000a34:	d132      	bne.n	20000a9c <prepare_ep_buffer+0xa0>
20000a36:	6911      	ldr	r1, [r2, #16]
20000a38:	2e00      	cmp	r6, #0
20000a3a:	d02a      	beq.n	20000a92 <prepare_ep_buffer+0x96>
20000a3c:	4663      	mov	r3, ip
20000a3e:	68d4      	ldr	r4, [r2, #12]
20000a40:	019b      	lsls	r3, r3, #6
20000a42:	18e4      	adds	r4, r4, r3
20000a44:	1e73      	subs	r3, r6, #1
20000a46:	9301      	str	r3, [sp, #4]
20000a48:	2b06      	cmp	r3, #6
20000a4a:	d932      	bls.n	20000ab2 <prepare_ep_buffer+0xb6>
20000a4c:	0023      	movs	r3, r4
20000a4e:	430b      	orrs	r3, r1
20000a50:	079b      	lsls	r3, r3, #30
20000a52:	d12e      	bne.n	20000ab2 <prepare_ep_buffer+0xb6>
20000a54:	1a63      	subs	r3, r4, r1
20000a56:	3b01      	subs	r3, #1
20000a58:	2b02      	cmp	r3, #2
20000a5a:	d92a      	bls.n	20000ab2 <prepare_ep_buffer+0xb6>
20000a5c:	2300      	movs	r3, #0
20000a5e:	08b7      	lsrs	r7, r6, #2
20000a60:	00bf      	lsls	r7, r7, #2
20000a62:	58cd      	ldr	r5, [r1, r3]
20000a64:	50e5      	str	r5, [r4, r3]
20000a66:	3304      	adds	r3, #4
20000a68:	42bb      	cmp	r3, r7
20000a6a:	d1fa      	bne.n	20000a62 <prepare_ep_buffer+0x66>
20000a6c:	429e      	cmp	r6, r3
20000a6e:	d00e      	beq.n	20000a8e <prepare_ep_buffer+0x92>
20000a70:	9d01      	ldr	r5, [sp, #4]
20000a72:	18e4      	adds	r4, r4, r3
20000a74:	1aef      	subs	r7, r5, r3
20000a76:	18cd      	adds	r5, r1, r3
20000a78:	5cc9      	ldrb	r1, [r1, r3]
20000a7a:	7021      	strb	r1, [r4, #0]
20000a7c:	9901      	ldr	r1, [sp, #4]
20000a7e:	4299      	cmp	r1, r3
20000a80:	d005      	beq.n	20000a8e <prepare_ep_buffer+0x92>
20000a82:	786b      	ldrb	r3, [r5, #1]
20000a84:	7063      	strb	r3, [r4, #1]
20000a86:	2f01      	cmp	r7, #1
20000a88:	d001      	beq.n	20000a8e <prepare_ep_buffer+0x92>
20000a8a:	78ab      	ldrb	r3, [r5, #2]
20000a8c:	70a3      	strb	r3, [r4, #2]
20000a8e:	6911      	ldr	r1, [r2, #16]
20000a90:	8a94      	ldrh	r4, [r2, #20]
20000a92:	2380      	movs	r3, #128	@ 0x80
20000a94:	1989      	adds	r1, r1, r6
20000a96:	021b      	lsls	r3, r3, #8
20000a98:	6111      	str	r1, [r2, #16]
20000a9a:	4318      	orrs	r0, r3
20000a9c:	2c00      	cmp	r4, #0
20000a9e:	d102      	bne.n	20000aa6 <prepare_ep_buffer+0xaa>
20000aa0:	2380      	movs	r3, #128	@ 0x80
20000aa2:	01db      	lsls	r3, r3, #7
20000aa4:	4318      	orrs	r0, r3
20000aa6:	4663      	mov	r3, ip
20000aa8:	2b00      	cmp	r3, #0
20000aaa:	d000      	beq.n	20000aae <prepare_ep_buffer+0xb2>
20000aac:	0400      	lsls	r0, r0, #16
20000aae:	b003      	add	sp, #12
20000ab0:	bdf0      	pop	{r4, r5, r6, r7, pc}
20000ab2:	2300      	movs	r3, #0
20000ab4:	5ccd      	ldrb	r5, [r1, r3]
20000ab6:	54e5      	strb	r5, [r4, r3]
20000ab8:	3301      	adds	r3, #1
20000aba:	429e      	cmp	r6, r3
20000abc:	d1fa      	bne.n	20000ab4 <prepare_ep_buffer+0xb8>
20000abe:	e7e6      	b.n	20000a8e <prepare_ep_buffer+0x92>

20000ac0 <sync_ep_buffer>:
20000ac0:	6883      	ldr	r3, [r0, #8]
20000ac2:	b5f0      	push	{r4, r5, r6, r7, lr}
20000ac4:	681a      	ldr	r2, [r3, #0]
20000ac6:	2900      	cmp	r1, #0
20000ac8:	d000      	beq.n	20000acc <sync_ep_buffer+0xc>
20000aca:	0c12      	lsrs	r2, r2, #16
20000acc:	7843      	ldrb	r3, [r0, #1]
20000ace:	0592      	lsls	r2, r2, #22
20000ad0:	0d95      	lsrs	r5, r2, #22
20000ad2:	2b00      	cmp	r3, #0
20000ad4:	d109      	bne.n	20000aea <sync_ep_buffer+0x2a>
20000ad6:	8ac3      	ldrh	r3, [r0, #22]
20000ad8:	18eb      	adds	r3, r5, r3
20000ada:	82c3      	strh	r3, [r0, #22]
20000adc:	8b03      	ldrh	r3, [r0, #24]
20000ade:	42ab      	cmp	r3, r5
20000ae0:	d901      	bls.n	20000ae6 <sync_ep_buffer+0x26>
20000ae2:	2300      	movs	r3, #0
20000ae4:	8283      	strh	r3, [r0, #20]
20000ae6:	0028      	movs	r0, r5
20000ae8:	bdf0      	pop	{r4, r5, r6, r7, pc}
20000aea:	6904      	ldr	r4, [r0, #16]
20000aec:	2d00      	cmp	r5, #0
20000aee:	d028      	beq.n	20000b42 <sync_ep_buffer+0x82>
20000af0:	68c3      	ldr	r3, [r0, #12]
20000af2:	0189      	lsls	r1, r1, #6
20000af4:	1e6f      	subs	r7, r5, #1
20000af6:	46bc      	mov	ip, r7
20000af8:	185e      	adds	r6, r3, r1
20000afa:	2f06      	cmp	r7, #6
20000afc:	d927      	bls.n	20000b4e <sync_ep_buffer+0x8e>
20000afe:	3101      	adds	r1, #1
20000b00:	185b      	adds	r3, r3, r1
20000b02:	1ae3      	subs	r3, r4, r3
20000b04:	2b02      	cmp	r3, #2
20000b06:	d922      	bls.n	20000b4e <sync_ep_buffer+0x8e>
20000b08:	0023      	movs	r3, r4
20000b0a:	4333      	orrs	r3, r6
20000b0c:	079b      	lsls	r3, r3, #30
20000b0e:	d11e      	bne.n	20000b4e <sync_ep_buffer+0x8e>
20000b10:	2300      	movs	r3, #0
20000b12:	0e12      	lsrs	r2, r2, #24
20000b14:	0092      	lsls	r2, r2, #2
20000b16:	58f1      	ldr	r1, [r6, r3]
20000b18:	50e1      	str	r1, [r4, r3]
20000b1a:	3304      	adds	r3, #4
20000b1c:	429a      	cmp	r2, r3
20000b1e:	d1fa      	bne.n	20000b16 <sync_ep_buffer+0x56>
20000b20:	4295      	cmp	r5, r2
20000b22:	d00d      	beq.n	20000b40 <sync_ep_buffer+0x80>
20000b24:	4663      	mov	r3, ip
20000b26:	1a9f      	subs	r7, r3, r2
20000b28:	18a3      	adds	r3, r4, r2
20000b2a:	5cb4      	ldrb	r4, [r6, r2]
20000b2c:	18b1      	adds	r1, r6, r2
20000b2e:	701c      	strb	r4, [r3, #0]
20000b30:	4594      	cmp	ip, r2
20000b32:	d005      	beq.n	20000b40 <sync_ep_buffer+0x80>
20000b34:	784a      	ldrb	r2, [r1, #1]
20000b36:	705a      	strb	r2, [r3, #1]
20000b38:	2f01      	cmp	r7, #1
20000b3a:	d001      	beq.n	20000b40 <sync_ep_buffer+0x80>
20000b3c:	788a      	ldrb	r2, [r1, #2]
20000b3e:	709a      	strb	r2, [r3, #2]
20000b40:	6904      	ldr	r4, [r0, #16]
20000b42:	8ac3      	ldrh	r3, [r0, #22]
20000b44:	1964      	adds	r4, r4, r5
20000b46:	18eb      	adds	r3, r5, r3
20000b48:	82c3      	strh	r3, [r0, #22]
20000b4a:	6104      	str	r4, [r0, #16]
20000b4c:	e7c6      	b.n	20000adc <sync_ep_buffer+0x1c>
20000b4e:	2200      	movs	r2, #0
20000b50:	5cb3      	ldrb	r3, [r6, r2]
20000b52:	54a3      	strb	r3, [r4, r2]
20000b54:	3201      	adds	r2, #1
20000b56:	4295      	cmp	r5, r2
20000b58:	d1fa      	bne.n	20000b50 <sync_ep_buffer+0x90>
20000b5a:	6904      	ldr	r4, [r0, #16]
20000b5c:	e7f1      	b.n	20000b42 <sync_ep_buffer+0x82>
20000b5e:	46c0      	nop			@ (mov r8, r8)

20000b60 <_hw_endpoint_xfer_sync>:
20000b60:	b510      	push	{r4, lr}
20000b62:	0004      	movs	r4, r0
20000b64:	6883      	ldr	r3, [r0, #8]
20000b66:	2100      	movs	r1, #0
20000b68:	681b      	ldr	r3, [r3, #0]
20000b6a:	f7ff ffa9 	bl	20000ac0 <sync_ep_buffer>
20000b6e:	6863      	ldr	r3, [r4, #4]
20000b70:	681b      	ldr	r3, [r3, #0]
20000b72:	005b      	lsls	r3, r3, #1
20000b74:	d502      	bpl.n	20000b7c <_hw_endpoint_xfer_sync+0x1c>
20000b76:	8b23      	ldrh	r3, [r4, #24]
20000b78:	4283      	cmp	r3, r0
20000b7a:	d000      	beq.n	20000b7e <_hw_endpoint_xfer_sync+0x1e>
20000b7c:	bd10      	pop	{r4, pc}
20000b7e:	2101      	movs	r1, #1
20000b80:	0020      	movs	r0, r4
20000b82:	f7ff ff9d 	bl	20000ac0 <sync_ep_buffer>
20000b86:	e7f9      	b.n	20000b7c <_hw_endpoint_xfer_sync+0x1c>

20000b88 <e15_is_bulkin_ep>:
20000b88:	4b08      	ldr	r3, [pc, #32]	@ (20000bac <e15_is_bulkin_ep+0x24>)
20000b8a:	6c1a      	ldr	r2, [r3, #64]	@ 0x40
20000b8c:	2300      	movs	r3, #0
20000b8e:	0792      	lsls	r2, r2, #30
20000b90:	d403      	bmi.n	20000b9a <e15_is_bulkin_ep+0x12>
20000b92:	7882      	ldrb	r2, [r0, #2]
20000b94:	09d2      	lsrs	r2, r2, #7
20000b96:	2a01      	cmp	r2, #1
20000b98:	d001      	beq.n	20000b9e <e15_is_bulkin_ep+0x16>
20000b9a:	0018      	movs	r0, r3
20000b9c:	4770      	bx	lr
20000b9e:	7ec3      	ldrb	r3, [r0, #27]
20000ba0:	3b02      	subs	r3, #2
20000ba2:	425a      	negs	r2, r3
20000ba4:	4153      	adcs	r3, r2
20000ba6:	b2db      	uxtb	r3, r3
20000ba8:	e7f7      	b.n	20000b9a <e15_is_bulkin_ep+0x12>
20000baa:	46c0      	nop			@ (mov r8, r8)
20000bac:	50110000 	.word	0x50110000

20000bb0 <e15_is_critical_frame_period>:
20000bb0:	b510      	push	{r4, lr}
20000bb2:	f7ff ffe9 	bl	20000b88 <e15_is_bulkin_ep>
20000bb6:	2800      	cmp	r0, #0
20000bb8:	d00a      	beq.n	20000bd0 <e15_is_critical_frame_period+0x20>
20000bba:	4b06      	ldr	r3, [pc, #24]	@ (20000bd4 <e15_is_critical_frame_period+0x24>)
20000bbc:	4a06      	ldr	r2, [pc, #24]	@ (20000bd8 <e15_is_critical_frame_period+0x28>)
20000bbe:	6a9b      	ldr	r3, [r3, #40]	@ 0x28
20000bc0:	4906      	ldr	r1, [pc, #24]	@ (20000bdc <e15_is_critical_frame_period+0x2c>)
20000bc2:	6812      	ldr	r2, [r2, #0]
20000bc4:	185b      	adds	r3, r3, r1
20000bc6:	1a9b      	subs	r3, r3, r2
20000bc8:	2000      	movs	r0, #0
20000bca:	22c6      	movs	r2, #198	@ 0xc6
20000bcc:	429a      	cmp	r2, r3
20000bce:	4140      	adcs	r0, r0
20000bd0:	bd10      	pop	{r4, pc}
20000bd2:	46c0      	nop			@ (mov r8, r8)
20000bd4:	40054000 	.word	0x40054000
20000bd8:	200017e8 	.word	0x200017e8
20000bdc:	fffffce0 	.word	0xfffffce0

20000be0 <hw_endpoint_reset_transfer>:
20000be0:	2300      	movs	r3, #0
20000be2:	7683      	strb	r3, [r0, #26]
20000be4:	6143      	str	r3, [r0, #20]
20000be6:	6103      	str	r3, [r0, #16]
20000be8:	4770      	bx	lr
20000bea:	46c0      	nop			@ (mov r8, r8)

20000bec <_hw_endpoint_buffer_control_update32>:
20000bec:	b510      	push	{r4, lr}
20000bee:	6883      	ldr	r3, [r0, #8]
20000bf0:	2900      	cmp	r1, #0
20000bf2:	d001      	beq.n	20000bf8 <_hw_endpoint_buffer_control_update32+0xc>
20000bf4:	681c      	ldr	r4, [r3, #0]
20000bf6:	4021      	ands	r1, r4
20000bf8:	2a00      	cmp	r2, #0
20000bfa:	d012      	beq.n	20000c22 <_hw_endpoint_buffer_control_update32+0x36>
20000bfc:	2480      	movs	r4, #128	@ 0x80
20000bfe:	00e4      	lsls	r4, r4, #3
20000c00:	4311      	orrs	r1, r2
20000c02:	4222      	tst	r2, r4
20000c04:	d00d      	beq.n	20000c22 <_hw_endpoint_buffer_control_update32+0x36>
20000c06:	681a      	ldr	r2, [r3, #0]
20000c08:	4222      	tst	r2, r4
20000c0a:	d10c      	bne.n	20000c26 <_hw_endpoint_buffer_control_update32+0x3a>
20000c0c:	4a08      	ldr	r2, [pc, #32]	@ (20000c30 <_hw_endpoint_buffer_control_update32+0x44>)
20000c0e:	400a      	ands	r2, r1
20000c10:	601a      	str	r2, [r3, #0]
20000c12:	4a08      	ldr	r2, [pc, #32]	@ (20000c34 <_hw_endpoint_buffer_control_update32+0x48>)
20000c14:	6c12      	ldr	r2, [r2, #64]	@ 0x40
20000c16:	0792      	lsls	r2, r2, #30
20000c18:	d403      	bmi.n	20000c22 <_hw_endpoint_buffer_control_update32+0x36>
20000c1a:	230c      	movs	r3, #12
20000c1c:	3b03      	subs	r3, #3
20000c1e:	d2fd      	bcs.n	20000c1c <_hw_endpoint_buffer_control_update32+0x30>
20000c20:	6883      	ldr	r3, [r0, #8]
20000c22:	6019      	str	r1, [r3, #0]
20000c24:	bd10      	pop	{r4, pc}
20000c26:	7881      	ldrb	r1, [r0, #2]
20000c28:	4803      	ldr	r0, [pc, #12]	@ (20000c38 <_hw_endpoint_buffer_control_update32+0x4c>)
20000c2a:	f000 f979 	bl	20000f20 <__panic_veneer>
20000c2e:	46c0      	nop			@ (mov r8, r8)
20000c30:	fffffbff 	.word	0xfffffbff
20000c34:	50110000 	.word	0x50110000
20000c38:	100041b8 	.word	0x100041b8

20000c3c <hw_endpoint_start_next_buffer>:
20000c3c:	6843      	ldr	r3, [r0, #4]
20000c3e:	b570      	push	{r4, r5, r6, lr}
20000c40:	2100      	movs	r1, #0
20000c42:	2580      	movs	r5, #128	@ 0x80
20000c44:	0004      	movs	r4, r0
20000c46:	681e      	ldr	r6, [r3, #0]
20000c48:	f7ff fed8 	bl	200009fc <prepare_ep_buffer>
20000c4c:	4b12      	ldr	r3, [pc, #72]	@ (20000c98 <hw_endpoint_start_next_buffer+0x5c>)
20000c4e:	016d      	lsls	r5, r5, #5
20000c50:	6c1a      	ldr	r2, [r3, #64]	@ 0x40
20000c52:	4305      	orrs	r5, r0
20000c54:	78a3      	ldrb	r3, [r4, #2]
20000c56:	0792      	lsls	r2, r2, #30
20000c58:	d50e      	bpl.n	20000c78 <hw_endpoint_start_next_buffer+0x3c>
20000c5a:	065b      	lsls	r3, r3, #25
20000c5c:	d00e      	beq.n	20000c7c <hw_endpoint_start_next_buffer+0x40>
20000c5e:	4b0f      	ldr	r3, [pc, #60]	@ (20000c9c <hw_endpoint_start_next_buffer+0x60>)
20000c60:	401e      	ands	r6, r3
20000c62:	2380      	movs	r3, #128	@ 0x80
20000c64:	059b      	lsls	r3, r3, #22
20000c66:	4333      	orrs	r3, r6
20000c68:	6862      	ldr	r2, [r4, #4]
20000c6a:	2100      	movs	r1, #0
20000c6c:	6013      	str	r3, [r2, #0]
20000c6e:	0020      	movs	r0, r4
20000c70:	002a      	movs	r2, r5
20000c72:	f7ff ffbb 	bl	20000bec <_hw_endpoint_buffer_control_update32>
20000c76:	bd70      	pop	{r4, r5, r6, pc}
20000c78:	09db      	lsrs	r3, r3, #7
20000c7a:	d0f0      	beq.n	20000c5e <hw_endpoint_start_next_buffer+0x22>
20000c7c:	8aa3      	ldrh	r3, [r4, #20]
20000c7e:	2b00      	cmp	r3, #0
20000c80:	d0ed      	beq.n	20000c5e <hw_endpoint_start_next_buffer+0x22>
20000c82:	2101      	movs	r1, #1
20000c84:	0020      	movs	r0, r4
20000c86:	f7ff feb9 	bl	200009fc <prepare_ep_buffer>
20000c8a:	23a0      	movs	r3, #160	@ 0xa0
20000c8c:	4a04      	ldr	r2, [pc, #16]	@ (20000ca0 <hw_endpoint_start_next_buffer+0x64>)
20000c8e:	05db      	lsls	r3, r3, #23
20000c90:	4032      	ands	r2, r6
20000c92:	4305      	orrs	r5, r0
20000c94:	4313      	orrs	r3, r2
20000c96:	e7e7      	b.n	20000c68 <hw_endpoint_start_next_buffer+0x2c>
20000c98:	50110000 	.word	0x50110000
20000c9c:	afffffff 	.word	0xafffffff
20000ca0:	dfffffff 	.word	0xdfffffff

20000ca4 <hw_endpoint_xfer_continue>:
20000ca4:	b570      	push	{r4, r5, r6, lr}
20000ca6:	7e85      	ldrb	r5, [r0, #26]
20000ca8:	0004      	movs	r4, r0
20000caa:	2d00      	cmp	r5, #0
20000cac:	d014      	beq.n	20000cd8 <hw_endpoint_xfer_continue+0x34>
20000cae:	f7ff ff57 	bl	20000b60 <_hw_endpoint_xfer_sync>
20000cb2:	8aa3      	ldrh	r3, [r4, #20]
20000cb4:	2b00      	cmp	r3, #0
20000cb6:	d101      	bne.n	20000cbc <hw_endpoint_xfer_continue+0x18>
20000cb8:	0028      	movs	r0, r5
20000cba:	bd70      	pop	{r4, r5, r6, pc}
20000cbc:	0020      	movs	r0, r4
20000cbe:	f7ff ff77 	bl	20000bb0 <e15_is_critical_frame_period>
20000cc2:	2800      	cmp	r0, #0
20000cc4:	d003      	beq.n	20000cce <hw_endpoint_xfer_continue+0x2a>
20000cc6:	2301      	movs	r3, #1
20000cc8:	2500      	movs	r5, #0
20000cca:	7723      	strb	r3, [r4, #28]
20000ccc:	e7f4      	b.n	20000cb8 <hw_endpoint_xfer_continue+0x14>
20000cce:	0020      	movs	r0, r4
20000cd0:	f7ff ffb4 	bl	20000c3c <hw_endpoint_start_next_buffer>
20000cd4:	2500      	movs	r5, #0
20000cd6:	e7ef      	b.n	20000cb8 <hw_endpoint_xfer_continue+0x14>
20000cd8:	7881      	ldrb	r1, [r0, #2]
20000cda:	4801      	ldr	r0, [pc, #4]	@ (20000ce0 <hw_endpoint_xfer_continue+0x3c>)
20000cdc:	f000 f920 	bl	20000f20 <__panic_veneer>
20000ce0:	100041d8 	.word	0x100041d8

20000ce4 <dcd_event_handler>:
20000ce4:	b5f0      	push	{r4, r5, r6, r7, lr}
20000ce6:	4647      	mov	r7, r8
20000ce8:	46ce      	mov	lr, r9
20000cea:	b580      	push	{r7, lr}
20000cec:	7843      	ldrb	r3, [r0, #1]
20000cee:	0005      	movs	r5, r0
20000cf0:	000f      	movs	r7, r1
20000cf2:	b085      	sub	sp, #20
20000cf4:	2b06      	cmp	r3, #6
20000cf6:	d807      	bhi.n	20000d08 <dcd_event_handler+0x24>
20000cf8:	4a68      	ldr	r2, [pc, #416]	@ (20000e9c <dcd_event_handler+0x1b8>)
20000cfa:	009b      	lsls	r3, r3, #2
20000cfc:	58d3      	ldr	r3, [r2, r3]
20000cfe:	469f      	mov	pc, r3
20000d00:	4a67      	ldr	r2, [pc, #412]	@ (20000ea0 <dcd_event_handler+0x1bc>)
20000d02:	7813      	ldrb	r3, [r2, #0]
20000d04:	3301      	adds	r3, #1
20000d06:	7013      	strb	r3, [r2, #0]
20000d08:	4b66      	ldr	r3, [pc, #408]	@ (20000ea4 <dcd_event_handler+0x1c0>)
20000d0a:	681c      	ldr	r4, [r3, #0]
20000d0c:	6962      	ldr	r2, [r4, #20]
20000d0e:	f3ef 8110 	mrs	r1, PRIMASK
20000d12:	b672      	cpsid	i
20000d14:	6813      	ldr	r3, [r2, #0]
20000d16:	2b00      	cmp	r3, #0
20000d18:	d0fc      	beq.n	20000d14 <dcd_event_handler+0x30>
20000d1a:	f3bf 8f5f 	dmb	sy
20000d1e:	61a1      	str	r1, [r4, #24]
20000d20:	0020      	movs	r0, r4
20000d22:	0029      	movs	r1, r5
20000d24:	f000 f904 	bl	20000f30 <__tu_fifo_write_veneer>
20000d28:	6962      	ldr	r2, [r4, #20]
20000d2a:	69a3      	ldr	r3, [r4, #24]
20000d2c:	f3bf 8f5f 	dmb	sy
20000d30:	2100      	movs	r1, #0
20000d32:	6011      	str	r1, [r2, #0]
20000d34:	f383 8810 	msr	PRIMASK, r3
20000d38:	2800      	cmp	r0, #0
20000d3a:	d104      	bne.n	20000d46 <dcd_event_handler+0x62>
20000d3c:	b005      	add	sp, #20
20000d3e:	bcc0      	pop	{r6, r7}
20000d40:	46b9      	mov	r9, r7
20000d42:	46b0      	mov	r8, r6
20000d44:	bdf0      	pop	{r4, r5, r6, r7, pc}
20000d46:	003a      	movs	r2, r7
20000d48:	7869      	ldrb	r1, [r5, #1]
20000d4a:	7828      	ldrb	r0, [r5, #0]
20000d4c:	f000 f8c0 	bl	20000ed0 <__tud_event_hook_cb_veneer>
20000d50:	e7f4      	b.n	20000d3c <dcd_event_handler+0x58>
20000d52:	2101      	movs	r1, #1
20000d54:	4b54      	ldr	r3, [pc, #336]	@ (20000ea8 <dcd_event_handler+0x1c4>)
20000d56:	781a      	ldrb	r2, [r3, #0]
20000d58:	438a      	bics	r2, r1
20000d5a:	701a      	strb	r2, [r3, #0]
20000d5c:	781a      	ldrb	r2, [r3, #0]
20000d5e:	3101      	adds	r1, #1
20000d60:	438a      	bics	r2, r1
20000d62:	701a      	strb	r2, [r3, #0]
20000d64:	2200      	movs	r2, #0
20000d66:	705a      	strb	r2, [r3, #1]
20000d68:	781a      	ldrb	r2, [r3, #0]
20000d6a:	3102      	adds	r1, #2
20000d6c:	438a      	bics	r2, r1
20000d6e:	701a      	strb	r2, [r3, #0]
20000d70:	e7ca      	b.n	20000d08 <dcd_event_handler+0x24>
20000d72:	4b4e      	ldr	r3, [pc, #312]	@ (20000eac <dcd_event_handler+0x1c8>)
20000d74:	2400      	movs	r4, #0
20000d76:	001e      	movs	r6, r3
20000d78:	781a      	ldrb	r2, [r3, #0]
20000d7a:	4b4d      	ldr	r3, [pc, #308]	@ (20000eb0 <dcd_event_handler+0x1cc>)
20000d7c:	4698      	mov	r8, r3
20000d7e:	4b4d      	ldr	r3, [pc, #308]	@ (20000eb4 <dcd_event_handler+0x1d0>)
20000d80:	4699      	mov	r9, r3
20000d82:	e010      	b.n	20000da6 <dcd_event_handler+0xc2>
20000d84:	464b      	mov	r3, r9
20000d86:	681b      	ldr	r3, [r3, #0]
20000d88:	0161      	lsls	r1, r4, #5
20000d8a:	185b      	adds	r3, r3, r1
20000d8c:	2b00      	cmp	r3, #0
20000d8e:	d006      	beq.n	20000d9e <dcd_event_handler+0xba>
20000d90:	69db      	ldr	r3, [r3, #28]
20000d92:	2b00      	cmp	r3, #0
20000d94:	d003      	beq.n	20000d9e <dcd_event_handler+0xba>
20000d96:	6869      	ldr	r1, [r5, #4]
20000d98:	7828      	ldrb	r0, [r5, #0]
20000d9a:	4798      	blx	r3
20000d9c:	7832      	ldrb	r2, [r6, #0]
20000d9e:	3401      	adds	r4, #1
20000da0:	b2e4      	uxtb	r4, r4
20000da2:	4294      	cmp	r4, r2
20000da4:	d817      	bhi.n	20000dd6 <dcd_event_handler+0xf2>
20000da6:	42a2      	cmp	r2, r4
20000da8:	d8ec      	bhi.n	20000d84 <dcd_event_handler+0xa0>
20000daa:	1aa3      	subs	r3, r4, r2
20000dac:	015b      	lsls	r3, r3, #5
20000dae:	4443      	add	r3, r8
20000db0:	e7ee      	b.n	20000d90 <dcd_event_handler+0xac>
20000db2:	4b3d      	ldr	r3, [pc, #244]	@ (20000ea8 <dcd_event_handler+0x1c4>)
20000db4:	781a      	ldrb	r2, [r3, #0]
20000db6:	07d2      	lsls	r2, r2, #31
20000db8:	d5c0      	bpl.n	20000d3c <dcd_event_handler+0x58>
20000dba:	2104      	movs	r1, #4
20000dbc:	781a      	ldrb	r2, [r3, #0]
20000dbe:	430a      	orrs	r2, r1
20000dc0:	701a      	strb	r2, [r3, #0]
20000dc2:	e7a1      	b.n	20000d08 <dcd_event_handler+0x24>
20000dc4:	4b38      	ldr	r3, [pc, #224]	@ (20000ea8 <dcd_event_handler+0x1c4>)
20000dc6:	781a      	ldrb	r2, [r3, #0]
20000dc8:	07d2      	lsls	r2, r2, #31
20000dca:	d5b7      	bpl.n	20000d3c <dcd_event_handler+0x58>
20000dcc:	2104      	movs	r1, #4
20000dce:	781a      	ldrb	r2, [r3, #0]
20000dd0:	438a      	bics	r2, r1
20000dd2:	701a      	strb	r2, [r3, #0]
20000dd4:	e798      	b.n	20000d08 <dcd_event_handler+0x24>
20000dd6:	4a34      	ldr	r2, [pc, #208]	@ (20000ea8 <dcd_event_handler+0x1c4>)
20000dd8:	7813      	ldrb	r3, [r2, #0]
20000dda:	4690      	mov	r8, r2
20000ddc:	0011      	movs	r1, r2
20000dde:	075b      	lsls	r3, r3, #29
20000de0:	d528      	bpl.n	20000e34 <dcd_event_handler+0x150>
20000de2:	7813      	ldrb	r3, [r2, #0]
20000de4:	2204      	movs	r2, #4
20000de6:	ac01      	add	r4, sp, #4
20000de8:	4393      	bics	r3, r2
20000dea:	700b      	strb	r3, [r1, #0]
20000dec:	0020      	movs	r0, r4
20000dee:	2100      	movs	r1, #0
20000df0:	3208      	adds	r2, #8
20000df2:	f000 f865 	bl	20000ec0 <____wrap_memset_veneer>
20000df6:	782b      	ldrb	r3, [r5, #0]
20000df8:	7023      	strb	r3, [r4, #0]
20000dfa:	2305      	movs	r3, #5
20000dfc:	7063      	strb	r3, [r4, #1]
20000dfe:	4b29      	ldr	r3, [pc, #164]	@ (20000ea4 <dcd_event_handler+0x1c0>)
20000e00:	681b      	ldr	r3, [r3, #0]
20000e02:	0018      	movs	r0, r3
20000e04:	695a      	ldr	r2, [r3, #20]
20000e06:	f3ef 8110 	mrs	r1, PRIMASK
20000e0a:	b672      	cpsid	i
20000e0c:	6813      	ldr	r3, [r2, #0]
20000e0e:	2b00      	cmp	r3, #0
20000e10:	d0fc      	beq.n	20000e0c <dcd_event_handler+0x128>
20000e12:	f3bf 8f5f 	dmb	sy
20000e16:	0006      	movs	r6, r0
20000e18:	6181      	str	r1, [r0, #24]
20000e1a:	0021      	movs	r1, r4
20000e1c:	f000 f888 	bl	20000f30 <__tu_fifo_write_veneer>
20000e20:	6972      	ldr	r2, [r6, #20]
20000e22:	69b3      	ldr	r3, [r6, #24]
20000e24:	f3bf 8f5f 	dmb	sy
20000e28:	2100      	movs	r1, #0
20000e2a:	6011      	str	r1, [r2, #0]
20000e2c:	f383 8810 	msr	PRIMASK, r3
20000e30:	2800      	cmp	r0, #0
20000e32:	d12c      	bne.n	20000e8e <dcd_event_handler+0x1aa>
20000e34:	4643      	mov	r3, r8
20000e36:	78db      	ldrb	r3, [r3, #3]
20000e38:	07db      	lsls	r3, r3, #31
20000e3a:	d400      	bmi.n	20000e3e <dcd_event_handler+0x15a>
20000e3c:	e77e      	b.n	20000d3c <dcd_event_handler+0x58>
20000e3e:	782b      	ldrb	r3, [r5, #0]
20000e40:	ac01      	add	r4, sp, #4
20000e42:	7023      	strb	r3, [r4, #0]
20000e44:	2303      	movs	r3, #3
20000e46:	7063      	strb	r3, [r4, #1]
20000e48:	686b      	ldr	r3, [r5, #4]
20000e4a:	6063      	str	r3, [r4, #4]
20000e4c:	4b15      	ldr	r3, [pc, #84]	@ (20000ea4 <dcd_event_handler+0x1c0>)
20000e4e:	681d      	ldr	r5, [r3, #0]
20000e50:	696a      	ldr	r2, [r5, #20]
20000e52:	f3ef 8110 	mrs	r1, PRIMASK
20000e56:	b672      	cpsid	i
20000e58:	6813      	ldr	r3, [r2, #0]
20000e5a:	2b00      	cmp	r3, #0
20000e5c:	d0fc      	beq.n	20000e58 <dcd_event_handler+0x174>
20000e5e:	f3bf 8f5f 	dmb	sy
20000e62:	61a9      	str	r1, [r5, #24]
20000e64:	0028      	movs	r0, r5
20000e66:	0021      	movs	r1, r4
20000e68:	f000 f862 	bl	20000f30 <__tu_fifo_write_veneer>
20000e6c:	696a      	ldr	r2, [r5, #20]
20000e6e:	69ab      	ldr	r3, [r5, #24]
20000e70:	f3bf 8f5f 	dmb	sy
20000e74:	2100      	movs	r1, #0
20000e76:	6011      	str	r1, [r2, #0]
20000e78:	f383 8810 	msr	PRIMASK, r3
20000e7c:	2800      	cmp	r0, #0
20000e7e:	d100      	bne.n	20000e82 <dcd_event_handler+0x19e>
20000e80:	e75c      	b.n	20000d3c <dcd_event_handler+0x58>
20000e82:	003a      	movs	r2, r7
20000e84:	7861      	ldrb	r1, [r4, #1]
20000e86:	7820      	ldrb	r0, [r4, #0]
20000e88:	f000 f822 	bl	20000ed0 <__tud_event_hook_cb_veneer>
20000e8c:	e756      	b.n	20000d3c <dcd_event_handler+0x58>
20000e8e:	003a      	movs	r2, r7
20000e90:	7861      	ldrb	r1, [r4, #1]
20000e92:	7820      	ldrb	r0, [r4, #0]
20000e94:	f000 f81c 	bl	20000ed0 <__tud_event_hook_cb_veneer>
20000e98:	e7cc      	b.n	20000e34 <dcd_event_handler+0x150>
20000e9a:	46c0      	nop			@ (mov r8, r8)
20000e9c:	1000445c 	.word	0x1000445c
20000ea0:	20001c3f 	.word	0x20001c3f
20000ea4:	200015c0 	.word	0x200015c0
20000ea8:	20001568 	.word	0x20001568
20000eac:	20001c3d 	.word	0x20001c3d
20000eb0:	10004478 	.word	0x10004478
20000eb4:	20001480 	.word	0x20001480

20000eb8 <__aeabi_idiv0>:
20000eb8:	4770      	bx	lr
20000eba:	46c0      	nop			@ (mov r8, r8)
20000ebc:	0000      	movs	r0, r0
	...

20000ec0 <____wrap_memset_veneer>:
20000ec0:	b401      	push	{r0}
20000ec2:	4802      	ldr	r0, [pc, #8]	@ (20000ecc <____wrap_memset_veneer+0xc>)
20000ec4:	4684      	mov	ip, r0
20000ec6:	bc01      	pop	{r0}
20000ec8:	4760      	bx	ip
20000eca:	bf00      	nop
20000ecc:	10001919 	.word	0x10001919

20000ed0 <__tud_event_hook_cb_veneer>:
20000ed0:	b401      	push	{r0}
20000ed2:	4802      	ldr	r0, [pc, #8]	@ (20000edc <__tud_event_hook_cb_veneer+0xc>)
20000ed4:	4684      	mov	ip, r0
20000ed6:	bc01      	pop	{r0}
20000ed8:	4760      	bx	ip
20000eda:	bf00      	nop
20000edc:	10002705 	.word	0x10002705

20000ee0 <__best_effort_wfe_or_timeout_veneer>:
20000ee0:	b401      	push	{r0}
20000ee2:	4802      	ldr	r0, [pc, #8]	@ (20000eec <__best_effort_wfe_or_timeout_veneer+0xc>)
20000ee4:	4684      	mov	ip, r0
20000ee6:	bc01      	pop	{r0}
20000ee8:	4760      	bx	ip
20000eea:	bf00      	nop
20000eec:	10000f65 	.word	0x10000f65

20000ef0 <__time_us_64_veneer>:
20000ef0:	b401      	push	{r0}
20000ef2:	4802      	ldr	r0, [pc, #8]	@ (20000efc <__time_us_64_veneer+0xc>)
20000ef4:	4684      	mov	ip, r0
20000ef6:	bc01      	pop	{r0}
20000ef8:	4760      	bx	ip
20000efa:	bf00      	nop
20000efc:	100010b5 	.word	0x100010b5

20000f00 <__rp2040_chip_version_veneer>:
20000f00:	b401      	push	{r0}
20000f02:	4802      	ldr	r0, [pc, #8]	@ (20000f0c <__rp2040_chip_version_veneer+0xc>)
20000f04:	4684      	mov	ip, r0
20000f06:	bc01      	pop	{r0}
20000f08:	4760      	bx	ip
20000f0a:	bf00      	nop
20000f0c:	1000029d 	.word	0x1000029d

20000f10 <____wrap___aeabi_lmul_veneer>:
20000f10:	b401      	push	{r0}
20000f12:	4802      	ldr	r0, [pc, #8]	@ (20000f1c <____wrap___aeabi_lmul_veneer+0xc>)
20000f14:	4684      	mov	ip, r0
20000f16:	bc01      	pop	{r0}
20000f18:	4760      	bx	ip
20000f1a:	bf00      	nop
20000f1c:	10001841 	.word	0x10001841

20000f20 <__panic_veneer>:
20000f20:	b401      	push	{r0}
20000f22:	4802      	ldr	r0, [pc, #8]	@ (20000f2c <__panic_veneer+0xc>)
20000f24:	4684      	mov	ip, r0
20000f26:	bc01      	pop	{r0}
20000f28:	4760      	bx	ip
20000f2a:	bf00      	nop
20000f2c:	100002a9 	.word	0x100002a9

20000f30 <__tu_fifo_write_veneer>:
20000f30:	b401      	push	{r0}
20000f32:	4802      	ldr	r0, [pc, #8]	@ (20000f3c <__tu_fifo_write_veneer+0xc>)
20000f34:	4684      	mov	ip, r0
20000f36:	bc01      	pop	{r0}
20000f38:	4760      	bx	ip
20000f3a:	bf00      	nop
20000f3c:	10003cb1 	.word	0x10003cb1

20000f40 <striped_spin_lock_num>:
20000f40:	00000010                                ....

20000f44 <irq_handler_chain_slots>:
20000f44:	00000000 	.word	0x00000000
20000f48:	00010000 	.word	0x00010000
	...
20000f54:	00020000 	.word	0x00020000
	...
20000f60:	00030000 	.word	0x00030000
	...
20000f6c:	00040000 	.word	0x00040000
	...
20000f78:	00050000 	.word	0x00050000
	...
20000f84:	00ff0000 	.word	0x00ff0000
20000f88:	00000000 	.word	0x00000000

20000f8c <irq_handler_chain_first_slot>:
20000f8c:	b501      	push	{r0, lr}
20000f8e:	6848      	ldr	r0, [r1, #4]
20000f90:	3101      	adds	r1, #1
20000f92:	468e      	mov	lr, r1
20000f94:	4700      	bx	r0

20000f96 <irq_handler_chain_remove_tail>:
20000f96:	4670      	mov	r0, lr
20000f98:	3809      	subs	r0, #9
20000f9a:	4901      	ldr	r1, [pc, #4]	@ (20000fa0 <irq_handler_chain_remove_tail+0xa>)
20000f9c:	4788      	blx	r1
20000f9e:	bd01      	pop	{r0, pc}
20000fa0:	100006c5 	.word	0x100006c5
20000fa4:	00000000 	.word	0x00000000

20000fa8 <last_added.0>:
20000fa8:	ffffffff 7fffffff                       ........

20000fb0 <default_alarm_pool>:
	...
20000fc4:	200010f8 00000000 00000000              ... ........

20000fd0 <aeabi_bits_funcs>:
20000fd0:	00003350 	.word	0x00003350
20000fd4:	0000334c 	.word	0x0000334c
20000fd8:	00003354 	.word	0x00003354
20000fdc:	00003352 	.word	0x00003352

20000fe0 <aeabi_bits_funcs_end>:
20000fe0:	0000534d 	.word	0x0000534d
20000fe4:	0000434d 	.word	0x0000434d
20000fe8:	00003453 	.word	0x00003453
20000fec:	00003443 	.word	0x00003443

20000ff0 <stdio_usb>:
20000ff0:	10001da9 10001d5d 10001cd1 10001c49     ....].......I...
20001000:	00000000 00000100                       ........

20001008 <_usbd_qdef>:
20001008:	200015c4 000c0010 00000000 00000000     ... ............
	...

20001024 <_usbd_rhport>:
20001024:	000000ff                                ....

20001028 <print_mutex>:
	...
