
C:/Repositories/pico/es-student/134-led-module/build/134_led_module.elf:     file format elf32-littlearm

Sections:
Idx Name          Size      VMA       LMA       File off  Algn
  0 .boot2        00000100  10000000  10000000  00001000  2**0
                  CONTENTS, ALLOC, LOAD, READONLY, CODE
  1 .text         00006748  10000100  10000100  00001100  2**3
                  CONTENTS, ALLOC, LOAD, READONLY, CODE
  2 .rodata       0000074c  10006848  10006848  00007848  2**3
                  CONTENTS, ALLOC, LOAD, READONLY, DATA
  3 .binary_info  00000020  10006f94  10006f94  00007f94  2**2
                  CONTENTS, ALLOC, LOAD, READONLY, DATA
  4 .xip_ram      00000000  15000000  15000000  00009030  2**0
                  CONTENTS
  5 .ram_vector_table 000000c0  20000000  20000000  0000a000  2**2
                  ALLOC
  6 .uninitialized_data 00000000  200000c0  200000c0  00009030  2**0
                  CONTENTS
  7 .data         00000f70  200000c0  10006fb4  000080c0  2**4
                  CONTENTS, ALLOC, LOAD, READONLY, CODE
  8 .tdata        00000000  20001030  20001030  00009030  2**0
                  CONTENTS, ALLOC, LOAD, DATA, THREAD_LOCAL
  9 .tbss         00000000  20001030  20001030  00000000  2**0
                  ALLOC, THREAD_LOCAL
 10 .tbss_space   00000000  20001030  20001030  00009030  2**0
                  CONTENTS
 11 .bss          00000c18  20001030  10007f24  00009030  2**3
                  ALLOC
 12 .tls0         00000000  20001c48  20001c48  00009030  2**0
                  CONTENTS
 13 .tls1         00000000  20001c48  20001c48  00009030  2**0
                  CONTENTS
 14 .persistent_data 00000000  20001c48  20001c48  00009030  2**0
                  CONTENTS
 15 .dummy_pre_heap 00000000  20001c48  20001c48  00009030  2**0
                  CONTENTS
 16 .heap         00000800  20001c48  20001c48  0000a000  2**2
                  ALLOC, READONLY
 17 .scratch_x    00000000  20040000  20040000  00009030  2**0
                  CONTENTS
 18 .scratch_y    00000000  20041000  20041000  00009030  2**0
                  CONTENTS
 19 .stack_dummy  00000800  20041000  20041000  0000a000  2**5
                  ALLOC, READONLY
 20 .debug_info   0002fef6  00000000  00000000  00009030  2**0
                  CONTENTS, READONLY, DEBUGGING, OCTETS
 21 .debug_abbrev 00008bed  00000000  00000000  00038f26  2**0
                  CONTENTS, READONLY, DEBUGGING, OCTETS
 22 .debug_loclists 00019df4  00000000  00000000  00041b13  2**0
                  CONTENTS, READONLY, DEBUGGING, OCTETS
 23 .debug_aranges 000016b8  00000000  00000000  0005b908  2**3
                  CONTENTS, READONLY, DEBUGGING, OCTETS
 24 .debug_rnglists 00004437  00000000  00000000  0005cfc0  2**0
                  CONTENTS, READONLY, DEBUGGING, OCTETS
 25 .debug_line   0002381f  00000000  00000000  000613f7  2**0
                  CONTENTS, READONLY, DEBUGGING, OCTETS
 26 .debug_str    00008c0f  00000000  00000000  00084c16  2**0
                  CONTENTS, READONLY, DEBUGGING, OCTETS
 27 .comment      00000046  00000000  00000000  0008d825  2**0
                  CONTENTS, READONLY
 28 .ARM.attributes 0000002a  00000000  00000000  0008d86b  2**0
                  CONTENTS, READONLY
 29 .debug_frame  00002de0  00000000  00000000  0008d898  2**2
                  CONTENTS, READONLY, DEBUGGING, OCTETS
 30 .debug_line_str 00000361  00000000  00000000  00090678  2**0
                  CONTENTS, READONLY, DEBUGGING, OCTETS

C:/Repositories/pico/es-student/134-led-module/build/134_led_module.elf:     file format elf32-littlearm


Disassembly of section .boot2:

10000000 <__boot2_start__>:
10000000:	4b32b500 	.word	0x4b32b500
10000004:	60582021 	.word	0x60582021
10000008:	21026898 	.word	0x21026898
1000000c:	60984388 	.word	0x60984388
10000010:	611860d8 	.word	0x611860d8
10000014:	4b2e6158 	.word	0x4b2e6158
10000018:	60992100 	.word	0x60992100
1000001c:	61592102 	.word	0x61592102
10000020:	22f02101 	.word	0x22f02101
10000024:	492b5099 	.word	0x492b5099
10000028:	21016019 	.word	0x21016019
1000002c:	20356099 	.word	0x20356099
10000030:	f844f000 	.word	0xf844f000
10000034:	42902202 	.word	0x42902202
10000038:	2106d014 	.word	0x2106d014
1000003c:	f0006619 	.word	0xf0006619
10000040:	6e19f834 	.word	0x6e19f834
10000044:	66192101 	.word	0x66192101
10000048:	66182000 	.word	0x66182000
1000004c:	f000661a 	.word	0xf000661a
10000050:	6e19f82c 	.word	0x6e19f82c
10000054:	6e196e19 	.word	0x6e196e19
10000058:	f0002005 	.word	0xf0002005
1000005c:	2101f82f 	.word	0x2101f82f
10000060:	d1f94208 	.word	0xd1f94208
10000064:	60992100 	.word	0x60992100
10000068:	6019491b 	.word	0x6019491b
1000006c:	60592100 	.word	0x60592100
10000070:	481b491a 	.word	0x481b491a
10000074:	21016001 	.word	0x21016001
10000078:	21eb6099 	.word	0x21eb6099
1000007c:	21a06619 	.word	0x21a06619
10000080:	f0006619 	.word	0xf0006619
10000084:	2100f812 	.word	0x2100f812
10000088:	49166099 	.word	0x49166099
1000008c:	60014814 	.word	0x60014814
10000090:	60992101 	.word	0x60992101
10000094:	2800bc01 	.word	0x2800bc01
10000098:	4700d000 	.word	0x4700d000
1000009c:	49134812 	.word	0x49134812
100000a0:	c8036008 	.word	0xc8036008
100000a4:	8808f380 	.word	0x8808f380
100000a8:	b5034708 	.word	0xb5034708
100000ac:	20046a99 	.word	0x20046a99
100000b0:	d0fb4201 	.word	0xd0fb4201
100000b4:	42012001 	.word	0x42012001
100000b8:	bd03d1f8 	.word	0xbd03d1f8
100000bc:	6618b502 	.word	0x6618b502
100000c0:	f7ff6618 	.word	0xf7ff6618
100000c4:	6e18fff2 	.word	0x6e18fff2
100000c8:	bd026e18 	.word	0xbd026e18
100000cc:	40020000 	.word	0x40020000
100000d0:	18000000 	.word	0x18000000
100000d4:	00070000 	.word	0x00070000
100000d8:	005f0300 	.word	0x005f0300
100000dc:	00002221 	.word	0x00002221
100000e0:	180000f4 	.word	0x180000f4
100000e4:	a0002022 	.word	0xa0002022
100000e8:	10000100 	.word	0x10000100
100000ec:	e000ed08 	.word	0xe000ed08
	...
100000fc:	7a4eb274 	.word	0x7a4eb274

Disassembly of section .text:

10000100 <__VECTOR_TABLE>:
10000100:	20042000 	.word	0x20042000
10000104:	100001f7 	.word	0x100001f7
10000108:	100001cb 	.word	0x100001cb
1000010c:	100001cd 	.word	0x100001cd
10000110:	100001c9 	.word	0x100001c9
10000114:	100001c9 	.word	0x100001c9
10000118:	100001c9 	.word	0x100001c9
1000011c:	100001c9 	.word	0x100001c9
10000120:	100001c9 	.word	0x100001c9
10000124:	100001c9 	.word	0x100001c9
10000128:	100001c9 	.word	0x100001c9
1000012c:	100001cf 	.word	0x100001cf
10000130:	100001c9 	.word	0x100001c9
10000134:	100001c9 	.word	0x100001c9
10000138:	100001d1 	.word	0x100001d1
1000013c:	100001d3 	.word	0x100001d3
10000140:	100001c1 	.word	0x100001c1
10000144:	100001c1 	.word	0x100001c1
10000148:	100001c1 	.word	0x100001c1
1000014c:	100001c1 	.word	0x100001c1
10000150:	100001c1 	.word	0x100001c1
10000154:	100001c1 	.word	0x100001c1
10000158:	100001c1 	.word	0x100001c1
1000015c:	100001c1 	.word	0x100001c1
10000160:	100001c1 	.word	0x100001c1
10000164:	100001c1 	.word	0x100001c1
10000168:	100001c1 	.word	0x100001c1
1000016c:	100001c1 	.word	0x100001c1
10000170:	100001c1 	.word	0x100001c1
10000174:	100001c1 	.word	0x100001c1
10000178:	100001c1 	.word	0x100001c1
1000017c:	100001c1 	.word	0x100001c1
10000180:	100001c1 	.word	0x100001c1
10000184:	100001c1 	.word	0x100001c1
10000188:	100001c1 	.word	0x100001c1
1000018c:	100001c1 	.word	0x100001c1
10000190:	100001c1 	.word	0x100001c1
10000194:	100001c1 	.word	0x100001c1
10000198:	100001c1 	.word	0x100001c1
1000019c:	100001c1 	.word	0x100001c1
100001a0:	100001c1 	.word	0x100001c1
100001a4:	100001c1 	.word	0x100001c1
100001a8:	100001c1 	.word	0x100001c1
100001ac:	100001c1 	.word	0x100001c1
100001b0:	100001c1 	.word	0x100001c1
100001b4:	100001c1 	.word	0x100001c1
100001b8:	100001c1 	.word	0x100001c1
100001bc:	100001c1 	.word	0x100001c1

100001c0 <__unhandled_user_irq>:
100001c0:	f3ef 8005 	mrs	r0, IPSR
100001c4:	3810      	subs	r0, #16

100001c6 <unhandled_user_irq_num_in_r0>:
100001c6:	be00      	bkpt	0x0000

100001c8 <isr_invalid>:
100001c8:	be00      	bkpt	0x0000

100001ca <isr_nmi>:
100001ca:	be00      	bkpt	0x0000

100001cc <isr_hardfault>:
100001cc:	be00      	bkpt	0x0000

100001ce <isr_svcall>:
100001ce:	be00      	bkpt	0x0000

100001d0 <isr_pendsv>:
100001d0:	be00      	bkpt	0x0000

100001d2 <isr_systick>:
100001d2:	be00      	bkpt	0x0000

100001d4 <__default_isrs_end>:
100001d4:	7188ebf2 	.word	0x7188ebf2
100001d8:	10006f94 	.word	0x10006f94
100001dc:	10006fb4 	.word	0x10006fb4
100001e0:	10000238 	.word	0x10000238
100001e4:	e71aa390 	.word	0xe71aa390

100001e8 <_entry_point>:
100001e8:	2000      	movs	r0, #0

100001ea <_enter_vtable_in_r0>:
100001ea:	491e      	ldr	r1, [pc, #120]	@ (10000264 <data_cpy_table+0x2c>)
100001ec:	6008      	str	r0, [r1, #0]
100001ee:	c806      	ldmia	r0!, {r1, r2}
100001f0:	f381 8808 	msr	MSP, r1
100001f4:	4710      	bx	r2

100001f6 <_reset_handler>:
100001f6:	481c      	ldr	r0, [pc, #112]	@ (10000268 <data_cpy_table+0x30>)
100001f8:	6800      	ldr	r0, [r0, #0]
100001fa:	2800      	cmp	r0, #0
100001fc:	d001      	beq.n	10000202 <hold_non_core0_in_bootrom+0x4>

100001fe <hold_non_core0_in_bootrom>:
100001fe:	2000      	movs	r0, #0
10000200:	e7f3      	b.n	100001ea <_enter_vtable_in_r0>
10000202:	a40d      	add	r4, pc, #52	@ (adr r4, 10000238 <data_cpy_table>)
10000204:	cc0e      	ldmia	r4!, {r1, r2, r3}
10000206:	2900      	cmp	r1, #0
10000208:	d002      	beq.n	10000210 <hold_non_core0_in_bootrom+0x12>
1000020a:	f000 f812 	bl	10000232 <data_cpy>
1000020e:	e7f9      	b.n	10000204 <hold_non_core0_in_bootrom+0x6>
10000210:	4916      	ldr	r1, [pc, #88]	@ (1000026c <data_cpy_table+0x34>)
10000212:	4a17      	ldr	r2, [pc, #92]	@ (10000270 <data_cpy_table+0x38>)
10000214:	2000      	movs	r0, #0
10000216:	e000      	b.n	1000021a <bss_fill_test>

10000218 <bss_fill_loop>:
10000218:	c101      	stmia	r1!, {r0}

1000021a <bss_fill_test>:
1000021a:	4291      	cmp	r1, r2
1000021c:	d1fc      	bne.n	10000218 <bss_fill_loop>

1000021e <platform_entry>:
1000021e:	4915      	ldr	r1, [pc, #84]	@ (10000274 <data_cpy_table+0x3c>)
10000220:	4788      	blx	r1
10000222:	4915      	ldr	r1, [pc, #84]	@ (10000278 <data_cpy_table+0x40>)
10000224:	4788      	blx	r1
10000226:	4915      	ldr	r1, [pc, #84]	@ (1000027c <data_cpy_table+0x44>)
10000228:	4788      	blx	r1
1000022a:	be00      	bkpt	0x0000
1000022c:	e7fd      	b.n	1000022a <platform_entry+0xc>

1000022e <data_cpy_loop>:
1000022e:	c901      	ldmia	r1!, {r0}
10000230:	c201      	stmia	r2!, {r0}

10000232 <data_cpy>:
10000232:	429a      	cmp	r2, r3
10000234:	d3fb      	bcc.n	1000022e <data_cpy_loop>

10000236 <data_cpy_done>:
10000236:	4770      	bx	lr

10000238 <data_cpy_table>:
10000238:	10006fb4 	.word	0x10006fb4
1000023c:	200000c0 	.word	0x200000c0
10000240:	20001030 	.word	0x20001030
10000244:	10007f24 	.word	0x10007f24
10000248:	20040000 	.word	0x20040000
1000024c:	20040000 	.word	0x20040000
10000250:	10007f24 	.word	0x10007f24
10000254:	20041000 	.word	0x20041000
10000258:	20041000 	.word	0x20041000
1000025c:	00000000 	.word	0x00000000
10000260:	4770      	bx	lr
10000262:	0000      	.short	0x0000
10000264:	e000ed08 	.word	0xe000ed08
10000268:	d0000000 	.word	0xd0000000
1000026c:	20001030 	.word	0x20001030
10000270:	20001c48 	.word	0x20001c48
10000274:	10003f51 	.word	0x10003f51
10000278:	10000281 	.word	0x10000281
1000027c:	10003f49 	.word	0x10003f49

10000280 <main>:
10000280:	b5f0      	push	{r4, r5, r6, r7, lr}
10000282:	46de      	mov	lr, fp
10000284:	4657      	mov	r7, sl
10000286:	464e      	mov	r6, r9
10000288:	4645      	mov	r5, r8
1000028a:	b5e0      	push	{r5, r6, r7, lr}
1000028c:	25d0      	movs	r5, #208	@ 0xd0
1000028e:	2680      	movs	r6, #128	@ 0x80
10000290:	2700      	movs	r7, #0
10000292:	b087      	sub	sp, #28
10000294:	f003 ff80 	bl	10004198 <stdio_init_all>
10000298:	062d      	lsls	r5, r5, #24
1000029a:	f000 f893 	bl	100003c4 <led_init>
1000029e:	0236      	lsls	r6, r6, #8
100002a0:	200f      	movs	r0, #15
100002a2:	f000 f931 	bl	10000508 <gpio_init>
100002a6:	2200      	movs	r2, #0
100002a8:	2101      	movs	r1, #1
100002aa:	200f      	movs	r0, #15
100002ac:	62ae      	str	r6, [r5, #40]	@ 0x28
100002ae:	f000 f919 	bl	100004e4 <gpio_set_pulls>
100002b2:	4b3a      	ldr	r3, [pc, #232]	@ (1000039c <main+0x11c>)
100002b4:	4698      	mov	r8, r3
100002b6:	4b3a      	ldr	r3, [pc, #232]	@ (100003a0 <main+0x120>)
100002b8:	469b      	mov	fp, r3
100002ba:	4b3a      	ldr	r3, [pc, #232]	@ (100003a4 <main+0x124>)
100002bc:	9303      	str	r3, [sp, #12]
100002be:	4b3a      	ldr	r3, [pc, #232]	@ (100003a8 <main+0x128>)
100002c0:	9300      	str	r3, [sp, #0]
100002c2:	4b3a      	ldr	r3, [pc, #232]	@ (100003ac <main+0x12c>)
100002c4:	9301      	str	r3, [sp, #4]
100002c6:	4b3a      	ldr	r3, [pc, #232]	@ (100003b0 <main+0x130>)
100002c8:	469a      	mov	sl, r3
100002ca:	4b3a      	ldr	r3, [pc, #232]	@ (100003b4 <main+0x134>)
100002cc:	4699      	mov	r9, r3
100002ce:	4b3a      	ldr	r3, [pc, #232]	@ (100003b8 <main+0x138>)
100002d0:	9302      	str	r3, [sp, #8]
100002d2:	4b3a      	ldr	r3, [pc, #232]	@ (100003bc <main+0x13c>)
100002d4:	9304      	str	r3, [sp, #16]
100002d6:	4b3a      	ldr	r3, [pc, #232]	@ (100003c0 <main+0x140>)
100002d8:	9305      	str	r3, [sp, #20]
100002da:	686c      	ldr	r4, [r5, #4]
100002dc:	2014      	movs	r0, #20
100002de:	f000 ff17 	bl	10001110 <sleep_ms>
100002e2:	4234      	tst	r4, r6
100002e4:	d029      	beq.n	1000033a <main+0xba>
100002e6:	686b      	ldr	r3, [r5, #4]
100002e8:	4233      	tst	r3, r6
100002ea:	d026      	beq.n	1000033a <main+0xba>
100002ec:	2701      	movs	r7, #1
100002ee:	2000      	movs	r0, #0
100002f0:	f003 ff56 	bl	100041a0 <stdio_getchar_timeout_us>
100002f4:	0004      	movs	r4, r0
100002f6:	1c83      	adds	r3, r0, #2
100002f8:	d0ef      	beq.n	100002da <main+0x5a>
100002fa:	4641      	mov	r1, r8
100002fc:	4650      	mov	r0, sl
100002fe:	224f      	movs	r2, #79	@ 0x4f
10000300:	f000 f8b0 	bl	10000464 <log_prefix>
10000304:	0021      	movs	r1, r4
10000306:	4648      	mov	r0, r9
10000308:	f004 f862 	bl	100043d0 <__wrap_printf>
1000030c:	2c65      	cmp	r4, #101	@ 0x65
1000030e:	d028      	beq.n	10000362 <main+0xe2>
10000310:	2c64      	cmp	r4, #100	@ 0x64
10000312:	d03b      	beq.n	1000038c <main+0x10c>
10000314:	2c76      	cmp	r4, #118	@ 0x76
10000316:	d03e      	beq.n	10000396 <main+0x116>
10000318:	2c69      	cmp	r4, #105	@ 0x69
1000031a:	d034      	beq.n	10000386 <main+0x106>
1000031c:	2222      	movs	r2, #34	@ 0x22
1000031e:	9902      	ldr	r1, [sp, #8]
10000320:	9804      	ldr	r0, [sp, #16]
10000322:	f000 f89f 	bl	10000464 <log_prefix>
10000326:	0021      	movs	r1, r4
10000328:	9805      	ldr	r0, [sp, #20]
1000032a:	f004 f851 	bl	100043d0 <__wrap_printf>
1000032e:	686c      	ldr	r4, [r5, #4]
10000330:	2014      	movs	r0, #20
10000332:	f000 feed 	bl	10001110 <sleep_ms>
10000336:	4234      	tst	r4, r6
10000338:	d1d5      	bne.n	100002e6 <main+0x66>
1000033a:	2f00      	cmp	r7, #0
1000033c:	d00f      	beq.n	1000035e <main+0xde>
1000033e:	f000 f85f 	bl	10000400 <led_toggle>
10000342:	4641      	mov	r1, r8
10000344:	2243      	movs	r2, #67	@ 0x43
10000346:	4658      	mov	r0, fp
10000348:	f000 f88c 	bl	10000464 <log_prefix>
1000034c:	f000 f86c 	bl	10000428 <led_is_on>
10000350:	9900      	ldr	r1, [sp, #0]
10000352:	2800      	cmp	r0, #0
10000354:	d000      	beq.n	10000358 <main+0xd8>
10000356:	9903      	ldr	r1, [sp, #12]
10000358:	9801      	ldr	r0, [sp, #4]
1000035a:	f004 f839 	bl	100043d0 <__wrap_printf>
1000035e:	2700      	movs	r7, #0
10000360:	e7c5      	b.n	100002ee <main+0x6e>
10000362:	2001      	movs	r0, #1
10000364:	f000 f83e 	bl	100003e4 <led_set>
10000368:	2211      	movs	r2, #17
1000036a:	9902      	ldr	r1, [sp, #8]
1000036c:	4658      	mov	r0, fp
1000036e:	f000 f879 	bl	10000464 <log_prefix>
10000372:	f000 f859 	bl	10000428 <led_is_on>
10000376:	9900      	ldr	r1, [sp, #0]
10000378:	2800      	cmp	r0, #0
1000037a:	d000      	beq.n	1000037e <main+0xfe>
1000037c:	9903      	ldr	r1, [sp, #12]
1000037e:	9801      	ldr	r0, [sp, #4]
10000380:	f004 f826 	bl	100043d0 <__wrap_printf>
10000384:	e7a9      	b.n	100002da <main+0x5a>
10000386:	f000 f879 	bl	1000047c <device_info>
1000038a:	e7a6      	b.n	100002da <main+0x5a>
1000038c:	2000      	movs	r0, #0
1000038e:	f000 f829 	bl	100003e4 <led_set>
10000392:	2216      	movs	r2, #22
10000394:	e7e9      	b.n	1000036a <main+0xea>
10000396:	f000 f84d 	bl	10000434 <log_version>
1000039a:	e79e      	b.n	100002da <main+0x5a>
1000039c:	10006af4 	.word	0x10006af4
100003a0:	10006850 	.word	0x10006850
100003a4:	10006848 	.word	0x10006848
100003a8:	1000684c 	.word	0x1000684c
100003ac:	10006854 	.word	0x10006854
100003b0:	10006878 	.word	0x10006878
100003b4:	1000687c 	.word	0x1000687c
100003b8:	10006afc 	.word	0x10006afc
100003bc:	1000685c 	.word	0x1000685c
100003c0:	10006860 	.word	0x10006860

100003c4 <led_init>:
100003c4:	2019      	movs	r0, #25
100003c6:	b510      	push	{r4, lr}
100003c8:	f000 f89e 	bl	10000508 <gpio_init>
100003cc:	22d0      	movs	r2, #208	@ 0xd0
100003ce:	2180      	movs	r1, #128	@ 0x80
100003d0:	2000      	movs	r0, #0
100003d2:	4b03      	ldr	r3, [pc, #12]	@ (100003e0 <led_init+0x1c>)
100003d4:	0612      	lsls	r2, r2, #24
100003d6:	0489      	lsls	r1, r1, #18
100003d8:	6251      	str	r1, [r2, #36]	@ 0x24
100003da:	7018      	strb	r0, [r3, #0]
100003dc:	6191      	str	r1, [r2, #24]
100003de:	bd10      	pop	{r4, pc}
100003e0:	20001c43 	.word	0x20001c43

100003e4 <led_set>:
100003e4:	4b05      	ldr	r3, [pc, #20]	@ (100003fc <led_set+0x18>)
100003e6:	2280      	movs	r2, #128	@ 0x80
100003e8:	7018      	strb	r0, [r3, #0]
100003ea:	23d0      	movs	r3, #208	@ 0xd0
100003ec:	0492      	lsls	r2, r2, #18
100003ee:	061b      	lsls	r3, r3, #24
100003f0:	2800      	cmp	r0, #0
100003f2:	d001      	beq.n	100003f8 <led_set+0x14>
100003f4:	615a      	str	r2, [r3, #20]
100003f6:	4770      	bx	lr
100003f8:	619a      	str	r2, [r3, #24]
100003fa:	e7fc      	b.n	100003f6 <led_set+0x12>
100003fc:	20001c43 	.word	0x20001c43

10000400 <led_toggle>:
10000400:	2101      	movs	r1, #1
10000402:	4a08      	ldr	r2, [pc, #32]	@ (10000424 <led_toggle+0x24>)
10000404:	7813      	ldrb	r3, [r2, #0]
10000406:	404b      	eors	r3, r1
10000408:	7013      	strb	r3, [r2, #0]
1000040a:	d005      	beq.n	10000418 <led_toggle+0x18>
1000040c:	23d0      	movs	r3, #208	@ 0xd0
1000040e:	2280      	movs	r2, #128	@ 0x80
10000410:	061b      	lsls	r3, r3, #24
10000412:	0492      	lsls	r2, r2, #18
10000414:	615a      	str	r2, [r3, #20]
10000416:	4770      	bx	lr
10000418:	23d0      	movs	r3, #208	@ 0xd0
1000041a:	2280      	movs	r2, #128	@ 0x80
1000041c:	061b      	lsls	r3, r3, #24
1000041e:	0492      	lsls	r2, r2, #18
10000420:	619a      	str	r2, [r3, #24]
10000422:	e7f8      	b.n	10000416 <led_toggle+0x16>
10000424:	20001c43 	.word	0x20001c43

10000428 <led_is_on>:
10000428:	4b01      	ldr	r3, [pc, #4]	@ (10000430 <led_is_on+0x8>)
1000042a:	7818      	ldrb	r0, [r3, #0]
1000042c:	4770      	bx	lr
1000042e:	46c0      	nop			@ (mov r8, r8)
10000430:	20001c43 	.word	0x20001c43

10000434 <log_version>:
10000434:	b510      	push	{r4, lr}
10000436:	2403      	movs	r4, #3
10000438:	b082      	sub	sp, #8
1000043a:	9401      	str	r4, [sp, #4]
1000043c:	4c04      	ldr	r4, [pc, #16]	@ (10000450 <log_version+0x1c>)
1000043e:	4b05      	ldr	r3, [pc, #20]	@ (10000454 <log_version+0x20>)
10000440:	4a05      	ldr	r2, [pc, #20]	@ (10000458 <log_version+0x24>)
10000442:	4906      	ldr	r1, [pc, #24]	@ (1000045c <log_version+0x28>)
10000444:	9400      	str	r4, [sp, #0]
10000446:	4806      	ldr	r0, [pc, #24]	@ (10000460 <log_version+0x2c>)
10000448:	f003 ffc2 	bl	100043d0 <__wrap_printf>
1000044c:	b002      	add	sp, #8
1000044e:	bd10      	pop	{r4, pc}
10000450:	100068d4 	.word	0x100068d4
10000454:	10006884 	.word	0x10006884
10000458:	10006890 	.word	0x10006890
1000045c:	10006898 	.word	0x10006898
10000460:	100068a8 	.word	0x100068a8

10000464 <log_prefix>:
10000464:	4684      	mov	ip, r0
10000466:	b510      	push	{r4, lr}
10000468:	0013      	movs	r3, r2
1000046a:	000a      	movs	r2, r1
1000046c:	4802      	ldr	r0, [pc, #8]	@ (10000478 <log_prefix+0x14>)
1000046e:	4661      	mov	r1, ip
10000470:	f003 ffae 	bl	100043d0 <__wrap_printf>
10000474:	bd10      	pop	{r4, pc}
10000476:	46c0      	nop			@ (mov r8, r8)
10000478:	100068e0 	.word	0x100068e0

1000047c <device_info>:
1000047c:	b510      	push	{r4, lr}
1000047e:	b086      	sub	sp, #24
10000480:	a801      	add	r0, sp, #4
10000482:	2111      	movs	r1, #17
10000484:	f004 f9f8 	bl	10004878 <pico_get_unique_board_id_string>
10000488:	2380      	movs	r3, #128	@ 0x80
1000048a:	490e      	ldr	r1, [pc, #56]	@ (100004c4 <device_info+0x48>)
1000048c:	05db      	lsls	r3, r3, #23
1000048e:	480e      	ldr	r0, [pc, #56]	@ (100004c8 <device_info+0x4c>)
10000490:	681c      	ldr	r4, [r3, #0]
10000492:	f003 ff9d 	bl	100043d0 <__wrap_printf>
10000496:	490d      	ldr	r1, [pc, #52]	@ (100004cc <device_info+0x50>)
10000498:	480d      	ldr	r0, [pc, #52]	@ (100004d0 <device_info+0x54>)
1000049a:	f003 ff99 	bl	100043d0 <__wrap_printf>
1000049e:	490d      	ldr	r1, [pc, #52]	@ (100004d4 <device_info+0x58>)
100004a0:	480d      	ldr	r0, [pc, #52]	@ (100004d8 <device_info+0x5c>)
100004a2:	f003 ff95 	bl	100043d0 <__wrap_printf>
100004a6:	a901      	add	r1, sp, #4
100004a8:	480c      	ldr	r0, [pc, #48]	@ (100004dc <device_info+0x60>)
100004aa:	f003 ff91 	bl	100043d0 <__wrap_printf>
100004ae:	0122      	lsls	r2, r4, #4
100004b0:	0521      	lsls	r1, r4, #20
100004b2:	0f23      	lsrs	r3, r4, #28
100004b4:	0c12      	lsrs	r2, r2, #16
100004b6:	0d09      	lsrs	r1, r1, #20
100004b8:	4809      	ldr	r0, [pc, #36]	@ (100004e0 <device_info+0x64>)
100004ba:	f003 ff89 	bl	100043d0 <__wrap_printf>
100004be:	b006      	add	sp, #24
100004c0:	bd10      	pop	{r4, pc}
100004c2:	46c0      	nop			@ (mov r8, r8)
100004c4:	100068ec 	.word	0x100068ec
100004c8:	100068fc 	.word	0x100068fc
100004cc:	1000690c 	.word	0x1000690c
100004d0:	10006934 	.word	0x10006934
100004d4:	10006940 	.word	0x10006940
100004d8:	10006948 	.word	0x10006948
100004dc:	10006954 	.word	0x10006954
100004e0:	10006960 	.word	0x10006960

100004e4 <gpio_set_pulls>:
100004e4:	4b06      	ldr	r3, [pc, #24]	@ (10000500 <gpio_set_pulls+0x1c>)
100004e6:	0080      	lsls	r0, r0, #2
100004e8:	18c3      	adds	r3, r0, r3
100004ea:	681b      	ldr	r3, [r3, #0]
100004ec:	00c9      	lsls	r1, r1, #3
100004ee:	0092      	lsls	r2, r2, #2
100004f0:	430a      	orrs	r2, r1
100004f2:	405a      	eors	r2, r3
100004f4:	230c      	movs	r3, #12
100004f6:	4013      	ands	r3, r2
100004f8:	4a02      	ldr	r2, [pc, #8]	@ (10000504 <gpio_set_pulls+0x20>)
100004fa:	1880      	adds	r0, r0, r2
100004fc:	6003      	str	r3, [r0, #0]
100004fe:	4770      	bx	lr
10000500:	4001c004 	.word	0x4001c004
10000504:	4001d004 	.word	0x4001d004

10000508 <gpio_init>:
10000508:	2301      	movs	r3, #1
1000050a:	22d0      	movs	r2, #208	@ 0xd0
1000050c:	4083      	lsls	r3, r0
1000050e:	0612      	lsls	r2, r2, #24
10000510:	6293      	str	r3, [r2, #40]	@ 0x28
10000512:	6193      	str	r3, [r2, #24]
10000514:	4a08      	ldr	r2, [pc, #32]	@ (10000538 <gpio_init+0x30>)
10000516:	0083      	lsls	r3, r0, #2
10000518:	189a      	adds	r2, r3, r2
1000051a:	6811      	ldr	r1, [r2, #0]
1000051c:	2240      	movs	r2, #64	@ 0x40
1000051e:	4051      	eors	r1, r2
10000520:	3280      	adds	r2, #128	@ 0x80
10000522:	400a      	ands	r2, r1
10000524:	4905      	ldr	r1, [pc, #20]	@ (1000053c <gpio_init+0x34>)
10000526:	00c0      	lsls	r0, r0, #3
10000528:	185b      	adds	r3, r3, r1
1000052a:	601a      	str	r2, [r3, #0]
1000052c:	4b04      	ldr	r3, [pc, #16]	@ (10000540 <gpio_init+0x38>)
1000052e:	18c0      	adds	r0, r0, r3
10000530:	2305      	movs	r3, #5
10000532:	6043      	str	r3, [r0, #4]
10000534:	4770      	bx	lr
10000536:	46c0      	nop			@ (mov r8, r8)
10000538:	4001c004 	.word	0x4001c004
1000053c:	4001d004 	.word	0x4001d004
10000540:	40014000 	.word	0x40014000

10000544 <rp2040_chip_version>:
10000544:	2380      	movs	r3, #128	@ 0x80
10000546:	05db      	lsls	r3, r3, #23
10000548:	6818      	ldr	r0, [r3, #0]
1000054a:	0f00      	lsrs	r0, r0, #28
1000054c:	4770      	bx	lr
1000054e:	46c0      	nop			@ (mov r8, r8)

10000550 <panic>:
10000550:	b40f      	push	{r0, r1, r2, r3}
10000552:	b500      	push	{lr}
10000554:	4808      	ldr	r0, [pc, #32]	@ (10000578 <panic+0x28>)
10000556:	b083      	sub	sp, #12
10000558:	f003 feb8 	bl	100042cc <__wrap_puts>
1000055c:	9b04      	ldr	r3, [sp, #16]
1000055e:	2b00      	cmp	r3, #0
10000560:	d007      	beq.n	10000572 <panic+0x22>
10000562:	a905      	add	r1, sp, #20
10000564:	0018      	movs	r0, r3
10000566:	9101      	str	r1, [sp, #4]
10000568:	f003 fcd2 	bl	10003f10 <weak_raw_vprintf>
1000056c:	4803      	ldr	r0, [pc, #12]	@ (1000057c <panic+0x2c>)
1000056e:	f003 fead 	bl	100042cc <__wrap_puts>
10000572:	2001      	movs	r0, #1
10000574:	f003 fce4 	bl	10003f40 <_exit>
10000578:	10006998 	.word	0x10006998
1000057c:	10006874 	.word	0x10006874

10000580 <hw_claim_or_assert>:
10000580:	b570      	push	{r4, r5, r6, lr}
10000582:	468c      	mov	ip, r1
10000584:	0016      	movs	r6, r2
10000586:	f3ef 8410 	mrs	r4, PRIMASK
1000058a:	b672      	cpsid	i
1000058c:	490f      	ldr	r1, [pc, #60]	@ (100005cc <hw_claim_or_assert+0x4c>)
1000058e:	680b      	ldr	r3, [r1, #0]
10000590:	2b00      	cmp	r3, #0
10000592:	d0fc      	beq.n	1000058e <hw_claim_or_assert+0xe>
10000594:	f3bf 8f5f 	dmb	sy
10000598:	4663      	mov	r3, ip
1000059a:	08db      	lsrs	r3, r3, #3
1000059c:	18c5      	adds	r5, r0, r3
1000059e:	2207      	movs	r2, #7
100005a0:	5cc0      	ldrb	r0, [r0, r3]
100005a2:	4663      	mov	r3, ip
100005a4:	401a      	ands	r2, r3
100005a6:	2301      	movs	r3, #1
100005a8:	4093      	lsls	r3, r2
100005aa:	001a      	movs	r2, r3
100005ac:	4002      	ands	r2, r0
100005ae:	4203      	tst	r3, r0
100005b0:	d107      	bne.n	100005c2 <hw_claim_or_assert+0x42>
100005b2:	4318      	orrs	r0, r3
100005b4:	7028      	strb	r0, [r5, #0]
100005b6:	f3bf 8f5f 	dmb	sy
100005ba:	600a      	str	r2, [r1, #0]
100005bc:	f384 8810 	msr	PRIMASK, r4
100005c0:	bd70      	pop	{r4, r5, r6, pc}
100005c2:	4661      	mov	r1, ip
100005c4:	0030      	movs	r0, r6
100005c6:	f7ff ffc3 	bl	10000550 <panic>
100005ca:	46c0      	nop			@ (mov r8, r8)
100005cc:	d000012c 	.word	0xd000012c

100005d0 <hw_claim_unused_from_range>:
100005d0:	b5f8      	push	{r3, r4, r5, r6, r7, lr}
100005d2:	46ce      	mov	lr, r9
100005d4:	4647      	mov	r7, r8
100005d6:	468c      	mov	ip, r1
100005d8:	b580      	push	{r7, lr}
100005da:	001c      	movs	r4, r3
100005dc:	f3ef 8810 	mrs	r8, PRIMASK
100005e0:	b672      	cpsid	i
100005e2:	491c      	ldr	r1, [pc, #112]	@ (10000654 <hw_claim_unused_from_range+0x84>)
100005e4:	680b      	ldr	r3, [r1, #0]
100005e6:	2b00      	cmp	r3, #0
100005e8:	d0fc      	beq.n	100005e4 <hw_claim_unused_from_range+0x14>
100005ea:	f3bf 8f5f 	dmb	sy
100005ee:	42a2      	cmp	r2, r4
100005f0:	d821      	bhi.n	10000636 <hw_claim_unused_from_range+0x66>
100005f2:	2307      	movs	r3, #7
100005f4:	4699      	mov	r9, r3
100005f6:	e002      	b.n	100005fe <hw_claim_unused_from_range+0x2e>
100005f8:	3201      	adds	r2, #1
100005fa:	4294      	cmp	r4, r2
100005fc:	d318      	bcc.n	10000630 <hw_claim_unused_from_range+0x60>
100005fe:	4649      	mov	r1, r9
10000600:	2601      	movs	r6, #1
10000602:	4011      	ands	r1, r2
10000604:	408e      	lsls	r6, r1
10000606:	08d3      	lsrs	r3, r2, #3
10000608:	18c7      	adds	r7, r0, r3
1000060a:	5cc3      	ldrb	r3, [r0, r3]
1000060c:	421e      	tst	r6, r3
1000060e:	d1f3      	bne.n	100005f8 <hw_claim_unused_from_range+0x28>
10000610:	0010      	movs	r0, r2
10000612:	4333      	orrs	r3, r6
10000614:	703b      	strb	r3, [r7, #0]
10000616:	f3bf 8f5f 	dmb	sy
1000061a:	2200      	movs	r2, #0
1000061c:	4b0d      	ldr	r3, [pc, #52]	@ (10000654 <hw_claim_unused_from_range+0x84>)
1000061e:	601a      	str	r2, [r3, #0]
10000620:	f388 8810 	msr	PRIMASK, r8
10000624:	2800      	cmp	r0, #0
10000626:	db0e      	blt.n	10000646 <hw_claim_unused_from_range+0x76>
10000628:	bcc0      	pop	{r6, r7}
1000062a:	46b9      	mov	r9, r7
1000062c:	46b0      	mov	r8, r6
1000062e:	bdf8      	pop	{r3, r4, r5, r6, r7, pc}
10000630:	2001      	movs	r0, #1
10000632:	4240      	negs	r0, r0
10000634:	e7ef      	b.n	10000616 <hw_claim_unused_from_range+0x46>
10000636:	f3bf 8f5f 	dmb	sy
1000063a:	2300      	movs	r3, #0
1000063c:	600b      	str	r3, [r1, #0]
1000063e:	f388 8810 	msr	PRIMASK, r8
10000642:	2001      	movs	r0, #1
10000644:	4240      	negs	r0, r0
10000646:	4663      	mov	r3, ip
10000648:	2b00      	cmp	r3, #0
1000064a:	d0ed      	beq.n	10000628 <hw_claim_unused_from_range+0x58>
1000064c:	9808      	ldr	r0, [sp, #32]
1000064e:	f7ff ff7f 	bl	10000550 <panic>
10000652:	46c0      	nop			@ (mov r8, r8)
10000654:	d000012c 	.word	0xd000012c

10000658 <next_striped_spin_lock_num>:
10000658:	4a04      	ldr	r2, [pc, #16]	@ (1000066c <next_striped_spin_lock_num+0x14>)
1000065a:	7810      	ldrb	r0, [r2, #0]
1000065c:	1c43      	adds	r3, r0, #1
1000065e:	b2db      	uxtb	r3, r3
10000660:	2b17      	cmp	r3, #23
10000662:	d900      	bls.n	10000666 <next_striped_spin_lock_num+0xe>
10000664:	2310      	movs	r3, #16
10000666:	7013      	strb	r3, [r2, #0]
10000668:	4770      	bx	lr
1000066a:	46c0      	nop			@ (mov r8, r8)
1000066c:	20000f40 	.word	0x20000f40

10000670 <spin_lock_claim_unused>:
10000670:	b500      	push	{lr}
10000672:	4b05      	ldr	r3, [pc, #20]	@ (10000688 <spin_lock_claim_unused+0x18>)
10000674:	b083      	sub	sp, #12
10000676:	0001      	movs	r1, r0
10000678:	9300      	str	r3, [sp, #0]
1000067a:	2218      	movs	r2, #24
1000067c:	231f      	movs	r3, #31
1000067e:	4803      	ldr	r0, [pc, #12]	@ (1000068c <spin_lock_claim_unused+0x1c>)
10000680:	f7ff ffa6 	bl	100005d0 <hw_claim_unused_from_range>
10000684:	b003      	add	sp, #12
10000686:	bd00      	pop	{pc}
10000688:	100069a8 	.word	0x100069a8
1000068c:	2000178c 	.word	0x2000178c

10000690 <spin_locks_reset>:
10000690:	2100      	movs	r1, #0
10000692:	4b04      	ldr	r3, [pc, #16]	@ (100006a4 <spin_locks_reset+0x14>)
10000694:	4a04      	ldr	r2, [pc, #16]	@ (100006a8 <spin_locks_reset+0x18>)
10000696:	f3bf 8f5f 	dmb	sy
1000069a:	c302      	stmia	r3!, {r1}
1000069c:	4293      	cmp	r3, r2
1000069e:	d1fa      	bne.n	10000696 <spin_locks_reset+0x6>
100006a0:	4770      	bx	lr
100006a2:	46c0      	nop			@ (mov r8, r8)
100006a4:	d0000100 	.word	0xd0000100
100006a8:	d0000180 	.word	0xd0000180

100006ac <runtime_init_per_core_irq_priorities>:
100006ac:	4b08      	ldr	r3, [pc, #32]	@ (100006d0 <runtime_init_per_core_irq_priorities+0x24>)
100006ae:	4a09      	ldr	r2, [pc, #36]	@ (100006d4 <runtime_init_per_core_irq_priorities+0x28>)
100006b0:	6013      	str	r3, [r2, #0]
100006b2:	4a09      	ldr	r2, [pc, #36]	@ (100006d8 <runtime_init_per_core_irq_priorities+0x2c>)
100006b4:	6013      	str	r3, [r2, #0]
100006b6:	4a09      	ldr	r2, [pc, #36]	@ (100006dc <runtime_init_per_core_irq_priorities+0x30>)
100006b8:	6013      	str	r3, [r2, #0]
100006ba:	4a09      	ldr	r2, [pc, #36]	@ (100006e0 <runtime_init_per_core_irq_priorities+0x34>)
100006bc:	6013      	str	r3, [r2, #0]
100006be:	4a09      	ldr	r2, [pc, #36]	@ (100006e4 <runtime_init_per_core_irq_priorities+0x38>)
100006c0:	6013      	str	r3, [r2, #0]
100006c2:	4a09      	ldr	r2, [pc, #36]	@ (100006e8 <runtime_init_per_core_irq_priorities+0x3c>)
100006c4:	6013      	str	r3, [r2, #0]
100006c6:	4a09      	ldr	r2, [pc, #36]	@ (100006ec <runtime_init_per_core_irq_priorities+0x40>)
100006c8:	6013      	str	r3, [r2, #0]
100006ca:	4a09      	ldr	r2, [pc, #36]	@ (100006f0 <runtime_init_per_core_irq_priorities+0x44>)
100006cc:	6013      	str	r3, [r2, #0]
100006ce:	4770      	bx	lr
100006d0:	80808080 	.word	0x80808080
100006d4:	e000e400 	.word	0xe000e400
100006d8:	e000e404 	.word	0xe000e404
100006dc:	e000e408 	.word	0xe000e408
100006e0:	e000e40c 	.word	0xe000e40c
100006e4:	e000e410 	.word	0xe000e410
100006e8:	e000e414 	.word	0xe000e414
100006ec:	e000e418 	.word	0xe000e418
100006f0:	e000e41c 	.word	0xe000e41c

100006f4 <irq_set_enabled>:
100006f4:	231f      	movs	r3, #31
100006f6:	4018      	ands	r0, r3
100006f8:	3b1e      	subs	r3, #30
100006fa:	4083      	lsls	r3, r0
100006fc:	2900      	cmp	r1, #0
100006fe:	d005      	beq.n	1000070c <irq_set_enabled+0x18>
10000700:	21c0      	movs	r1, #192	@ 0xc0
10000702:	4a04      	ldr	r2, [pc, #16]	@ (10000714 <irq_set_enabled+0x20>)
10000704:	0049      	lsls	r1, r1, #1
10000706:	5053      	str	r3, [r2, r1]
10000708:	6013      	str	r3, [r2, #0]
1000070a:	4770      	bx	lr
1000070c:	2280      	movs	r2, #128	@ 0x80
1000070e:	4901      	ldr	r1, [pc, #4]	@ (10000714 <irq_set_enabled+0x20>)
10000710:	508b      	str	r3, [r1, r2]
10000712:	e7fa      	b.n	1000070a <irq_set_enabled+0x16>
10000714:	e000e100 	.word	0xe000e100

10000718 <irq_is_enabled>:
10000718:	2201      	movs	r2, #1
1000071a:	4082      	lsls	r2, r0
1000071c:	4b03      	ldr	r3, [pc, #12]	@ (1000072c <irq_is_enabled+0x14>)
1000071e:	681b      	ldr	r3, [r3, #0]
10000720:	4013      	ands	r3, r2
10000722:	1e5a      	subs	r2, r3, #1
10000724:	4193      	sbcs	r3, r2
10000726:	b2d8      	uxtb	r0, r3
10000728:	4770      	bx	lr
1000072a:	46c0      	nop			@ (mov r8, r8)
1000072c:	e000e100 	.word	0xe000e100

10000730 <irq_set_pending>:
10000730:	2301      	movs	r3, #1
10000732:	4083      	lsls	r3, r0
10000734:	4a01      	ldr	r2, [pc, #4]	@ (1000073c <irq_set_pending+0xc>)
10000736:	6013      	str	r3, [r2, #0]
10000738:	4770      	bx	lr
1000073a:	46c0      	nop			@ (mov r8, r8)
1000073c:	e000e200 	.word	0xe000e200

10000740 <irq_has_shared_handler>:
10000740:	4b05      	ldr	r3, [pc, #20]	@ (10000758 <irq_has_shared_handler+0x18>)
10000742:	3010      	adds	r0, #16
10000744:	689b      	ldr	r3, [r3, #8]
10000746:	0080      	lsls	r0, r0, #2
10000748:	58c3      	ldr	r3, [r0, r3]
1000074a:	4a04      	ldr	r2, [pc, #16]	@ (1000075c <irq_has_shared_handler+0x1c>)
1000074c:	2000      	movs	r0, #0
1000074e:	1a9b      	subs	r3, r3, r2
10000750:	2247      	movs	r2, #71	@ 0x47
10000752:	429a      	cmp	r2, r3
10000754:	4140      	adcs	r0, r0
10000756:	4770      	bx	lr
10000758:	e000ed00 	.word	0xe000ed00
1000075c:	20000f44 	.word	0x20000f44

10000760 <irq_set_exclusive_handler>:
10000760:	b510      	push	{r4, lr}
10000762:	f3ef 8c10 	mrs	ip, PRIMASK
10000766:	b672      	cpsid	i
10000768:	4a0f      	ldr	r2, [pc, #60]	@ (100007a8 <irq_set_exclusive_handler+0x48>)
1000076a:	6813      	ldr	r3, [r2, #0]
1000076c:	2b00      	cmp	r3, #0
1000076e:	d0fc      	beq.n	1000076a <irq_set_exclusive_handler+0xa>
10000770:	f3bf 8f5f 	dmb	sy
10000774:	4b0d      	ldr	r3, [pc, #52]	@ (100007ac <irq_set_exclusive_handler+0x4c>)
10000776:	3010      	adds	r0, #16
10000778:	689b      	ldr	r3, [r3, #8]
1000077a:	0080      	lsls	r0, r0, #2
1000077c:	581b      	ldr	r3, [r3, r0]
1000077e:	4a0c      	ldr	r2, [pc, #48]	@ (100007b0 <irq_set_exclusive_handler+0x50>)
10000780:	4293      	cmp	r3, r2
10000782:	d001      	beq.n	10000788 <irq_set_exclusive_handler+0x28>
10000784:	4299      	cmp	r1, r3
10000786:	d10c      	bne.n	100007a2 <irq_set_exclusive_handler+0x42>
10000788:	4b08      	ldr	r3, [pc, #32]	@ (100007ac <irq_set_exclusive_handler+0x4c>)
1000078a:	689b      	ldr	r3, [r3, #8]
1000078c:	5019      	str	r1, [r3, r0]
1000078e:	f3bf 8f5f 	dmb	sy
10000792:	f3bf 8f5f 	dmb	sy
10000796:	2200      	movs	r2, #0
10000798:	4b03      	ldr	r3, [pc, #12]	@ (100007a8 <irq_set_exclusive_handler+0x48>)
1000079a:	601a      	str	r2, [r3, #0]
1000079c:	f38c 8810 	msr	PRIMASK, ip
100007a0:	bd10      	pop	{r4, pc}
100007a2:	f001 f81f 	bl	100017e4 <hard_assertion_failure>
100007a6:	46c0      	nop			@ (mov r8, r8)
100007a8:	d0000124 	.word	0xd0000124
100007ac:	e000ed00 	.word	0xe000ed00
100007b0:	100001c1 	.word	0x100001c1

100007b4 <irq_add_shared_handler>:
100007b4:	b5f0      	push	{r4, r5, r6, r7, lr}
100007b6:	46de      	mov	lr, fp
100007b8:	4657      	mov	r7, sl
100007ba:	464e      	mov	r6, r9
100007bc:	4645      	mov	r5, r8
100007be:	b5e0      	push	{r5, r6, r7, lr}
100007c0:	468b      	mov	fp, r1
100007c2:	b085      	sub	sp, #20
100007c4:	f3ef 8810 	mrs	r8, PRIMASK
100007c8:	b672      	cpsid	i
100007ca:	0016      	movs	r6, r2
100007cc:	4a5b      	ldr	r2, [pc, #364]	@ (1000093c <irq_add_shared_handler+0x188>)
100007ce:	6813      	ldr	r3, [r2, #0]
100007d0:	2b00      	cmp	r3, #0
100007d2:	d0fc      	beq.n	100007ce <irq_add_shared_handler+0x1a>
100007d4:	46b2      	mov	sl, r6
100007d6:	f3bf 8f5f 	dmb	sy
100007da:	2500      	movs	r5, #0
100007dc:	4958      	ldr	r1, [pc, #352]	@ (10000940 <irq_add_shared_handler+0x18c>)
100007de:	574d      	ldrsb	r5, [r1, r5]
100007e0:	2d00      	cmp	r5, #0
100007e2:	da00      	bge.n	100007e6 <irq_add_shared_handler+0x32>
100007e4:	e0a8      	b.n	10000938 <irq_add_shared_handler+0x184>
100007e6:	006b      	lsls	r3, r5, #1
100007e8:	4a56      	ldr	r2, [pc, #344]	@ (10000944 <irq_add_shared_handler+0x190>)
100007ea:	9301      	str	r3, [sp, #4]
100007ec:	195b      	adds	r3, r3, r5
100007ee:	009b      	lsls	r3, r3, #2
100007f0:	18d4      	adds	r4, r2, r3
100007f2:	79a7      	ldrb	r7, [r4, #6]
100007f4:	3010      	adds	r0, #16
100007f6:	700f      	strb	r7, [r1, #0]
100007f8:	4953      	ldr	r1, [pc, #332]	@ (10000948 <irq_add_shared_handler+0x194>)
100007fa:	0080      	lsls	r0, r0, #2
100007fc:	6889      	ldr	r1, [r1, #8]
100007fe:	4684      	mov	ip, r0
10000800:	580f      	ldr	r7, [r1, r0]
10000802:	1ab9      	subs	r1, r7, r2
10000804:	2947      	cmp	r1, #71	@ 0x47
10000806:	d833      	bhi.n	10000870 <irq_add_shared_handler+0xbc>
10000808:	2001      	movs	r0, #1
1000080a:	0039      	movs	r1, r7
1000080c:	4381      	bics	r1, r0
1000080e:	79ce      	ldrb	r6, [r1, #7]
10000810:	4556      	cmp	r6, sl
10000812:	d800      	bhi.n	10000816 <irq_add_shared_handler+0x62>
10000814:	e06a      	b.n	100008ec <irq_add_shared_handler+0x138>
10000816:	46a1      	mov	r9, r4
10000818:	4656      	mov	r6, sl
1000081a:	9303      	str	r3, [sp, #12]
1000081c:	e007      	b.n	1000082e <irq_add_shared_handler+0x7a>
1000081e:	0058      	lsls	r0, r3, #1
10000820:	18c0      	adds	r0, r0, r3
10000822:	0080      	lsls	r0, r0, #2
10000824:	1810      	adds	r0, r2, r0
10000826:	79c4      	ldrb	r4, [r0, #7]
10000828:	42b4      	cmp	r4, r6
1000082a:	d94d      	bls.n	100008c8 <irq_add_shared_handler+0x114>
1000082c:	0001      	movs	r1, r0
1000082e:	2306      	movs	r3, #6
10000830:	56cb      	ldrsb	r3, [r1, r3]
10000832:	2b00      	cmp	r3, #0
10000834:	daf3      	bge.n	1000081e <irq_add_shared_handler+0x6a>
10000836:	1d08      	adds	r0, r1, #4
10000838:	464c      	mov	r4, r9
1000083a:	46b2      	mov	sl, r6
1000083c:	4681      	mov	r9, r0
1000083e:	9302      	str	r3, [sp, #8]
10000840:	4b42      	ldr	r3, [pc, #264]	@ (1000094c <irq_add_shared_handler+0x198>)
10000842:	464e      	mov	r6, r9
10000844:	3c04      	subs	r4, #4
10000846:	1ba4      	subs	r4, r4, r6
10000848:	0524      	lsls	r4, r4, #20
1000084a:	4e41      	ldr	r6, [pc, #260]	@ (10000950 <irq_add_shared_handler+0x19c>)
1000084c:	0d64      	lsrs	r4, r4, #21
1000084e:	4334      	orrs	r4, r6
10000850:	808c      	strh	r4, [r1, #4]
10000852:	718d      	strb	r5, [r1, #6]
10000854:	9901      	ldr	r1, [sp, #4]
10000856:	1949      	adds	r1, r1, r5
10000858:	0089      	lsls	r1, r1, #2
1000085a:	1852      	adds	r2, r2, r1
1000085c:	8093      	strh	r3, [r2, #4]
1000085e:	9b02      	ldr	r3, [sp, #8]
10000860:	493c      	ldr	r1, [pc, #240]	@ (10000954 <irq_add_shared_handler+0x1a0>)
10000862:	7193      	strb	r3, [r2, #6]
10000864:	4653      	mov	r3, sl
10000866:	71d3      	strb	r3, [r2, #7]
10000868:	465b      	mov	r3, fp
1000086a:	6011      	str	r1, [r2, #0]
1000086c:	6093      	str	r3, [r2, #8]
1000086e:	e017      	b.n	100008a0 <irq_add_shared_handler+0xec>
10000870:	4939      	ldr	r1, [pc, #228]	@ (10000958 <irq_add_shared_handler+0x1a4>)
10000872:	428f      	cmp	r7, r1
10000874:	d160      	bne.n	10000938 <irq_add_shared_handler+0x184>
10000876:	4939      	ldr	r1, [pc, #228]	@ (1000095c <irq_add_shared_handler+0x1a8>)
10000878:	2701      	movs	r7, #1
1000087a:	52d1      	strh	r1, [r2, r3]
1000087c:	4938      	ldr	r1, [pc, #224]	@ (10000960 <irq_add_shared_handler+0x1ac>)
1000087e:	3302      	adds	r3, #2
10000880:	18d3      	adds	r3, r2, r3
10000882:	3904      	subs	r1, #4
10000884:	1acb      	subs	r3, r1, r3
10000886:	4a32      	ldr	r2, [pc, #200]	@ (10000950 <irq_add_shared_handler+0x19c>)
10000888:	051b      	lsls	r3, r3, #20
1000088a:	0d5b      	lsrs	r3, r3, #21
1000088c:	4313      	orrs	r3, r2
1000088e:	8063      	strh	r3, [r4, #2]
10000890:	4b34      	ldr	r3, [pc, #208]	@ (10000964 <irq_add_shared_handler+0x1b0>)
10000892:	71e6      	strb	r6, [r4, #7]
10000894:	80a3      	strh	r3, [r4, #4]
10000896:	23ff      	movs	r3, #255	@ 0xff
10000898:	71a3      	strb	r3, [r4, #6]
1000089a:	465b      	mov	r3, fp
1000089c:	4327      	orrs	r7, r4
1000089e:	60a3      	str	r3, [r4, #8]
100008a0:	4662      	mov	r2, ip
100008a2:	4b29      	ldr	r3, [pc, #164]	@ (10000948 <irq_add_shared_handler+0x194>)
100008a4:	689b      	ldr	r3, [r3, #8]
100008a6:	509f      	str	r7, [r3, r2]
100008a8:	f3bf 8f5f 	dmb	sy
100008ac:	f3bf 8f5f 	dmb	sy
100008b0:	2200      	movs	r2, #0
100008b2:	4b22      	ldr	r3, [pc, #136]	@ (1000093c <irq_add_shared_handler+0x188>)
100008b4:	601a      	str	r2, [r3, #0]
100008b6:	f388 8810 	msr	PRIMASK, r8
100008ba:	b005      	add	sp, #20
100008bc:	bcf0      	pop	{r4, r5, r6, r7}
100008be:	46bb      	mov	fp, r7
100008c0:	46b2      	mov	sl, r6
100008c2:	46a9      	mov	r9, r5
100008c4:	46a0      	mov	r8, r4
100008c6:	bdf0      	pop	{r4, r5, r6, r7, pc}
100008c8:	46b2      	mov	sl, r6
100008ca:	1d0e      	adds	r6, r1, #4
100008cc:	464c      	mov	r4, r9
100008ce:	46b1      	mov	r9, r6
100008d0:	8888      	ldrh	r0, [r1, #4]
100008d2:	9302      	str	r3, [sp, #8]
100008d4:	9b03      	ldr	r3, [sp, #12]
100008d6:	0540      	lsls	r0, r0, #21
100008d8:	1500      	asrs	r0, r0, #20
100008da:	3304      	adds	r3, #4
100008dc:	4448      	add	r0, r9
100008de:	18d3      	adds	r3, r2, r3
100008e0:	1ac3      	subs	r3, r0, r3
100008e2:	051b      	lsls	r3, r3, #20
100008e4:	481a      	ldr	r0, [pc, #104]	@ (10000950 <irq_add_shared_handler+0x19c>)
100008e6:	0d5b      	lsrs	r3, r3, #21
100008e8:	4303      	orrs	r3, r0
100008ea:	e7aa      	b.n	10000842 <irq_add_shared_handler+0x8e>
100008ec:	1c9e      	adds	r6, r3, #2
100008ee:	46b1      	mov	r9, r6
100008f0:	4491      	add	r9, r2
100008f2:	464e      	mov	r6, r9
100008f4:	000f      	movs	r7, r1
100008f6:	4d1c      	ldr	r5, [pc, #112]	@ (10000968 <irq_add_shared_handler+0x1b4>)
100008f8:	1abf      	subs	r7, r7, r2
100008fa:	417f      	adcs	r7, r7
100008fc:	437d      	muls	r5, r7
100008fe:	0d2d      	lsrs	r5, r5, #20
10000900:	4f16      	ldr	r7, [pc, #88]	@ (1000095c <irq_add_shared_handler+0x1a8>)
10000902:	71a5      	strb	r5, [r4, #6]
10000904:	52d7      	strh	r7, [r2, r3]
10000906:	4f16      	ldr	r7, [pc, #88]	@ (10000960 <irq_add_shared_handler+0x1ac>)
10000908:	3304      	adds	r3, #4
1000090a:	3f04      	subs	r7, #4
1000090c:	18d3      	adds	r3, r2, r3
1000090e:	1bbf      	subs	r7, r7, r6
10000910:	1acb      	subs	r3, r1, r3
10000912:	053f      	lsls	r7, r7, #20
10000914:	3b04      	subs	r3, #4
10000916:	0d7e      	lsrs	r6, r7, #21
10000918:	051b      	lsls	r3, r3, #20
1000091a:	4f0d      	ldr	r7, [pc, #52]	@ (10000950 <irq_add_shared_handler+0x19c>)
1000091c:	0d5b      	lsrs	r3, r3, #21
1000091e:	433e      	orrs	r6, r7
10000920:	431f      	orrs	r7, r3
10000922:	4653      	mov	r3, sl
10000924:	71e3      	strb	r3, [r4, #7]
10000926:	465b      	mov	r3, fp
10000928:	60a3      	str	r3, [r4, #8]
1000092a:	4b0a      	ldr	r3, [pc, #40]	@ (10000954 <irq_add_shared_handler+0x1a0>)
1000092c:	80a7      	strh	r7, [r4, #4]
1000092e:	8066      	strh	r6, [r4, #2]
10000930:	4304      	orrs	r4, r0
10000932:	0027      	movs	r7, r4
10000934:	600b      	str	r3, [r1, #0]
10000936:	e7b3      	b.n	100008a0 <irq_add_shared_handler+0xec>
10000938:	f000 ff54 	bl	100017e4 <hard_assertion_failure>
1000093c:	d0000124 	.word	0xd0000124
10000940:	20001c41 	.word	0x20001c41
10000944:	20000f44 	.word	0x20000f44
10000948:	e000ed00 	.word	0xe000ed00
1000094c:	0000bd01 	.word	0x0000bd01
10000950:	ffffe000 	.word	0xffffe000
10000954:	47804801 	.word	0x47804801
10000958:	100001c1 	.word	0x100001c1
1000095c:	ffffa100 	.word	0xffffa100
10000960:	20000f8c 	.word	0x20000f8c
10000964:	ffffbd01 	.word	0xffffbd01
10000968:	0000aaaa 	.word	0x0000aaaa

1000096c <irq_add_tail_to_free_list>:
1000096c:	2301      	movs	r3, #1
1000096e:	4303      	orrs	r3, r0
10000970:	b570      	push	{r4, r5, r6, lr}
10000972:	469c      	mov	ip, r3
10000974:	f3ef 8105 	mrs	r1, IPSR
10000978:	f3ef 8510 	mrs	r5, PRIMASK
1000097c:	b672      	cpsid	i
1000097e:	4a27      	ldr	r2, [pc, #156]	@ (10000a1c <irq_add_tail_to_free_list+0xb0>)
10000980:	6813      	ldr	r3, [r2, #0]
10000982:	2b00      	cmp	r3, #0
10000984:	d0fc      	beq.n	10000980 <irq_add_tail_to_free_list+0x14>
10000986:	f3bf 8f5f 	dmb	sy
1000098a:	4a25      	ldr	r2, [pc, #148]	@ (10000a20 <irq_add_tail_to_free_list+0xb4>)
1000098c:	0004      	movs	r4, r0
1000098e:	4b25      	ldr	r3, [pc, #148]	@ (10000a24 <irq_add_tail_to_free_list+0xb8>)
10000990:	1aa4      	subs	r4, r4, r2
10000992:	4164      	adcs	r4, r4
10000994:	4363      	muls	r3, r4
10000996:	0d1b      	lsrs	r3, r3, #20
10000998:	4c23      	ldr	r4, [pc, #140]	@ (10000a28 <irq_add_tail_to_free_list+0xbc>)
1000099a:	0089      	lsls	r1, r1, #2
1000099c:	68a6      	ldr	r6, [r4, #8]
1000099e:	b25b      	sxtb	r3, r3
100009a0:	5876      	ldr	r6, [r6, r1]
100009a2:	4566      	cmp	r6, ip
100009a4:	d024      	beq.n	100009f0 <irq_add_tail_to_free_list+0x84>
100009a6:	2106      	movs	r1, #6
100009a8:	5651      	ldrsb	r1, [r2, r1]
100009aa:	4299      	cmp	r1, r3
100009ac:	d024      	beq.n	100009f8 <irq_add_tail_to_free_list+0x8c>
100009ae:	2112      	movs	r1, #18
100009b0:	5651      	ldrsb	r1, [r2, r1]
100009b2:	4299      	cmp	r1, r3
100009b4:	d02a      	beq.n	10000a0c <irq_add_tail_to_free_list+0xa0>
100009b6:	211e      	movs	r1, #30
100009b8:	5651      	ldrsb	r1, [r2, r1]
100009ba:	4299      	cmp	r1, r3
100009bc:	d028      	beq.n	10000a10 <irq_add_tail_to_free_list+0xa4>
100009be:	212a      	movs	r1, #42	@ 0x2a
100009c0:	5651      	ldrsb	r1, [r2, r1]
100009c2:	4299      	cmp	r1, r3
100009c4:	d026      	beq.n	10000a14 <irq_add_tail_to_free_list+0xa8>
100009c6:	2136      	movs	r1, #54	@ 0x36
100009c8:	5651      	ldrsb	r1, [r2, r1]
100009ca:	4299      	cmp	r1, r3
100009cc:	d024      	beq.n	10000a18 <irq_add_tail_to_free_list+0xac>
100009ce:	2142      	movs	r1, #66	@ 0x42
100009d0:	5651      	ldrsb	r1, [r2, r1]
100009d2:	2405      	movs	r4, #5
100009d4:	4299      	cmp	r1, r3
100009d6:	d010      	beq.n	100009fa <irq_add_tail_to_free_list+0x8e>
100009d8:	4a14      	ldr	r2, [pc, #80]	@ (10000a2c <irq_add_tail_to_free_list+0xc0>)
100009da:	7811      	ldrb	r1, [r2, #0]
100009dc:	7013      	strb	r3, [r2, #0]
100009de:	7181      	strb	r1, [r0, #6]
100009e0:	f3bf 8f5f 	dmb	sy
100009e4:	2200      	movs	r2, #0
100009e6:	4b0d      	ldr	r3, [pc, #52]	@ (10000a1c <irq_add_tail_to_free_list+0xb0>)
100009e8:	601a      	str	r2, [r3, #0]
100009ea:	f385 8810 	msr	PRIMASK, r5
100009ee:	bd70      	pop	{r4, r5, r6, pc}
100009f0:	68a2      	ldr	r2, [r4, #8]
100009f2:	4c0f      	ldr	r4, [pc, #60]	@ (10000a30 <irq_add_tail_to_free_list+0xc4>)
100009f4:	5054      	str	r4, [r2, r1]
100009f6:	e7ef      	b.n	100009d8 <irq_add_tail_to_free_list+0x6c>
100009f8:	2400      	movs	r4, #0
100009fa:	0061      	lsls	r1, r4, #1
100009fc:	1909      	adds	r1, r1, r4
100009fe:	0089      	lsls	r1, r1, #2
10000a00:	1852      	adds	r2, r2, r1
10000a02:	21ff      	movs	r1, #255	@ 0xff
10000a04:	7191      	strb	r1, [r2, #6]
10000a06:	490b      	ldr	r1, [pc, #44]	@ (10000a34 <irq_add_tail_to_free_list+0xc8>)
10000a08:	8091      	strh	r1, [r2, #4]
10000a0a:	e7e5      	b.n	100009d8 <irq_add_tail_to_free_list+0x6c>
10000a0c:	2401      	movs	r4, #1
10000a0e:	e7f4      	b.n	100009fa <irq_add_tail_to_free_list+0x8e>
10000a10:	2402      	movs	r4, #2
10000a12:	e7f2      	b.n	100009fa <irq_add_tail_to_free_list+0x8e>
10000a14:	2403      	movs	r4, #3
10000a16:	e7f0      	b.n	100009fa <irq_add_tail_to_free_list+0x8e>
10000a18:	2404      	movs	r4, #4
10000a1a:	e7ee      	b.n	100009fa <irq_add_tail_to_free_list+0x8e>
10000a1c:	d0000124 	.word	0xd0000124
10000a20:	20000f44 	.word	0x20000f44
10000a24:	0000aaaa 	.word	0x0000aaaa
10000a28:	e000ed00 	.word	0xe000ed00
10000a2c:	20001c41 	.word	0x20001c41
10000a30:	100001c1 	.word	0x100001c1
10000a34:	ffffbd01 	.word	0xffffbd01

10000a38 <user_irq_claim_unused>:
10000a38:	b500      	push	{lr}
10000a3a:	4b07      	ldr	r3, [pc, #28]	@ (10000a58 <user_irq_claim_unused+0x20>)
10000a3c:	b083      	sub	sp, #12
10000a3e:	0001      	movs	r1, r0
10000a40:	9300      	str	r3, [sp, #0]
10000a42:	2200      	movs	r2, #0
10000a44:	2305      	movs	r3, #5
10000a46:	4805      	ldr	r0, [pc, #20]	@ (10000a5c <user_irq_claim_unused+0x24>)
10000a48:	f7ff fdc2 	bl	100005d0 <hw_claim_unused_from_range>
10000a4c:	2800      	cmp	r0, #0
10000a4e:	db01      	blt.n	10000a54 <user_irq_claim_unused+0x1c>
10000a50:	231f      	movs	r3, #31
10000a52:	1a18      	subs	r0, r3, r0
10000a54:	b003      	add	sp, #12
10000a56:	bd00      	pop	{pc}
10000a58:	100069c4 	.word	0x100069c4
10000a5c:	20001c46 	.word	0x20001c46

10000a60 <lock_init>:
10000a60:	4b02      	ldr	r3, [pc, #8]	@ (10000a6c <lock_init+0xc>)
10000a62:	18c9      	adds	r1, r1, r3
10000a64:	0089      	lsls	r1, r1, #2
10000a66:	6001      	str	r1, [r0, #0]
10000a68:	4770      	bx	lr
10000a6a:	46c0      	nop			@ (mov r8, r8)
10000a6c:	34000040 	.word	0x34000040

10000a70 <runtime_init_mutex>:
10000a70:	b570      	push	{r4, r5, r6, lr}
10000a72:	4c11      	ldr	r4, [pc, #68]	@ (10000ab8 <runtime_init_mutex+0x48>)
10000a74:	4d11      	ldr	r5, [pc, #68]	@ (10000abc <runtime_init_mutex+0x4c>)
10000a76:	42ac      	cmp	r4, r5
10000a78:	d20f      	bcs.n	10000a9a <runtime_init_mutex+0x2a>
10000a7a:	26ff      	movs	r6, #255	@ 0xff
10000a7c:	6823      	ldr	r3, [r4, #0]
10000a7e:	2b00      	cmp	r3, #0
10000a80:	d00c      	beq.n	10000a9c <runtime_init_mutex+0x2c>
10000a82:	f7ff fde9 	bl	10000658 <next_striped_spin_lock_num>
10000a86:	0001      	movs	r1, r0
10000a88:	0020      	movs	r0, r4
10000a8a:	f7ff ffe9 	bl	10000a60 <lock_init>
10000a8e:	80a6      	strh	r6, [r4, #4]
10000a90:	f3bf 8f5f 	dmb	sy
10000a94:	3408      	adds	r4, #8
10000a96:	42ac      	cmp	r4, r5
10000a98:	d3f0      	bcc.n	10000a7c <runtime_init_mutex+0xc>
10000a9a:	bd70      	pop	{r4, r5, r6, pc}
10000a9c:	f7ff fddc 	bl	10000658 <next_striped_spin_lock_num>
10000aa0:	0001      	movs	r1, r0
10000aa2:	0020      	movs	r0, r4
10000aa4:	f7ff ffdc 	bl	10000a60 <lock_init>
10000aa8:	7126      	strb	r6, [r4, #4]
10000aaa:	f3bf 8f5f 	dmb	sy
10000aae:	3408      	adds	r4, #8
10000ab0:	42ac      	cmp	r4, r5
10000ab2:	d3e3      	bcc.n	10000a7c <runtime_init_mutex+0xc>
10000ab4:	e7f1      	b.n	10000a9a <runtime_init_mutex+0x2a>
10000ab6:	46c0      	nop			@ (mov r8, r8)
10000ab8:	20001028 	.word	0x20001028
10000abc:	20001030 	.word	0x20001030

10000ac0 <mutex_init>:
10000ac0:	b510      	push	{r4, lr}
10000ac2:	0004      	movs	r4, r0
10000ac4:	f7ff fdc8 	bl	10000658 <next_striped_spin_lock_num>
10000ac8:	0001      	movs	r1, r0
10000aca:	0020      	movs	r0, r4
10000acc:	f7ff ffc8 	bl	10000a60 <lock_init>
10000ad0:	23ff      	movs	r3, #255	@ 0xff
10000ad2:	7123      	strb	r3, [r4, #4]
10000ad4:	f3bf 8f5f 	dmb	sy
10000ad8:	bd10      	pop	{r4, pc}
10000ada:	46c0      	nop			@ (mov r8, r8)

10000adc <critical_section_init>:
10000adc:	b510      	push	{r4, lr}
10000ade:	0004      	movs	r4, r0
10000ae0:	2001      	movs	r0, #1
10000ae2:	f7ff fdc5 	bl	10000670 <spin_lock_claim_unused>
10000ae6:	4b03      	ldr	r3, [pc, #12]	@ (10000af4 <critical_section_init+0x18>)
10000ae8:	18c0      	adds	r0, r0, r3
10000aea:	0080      	lsls	r0, r0, #2
10000aec:	6020      	str	r0, [r4, #0]
10000aee:	f3bf 8f5f 	dmb	sy
10000af2:	bd10      	pop	{r4, pc}
10000af4:	34000040 	.word	0x34000040

10000af8 <critical_section_init_with_lock_num>:
10000af8:	4b03      	ldr	r3, [pc, #12]	@ (10000b08 <critical_section_init_with_lock_num+0x10>)
10000afa:	18c9      	adds	r1, r1, r3
10000afc:	0089      	lsls	r1, r1, #2
10000afe:	6001      	str	r1, [r0, #0]
10000b00:	f3bf 8f5f 	dmb	sy
10000b04:	4770      	bx	lr
10000b06:	46c0      	nop			@ (mov r8, r8)
10000b08:	34000040 	.word	0x34000040

10000b0c <sleep_until_callback>:
10000b0c:	4b0a      	ldr	r3, [pc, #40]	@ (10000b38 <sleep_until_callback+0x2c>)
10000b0e:	6819      	ldr	r1, [r3, #0]
10000b10:	f3ef 8010 	mrs	r0, PRIMASK
10000b14:	b672      	cpsid	i
10000b16:	680a      	ldr	r2, [r1, #0]
10000b18:	2a00      	cmp	r2, #0
10000b1a:	d0fc      	beq.n	10000b16 <sleep_until_callback+0xa>
10000b1c:	f3bf 8f5f 	dmb	sy
10000b20:	681b      	ldr	r3, [r3, #0]
10000b22:	f3bf 8f5f 	dmb	sy
10000b26:	2200      	movs	r2, #0
10000b28:	601a      	str	r2, [r3, #0]
10000b2a:	f380 8810 	msr	PRIMASK, r0
10000b2e:	bf40      	sev
10000b30:	2000      	movs	r0, #0
10000b32:	2100      	movs	r1, #0
10000b34:	4770      	bx	lr
10000b36:	46c0      	nop			@ (mov r8, r8)
10000b38:	20001c20 	.word	0x20001c20

10000b3c <alarm_pool_irq_handler>:
10000b3c:	b5f0      	push	{r4, r5, r6, r7, lr}
10000b3e:	46de      	mov	lr, fp
10000b40:	4657      	mov	r7, sl
10000b42:	464e      	mov	r6, r9
10000b44:	4645      	mov	r5, r8
10000b46:	b5e0      	push	{r5, r6, r7, lr}
10000b48:	b085      	sub	sp, #20
10000b4a:	f3ef 8305 	mrs	r3, IPSR
10000b4e:	2203      	movs	r2, #3
10000b50:	401a      	ands	r2, r3
10000b52:	4bb3      	ldr	r3, [pc, #716]	@ (10000e20 <alarm_pool_irq_handler+0x2e4>)
10000b54:	0091      	lsls	r1, r2, #2
10000b56:	585f      	ldr	r7, [r3, r1]
10000b58:	2301      	movs	r3, #1
10000b5a:	4093      	lsls	r3, r2
10000b5c:	469b      	mov	fp, r3
10000b5e:	9202      	str	r2, [sp, #8]
10000b60:	465a      	mov	r2, fp
10000b62:	4688      	mov	r8, r1
10000b64:	4baf      	ldr	r3, [pc, #700]	@ (10000e24 <alarm_pool_irq_handler+0x2e8>)
10000b66:	601a      	str	r2, [r3, #0]
10000b68:	4baf      	ldr	r3, [pc, #700]	@ (10000e28 <alarm_pool_irq_handler+0x2ec>)
10000b6a:	9303      	str	r3, [sp, #12]
10000b6c:	465b      	mov	r3, fp
10000b6e:	48af      	ldr	r0, [pc, #700]	@ (10000e2c <alarm_pool_irq_handler+0x2f0>)
10000b70:	6343      	str	r3, [r0, #52]	@ 0x34
10000b72:	2308      	movs	r3, #8
10000b74:	5efe      	ldrsh	r6, [r7, r3]
10000b76:	2e00      	cmp	r6, #0
10000b78:	da37      	bge.n	10000bea <alarm_pool_irq_handler+0xae>
10000b7a:	88bb      	ldrh	r3, [r7, #4]
10000b7c:	b21b      	sxth	r3, r3
10000b7e:	2b00      	cmp	r3, #0
10000b80:	db00      	blt.n	10000b84 <alarm_pool_irq_handler+0x48>
10000b82:	e0a4      	b.n	10000cce <alarm_pool_irq_handler+0x192>
10000b84:	79bb      	ldrb	r3, [r7, #6]
10000b86:	2b00      	cmp	r3, #0
10000b88:	d000      	beq.n	10000b8c <alarm_pool_irq_handler+0x50>
10000b8a:	e0e5      	b.n	10000d58 <alarm_pool_irq_handler+0x21c>
10000b8c:	2308      	movs	r3, #8
10000b8e:	5ef9      	ldrsh	r1, [r7, r3]
10000b90:	2900      	cmp	r1, #0
10000b92:	db20      	blt.n	10000bd6 <alarm_pool_irq_handler+0x9a>
10000b94:	004b      	lsls	r3, r1, #1
10000b96:	697a      	ldr	r2, [r7, #20]
10000b98:	185b      	adds	r3, r3, r1
10000b9a:	00db      	lsls	r3, r3, #3
10000b9c:	18d3      	adds	r3, r2, r3
10000b9e:	689d      	ldr	r5, [r3, #8]
10000ba0:	68dc      	ldr	r4, [r3, #12]
10000ba2:	1c6b      	adds	r3, r5, #1
10000ba4:	d100      	bne.n	10000ba8 <alarm_pool_irq_handler+0x6c>
10000ba6:	e104      	b.n	10000db2 <alarm_pool_irq_handler+0x276>
10000ba8:	48a0      	ldr	r0, [pc, #640]	@ (10000e2c <alarm_pool_irq_handler+0x2f0>)
10000baa:	0001      	movs	r1, r0
10000bac:	4441      	add	r1, r8
10000bae:	6a82      	ldr	r2, [r0, #40]	@ 0x28
10000bb0:	690b      	ldr	r3, [r1, #16]
10000bb2:	1aae      	subs	r6, r5, r2
10000bb4:	1a9b      	subs	r3, r3, r2
10000bb6:	429e      	cmp	r6, r3
10000bb8:	d315      	bcc.n	10000be6 <alarm_pool_irq_handler+0xaa>
10000bba:	2301      	movs	r3, #1
10000bbc:	6a02      	ldr	r2, [r0, #32]
10000bbe:	9802      	ldr	r0, [sp, #8]
10000bc0:	4083      	lsls	r3, r0
10000bc2:	421a      	tst	r2, r3
10000bc4:	d00f      	beq.n	10000be6 <alarm_pool_irq_handler+0xaa>
10000bc6:	4899      	ldr	r0, [pc, #612]	@ (10000e2c <alarm_pool_irq_handler+0x2f0>)
10000bc8:	f000 fbc0 	bl	1000134c <timer_time_us_64>
10000bcc:	428c      	cmp	r4, r1
10000bce:	dc02      	bgt.n	10000bd6 <alarm_pool_irq_handler+0x9a>
10000bd0:	d1cc      	bne.n	10000b6c <alarm_pool_irq_handler+0x30>
10000bd2:	4285      	cmp	r5, r0
10000bd4:	d9ca      	bls.n	10000b6c <alarm_pool_irq_handler+0x30>
10000bd6:	bf40      	sev
10000bd8:	b005      	add	sp, #20
10000bda:	bcf0      	pop	{r4, r5, r6, r7}
10000bdc:	46bb      	mov	fp, r7
10000bde:	46b2      	mov	sl, r6
10000be0:	46a9      	mov	r9, r5
10000be2:	46a0      	mov	r8, r4
10000be4:	bdf0      	pop	{r4, r5, r6, r7, pc}
10000be6:	610d      	str	r5, [r1, #16]
10000be8:	e7ed      	b.n	10000bc6 <alarm_pool_irq_handler+0x8a>
10000bea:	697a      	ldr	r2, [r7, #20]
10000bec:	0073      	lsls	r3, r6, #1
10000bee:	4691      	mov	r9, r2
10000bf0:	199b      	adds	r3, r3, r6
10000bf2:	00db      	lsls	r3, r3, #3
10000bf4:	4499      	add	r9, r3
10000bf6:	464b      	mov	r3, r9
10000bf8:	689c      	ldr	r4, [r3, #8]
10000bfa:	68dd      	ldr	r5, [r3, #12]
10000bfc:	f000 fba6 	bl	1000134c <timer_time_us_64>
10000c00:	428d      	cmp	r5, r1
10000c02:	dcba      	bgt.n	10000b7a <alarm_pool_irq_handler+0x3e>
10000c04:	d100      	bne.n	10000c08 <alarm_pool_irq_handler+0xcc>
10000c06:	e0f6      	b.n	10000df6 <alarm_pool_irq_handler+0x2ba>
10000c08:	2d00      	cmp	r5, #0
10000c0a:	da00      	bge.n	10000c0e <alarm_pool_irq_handler+0xd2>
10000c0c:	e0db      	b.n	10000dc6 <alarm_pool_irq_handler+0x28a>
10000c0e:	464a      	mov	r2, r9
10000c10:	464b      	mov	r3, r9
10000c12:	6952      	ldr	r2, [r2, #20]
10000c14:	691b      	ldr	r3, [r3, #16]
10000c16:	4692      	mov	sl, r2
10000c18:	9a03      	ldr	r2, [sp, #12]
10000c1a:	4293      	cmp	r3, r2
10000c1c:	d100      	bne.n	10000c20 <alarm_pool_irq_handler+0xe4>
10000c1e:	e0cc      	b.n	10000dba <alarm_pool_irq_handler+0x27e>
10000c20:	464a      	mov	r2, r9
10000c22:	2108      	movs	r1, #8
10000c24:	5e78      	ldrsh	r0, [r7, r1]
10000c26:	8852      	ldrh	r2, [r2, #2]
10000c28:	0400      	lsls	r0, r0, #16
10000c2a:	4651      	mov	r1, sl
10000c2c:	4310      	orrs	r0, r2
10000c2e:	4798      	blx	r3
10000c30:	9000      	str	r0, [sp, #0]
10000c32:	9101      	str	r1, [sp, #4]
10000c34:	9900      	ldr	r1, [sp, #0]
10000c36:	9a01      	ldr	r2, [sp, #4]
10000c38:	000b      	movs	r3, r1
10000c3a:	4313      	orrs	r3, r2
10000c3c:	d100      	bne.n	10000c40 <alarm_pool_irq_handler+0x104>
10000c3e:	e0c2      	b.n	10000dc6 <alarm_pool_irq_handler+0x28a>
10000c40:	0013      	movs	r3, r2
10000c42:	000a      	movs	r2, r1
10000c44:	2b00      	cmp	r3, #0
10000c46:	db00      	blt.n	10000c4a <alarm_pool_irq_handler+0x10e>
10000c48:	e0d9      	b.n	10000dfe <alarm_pool_irq_handler+0x2c2>
10000c4a:	0020      	movs	r0, r4
10000c4c:	0029      	movs	r1, r5
10000c4e:	1a80      	subs	r0, r0, r2
10000c50:	4199      	sbcs	r1, r3
10000c52:	464b      	mov	r3, r9
10000c54:	6098      	str	r0, [r3, #8]
10000c56:	60d9      	str	r1, [r3, #12]
10000c58:	2200      	movs	r2, #0
10000c5a:	5e9b      	ldrsh	r3, [r3, r2]
10000c5c:	2b00      	cmp	r3, #0
10000c5e:	da00      	bge.n	10000c62 <alarm_pool_irq_handler+0x126>
10000c60:	e78b      	b.n	10000b7a <alarm_pool_irq_handler+0x3e>
10000c62:	005d      	lsls	r5, r3, #1
10000c64:	697c      	ldr	r4, [r7, #20]
10000c66:	18ea      	adds	r2, r5, r3
10000c68:	00d2      	lsls	r2, r2, #3
10000c6a:	18a2      	adds	r2, r4, r2
10000c6c:	9400      	str	r4, [sp, #0]
10000c6e:	6894      	ldr	r4, [r2, #8]
10000c70:	68d2      	ldr	r2, [r2, #12]
10000c72:	46a2      	mov	sl, r4
10000c74:	428a      	cmp	r2, r1
10000c76:	dd00      	ble.n	10000c7a <alarm_pool_irq_handler+0x13e>
10000c78:	e77f      	b.n	10000b7a <alarm_pool_irq_handler+0x3e>
10000c7a:	d102      	bne.n	10000c82 <alarm_pool_irq_handler+0x146>
10000c7c:	4284      	cmp	r4, r0
10000c7e:	d900      	bls.n	10000c82 <alarm_pool_irq_handler+0x146>
10000c80:	e77b      	b.n	10000b7a <alarm_pool_irq_handler+0x3e>
10000c82:	2408      	movs	r4, #8
10000c84:	46a4      	mov	ip, r4
10000c86:	813b      	strh	r3, [r7, #8]
10000c88:	44bc      	add	ip, r7
10000c8a:	9c00      	ldr	r4, [sp, #0]
10000c8c:	9700      	str	r7, [sp, #0]
10000c8e:	002f      	movs	r7, r5
10000c90:	4665      	mov	r5, ip
10000c92:	46b4      	mov	ip, r6
10000c94:	003e      	movs	r6, r7
10000c96:	e006      	b.n	10000ca6 <alarm_pool_irq_handler+0x16a>
10000c98:	005e      	lsls	r6, r3, #1
10000c9a:	18f2      	adds	r2, r6, r3
10000c9c:	00d2      	lsls	r2, r2, #3
10000c9e:	18a2      	adds	r2, r4, r2
10000ca0:	6897      	ldr	r7, [r2, #8]
10000ca2:	68d2      	ldr	r2, [r2, #12]
10000ca4:	46ba      	mov	sl, r7
10000ca6:	428a      	cmp	r2, r1
10000ca8:	dc07      	bgt.n	10000cba <alarm_pool_irq_handler+0x17e>
10000caa:	d100      	bne.n	10000cae <alarm_pool_irq_handler+0x172>
10000cac:	e0b4      	b.n	10000e18 <alarm_pool_irq_handler+0x2dc>
10000cae:	18f3      	adds	r3, r6, r3
10000cb0:	00db      	lsls	r3, r3, #3
10000cb2:	18e5      	adds	r5, r4, r3
10000cb4:	5ee3      	ldrsh	r3, [r4, r3]
10000cb6:	2b00      	cmp	r3, #0
10000cb8:	daee      	bge.n	10000c98 <alarm_pool_irq_handler+0x15c>
10000cba:	4666      	mov	r6, ip
10000cbc:	464a      	mov	r2, r9
10000cbe:	9f00      	ldr	r7, [sp, #0]
10000cc0:	8013      	strh	r3, [r2, #0]
10000cc2:	802e      	strh	r6, [r5, #0]
10000cc4:	88bb      	ldrh	r3, [r7, #4]
10000cc6:	b21b      	sxth	r3, r3
10000cc8:	2b00      	cmp	r3, #0
10000cca:	da00      	bge.n	10000cce <alarm_pool_irq_handler+0x192>
10000ccc:	e75a      	b.n	10000b84 <alarm_pool_irq_handler+0x48>
10000cce:	693a      	ldr	r2, [r7, #16]
10000cd0:	f3ef 8110 	mrs	r1, PRIMASK
10000cd4:	b672      	cpsid	i
10000cd6:	6813      	ldr	r3, [r2, #0]
10000cd8:	2b00      	cmp	r3, #0
10000cda:	d0fc      	beq.n	10000cd6 <alarm_pool_irq_handler+0x19a>
10000cdc:	f3bf 8f5f 	dmb	sy
10000ce0:	2301      	movs	r3, #1
10000ce2:	88be      	ldrh	r6, [r7, #4]
10000ce4:	425b      	negs	r3, r3
10000ce6:	80bb      	strh	r3, [r7, #4]
10000ce8:	b236      	sxth	r6, r6
10000cea:	693b      	ldr	r3, [r7, #16]
10000cec:	f3bf 8f5f 	dmb	sy
10000cf0:	2200      	movs	r2, #0
10000cf2:	601a      	str	r2, [r3, #0]
10000cf4:	f381 8810 	msr	PRIMASK, r1
10000cf8:	2e00      	cmp	r6, #0
10000cfa:	da00      	bge.n	10000cfe <alarm_pool_irq_handler+0x1c2>
10000cfc:	e742      	b.n	10000b84 <alarm_pool_irq_handler+0x48>
10000cfe:	003b      	movs	r3, r7
10000d00:	3308      	adds	r3, #8
10000d02:	003a      	movs	r2, r7
10000d04:	4699      	mov	r9, r3
10000d06:	697d      	ldr	r5, [r7, #20]
10000d08:	0073      	lsls	r3, r6, #1
10000d0a:	199b      	adds	r3, r3, r6
10000d0c:	2408      	movs	r4, #8
10000d0e:	5f11      	ldrsh	r1, [r2, r4]
10000d10:	00db      	lsls	r3, r3, #3
10000d12:	4648      	mov	r0, r9
10000d14:	18eb      	adds	r3, r5, r3
10000d16:	2900      	cmp	r1, #0
10000d18:	db13      	blt.n	10000d42 <alarm_pool_irq_handler+0x206>
10000d1a:	689c      	ldr	r4, [r3, #8]
10000d1c:	9300      	str	r3, [sp, #0]
10000d1e:	46a4      	mov	ip, r4
10000d20:	68dc      	ldr	r4, [r3, #12]
10000d22:	e006      	b.n	10000d32 <alarm_pool_irq_handler+0x1f6>
10000d24:	42a3      	cmp	r3, r4
10000d26:	d040      	beq.n	10000daa <alarm_pool_irq_handler+0x26e>
10000d28:	2300      	movs	r3, #0
10000d2a:	5ef9      	ldrsh	r1, [r7, r3]
10000d2c:	0038      	movs	r0, r7
10000d2e:	2900      	cmp	r1, #0
10000d30:	db06      	blt.n	10000d40 <alarm_pool_irq_handler+0x204>
10000d32:	004f      	lsls	r7, r1, #1
10000d34:	187f      	adds	r7, r7, r1
10000d36:	00ff      	lsls	r7, r7, #3
10000d38:	19ef      	adds	r7, r5, r7
10000d3a:	68fb      	ldr	r3, [r7, #12]
10000d3c:	42a3      	cmp	r3, r4
10000d3e:	ddf1      	ble.n	10000d24 <alarm_pool_irq_handler+0x1e8>
10000d40:	9b00      	ldr	r3, [sp, #0]
10000d42:	8006      	strh	r6, [r0, #0]
10000d44:	2000      	movs	r0, #0
10000d46:	5e1e      	ldrsh	r6, [r3, r0]
10000d48:	8019      	strh	r1, [r3, #0]
10000d4a:	2e00      	cmp	r6, #0
10000d4c:	dadc      	bge.n	10000d08 <alarm_pool_irq_handler+0x1cc>
10000d4e:	0017      	movs	r7, r2
10000d50:	79bb      	ldrb	r3, [r7, #6]
10000d52:	2b00      	cmp	r3, #0
10000d54:	d100      	bne.n	10000d58 <alarm_pool_irq_handler+0x21c>
10000d56:	e719      	b.n	10000b8c <alarm_pool_irq_handler+0x50>
10000d58:	2300      	movs	r3, #0
10000d5a:	71bb      	strb	r3, [r7, #6]
10000d5c:	2308      	movs	r3, #8
10000d5e:	5ef9      	ldrsh	r1, [r7, r3]
10000d60:	1c4b      	adds	r3, r1, #1
10000d62:	d100      	bne.n	10000d66 <alarm_pool_irq_handler+0x22a>
10000d64:	e737      	b.n	10000bd6 <alarm_pool_irq_handler+0x9a>
10000d66:	003d      	movs	r5, r7
10000d68:	3508      	adds	r5, #8
10000d6a:	46ac      	mov	ip, r5
10000d6c:	697c      	ldr	r4, [r7, #20]
10000d6e:	e003      	b.n	10000d78 <alarm_pool_irq_handler+0x23c>
10000d70:	4684      	mov	ip, r0
10000d72:	1c4b      	adds	r3, r1, #1
10000d74:	d100      	bne.n	10000d78 <alarm_pool_irq_handler+0x23c>
10000d76:	e709      	b.n	10000b8c <alarm_pool_irq_handler+0x50>
10000d78:	004b      	lsls	r3, r1, #1
10000d7a:	185b      	adds	r3, r3, r1
10000d7c:	00db      	lsls	r3, r3, #3
10000d7e:	18e0      	adds	r0, r4, r3
10000d80:	000a      	movs	r2, r1
10000d82:	5ee1      	ldrsh	r1, [r4, r3]
10000d84:	8843      	ldrh	r3, [r0, #2]
10000d86:	b21b      	sxth	r3, r3
10000d88:	2b00      	cmp	r3, #0
10000d8a:	daf1      	bge.n	10000d70 <alarm_pool_irq_handler+0x234>
10000d8c:	2501      	movs	r5, #1
10000d8e:	426d      	negs	r5, r5
10000d90:	17ee      	asrs	r6, r5, #31
10000d92:	6085      	str	r5, [r0, #8]
10000d94:	60c6      	str	r6, [r0, #12]
10000d96:	2508      	movs	r5, #8
10000d98:	5f7b      	ldrsh	r3, [r7, r5]
10000d9a:	4293      	cmp	r3, r2
10000d9c:	d0e9      	beq.n	10000d72 <alarm_pool_irq_handler+0x236>
10000d9e:	4663      	mov	r3, ip
10000da0:	8019      	strh	r1, [r3, #0]
10000da2:	893b      	ldrh	r3, [r7, #8]
10000da4:	8003      	strh	r3, [r0, #0]
10000da6:	813a      	strh	r2, [r7, #8]
10000da8:	e7e3      	b.n	10000d72 <alarm_pool_irq_handler+0x236>
10000daa:	68bb      	ldr	r3, [r7, #8]
10000dac:	4563      	cmp	r3, ip
10000dae:	d9bb      	bls.n	10000d28 <alarm_pool_irq_handler+0x1ec>
10000db0:	e7c6      	b.n	10000d40 <alarm_pool_irq_handler+0x204>
10000db2:	1c63      	adds	r3, r4, #1
10000db4:	d000      	beq.n	10000db8 <alarm_pool_irq_handler+0x27c>
10000db6:	e6f7      	b.n	10000ba8 <alarm_pool_irq_handler+0x6c>
10000db8:	e705      	b.n	10000bc6 <alarm_pool_irq_handler+0x8a>
10000dba:	4653      	mov	r3, sl
10000dbc:	4650      	mov	r0, sl
10000dbe:	691b      	ldr	r3, [r3, #16]
10000dc0:	4798      	blx	r3
10000dc2:	2800      	cmp	r0, #0
10000dc4:	d123      	bne.n	10000e0e <alarm_pool_irq_handler+0x2d2>
10000dc6:	464b      	mov	r3, r9
10000dc8:	881b      	ldrh	r3, [r3, #0]
10000dca:	693a      	ldr	r2, [r7, #16]
10000dcc:	813b      	strh	r3, [r7, #8]
10000dce:	f3ef 8310 	mrs	r3, PRIMASK
10000dd2:	b672      	cpsid	i
10000dd4:	6811      	ldr	r1, [r2, #0]
10000dd6:	2900      	cmp	r1, #0
10000dd8:	d0fc      	beq.n	10000dd4 <alarm_pool_irq_handler+0x298>
10000dda:	f3bf 8f5f 	dmb	sy
10000dde:	4649      	mov	r1, r9
10000de0:	887a      	ldrh	r2, [r7, #2]
10000de2:	800a      	strh	r2, [r1, #0]
10000de4:	693a      	ldr	r2, [r7, #16]
10000de6:	807e      	strh	r6, [r7, #2]
10000de8:	f3bf 8f5f 	dmb	sy
10000dec:	2100      	movs	r1, #0
10000dee:	6011      	str	r1, [r2, #0]
10000df0:	f383 8810 	msr	PRIMASK, r3
10000df4:	e6c1      	b.n	10000b7a <alarm_pool_irq_handler+0x3e>
10000df6:	4284      	cmp	r4, r0
10000df8:	d800      	bhi.n	10000dfc <alarm_pool_irq_handler+0x2c0>
10000dfa:	e705      	b.n	10000c08 <alarm_pool_irq_handler+0xcc>
10000dfc:	e6bd      	b.n	10000b7a <alarm_pool_irq_handler+0x3e>
10000dfe:	480b      	ldr	r0, [pc, #44]	@ (10000e2c <alarm_pool_irq_handler+0x2f0>)
10000e00:	f000 faa4 	bl	1000134c <timer_time_us_64>
10000e04:	9b00      	ldr	r3, [sp, #0]
10000e06:	9c01      	ldr	r4, [sp, #4]
10000e08:	18c0      	adds	r0, r0, r3
10000e0a:	4161      	adcs	r1, r4
10000e0c:	e721      	b.n	10000c52 <alarm_pool_irq_handler+0x116>
10000e0e:	4653      	mov	r3, sl
10000e10:	cb0c      	ldmia	r3, {r2, r3}
10000e12:	9200      	str	r2, [sp, #0]
10000e14:	9301      	str	r3, [sp, #4]
10000e16:	e70d      	b.n	10000c34 <alarm_pool_irq_handler+0xf8>
10000e18:	4582      	cmp	sl, r0
10000e1a:	d800      	bhi.n	10000e1e <alarm_pool_irq_handler+0x2e2>
10000e1c:	e747      	b.n	10000cae <alarm_pool_irq_handler+0x172>
10000e1e:	e74c      	b.n	10000cba <alarm_pool_irq_handler+0x17e>
10000e20:	20001c04 	.word	0x20001c04
10000e24:	4005703c 	.word	0x4005703c
10000e28:	10000b3d 	.word	0x10000b3d
10000e2c:	40054000 	.word	0x40054000

10000e30 <runtime_init_default_alarm_pool>:
10000e30:	b570      	push	{r4, r5, r6, lr}
10000e32:	4c2d      	ldr	r4, [pc, #180]	@ (10000ee8 <runtime_init_default_alarm_pool+0xb8>)
10000e34:	6925      	ldr	r5, [r4, #16]
10000e36:	2d00      	cmp	r5, #0
10000e38:	d004      	beq.n	10000e44 <runtime_init_default_alarm_pool+0x14>
10000e3a:	210a      	movs	r1, #10
10000e3c:	482b      	ldr	r0, [pc, #172]	@ (10000eec <runtime_init_default_alarm_pool+0xbc>)
10000e3e:	f7ff fe0f 	bl	10000a60 <lock_init>
10000e42:	bd70      	pop	{r4, r5, r6, pc}
10000e44:	4e2a      	ldr	r6, [pc, #168]	@ (10000ef0 <runtime_init_default_alarm_pool+0xc0>)
10000e46:	2103      	movs	r1, #3
10000e48:	4829      	ldr	r0, [pc, #164]	@ (10000ef0 <runtime_init_default_alarm_pool+0xc0>)
10000e4a:	f000 fa75 	bl	10001338 <timer_hardware_alarm_claim>
10000e4e:	60e6      	str	r6, [r4, #12]
10000e50:	f7ff fc02 	bl	10000658 <next_striped_spin_lock_num>
10000e54:	4b27      	ldr	r3, [pc, #156]	@ (10000ef4 <runtime_init_default_alarm_pool+0xc4>)
10000e56:	2203      	movs	r2, #3
10000e58:	18c0      	adds	r0, r0, r3
10000e5a:	23d0      	movs	r3, #208	@ 0xd0
10000e5c:	7022      	strb	r2, [r4, #0]
10000e5e:	061b      	lsls	r3, r3, #24
10000e60:	681b      	ldr	r3, [r3, #0]
10000e62:	2101      	movs	r1, #1
10000e64:	7063      	strb	r3, [r4, #1]
10000e66:	4b24      	ldr	r3, [pc, #144]	@ (10000ef8 <runtime_init_default_alarm_pool+0xc8>)
10000e68:	0080      	lsls	r0, r0, #2
10000e6a:	60a3      	str	r3, [r4, #8]
10000e6c:	230f      	movs	r3, #15
10000e6e:	6120      	str	r0, [r4, #16]
10000e70:	2002      	movs	r0, #2
10000e72:	8063      	strh	r3, [r4, #2]
10000e74:	6963      	ldr	r3, [r4, #20]
10000e76:	4249      	negs	r1, r1
10000e78:	80a1      	strh	r1, [r4, #4]
10000e7a:	8019      	strh	r1, [r3, #0]
10000e7c:	3102      	adds	r1, #2
10000e7e:	8619      	strh	r1, [r3, #48]	@ 0x30
10000e80:	3147      	adds	r1, #71	@ 0x47
10000e82:	831d      	strh	r5, [r3, #24]
10000e84:	5258      	strh	r0, [r3, r1]
10000e86:	3118      	adds	r1, #24
10000e88:	525a      	strh	r2, [r3, r1]
10000e8a:	3275      	adds	r2, #117	@ 0x75
10000e8c:	395c      	subs	r1, #92	@ 0x5c
10000e8e:	5299      	strh	r1, [r3, r2]
10000e90:	3218      	adds	r2, #24
10000e92:	3101      	adds	r1, #1
10000e94:	5299      	strh	r1, [r3, r2]
10000e96:	3218      	adds	r2, #24
10000e98:	3101      	adds	r1, #1
10000e9a:	5299      	strh	r1, [r3, r2]
10000e9c:	3218      	adds	r2, #24
10000e9e:	3101      	adds	r1, #1
10000ea0:	5299      	strh	r1, [r3, r2]
10000ea2:	3508      	adds	r5, #8
10000ea4:	3218      	adds	r2, #24
10000ea6:	529d      	strh	r5, [r3, r2]
10000ea8:	3102      	adds	r1, #2
10000eaa:	3218      	adds	r2, #24
10000eac:	5299      	strh	r1, [r3, r2]
10000eae:	3218      	adds	r2, #24
10000eb0:	3101      	adds	r1, #1
10000eb2:	5299      	strh	r1, [r3, r2]
10000eb4:	3218      	adds	r2, #24
10000eb6:	3101      	adds	r1, #1
10000eb8:	5299      	strh	r1, [r3, r2]
10000eba:	3218      	adds	r2, #24
10000ebc:	3101      	adds	r1, #1
10000ebe:	5299      	strh	r1, [r3, r2]
10000ec0:	3218      	adds	r2, #24
10000ec2:	3101      	adds	r1, #1
10000ec4:	5299      	strh	r1, [r3, r2]
10000ec6:	3218      	adds	r2, #24
10000ec8:	3101      	adds	r1, #1
10000eca:	5299      	strh	r1, [r3, r2]
10000ecc:	4b0b      	ldr	r3, [pc, #44]	@ (10000efc <runtime_init_default_alarm_pool+0xcc>)
10000ece:	490c      	ldr	r1, [pc, #48]	@ (10000f00 <runtime_init_default_alarm_pool+0xd0>)
10000ed0:	60dc      	str	r4, [r3, #12]
10000ed2:	3001      	adds	r0, #1
10000ed4:	6235      	str	r5, [r6, #32]
10000ed6:	f7ff fc43 	bl	10000760 <irq_set_exclusive_handler>
10000eda:	2101      	movs	r1, #1
10000edc:	2003      	movs	r0, #3
10000ede:	f7ff fc09 	bl	100006f4 <irq_set_enabled>
10000ee2:	4b08      	ldr	r3, [pc, #32]	@ (10000f04 <runtime_init_default_alarm_pool+0xd4>)
10000ee4:	601d      	str	r5, [r3, #0]
10000ee6:	e7a8      	b.n	10000e3a <runtime_init_default_alarm_pool+0xa>
10000ee8:	20000fb0 	.word	0x20000fb0
10000eec:	20001c20 	.word	0x20001c20
10000ef0:	40054000 	.word	0x40054000
10000ef4:	34000040 	.word	0x34000040
10000ef8:	0010ffff 	.word	0x0010ffff
10000efc:	20001c04 	.word	0x20001c04
10000f00:	10000b3d 	.word	0x10000b3d
10000f04:	40056038 	.word	0x40056038

10000f08 <alarm_pool_get_default>:
10000f08:	4800      	ldr	r0, [pc, #0]	@ (10000f0c <alarm_pool_get_default+0x4>)
10000f0a:	4770      	bx	lr
10000f0c:	20000fb0 	.word	0x20000fb0

10000f10 <alarm_pool_add_alarm_at>:
10000f10:	b5f8      	push	{r3, r4, r5, r6, r7, lr}
10000f12:	001f      	movs	r7, r3
10000f14:	ab08      	add	r3, sp, #32
10000f16:	781b      	ldrb	r3, [r3, #0]
10000f18:	0004      	movs	r4, r0
10000f1a:	0016      	movs	r6, r2
10000f1c:	2b00      	cmp	r3, #0
10000f1e:	d107      	bne.n	10000f30 <alarm_pool_add_alarm_at+0x20>
10000f20:	f000 fa1c 	bl	1000135c <time_us_64>
10000f24:	0032      	movs	r2, r6
10000f26:	003b      	movs	r3, r7
10000f28:	1a12      	subs	r2, r2, r0
10000f2a:	418b      	sbcs	r3, r1
10000f2c:	2b00      	cmp	r3, #0
10000f2e:	db51      	blt.n	10000fd4 <alarm_pool_add_alarm_at+0xc4>
10000f30:	6922      	ldr	r2, [r4, #16]
10000f32:	f3ef 8c10 	mrs	ip, PRIMASK
10000f36:	b672      	cpsid	i
10000f38:	6813      	ldr	r3, [r2, #0]
10000f3a:	2b00      	cmp	r3, #0
10000f3c:	d0fc      	beq.n	10000f38 <alarm_pool_add_alarm_at+0x28>
10000f3e:	f3bf 8f5f 	dmb	sy
10000f42:	2302      	movs	r3, #2
10000f44:	5ee1      	ldrsh	r1, [r4, r3]
10000f46:	6925      	ldr	r5, [r4, #16]
10000f48:	2900      	cmp	r1, #0
10000f4a:	db3a      	blt.n	10000fc2 <alarm_pool_add_alarm_at+0xb2>
10000f4c:	004b      	lsls	r3, r1, #1
10000f4e:	6960      	ldr	r0, [r4, #20]
10000f50:	185b      	adds	r3, r3, r1
10000f52:	00db      	lsls	r3, r3, #3
10000f54:	18c2      	adds	r2, r0, r3
10000f56:	5ac3      	ldrh	r3, [r0, r3]
10000f58:	8063      	strh	r3, [r4, #2]
10000f5a:	f3bf 8f5f 	dmb	sy
10000f5e:	2300      	movs	r3, #0
10000f60:	602b      	str	r3, [r5, #0]
10000f62:	f38c 8810 	msr	PRIMASK, ip
10000f66:	9b06      	ldr	r3, [sp, #24]
10000f68:	6096      	str	r6, [r2, #8]
10000f6a:	60d7      	str	r7, [r2, #12]
10000f6c:	6113      	str	r3, [r2, #16]
10000f6e:	9b07      	ldr	r3, [sp, #28]
10000f70:	6153      	str	r3, [r2, #20]
10000f72:	8853      	ldrh	r3, [r2, #2]
10000f74:	3301      	adds	r3, #1
10000f76:	045b      	lsls	r3, r3, #17
10000f78:	0c5b      	lsrs	r3, r3, #17
10000f7a:	1c18      	adds	r0, r3, #0
10000f7c:	2b00      	cmp	r3, #0
10000f7e:	d01e      	beq.n	10000fbe <alarm_pool_add_alarm_at+0xae>
10000f80:	b283      	uxth	r3, r0
10000f82:	8050      	strh	r0, [r2, #2]
10000f84:	0408      	lsls	r0, r1, #16
10000f86:	4318      	orrs	r0, r3
10000f88:	6925      	ldr	r5, [r4, #16]
10000f8a:	f3ef 8610 	mrs	r6, PRIMASK
10000f8e:	b672      	cpsid	i
10000f90:	682b      	ldr	r3, [r5, #0]
10000f92:	2b00      	cmp	r3, #0
10000f94:	d0fc      	beq.n	10000f90 <alarm_pool_add_alarm_at+0x80>
10000f96:	f3bf 8f5f 	dmb	sy
10000f9a:	88a3      	ldrh	r3, [r4, #4]
10000f9c:	8013      	strh	r3, [r2, #0]
10000f9e:	80a1      	strh	r1, [r4, #4]
10000fa0:	6923      	ldr	r3, [r4, #16]
10000fa2:	f3bf 8f5f 	dmb	sy
10000fa6:	2200      	movs	r2, #0
10000fa8:	601a      	str	r2, [r3, #0]
10000faa:	f386 8810 	msr	PRIMASK, r6
10000fae:	7823      	ldrb	r3, [r4, #0]
10000fb0:	3201      	adds	r2, #1
10000fb2:	409a      	lsls	r2, r3
10000fb4:	4908      	ldr	r1, [pc, #32]	@ (10000fd8 <alarm_pool_add_alarm_at+0xc8>)
10000fb6:	68e3      	ldr	r3, [r4, #12]
10000fb8:	185b      	adds	r3, r3, r1
10000fba:	601a      	str	r2, [r3, #0]
10000fbc:	bdf8      	pop	{r3, r4, r5, r6, r7, pc}
10000fbe:	2001      	movs	r0, #1
10000fc0:	e7de      	b.n	10000f80 <alarm_pool_add_alarm_at+0x70>
10000fc2:	f3bf 8f5f 	dmb	sy
10000fc6:	2300      	movs	r3, #0
10000fc8:	602b      	str	r3, [r5, #0]
10000fca:	f38c 8810 	msr	PRIMASK, ip
10000fce:	2001      	movs	r0, #1
10000fd0:	4240      	negs	r0, r0
10000fd2:	e7f3      	b.n	10000fbc <alarm_pool_add_alarm_at+0xac>
10000fd4:	2000      	movs	r0, #0
10000fd6:	e7f1      	b.n	10000fbc <alarm_pool_add_alarm_at+0xac>
10000fd8:	0000203c 	.word	0x0000203c

10000fdc <alarm_pool_add_alarm_at_force_in_context>:
10000fdc:	b570      	push	{r4, r5, r6, lr}
10000fde:	b082      	sub	sp, #8
10000fe0:	9200      	str	r2, [sp, #0]
10000fe2:	9301      	str	r3, [sp, #4]
10000fe4:	0001      	movs	r1, r0
10000fe6:	6902      	ldr	r2, [r0, #16]
10000fe8:	f3ef 8410 	mrs	r4, PRIMASK
10000fec:	b672      	cpsid	i
10000fee:	6813      	ldr	r3, [r2, #0]
10000ff0:	2b00      	cmp	r3, #0
10000ff2:	d0fc      	beq.n	10000fee <alarm_pool_add_alarm_at_force_in_context+0x12>
10000ff4:	f3bf 8f5f 	dmb	sy
10000ff8:	2302      	movs	r3, #2
10000ffa:	5ec8      	ldrsh	r0, [r1, r3]
10000ffc:	690d      	ldr	r5, [r1, #16]
10000ffe:	2800      	cmp	r0, #0
10001000:	db3f      	blt.n	10001082 <alarm_pool_add_alarm_at_force_in_context+0xa6>
10001002:	694a      	ldr	r2, [r1, #20]
10001004:	0043      	lsls	r3, r0, #1
10001006:	0016      	movs	r6, r2
10001008:	181b      	adds	r3, r3, r0
1000100a:	00db      	lsls	r3, r3, #3
1000100c:	18d2      	adds	r2, r2, r3
1000100e:	5af3      	ldrh	r3, [r6, r3]
10001010:	804b      	strh	r3, [r1, #2]
10001012:	f3bf 8f5f 	dmb	sy
10001016:	2300      	movs	r3, #0
10001018:	602b      	str	r3, [r5, #0]
1000101a:	f384 8810 	msr	PRIMASK, r4
1000101e:	9b06      	ldr	r3, [sp, #24]
10001020:	6113      	str	r3, [r2, #16]
10001022:	9b07      	ldr	r3, [sp, #28]
10001024:	6153      	str	r3, [r2, #20]
10001026:	9b00      	ldr	r3, [sp, #0]
10001028:	9c01      	ldr	r4, [sp, #4]
1000102a:	6093      	str	r3, [r2, #8]
1000102c:	60d4      	str	r4, [r2, #12]
1000102e:	8853      	ldrh	r3, [r2, #2]
10001030:	3301      	adds	r3, #1
10001032:	045b      	lsls	r3, r3, #17
10001034:	0c5b      	lsrs	r3, r3, #17
10001036:	1c1d      	adds	r5, r3, #0
10001038:	2b00      	cmp	r3, #0
1000103a:	d020      	beq.n	1000107e <alarm_pool_add_alarm_at_force_in_context+0xa2>
1000103c:	b2ac      	uxth	r4, r5
1000103e:	0403      	lsls	r3, r0, #16
10001040:	8055      	strh	r5, [r2, #2]
10001042:	4323      	orrs	r3, r4
10001044:	690d      	ldr	r5, [r1, #16]
10001046:	f3ef 8c10 	mrs	ip, PRIMASK
1000104a:	b672      	cpsid	i
1000104c:	682c      	ldr	r4, [r5, #0]
1000104e:	2c00      	cmp	r4, #0
10001050:	d0fc      	beq.n	1000104c <alarm_pool_add_alarm_at_force_in_context+0x70>
10001052:	f3bf 8f5f 	dmb	sy
10001056:	888c      	ldrh	r4, [r1, #4]
10001058:	8014      	strh	r4, [r2, #0]
1000105a:	8088      	strh	r0, [r1, #4]
1000105c:	690a      	ldr	r2, [r1, #16]
1000105e:	f3bf 8f5f 	dmb	sy
10001062:	2000      	movs	r0, #0
10001064:	6010      	str	r0, [r2, #0]
10001066:	f38c 8810 	msr	PRIMASK, ip
1000106a:	780a      	ldrb	r2, [r1, #0]
1000106c:	3001      	adds	r0, #1
1000106e:	4090      	lsls	r0, r2
10001070:	68ca      	ldr	r2, [r1, #12]
10001072:	4908      	ldr	r1, [pc, #32]	@ (10001094 <alarm_pool_add_alarm_at_force_in_context+0xb8>)
10001074:	1852      	adds	r2, r2, r1
10001076:	6010      	str	r0, [r2, #0]
10001078:	0018      	movs	r0, r3
1000107a:	b002      	add	sp, #8
1000107c:	bd70      	pop	{r4, r5, r6, pc}
1000107e:	2501      	movs	r5, #1
10001080:	e7dc      	b.n	1000103c <alarm_pool_add_alarm_at_force_in_context+0x60>
10001082:	f3bf 8f5f 	dmb	sy
10001086:	2300      	movs	r3, #0
10001088:	602b      	str	r3, [r5, #0]
1000108a:	f384 8810 	msr	PRIMASK, r4
1000108e:	3b01      	subs	r3, #1
10001090:	e7f2      	b.n	10001078 <alarm_pool_add_alarm_at_force_in_context+0x9c>
10001092:	46c0      	nop			@ (mov r8, r8)
10001094:	0000203c 	.word	0x0000203c

10001098 <alarm_pool_cancel_alarm>:
10001098:	b510      	push	{r4, lr}
1000109a:	8943      	ldrh	r3, [r0, #10]
1000109c:	140a      	asrs	r2, r1, #16
1000109e:	4293      	cmp	r3, r2
100010a0:	dd1a      	ble.n	100010d8 <alarm_pool_cancel_alarm+0x40>
100010a2:	0053      	lsls	r3, r2, #1
100010a4:	189b      	adds	r3, r3, r2
100010a6:	6942      	ldr	r2, [r0, #20]
100010a8:	00db      	lsls	r3, r3, #3
100010aa:	18d3      	adds	r3, r2, r3
100010ac:	6904      	ldr	r4, [r0, #16]
100010ae:	f3ef 8c10 	mrs	ip, PRIMASK
100010b2:	b672      	cpsid	i
100010b4:	6822      	ldr	r2, [r4, #0]
100010b6:	2a00      	cmp	r2, #0
100010b8:	d0fc      	beq.n	100010b4 <alarm_pool_cancel_alarm+0x1c>
100010ba:	f3bf 8f5f 	dmb	sy
100010be:	885a      	ldrh	r2, [r3, #2]
100010c0:	0409      	lsls	r1, r1, #16
100010c2:	b294      	uxth	r4, r2
100010c4:	0c09      	lsrs	r1, r1, #16
100010c6:	428a      	cmp	r2, r1
100010c8:	d008      	beq.n	100010dc <alarm_pool_cancel_alarm+0x44>
100010ca:	6903      	ldr	r3, [r0, #16]
100010cc:	f3bf 8f5f 	dmb	sy
100010d0:	2200      	movs	r2, #0
100010d2:	601a      	str	r2, [r3, #0]
100010d4:	f38c 8810 	msr	PRIMASK, ip
100010d8:	2000      	movs	r0, #0
100010da:	bd10      	pop	{r4, pc}
100010dc:	4a09      	ldr	r2, [pc, #36]	@ (10001104 <alarm_pool_cancel_alarm+0x6c>)
100010de:	4322      	orrs	r2, r4
100010e0:	805a      	strh	r2, [r3, #2]
100010e2:	2301      	movs	r3, #1
100010e4:	6902      	ldr	r2, [r0, #16]
100010e6:	7183      	strb	r3, [r0, #6]
100010e8:	f3bf 8f5f 	dmb	sy
100010ec:	2100      	movs	r1, #0
100010ee:	6011      	str	r1, [r2, #0]
100010f0:	f38c 8810 	msr	PRIMASK, ip
100010f4:	7802      	ldrb	r2, [r0, #0]
100010f6:	4904      	ldr	r1, [pc, #16]	@ (10001108 <alarm_pool_cancel_alarm+0x70>)
100010f8:	4093      	lsls	r3, r2
100010fa:	68c2      	ldr	r2, [r0, #12]
100010fc:	2001      	movs	r0, #1
100010fe:	1852      	adds	r2, r2, r1
10001100:	6013      	str	r3, [r2, #0]
10001102:	e7ea      	b.n	100010da <alarm_pool_cancel_alarm+0x42>
10001104:	ffff8000 	.word	0xffff8000
10001108:	0000203c 	.word	0x0000203c

1000110c <alarm_pool_core_num>:
1000110c:	7840      	ldrb	r0, [r0, #1]
1000110e:	4770      	bx	lr

10001110 <sleep_ms>:
10001110:	b5f0      	push	{r4, r5, r6, r7, lr}
10001112:	46c6      	mov	lr, r8
10001114:	b500      	push	{lr}
10001116:	b082      	sub	sp, #8
10001118:	0004      	movs	r4, r0
1000111a:	f000 f91f 	bl	1000135c <time_us_64>
1000111e:	22fa      	movs	r2, #250	@ 0xfa
10001120:	0006      	movs	r6, r0
10001122:	000f      	movs	r7, r1
10001124:	0020      	movs	r0, r4
10001126:	2300      	movs	r3, #0
10001128:	2100      	movs	r1, #0
1000112a:	0092      	lsls	r2, r2, #2
1000112c:	f001 fad0 	bl	100026d0 <__wrap___aeabi_lmul>
10001130:	1980      	adds	r0, r0, r6
10001132:	4179      	adcs	r1, r7
10001134:	0004      	movs	r4, r0
10001136:	1e0d      	subs	r5, r1, #0
10001138:	da02      	bge.n	10001140 <sleep_ms+0x30>
1000113a:	2401      	movs	r4, #1
1000113c:	4d2e      	ldr	r5, [pc, #184]	@ (100011f8 <sleep_ms+0xe8>)
1000113e:	4264      	negs	r4, r4
10001140:	2606      	movs	r6, #6
10001142:	4276      	negs	r6, r6
10001144:	17f7      	asrs	r7, r6, #31
10001146:	1936      	adds	r6, r6, r4
10001148:	416f      	adcs	r7, r5
1000114a:	42af      	cmp	r7, r5
1000114c:	d814      	bhi.n	10001178 <sleep_ms+0x68>
1000114e:	d011      	beq.n	10001174 <sleep_ms+0x64>
10001150:	f000 f904 	bl	1000135c <time_us_64>
10001154:	0032      	movs	r2, r6
10001156:	003b      	movs	r3, r7
10001158:	1a12      	subs	r2, r2, r0
1000115a:	418b      	sbcs	r3, r1
1000115c:	2b00      	cmp	r3, #0
1000115e:	dc15      	bgt.n	1000118c <sleep_ms+0x7c>
10001160:	2b00      	cmp	r3, #0
10001162:	d046      	beq.n	100011f2 <sleep_ms+0xe2>
10001164:	0020      	movs	r0, r4
10001166:	0029      	movs	r1, r5
10001168:	f000 f938 	bl	100013dc <busy_wait_until>
1000116c:	b002      	add	sp, #8
1000116e:	bc80      	pop	{r7}
10001170:	46b8      	mov	r8, r7
10001172:	bdf0      	pop	{r4, r5, r6, r7, pc}
10001174:	42a6      	cmp	r6, r4
10001176:	d9eb      	bls.n	10001150 <sleep_ms+0x40>
10001178:	2600      	movs	r6, #0
1000117a:	2700      	movs	r7, #0
1000117c:	f000 f8ee 	bl	1000135c <time_us_64>
10001180:	0032      	movs	r2, r6
10001182:	003b      	movs	r3, r7
10001184:	1a12      	subs	r2, r2, r0
10001186:	418b      	sbcs	r3, r1
10001188:	2b00      	cmp	r3, #0
1000118a:	dde9      	ble.n	10001160 <sleep_ms+0x50>
1000118c:	f000 f8e6 	bl	1000135c <time_us_64>
10001190:	0032      	movs	r2, r6
10001192:	003b      	movs	r3, r7
10001194:	1a12      	subs	r2, r2, r0
10001196:	418b      	sbcs	r3, r1
10001198:	2b00      	cmp	r3, #0
1000119a:	db0a      	blt.n	100011b2 <sleep_ms+0xa2>
1000119c:	2300      	movs	r3, #0
1000119e:	9301      	str	r3, [sp, #4]
100011a0:	4b16      	ldr	r3, [pc, #88]	@ (100011fc <sleep_ms+0xec>)
100011a2:	0032      	movs	r2, r6
100011a4:	9300      	str	r3, [sp, #0]
100011a6:	4816      	ldr	r0, [pc, #88]	@ (10001200 <sleep_ms+0xf0>)
100011a8:	003b      	movs	r3, r7
100011aa:	f7ff ff17 	bl	10000fdc <alarm_pool_add_alarm_at_force_in_context>
100011ae:	3001      	adds	r0, #1
100011b0:	d0d8      	beq.n	10001164 <sleep_ms+0x54>
100011b2:	2300      	movs	r3, #0
100011b4:	0039      	movs	r1, r7
100011b6:	46b0      	mov	r8, r6
100011b8:	469c      	mov	ip, r3
100011ba:	4a12      	ldr	r2, [pc, #72]	@ (10001204 <sleep_ms+0xf4>)
100011bc:	4812      	ldr	r0, [pc, #72]	@ (10001208 <sleep_ms+0xf8>)
100011be:	6a53      	ldr	r3, [r2, #36]	@ 0x24
100011c0:	4299      	cmp	r1, r3
100011c2:	d804      	bhi.n	100011ce <sleep_ms+0xbe>
100011c4:	6a96      	ldr	r6, [r2, #40]	@ 0x28
100011c6:	4546      	cmp	r6, r8
100011c8:	d2cc      	bcs.n	10001164 <sleep_ms+0x54>
100011ca:	4299      	cmp	r1, r3
100011cc:	d1ca      	bne.n	10001164 <sleep_ms+0x54>
100011ce:	6806      	ldr	r6, [r0, #0]
100011d0:	f3ef 8710 	mrs	r7, PRIMASK
100011d4:	b672      	cpsid	i
100011d6:	6833      	ldr	r3, [r6, #0]
100011d8:	2b00      	cmp	r3, #0
100011da:	d0fc      	beq.n	100011d6 <sleep_ms+0xc6>
100011dc:	f3bf 8f5f 	dmb	sy
100011e0:	6803      	ldr	r3, [r0, #0]
100011e2:	f3bf 8f5f 	dmb	sy
100011e6:	4666      	mov	r6, ip
100011e8:	601e      	str	r6, [r3, #0]
100011ea:	f387 8810 	msr	PRIMASK, r7
100011ee:	bf20      	wfe
100011f0:	e7e5      	b.n	100011be <sleep_ms+0xae>
100011f2:	2a00      	cmp	r2, #0
100011f4:	d0b6      	beq.n	10001164 <sleep_ms+0x54>
100011f6:	e7c9      	b.n	1000118c <sleep_ms+0x7c>
100011f8:	7fffffff 	.word	0x7fffffff
100011fc:	10000b0d 	.word	0x10000b0d
10001200:	20000fb0 	.word	0x20000fb0
10001204:	40054000 	.word	0x40054000
10001208:	20001c20 	.word	0x20001c20

1000120c <best_effort_wfe_or_timeout>:
1000120c:	b5f0      	push	{r4, r5, r6, r7, lr}
1000120e:	46ce      	mov	lr, r9
10001210:	4647      	mov	r7, r8
10001212:	b580      	push	{r7, lr}
10001214:	0004      	movs	r4, r0
10001216:	000d      	movs	r5, r1
10001218:	b085      	sub	sp, #20
1000121a:	f3ef 8305 	mrs	r3, IPSR
1000121e:	4689      	mov	r9, r1
10001220:	2b00      	cmp	r3, #0
10001222:	d132      	bne.n	1000128a <best_effort_wfe_or_timeout+0x7e>
10001224:	4e40      	ldr	r6, [pc, #256]	@ (10001328 <best_effort_wfe_or_timeout+0x11c>)
10001226:	6833      	ldr	r3, [r6, #0]
10001228:	4283      	cmp	r3, r0
1000122a:	d02a      	beq.n	10001282 <best_effort_wfe_or_timeout+0x76>
1000122c:	4f3f      	ldr	r7, [pc, #252]	@ (1000132c <best_effort_wfe_or_timeout+0x120>)
1000122e:	68fb      	ldr	r3, [r7, #12]
10001230:	783a      	ldrb	r2, [r7, #0]
10001232:	4698      	mov	r8, r3
10001234:	0018      	movs	r0, r3
10001236:	9203      	str	r2, [sp, #12]
10001238:	f000 f888 	bl	1000134c <timer_time_us_64>
1000123c:	9a03      	ldr	r2, [sp, #12]
1000123e:	1d13      	adds	r3, r2, #4
10001240:	4642      	mov	r2, r8
10001242:	009b      	lsls	r3, r3, #2
10001244:	589b      	ldr	r3, [r3, r2]
10001246:	0022      	movs	r2, r4
10001248:	1a1b      	subs	r3, r3, r0
1000124a:	469c      	mov	ip, r3
1000124c:	002b      	movs	r3, r5
1000124e:	1a12      	subs	r2, r2, r0
10001250:	418b      	sbcs	r3, r1
10001252:	0019      	movs	r1, r3
10001254:	2300      	movs	r3, #0
10001256:	0010      	movs	r0, r2
10001258:	428b      	cmp	r3, r1
1000125a:	dc25      	bgt.n	100012a8 <best_effort_wfe_or_timeout+0x9c>
1000125c:	d022      	beq.n	100012a4 <best_effort_wfe_or_timeout+0x98>
1000125e:	bf20      	wfe
10001260:	4b33      	ldr	r3, [pc, #204]	@ (10001330 <best_effort_wfe_or_timeout+0x124>)
10001262:	6a58      	ldr	r0, [r3, #36]	@ 0x24
10001264:	4548      	cmp	r0, r9
10001266:	d32b      	bcc.n	100012c0 <best_effort_wfe_or_timeout+0xb4>
10001268:	1b40      	subs	r0, r0, r5
1000126a:	6a9a      	ldr	r2, [r3, #40]	@ 0x28
1000126c:	1e43      	subs	r3, r0, #1
1000126e:	4198      	sbcs	r0, r3
10001270:	2300      	movs	r3, #0
10001272:	42a2      	cmp	r2, r4
10001274:	415b      	adcs	r3, r3
10001276:	4318      	orrs	r0, r3
10001278:	b005      	add	sp, #20
1000127a:	bcc0      	pop	{r6, r7}
1000127c:	46b9      	mov	r9, r7
1000127e:	46b0      	mov	r8, r6
10001280:	bdf0      	pop	{r4, r5, r6, r7, pc}
10001282:	6873      	ldr	r3, [r6, #4]
10001284:	428b      	cmp	r3, r1
10001286:	d1d1      	bne.n	1000122c <best_effort_wfe_or_timeout+0x20>
10001288:	e7e9      	b.n	1000125e <best_effort_wfe_or_timeout+0x52>
1000128a:	4929      	ldr	r1, [pc, #164]	@ (10001330 <best_effort_wfe_or_timeout+0x124>)
1000128c:	2000      	movs	r0, #0
1000128e:	6a4b      	ldr	r3, [r1, #36]	@ 0x24
10001290:	42ab      	cmp	r3, r5
10001292:	d3f1      	bcc.n	10001278 <best_effort_wfe_or_timeout+0x6c>
10001294:	6a8a      	ldr	r2, [r1, #40]	@ 0x28
10001296:	1b5b      	subs	r3, r3, r5
10001298:	1e59      	subs	r1, r3, #1
1000129a:	418b      	sbcs	r3, r1
1000129c:	42a2      	cmp	r2, r4
1000129e:	4140      	adcs	r0, r0
100012a0:	4318      	orrs	r0, r3
100012a2:	e7e9      	b.n	10001278 <best_effort_wfe_or_timeout+0x6c>
100012a4:	4584      	cmp	ip, r0
100012a6:	d9da      	bls.n	1000125e <best_effort_wfe_or_timeout+0x52>
100012a8:	f000 f858 	bl	1000135c <time_us_64>
100012ac:	0022      	movs	r2, r4
100012ae:	002b      	movs	r3, r5
100012b0:	1a12      	subs	r2, r2, r0
100012b2:	418b      	sbcs	r3, r1
100012b4:	2b00      	cmp	r3, #0
100012b6:	da05      	bge.n	100012c4 <best_effort_wfe_or_timeout+0xb8>
100012b8:	4a1d      	ldr	r2, [pc, #116]	@ (10001330 <best_effort_wfe_or_timeout+0x124>)
100012ba:	6a53      	ldr	r3, [r2, #36]	@ 0x24
100012bc:	454b      	cmp	r3, r9
100012be:	d229      	bcs.n	10001314 <best_effort_wfe_or_timeout+0x108>
100012c0:	2000      	movs	r0, #0
100012c2:	e7d9      	b.n	10001278 <best_effort_wfe_or_timeout+0x6c>
100012c4:	2300      	movs	r3, #0
100012c6:	9301      	str	r3, [sp, #4]
100012c8:	4b1a      	ldr	r3, [pc, #104]	@ (10001334 <best_effort_wfe_or_timeout+0x128>)
100012ca:	0022      	movs	r2, r4
100012cc:	9300      	str	r3, [sp, #0]
100012ce:	0038      	movs	r0, r7
100012d0:	002b      	movs	r3, r5
100012d2:	f7ff fe83 	bl	10000fdc <alarm_pool_add_alarm_at_force_in_context>
100012d6:	2800      	cmp	r0, #0
100012d8:	ddee      	ble.n	100012b8 <best_effort_wfe_or_timeout+0xac>
100012da:	4b15      	ldr	r3, [pc, #84]	@ (10001330 <best_effort_wfe_or_timeout+0x124>)
100012dc:	c630      	stmia	r6!, {r4, r5}
100012de:	6a5a      	ldr	r2, [r3, #36]	@ 0x24
100012e0:	454a      	cmp	r2, r9
100012e2:	d315      	bcc.n	10001310 <best_effort_wfe_or_timeout+0x104>
100012e4:	6a9b      	ldr	r3, [r3, #40]	@ 0x28
100012e6:	42a3      	cmp	r3, r4
100012e8:	d310      	bcc.n	1000130c <best_effort_wfe_or_timeout+0x100>
100012ea:	0001      	movs	r1, r0
100012ec:	0038      	movs	r0, r7
100012ee:	f7ff fed3 	bl	10001098 <alarm_pool_cancel_alarm>
100012f2:	4a0f      	ldr	r2, [pc, #60]	@ (10001330 <best_effort_wfe_or_timeout+0x124>)
100012f4:	2000      	movs	r0, #0
100012f6:	6a53      	ldr	r3, [r2, #36]	@ 0x24
100012f8:	454b      	cmp	r3, r9
100012fa:	d3bd      	bcc.n	10001278 <best_effort_wfe_or_timeout+0x6c>
100012fc:	6a92      	ldr	r2, [r2, #40]	@ 0x28
100012fe:	1b5b      	subs	r3, r3, r5
10001300:	1e59      	subs	r1, r3, #1
10001302:	418b      	sbcs	r3, r1
10001304:	42a2      	cmp	r2, r4
10001306:	4140      	adcs	r0, r0
10001308:	4318      	orrs	r0, r3
1000130a:	e7b5      	b.n	10001278 <best_effort_wfe_or_timeout+0x6c>
1000130c:	454a      	cmp	r2, r9
1000130e:	d1ec      	bne.n	100012ea <best_effort_wfe_or_timeout+0xde>
10001310:	bf20      	wfe
10001312:	e7ea      	b.n	100012ea <best_effort_wfe_or_timeout+0xde>
10001314:	2000      	movs	r0, #0
10001316:	6a92      	ldr	r2, [r2, #40]	@ 0x28
10001318:	1b5b      	subs	r3, r3, r5
1000131a:	42a2      	cmp	r2, r4
1000131c:	4140      	adcs	r0, r0
1000131e:	1e5a      	subs	r2, r3, #1
10001320:	4193      	sbcs	r3, r2
10001322:	4318      	orrs	r0, r3
10001324:	e7a8      	b.n	10001278 <best_effort_wfe_or_timeout+0x6c>
10001326:	46c0      	nop			@ (mov r8, r8)
10001328:	20000fa8 	.word	0x20000fa8
1000132c:	20000fb0 	.word	0x20000fb0
10001330:	40054000 	.word	0x40054000
10001334:	10000b0d 	.word	0x10000b0d

10001338 <timer_hardware_alarm_claim>:
10001338:	b510      	push	{r4, lr}
1000133a:	4a02      	ldr	r2, [pc, #8]	@ (10001344 <timer_hardware_alarm_claim+0xc>)
1000133c:	4802      	ldr	r0, [pc, #8]	@ (10001348 <timer_hardware_alarm_claim+0x10>)
1000133e:	f7ff f91f 	bl	10000580 <hw_claim_or_assert>
10001342:	bd10      	pop	{r4, pc}
10001344:	100069e0 	.word	0x100069e0
10001348:	20001790 	.word	0x20001790

1000134c <timer_time_us_64>:
1000134c:	0003      	movs	r3, r0
1000134e:	6a41      	ldr	r1, [r0, #36]	@ 0x24
10001350:	000a      	movs	r2, r1
10001352:	6a98      	ldr	r0, [r3, #40]	@ 0x28
10001354:	6a59      	ldr	r1, [r3, #36]	@ 0x24
10001356:	428a      	cmp	r2, r1
10001358:	d1fa      	bne.n	10001350 <timer_time_us_64+0x4>
1000135a:	4770      	bx	lr

1000135c <time_us_64>:
1000135c:	4b03      	ldr	r3, [pc, #12]	@ (1000136c <time_us_64+0x10>)
1000135e:	6a59      	ldr	r1, [r3, #36]	@ 0x24
10001360:	000a      	movs	r2, r1
10001362:	6a98      	ldr	r0, [r3, #40]	@ 0x28
10001364:	6a59      	ldr	r1, [r3, #36]	@ 0x24
10001366:	4291      	cmp	r1, r2
10001368:	d1fa      	bne.n	10001360 <time_us_64+0x4>
1000136a:	4770      	bx	lr
1000136c:	40054000 	.word	0x40054000

10001370 <busy_wait_us>:
10001370:	b570      	push	{r4, r5, r6, lr}
10001372:	0005      	movs	r5, r0
10001374:	000e      	movs	r6, r1
10001376:	4a18      	ldr	r2, [pc, #96]	@ (100013d8 <busy_wait_us+0x68>)
10001378:	6a53      	ldr	r3, [r2, #36]	@ 0x24
1000137a:	0019      	movs	r1, r3
1000137c:	6a94      	ldr	r4, [r2, #40]	@ 0x28
1000137e:	6a53      	ldr	r3, [r2, #36]	@ 0x24
10001380:	428b      	cmp	r3, r1
10001382:	d1fa      	bne.n	1000137a <busy_wait_us+0xa>
10001384:	0020      	movs	r0, r4
10001386:	0019      	movs	r1, r3
10001388:	002c      	movs	r4, r5
1000138a:	0035      	movs	r5, r6
1000138c:	1824      	adds	r4, r4, r0
1000138e:	414d      	adcs	r5, r1
10001390:	42ab      	cmp	r3, r5
10001392:	d816      	bhi.n	100013c2 <busy_wait_us+0x52>
10001394:	d013      	beq.n	100013be <busy_wait_us+0x4e>
10001396:	4b10      	ldr	r3, [pc, #64]	@ (100013d8 <busy_wait_us+0x68>)
10001398:	002a      	movs	r2, r5
1000139a:	6a5b      	ldr	r3, [r3, #36]	@ 0x24
1000139c:	429d      	cmp	r5, r3
1000139e:	d903      	bls.n	100013a8 <busy_wait_us+0x38>
100013a0:	490d      	ldr	r1, [pc, #52]	@ (100013d8 <busy_wait_us+0x68>)
100013a2:	6a4b      	ldr	r3, [r1, #36]	@ 0x24
100013a4:	4293      	cmp	r3, r2
100013a6:	d3fc      	bcc.n	100013a2 <busy_wait_us+0x32>
100013a8:	4293      	cmp	r3, r2
100013aa:	d107      	bne.n	100013bc <busy_wait_us+0x4c>
100013ac:	4a0a      	ldr	r2, [pc, #40]	@ (100013d8 <busy_wait_us+0x68>)
100013ae:	e002      	b.n	100013b6 <busy_wait_us+0x46>
100013b0:	6a51      	ldr	r1, [r2, #36]	@ 0x24
100013b2:	4299      	cmp	r1, r3
100013b4:	d102      	bne.n	100013bc <busy_wait_us+0x4c>
100013b6:	6a91      	ldr	r1, [r2, #40]	@ 0x28
100013b8:	42a1      	cmp	r1, r4
100013ba:	d3f9      	bcc.n	100013b0 <busy_wait_us+0x40>
100013bc:	bd70      	pop	{r4, r5, r6, pc}
100013be:	42a0      	cmp	r0, r4
100013c0:	d9e9      	bls.n	10001396 <busy_wait_us+0x26>
100013c2:	4b05      	ldr	r3, [pc, #20]	@ (100013d8 <busy_wait_us+0x68>)
100013c4:	6a5b      	ldr	r3, [r3, #36]	@ 0x24
100013c6:	001c      	movs	r4, r3
100013c8:	1c5a      	adds	r2, r3, #1
100013ca:	d0ef      	beq.n	100013ac <busy_wait_us+0x3c>
100013cc:	2201      	movs	r2, #1
100013ce:	2401      	movs	r4, #1
100013d0:	4264      	negs	r4, r4
100013d2:	17e5      	asrs	r5, r4, #31
100013d4:	4252      	negs	r2, r2
100013d6:	e7e3      	b.n	100013a0 <busy_wait_us+0x30>
100013d8:	40054000 	.word	0x40054000

100013dc <busy_wait_until>:
100013dc:	4a06      	ldr	r2, [pc, #24]	@ (100013f8 <busy_wait_until+0x1c>)
100013de:	6a53      	ldr	r3, [r2, #36]	@ 0x24
100013e0:	4299      	cmp	r1, r3
100013e2:	d8fc      	bhi.n	100013de <busy_wait_until+0x2>
100013e4:	d107      	bne.n	100013f6 <busy_wait_until+0x1a>
100013e6:	4b04      	ldr	r3, [pc, #16]	@ (100013f8 <busy_wait_until+0x1c>)
100013e8:	e002      	b.n	100013f0 <busy_wait_until+0x14>
100013ea:	6a5a      	ldr	r2, [r3, #36]	@ 0x24
100013ec:	4291      	cmp	r1, r2
100013ee:	d102      	bne.n	100013f6 <busy_wait_until+0x1a>
100013f0:	6a9a      	ldr	r2, [r3, #40]	@ 0x28
100013f2:	4290      	cmp	r0, r2
100013f4:	d8f9      	bhi.n	100013ea <busy_wait_until+0xe>
100013f6:	4770      	bx	lr
100013f8:	40054000 	.word	0x40054000

100013fc <clock_configure_int_divider>:
100013fc:	b5f8      	push	{r3, r4, r5, r6, r7, lr}
100013fe:	46de      	mov	lr, fp
10001400:	464e      	mov	r6, r9
10001402:	4645      	mov	r5, r8
10001404:	4657      	mov	r7, sl
10001406:	b5e0      	push	{r5, r6, r7, lr}
10001408:	0005      	movs	r5, r0
1000140a:	468b      	mov	fp, r1
1000140c:	0018      	movs	r0, r3
1000140e:	990a      	ldr	r1, [sp, #40]	@ 0x28
10001410:	4691      	mov	r9, r2
10001412:	f000 fb39 	bl	10001a88 <__wrap___aeabi_uidiv>
10001416:	9b0a      	ldr	r3, [sp, #40]	@ 0x28
10001418:	006c      	lsls	r4, r5, #1
1000141a:	021e      	lsls	r6, r3, #8
1000141c:	1964      	adds	r4, r4, r5
1000141e:	4b30      	ldr	r3, [pc, #192]	@ (100014e0 <clock_configure_int_divider+0xe4>)
10001420:	00a4      	lsls	r4, r4, #2
10001422:	18e4      	adds	r4, r4, r3
10001424:	6863      	ldr	r3, [r4, #4]
10001426:	4680      	mov	r8, r0
10001428:	429e      	cmp	r6, r3
1000142a:	d900      	bls.n	1000142e <clock_configure_int_divider+0x32>
1000142c:	6066      	str	r6, [r4, #4]
1000142e:	1f2f      	subs	r7, r5, #4
10001430:	b2fb      	uxtb	r3, r7
10001432:	469a      	mov	sl, r3
10001434:	2b01      	cmp	r3, #1
10001436:	d92f      	bls.n	10001498 <clock_configure_int_divider+0x9c>
10001438:	23c0      	movs	r3, #192	@ 0xc0
1000143a:	2280      	movs	r2, #128	@ 0x80
1000143c:	4f29      	ldr	r7, [pc, #164]	@ (100014e4 <clock_configure_int_divider+0xe8>)
1000143e:	00ad      	lsls	r5, r5, #2
10001440:	019b      	lsls	r3, r3, #6
10001442:	5979      	ldr	r1, [r7, r5]
10001444:	0112      	lsls	r2, r2, #4
10001446:	18e3      	adds	r3, r4, r3
10001448:	601a      	str	r2, [r3, #0]
1000144a:	2900      	cmp	r1, #0
1000144c:	d11b      	bne.n	10001486 <clock_configure_int_divider+0x8a>
1000144e:	464b      	mov	r3, r9
10001450:	6822      	ldr	r2, [r4, #0]
10001452:	015b      	lsls	r3, r3, #5
10001454:	4053      	eors	r3, r2
10001456:	22e0      	movs	r2, #224	@ 0xe0
10001458:	4013      	ands	r3, r2
1000145a:	2280      	movs	r2, #128	@ 0x80
1000145c:	0152      	lsls	r2, r2, #5
1000145e:	18a2      	adds	r2, r4, r2
10001460:	6013      	str	r3, [r2, #0]
10001462:	4653      	mov	r3, sl
10001464:	2b01      	cmp	r3, #1
10001466:	d92f      	bls.n	100014c8 <clock_configure_int_divider+0xcc>
10001468:	2380      	movs	r3, #128	@ 0x80
1000146a:	2280      	movs	r2, #128	@ 0x80
1000146c:	019b      	lsls	r3, r3, #6
1000146e:	18e3      	adds	r3, r4, r3
10001470:	0112      	lsls	r2, r2, #4
10001472:	601a      	str	r2, [r3, #0]
10001474:	4643      	mov	r3, r8
10001476:	6066      	str	r6, [r4, #4]
10001478:	517b      	str	r3, [r7, r5]
1000147a:	bcf0      	pop	{r4, r5, r6, r7}
1000147c:	46bb      	mov	fp, r7
1000147e:	46b2      	mov	sl, r6
10001480:	46a9      	mov	r9, r5
10001482:	46a0      	mov	r8, r4
10001484:	bdf8      	pop	{r3, r4, r5, r6, r7, pc}
10001486:	6978      	ldr	r0, [r7, #20]
10001488:	f000 fafe 	bl	10001a88 <__wrap___aeabi_uidiv>
1000148c:	3001      	adds	r0, #1
1000148e:	0043      	lsls	r3, r0, #1
10001490:	181b      	adds	r3, r3, r0
10001492:	3b03      	subs	r3, #3
10001494:	d2fd      	bcs.n	10001492 <clock_configure_int_divider+0x96>
10001496:	e7da      	b.n	1000144e <clock_configure_int_divider+0x52>
10001498:	465b      	mov	r3, fp
1000149a:	2b01      	cmp	r3, #1
1000149c:	d1cc      	bne.n	10001438 <clock_configure_int_divider+0x3c>
1000149e:	23c0      	movs	r3, #192	@ 0xc0
100014a0:	2203      	movs	r2, #3
100014a2:	019b      	lsls	r3, r3, #6
100014a4:	18e3      	adds	r3, r4, r3
100014a6:	601a      	str	r2, [r3, #0]
100014a8:	3a02      	subs	r2, #2
100014aa:	68a3      	ldr	r3, [r4, #8]
100014ac:	421a      	tst	r2, r3
100014ae:	d0fc      	beq.n	100014aa <clock_configure_int_divider+0xae>
100014b0:	464a      	mov	r2, r9
100014b2:	6823      	ldr	r3, [r4, #0]
100014b4:	0152      	lsls	r2, r2, #5
100014b6:	405a      	eors	r2, r3
100014b8:	23e0      	movs	r3, #224	@ 0xe0
100014ba:	4013      	ands	r3, r2
100014bc:	2280      	movs	r2, #128	@ 0x80
100014be:	0152      	lsls	r2, r2, #5
100014c0:	18a2      	adds	r2, r4, r2
100014c2:	4f08      	ldr	r7, [pc, #32]	@ (100014e4 <clock_configure_int_divider+0xe8>)
100014c4:	6013      	str	r3, [r2, #0]
100014c6:	00ad      	lsls	r5, r5, #2
100014c8:	4658      	mov	r0, fp
100014ca:	2303      	movs	r3, #3
100014cc:	6821      	ldr	r1, [r4, #0]
100014ce:	4041      	eors	r1, r0
100014d0:	400b      	ands	r3, r1
100014d2:	6013      	str	r3, [r2, #0]
100014d4:	2201      	movs	r2, #1
100014d6:	4082      	lsls	r2, r0
100014d8:	68a3      	ldr	r3, [r4, #8]
100014da:	421a      	tst	r2, r3
100014dc:	d0fc      	beq.n	100014d8 <clock_configure_int_divider+0xdc>
100014de:	e7c3      	b.n	10001468 <clock_configure_int_divider+0x6c>
100014e0:	40008000 	.word	0x40008000
100014e4:	20001794 	.word	0x20001794

100014e8 <clock_configure_undivided>:
100014e8:	b5f0      	push	{r4, r5, r6, r7, lr}
100014ea:	46d6      	mov	lr, sl
100014ec:	464f      	mov	r7, r9
100014ee:	4646      	mov	r6, r8
100014f0:	0044      	lsls	r4, r0, #1
100014f2:	4698      	mov	r8, r3
100014f4:	1824      	adds	r4, r4, r0
100014f6:	4b32      	ldr	r3, [pc, #200]	@ (100015c0 <clock_configure_undivided+0xd8>)
100014f8:	00a4      	lsls	r4, r4, #2
100014fa:	18e4      	adds	r4, r4, r3
100014fc:	6863      	ldr	r3, [r4, #4]
100014fe:	468a      	mov	sl, r1
10001500:	4691      	mov	r9, r2
10001502:	b5c0      	push	{r6, r7, lr}
10001504:	2bff      	cmp	r3, #255	@ 0xff
10001506:	d802      	bhi.n	1000150e <clock_configure_undivided+0x26>
10001508:	2380      	movs	r3, #128	@ 0x80
1000150a:	005b      	lsls	r3, r3, #1
1000150c:	6063      	str	r3, [r4, #4]
1000150e:	1f06      	subs	r6, r0, #4
10001510:	b2f6      	uxtb	r6, r6
10001512:	2e01      	cmp	r6, #1
10001514:	d92f      	bls.n	10001576 <clock_configure_undivided+0x8e>
10001516:	23c0      	movs	r3, #192	@ 0xc0
10001518:	2280      	movs	r2, #128	@ 0x80
1000151a:	4f2a      	ldr	r7, [pc, #168]	@ (100015c4 <clock_configure_undivided+0xdc>)
1000151c:	0085      	lsls	r5, r0, #2
1000151e:	019b      	lsls	r3, r3, #6
10001520:	5979      	ldr	r1, [r7, r5]
10001522:	0112      	lsls	r2, r2, #4
10001524:	18e3      	adds	r3, r4, r3
10001526:	601a      	str	r2, [r3, #0]
10001528:	2900      	cmp	r1, #0
1000152a:	d11b      	bne.n	10001564 <clock_configure_undivided+0x7c>
1000152c:	464b      	mov	r3, r9
1000152e:	6822      	ldr	r2, [r4, #0]
10001530:	015b      	lsls	r3, r3, #5
10001532:	4053      	eors	r3, r2
10001534:	22e0      	movs	r2, #224	@ 0xe0
10001536:	4013      	ands	r3, r2
10001538:	2280      	movs	r2, #128	@ 0x80
1000153a:	0152      	lsls	r2, r2, #5
1000153c:	18a2      	adds	r2, r4, r2
1000153e:	6013      	str	r3, [r2, #0]
10001540:	2e01      	cmp	r6, #1
10001542:	d930      	bls.n	100015a6 <clock_configure_undivided+0xbe>
10001544:	2380      	movs	r3, #128	@ 0x80
10001546:	2280      	movs	r2, #128	@ 0x80
10001548:	019b      	lsls	r3, r3, #6
1000154a:	18e3      	adds	r3, r4, r3
1000154c:	0112      	lsls	r2, r2, #4
1000154e:	601a      	str	r2, [r3, #0]
10001550:	2380      	movs	r3, #128	@ 0x80
10001552:	005b      	lsls	r3, r3, #1
10001554:	6063      	str	r3, [r4, #4]
10001556:	4643      	mov	r3, r8
10001558:	517b      	str	r3, [r7, r5]
1000155a:	bce0      	pop	{r5, r6, r7}
1000155c:	46ba      	mov	sl, r7
1000155e:	46b1      	mov	r9, r6
10001560:	46a8      	mov	r8, r5
10001562:	bdf0      	pop	{r4, r5, r6, r7, pc}
10001564:	6978      	ldr	r0, [r7, #20]
10001566:	f000 fa8f 	bl	10001a88 <__wrap___aeabi_uidiv>
1000156a:	3001      	adds	r0, #1
1000156c:	0043      	lsls	r3, r0, #1
1000156e:	181b      	adds	r3, r3, r0
10001570:	3b03      	subs	r3, #3
10001572:	d2fd      	bcs.n	10001570 <clock_configure_undivided+0x88>
10001574:	e7da      	b.n	1000152c <clock_configure_undivided+0x44>
10001576:	4653      	mov	r3, sl
10001578:	2b01      	cmp	r3, #1
1000157a:	d1cc      	bne.n	10001516 <clock_configure_undivided+0x2e>
1000157c:	23c0      	movs	r3, #192	@ 0xc0
1000157e:	2203      	movs	r2, #3
10001580:	019b      	lsls	r3, r3, #6
10001582:	18e3      	adds	r3, r4, r3
10001584:	601a      	str	r2, [r3, #0]
10001586:	3a02      	subs	r2, #2
10001588:	68a3      	ldr	r3, [r4, #8]
1000158a:	421a      	tst	r2, r3
1000158c:	d0fc      	beq.n	10001588 <clock_configure_undivided+0xa0>
1000158e:	464a      	mov	r2, r9
10001590:	6823      	ldr	r3, [r4, #0]
10001592:	0152      	lsls	r2, r2, #5
10001594:	405a      	eors	r2, r3
10001596:	23e0      	movs	r3, #224	@ 0xe0
10001598:	4013      	ands	r3, r2
1000159a:	2280      	movs	r2, #128	@ 0x80
1000159c:	0152      	lsls	r2, r2, #5
1000159e:	18a2      	adds	r2, r4, r2
100015a0:	4f08      	ldr	r7, [pc, #32]	@ (100015c4 <clock_configure_undivided+0xdc>)
100015a2:	6013      	str	r3, [r2, #0]
100015a4:	0085      	lsls	r5, r0, #2
100015a6:	4650      	mov	r0, sl
100015a8:	2303      	movs	r3, #3
100015aa:	6821      	ldr	r1, [r4, #0]
100015ac:	4041      	eors	r1, r0
100015ae:	400b      	ands	r3, r1
100015b0:	6013      	str	r3, [r2, #0]
100015b2:	2201      	movs	r2, #1
100015b4:	4082      	lsls	r2, r0
100015b6:	68a3      	ldr	r3, [r4, #8]
100015b8:	421a      	tst	r2, r3
100015ba:	d0fc      	beq.n	100015b6 <clock_configure_undivided+0xce>
100015bc:	e7c2      	b.n	10001544 <clock_configure_undivided+0x5c>
100015be:	46c0      	nop			@ (mov r8, r8)
100015c0:	40008000 	.word	0x40008000
100015c4:	20001794 	.word	0x20001794

100015c8 <clock_get_hz>:
100015c8:	4b01      	ldr	r3, [pc, #4]	@ (100015d0 <clock_get_hz+0x8>)
100015ca:	0080      	lsls	r0, r0, #2
100015cc:	58c0      	ldr	r0, [r0, r3]
100015ce:	4770      	bx	lr
100015d0:	20001794 	.word	0x20001794

100015d4 <pll_init>:
100015d4:	b5f0      	push	{r4, r5, r6, r7, lr}
100015d6:	46c6      	mov	lr, r8
100015d8:	0004      	movs	r4, r0
100015da:	b500      	push	{lr}
100015dc:	4823      	ldr	r0, [pc, #140]	@ (1000166c <pll_init+0x98>)
100015de:	0016      	movs	r6, r2
100015e0:	4698      	mov	r8, r3
100015e2:	000d      	movs	r5, r1
100015e4:	f000 fa50 	bl	10001a88 <__wrap___aeabi_uidiv>
100015e8:	0001      	movs	r1, r0
100015ea:	0030      	movs	r0, r6
100015ec:	f000 fa4c 	bl	10001a88 <__wrap___aeabi_uidiv>
100015f0:	4643      	mov	r3, r8
100015f2:	9a06      	ldr	r2, [sp, #24]
100015f4:	041b      	lsls	r3, r3, #16
100015f6:	0312      	lsls	r2, r2, #12
100015f8:	4313      	orrs	r3, r2
100015fa:	469c      	mov	ip, r3
100015fc:	6823      	ldr	r3, [r4, #0]
100015fe:	0006      	movs	r6, r0
10001600:	2b00      	cmp	r3, #0
10001602:	db22      	blt.n	1000164a <pll_init+0x76>
10001604:	4b1a      	ldr	r3, [pc, #104]	@ (10001670 <pll_init+0x9c>)
10001606:	481b      	ldr	r0, [pc, #108]	@ (10001674 <pll_init+0xa0>)
10001608:	18e2      	adds	r2, r4, r3
1000160a:	1e53      	subs	r3, r2, #1
1000160c:	419a      	sbcs	r2, r3
1000160e:	2380      	movs	r3, #128	@ 0x80
10001610:	4252      	negs	r2, r2
10001612:	0b12      	lsrs	r2, r2, #12
10001614:	019b      	lsls	r3, r3, #6
10001616:	0312      	lsls	r2, r2, #12
10001618:	18d2      	adds	r2, r2, r3
1000161a:	4b17      	ldr	r3, [pc, #92]	@ (10001678 <pll_init+0xa4>)
1000161c:	601a      	str	r2, [r3, #0]
1000161e:	4b17      	ldr	r3, [pc, #92]	@ (1000167c <pll_init+0xa8>)
10001620:	601a      	str	r2, [r3, #0]
10001622:	0013      	movs	r3, r2
10001624:	6801      	ldr	r1, [r0, #0]
10001626:	438b      	bics	r3, r1
10001628:	d1fb      	bne.n	10001622 <pll_init+0x4e>
1000162a:	2221      	movs	r2, #33	@ 0x21
1000162c:	4b14      	ldr	r3, [pc, #80]	@ (10001680 <pll_init+0xac>)
1000162e:	6025      	str	r5, [r4, #0]
10001630:	18e3      	adds	r3, r4, r3
10001632:	60a6      	str	r6, [r4, #8]
10001634:	601a      	str	r2, [r3, #0]
10001636:	6822      	ldr	r2, [r4, #0]
10001638:	2a00      	cmp	r2, #0
1000163a:	dafc      	bge.n	10001636 <pll_init+0x62>
1000163c:	4662      	mov	r2, ip
1000163e:	60e2      	str	r2, [r4, #12]
10001640:	2208      	movs	r2, #8
10001642:	601a      	str	r2, [r3, #0]
10001644:	bc80      	pop	{r7}
10001646:	46b8      	mov	r8, r7
10001648:	bdf0      	pop	{r4, r5, r6, r7, pc}
1000164a:	233f      	movs	r3, #63	@ 0x3f
1000164c:	6822      	ldr	r2, [r4, #0]
1000164e:	4013      	ands	r3, r2
10001650:	42ab      	cmp	r3, r5
10001652:	d1d7      	bne.n	10001604 <pll_init+0x30>
10001654:	68a3      	ldr	r3, [r4, #8]
10001656:	051b      	lsls	r3, r3, #20
10001658:	0d1b      	lsrs	r3, r3, #20
1000165a:	4283      	cmp	r3, r0
1000165c:	d1d2      	bne.n	10001604 <pll_init+0x30>
1000165e:	22ee      	movs	r2, #238	@ 0xee
10001660:	68e3      	ldr	r3, [r4, #12]
10001662:	02d2      	lsls	r2, r2, #11
10001664:	4013      	ands	r3, r2
10001666:	4563      	cmp	r3, ip
10001668:	d1cc      	bne.n	10001604 <pll_init+0x30>
1000166a:	e7eb      	b.n	10001644 <pll_init+0x70>
1000166c:	00b71b00 	.word	0x00b71b00
10001670:	bffd4000 	.word	0xbffd4000
10001674:	4000c008 	.word	0x4000c008
10001678:	4000e000 	.word	0x4000e000
1000167c:	4000f000 	.word	0x4000f000
10001680:	00003004 	.word	0x00003004

10001684 <watchdog_reboot>:
10001684:	b510      	push	{r4, lr}
10001686:	2480      	movs	r4, #128	@ 0x80
10001688:	4b1c      	ldr	r3, [pc, #112]	@ (100016fc <watchdog_reboot+0x78>)
1000168a:	05e4      	lsls	r4, r4, #23
1000168c:	601c      	str	r4, [r3, #0]
1000168e:	2800      	cmp	r0, #0
10001690:	d01a      	beq.n	100016c8 <watchdog_reboot+0x44>
10001692:	2301      	movs	r3, #1
10001694:	4c1a      	ldr	r4, [pc, #104]	@ (10001700 <watchdog_reboot+0x7c>)
10001696:	4318      	orrs	r0, r3
10001698:	4b1a      	ldr	r3, [pc, #104]	@ (10001704 <watchdog_reboot+0x80>)
1000169a:	61dc      	str	r4, [r3, #28]
1000169c:	4c1a      	ldr	r4, [pc, #104]	@ (10001708 <watchdog_reboot+0x84>)
1000169e:	4044      	eors	r4, r0
100016a0:	621c      	str	r4, [r3, #32]
100016a2:	6259      	str	r1, [r3, #36]	@ 0x24
100016a4:	6298      	str	r0, [r3, #40]	@ 0x28
100016a6:	2180      	movs	r1, #128	@ 0x80
100016a8:	4b14      	ldr	r3, [pc, #80]	@ (100016fc <watchdog_reboot+0x78>)
100016aa:	05c9      	lsls	r1, r1, #23
100016ac:	6019      	str	r1, [r3, #0]
100016ae:	4817      	ldr	r0, [pc, #92]	@ (1000170c <watchdog_reboot+0x88>)
100016b0:	4917      	ldr	r1, [pc, #92]	@ (10001710 <watchdog_reboot+0x8c>)
100016b2:	6008      	str	r0, [r1, #0]
100016b4:	21e0      	movs	r1, #224	@ 0xe0
100016b6:	04c9      	lsls	r1, r1, #19
100016b8:	6019      	str	r1, [r3, #0]
100016ba:	2a00      	cmp	r2, #0
100016bc:	d107      	bne.n	100016ce <watchdog_reboot+0x4a>
100016be:	2280      	movs	r2, #128	@ 0x80
100016c0:	4b14      	ldr	r3, [pc, #80]	@ (10001714 <watchdog_reboot+0x90>)
100016c2:	0612      	lsls	r2, r2, #24
100016c4:	601a      	str	r2, [r3, #0]
100016c6:	bd10      	pop	{r4, pc}
100016c8:	4b0e      	ldr	r3, [pc, #56]	@ (10001704 <watchdog_reboot+0x80>)
100016ca:	61d8      	str	r0, [r3, #28]
100016cc:	e7eb      	b.n	100016a6 <watchdog_reboot+0x22>
100016ce:	0153      	lsls	r3, r2, #5
100016d0:	1a9b      	subs	r3, r3, r2
100016d2:	009b      	lsls	r3, r3, #2
100016d4:	189a      	adds	r2, r3, r2
100016d6:	2380      	movs	r3, #128	@ 0x80
100016d8:	0112      	lsls	r2, r2, #4
100016da:	045b      	lsls	r3, r3, #17
100016dc:	429a      	cmp	r2, r3
100016de:	d209      	bcs.n	100016f4 <watchdog_reboot+0x70>
100016e0:	0013      	movs	r3, r2
100016e2:	490d      	ldr	r1, [pc, #52]	@ (10001718 <watchdog_reboot+0x94>)
100016e4:	600b      	str	r3, [r1, #0]
100016e6:	4b07      	ldr	r3, [pc, #28]	@ (10001704 <watchdog_reboot+0x80>)
100016e8:	605a      	str	r2, [r3, #4]
100016ea:	2280      	movs	r2, #128	@ 0x80
100016ec:	4b09      	ldr	r3, [pc, #36]	@ (10001714 <watchdog_reboot+0x90>)
100016ee:	05d2      	lsls	r2, r2, #23
100016f0:	601a      	str	r2, [r3, #0]
100016f2:	e7e8      	b.n	100016c6 <watchdog_reboot+0x42>
100016f4:	4b09      	ldr	r3, [pc, #36]	@ (1000171c <watchdog_reboot+0x98>)
100016f6:	001a      	movs	r2, r3
100016f8:	e7f3      	b.n	100016e2 <watchdog_reboot+0x5e>
100016fa:	46c0      	nop			@ (mov r8, r8)
100016fc:	4005b000 	.word	0x4005b000
10001700:	b007c0d3 	.word	0xb007c0d3
10001704:	40058000 	.word	0x40058000
10001708:	4ff83f2d 	.word	0x4ff83f2d
1000170c:	0001fffc 	.word	0x0001fffc
10001710:	40012008 	.word	0x40012008
10001714:	4005a000 	.word	0x4005a000
10001718:	20001bf4 	.word	0x20001bf4
1000171c:	00ffffff 	.word	0x00ffffff

10001720 <tick_start>:
10001720:	2380      	movs	r3, #128	@ 0x80
10001722:	4a02      	ldr	r2, [pc, #8]	@ (1000172c <tick_start+0xc>)
10001724:	009b      	lsls	r3, r3, #2
10001726:	430b      	orrs	r3, r1
10001728:	62d3      	str	r3, [r2, #44]	@ 0x2c
1000172a:	4770      	bx	lr
1000172c:	40058000 	.word	0x40058000

10001730 <rom_func_lookup>:
10001730:	2300      	movs	r3, #0
10001732:	b510      	push	{r4, lr}
10001734:	0001      	movs	r1, r0
10001736:	8a98      	ldrh	r0, [r3, #20]
10001738:	8b1b      	ldrh	r3, [r3, #24]
1000173a:	4798      	blx	r3
1000173c:	bd10      	pop	{r4, pc}
1000173e:	46c0      	nop			@ (mov r8, r8)

10001740 <rom_data_lookup>:
10001740:	2316      	movs	r3, #22
10001742:	b510      	push	{r4, lr}
10001744:	0001      	movs	r1, r0
10001746:	8818      	ldrh	r0, [r3, #0]
10001748:	885b      	ldrh	r3, [r3, #2]
1000174a:	4798      	blx	r3
1000174c:	bd10      	pop	{r4, pc}
1000174e:	46c0      	nop			@ (mov r8, r8)

10001750 <rom_funcs_lookup>:
10001750:	b5f8      	push	{r3, r4, r5, r6, r7, lr}
10001752:	4647      	mov	r7, r8
10001754:	46ce      	mov	lr, r9
10001756:	b580      	push	{r7, lr}
10001758:	1e0f      	subs	r7, r1, #0
1000175a:	d018      	beq.n	1000178e <rom_funcs_lookup+0x3e>
1000175c:	2314      	movs	r3, #20
1000175e:	4699      	mov	r9, r3
10001760:	3304      	adds	r3, #4
10001762:	0004      	movs	r4, r0
10001764:	2500      	movs	r5, #0
10001766:	2601      	movs	r6, #1
10001768:	4698      	mov	r8, r3
1000176a:	464b      	mov	r3, r9
1000176c:	8818      	ldrh	r0, [r3, #0]
1000176e:	4643      	mov	r3, r8
10001770:	6821      	ldr	r1, [r4, #0]
10001772:	881b      	ldrh	r3, [r3, #0]
10001774:	4798      	blx	r3
10001776:	c401      	stmia	r4!, {r0}
10001778:	1e43      	subs	r3, r0, #1
1000177a:	4198      	sbcs	r0, r3
1000177c:	3501      	adds	r5, #1
1000177e:	4006      	ands	r6, r0
10001780:	42af      	cmp	r7, r5
10001782:	d1f2      	bne.n	1000176a <rom_funcs_lookup+0x1a>
10001784:	0030      	movs	r0, r6
10001786:	bcc0      	pop	{r6, r7}
10001788:	46b9      	mov	r9, r7
1000178a:	46b0      	mov	r8, r6
1000178c:	bdf8      	pop	{r3, r4, r5, r6, r7, pc}
1000178e:	2601      	movs	r6, #1
10001790:	e7f8      	b.n	10001784 <rom_funcs_lookup+0x34>
10001792:	46c0      	nop			@ (mov r8, r8)

10001794 <rom_reset_usb_boot_extra>:
10001794:	2300      	movs	r3, #0
10001796:	b570      	push	{r4, r5, r6, lr}
10001798:	0004      	movs	r4, r0
1000179a:	000d      	movs	r5, r1
1000179c:	8a98      	ldrh	r0, [r3, #20]
1000179e:	4905      	ldr	r1, [pc, #20]	@ (100017b4 <rom_reset_usb_boot_extra+0x20>)
100017a0:	8b1b      	ldrh	r3, [r3, #24]
100017a2:	4798      	blx	r3
100017a4:	0003      	movs	r3, r0
100017a6:	2000      	movs	r0, #0
100017a8:	2c00      	cmp	r4, #0
100017aa:	db01      	blt.n	100017b0 <rom_reset_usb_boot_extra+0x1c>
100017ac:	3001      	adds	r0, #1
100017ae:	40a0      	lsls	r0, r4
100017b0:	0029      	movs	r1, r5
100017b2:	4798      	blx	r3
100017b4:	00004255 	.word	0x00004255

100017b8 <xosc_init>:
100017b8:	23aa      	movs	r3, #170	@ 0xaa
100017ba:	4a06      	ldr	r2, [pc, #24]	@ (100017d4 <xosc_init+0x1c>)
100017bc:	011b      	lsls	r3, r3, #4
100017be:	6013      	str	r3, [r2, #0]
100017c0:	238d      	movs	r3, #141	@ 0x8d
100017c2:	005b      	lsls	r3, r3, #1
100017c4:	60d3      	str	r3, [r2, #12]
100017c6:	4904      	ldr	r1, [pc, #16]	@ (100017d8 <xosc_init+0x20>)
100017c8:	4b04      	ldr	r3, [pc, #16]	@ (100017dc <xosc_init+0x24>)
100017ca:	6019      	str	r1, [r3, #0]
100017cc:	6853      	ldr	r3, [r2, #4]
100017ce:	2b00      	cmp	r3, #0
100017d0:	dafc      	bge.n	100017cc <xosc_init+0x14>
100017d2:	4770      	bx	lr
100017d4:	40024000 	.word	0x40024000
100017d8:	00fab000 	.word	0x00fab000
100017dc:	40026000 	.word	0x40026000

100017e0 <first_per_core_initializer>:
100017e0:	4770      	bx	lr
100017e2:	46c0      	nop			@ (mov r8, r8)

100017e4 <hard_assertion_failure>:
100017e4:	b510      	push	{r4, lr}
100017e6:	4801      	ldr	r0, [pc, #4]	@ (100017ec <hard_assertion_failure+0x8>)
100017e8:	f7fe feb2 	bl	10000550 <panic>
100017ec:	10006a04 	.word	0x10006a04

100017f0 <runtime_run_initializers>:
100017f0:	b570      	push	{r4, r5, r6, lr}
100017f2:	4d07      	ldr	r5, [pc, #28]	@ (10001810 <runtime_run_initializers+0x20>)
100017f4:	4e07      	ldr	r6, [pc, #28]	@ (10001814 <runtime_run_initializers+0x24>)
100017f6:	42b5      	cmp	r5, r6
100017f8:	d209      	bcs.n	1000180e <runtime_run_initializers+0x1e>
100017fa:	2400      	movs	r4, #0
100017fc:	3e01      	subs	r6, #1
100017fe:	1b76      	subs	r6, r6, r5
10001800:	08b6      	lsrs	r6, r6, #2
10001802:	3601      	adds	r6, #1
10001804:	cd08      	ldmia	r5!, {r3}
10001806:	3401      	adds	r4, #1
10001808:	4798      	blx	r3
1000180a:	42b4      	cmp	r4, r6
1000180c:	d1fa      	bne.n	10001804 <runtime_run_initializers+0x14>
1000180e:	bd70      	pop	{r4, r5, r6, pc}
10001810:	10006808 	.word	0x10006808
10001814:	10006844 	.word	0x10006844

10001818 <runtime_init_early_resets>:
10001818:	4b05      	ldr	r3, [pc, #20]	@ (10001830 <runtime_init_early_resets+0x18>)
1000181a:	4a06      	ldr	r2, [pc, #24]	@ (10001834 <runtime_init_early_resets+0x1c>)
1000181c:	4906      	ldr	r1, [pc, #24]	@ (10001838 <runtime_init_early_resets+0x20>)
1000181e:	601a      	str	r2, [r3, #0]
10001820:	4a06      	ldr	r2, [pc, #24]	@ (1000183c <runtime_init_early_resets+0x24>)
10001822:	4b07      	ldr	r3, [pc, #28]	@ (10001840 <runtime_init_early_resets+0x28>)
10001824:	601a      	str	r2, [r3, #0]
10001826:	0010      	movs	r0, r2
10001828:	680b      	ldr	r3, [r1, #0]
1000182a:	4398      	bics	r0, r3
1000182c:	d1fb      	bne.n	10001826 <runtime_init_early_resets+0xe>
1000182e:	4770      	bx	lr
10001830:	4000e000 	.word	0x4000e000
10001834:	fefbcdbf 	.word	0xfefbcdbf
10001838:	4000c008 	.word	0x4000c008
1000183c:	003c7ffe 	.word	0x003c7ffe
10001840:	4000f000 	.word	0x4000f000

10001844 <runtime_init_usb_power_down>:
10001844:	4b04      	ldr	r3, [pc, #16]	@ (10001858 <runtime_init_usb_power_down+0x14>)
10001846:	6cdb      	ldr	r3, [r3, #76]	@ 0x4c
10001848:	2b00      	cmp	r3, #0
1000184a:	d103      	bne.n	10001854 <runtime_init_usb_power_down+0x10>
1000184c:	2280      	movs	r2, #128	@ 0x80
1000184e:	4b03      	ldr	r3, [pc, #12]	@ (1000185c <runtime_init_usb_power_down+0x18>)
10001850:	02d2      	lsls	r2, r2, #11
10001852:	601a      	str	r2, [r3, #0]
10001854:	4770      	bx	lr
10001856:	46c0      	nop			@ (mov r8, r8)
10001858:	50110000 	.word	0x50110000
1000185c:	5011204c 	.word	0x5011204c

10001860 <runtime_init_post_clock_resets>:
10001860:	4a04      	ldr	r2, [pc, #16]	@ (10001874 <runtime_init_post_clock_resets+0x14>)
10001862:	4b05      	ldr	r3, [pc, #20]	@ (10001878 <runtime_init_post_clock_resets+0x18>)
10001864:	601a      	str	r2, [r3, #0]
10001866:	4a05      	ldr	r2, [pc, #20]	@ (1000187c <runtime_init_post_clock_resets+0x1c>)
10001868:	6813      	ldr	r3, [r2, #0]
1000186a:	01db      	lsls	r3, r3, #7
1000186c:	3380      	adds	r3, #128	@ 0x80
1000186e:	d1fb      	bne.n	10001868 <runtime_init_post_clock_resets+0x8>
10001870:	4770      	bx	lr
10001872:	46c0      	nop			@ (mov r8, r8)
10001874:	01ffffff 	.word	0x01ffffff
10001878:	4000f000 	.word	0x4000f000
1000187c:	4000c008 	.word	0x4000c008

10001880 <runtime_init_rp2040_gpio_ie_disable>:
10001880:	2240      	movs	r2, #64	@ 0x40
10001882:	4b03      	ldr	r3, [pc, #12]	@ (10001890 <runtime_init_rp2040_gpio_ie_disable+0x10>)
10001884:	679a      	str	r2, [r3, #120]	@ 0x78
10001886:	675a      	str	r2, [r3, #116]	@ 0x74
10001888:	671a      	str	r2, [r3, #112]	@ 0x70
1000188a:	66da      	str	r2, [r3, #108]	@ 0x6c
1000188c:	4770      	bx	lr
1000188e:	46c0      	nop			@ (mov r8, r8)
10001890:	4001f000 	.word	0x4001f000

10001894 <runtime_init_spin_locks_reset>:
10001894:	b510      	push	{r4, lr}
10001896:	f7fe fefb 	bl	10000690 <spin_locks_reset>
1000189a:	bd10      	pop	{r4, pc}

1000189c <runtime_init_install_ram_vector_table>:
1000189c:	b570      	push	{r4, r5, r6, lr}
1000189e:	4927      	ldr	r1, [pc, #156]	@ (1000193c <runtime_init_install_ram_vector_table+0xa0>)
100018a0:	4e27      	ldr	r6, [pc, #156]	@ (10001940 <runtime_init_install_ram_vector_table+0xa4>)
100018a2:	4d28      	ldr	r5, [pc, #160]	@ (10001944 <runtime_init_install_ram_vector_table+0xa8>)
100018a4:	1a76      	subs	r6, r6, r1
100018a6:	08b4      	lsrs	r4, r6, #2
100018a8:	0022      	movs	r2, r4
100018aa:	2c30      	cmp	r4, #48	@ 0x30
100018ac:	d900      	bls.n	100018b0 <runtime_init_install_ram_vector_table+0x14>
100018ae:	2230      	movs	r2, #48	@ 0x30
100018b0:	0028      	movs	r0, r5
100018b2:	0092      	lsls	r2, r2, #2
100018b4:	f000 ff7e 	bl	100027b4 <__wrap___aeabi_memcpy>
100018b8:	2c2f      	cmp	r4, #47	@ 0x2f
100018ba:	d83b      	bhi.n	10001934 <runtime_init_install_ram_vector_table+0x98>
100018bc:	0023      	movs	r3, r4
100018be:	3b2a      	subs	r3, #42	@ 0x2a
100018c0:	4a21      	ldr	r2, [pc, #132]	@ (10001948 <runtime_init_install_ram_vector_table+0xac>)
100018c2:	2b05      	cmp	r3, #5
100018c4:	d91b      	bls.n	100018fe <runtime_init_install_ram_vector_table+0x62>
100018c6:	2030      	movs	r0, #48	@ 0x30
100018c8:	19ae      	adds	r6, r5, r6
100018ca:	0771      	lsls	r1, r6, #29
100018cc:	1b00      	subs	r0, r0, r4
100018ce:	0026      	movs	r6, r4
100018d0:	0fcb      	lsrs	r3, r1, #31
100018d2:	2900      	cmp	r1, #0
100018d4:	da02      	bge.n	100018dc <runtime_init_install_ram_vector_table+0x40>
100018d6:	00a1      	lsls	r1, r4, #2
100018d8:	506a      	str	r2, [r5, r1]
100018da:	1c66      	adds	r6, r4, #1
100018dc:	1ac0      	subs	r0, r0, r3
100018de:	18e3      	adds	r3, r4, r3
100018e0:	009b      	lsls	r3, r3, #2
100018e2:	0841      	lsrs	r1, r0, #1
100018e4:	18eb      	adds	r3, r5, r3
100018e6:	00c9      	lsls	r1, r1, #3
100018e8:	18c9      	adds	r1, r1, r3
100018ea:	601a      	str	r2, [r3, #0]
100018ec:	605a      	str	r2, [r3, #4]
100018ee:	3308      	adds	r3, #8
100018f0:	428b      	cmp	r3, r1
100018f2:	d1fa      	bne.n	100018ea <runtime_init_install_ram_vector_table+0x4e>
100018f4:	2301      	movs	r3, #1
100018f6:	4203      	tst	r3, r0
100018f8:	d01c      	beq.n	10001934 <runtime_init_install_ram_vector_table+0x98>
100018fa:	4398      	bics	r0, r3
100018fc:	1984      	adds	r4, r0, r6
100018fe:	00a3      	lsls	r3, r4, #2
10001900:	50ea      	str	r2, [r5, r3]
10001902:	1c63      	adds	r3, r4, #1
10001904:	2c2f      	cmp	r4, #47	@ 0x2f
10001906:	d015      	beq.n	10001934 <runtime_init_install_ram_vector_table+0x98>
10001908:	009b      	lsls	r3, r3, #2
1000190a:	50ea      	str	r2, [r5, r3]
1000190c:	1ca3      	adds	r3, r4, #2
1000190e:	2c2e      	cmp	r4, #46	@ 0x2e
10001910:	d010      	beq.n	10001934 <runtime_init_install_ram_vector_table+0x98>
10001912:	009b      	lsls	r3, r3, #2
10001914:	50ea      	str	r2, [r5, r3]
10001916:	1ce3      	adds	r3, r4, #3
10001918:	2c2d      	cmp	r4, #45	@ 0x2d
1000191a:	d00b      	beq.n	10001934 <runtime_init_install_ram_vector_table+0x98>
1000191c:	009b      	lsls	r3, r3, #2
1000191e:	50ea      	str	r2, [r5, r3]
10001920:	1d23      	adds	r3, r4, #4
10001922:	2c2c      	cmp	r4, #44	@ 0x2c
10001924:	d006      	beq.n	10001934 <runtime_init_install_ram_vector_table+0x98>
10001926:	009b      	lsls	r3, r3, #2
10001928:	50ea      	str	r2, [r5, r3]
1000192a:	1d63      	adds	r3, r4, #5
1000192c:	2c2b      	cmp	r4, #43	@ 0x2b
1000192e:	d001      	beq.n	10001934 <runtime_init_install_ram_vector_table+0x98>
10001930:	009b      	lsls	r3, r3, #2
10001932:	50ea      	str	r2, [r5, r3]
10001934:	4b05      	ldr	r3, [pc, #20]	@ (1000194c <runtime_init_install_ram_vector_table+0xb0>)
10001936:	609d      	str	r5, [r3, #8]
10001938:	bd70      	pop	{r4, r5, r6, pc}
1000193a:	46c0      	nop			@ (mov r8, r8)
1000193c:	10000100 	.word	0x10000100
10001940:	100001c0 	.word	0x100001c0
10001944:	20000000 	.word	0x20000000
10001948:	100001c1 	.word	0x100001c1
1000194c:	e000ed00 	.word	0xe000ed00

10001950 <runtime_init_clocks>:
10001950:	2300      	movs	r3, #0
10001952:	b510      	push	{r4, lr}
10001954:	4c29      	ldr	r4, [pc, #164]	@ (100019fc <runtime_init_clocks+0xac>)
10001956:	b082      	sub	sp, #8
10001958:	67a3      	str	r3, [r4, #120]	@ 0x78
1000195a:	f7ff ff2d 	bl	100017b8 <xosc_init>
1000195e:	2201      	movs	r2, #1
10001960:	4b27      	ldr	r3, [pc, #156]	@ (10001a00 <runtime_init_clocks+0xb0>)
10001962:	601a      	str	r2, [r3, #0]
10001964:	6c63      	ldr	r3, [r4, #68]	@ 0x44
10001966:	2b01      	cmp	r3, #1
10001968:	d1fc      	bne.n	10001964 <runtime_init_clocks+0x14>
1000196a:	2203      	movs	r2, #3
1000196c:	4b25      	ldr	r3, [pc, #148]	@ (10001a04 <runtime_init_clocks+0xb4>)
1000196e:	601a      	str	r2, [r3, #0]
10001970:	4a22      	ldr	r2, [pc, #136]	@ (100019fc <runtime_init_clocks+0xac>)
10001972:	6b93      	ldr	r3, [r2, #56]	@ 0x38
10001974:	2b01      	cmp	r3, #1
10001976:	d1fc      	bne.n	10001972 <runtime_init_clocks+0x22>
10001978:	3301      	adds	r3, #1
1000197a:	9300      	str	r3, [sp, #0]
1000197c:	2101      	movs	r1, #1
1000197e:	4a22      	ldr	r2, [pc, #136]	@ (10001a08 <runtime_init_clocks+0xb8>)
10001980:	4822      	ldr	r0, [pc, #136]	@ (10001a0c <runtime_init_clocks+0xbc>)
10001982:	3304      	adds	r3, #4
10001984:	f7ff fe26 	bl	100015d4 <pll_init>
10001988:	2305      	movs	r3, #5
1000198a:	2101      	movs	r1, #1
1000198c:	9300      	str	r3, [sp, #0]
1000198e:	4a20      	ldr	r2, [pc, #128]	@ (10001a10 <runtime_init_clocks+0xc0>)
10001990:	4820      	ldr	r0, [pc, #128]	@ (10001a14 <runtime_init_clocks+0xc4>)
10001992:	f7ff fe1f 	bl	100015d4 <pll_init>
10001996:	2200      	movs	r2, #0
10001998:	2102      	movs	r1, #2
1000199a:	2004      	movs	r0, #4
1000199c:	4b1e      	ldr	r3, [pc, #120]	@ (10001a18 <runtime_init_clocks+0xc8>)
1000199e:	f7ff fda3 	bl	100014e8 <clock_configure_undivided>
100019a2:	2200      	movs	r2, #0
100019a4:	2101      	movs	r1, #1
100019a6:	2005      	movs	r0, #5
100019a8:	4b1c      	ldr	r3, [pc, #112]	@ (10001a1c <runtime_init_clocks+0xcc>)
100019aa:	f7ff fd9d 	bl	100014e8 <clock_configure_undivided>
100019ae:	2200      	movs	r2, #0
100019b0:	2100      	movs	r1, #0
100019b2:	2007      	movs	r0, #7
100019b4:	4b1a      	ldr	r3, [pc, #104]	@ (10001a20 <runtime_init_clocks+0xd0>)
100019b6:	f7ff fd97 	bl	100014e8 <clock_configure_undivided>
100019ba:	2200      	movs	r2, #0
100019bc:	2100      	movs	r1, #0
100019be:	2008      	movs	r0, #8
100019c0:	4b17      	ldr	r3, [pc, #92]	@ (10001a20 <runtime_init_clocks+0xd0>)
100019c2:	f7ff fd91 	bl	100014e8 <clock_configure_undivided>
100019c6:	2380      	movs	r3, #128	@ 0x80
100019c8:	00db      	lsls	r3, r3, #3
100019ca:	9300      	str	r3, [sp, #0]
100019cc:	2200      	movs	r2, #0
100019ce:	2100      	movs	r1, #0
100019d0:	2009      	movs	r0, #9
100019d2:	4b13      	ldr	r3, [pc, #76]	@ (10001a20 <runtime_init_clocks+0xd0>)
100019d4:	f7ff fd12 	bl	100013fc <clock_configure_int_divider>
100019d8:	2200      	movs	r2, #0
100019da:	4b10      	ldr	r3, [pc, #64]	@ (10001a1c <runtime_init_clocks+0xcc>)
100019dc:	2100      	movs	r1, #0
100019de:	2006      	movs	r0, #6
100019e0:	f7ff fd82 	bl	100014e8 <clock_configure_undivided>
100019e4:	2004      	movs	r0, #4
100019e6:	f7ff fdef 	bl	100015c8 <clock_get_hz>
100019ea:	490e      	ldr	r1, [pc, #56]	@ (10001a24 <runtime_init_clocks+0xd4>)
100019ec:	f000 f84c 	bl	10001a88 <__wrap___aeabi_uidiv>
100019f0:	0001      	movs	r1, r0
100019f2:	2000      	movs	r0, #0
100019f4:	f7ff fe94 	bl	10001720 <tick_start>
100019f8:	b002      	add	sp, #8
100019fa:	bd10      	pop	{r4, pc}
100019fc:	40008000 	.word	0x40008000
10001a00:	4000b03c 	.word	0x4000b03c
10001a04:	4000b030 	.word	0x4000b030
10001a08:	59682f00 	.word	0x59682f00
10001a0c:	40028000 	.word	0x40028000
10001a10:	47868c00 	.word	0x47868c00
10001a14:	4002c000 	.word	0x4002c000
10001a18:	00b71b00 	.word	0x00b71b00
10001a1c:	07735940 	.word	0x07735940
10001a20:	02dc6c00 	.word	0x02dc6c00
10001a24:	000f4240 	.word	0x000f4240

10001a28 <__aeabi_bits_init>:
10001a28:	4801      	ldr	r0, [pc, #4]	@ (10001a30 <__aeabi_bits_init+0x8>)
10001a2a:	2104      	movs	r1, #4
10001a2c:	4b01      	ldr	r3, [pc, #4]	@ (10001a34 <__aeabi_bits_init+0xc>)
10001a2e:	4718      	bx	r3
10001a30:	20000fd0 	.word	0x20000fd0
10001a34:	10001751 	.word	0x10001751

10001a38 <__wrap___aeabi_idiv>:
10001a38:	4a12      	ldr	r2, [pc, #72]	@ (10001a84 <divmod_s32s32_savestate+0x18>)
10001a3a:	6f93      	ldr	r3, [r2, #120]	@ 0x78
10001a3c:	089b      	lsrs	r3, r3, #2
10001a3e:	d215      	bcs.n	10001a6c <divmod_s32s32_savestate>

10001a40 <divmod_s32s32_core>:
10001a40:	6690      	str	r0, [r2, #104]	@ 0x68
10001a42:	66d1      	str	r1, [r2, #108]	@ 0x6c
10001a44:	2900      	cmp	r1, #0
10001a46:	d005      	beq.n	10001a54 <divmod_s32s32_core+0x14>
10001a48:	e7ff      	b.n	10001a4a <divmod_s32s32_core+0xa>
10001a4a:	e7ff      	b.n	10001a4c <divmod_s32s32_core+0xc>
10001a4c:	e7ff      	b.n	10001a4e <divmod_s32s32_core+0xe>
10001a4e:	6f51      	ldr	r1, [r2, #116]	@ 0x74
10001a50:	6f10      	ldr	r0, [r2, #112]	@ 0x70
10001a52:	4770      	bx	lr
10001a54:	b504      	push	{r2, lr}
10001a56:	2180      	movs	r1, #128	@ 0x80
10001a58:	0609      	lsls	r1, r1, #24
10001a5a:	17c2      	asrs	r2, r0, #31
10001a5c:	4051      	eors	r1, r2
10001a5e:	2800      	cmp	r0, #0
10001a60:	d000      	beq.n	10001a64 <divmod_s32s32_core+0x24>
10001a62:	43c8      	mvns	r0, r1
10001a64:	f004 fea8 	bl	100067b8 <____aeabi_idiv0_veneer>
10001a68:	2100      	movs	r1, #0
10001a6a:	bd04      	pop	{r2, pc}

10001a6c <divmod_s32s32_savestate>:
10001a6c:	b5f0      	push	{r4, r5, r6, r7, lr}
10001a6e:	6e14      	ldr	r4, [r2, #96]	@ 0x60
10001a70:	6e55      	ldr	r5, [r2, #100]	@ 0x64
10001a72:	6f57      	ldr	r7, [r2, #116]	@ 0x74
10001a74:	6f16      	ldr	r6, [r2, #112]	@ 0x70
10001a76:	f7ff ffe3 	bl	10001a40 <divmod_s32s32_core>
10001a7a:	6614      	str	r4, [r2, #96]	@ 0x60
10001a7c:	6655      	str	r5, [r2, #100]	@ 0x64
10001a7e:	6757      	str	r7, [r2, #116]	@ 0x74
10001a80:	6716      	str	r6, [r2, #112]	@ 0x70
10001a82:	bdf0      	pop	{r4, r5, r6, r7, pc}
10001a84:	d0000000 	.word	0xd0000000

10001a88 <__wrap___aeabi_uidiv>:
10001a88:	4a11      	ldr	r2, [pc, #68]	@ (10001ad0 <divmod_u32u32_savestate+0x18>)
10001a8a:	6f93      	ldr	r3, [r2, #120]	@ 0x78
10001a8c:	089b      	lsrs	r3, r3, #2
10001a8e:	d213      	bcs.n	10001ab8 <divmod_u32u32_savestate>

10001a90 <divmod_u32u32_core>:
10001a90:	6610      	str	r0, [r2, #96]	@ 0x60
10001a92:	6651      	str	r1, [r2, #100]	@ 0x64
10001a94:	2900      	cmp	r1, #0
10001a96:	d005      	beq.n	10001aa4 <divmod_u32u32_core+0x14>
10001a98:	e7ff      	b.n	10001a9a <divmod_u32u32_core+0xa>
10001a9a:	e7ff      	b.n	10001a9c <divmod_u32u32_core+0xc>
10001a9c:	e7ff      	b.n	10001a9e <divmod_u32u32_core+0xe>
10001a9e:	6f51      	ldr	r1, [r2, #116]	@ 0x74
10001aa0:	6f10      	ldr	r0, [r2, #112]	@ 0x70
10001aa2:	4770      	bx	lr
10001aa4:	b504      	push	{r2, lr}
10001aa6:	2800      	cmp	r0, #0
10001aa8:	d001      	beq.n	10001aae <divmod_u32u32_core+0x1e>
10001aaa:	2000      	movs	r0, #0
10001aac:	43c0      	mvns	r0, r0
10001aae:	f004 fe83 	bl	100067b8 <____aeabi_idiv0_veneer>
10001ab2:	2100      	movs	r1, #0
10001ab4:	bd04      	pop	{r2, pc}
10001ab6:	46c0      	nop			@ (mov r8, r8)

10001ab8 <divmod_u32u32_savestate>:
10001ab8:	b5f0      	push	{r4, r5, r6, r7, lr}
10001aba:	6e14      	ldr	r4, [r2, #96]	@ 0x60
10001abc:	6e55      	ldr	r5, [r2, #100]	@ 0x64
10001abe:	6f57      	ldr	r7, [r2, #116]	@ 0x74
10001ac0:	6f16      	ldr	r6, [r2, #112]	@ 0x70
10001ac2:	f7ff ffe5 	bl	10001a90 <divmod_u32u32_core>
10001ac6:	6614      	str	r4, [r2, #96]	@ 0x60
10001ac8:	6655      	str	r5, [r2, #100]	@ 0x64
10001aca:	6757      	str	r7, [r2, #116]	@ 0x74
10001acc:	6716      	str	r6, [r2, #112]	@ 0x70
10001ace:	bdf0      	pop	{r4, r5, r6, r7, pc}
10001ad0:	d0000000 	.word	0xd0000000

10001ad4 <__wrap___aeabi_ldivmod>:
10001ad4:	4694      	mov	ip, r2
10001ad6:	4a4a      	ldr	r2, [pc, #296]	@ (10001c00 <udiv0+0x1a>)
10001ad8:	6f92      	ldr	r2, [r2, #120]	@ 0x78
10001ada:	0892      	lsrs	r2, r2, #2
10001adc:	4662      	mov	r2, ip
10001ade:	d201      	bcs.n	10001ae4 <divmod_s64s64_savestate>
10001ae0:	e028      	b.n	10001b34 <divmod_s64s64_unsafe>
10001ae2:	46c0      	nop			@ (mov r8, r8)

10001ae4 <divmod_s64s64_savestate>:
10001ae4:	b5f0      	push	{r4, r5, r6, r7, lr}
10001ae6:	4e46      	ldr	r6, [pc, #280]	@ (10001c00 <udiv0+0x1a>)
10001ae8:	6e34      	ldr	r4, [r6, #96]	@ 0x60
10001aea:	6e75      	ldr	r5, [r6, #100]	@ 0x64
10001aec:	6f77      	ldr	r7, [r6, #116]	@ 0x74
10001aee:	6f36      	ldr	r6, [r6, #112]	@ 0x70
10001af0:	f000 f820 	bl	10001b34 <divmod_s64s64_unsafe>
10001af4:	4694      	mov	ip, r2
10001af6:	4a42      	ldr	r2, [pc, #264]	@ (10001c00 <udiv0+0x1a>)
10001af8:	6614      	str	r4, [r2, #96]	@ 0x60
10001afa:	6655      	str	r5, [r2, #100]	@ 0x64
10001afc:	6757      	str	r7, [r2, #116]	@ 0x74
10001afe:	6716      	str	r6, [r2, #112]	@ 0x70
10001b00:	4662      	mov	r2, ip
10001b02:	bdf0      	pop	{r4, r5, r6, r7, pc}

10001b04 <__wrap___aeabi_uldivmod>:
10001b04:	4694      	mov	ip, r2
10001b06:	4a3e      	ldr	r2, [pc, #248]	@ (10001c00 <udiv0+0x1a>)
10001b08:	6f92      	ldr	r2, [r2, #120]	@ 0x78
10001b0a:	0892      	lsrs	r2, r2, #2
10001b0c:	4662      	mov	r2, ip
10001b0e:	d201      	bcs.n	10001b14 <divmod_u64u64_savestate>
10001b10:	e054      	b.n	10001bbc <divmod_u64u64_unsafe>
10001b12:	46c0      	nop			@ (mov r8, r8)

10001b14 <divmod_u64u64_savestate>:
10001b14:	b5f0      	push	{r4, r5, r6, r7, lr}
10001b16:	4e3a      	ldr	r6, [pc, #232]	@ (10001c00 <udiv0+0x1a>)
10001b18:	6e34      	ldr	r4, [r6, #96]	@ 0x60
10001b1a:	6e75      	ldr	r5, [r6, #100]	@ 0x64
10001b1c:	6f77      	ldr	r7, [r6, #116]	@ 0x74
10001b1e:	6f36      	ldr	r6, [r6, #112]	@ 0x70
10001b20:	f000 f84c 	bl	10001bbc <divmod_u64u64_unsafe>
10001b24:	4694      	mov	ip, r2
10001b26:	4a36      	ldr	r2, [pc, #216]	@ (10001c00 <udiv0+0x1a>)
10001b28:	6614      	str	r4, [r2, #96]	@ 0x60
10001b2a:	6655      	str	r5, [r2, #100]	@ 0x64
10001b2c:	6757      	str	r7, [r2, #116]	@ 0x74
10001b2e:	6716      	str	r6, [r2, #112]	@ 0x70
10001b30:	4662      	mov	r2, ip
10001b32:	bdf0      	pop	{r4, r5, r6, r7, pc}

10001b34 <divmod_s64s64_unsafe>:
10001b34:	2b00      	cmp	r3, #0
10001b36:	db24      	blt.n	10001b82 <l46_1+0x26>
10001b38:	d011      	beq.n	10001b5e <l46_1+0x2>
10001b3a:	2900      	cmp	r1, #0
10001b3c:	da3e      	bge.n	10001bbc <divmod_u64u64_unsafe>
10001b3e:	b500      	push	{lr}
10001b40:	43c9      	mvns	r1, r1
10001b42:	4240      	negs	r0, r0
10001b44:	d100      	bne.n	10001b48 <l44_1>
10001b46:	3101      	adds	r1, #1

10001b48 <l44_1>:
10001b48:	f000 f838 	bl	10001bbc <divmod_u64u64_unsafe>
10001b4c:	43c9      	mvns	r1, r1
10001b4e:	4240      	negs	r0, r0
10001b50:	d100      	bne.n	10001b54 <l45_1>
10001b52:	3101      	adds	r1, #1

10001b54 <l45_1>:
10001b54:	43db      	mvns	r3, r3
10001b56:	4252      	negs	r2, r2
10001b58:	d100      	bne.n	10001b5c <l46_1>
10001b5a:	3301      	adds	r3, #1

10001b5c <l46_1>:
10001b5c:	bd00      	pop	{pc}
10001b5e:	2a00      	cmp	r2, #0
10001b60:	d1eb      	bne.n	10001b3a <divmod_s64s64_unsafe+0x6>
10001b62:	2800      	cmp	r0, #0
10001b64:	d101      	bne.n	10001b6a <l46_1+0xe>
10001b66:	2900      	cmp	r1, #0
10001b68:	d005      	beq.n	10001b76 <l46_1+0x1a>
10001b6a:	2000      	movs	r0, #0
10001b6c:	0fc9      	lsrs	r1, r1, #31
10001b6e:	07c9      	lsls	r1, r1, #31
10001b70:	d101      	bne.n	10001b76 <l46_1+0x1a>
10001b72:	43c0      	mvns	r0, r0
10001b74:	0841      	lsrs	r1, r0, #1
10001b76:	b500      	push	{lr}
10001b78:	f004 fe16 	bl	100067a8 <____aeabi_ldiv0_veneer>
10001b7c:	2200      	movs	r2, #0
10001b7e:	2300      	movs	r3, #0
10001b80:	bd00      	pop	{pc}
10001b82:	b500      	push	{lr}
10001b84:	2900      	cmp	r1, #0
10001b86:	db0a      	blt.n	10001b9e <l48_1+0x2>
10001b88:	43db      	mvns	r3, r3
10001b8a:	4252      	negs	r2, r2
10001b8c:	d100      	bne.n	10001b90 <l47_1>
10001b8e:	3301      	adds	r3, #1

10001b90 <l47_1>:
10001b90:	f000 f814 	bl	10001bbc <divmod_u64u64_unsafe>
10001b94:	43c9      	mvns	r1, r1
10001b96:	4240      	negs	r0, r0
10001b98:	d100      	bne.n	10001b9c <l48_1>
10001b9a:	3101      	adds	r1, #1

10001b9c <l48_1>:
10001b9c:	bd00      	pop	{pc}
10001b9e:	43c9      	mvns	r1, r1
10001ba0:	4240      	negs	r0, r0
10001ba2:	d100      	bne.n	10001ba6 <l49_1>
10001ba4:	3101      	adds	r1, #1

10001ba6 <l49_1>:
10001ba6:	43db      	mvns	r3, r3
10001ba8:	4252      	negs	r2, r2
10001baa:	d100      	bne.n	10001bae <l50_1>
10001bac:	3301      	adds	r3, #1

10001bae <l50_1>:
10001bae:	f000 f805 	bl	10001bbc <divmod_u64u64_unsafe>
10001bb2:	43db      	mvns	r3, r3
10001bb4:	4252      	negs	r2, r2
10001bb6:	d100      	bne.n	10001bba <l51_1>
10001bb8:	3301      	adds	r3, #1

10001bba <l51_1>:
10001bba:	bd00      	pop	{pc}

10001bbc <divmod_u64u64_unsafe>:
10001bbc:	2900      	cmp	r1, #0
10001bbe:	d123      	bne.n	10001c08 <y64>
10001bc0:	2b00      	cmp	r3, #0
10001bc2:	d118      	bne.n	10001bf6 <udiv0+0x10>
10001bc4:	2a00      	cmp	r2, #0
10001bc6:	d00c      	beq.n	10001be2 <divmod_u64u64_unsafe+0x26>
10001bc8:	46bc      	mov	ip, r7
10001bca:	4f0d      	ldr	r7, [pc, #52]	@ (10001c00 <udiv0+0x1a>)
10001bcc:	6638      	str	r0, [r7, #96]	@ 0x60
10001bce:	667a      	str	r2, [r7, #100]	@ 0x64
10001bd0:	2100      	movs	r1, #0
10001bd2:	2300      	movs	r3, #0
10001bd4:	e7ff      	b.n	10001bd6 <divmod_u64u64_unsafe+0x1a>
10001bd6:	e7ff      	b.n	10001bd8 <divmod_u64u64_unsafe+0x1c>
10001bd8:	e7ff      	b.n	10001bda <divmod_u64u64_unsafe+0x1e>
10001bda:	6f7a      	ldr	r2, [r7, #116]	@ 0x74
10001bdc:	6f38      	ldr	r0, [r7, #112]	@ 0x70
10001bde:	4667      	mov	r7, ip
10001be0:	4770      	bx	lr
10001be2:	2800      	cmp	r0, #0
10001be4:	d001      	beq.n	10001bea <udiv0+0x4>

10001be6 <udiv0>:
10001be6:	4807      	ldr	r0, [pc, #28]	@ (10001c04 <udiv0+0x1e>)
10001be8:	0001      	movs	r1, r0
10001bea:	b500      	push	{lr}
10001bec:	f004 fddc 	bl	100067a8 <____aeabi_ldiv0_veneer>
10001bf0:	2200      	movs	r2, #0
10001bf2:	2300      	movs	r3, #0
10001bf4:	bd00      	pop	{pc}
10001bf6:	0002      	movs	r2, r0
10001bf8:	000b      	movs	r3, r1
10001bfa:	2000      	movs	r0, #0
10001bfc:	2100      	movs	r1, #0
10001bfe:	4770      	bx	lr
10001c00:	d0000000 	.word	0xd0000000
10001c04:	ffffffff 	.word	0xffffffff

10001c08 <y64>:
10001c08:	2b00      	cmp	r3, #0
10001c0a:	d000      	beq.n	10001c0e <y64+0x6>
10001c0c:	e0bf      	b.n	10001d8e <y64_x48>
10001c0e:	0c13      	lsrs	r3, r2, #16
10001c10:	d128      	bne.n	10001c64 <y64_x32>
10001c12:	2a00      	cmp	r2, #0
10001c14:	d0e7      	beq.n	10001be6 <udiv0>
10001c16:	b480      	push	{r7}
10001c18:	4f11      	ldr	r7, [pc, #68]	@ (10001c60 <y64+0x58>)
10001c1a:	6639      	str	r1, [r7, #96]	@ 0x60
10001c1c:	667a      	str	r2, [r7, #100]	@ 0x64
10001c1e:	e7ff      	b.n	10001c20 <y64+0x18>
10001c20:	e7ff      	b.n	10001c22 <y64+0x1a>
10001c22:	b430      	push	{r4, r5}
10001c24:	0c04      	lsrs	r4, r0, #16
10001c26:	6f7b      	ldr	r3, [r7, #116]	@ 0x74
10001c28:	6f39      	ldr	r1, [r7, #112]	@ 0x70
10001c2a:	041b      	lsls	r3, r3, #16
10001c2c:	4323      	orrs	r3, r4
10001c2e:	663b      	str	r3, [r7, #96]	@ 0x60
10001c30:	667a      	str	r2, [r7, #100]	@ 0x64
10001c32:	e7ff      	b.n	10001c34 <y64+0x2c>
10001c34:	e7ff      	b.n	10001c36 <y64+0x2e>
10001c36:	e7ff      	b.n	10001c38 <y64+0x30>
10001c38:	46c0      	nop			@ (mov r8, r8)
10001c3a:	b284      	uxth	r4, r0
10001c3c:	6f7b      	ldr	r3, [r7, #116]	@ 0x74
10001c3e:	6f3d      	ldr	r5, [r7, #112]	@ 0x70
10001c40:	041b      	lsls	r3, r3, #16
10001c42:	4323      	orrs	r3, r4
10001c44:	663b      	str	r3, [r7, #96]	@ 0x60
10001c46:	667a      	str	r2, [r7, #100]	@ 0x64
10001c48:	e7ff      	b.n	10001c4a <y64+0x42>
10001c4a:	e7ff      	b.n	10001c4c <y64+0x44>
10001c4c:	46c0      	nop			@ (mov r8, r8)
10001c4e:	2300      	movs	r3, #0
10001c50:	042c      	lsls	r4, r5, #16
10001c52:	0c2d      	lsrs	r5, r5, #16
10001c54:	6f7a      	ldr	r2, [r7, #116]	@ 0x74
10001c56:	6f38      	ldr	r0, [r7, #112]	@ 0x70
10001c58:	1900      	adds	r0, r0, r4
10001c5a:	4169      	adcs	r1, r5
10001c5c:	bcb0      	pop	{r4, r5, r7}
10001c5e:	4770      	bx	lr
10001c60:	d0000000 	.word	0xd0000000

10001c64 <y64_x32>:
10001c64:	b5f0      	push	{r4, r5, r6, r7, lr}
10001c66:	4694      	mov	ip, r2
10001c68:	2500      	movs	r5, #0
10001c6a:	0e14      	lsrs	r4, r2, #24
10001c6c:	d101      	bne.n	10001c72 <y64_x32+0xe>
10001c6e:	0212      	lsls	r2, r2, #8
10001c70:	3508      	adds	r5, #8
10001c72:	0f14      	lsrs	r4, r2, #28
10001c74:	d101      	bne.n	10001c7a <y64_x32+0x16>
10001c76:	0112      	lsls	r2, r2, #4
10001c78:	3504      	adds	r5, #4
10001c7a:	0f94      	lsrs	r4, r2, #30
10001c7c:	d101      	bne.n	10001c82 <y64_x32+0x1e>
10001c7e:	0092      	lsls	r2, r2, #2
10001c80:	3502      	adds	r5, #2
10001c82:	0fd4      	lsrs	r4, r2, #31
10001c84:	d101      	bne.n	10001c8a <y64_x32+0x26>
10001c86:	0052      	lsls	r2, r2, #1
10001c88:	3501      	adds	r5, #1
10001c8a:	0bd4      	lsrs	r4, r2, #15
10001c8c:	3401      	adds	r4, #1
10001c8e:	4f25      	ldr	r7, [pc, #148]	@ (10001d24 <y64_x32+0xc0>)
10001c90:	667c      	str	r4, [r7, #100]	@ 0x64
10001c92:	4c25      	ldr	r4, [pc, #148]	@ (10001d28 <y64_x32+0xc4>)
10001c94:	663c      	str	r4, [r7, #96]	@ 0x60
10001c96:	0c0e      	lsrs	r6, r1, #16
10001c98:	b293      	uxth	r3, r2
10001c9a:	e7ff      	b.n	10001c9c <y64_x32+0x38>
10001c9c:	e7ff      	b.n	10001c9e <y64_x32+0x3a>
10001c9e:	e7ff      	b.n	10001ca0 <y64_x32+0x3c>
10001ca0:	6f3c      	ldr	r4, [r7, #112]	@ 0x70
10001ca2:	4366      	muls	r6, r4
10001ca4:	0c36      	lsrs	r6, r6, #16
10001ca6:	0377      	lsls	r7, r6, #13
10001ca8:	46be      	mov	lr, r7
10001caa:	4373      	muls	r3, r6
10001cac:	0bdf      	lsrs	r7, r3, #15
10001cae:	045b      	lsls	r3, r3, #17
10001cb0:	1ac0      	subs	r0, r0, r3
10001cb2:	41b9      	sbcs	r1, r7
10001cb4:	0c13      	lsrs	r3, r2, #16
10001cb6:	4373      	muls	r3, r6
10001cb8:	18db      	adds	r3, r3, r3
10001cba:	1ac9      	subs	r1, r1, r3
10001cbc:	08ce      	lsrs	r6, r1, #3
10001cbe:	4366      	muls	r6, r4
10001cc0:	0c36      	lsrs	r6, r6, #16
10001cc2:	44b6      	add	lr, r6
10001cc4:	b293      	uxth	r3, r2
10001cc6:	4373      	muls	r3, r6
10001cc8:	0f1f      	lsrs	r7, r3, #28
10001cca:	011b      	lsls	r3, r3, #4
10001ccc:	1ac0      	subs	r0, r0, r3
10001cce:	41b9      	sbcs	r1, r7
10001cd0:	0c13      	lsrs	r3, r2, #16
10001cd2:	4373      	muls	r3, r6
10001cd4:	0b1f      	lsrs	r7, r3, #12
10001cd6:	051b      	lsls	r3, r3, #20
10001cd8:	1ac0      	subs	r0, r0, r3
10001cda:	41b9      	sbcs	r1, r7
10001cdc:	0d86      	lsrs	r6, r0, #22
10001cde:	028f      	lsls	r7, r1, #10
10001ce0:	433e      	orrs	r6, r7
10001ce2:	4366      	muls	r6, r4
10001ce4:	0c36      	lsrs	r6, r6, #16
10001ce6:	2d09      	cmp	r5, #9
10001ce8:	db24      	blt.n	10001d34 <last0>
10001cea:	0a52      	lsrs	r2, r2, #9
10001cec:	4372      	muls	r2, r6
10001cee:	1a80      	subs	r0, r0, r2
10001cf0:	0377      	lsls	r7, r6, #13
10001cf2:	0a46      	lsrs	r6, r0, #9
10001cf4:	4366      	muls	r6, r4
10001cf6:	0c36      	lsrs	r6, r6, #16
10001cf8:	2316      	movs	r3, #22
10001cfa:	1b5b      	subs	r3, r3, r5
10001cfc:	40de      	lsrs	r6, r3
10001cfe:	40df      	lsrs	r7, r3
10001d00:	19bf      	adds	r7, r7, r6
10001d02:	4664      	mov	r4, ip
10001d04:	4366      	muls	r6, r4
10001d06:	1b82      	subs	r2, r0, r6
10001d08:	4670      	mov	r0, lr
10001d0a:	3504      	adds	r5, #4
10001d0c:	3306      	adds	r3, #6
10001d0e:	0001      	movs	r1, r0
10001d10:	40d9      	lsrs	r1, r3
10001d12:	40a8      	lsls	r0, r5
10001d14:	19c0      	adds	r0, r0, r7
10001d16:	d300      	bcc.n	10001d1a <y64_x32+0xb6>
10001d18:	3101      	adds	r1, #1
10001d1a:	42a2      	cmp	r2, r4
10001d1c:	d206      	bcs.n	10001d2c <y64_x32+0xc8>
10001d1e:	2300      	movs	r3, #0
10001d20:	bdf0      	pop	{r4, r5, r6, r7, pc}
10001d22:	0000      	.short	0x0000
10001d24:	d0000000 	.word	0xd0000000
10001d28:	ffffffff 	.word	0xffffffff
10001d2c:	1b12      	subs	r2, r2, r4
10001d2e:	3001      	adds	r0, #1
10001d30:	d3f3      	bcc.n	10001d1a <y64_x32+0xb6>
10001d32:	e7f1      	b.n	10001d18 <y64_x32+0xb4>

10001d34 <last0>:
10001d34:	2709      	movs	r7, #9
10001d36:	1b7f      	subs	r7, r7, r5
10001d38:	40fe      	lsrs	r6, r7
10001d3a:	4664      	mov	r4, ip
10001d3c:	b2a2      	uxth	r2, r4
10001d3e:	4372      	muls	r2, r6
10001d40:	1a80      	subs	r0, r0, r2
10001d42:	d200      	bcs.n	10001d46 <last0+0x12>
10001d44:	3901      	subs	r1, #1
10001d46:	0c22      	lsrs	r2, r4, #16
10001d48:	4372      	muls	r2, r6
10001d4a:	0c13      	lsrs	r3, r2, #16
10001d4c:	0412      	lsls	r2, r2, #16
10001d4e:	1a82      	subs	r2, r0, r2
10001d50:	4199      	sbcs	r1, r3
10001d52:	000b      	movs	r3, r1
10001d54:	4670      	mov	r0, lr
10001d56:	3504      	adds	r5, #4
10001d58:	3713      	adds	r7, #19
10001d5a:	0001      	movs	r1, r0
10001d5c:	40f9      	lsrs	r1, r7
10001d5e:	40a8      	lsls	r0, r5
10001d60:	1980      	adds	r0, r0, r6
10001d62:	d300      	bcc.n	10001d66 <last0+0x32>
10001d64:	3101      	adds	r1, #1
10001d66:	2b00      	cmp	r3, #0
10001d68:	d102      	bne.n	10001d70 <last0+0x3c>
10001d6a:	42a2      	cmp	r2, r4
10001d6c:	d20a      	bcs.n	10001d84 <last0+0x50>
10001d6e:	bdf0      	pop	{r4, r5, r6, r7, pc}
10001d70:	3001      	adds	r0, #1
10001d72:	d300      	bcc.n	10001d76 <last0+0x42>
10001d74:	3101      	adds	r1, #1
10001d76:	1b12      	subs	r2, r2, r4
10001d78:	d2fa      	bcs.n	10001d70 <last0+0x3c>
10001d7a:	3b01      	subs	r3, #1
10001d7c:	d1f8      	bne.n	10001d70 <last0+0x3c>
10001d7e:	42a2      	cmp	r2, r4
10001d80:	d200      	bcs.n	10001d84 <last0+0x50>
10001d82:	bdf0      	pop	{r4, r5, r6, r7, pc}
10001d84:	3001      	adds	r0, #1
10001d86:	d300      	bcc.n	10001d8a <last0+0x56>
10001d88:	3101      	adds	r1, #1
10001d8a:	1b12      	subs	r2, r2, r4
10001d8c:	e7f7      	b.n	10001d7e <last0+0x4a>

10001d8e <y64_x48>:
10001d8e:	b5f0      	push	{r4, r5, r6, r7, lr}
10001d90:	0c1c      	lsrs	r4, r3, #16
10001d92:	d000      	beq.n	10001d96 <y64_x48+0x8>
10001d94:	e080      	b.n	10001e98 <y64_x64>
10001d96:	b40c      	push	{r2, r3}
10001d98:	2500      	movs	r5, #0
10001d9a:	0a1c      	lsrs	r4, r3, #8
10001d9c:	d104      	bne.n	10001da8 <y64_x48+0x1a>
10001d9e:	021b      	lsls	r3, r3, #8
10001da0:	0e16      	lsrs	r6, r2, #24
10001da2:	4333      	orrs	r3, r6
10001da4:	0212      	lsls	r2, r2, #8
10001da6:	3508      	adds	r5, #8
10001da8:	0b1c      	lsrs	r4, r3, #12
10001daa:	d104      	bne.n	10001db6 <y64_x48+0x28>
10001dac:	011b      	lsls	r3, r3, #4
10001dae:	0f16      	lsrs	r6, r2, #28
10001db0:	4333      	orrs	r3, r6
10001db2:	0112      	lsls	r2, r2, #4
10001db4:	3504      	adds	r5, #4
10001db6:	0b9c      	lsrs	r4, r3, #14
10001db8:	d104      	bne.n	10001dc4 <y64_x48+0x36>
10001dba:	009b      	lsls	r3, r3, #2
10001dbc:	0f96      	lsrs	r6, r2, #30
10001dbe:	4333      	orrs	r3, r6
10001dc0:	0092      	lsls	r2, r2, #2
10001dc2:	3502      	adds	r5, #2
10001dc4:	0bdc      	lsrs	r4, r3, #15
10001dc6:	d102      	bne.n	10001dce <y64_x48+0x40>
10001dc8:	1892      	adds	r2, r2, r2
10001dca:	415b      	adcs	r3, r3
10001dcc:	3501      	adds	r5, #1
10001dce:	001c      	movs	r4, r3
10001dd0:	1897      	adds	r7, r2, r2
10001dd2:	4164      	adcs	r4, r4
10001dd4:	3401      	adds	r4, #1
10001dd6:	4f46      	ldr	r7, [pc, #280]	@ (10001ef0 <y64_x64+0x58>)
10001dd8:	667c      	str	r4, [r7, #100]	@ 0x64
10001dda:	4c46      	ldr	r4, [pc, #280]	@ (10001ef4 <y64_x64+0x5c>)
10001ddc:	663c      	str	r4, [r7, #96]	@ 0x60
10001dde:	0c0e      	lsrs	r6, r1, #16
10001de0:	e7ff      	b.n	10001de2 <y64_x48+0x54>
10001de2:	e7ff      	b.n	10001de4 <y64_x48+0x56>
10001de4:	e7ff      	b.n	10001de6 <y64_x48+0x58>
10001de6:	46c0      	nop			@ (mov r8, r8)
10001de8:	6f3c      	ldr	r4, [r7, #112]	@ 0x70
10001dea:	4366      	muls	r6, r4
10001dec:	0c36      	lsrs	r6, r6, #16
10001dee:	0377      	lsls	r7, r6, #13
10001df0:	46be      	mov	lr, r7
10001df2:	b297      	uxth	r7, r2
10001df4:	4377      	muls	r7, r6
10001df6:	1bc0      	subs	r0, r0, r7
10001df8:	d200      	bcs.n	10001dfc <y64_x48+0x6e>
10001dfa:	3901      	subs	r1, #1
10001dfc:	1bc0      	subs	r0, r0, r7
10001dfe:	d200      	bcs.n	10001e02 <y64_x48+0x74>
10001e00:	3901      	subs	r1, #1
10001e02:	b29f      	uxth	r7, r3
10001e04:	4377      	muls	r7, r6
10001e06:	1bc9      	subs	r1, r1, r7
10001e08:	1bc9      	subs	r1, r1, r7
10001e0a:	0c17      	lsrs	r7, r2, #16
10001e0c:	4377      	muls	r7, r6
10001e0e:	047e      	lsls	r6, r7, #17
10001e10:	0bff      	lsrs	r7, r7, #15
10001e12:	1b80      	subs	r0, r0, r6
10001e14:	41b9      	sbcs	r1, r7
10001e16:	08ce      	lsrs	r6, r1, #3
10001e18:	4366      	muls	r6, r4
10001e1a:	0c36      	lsrs	r6, r6, #16
10001e1c:	2d0c      	cmp	r5, #12
10001e1e:	db33      	blt.n	10001e88 <last1>
10001e20:	44b6      	add	lr, r6
10001e22:	0b12      	lsrs	r2, r2, #12
10001e24:	051f      	lsls	r7, r3, #20
10001e26:	433a      	orrs	r2, r7
10001e28:	0b1b      	lsrs	r3, r3, #12
10001e2a:	b297      	uxth	r7, r2
10001e2c:	4377      	muls	r7, r6
10001e2e:	1bc0      	subs	r0, r0, r7
10001e30:	d200      	bcs.n	10001e34 <y64_x48+0xa6>
10001e32:	3901      	subs	r1, #1
10001e34:	b29f      	uxth	r7, r3
10001e36:	4377      	muls	r7, r6
10001e38:	1bc9      	subs	r1, r1, r7
10001e3a:	0c17      	lsrs	r7, r2, #16
10001e3c:	4377      	muls	r7, r6
10001e3e:	043e      	lsls	r6, r7, #16
10001e40:	0c3f      	lsrs	r7, r7, #16
10001e42:	1b80      	subs	r0, r0, r6
10001e44:	41b9      	sbcs	r1, r7
10001e46:	0d86      	lsrs	r6, r0, #22
10001e48:	028f      	lsls	r7, r1, #10
10001e4a:	433e      	orrs	r6, r7
10001e4c:	4366      	muls	r6, r4
10001e4e:	2729      	movs	r7, #41	@ 0x29
10001e50:	1b7f      	subs	r7, r7, r5
10001e52:	40fe      	lsrs	r6, r7
10001e54:	3d0c      	subs	r5, #12
10001e56:	4677      	mov	r7, lr
10001e58:	40af      	lsls	r7, r5
10001e5a:	19bf      	adds	r7, r7, r6
10001e5c:	bc30      	pop	{r4, r5}
10001e5e:	b2a2      	uxth	r2, r4
10001e60:	b2ab      	uxth	r3, r5
10001e62:	4372      	muls	r2, r6
10001e64:	4373      	muls	r3, r6
10001e66:	1a80      	subs	r0, r0, r2
10001e68:	4199      	sbcs	r1, r3
10001e6a:	0c22      	lsrs	r2, r4, #16
10001e6c:	4372      	muls	r2, r6
10001e6e:	0c13      	lsrs	r3, r2, #16
10001e70:	0412      	lsls	r2, r2, #16
10001e72:	1a80      	subs	r0, r0, r2
10001e74:	4199      	sbcs	r1, r3
10001e76:	0002      	movs	r2, r0
10001e78:	000b      	movs	r3, r1
10001e7a:	3701      	adds	r7, #1
10001e7c:	1b00      	subs	r0, r0, r4
10001e7e:	41a9      	sbcs	r1, r5
10001e80:	d2f9      	bcs.n	10001e76 <y64_x48+0xe8>
10001e82:	1e78      	subs	r0, r7, #1
10001e84:	2100      	movs	r1, #0
10001e86:	bdf0      	pop	{r4, r5, r6, r7, pc}

10001e88 <last1>:
10001e88:	270c      	movs	r7, #12
10001e8a:	1b7f      	subs	r7, r7, r5
10001e8c:	40fe      	lsrs	r6, r7
10001e8e:	4677      	mov	r7, lr
10001e90:	0b7f      	lsrs	r7, r7, #13
10001e92:	40af      	lsls	r7, r5
10001e94:	19ff      	adds	r7, r7, r7
10001e96:	e7e0      	b.n	10001e5a <y64_x48+0xcc>

10001e98 <y64_x64>:
10001e98:	2400      	movs	r4, #0
10001e9a:	1c5d      	adds	r5, r3, #1
10001e9c:	d007      	beq.n	10001eae <y64_x64+0x16>
10001e9e:	4f14      	ldr	r7, [pc, #80]	@ (10001ef0 <y64_x64+0x58>)
10001ea0:	667d      	str	r5, [r7, #100]	@ 0x64
10001ea2:	6639      	str	r1, [r7, #96]	@ 0x60
10001ea4:	e7ff      	b.n	10001ea6 <y64_x64+0xe>
10001ea6:	e7ff      	b.n	10001ea8 <y64_x64+0x10>
10001ea8:	e7ff      	b.n	10001eaa <y64_x64+0x12>
10001eaa:	e7ff      	b.n	10001eac <y64_x64+0x14>
10001eac:	6f3c      	ldr	r4, [r7, #112]	@ 0x70
10001eae:	b295      	uxth	r5, r2
10001eb0:	b29e      	uxth	r6, r3
10001eb2:	4365      	muls	r5, r4
10001eb4:	4366      	muls	r6, r4
10001eb6:	1b40      	subs	r0, r0, r5
10001eb8:	41b1      	sbcs	r1, r6
10001eba:	0c15      	lsrs	r5, r2, #16
10001ebc:	0c1e      	lsrs	r6, r3, #16
10001ebe:	4365      	muls	r5, r4
10001ec0:	4366      	muls	r6, r4
10001ec2:	0436      	lsls	r6, r6, #16
10001ec4:	0c2f      	lsrs	r7, r5, #16
10001ec6:	433e      	orrs	r6, r7
10001ec8:	042d      	lsls	r5, r5, #16
10001eca:	1b40      	subs	r0, r0, r5
10001ecc:	41b1      	sbcs	r1, r6
10001ece:	4299      	cmp	r1, r3
10001ed0:	d204      	bcs.n	10001edc <y64_x64+0x44>
10001ed2:	0002      	movs	r2, r0
10001ed4:	000b      	movs	r3, r1
10001ed6:	0020      	movs	r0, r4
10001ed8:	2100      	movs	r1, #0
10001eda:	bdf0      	pop	{r4, r5, r6, r7, pc}
10001edc:	d101      	bne.n	10001ee2 <y64_x64+0x4a>
10001ede:	4290      	cmp	r0, r2
10001ee0:	d3f7      	bcc.n	10001ed2 <y64_x64+0x3a>
10001ee2:	1a80      	subs	r0, r0, r2
10001ee4:	4199      	sbcs	r1, r3
10001ee6:	3401      	adds	r4, #1
10001ee8:	4299      	cmp	r1, r3
10001eea:	d3f2      	bcc.n	10001ed2 <y64_x64+0x3a>
10001eec:	e7f6      	b.n	10001edc <y64_x64+0x44>
10001eee:	0000      	.short	0x0000
10001ef0:	d0000000 	.word	0xd0000000
10001ef4:	ffffffff 	.word	0xffffffff

10001ef8 <__wrap___aeabi_drsub>:
10001ef8:	4048      	eors	r0, r1
10001efa:	4041      	eors	r1, r0
10001efc:	4048      	eors	r0, r1

10001efe <__wrap___aeabi_dsub>:
10001efe:	b418      	push	{r3, r4}
10001f00:	4b1b      	ldr	r3, [pc, #108]	@ (10001f70 <__wrap___aeabi_dmul+0x12>)
10001f02:	685b      	ldr	r3, [r3, #4]
10001f04:	46fc      	mov	ip, pc
10001f06:	9301      	str	r3, [sp, #4]
10001f08:	bd08      	pop	{r3, pc}
10001f0a:	df04      	.short	0xdf04
10001f0c:	100021a3 	.word	0x100021a3

10001f10 <__wrap___aeabi_dadd>:
10001f10:	b418      	push	{r3, r4}
10001f12:	4b17      	ldr	r3, [pc, #92]	@ (10001f70 <__wrap___aeabi_dmul+0x12>)
10001f14:	681b      	ldr	r3, [r3, #0]
10001f16:	46fc      	mov	ip, pc
10001f18:	9301      	str	r3, [sp, #4]
10001f1a:	bd08      	pop	{r3, pc}
10001f1c:	21addf00 	.word	0x21addf00
10001f20:	1000      	.short	0x1000

10001f22 <__wrap___aeabi_ddiv>:
10001f22:	4694      	mov	ip, r2
10001f24:	4a13      	ldr	r2, [pc, #76]	@ (10001f74 <__wrap___aeabi_dmul+0x16>)
10001f26:	6f92      	ldr	r2, [r2, #120]	@ 0x78
10001f28:	0892      	lsrs	r2, r2, #2
10001f2a:	d209      	bcs.n	10001f40 <ddiv_save_state>
10001f2c:	4662      	mov	r2, ip

10001f2e <ddiv_shim_call>:
10001f2e:	b418      	push	{r3, r4}
10001f30:	4b0f      	ldr	r3, [pc, #60]	@ (10001f70 <__wrap___aeabi_dmul+0x12>)
10001f32:	68db      	ldr	r3, [r3, #12]
10001f34:	46fc      	mov	ip, pc
10001f36:	9301      	str	r3, [sp, #4]
10001f38:	bd08      	pop	{r3, pc}
10001f3a:	df0c      	.short	0xdf0c
10001f3c:	10002465 	.word	0x10002465

10001f40 <ddiv_save_state>:
10001f40:	4a0c      	ldr	r2, [pc, #48]	@ (10001f74 <__wrap___aeabi_dmul+0x16>)
10001f42:	b5f0      	push	{r4, r5, r6, r7, lr}
10001f44:	6e14      	ldr	r4, [r2, #96]	@ 0x60
10001f46:	6e55      	ldr	r5, [r2, #100]	@ 0x64
10001f48:	6f57      	ldr	r7, [r2, #116]	@ 0x74
10001f4a:	6f16      	ldr	r6, [r2, #112]	@ 0x70
10001f4c:	4662      	mov	r2, ip
10001f4e:	f7ff ffee 	bl	10001f2e <ddiv_shim_call>
10001f52:	4a08      	ldr	r2, [pc, #32]	@ (10001f74 <__wrap___aeabi_dmul+0x16>)
10001f54:	6614      	str	r4, [r2, #96]	@ 0x60
10001f56:	6655      	str	r5, [r2, #100]	@ 0x64
10001f58:	6757      	str	r7, [r2, #116]	@ 0x74
10001f5a:	6716      	str	r6, [r2, #112]	@ 0x70
10001f5c:	bdf0      	pop	{r4, r5, r6, r7, pc}

10001f5e <__wrap___aeabi_dmul>:
10001f5e:	b418      	push	{r3, r4}
10001f60:	4b03      	ldr	r3, [pc, #12]	@ (10001f70 <__wrap___aeabi_dmul+0x12>)
10001f62:	689b      	ldr	r3, [r3, #8]
10001f64:	46fc      	mov	ip, pc
10001f66:	9301      	str	r3, [sp, #4]
10001f68:	bd08      	pop	{r3, pc}
10001f6a:	df08      	.short	0xdf08
10001f6c:	10002309 	.word	0x10002309
10001f70:	20001280 	.word	0x20001280
10001f74:	d0000000 	.word	0xd0000000

10001f78 <__wrap___aeabi_cdrcmple>:
10001f78:	b5ff      	push	{r0, r1, r2, r3, r4, r5, r6, r7, lr}
10001f7a:	4050      	eors	r0, r2
10001f7c:	4042      	eors	r2, r0
10001f7e:	4050      	eors	r0, r2
10001f80:	4059      	eors	r1, r3
10001f82:	404b      	eors	r3, r1
10001f84:	4059      	eors	r1, r3
10001f86:	e000      	b.n	10001f8a <__aeabi_dfcmple_guts>

10001f88 <__wrap___aeabi_cdcmpeq>:
10001f88:	b5ff      	push	{r0, r1, r2, r3, r4, r5, r6, r7, lr}

10001f8a <__aeabi_dfcmple_guts>:
10001f8a:	4f15      	ldr	r7, [pc, #84]	@ (10001fe0 <__aeabi_dfcmple_guts+0x56>)
10001f8c:	004c      	lsls	r4, r1, #1
10001f8e:	0d64      	lsrs	r4, r4, #21
10001f90:	d003      	beq.n	10001f9a <__aeabi_dfcmple_guts+0x10>
10001f92:	42bc      	cmp	r4, r7
10001f94:	d104      	bne.n	10001fa0 <__aeabi_dfcmple_guts+0x16>
10001f96:	030c      	lsls	r4, r1, #12
10001f98:	d814      	bhi.n	10001fc4 <__aeabi_dfcmple_guts+0x3a>
10001f9a:	2000      	movs	r0, #0
10001f9c:	0d09      	lsrs	r1, r1, #20
10001f9e:	0509      	lsls	r1, r1, #20
10001fa0:	005c      	lsls	r4, r3, #1
10001fa2:	0d64      	lsrs	r4, r4, #21
10001fa4:	d003      	beq.n	10001fae <__aeabi_dfcmple_guts+0x24>
10001fa6:	42bc      	cmp	r4, r7
10001fa8:	d104      	bne.n	10001fb4 <__aeabi_dfcmple_guts+0x2a>
10001faa:	031c      	lsls	r4, r3, #12
10001fac:	d80a      	bhi.n	10001fc4 <__aeabi_dfcmple_guts+0x3a>
10001fae:	2200      	movs	r2, #0
10001fb0:	0d1b      	lsrs	r3, r3, #20
10001fb2:	051b      	lsls	r3, r3, #20
10001fb4:	2601      	movs	r6, #1
10001fb6:	404b      	eors	r3, r1
10001fb8:	d409      	bmi.n	10001fce <__aeabi_dfcmple_guts+0x44>
10001fba:	404b      	eors	r3, r1
10001fbc:	d503      	bpl.n	10001fc6 <__aeabi_dfcmple_guts+0x3c>
10001fbe:	428b      	cmp	r3, r1
10001fc0:	d100      	bne.n	10001fc4 <__aeabi_dfcmple_guts+0x3a>
10001fc2:	4282      	cmp	r2, r0
10001fc4:	bdff      	pop	{r0, r1, r2, r3, r4, r5, r6, r7, pc}
10001fc6:	4299      	cmp	r1, r3
10001fc8:	d1fc      	bne.n	10001fc4 <__aeabi_dfcmple_guts+0x3a>
10001fca:	4290      	cmp	r0, r2
10001fcc:	bdff      	pop	{r0, r1, r2, r3, r4, r5, r6, r7, pc}
10001fce:	430b      	orrs	r3, r1
10001fd0:	18db      	adds	r3, r3, r3
10001fd2:	4303      	orrs	r3, r0
10001fd4:	4313      	orrs	r3, r2
10001fd6:	d0f5      	beq.n	10001fc4 <__aeabi_dfcmple_guts+0x3a>
10001fd8:	43c9      	mvns	r1, r1
10001fda:	1849      	adds	r1, r1, r1
10001fdc:	bdff      	pop	{r0, r1, r2, r3, r4, r5, r6, r7, pc}
10001fde:	0000      	.short	0x0000
10001fe0:	000007ff 	.word	0x000007ff

10001fe4 <__wrap___aeabi_dcmplt>:
10001fe4:	b500      	push	{lr}
10001fe6:	f7ff ffcf 	bl	10001f88 <__wrap___aeabi_cdcmpeq>
10001fea:	4180      	sbcs	r0, r0
10001fec:	bd00      	pop	{pc}
10001fee:	46c0      	nop			@ (mov r8, r8)

10001ff0 <__wrap___aeabi_dcmple>:
10001ff0:	b500      	push	{lr}
10001ff2:	f7ff ffc9 	bl	10001f88 <__wrap___aeabi_cdcmpeq>
10001ff6:	d901      	bls.n	10001ffc <__wrap___aeabi_dcmple+0xc>
10001ff8:	2000      	movs	r0, #0
10001ffa:	bd00      	pop	{pc}
10001ffc:	2001      	movs	r0, #1
10001ffe:	bd00      	pop	{pc}

10002000 <__wrap___aeabi_dcmpge>:
10002000:	b500      	push	{lr}
10002002:	f7ff ffb9 	bl	10001f78 <__wrap___aeabi_cdrcmple>
10002006:	d901      	bls.n	1000200c <__wrap___aeabi_dcmpge+0xc>
10002008:	2000      	movs	r0, #0
1000200a:	bd00      	pop	{pc}
1000200c:	2001      	movs	r0, #1
1000200e:	bd00      	pop	{pc}

10002010 <__wrap___aeabi_dcmpgt>:
10002010:	b500      	push	{lr}
10002012:	f7ff ffb1 	bl	10001f78 <__wrap___aeabi_cdrcmple>
10002016:	4180      	sbcs	r0, r0
10002018:	bd00      	pop	{pc}

1000201a <__wrap___aeabi_dcmpun>:
1000201a:	2001      	movs	r0, #1
1000201c:	0540      	lsls	r0, r0, #21
1000201e:	004a      	lsls	r2, r1, #1
10002020:	1812      	adds	r2, r2, r0
10002022:	d804      	bhi.n	1000202e <__wrap___aeabi_dcmpun+0x14>
10002024:	005a      	lsls	r2, r3, #1
10002026:	1812      	adds	r2, r2, r0
10002028:	d801      	bhi.n	1000202e <__wrap___aeabi_dcmpun+0x14>
1000202a:	2000      	movs	r0, #0
1000202c:	4770      	bx	lr
1000202e:	2001      	movs	r0, #1
10002030:	4770      	bx	lr
	...

10002034 <__wrap___aeabi_ui2d>:
10002034:	2100      	movs	r1, #0
10002036:	2800      	cmp	r0, #0
10002038:	d105      	bne.n	10002046 <__wrap___aeabi_i2d+0xa>
1000203a:	4770      	bx	lr

1000203c <__wrap___aeabi_i2d>:
1000203c:	17c1      	asrs	r1, r0, #31
1000203e:	4048      	eors	r0, r1
10002040:	1a40      	subs	r0, r0, r1
10002042:	d0fa      	beq.n	1000203a <__wrap___aeabi_ui2d+0x6>
10002044:	07c9      	lsls	r1, r1, #31
10002046:	b513      	push	{r0, r1, r4, lr}
10002048:	4b06      	ldr	r3, [pc, #24]	@ (10002064 <__wrap___aeabi_i2d+0x28>)
1000204a:	681b      	ldr	r3, [r3, #0]
1000204c:	4798      	blx	r3
1000204e:	bc0c      	pop	{r2, r3}
10002050:	1c44      	adds	r4, r0, #1
10002052:	40a2      	lsls	r2, r4
10002054:	0510      	lsls	r0, r2, #20
10002056:	0b12      	lsrs	r2, r2, #12
10002058:	4903      	ldr	r1, [pc, #12]	@ (10002068 <__wrap___aeabi_i2d+0x2c>)
1000205a:	1b09      	subs	r1, r1, r4
1000205c:	0509      	lsls	r1, r1, #20
1000205e:	4319      	orrs	r1, r3
10002060:	4311      	orrs	r1, r2
10002062:	bd10      	pop	{r4, pc}
10002064:	20001c1c 	.word	0x20001c1c
10002068:	0000041f 	.word	0x0000041f

1000206c <__wrap___aeabi_d2iz>:
1000206c:	b510      	push	{r4, lr}
1000206e:	004c      	lsls	r4, r1, #1
10002070:	0d62      	lsrs	r2, r4, #21
10002072:	2380      	movs	r3, #128	@ 0x80
10002074:	18d2      	adds	r2, r2, r3
10002076:	00db      	lsls	r3, r3, #3
10002078:	1ad2      	subs	r2, r2, r3
1000207a:	055b      	lsls	r3, r3, #21
1000207c:	2a7e      	cmp	r2, #126	@ 0x7e
1000207e:	dd10      	ble.n	100020a2 <__wrap___aeabi_d2iz+0x36>
10002080:	3a9e      	subs	r2, #158	@ 0x9e
10002082:	da13      	bge.n	100020ac <__wrap___aeabi_d2iz+0x40>
10002084:	17cc      	asrs	r4, r1, #31
10002086:	0309      	lsls	r1, r1, #12
10002088:	0849      	lsrs	r1, r1, #1
1000208a:	4319      	orrs	r1, r3
1000208c:	4252      	negs	r2, r2
1000208e:	40d1      	lsrs	r1, r2
10002090:	0064      	lsls	r4, r4, #1
10002092:	3401      	adds	r4, #1
10002094:	3215      	adds	r2, #21
10002096:	2a20      	cmp	r2, #32
10002098:	da05      	bge.n	100020a6 <__wrap___aeabi_d2iz+0x3a>
1000209a:	40d0      	lsrs	r0, r2
1000209c:	4308      	orrs	r0, r1
1000209e:	4360      	muls	r0, r4
100020a0:	bd10      	pop	{r4, pc}
100020a2:	2000      	movs	r0, #0
100020a4:	bd10      	pop	{r4, pc}
100020a6:	4608      	mov	r0, r1
100020a8:	4360      	muls	r0, r4
100020aa:	bd10      	pop	{r4, pc}
100020ac:	0fc8      	lsrs	r0, r1, #31
100020ae:	18c0      	adds	r0, r0, r3
100020b0:	3801      	subs	r0, #1
100020b2:	bd10      	pop	{r4, pc}

100020b4 <__wrap___aeabi_d2uiz>:
100020b4:	b418      	push	{r3, r4}
100020b6:	4b04      	ldr	r3, [pc, #16]	@ (100020c8 <__wrap___aeabi_d2uiz+0x14>)
100020b8:	6a5b      	ldr	r3, [r3, #36]	@ 0x24
100020ba:	46fc      	mov	ip, pc
100020bc:	9301      	str	r3, [sp, #4]
100020be:	bd08      	pop	{r3, pc}
100020c0:	2615df24 	.word	0x2615df24
100020c4:	00001000 	.word	0x00001000
100020c8:	20001280 	.word	0x20001280

100020cc <__aeabi_double_init>:
100020cc:	2313      	movs	r3, #19
100020ce:	b570      	push	{r4, r5, r6, lr}
100020d0:	781d      	ldrb	r5, [r3, #0]
100020d2:	2d01      	cmp	r5, #1
100020d4:	d019      	beq.n	1000210a <__aeabi_double_init+0x3e>
100020d6:	dd14      	ble.n	10002102 <__aeabi_double_init+0x36>
100020d8:	481f      	ldr	r0, [pc, #124]	@ (10002158 <__aeabi_double_init+0x8c>)
100020da:	f7ff fb31 	bl	10001740 <rom_data_lookup>
100020de:	0006      	movs	r6, r0
100020e0:	481e      	ldr	r0, [pc, #120]	@ (1000215c <__aeabi_double_init+0x90>)
100020e2:	f7ff fb2d 	bl	10001740 <rom_data_lookup>
100020e6:	4c1e      	ldr	r4, [pc, #120]	@ (10002160 <__aeabi_double_init+0x94>)
100020e8:	2280      	movs	r2, #128	@ 0x80
100020ea:	0031      	movs	r1, r6
100020ec:	0020      	movs	r0, r4
100020ee:	f000 fb61 	bl	100027b4 <__wrap___aeabi_memcpy>
100020f2:	2d02      	cmp	r5, #2
100020f4:	d02d      	beq.n	10002152 <__aeabi_double_init+0x86>
100020f6:	481b      	ldr	r0, [pc, #108]	@ (10002164 <__aeabi_double_init+0x98>)
100020f8:	f7ff fb1a 	bl	10001730 <rom_func_lookup>
100020fc:	4b1a      	ldr	r3, [pc, #104]	@ (10002168 <__aeabi_double_init+0x9c>)
100020fe:	6018      	str	r0, [r3, #0]
10002100:	bd70      	pop	{r4, r5, r6, pc}
10002102:	4b1a      	ldr	r3, [pc, #104]	@ (1000216c <__aeabi_double_init+0xa0>)
10002104:	4c16      	ldr	r4, [pc, #88]	@ (10002160 <__aeabi_double_init+0x94>)
10002106:	64a3      	str	r3, [r4, #72]	@ 0x48
10002108:	e7f5      	b.n	100020f6 <__aeabi_double_init+0x2a>
1000210a:	4b18      	ldr	r3, [pc, #96]	@ (1000216c <__aeabi_double_init+0xa0>)
1000210c:	4c14      	ldr	r4, [pc, #80]	@ (10002160 <__aeabi_double_init+0x94>)
1000210e:	6023      	str	r3, [r4, #0]
10002110:	6063      	str	r3, [r4, #4]
10002112:	60a3      	str	r3, [r4, #8]
10002114:	60e3      	str	r3, [r4, #12]
10002116:	6123      	str	r3, [r4, #16]
10002118:	6163      	str	r3, [r4, #20]
1000211a:	61a3      	str	r3, [r4, #24]
1000211c:	61e3      	str	r3, [r4, #28]
1000211e:	6223      	str	r3, [r4, #32]
10002120:	6263      	str	r3, [r4, #36]	@ 0x24
10002122:	62a3      	str	r3, [r4, #40]	@ 0x28
10002124:	62e3      	str	r3, [r4, #44]	@ 0x2c
10002126:	6323      	str	r3, [r4, #48]	@ 0x30
10002128:	6363      	str	r3, [r4, #52]	@ 0x34
1000212a:	63a3      	str	r3, [r4, #56]	@ 0x38
1000212c:	63e3      	str	r3, [r4, #60]	@ 0x3c
1000212e:	6423      	str	r3, [r4, #64]	@ 0x40
10002130:	6463      	str	r3, [r4, #68]	@ 0x44
10002132:	64a3      	str	r3, [r4, #72]	@ 0x48
10002134:	64e3      	str	r3, [r4, #76]	@ 0x4c
10002136:	6523      	str	r3, [r4, #80]	@ 0x50
10002138:	6563      	str	r3, [r4, #84]	@ 0x54
1000213a:	65a3      	str	r3, [r4, #88]	@ 0x58
1000213c:	65e3      	str	r3, [r4, #92]	@ 0x5c
1000213e:	6623      	str	r3, [r4, #96]	@ 0x60
10002140:	6663      	str	r3, [r4, #100]	@ 0x64
10002142:	66a3      	str	r3, [r4, #104]	@ 0x68
10002144:	66e3      	str	r3, [r4, #108]	@ 0x6c
10002146:	6723      	str	r3, [r4, #112]	@ 0x70
10002148:	6763      	str	r3, [r4, #116]	@ 0x74
1000214a:	67a3      	str	r3, [r4, #120]	@ 0x78
1000214c:	67e3      	str	r3, [r4, #124]	@ 0x7c
1000214e:	64a3      	str	r3, [r4, #72]	@ 0x48
10002150:	e7d1      	b.n	100020f6 <__aeabi_double_init+0x2a>
10002152:	4b06      	ldr	r3, [pc, #24]	@ (1000216c <__aeabi_double_init+0xa0>)
10002154:	64a3      	str	r3, [r4, #72]	@ 0x48
10002156:	e7ce      	b.n	100020f6 <__aeabi_double_init+0x2a>
10002158:	00004453 	.word	0x00004453
1000215c:	00004653 	.word	0x00004653
10002160:	20001280 	.word	0x20001280
10002164:	0000334c 	.word	0x0000334c
10002168:	20001c1c 	.word	0x20001c1c
1000216c:	10002171 	.word	0x10002171

10002170 <double_table_shim_on_use_helper>:
10002170:	b507      	push	{r0, r1, r2, lr}
10002172:	4660      	mov	r0, ip
10002174:	8801      	ldrh	r1, [r0, #0]
10002176:	0a0a      	lsrs	r2, r1, #8
10002178:	3002      	adds	r0, #2
1000217a:	2adf      	cmp	r2, #223	@ 0xdf
1000217c:	d1fa      	bne.n	10002174 <double_table_shim_on_use_helper+0x4>
1000217e:	b2c9      	uxtb	r1, r1
10002180:	0882      	lsrs	r2, r0, #2
10002182:	d304      	bcc.n	1000218e <double_table_shim_on_use_helper+0x1e>
10002184:	8802      	ldrh	r2, [r0, #0]
10002186:	8840      	ldrh	r0, [r0, #2]
10002188:	0400      	lsls	r0, r0, #16
1000218a:	4310      	orrs	r0, r2
1000218c:	e000      	b.n	10002190 <double_table_shim_on_use_helper+0x20>
1000218e:	6800      	ldr	r0, [r0, #0]
10002190:	4a01      	ldr	r2, [pc, #4]	@ (10002198 <double_table_shim_on_use_helper+0x28>)
10002192:	5050      	str	r0, [r2, r1]
10002194:	9003      	str	r0, [sp, #12]
10002196:	bd07      	pop	{r0, r1, r2, pc}
10002198:	20001280 	.word	0x20001280

1000219c <drsub_shim>:
1000219c:	b40f      	push	{r0, r1, r2, r3}
1000219e:	bc03      	pop	{r0, r1}
100021a0:	bc0c      	pop	{r2, r3}

100021a2 <dsub_shim>:
100021a2:	b5f0      	push	{r4, r5, r6, r7, lr}
100021a4:	2401      	movs	r4, #1
100021a6:	07e4      	lsls	r4, r4, #31
100021a8:	4063      	eors	r3, r4
100021aa:	e000      	b.n	100021ae <da_entry>

100021ac <dadd_shim>:
100021ac:	b5f0      	push	{r4, r5, r6, r7, lr}

100021ae <da_entry>:
100021ae:	0d0c      	lsrs	r4, r1, #20
100021b0:	0fcf      	lsrs	r7, r1, #31
100021b2:	1e66      	subs	r6, r4, #1
100021b4:	0536      	lsls	r6, r6, #20
100021b6:	1b89      	subs	r1, r1, r6
100021b8:	0564      	lsls	r4, r4, #21
100021ba:	d303      	bcc.n	100021c4 <l8_1>
100021bc:	43c9      	mvns	r1, r1
100021be:	4240      	negs	r0, r0
100021c0:	d300      	bcc.n	100021c4 <l8_1>
100021c2:	3101      	adds	r1, #1

100021c4 <l8_1>:
100021c4:	0d64      	lsrs	r4, r4, #21
100021c6:	d003      	beq.n	100021d0 <l8_2>
100021c8:	1c66      	adds	r6, r4, #1
100021ca:	0af6      	lsrs	r6, r6, #11
100021cc:	d007      	beq.n	100021de <l8_3>
100021ce:	1be4      	subs	r4, r4, r7

100021d0 <l8_2>:
100021d0:	2000      	movs	r0, #0
100021d2:	007f      	lsls	r7, r7, #1
100021d4:	1c79      	adds	r1, r7, #1
100021d6:	0789      	lsls	r1, r1, #30
100021d8:	1289      	asrs	r1, r1, #10
100021da:	3c80      	subs	r4, #128	@ 0x80
100021dc:	0324      	lsls	r4, r4, #12

100021de <l8_3>:
100021de:	0d1d      	lsrs	r5, r3, #20
100021e0:	0fdf      	lsrs	r7, r3, #31
100021e2:	1e6e      	subs	r6, r5, #1
100021e4:	0536      	lsls	r6, r6, #20
100021e6:	1b9b      	subs	r3, r3, r6
100021e8:	056d      	lsls	r5, r5, #21
100021ea:	d303      	bcc.n	100021f4 <l9_1>
100021ec:	43db      	mvns	r3, r3
100021ee:	4252      	negs	r2, r2
100021f0:	d300      	bcc.n	100021f4 <l9_1>
100021f2:	3301      	adds	r3, #1

100021f4 <l9_1>:
100021f4:	0d6d      	lsrs	r5, r5, #21
100021f6:	d003      	beq.n	10002200 <l9_2>
100021f8:	1c6e      	adds	r6, r5, #1
100021fa:	0af6      	lsrs	r6, r6, #11
100021fc:	d007      	beq.n	1000220e <l9_3>
100021fe:	1bed      	subs	r5, r5, r7

10002200 <l9_2>:
10002200:	2200      	movs	r2, #0
10002202:	007f      	lsls	r7, r7, #1
10002204:	1c7b      	adds	r3, r7, #1
10002206:	079b      	lsls	r3, r3, #30
10002208:	129b      	asrs	r3, r3, #10
1000220a:	3d80      	subs	r5, #128	@ 0x80
1000220c:	032d      	lsls	r5, r5, #12

1000220e <l9_3>:
1000220e:	1b2f      	subs	r7, r5, r4
10002210:	1b66      	subs	r6, r4, r5
10002212:	d458      	bmi.n	100022c6 <da_ygtx>
10002214:	46a4      	mov	ip, r4
10002216:	2e20      	cmp	r6, #32
10002218:	da46      	bge.n	100022a8 <da_xrgty>
1000221a:	3720      	adds	r7, #32
1000221c:	0014      	movs	r4, r2
1000221e:	40bc      	lsls	r4, r7

10002220 <da_xgty0>:
10002220:	001d      	movs	r5, r3
10002222:	40bd      	lsls	r5, r7
10002224:	40f2      	lsrs	r2, r6
10002226:	4133      	asrs	r3, r6
10002228:	432a      	orrs	r2, r5

1000222a <da_add>:
1000222a:	1880      	adds	r0, r0, r2
1000222c:	4159      	adcs	r1, r3

1000222e <da_pack>:
1000222e:	0fcb      	lsrs	r3, r1, #31
10002230:	d005      	beq.n	1000223e <da_pack+0x10>
10002232:	43c9      	mvns	r1, r1
10002234:	43c0      	mvns	r0, r0
10002236:	2200      	movs	r2, #0
10002238:	4264      	negs	r4, r4
1000223a:	4150      	adcs	r0, r2
1000223c:	4151      	adcs	r1, r2
1000223e:	4662      	mov	r2, ip
10002240:	0d4d      	lsrs	r5, r1, #21
10002242:	d128      	bne.n	10002296 <da_0>
10002244:	0d0d      	lsrs	r5, r1, #20
10002246:	d107      	bne.n	10002258 <da_1>
10002248:	2800      	cmp	r0, #0
1000224a:	d01f      	beq.n	1000228c <da_5>

1000224c <da_2>:
1000224c:	1924      	adds	r4, r4, r4
1000224e:	4140      	adcs	r0, r0
10002250:	4149      	adcs	r1, r1
10002252:	3a01      	subs	r2, #1
10002254:	0d0d      	lsrs	r5, r1, #20
10002256:	d0f9      	beq.n	1000224c <da_2>

10002258 <da_1>:
10002258:	0064      	lsls	r4, r4, #1
1000225a:	d306      	bcc.n	1000226a <da_3>

1000225c <da_4>:
1000225c:	3001      	adds	r0, #1
1000225e:	d300      	bcc.n	10002262 <da_4+0x6>
10002260:	3101      	adds	r1, #1
10002262:	2c00      	cmp	r4, #0
10002264:	d101      	bne.n	1000226a <da_3>
10002266:	0840      	lsrs	r0, r0, #1
10002268:	0040      	lsls	r0, r0, #1

1000226a <da_3>:
1000226a:	3a01      	subs	r2, #1
1000226c:	d40b      	bmi.n	10002286 <da_6>
1000226e:	1c94      	adds	r4, r2, #2
10002270:	0ae4      	lsrs	r4, r4, #11
10002272:	d104      	bne.n	1000227e <da_7>
10002274:	0512      	lsls	r2, r2, #20
10002276:	4411      	add	r1, r2
10002278:	07db      	lsls	r3, r3, #31
1000227a:	4419      	add	r1, r3
1000227c:	bdf0      	pop	{r4, r5, r6, r7, pc}

1000227e <da_7>:
1000227e:	07d9      	lsls	r1, r3, #31
10002280:	4b20      	ldr	r3, [pc, #128]	@ (10002304 <da_xmgty+0x4>)
10002282:	4319      	orrs	r1, r3
10002284:	e000      	b.n	10002288 <da_6+0x2>

10002286 <da_6>:
10002286:	07d9      	lsls	r1, r3, #31
10002288:	2000      	movs	r0, #0
1000228a:	bdf0      	pop	{r4, r5, r6, r7, pc}

1000228c <da_5>:
1000228c:	2900      	cmp	r1, #0
1000228e:	d1dd      	bne.n	1000224c <da_2>
10002290:	2c00      	cmp	r4, #0
10002292:	d1db      	bne.n	1000224c <da_2>
10002294:	bdf0      	pop	{r4, r5, r6, r7, pc}

10002296 <da_0>:
10002296:	3201      	adds	r2, #1
10002298:	07c6      	lsls	r6, r0, #31
1000229a:	0840      	lsrs	r0, r0, #1
1000229c:	07cd      	lsls	r5, r1, #31
1000229e:	4328      	orrs	r0, r5
100022a0:	0849      	lsrs	r1, r1, #1
100022a2:	2e00      	cmp	r6, #0
100022a4:	d0e1      	beq.n	1000226a <da_3>
100022a6:	e7d9      	b.n	1000225c <da_4>

100022a8 <da_xrgty>:
100022a8:	2e3c      	cmp	r6, #60	@ 0x3c
100022aa:	da29      	bge.n	10002300 <da_xmgty>
100022ac:	3e20      	subs	r6, #32
100022ae:	3740      	adds	r7, #64	@ 0x40
100022b0:	0014      	movs	r4, r2
100022b2:	40bc      	lsls	r4, r7
100022b4:	d000      	beq.n	100022b8 <da_xrgty+0x10>
100022b6:	2401      	movs	r4, #1
100022b8:	40f2      	lsrs	r2, r6
100022ba:	4314      	orrs	r4, r2
100022bc:	001a      	movs	r2, r3
100022be:	40bb      	lsls	r3, r7
100022c0:	431c      	orrs	r4, r3
100022c2:	17d3      	asrs	r3, r2, #31
100022c4:	e7ac      	b.n	10002220 <da_xgty0>

100022c6 <da_ygtx>:
100022c6:	46ac      	mov	ip, r5
100022c8:	2f20      	cmp	r7, #32
100022ca:	da08      	bge.n	100022de <da_yrgtx>
100022cc:	3620      	adds	r6, #32
100022ce:	0004      	movs	r4, r0
100022d0:	40b4      	lsls	r4, r6

100022d2 <da_ygtx0>:
100022d2:	000d      	movs	r5, r1
100022d4:	40b5      	lsls	r5, r6
100022d6:	40f8      	lsrs	r0, r7
100022d8:	4139      	asrs	r1, r7
100022da:	4328      	orrs	r0, r5
100022dc:	e7a5      	b.n	1000222a <da_add>

100022de <da_yrgtx>:
100022de:	2f3c      	cmp	r7, #60	@ 0x3c
100022e0:	da0c      	bge.n	100022fc <da_ymgtx>
100022e2:	3f20      	subs	r7, #32
100022e4:	3640      	adds	r6, #64	@ 0x40
100022e6:	0004      	movs	r4, r0
100022e8:	40b4      	lsls	r4, r6
100022ea:	d000      	beq.n	100022ee <da_yrgtx+0x10>
100022ec:	2401      	movs	r4, #1
100022ee:	40f8      	lsrs	r0, r7
100022f0:	4304      	orrs	r4, r0
100022f2:	0008      	movs	r0, r1
100022f4:	40b1      	lsls	r1, r6
100022f6:	430c      	orrs	r4, r1
100022f8:	17c1      	asrs	r1, r0, #31
100022fa:	e7ea      	b.n	100022d2 <da_ygtx0>

100022fc <da_ymgtx>:
100022fc:	0010      	movs	r0, r2
100022fe:	0019      	movs	r1, r3

10002300 <da_xmgty>:
10002300:	2400      	movs	r4, #0
10002302:	e794      	b.n	1000222e <da_pack>
10002304:	7ff00000 	.word	0x7ff00000

10002308 <dmul_shim>:
10002308:	b5f0      	push	{r4, r5, r6, r7, lr}
1000230a:	0d0c      	lsrs	r4, r1, #20
1000230c:	1e66      	subs	r6, r4, #1
1000230e:	0536      	lsls	r6, r6, #20
10002310:	1b89      	subs	r1, r1, r6
10002312:	0ae6      	lsrs	r6, r4, #11
10002314:	0564      	lsls	r4, r4, #21
10002316:	0d64      	lsrs	r4, r4, #21
10002318:	d002      	beq.n	10002320 <l12_1>
1000231a:	1c65      	adds	r5, r4, #1
1000231c:	0aed      	lsrs	r5, r5, #11
1000231e:	d004      	beq.n	1000232a <l12_2>

10002320 <l12_1>:
10002320:	2000      	movs	r0, #0
10002322:	2101      	movs	r1, #1
10002324:	0509      	lsls	r1, r1, #20
10002326:	3c80      	subs	r4, #128	@ 0x80
10002328:	0324      	lsls	r4, r4, #12

1000232a <l12_2>:
1000232a:	46a4      	mov	ip, r4
1000232c:	0d1c      	lsrs	r4, r3, #20
1000232e:	1e67      	subs	r7, r4, #1
10002330:	053f      	lsls	r7, r7, #20
10002332:	1bdb      	subs	r3, r3, r7
10002334:	0ae7      	lsrs	r7, r4, #11
10002336:	0564      	lsls	r4, r4, #21
10002338:	0d64      	lsrs	r4, r4, #21
1000233a:	d002      	beq.n	10002342 <l13_1>
1000233c:	1c65      	adds	r5, r4, #1
1000233e:	0aed      	lsrs	r5, r5, #11
10002340:	d004      	beq.n	1000234c <l13_2>

10002342 <l13_1>:
10002342:	2200      	movs	r2, #0
10002344:	2301      	movs	r3, #1
10002346:	051b      	lsls	r3, r3, #20
10002348:	3c80      	subs	r4, #128	@ 0x80
1000234a:	0324      	lsls	r4, r4, #12

1000234c <l13_2>:
1000234c:	4077      	eors	r7, r6
1000234e:	4464      	add	r4, ip
10002350:	b497      	push	{r0, r1, r2, r4, r7}
10002352:	b284      	uxth	r4, r0
10002354:	b296      	uxth	r6, r2
10002356:	4374      	muls	r4, r6
10002358:	0c07      	lsrs	r7, r0, #16
1000235a:	437e      	muls	r6, r7
1000235c:	0c15      	lsrs	r5, r2, #16
1000235e:	436f      	muls	r7, r5
10002360:	b280      	uxth	r0, r0
10002362:	4368      	muls	r0, r5
10002364:	1836      	adds	r6, r6, r0
10002366:	d302      	bcc.n	1000236e <l14_1>
10002368:	2001      	movs	r0, #1
1000236a:	0400      	lsls	r0, r0, #16
1000236c:	183f      	adds	r7, r7, r0

1000236e <l14_1>:
1000236e:	0430      	lsls	r0, r6, #16
10002370:	0c35      	lsrs	r5, r6, #16
10002372:	1900      	adds	r0, r0, r4
10002374:	417d      	adcs	r5, r7
10002376:	4684      	mov	ip, r0
10002378:	b288      	uxth	r0, r1
1000237a:	b29a      	uxth	r2, r3
1000237c:	4350      	muls	r0, r2
1000237e:	0c0c      	lsrs	r4, r1, #16
10002380:	4362      	muls	r2, r4
10002382:	0c1f      	lsrs	r7, r3, #16
10002384:	437c      	muls	r4, r7
10002386:	b28e      	uxth	r6, r1
10002388:	437e      	muls	r6, r7
1000238a:	1992      	adds	r2, r2, r6
1000238c:	d302      	bcc.n	10002394 <l15_1>
1000238e:	2601      	movs	r6, #1
10002390:	0436      	lsls	r6, r6, #16
10002392:	19a4      	adds	r4, r4, r6

10002394 <l15_1>:
10002394:	0416      	lsls	r6, r2, #16
10002396:	0c17      	lsrs	r7, r2, #16
10002398:	1836      	adds	r6, r6, r0
1000239a:	4167      	adcs	r7, r4
1000239c:	bc01      	pop	{r0}
1000239e:	b281      	uxth	r1, r0
100023a0:	b29a      	uxth	r2, r3
100023a2:	4351      	muls	r1, r2
100023a4:	0c04      	lsrs	r4, r0, #16
100023a6:	4362      	muls	r2, r4
100023a8:	0c1b      	lsrs	r3, r3, #16
100023aa:	435c      	muls	r4, r3
100023ac:	b280      	uxth	r0, r0
100023ae:	4358      	muls	r0, r3
100023b0:	1812      	adds	r2, r2, r0
100023b2:	d302      	bcc.n	100023ba <l16_1>
100023b4:	2001      	movs	r0, #1
100023b6:	0400      	lsls	r0, r0, #16
100023b8:	1824      	adds	r4, r4, r0

100023ba <l16_1>:
100023ba:	0410      	lsls	r0, r2, #16
100023bc:	0c13      	lsrs	r3, r2, #16
100023be:	1840      	adds	r0, r0, r1
100023c0:	4163      	adcs	r3, r4
100023c2:	182d      	adds	r5, r5, r0
100023c4:	415e      	adcs	r6, r3
100023c6:	2000      	movs	r0, #0
100023c8:	4147      	adcs	r7, r0
100023ca:	bc06      	pop	{r1, r2}
100023cc:	b288      	uxth	r0, r1
100023ce:	b293      	uxth	r3, r2
100023d0:	4358      	muls	r0, r3
100023d2:	0c0c      	lsrs	r4, r1, #16
100023d4:	4363      	muls	r3, r4
100023d6:	0c12      	lsrs	r2, r2, #16
100023d8:	4354      	muls	r4, r2
100023da:	b289      	uxth	r1, r1
100023dc:	4351      	muls	r1, r2
100023de:	185b      	adds	r3, r3, r1
100023e0:	d302      	bcc.n	100023e8 <l17_1>
100023e2:	2101      	movs	r1, #1
100023e4:	0409      	lsls	r1, r1, #16
100023e6:	1864      	adds	r4, r4, r1

100023e8 <l17_1>:
100023e8:	0419      	lsls	r1, r3, #16
100023ea:	0c1a      	lsrs	r2, r3, #16
100023ec:	1809      	adds	r1, r1, r0
100023ee:	4162      	adcs	r2, r4
100023f0:	186d      	adds	r5, r5, r1
100023f2:	4156      	adcs	r6, r2
100023f4:	2000      	movs	r0, #0
100023f6:	4147      	adcs	r7, r0
100023f8:	bc18      	pop	{r3, r4}
100023fa:	02f9      	lsls	r1, r7, #11
100023fc:	0d72      	lsrs	r2, r6, #21
100023fe:	4311      	orrs	r1, r2
10002400:	02f0      	lsls	r0, r6, #11
10002402:	0d6a      	lsrs	r2, r5, #21
10002404:	4310      	orrs	r0, r2
10002406:	02ed      	lsls	r5, r5, #11
10002408:	0d0a      	lsrs	r2, r1, #20
1000240a:	d103      	bne.n	10002414 <l17_1+0x2c>
1000240c:	196d      	adds	r5, r5, r5
1000240e:	4140      	adcs	r0, r0
10002410:	4149      	adcs	r1, r1
10002412:	3b01      	subs	r3, #1
10002414:	4e12      	ldr	r6, [pc, #72]	@ (10002460 <dm_1+0xa>)
10002416:	1b9b      	subs	r3, r3, r6
10002418:	0076      	lsls	r6, r6, #1
1000241a:	42b3      	cmp	r3, r6
1000241c:	d20e      	bcs.n	1000243c <dm_0>
1000241e:	006d      	lsls	r5, r5, #1
10002420:	d307      	bcc.n	10002432 <l17_1+0x4a>
10002422:	3001      	adds	r0, #1
10002424:	2600      	movs	r6, #0
10002426:	4171      	adcs	r1, r6
10002428:	4666      	mov	r6, ip
1000242a:	4335      	orrs	r5, r6
1000242c:	d101      	bne.n	10002432 <l17_1+0x4a>
1000242e:	0840      	lsrs	r0, r0, #1
10002430:	0040      	lsls	r0, r0, #1
10002432:	051b      	lsls	r3, r3, #20
10002434:	18c9      	adds	r1, r1, r3

10002436 <dm_2>:
10002436:	07e4      	lsls	r4, r4, #31
10002438:	4421      	add	r1, r4
1000243a:	bdf0      	pop	{r4, r5, r6, r7, pc}

1000243c <dm_0>:
1000243c:	da0b      	bge.n	10002456 <dm_1>
1000243e:	3301      	adds	r3, #1
10002440:	d106      	bne.n	10002450 <dm_0+0x14>
10002442:	3001      	adds	r0, #1
10002444:	d104      	bne.n	10002450 <dm_0+0x14>
10002446:	3101      	adds	r1, #1
10002448:	0d4f      	lsrs	r7, r1, #21
1000244a:	d001      	beq.n	10002450 <dm_0+0x14>
1000244c:	0849      	lsrs	r1, r1, #1
1000244e:	e7f2      	b.n	10002436 <dm_2>
10002450:	07e1      	lsls	r1, r4, #31
10002452:	2000      	movs	r0, #0
10002454:	bdf0      	pop	{r4, r5, r6, r7, pc}

10002456 <dm_1>:
10002456:	3601      	adds	r6, #1
10002458:	0531      	lsls	r1, r6, #20
1000245a:	2000      	movs	r0, #0
1000245c:	e7eb      	b.n	10002436 <dm_2>
1000245e:	0000      	.short	0x0000
10002460:	000003ff 	.word	0x000003ff

10002464 <ddiv_shim>:
10002464:	b5f0      	push	{r4, r5, r6, r7, lr}

10002466 <ddiv0>:
10002466:	0d1c      	lsrs	r4, r3, #20
10002468:	1e67      	subs	r7, r4, #1
1000246a:	053f      	lsls	r7, r7, #20
1000246c:	1bdb      	subs	r3, r3, r7
1000246e:	0ae7      	lsrs	r7, r4, #11
10002470:	0564      	lsls	r4, r4, #21
10002472:	0d64      	lsrs	r4, r4, #21
10002474:	d002      	beq.n	1000247c <l20_1>
10002476:	1c66      	adds	r6, r4, #1
10002478:	0af6      	lsrs	r6, r6, #11
1000247a:	d004      	beq.n	10002486 <l20_2>

1000247c <l20_1>:
1000247c:	2200      	movs	r2, #0
1000247e:	2301      	movs	r3, #1
10002480:	051b      	lsls	r3, r3, #20
10002482:	3c80      	subs	r4, #128	@ 0x80
10002484:	0324      	lsls	r4, r4, #12

10002486 <l20_2>:
10002486:	25d0      	movs	r5, #208	@ 0xd0
10002488:	062d      	lsls	r5, r5, #24
1000248a:	2600      	movs	r6, #0
1000248c:	43f6      	mvns	r6, r6
1000248e:	662e      	str	r6, [r5, #96]	@ 0x60
10002490:	091e      	lsrs	r6, r3, #4
10002492:	666e      	str	r6, [r5, #100]	@ 0x64
10002494:	0fce      	lsrs	r6, r1, #31
10002496:	19f6      	adds	r6, r6, r7
10002498:	46b4      	mov	ip, r6
1000249a:	0049      	lsls	r1, r1, #1
1000249c:	0d4f      	lsrs	r7, r1, #21
1000249e:	d002      	beq.n	100024a6 <l20_2+0x20>
100024a0:	1c7e      	adds	r6, r7, #1
100024a2:	0af6      	lsrs	r6, r6, #11
100024a4:	d003      	beq.n	100024ae <l20_2+0x28>
100024a6:	2000      	movs	r0, #0
100024a8:	2100      	movs	r1, #0
100024aa:	3f40      	subs	r7, #64	@ 0x40
100024ac:	033f      	lsls	r7, r7, #12
100024ae:	1b3e      	subs	r6, r7, r4
100024b0:	00b6      	lsls	r6, r6, #2
100024b2:	44b4      	add	ip, r6
100024b4:	3f01      	subs	r7, #1
100024b6:	057f      	lsls	r7, r7, #21
100024b8:	1bc9      	subs	r1, r1, r7
100024ba:	0849      	lsrs	r1, r1, #1
100024bc:	6f2e      	ldr	r6, [r5, #112]	@ 0x70
100024be:	3601      	adds	r6, #1
100024c0:	0876      	lsrs	r6, r6, #1
100024c2:	029c      	lsls	r4, r3, #10
100024c4:	0d95      	lsrs	r5, r2, #22
100024c6:	4325      	orrs	r5, r4
100024c8:	4375      	muls	r5, r6
100024ca:	13ed      	asrs	r5, r5, #15
100024cc:	4375      	muls	r5, r6
100024ce:	13ad      	asrs	r5, r5, #14
100024d0:	3501      	adds	r5, #1
100024d2:	106d      	asrs	r5, r5, #1
100024d4:	03f6      	lsls	r6, r6, #15
100024d6:	1b76      	subs	r6, r6, r5
100024d8:	b40c      	push	{r2, r3}
100024da:	02cc      	lsls	r4, r1, #11
100024dc:	0d45      	lsrs	r5, r0, #21
100024de:	432c      	orrs	r4, r5
100024e0:	b2a2      	uxth	r2, r4
100024e2:	b2b3      	uxth	r3, r6
100024e4:	435a      	muls	r2, r3
100024e6:	0c27      	lsrs	r7, r4, #16
100024e8:	437b      	muls	r3, r7
100024ea:	0c35      	lsrs	r5, r6, #16
100024ec:	436f      	muls	r7, r5
100024ee:	b2a4      	uxth	r4, r4
100024f0:	436c      	muls	r4, r5
100024f2:	191b      	adds	r3, r3, r4
100024f4:	d302      	bcc.n	100024fc <l21_1>
100024f6:	2401      	movs	r4, #1
100024f8:	0424      	lsls	r4, r4, #16
100024fa:	193f      	adds	r7, r7, r4

100024fc <l21_1>:
100024fc:	041c      	lsls	r4, r3, #16
100024fe:	0c1d      	lsrs	r5, r3, #16
10002500:	18a4      	adds	r4, r4, r2
10002502:	417d      	adcs	r5, r7
10002504:	1924      	adds	r4, r4, r4
10002506:	416d      	adcs	r5, r5
10002508:	9a00      	ldr	r2, [sp, #0]
1000250a:	b291      	uxth	r1, r2
1000250c:	b2ac      	uxth	r4, r5
1000250e:	4361      	muls	r1, r4
10002510:	0c17      	lsrs	r7, r2, #16
10002512:	437c      	muls	r4, r7
10002514:	0c2b      	lsrs	r3, r5, #16
10002516:	435f      	muls	r7, r3
10002518:	b292      	uxth	r2, r2
1000251a:	435a      	muls	r2, r3
1000251c:	18a4      	adds	r4, r4, r2
1000251e:	d302      	bcc.n	10002526 <l22_1>
10002520:	2201      	movs	r2, #1
10002522:	0412      	lsls	r2, r2, #16
10002524:	18bf      	adds	r7, r7, r2

10002526 <l22_1>:
10002526:	0422      	lsls	r2, r4, #16
10002528:	0c23      	lsrs	r3, r4, #16
1000252a:	1852      	adds	r2, r2, r1
1000252c:	417b      	adcs	r3, r7
1000252e:	9c01      	ldr	r4, [sp, #4]
10002530:	436c      	muls	r4, r5
10002532:	191b      	adds	r3, r3, r4
10002534:	0e52      	lsrs	r2, r2, #25
10002536:	01d9      	lsls	r1, r3, #7
10002538:	430a      	orrs	r2, r1
1000253a:	0144      	lsls	r4, r0, #5
1000253c:	1aa0      	subs	r0, r4, r2
1000253e:	b281      	uxth	r1, r0
10002540:	b2b2      	uxth	r2, r6
10002542:	4351      	muls	r1, r2
10002544:	1403      	asrs	r3, r0, #16
10002546:	435a      	muls	r2, r3
10002548:	0c36      	lsrs	r6, r6, #16
1000254a:	4373      	muls	r3, r6
1000254c:	b287      	uxth	r7, r0
1000254e:	4377      	muls	r7, r6
10002550:	17d6      	asrs	r6, r2, #31
10002552:	19d2      	adds	r2, r2, r7
10002554:	2700      	movs	r7, #0
10002556:	417e      	adcs	r6, r7
10002558:	0436      	lsls	r6, r6, #16
1000255a:	199b      	adds	r3, r3, r6
1000255c:	0417      	lsls	r7, r2, #16
1000255e:	0c16      	lsrs	r6, r2, #16
10002560:	187f      	adds	r7, r7, r1
10002562:	415e      	adcs	r6, r3
10002564:	1673      	asrs	r3, r6, #25
10002566:	18ed      	adds	r5, r5, r3
10002568:	01f3      	lsls	r3, r6, #7
1000256a:	2600      	movs	r6, #0
1000256c:	3380      	adds	r3, #128	@ 0x80
1000256e:	4175      	adcs	r5, r6
10002570:	0fa9      	lsrs	r1, r5, #30
10002572:	d106      	bne.n	10002582 <dd_0>
10002574:	0064      	lsls	r4, r4, #1
10002576:	0a69      	lsrs	r1, r5, #9
10002578:	05e8      	lsls	r0, r5, #23
1000257a:	0a5b      	lsrs	r3, r3, #9
1000257c:	4318      	orrs	r0, r3
1000257e:	d209      	bcs.n	10002594 <dd_1>
10002580:	e02f      	b.n	100025e2 <dd_2>

10002582 <dd_0>:
10002582:	2204      	movs	r2, #4
10002584:	4494      	add	ip, r2
10002586:	3380      	adds	r3, #128	@ 0x80
10002588:	4175      	adcs	r5, r6
1000258a:	0aa9      	lsrs	r1, r5, #10
1000258c:	05a8      	lsls	r0, r5, #22
1000258e:	0a9b      	lsrs	r3, r3, #10
10002590:	4318      	orrs	r0, r3
10002592:	d326      	bcc.n	100025e2 <dd_2>

10002594 <dd_1>:
10002594:	4140      	adcs	r0, r0
10002596:	4149      	adcs	r1, r1
10002598:	0424      	lsls	r4, r4, #16
1000259a:	9a00      	ldr	r2, [sp, #0]
1000259c:	9b01      	ldr	r3, [sp, #4]
1000259e:	000d      	movs	r5, r1
100025a0:	4355      	muls	r5, r2
100025a2:	1b64      	subs	r4, r4, r5
100025a4:	4343      	muls	r3, r0
100025a6:	1ae4      	subs	r4, r4, r3
100025a8:	b295      	uxth	r5, r2
100025aa:	b286      	uxth	r6, r0
100025ac:	4375      	muls	r5, r6
100025ae:	0c17      	lsrs	r7, r2, #16
100025b0:	437e      	muls	r6, r7
100025b2:	0c03      	lsrs	r3, r0, #16
100025b4:	435f      	muls	r7, r3
100025b6:	b292      	uxth	r2, r2
100025b8:	435a      	muls	r2, r3
100025ba:	18b6      	adds	r6, r6, r2
100025bc:	d302      	bcc.n	100025c4 <l24_1>
100025be:	2201      	movs	r2, #1
100025c0:	0412      	lsls	r2, r2, #16
100025c2:	18bf      	adds	r7, r7, r2

100025c4 <l24_1>:
100025c4:	0432      	lsls	r2, r6, #16
100025c6:	0c33      	lsrs	r3, r6, #16
100025c8:	1952      	adds	r2, r2, r5
100025ca:	417b      	adcs	r3, r7
100025cc:	4252      	negs	r2, r2
100025ce:	419c      	sbcs	r4, r3
100025d0:	2c00      	cmp	r4, #0
100025d2:	d402      	bmi.n	100025da <l24_1+0x16>
100025d4:	2200      	movs	r2, #0
100025d6:	3001      	adds	r0, #1
100025d8:	4151      	adcs	r1, r2
100025da:	0840      	lsrs	r0, r0, #1
100025dc:	07ca      	lsls	r2, r1, #31
100025de:	4310      	orrs	r0, r2
100025e0:	0849      	lsrs	r1, r1, #1

100025e2 <dd_2>:
100025e2:	b002      	add	sp, #8
100025e4:	4662      	mov	r2, ip
100025e6:	07d7      	lsls	r7, r2, #31
100025e8:	1092      	asrs	r2, r2, #2
100025ea:	4b08      	ldr	r3, [pc, #32]	@ (1000260c <dd_4+0x6>)
100025ec:	18d2      	adds	r2, r2, r3
100025ee:	4b08      	ldr	r3, [pc, #32]	@ (10002610 <dd_4+0xa>)
100025f0:	429a      	cmp	r2, r3
100025f2:	d203      	bcs.n	100025fc <dd_3>
100025f4:	0512      	lsls	r2, r2, #20
100025f6:	1889      	adds	r1, r1, r2

100025f8 <dd_5>:
100025f8:	19c9      	adds	r1, r1, r7
100025fa:	bdf0      	pop	{r4, r5, r6, r7, pc}

100025fc <dd_3>:
100025fc:	2000      	movs	r0, #0
100025fe:	2a00      	cmp	r2, #0
10002600:	dc01      	bgt.n	10002606 <dd_4>
10002602:	0039      	movs	r1, r7
10002604:	bdf0      	pop	{r4, r5, r6, r7, pc}

10002606 <dd_4>:
10002606:	3301      	adds	r3, #1
10002608:	0519      	lsls	r1, r3, #20
1000260a:	e7f5      	b.n	100025f8 <dd_5>
1000260c:	000003fd 	.word	0x000003fd
10002610:	000007fe 	.word	0x000007fe

10002614 <double2uint_shim>:
10002614:	2200      	movs	r2, #0

10002616 <double2ufix_shim>:
10002616:	b500      	push	{lr}
10002618:	3220      	adds	r2, #32
1000261a:	f000 f804 	bl	10002626 <double2ufix64_shim>
1000261e:	0008      	movs	r0, r1
10002620:	bd00      	pop	{pc}
	...

10002624 <double2uint64_shim>:
10002624:	2200      	movs	r2, #0

10002626 <double2ufix64_shim>:
10002626:	150b      	asrs	r3, r1, #20
10002628:	d40a      	bmi.n	10002640 <ret_dzero>

1000262a <d2fix>:
1000262a:	b510      	push	{r4, lr}
1000262c:	4694      	mov	ip, r2
1000262e:	f000 f831 	bl	10002694 <dunpacks>
10002632:	1414      	asrs	r4, r2, #16
10002634:	3401      	adds	r4, #1
10002636:	da00      	bge.n	1000263a <d2fix+0x10>
10002638:	2100      	movs	r1, #0
1000263a:	17cb      	asrs	r3, r1, #31
1000263c:	4c14      	ldr	r4, [pc, #80]	@ (10002690 <d2fix_a+0x4a>)
1000263e:	4720      	bx	r4

10002640 <ret_dzero>:
10002640:	2000      	movs	r0, #0
10002642:	2100      	movs	r1, #0
10002644:	4770      	bx	lr

10002646 <d2fix_a>:
10002646:	4462      	add	r2, ip
10002648:	3a34      	subs	r2, #52	@ 0x34
1000264a:	d40c      	bmi.n	10002666 <d2fix_a+0x20>
1000264c:	2a0c      	cmp	r2, #12
1000264e:	da07      	bge.n	10002660 <d2fix_a+0x1a>
10002650:	0004      	movs	r4, r0
10002652:	4091      	lsls	r1, r2
10002654:	4090      	lsls	r0, r2
10002656:	4252      	negs	r2, r2
10002658:	3220      	adds	r2, #32
1000265a:	40d4      	lsrs	r4, r2
1000265c:	4321      	orrs	r1, r4
1000265e:	bd10      	pop	{r4, pc}
10002660:	43d8      	mvns	r0, r3
10002662:	43d9      	mvns	r1, r3
10002664:	bd10      	pop	{r4, pc}
10002666:	3220      	adds	r2, #32
10002668:	d407      	bmi.n	1000267a <d2fix_a+0x34>
1000266a:	460c      	mov	r4, r1
1000266c:	4094      	lsls	r4, r2
1000266e:	4252      	negs	r2, r2
10002670:	3220      	adds	r2, #32
10002672:	4111      	asrs	r1, r2
10002674:	40d0      	lsrs	r0, r2
10002676:	4320      	orrs	r0, r4
10002678:	bd10      	pop	{r4, pc}
1000267a:	0008      	movs	r0, r1
1000267c:	17c9      	asrs	r1, r1, #31
1000267e:	3220      	adds	r2, #32
10002680:	d403      	bmi.n	1000268a <d2fix_a+0x44>
10002682:	4252      	negs	r2, r2
10002684:	3220      	adds	r2, #32
10002686:	4110      	asrs	r0, r2
10002688:	bd10      	pop	{r4, pc}
1000268a:	0018      	movs	r0, r3
1000268c:	0019      	movs	r1, r3
1000268e:	bd10      	pop	{r4, pc}
10002690:	10002647 	.word	0x10002647

10002694 <dunpacks>:
10002694:	0d0a      	lsrs	r2, r1, #20
10002696:	0fcc      	lsrs	r4, r1, #31
10002698:	1e53      	subs	r3, r2, #1
1000269a:	051b      	lsls	r3, r3, #20
1000269c:	1ac9      	subs	r1, r1, r3
1000269e:	0552      	lsls	r2, r2, #21
100026a0:	d303      	bcc.n	100026aa <l60_1>
100026a2:	43c9      	mvns	r1, r1
100026a4:	4240      	negs	r0, r0
100026a6:	d300      	bcc.n	100026aa <l60_1>
100026a8:	3101      	adds	r1, #1

100026aa <l60_1>:
100026aa:	0d52      	lsrs	r2, r2, #21
100026ac:	d003      	beq.n	100026b6 <l60_2>
100026ae:	1c53      	adds	r3, r2, #1
100026b0:	0adb      	lsrs	r3, r3, #11
100026b2:	d007      	beq.n	100026c4 <l60_3>
100026b4:	1b12      	subs	r2, r2, r4

100026b6 <l60_2>:
100026b6:	2000      	movs	r0, #0
100026b8:	0064      	lsls	r4, r4, #1
100026ba:	1c61      	adds	r1, r4, #1
100026bc:	0789      	lsls	r1, r1, #30
100026be:	1289      	asrs	r1, r1, #10
100026c0:	3a80      	subs	r2, #128	@ 0x80
100026c2:	0312      	lsls	r2, r2, #12

100026c4 <l60_3>:
100026c4:	4b01      	ldr	r3, [pc, #4]	@ (100026cc <l60_3+0x8>)
100026c6:	1ad2      	subs	r2, r2, r3
100026c8:	4770      	bx	lr
100026ca:	0000      	.short	0x0000
100026cc:	000003ff 	.word	0x000003ff

100026d0 <__wrap___aeabi_lmul>:
100026d0:	4351      	muls	r1, r2
100026d2:	4343      	muls	r3, r0
100026d4:	18c9      	adds	r1, r1, r3
100026d6:	468c      	mov	ip, r1
100026d8:	0c11      	lsrs	r1, r2, #16
100026da:	b283      	uxth	r3, r0
100026dc:	434b      	muls	r3, r1
100026de:	b410      	push	{r4}
100026e0:	0c04      	lsrs	r4, r0, #16
100026e2:	4361      	muls	r1, r4
100026e4:	b292      	uxth	r2, r2
100026e6:	b280      	uxth	r0, r0
100026e8:	4350      	muls	r0, r2
100026ea:	4362      	muls	r2, r4
100026ec:	041c      	lsls	r4, r3, #16
100026ee:	0c1b      	lsrs	r3, r3, #16
100026f0:	1900      	adds	r0, r0, r4
100026f2:	bc10      	pop	{r4}
100026f4:	4159      	adcs	r1, r3
100026f6:	0413      	lsls	r3, r2, #16
100026f8:	0c12      	lsrs	r2, r2, #16
100026fa:	18c0      	adds	r0, r0, r3
100026fc:	4151      	adcs	r1, r2
100026fe:	4461      	add	r1, ip
10002700:	4770      	bx	lr
	...

10002704 <__aeabi_float_init>:
10002704:	2313      	movs	r3, #19
10002706:	b510      	push	{r4, lr}
10002708:	781c      	ldrb	r4, [r3, #0]
1000270a:	4813      	ldr	r0, [pc, #76]	@ (10002758 <__aeabi_float_init+0x54>)
1000270c:	f7ff f818 	bl	10001740 <rom_data_lookup>
10002710:	2c01      	cmp	r4, #1
10002712:	d00b      	beq.n	1000272c <__aeabi_float_init+0x28>
10002714:	dd04      	ble.n	10002720 <__aeabi_float_init+0x1c>
10002716:	0001      	movs	r1, r0
10002718:	2280      	movs	r2, #128	@ 0x80
1000271a:	4810      	ldr	r0, [pc, #64]	@ (1000275c <__aeabi_float_init+0x58>)
1000271c:	f000 f84a 	bl	100027b4 <__wrap___aeabi_memcpy>
10002720:	480f      	ldr	r0, [pc, #60]	@ (10002760 <__aeabi_float_init+0x5c>)
10002722:	f7ff f805 	bl	10001730 <rom_func_lookup>
10002726:	4b0f      	ldr	r3, [pc, #60]	@ (10002764 <__aeabi_float_init+0x60>)
10002728:	6018      	str	r0, [r3, #0]
1000272a:	bd10      	pop	{r4, pc}
1000272c:	4c0b      	ldr	r4, [pc, #44]	@ (1000275c <__aeabi_float_init+0x58>)
1000272e:	0001      	movs	r1, r0
10002730:	2254      	movs	r2, #84	@ 0x54
10002732:	0020      	movs	r0, r4
10002734:	f000 f83e 	bl	100027b4 <__wrap___aeabi_memcpy>
10002738:	4b0b      	ldr	r3, [pc, #44]	@ (10002768 <__aeabi_float_init+0x64>)
1000273a:	6563      	str	r3, [r4, #84]	@ 0x54
1000273c:	65a3      	str	r3, [r4, #88]	@ 0x58
1000273e:	65e3      	str	r3, [r4, #92]	@ 0x5c
10002740:	6623      	str	r3, [r4, #96]	@ 0x60
10002742:	6663      	str	r3, [r4, #100]	@ 0x64
10002744:	66a3      	str	r3, [r4, #104]	@ 0x68
10002746:	66e3      	str	r3, [r4, #108]	@ 0x6c
10002748:	6723      	str	r3, [r4, #112]	@ 0x70
1000274a:	6763      	str	r3, [r4, #116]	@ 0x74
1000274c:	67a3      	str	r3, [r4, #120]	@ 0x78
1000274e:	67e3      	str	r3, [r4, #124]	@ 0x7c
10002750:	6223      	str	r3, [r4, #32]
10002752:	61e3      	str	r3, [r4, #28]
10002754:	e7e4      	b.n	10002720 <__aeabi_float_init+0x1c>
10002756:	46c0      	nop			@ (mov r8, r8)
10002758:	00004653 	.word	0x00004653
1000275c:	20001380 	.word	0x20001380
10002760:	0000334c 	.word	0x0000334c
10002764:	20001c1c 	.word	0x20001c1c
10002768:	1000276d 	.word	0x1000276d

1000276c <float_table_shim_on_use_helper>:
1000276c:	b507      	push	{r0, r1, r2, lr}
1000276e:	4660      	mov	r0, ip
10002770:	8801      	ldrh	r1, [r0, #0]
10002772:	0a0a      	lsrs	r2, r1, #8
10002774:	3002      	adds	r0, #2
10002776:	2adf      	cmp	r2, #223	@ 0xdf
10002778:	d1fa      	bne.n	10002770 <float_table_shim_on_use_helper+0x4>
1000277a:	b2c9      	uxtb	r1, r1
1000277c:	0882      	lsrs	r2, r0, #2
1000277e:	d304      	bcc.n	1000278a <float_table_shim_on_use_helper+0x1e>
10002780:	8802      	ldrh	r2, [r0, #0]
10002782:	8840      	ldrh	r0, [r0, #2]
10002784:	0400      	lsls	r0, r0, #16
10002786:	4310      	orrs	r0, r2
10002788:	e000      	b.n	1000278c <float_table_shim_on_use_helper+0x20>
1000278a:	6800      	ldr	r0, [r0, #0]
1000278c:	4a01      	ldr	r2, [pc, #4]	@ (10002794 <float_table_shim_on_use_helper+0x28>)
1000278e:	5050      	str	r0, [r2, r1]
10002790:	9003      	str	r0, [sp, #12]
10002792:	bd07      	pop	{r0, r1, r2, pc}
10002794:	20001380 	.word	0x20001380

10002798 <__aeabi_mem_init>:
10002798:	4801      	ldr	r0, [pc, #4]	@ (100027a0 <__aeabi_mem_init+0x8>)
1000279a:	2104      	movs	r1, #4
1000279c:	4b01      	ldr	r3, [pc, #4]	@ (100027a4 <__aeabi_mem_init+0xc>)
1000279e:	4718      	bx	r3
100027a0:	20000fe0 	.word	0x20000fe0
100027a4:	10001751 	.word	0x10001751

100027a8 <__wrap_memset>:
100027a8:	4b01      	ldr	r3, [pc, #4]	@ (100027b0 <__wrap_memset+0x8>)
100027aa:	681b      	ldr	r3, [r3, #0]
100027ac:	4718      	bx	r3
100027ae:	0000      	.short	0x0000
100027b0:	20000fe0 	.word	0x20000fe0

100027b4 <__wrap___aeabi_memcpy>:
100027b4:	4b01      	ldr	r3, [pc, #4]	@ (100027bc <__wrap___aeabi_memcpy+0x8>)
100027b6:	685b      	ldr	r3, [r3, #4]
100027b8:	4718      	bx	r3
100027ba:	0000      	.short	0x0000
100027bc:	20000fe0 	.word	0x20000fe0

100027c0 <_out_null>:
100027c0:	4770      	bx	lr
100027c2:	46c0      	nop			@ (mov r8, r8)

100027c4 <_out_rev>:
100027c4:	b5f8      	push	{r3, r4, r5, r6, r7, lr}
100027c6:	46de      	mov	lr, fp
100027c8:	4657      	mov	r7, sl
100027ca:	464e      	mov	r6, r9
100027cc:	4645      	mov	r5, r8
100027ce:	b5e0      	push	{r5, r6, r7, lr}
100027d0:	4699      	mov	r9, r3
100027d2:	9b0d      	ldr	r3, [sp, #52]	@ 0x34
100027d4:	0007      	movs	r7, r0
100027d6:	4688      	mov	r8, r1
100027d8:	4693      	mov	fp, r2
100027da:	079b      	lsls	r3, r3, #30
100027dc:	d028      	beq.n	10002830 <_out_rev+0x6c>
100027de:	9b0b      	ldr	r3, [sp, #44]	@ 0x2c
100027e0:	2b00      	cmp	r3, #0
100027e2:	d03c      	beq.n	1000285e <_out_rev+0x9a>
100027e4:	0016      	movs	r6, r2
100027e6:	9c0b      	ldr	r4, [sp, #44]	@ 0x2c
100027e8:	9d0a      	ldr	r5, [sp, #40]	@ 0x28
100027ea:	1936      	adds	r6, r6, r4
100027ec:	1b32      	subs	r2, r6, r4
100027ee:	3c01      	subs	r4, #1
100027f0:	464b      	mov	r3, r9
100027f2:	4641      	mov	r1, r8
100027f4:	5d28      	ldrb	r0, [r5, r4]
100027f6:	47b8      	blx	r7
100027f8:	2c00      	cmp	r4, #0
100027fa:	d1f7      	bne.n	100027ec <_out_rev+0x28>
100027fc:	0035      	movs	r5, r6
100027fe:	9b0d      	ldr	r3, [sp, #52]	@ 0x34
10002800:	079b      	lsls	r3, r3, #30
10002802:	d50e      	bpl.n	10002822 <_out_rev+0x5e>
10002804:	465b      	mov	r3, fp
10002806:	1aec      	subs	r4, r5, r3
10002808:	9b0c      	ldr	r3, [sp, #48]	@ 0x30
1000280a:	42a3      	cmp	r3, r4
1000280c:	d909      	bls.n	10002822 <_out_rev+0x5e>
1000280e:	001e      	movs	r6, r3
10002810:	002a      	movs	r2, r5
10002812:	464b      	mov	r3, r9
10002814:	4641      	mov	r1, r8
10002816:	2020      	movs	r0, #32
10002818:	3401      	adds	r4, #1
1000281a:	47b8      	blx	r7
1000281c:	3501      	adds	r5, #1
1000281e:	42b4      	cmp	r4, r6
10002820:	d3f6      	bcc.n	10002810 <_out_rev+0x4c>
10002822:	0028      	movs	r0, r5
10002824:	bcf0      	pop	{r4, r5, r6, r7}
10002826:	46bb      	mov	fp, r7
10002828:	46b2      	mov	sl, r6
1000282a:	46a9      	mov	r9, r5
1000282c:	46a0      	mov	r8, r4
1000282e:	bdf8      	pop	{r3, r4, r5, r6, r7, pc}
10002830:	9b0b      	ldr	r3, [sp, #44]	@ 0x2c
10002832:	9a0c      	ldr	r2, [sp, #48]	@ 0x30
10002834:	4293      	cmp	r3, r2
10002836:	d214      	bcs.n	10002862 <_out_rev+0x9e>
10002838:	0013      	movs	r3, r2
1000283a:	465d      	mov	r5, fp
1000283c:	000c      	movs	r4, r1
1000283e:	9a0b      	ldr	r2, [sp, #44]	@ 0x2c
10002840:	1a9e      	subs	r6, r3, r2
10002842:	1976      	adds	r6, r6, r5
10002844:	002a      	movs	r2, r5
10002846:	464b      	mov	r3, r9
10002848:	3501      	adds	r5, #1
1000284a:	0021      	movs	r1, r4
1000284c:	2020      	movs	r0, #32
1000284e:	47b8      	blx	r7
10002850:	42b5      	cmp	r5, r6
10002852:	d1f7      	bne.n	10002844 <_out_rev+0x80>
10002854:	9b0b      	ldr	r3, [sp, #44]	@ 0x2c
10002856:	46a0      	mov	r8, r4
10002858:	2b00      	cmp	r3, #0
1000285a:	d1c4      	bne.n	100027e6 <_out_rev+0x22>
1000285c:	e7e1      	b.n	10002822 <_out_rev+0x5e>
1000285e:	0015      	movs	r5, r2
10002860:	e7cd      	b.n	100027fe <_out_rev+0x3a>
10002862:	465e      	mov	r6, fp
10002864:	2b00      	cmp	r3, #0
10002866:	d1be      	bne.n	100027e6 <_out_rev+0x22>
10002868:	465d      	mov	r5, fp
1000286a:	e7da      	b.n	10002822 <_out_rev+0x5e>

1000286c <_ntoa_format>:
1000286c:	b5f0      	push	{r4, r5, r6, r7, lr}
1000286e:	464f      	mov	r7, r9
10002870:	46d6      	mov	lr, sl
10002872:	4646      	mov	r6, r8
10002874:	b5c0      	push	{r6, r7, lr}
10002876:	b084      	sub	sp, #16
10002878:	469c      	mov	ip, r3
1000287a:	ab0e      	add	r3, sp, #56	@ 0x38
1000287c:	781f      	ldrb	r7, [r3, #0]
1000287e:	9b12      	ldr	r3, [sp, #72]	@ 0x48
10002880:	4691      	mov	r9, r2
10002882:	46ba      	mov	sl, r7
10002884:	9c0d      	ldr	r4, [sp, #52]	@ 0x34
10002886:	9e10      	ldr	r6, [sp, #64]	@ 0x40
10002888:	9d11      	ldr	r5, [sp, #68]	@ 0x44
1000288a:	079b      	lsls	r3, r3, #30
1000288c:	d44c      	bmi.n	10002928 <_ntoa_format+0xbc>
1000288e:	2d00      	cmp	r5, #0
10002890:	d141      	bne.n	10002916 <_ntoa_format+0xaa>
10002892:	42b4      	cmp	r4, r6
10002894:	d248      	bcs.n	10002928 <_ntoa_format+0xbc>
10002896:	2301      	movs	r3, #1
10002898:	9f12      	ldr	r7, [sp, #72]	@ 0x48
1000289a:	401f      	ands	r7, r3
1000289c:	46b8      	mov	r8, r7
1000289e:	9b0c      	ldr	r3, [sp, #48]	@ 0x30
100028a0:	1e5f      	subs	r7, r3, #1
100028a2:	2330      	movs	r3, #48	@ 0x30
100028a4:	e003      	b.n	100028ae <_ntoa_format+0x42>
100028a6:	3401      	adds	r4, #1
100028a8:	553b      	strb	r3, [r7, r4]
100028aa:	42a6      	cmp	r6, r4
100028ac:	d901      	bls.n	100028b2 <_ntoa_format+0x46>
100028ae:	2c20      	cmp	r4, #32
100028b0:	d1f9      	bne.n	100028a6 <_ntoa_format+0x3a>
100028b2:	4643      	mov	r3, r8
100028b4:	2b00      	cmp	r3, #0
100028b6:	d100      	bne.n	100028ba <_ntoa_format+0x4e>
100028b8:	e087      	b.n	100029ca <_ntoa_format+0x15e>
100028ba:	9b0c      	ldr	r3, [sp, #48]	@ 0x30
100028bc:	1e5f      	subs	r7, r3, #1
100028be:	2330      	movs	r3, #48	@ 0x30
100028c0:	42a5      	cmp	r5, r4
100028c2:	d804      	bhi.n	100028ce <_ntoa_format+0x62>
100028c4:	e030      	b.n	10002928 <_ntoa_format+0xbc>
100028c6:	3401      	adds	r4, #1
100028c8:	553b      	strb	r3, [r7, r4]
100028ca:	42ac      	cmp	r4, r5
100028cc:	d02c      	beq.n	10002928 <_ntoa_format+0xbc>
100028ce:	2c20      	cmp	r4, #32
100028d0:	d1f9      	bne.n	100028c6 <_ntoa_format+0x5a>
100028d2:	9b12      	ldr	r3, [sp, #72]	@ 0x48
100028d4:	06db      	lsls	r3, r3, #27
100028d6:	d50d      	bpl.n	100028f4 <_ntoa_format+0x88>
100028d8:	9b12      	ldr	r3, [sp, #72]	@ 0x48
100028da:	055b      	lsls	r3, r3, #21
100028dc:	d457      	bmi.n	1000298e <_ntoa_format+0x122>
100028de:	42a6      	cmp	r6, r4
100028e0:	d067      	beq.n	100029b2 <_ntoa_format+0x146>
100028e2:	42a5      	cmp	r5, r4
100028e4:	d065      	beq.n	100029b2 <_ntoa_format+0x146>
100028e6:	9b0f      	ldr	r3, [sp, #60]	@ 0x3c
100028e8:	2b10      	cmp	r3, #16
100028ea:	d053      	beq.n	10002994 <_ntoa_format+0x128>
100028ec:	2b02      	cmp	r3, #2
100028ee:	d05b      	beq.n	100029a8 <_ntoa_format+0x13c>
100028f0:	2c20      	cmp	r4, #32
100028f2:	d136      	bne.n	10002962 <_ntoa_format+0xf6>
100028f4:	2320      	movs	r3, #32
100028f6:	9c12      	ldr	r4, [sp, #72]	@ 0x48
100028f8:	9301      	str	r3, [sp, #4]
100028fa:	9b0c      	ldr	r3, [sp, #48]	@ 0x30
100028fc:	464a      	mov	r2, r9
100028fe:	9300      	str	r3, [sp, #0]
10002900:	9403      	str	r4, [sp, #12]
10002902:	4663      	mov	r3, ip
10002904:	9502      	str	r5, [sp, #8]
10002906:	f7ff ff5d 	bl	100027c4 <_out_rev>
1000290a:	b004      	add	sp, #16
1000290c:	bce0      	pop	{r5, r6, r7}
1000290e:	46ba      	mov	sl, r7
10002910:	46b1      	mov	r9, r6
10002912:	46a8      	mov	r8, r5
10002914:	bdf0      	pop	{r4, r5, r6, r7, pc}
10002916:	2301      	movs	r3, #1
10002918:	9a12      	ldr	r2, [sp, #72]	@ 0x48
1000291a:	4013      	ands	r3, r2
1000291c:	4698      	mov	r8, r3
1000291e:	2301      	movs	r3, #1
10002920:	4213      	tst	r3, r2
10002922:	d12d      	bne.n	10002980 <_ntoa_format+0x114>
10002924:	42b4      	cmp	r4, r6
10002926:	d3ba      	bcc.n	1000289e <_ntoa_format+0x32>
10002928:	9b12      	ldr	r3, [sp, #72]	@ 0x48
1000292a:	06db      	lsls	r3, r3, #27
1000292c:	d51e      	bpl.n	1000296c <_ntoa_format+0x100>
1000292e:	9b12      	ldr	r3, [sp, #72]	@ 0x48
10002930:	055b      	lsls	r3, r3, #21
10002932:	d4d8      	bmi.n	100028e6 <_ntoa_format+0x7a>
10002934:	2c00      	cmp	r4, #0
10002936:	d1d2      	bne.n	100028de <_ntoa_format+0x72>
10002938:	9b0f      	ldr	r3, [sp, #60]	@ 0x3c
1000293a:	2b10      	cmp	r3, #16
1000293c:	d060      	beq.n	10002a00 <_ntoa_format+0x194>
1000293e:	9b0f      	ldr	r3, [sp, #60]	@ 0x3c
10002940:	2b02      	cmp	r3, #2
10002942:	d071      	beq.n	10002a28 <_ntoa_format+0x1bc>
10002944:	2330      	movs	r3, #48	@ 0x30
10002946:	2401      	movs	r4, #1
10002948:	9a0c      	ldr	r2, [sp, #48]	@ 0x30
1000294a:	7013      	strb	r3, [r2, #0]
1000294c:	4653      	mov	r3, sl
1000294e:	2b00      	cmp	r3, #0
10002950:	d111      	bne.n	10002976 <_ntoa_format+0x10a>
10002952:	9b12      	ldr	r3, [sp, #72]	@ 0x48
10002954:	075b      	lsls	r3, r3, #29
10002956:	d540      	bpl.n	100029da <_ntoa_format+0x16e>
10002958:	262b      	movs	r6, #43	@ 0x2b
1000295a:	9a0c      	ldr	r2, [sp, #48]	@ 0x30
1000295c:	1c63      	adds	r3, r4, #1
1000295e:	5516      	strb	r6, [r2, r4]
10002960:	e7c9      	b.n	100028f6 <_ntoa_format+0x8a>
10002962:	0023      	movs	r3, r4
10002964:	3401      	adds	r4, #1
10002966:	2630      	movs	r6, #48	@ 0x30
10002968:	9a0c      	ldr	r2, [sp, #48]	@ 0x30
1000296a:	54d6      	strb	r6, [r2, r3]
1000296c:	2c20      	cmp	r4, #32
1000296e:	d0c1      	beq.n	100028f4 <_ntoa_format+0x88>
10002970:	4653      	mov	r3, sl
10002972:	2b00      	cmp	r3, #0
10002974:	d0ed      	beq.n	10002952 <_ntoa_format+0xe6>
10002976:	262d      	movs	r6, #45	@ 0x2d
10002978:	9a0c      	ldr	r2, [sp, #48]	@ 0x30
1000297a:	1c63      	adds	r3, r4, #1
1000297c:	5516      	strb	r6, [r2, r4]
1000297e:	e7ba      	b.n	100028f6 <_ntoa_format+0x8a>
10002980:	2f00      	cmp	r7, #0
10002982:	d034      	beq.n	100029ee <_ntoa_format+0x182>
10002984:	3d01      	subs	r5, #1
10002986:	42b4      	cmp	r4, r6
10002988:	d200      	bcs.n	1000298c <_ntoa_format+0x120>
1000298a:	e788      	b.n	1000289e <_ntoa_format+0x32>
1000298c:	e795      	b.n	100028ba <_ntoa_format+0x4e>
1000298e:	9b0f      	ldr	r3, [sp, #60]	@ 0x3c
10002990:	2b10      	cmp	r3, #16
10002992:	d1af      	bne.n	100028f4 <_ntoa_format+0x88>
10002994:	9b12      	ldr	r3, [sp, #72]	@ 0x48
10002996:	069b      	lsls	r3, r3, #26
10002998:	d53c      	bpl.n	10002a14 <_ntoa_format+0x1a8>
1000299a:	2c20      	cmp	r4, #32
1000299c:	d0aa      	beq.n	100028f4 <_ntoa_format+0x88>
1000299e:	2358      	movs	r3, #88	@ 0x58
100029a0:	9a0c      	ldr	r2, [sp, #48]	@ 0x30
100029a2:	5513      	strb	r3, [r2, r4]
100029a4:	3401      	adds	r4, #1
100029a6:	e7a3      	b.n	100028f0 <_ntoa_format+0x84>
100029a8:	2c20      	cmp	r4, #32
100029aa:	d0a3      	beq.n	100028f4 <_ntoa_format+0x88>
100029ac:	0023      	movs	r3, r4
100029ae:	3401      	adds	r4, #1
100029b0:	e007      	b.n	100029c2 <_ntoa_format+0x156>
100029b2:	1e63      	subs	r3, r4, #1
100029b4:	2c01      	cmp	r4, #1
100029b6:	d0bf      	beq.n	10002938 <_ntoa_format+0xcc>
100029b8:	9a0f      	ldr	r2, [sp, #60]	@ 0x3c
100029ba:	2a10      	cmp	r2, #16
100029bc:	d036      	beq.n	10002a2c <_ntoa_format+0x1c0>
100029be:	2a02      	cmp	r2, #2
100029c0:	d1d1      	bne.n	10002966 <_ntoa_format+0xfa>
100029c2:	2662      	movs	r6, #98	@ 0x62
100029c4:	9a0c      	ldr	r2, [sp, #48]	@ 0x30
100029c6:	54d6      	strb	r6, [r2, r3]
100029c8:	e792      	b.n	100028f0 <_ntoa_format+0x84>
100029ca:	9b12      	ldr	r3, [sp, #72]	@ 0x48
100029cc:	06db      	lsls	r3, r3, #27
100029ce:	d5cd      	bpl.n	1000296c <_ntoa_format+0x100>
100029d0:	9b12      	ldr	r3, [sp, #72]	@ 0x48
100029d2:	055b      	lsls	r3, r3, #21
100029d4:	d400      	bmi.n	100029d8 <_ntoa_format+0x16c>
100029d6:	e782      	b.n	100028de <_ntoa_format+0x72>
100029d8:	e785      	b.n	100028e6 <_ntoa_format+0x7a>
100029da:	9a12      	ldr	r2, [sp, #72]	@ 0x48
100029dc:	0023      	movs	r3, r4
100029de:	0716      	lsls	r6, r2, #28
100029e0:	d400      	bmi.n	100029e4 <_ntoa_format+0x178>
100029e2:	e788      	b.n	100028f6 <_ntoa_format+0x8a>
100029e4:	2620      	movs	r6, #32
100029e6:	9a0c      	ldr	r2, [sp, #48]	@ 0x30
100029e8:	3301      	adds	r3, #1
100029ea:	5516      	strb	r6, [r2, r4]
100029ec:	e783      	b.n	100028f6 <_ntoa_format+0x8a>
100029ee:	230c      	movs	r3, #12
100029f0:	4013      	ands	r3, r2
100029f2:	1e5f      	subs	r7, r3, #1
100029f4:	41bb      	sbcs	r3, r7
100029f6:	1aed      	subs	r5, r5, r3
100029f8:	42b4      	cmp	r4, r6
100029fa:	d200      	bcs.n	100029fe <_ntoa_format+0x192>
100029fc:	e74f      	b.n	1000289e <_ntoa_format+0x32>
100029fe:	e75c      	b.n	100028ba <_ntoa_format+0x4e>
10002a00:	9b12      	ldr	r3, [sp, #72]	@ 0x48
10002a02:	069b      	lsls	r3, r3, #26
10002a04:	d40e      	bmi.n	10002a24 <_ntoa_format+0x1b8>
10002a06:	2378      	movs	r3, #120	@ 0x78
10002a08:	9a0c      	ldr	r2, [sp, #48]	@ 0x30
10002a0a:	2402      	movs	r4, #2
10002a0c:	7013      	strb	r3, [r2, #0]
10002a0e:	2330      	movs	r3, #48	@ 0x30
10002a10:	7053      	strb	r3, [r2, #1]
10002a12:	e79b      	b.n	1000294c <_ntoa_format+0xe0>
10002a14:	2c20      	cmp	r4, #32
10002a16:	d100      	bne.n	10002a1a <_ntoa_format+0x1ae>
10002a18:	e76c      	b.n	100028f4 <_ntoa_format+0x88>
10002a1a:	2378      	movs	r3, #120	@ 0x78
10002a1c:	9a0c      	ldr	r2, [sp, #48]	@ 0x30
10002a1e:	5513      	strb	r3, [r2, r4]
10002a20:	3401      	adds	r4, #1
10002a22:	e765      	b.n	100028f0 <_ntoa_format+0x84>
10002a24:	2358      	movs	r3, #88	@ 0x58
10002a26:	e7ef      	b.n	10002a08 <_ntoa_format+0x19c>
10002a28:	3360      	adds	r3, #96	@ 0x60
10002a2a:	e7ed      	b.n	10002a08 <_ntoa_format+0x19c>
10002a2c:	9a0c      	ldr	r2, [sp, #48]	@ 0x30
10002a2e:	1ea6      	subs	r6, r4, #2
10002a30:	18b6      	adds	r6, r6, r2
10002a32:	9a12      	ldr	r2, [sp, #72]	@ 0x48
10002a34:	0692      	lsls	r2, r2, #26
10002a36:	d502      	bpl.n	10002a3e <_ntoa_format+0x1d2>
10002a38:	2258      	movs	r2, #88	@ 0x58
10002a3a:	7032      	strb	r2, [r6, #0]
10002a3c:	e793      	b.n	10002966 <_ntoa_format+0xfa>
10002a3e:	2278      	movs	r2, #120	@ 0x78
10002a40:	7032      	strb	r2, [r6, #0]
10002a42:	e790      	b.n	10002966 <_ntoa_format+0xfa>

10002a44 <_out_char>:
10002a44:	b510      	push	{r4, lr}
10002a46:	2800      	cmp	r0, #0
10002a48:	d100      	bne.n	10002a4c <_out_char+0x8>
10002a4a:	bd10      	pop	{r4, pc}
10002a4c:	f001 fbf4 	bl	10004238 <__wrap_putchar>
10002a50:	e7fb      	b.n	10002a4a <_out_char+0x6>
10002a52:	46c0      	nop			@ (mov r8, r8)

10002a54 <_out_fct>:
10002a54:	b510      	push	{r4, lr}
10002a56:	2800      	cmp	r0, #0
10002a58:	d003      	beq.n	10002a62 <_out_fct+0xe>
10002a5a:	684a      	ldr	r2, [r1, #4]
10002a5c:	680b      	ldr	r3, [r1, #0]
10002a5e:	0011      	movs	r1, r2
10002a60:	4798      	blx	r3
10002a62:	bd10      	pop	{r4, pc}

10002a64 <_ftoa>:
10002a64:	b5f0      	push	{r4, r5, r6, r7, lr}
10002a66:	464e      	mov	r6, r9
10002a68:	46de      	mov	lr, fp
10002a6a:	4657      	mov	r7, sl
10002a6c:	4645      	mov	r5, r8
10002a6e:	b5e0      	push	{r5, r6, r7, lr}
10002a70:	b095      	sub	sp, #84	@ 0x54
10002a72:	4683      	mov	fp, r0
10002a74:	4689      	mov	r9, r1
10002a76:	4692      	mov	sl, r2
10002a78:	4698      	mov	r8, r3
10002a7a:	9a1e      	ldr	r2, [sp, #120]	@ 0x78
10002a7c:	9b1f      	ldr	r3, [sp, #124]	@ 0x7c
10002a7e:	0010      	movs	r0, r2
10002a80:	0019      	movs	r1, r3
10002a82:	9e20      	ldr	r6, [sp, #128]	@ 0x80
10002a84:	f7ff fac9 	bl	1000201a <__wrap___aeabi_dcmpun>
10002a88:	2800      	cmp	r0, #0
10002a8a:	d000      	beq.n	10002a8e <_ftoa+0x2a>
10002a8c:	e1d2      	b.n	10002e34 <_ftoa+0x3d0>
10002a8e:	981e      	ldr	r0, [sp, #120]	@ 0x78
10002a90:	991f      	ldr	r1, [sp, #124]	@ 0x7c
10002a92:	2201      	movs	r2, #1
10002a94:	4bc4      	ldr	r3, [pc, #784]	@ (10002da8 <_ftoa+0x344>)
10002a96:	4252      	negs	r2, r2
10002a98:	f7ff faa4 	bl	10001fe4 <__wrap___aeabi_dcmplt>
10002a9c:	2800      	cmp	r0, #0
10002a9e:	d000      	beq.n	10002aa2 <_ftoa+0x3e>
10002aa0:	e101      	b.n	10002ca6 <_ftoa+0x242>
10002aa2:	981e      	ldr	r0, [sp, #120]	@ 0x78
10002aa4:	991f      	ldr	r1, [sp, #124]	@ 0x7c
10002aa6:	2201      	movs	r2, #1
10002aa8:	4bc0      	ldr	r3, [pc, #768]	@ (10002dac <_ftoa+0x348>)
10002aaa:	4252      	negs	r2, r2
10002aac:	f7ff fab0 	bl	10002010 <__wrap___aeabi_dcmpgt>
10002ab0:	2800      	cmp	r0, #0
10002ab2:	d000      	beq.n	10002ab6 <_ftoa+0x52>
10002ab4:	e0d6      	b.n	10002c64 <_ftoa+0x200>
10002ab6:	981e      	ldr	r0, [sp, #120]	@ 0x78
10002ab8:	991f      	ldr	r1, [sp, #124]	@ 0x7c
10002aba:	2200      	movs	r2, #0
10002abc:	4bbc      	ldr	r3, [pc, #752]	@ (10002db0 <_ftoa+0x34c>)
10002abe:	f7ff faa7 	bl	10002010 <__wrap___aeabi_dcmpgt>
10002ac2:	2800      	cmp	r0, #0
10002ac4:	d000      	beq.n	10002ac8 <_ftoa+0x64>
10002ac6:	e0b5      	b.n	10002c34 <_ftoa+0x1d0>
10002ac8:	981e      	ldr	r0, [sp, #120]	@ 0x78
10002aca:	991f      	ldr	r1, [sp, #124]	@ 0x7c
10002acc:	2200      	movs	r2, #0
10002ace:	4bb9      	ldr	r3, [pc, #740]	@ (10002db4 <_ftoa+0x350>)
10002ad0:	f7ff fa88 	bl	10001fe4 <__wrap___aeabi_dcmplt>
10002ad4:	2800      	cmp	r0, #0
10002ad6:	d000      	beq.n	10002ada <_ftoa+0x76>
10002ad8:	e0ac      	b.n	10002c34 <_ftoa+0x1d0>
10002ada:	981e      	ldr	r0, [sp, #120]	@ 0x78
10002adc:	991f      	ldr	r1, [sp, #124]	@ 0x7c
10002ade:	2200      	movs	r2, #0
10002ae0:	2300      	movs	r3, #0
10002ae2:	f7ff fa7f 	bl	10001fe4 <__wrap___aeabi_dcmplt>
10002ae6:	2800      	cmp	r0, #0
10002ae8:	d000      	beq.n	10002aec <_ftoa+0x88>
10002aea:	e0d1      	b.n	10002c90 <_ftoa+0x22c>
10002aec:	2300      	movs	r3, #0
10002aee:	930b      	str	r3, [sp, #44]	@ 0x2c
10002af0:	9b22      	ldr	r3, [sp, #136]	@ 0x88
10002af2:	055b      	lsls	r3, r3, #21
10002af4:	d400      	bmi.n	10002af8 <_ftoa+0x94>
10002af6:	2606      	movs	r6, #6
10002af8:	2400      	movs	r4, #0
10002afa:	2330      	movs	r3, #48	@ 0x30
10002afc:	e006      	b.n	10002b0c <_ftoa+0xa8>
10002afe:	aa06      	add	r2, sp, #24
10002b00:	3401      	adds	r4, #1
10002b02:	3217      	adds	r2, #23
10002b04:	5513      	strb	r3, [r2, r4]
10002b06:	3e01      	subs	r6, #1
10002b08:	2c20      	cmp	r4, #32
10002b0a:	d001      	beq.n	10002b10 <_ftoa+0xac>
10002b0c:	2e09      	cmp	r6, #9
10002b0e:	d8f6      	bhi.n	10002afe <_ftoa+0x9a>
10002b10:	981e      	ldr	r0, [sp, #120]	@ 0x78
10002b12:	991f      	ldr	r1, [sp, #124]	@ 0x7c
10002b14:	f7ff faaa 	bl	1000206c <__wrap___aeabi_d2iz>
10002b18:	4ba7      	ldr	r3, [pc, #668]	@ (10002db8 <_ftoa+0x354>)
10002b1a:	00f2      	lsls	r2, r6, #3
10002b1c:	189b      	adds	r3, r3, r2
10002b1e:	cb0c      	ldmia	r3, {r2, r3}
10002b20:	0005      	movs	r5, r0
10002b22:	9208      	str	r2, [sp, #32]
10002b24:	9309      	str	r3, [sp, #36]	@ 0x24
10002b26:	f7ff fa89 	bl	1000203c <__wrap___aeabi_i2d>
10002b2a:	0002      	movs	r2, r0
10002b2c:	000b      	movs	r3, r1
10002b2e:	981e      	ldr	r0, [sp, #120]	@ 0x78
10002b30:	991f      	ldr	r1, [sp, #124]	@ 0x7c
10002b32:	f7ff f9e4 	bl	10001efe <__wrap___aeabi_dsub>
10002b36:	9a08      	ldr	r2, [sp, #32]
10002b38:	9b09      	ldr	r3, [sp, #36]	@ 0x24
10002b3a:	f7ff fa10 	bl	10001f5e <__wrap___aeabi_dmul>
10002b3e:	9006      	str	r0, [sp, #24]
10002b40:	9107      	str	r1, [sp, #28]
10002b42:	f7ff fab7 	bl	100020b4 <__wrap___aeabi_d2uiz>
10002b46:	0007      	movs	r7, r0
10002b48:	f7ff fa74 	bl	10002034 <__wrap___aeabi_ui2d>
10002b4c:	0002      	movs	r2, r0
10002b4e:	000b      	movs	r3, r1
10002b50:	9806      	ldr	r0, [sp, #24]
10002b52:	9907      	ldr	r1, [sp, #28]
10002b54:	f7ff f9d3 	bl	10001efe <__wrap___aeabi_dsub>
10002b58:	2200      	movs	r2, #0
10002b5a:	4b98      	ldr	r3, [pc, #608]	@ (10002dbc <_ftoa+0x358>)
10002b5c:	9006      	str	r0, [sp, #24]
10002b5e:	9107      	str	r1, [sp, #28]
10002b60:	f7ff fa56 	bl	10002010 <__wrap___aeabi_dcmpgt>
10002b64:	2800      	cmp	r0, #0
10002b66:	d100      	bne.n	10002b6a <_ftoa+0x106>
10002b68:	e0e9      	b.n	10002d3e <_ftoa+0x2da>
10002b6a:	3701      	adds	r7, #1
10002b6c:	0038      	movs	r0, r7
10002b6e:	f7ff fa61 	bl	10002034 <__wrap___aeabi_ui2d>
10002b72:	0002      	movs	r2, r0
10002b74:	000b      	movs	r3, r1
10002b76:	9808      	ldr	r0, [sp, #32]
10002b78:	9909      	ldr	r1, [sp, #36]	@ 0x24
10002b7a:	f7ff fa39 	bl	10001ff0 <__wrap___aeabi_dcmple>
10002b7e:	2800      	cmp	r0, #0
10002b80:	d001      	beq.n	10002b86 <_ftoa+0x122>
10002b82:	2700      	movs	r7, #0
10002b84:	3501      	adds	r5, #1
10002b86:	2e00      	cmp	r6, #0
10002b88:	d100      	bne.n	10002b8c <_ftoa+0x128>
10002b8a:	e0b7      	b.n	10002cfc <_ftoa+0x298>
10002b8c:	9506      	str	r5, [sp, #24]
10002b8e:	e013      	b.n	10002bb8 <_ftoa+0x154>
10002b90:	2317      	movs	r3, #23
10002b92:	aa06      	add	r2, sp, #24
10002b94:	189b      	adds	r3, r3, r2
10002b96:	210a      	movs	r1, #10
10002b98:	0038      	movs	r0, r7
10002b9a:	3401      	adds	r4, #1
10002b9c:	191d      	adds	r5, r3, r4
10002b9e:	f7fe ff73 	bl	10001a88 <__wrap___aeabi_uidiv>
10002ba2:	3130      	adds	r1, #48	@ 0x30
10002ba4:	7029      	strb	r1, [r5, #0]
10002ba6:	0038      	movs	r0, r7
10002ba8:	210a      	movs	r1, #10
10002baa:	3e01      	subs	r6, #1
10002bac:	f7fe ff6c 	bl	10001a88 <__wrap___aeabi_uidiv>
10002bb0:	2f09      	cmp	r7, #9
10002bb2:	d800      	bhi.n	10002bb6 <_ftoa+0x152>
10002bb4:	e0e1      	b.n	10002d7a <_ftoa+0x316>
10002bb6:	0007      	movs	r7, r0
10002bb8:	2c20      	cmp	r4, #32
10002bba:	d1e9      	bne.n	10002b90 <_ftoa+0x12c>
10002bbc:	9d06      	ldr	r5, [sp, #24]
10002bbe:	2420      	movs	r4, #32
10002bc0:	ab0c      	add	r3, sp, #48	@ 0x30
10002bc2:	9306      	str	r3, [sp, #24]
10002bc4:	2717      	movs	r7, #23
10002bc6:	ab06      	add	r3, sp, #24
10002bc8:	18ff      	adds	r7, r7, r3
10002bca:	e00d      	b.n	10002be8 <_ftoa+0x184>
10002bcc:	0028      	movs	r0, r5
10002bce:	210a      	movs	r1, #10
10002bd0:	f7fe ff32 	bl	10001a38 <__wrap___aeabi_idiv>
10002bd4:	3401      	adds	r4, #1
10002bd6:	3130      	adds	r1, #48	@ 0x30
10002bd8:	0028      	movs	r0, r5
10002bda:	5539      	strb	r1, [r7, r4]
10002bdc:	210a      	movs	r1, #10
10002bde:	f7fe ff2b 	bl	10001a38 <__wrap___aeabi_idiv>
10002be2:	1e05      	subs	r5, r0, #0
10002be4:	d100      	bne.n	10002be8 <_ftoa+0x184>
10002be6:	e0b7      	b.n	10002d58 <_ftoa+0x2f4>
10002be8:	2c20      	cmp	r4, #32
10002bea:	d1ef      	bne.n	10002bcc <_ftoa+0x168>
10002bec:	2303      	movs	r3, #3
10002bee:	9a22      	ldr	r2, [sp, #136]	@ 0x88
10002bf0:	4013      	ands	r3, r2
10002bf2:	2b01      	cmp	r3, #1
10002bf4:	d117      	bne.n	10002c26 <_ftoa+0x1c2>
10002bf6:	9b21      	ldr	r3, [sp, #132]	@ 0x84
10002bf8:	2b00      	cmp	r3, #0
10002bfa:	d014      	beq.n	10002c26 <_ftoa+0x1c2>
10002bfc:	9b0b      	ldr	r3, [sp, #44]	@ 0x2c
10002bfe:	2b00      	cmp	r3, #0
10002c00:	d100      	bne.n	10002c04 <_ftoa+0x1a0>
10002c02:	e0e3      	b.n	10002dcc <_ftoa+0x368>
10002c04:	9b21      	ldr	r3, [sp, #132]	@ 0x84
10002c06:	3b01      	subs	r3, #1
10002c08:	9321      	str	r3, [sp, #132]	@ 0x84
10002c0a:	2b20      	cmp	r3, #32
10002c0c:	d90b      	bls.n	10002c26 <_ftoa+0x1c2>
10002c0e:	2330      	movs	r3, #48	@ 0x30
10002c10:	9a21      	ldr	r2, [sp, #132]	@ 0x84
10002c12:	e006      	b.n	10002c22 <_ftoa+0x1be>
10002c14:	a906      	add	r1, sp, #24
10002c16:	3401      	adds	r4, #1
10002c18:	3117      	adds	r1, #23
10002c1a:	550b      	strb	r3, [r1, r4]
10002c1c:	4294      	cmp	r4, r2
10002c1e:	d300      	bcc.n	10002c22 <_ftoa+0x1be>
10002c20:	e0a0      	b.n	10002d64 <_ftoa+0x300>
10002c22:	2c20      	cmp	r4, #32
10002c24:	d1f6      	bne.n	10002c14 <_ftoa+0x1b0>
10002c26:	9b22      	ldr	r3, [sp, #136]	@ 0x88
10002c28:	9401      	str	r4, [sp, #4]
10002c2a:	9303      	str	r3, [sp, #12]
10002c2c:	9b21      	ldr	r3, [sp, #132]	@ 0x84
10002c2e:	9302      	str	r3, [sp, #8]
10002c30:	9b06      	ldr	r3, [sp, #24]
10002c32:	e021      	b.n	10002c78 <_ftoa+0x214>
10002c34:	9b22      	ldr	r3, [sp, #136]	@ 0x88
10002c36:	4652      	mov	r2, sl
10002c38:	9304      	str	r3, [sp, #16]
10002c3a:	9b21      	ldr	r3, [sp, #132]	@ 0x84
10002c3c:	4649      	mov	r1, r9
10002c3e:	9303      	str	r3, [sp, #12]
10002c40:	4658      	mov	r0, fp
10002c42:	9b1e      	ldr	r3, [sp, #120]	@ 0x78
10002c44:	9c1f      	ldr	r4, [sp, #124]	@ 0x7c
10002c46:	9602      	str	r6, [sp, #8]
10002c48:	9300      	str	r3, [sp, #0]
10002c4a:	9401      	str	r4, [sp, #4]
10002c4c:	4643      	mov	r3, r8
10002c4e:	f000 f943 	bl	10002ed8 <_etoa>
10002c52:	0004      	movs	r4, r0
10002c54:	0020      	movs	r0, r4
10002c56:	b015      	add	sp, #84	@ 0x54
10002c58:	bcf0      	pop	{r4, r5, r6, r7}
10002c5a:	46bb      	mov	fp, r7
10002c5c:	46b2      	mov	sl, r6
10002c5e:	46a9      	mov	r9, r5
10002c60:	46a0      	mov	r8, r4
10002c62:	bdf0      	pop	{r4, r5, r6, r7, pc}
10002c64:	9b22      	ldr	r3, [sp, #136]	@ 0x88
10002c66:	075b      	lsls	r3, r3, #29
10002c68:	d40f      	bmi.n	10002c8a <_ftoa+0x226>
10002c6a:	2203      	movs	r2, #3
10002c6c:	4b54      	ldr	r3, [pc, #336]	@ (10002dc0 <_ftoa+0x35c>)
10002c6e:	9922      	ldr	r1, [sp, #136]	@ 0x88
10002c70:	9201      	str	r2, [sp, #4]
10002c72:	9103      	str	r1, [sp, #12]
10002c74:	9921      	ldr	r1, [sp, #132]	@ 0x84
10002c76:	9102      	str	r1, [sp, #8]
10002c78:	9300      	str	r3, [sp, #0]
10002c7a:	4652      	mov	r2, sl
10002c7c:	4643      	mov	r3, r8
10002c7e:	4649      	mov	r1, r9
10002c80:	4658      	mov	r0, fp
10002c82:	f7ff fd9f 	bl	100027c4 <_out_rev>
10002c86:	0004      	movs	r4, r0
10002c88:	e7e4      	b.n	10002c54 <_ftoa+0x1f0>
10002c8a:	2204      	movs	r2, #4
10002c8c:	4b4d      	ldr	r3, [pc, #308]	@ (10002dc4 <_ftoa+0x360>)
10002c8e:	e7ee      	b.n	10002c6e <_ftoa+0x20a>
10002c90:	9a1e      	ldr	r2, [sp, #120]	@ 0x78
10002c92:	9b1f      	ldr	r3, [sp, #124]	@ 0x7c
10002c94:	2000      	movs	r0, #0
10002c96:	2100      	movs	r1, #0
10002c98:	f7ff f931 	bl	10001efe <__wrap___aeabi_dsub>
10002c9c:	2301      	movs	r3, #1
10002c9e:	901e      	str	r0, [sp, #120]	@ 0x78
10002ca0:	911f      	str	r1, [sp, #124]	@ 0x7c
10002ca2:	930b      	str	r3, [sp, #44]	@ 0x2c
10002ca4:	e724      	b.n	10002af0 <_ftoa+0x8c>
10002ca6:	2302      	movs	r3, #2
10002ca8:	9a22      	ldr	r2, [sp, #136]	@ 0x88
10002caa:	4654      	mov	r4, sl
10002cac:	401a      	ands	r2, r3
10002cae:	9b22      	ldr	r3, [sp, #136]	@ 0x88
10002cb0:	9206      	str	r2, [sp, #24]
10002cb2:	079b      	lsls	r3, r3, #30
10002cb4:	d100      	bne.n	10002cb8 <_ftoa+0x254>
10002cb6:	e0ac      	b.n	10002e12 <_ftoa+0x3ae>
10002cb8:	0026      	movs	r6, r4
10002cba:	4d43      	ldr	r5, [pc, #268]	@ (10002dc8 <_ftoa+0x364>)
10002cbc:	9408      	str	r4, [sp, #32]
10002cbe:	1f2f      	subs	r7, r5, #4
10002cc0:	0032      	movs	r2, r6
10002cc2:	78e8      	ldrb	r0, [r5, #3]
10002cc4:	4643      	mov	r3, r8
10002cc6:	4649      	mov	r1, r9
10002cc8:	3d01      	subs	r5, #1
10002cca:	47d8      	blx	fp
10002ccc:	3601      	adds	r6, #1
10002cce:	42bd      	cmp	r5, r7
10002cd0:	d1f6      	bne.n	10002cc0 <_ftoa+0x25c>
10002cd2:	9c08      	ldr	r4, [sp, #32]
10002cd4:	9b06      	ldr	r3, [sp, #24]
10002cd6:	3404      	adds	r4, #4
10002cd8:	2b00      	cmp	r3, #0
10002cda:	d0bb      	beq.n	10002c54 <_ftoa+0x1f0>
10002cdc:	4657      	mov	r7, sl
10002cde:	9a21      	ldr	r2, [sp, #132]	@ 0x84
10002ce0:	1be3      	subs	r3, r4, r7
10002ce2:	429a      	cmp	r2, r3
10002ce4:	d9b6      	bls.n	10002c54 <_ftoa+0x1f0>
10002ce6:	0015      	movs	r5, r2
10002ce8:	0022      	movs	r2, r4
10002cea:	4643      	mov	r3, r8
10002cec:	4649      	mov	r1, r9
10002cee:	2020      	movs	r0, #32
10002cf0:	3401      	adds	r4, #1
10002cf2:	47d8      	blx	fp
10002cf4:	1be3      	subs	r3, r4, r7
10002cf6:	42ab      	cmp	r3, r5
10002cf8:	d3f6      	bcc.n	10002ce8 <_ftoa+0x284>
10002cfa:	e7ab      	b.n	10002c54 <_ftoa+0x1f0>
10002cfc:	0028      	movs	r0, r5
10002cfe:	f7ff f99d 	bl	1000203c <__wrap___aeabi_i2d>
10002d02:	0002      	movs	r2, r0
10002d04:	000b      	movs	r3, r1
10002d06:	981e      	ldr	r0, [sp, #120]	@ 0x78
10002d08:	991f      	ldr	r1, [sp, #124]	@ 0x7c
10002d0a:	f7ff f8f8 	bl	10001efe <__wrap___aeabi_dsub>
10002d0e:	4b2b      	ldr	r3, [pc, #172]	@ (10002dbc <_ftoa+0x358>)
10002d10:	2200      	movs	r2, #0
10002d12:	0006      	movs	r6, r0
10002d14:	000f      	movs	r7, r1
10002d16:	f7ff f965 	bl	10001fe4 <__wrap___aeabi_dcmplt>
10002d1a:	ab0c      	add	r3, sp, #48	@ 0x30
10002d1c:	9306      	str	r3, [sp, #24]
10002d1e:	2800      	cmp	r0, #0
10002d20:	d000      	beq.n	10002d24 <_ftoa+0x2c0>
10002d22:	e74f      	b.n	10002bc4 <_ftoa+0x160>
10002d24:	2200      	movs	r2, #0
10002d26:	0030      	movs	r0, r6
10002d28:	0039      	movs	r1, r7
10002d2a:	4b24      	ldr	r3, [pc, #144]	@ (10002dbc <_ftoa+0x358>)
10002d2c:	f7ff f970 	bl	10002010 <__wrap___aeabi_dcmpgt>
10002d30:	2800      	cmp	r0, #0
10002d32:	d000      	beq.n	10002d36 <_ftoa+0x2d2>
10002d34:	e746      	b.n	10002bc4 <_ftoa+0x160>
10002d36:	2301      	movs	r3, #1
10002d38:	3501      	adds	r5, #1
10002d3a:	439d      	bics	r5, r3
10002d3c:	e742      	b.n	10002bc4 <_ftoa+0x160>
10002d3e:	2200      	movs	r2, #0
10002d40:	9806      	ldr	r0, [sp, #24]
10002d42:	9907      	ldr	r1, [sp, #28]
10002d44:	4b1d      	ldr	r3, [pc, #116]	@ (10002dbc <_ftoa+0x358>)
10002d46:	f7ff f94d 	bl	10001fe4 <__wrap___aeabi_dcmplt>
10002d4a:	2800      	cmp	r0, #0
10002d4c:	d000      	beq.n	10002d50 <_ftoa+0x2ec>
10002d4e:	e71a      	b.n	10002b86 <_ftoa+0x122>
10002d50:	2f00      	cmp	r7, #0
10002d52:	d159      	bne.n	10002e08 <_ftoa+0x3a4>
10002d54:	3701      	adds	r7, #1
10002d56:	e716      	b.n	10002b86 <_ftoa+0x122>
10002d58:	2303      	movs	r3, #3
10002d5a:	9a22      	ldr	r2, [sp, #136]	@ 0x88
10002d5c:	4013      	ands	r3, r2
10002d5e:	2b01      	cmp	r3, #1
10002d60:	d100      	bne.n	10002d64 <_ftoa+0x300>
10002d62:	e0a6      	b.n	10002eb2 <_ftoa+0x44e>
10002d64:	2c20      	cmp	r4, #32
10002d66:	d100      	bne.n	10002d6a <_ftoa+0x306>
10002d68:	e75d      	b.n	10002c26 <_ftoa+0x1c2>
10002d6a:	9b0b      	ldr	r3, [sp, #44]	@ 0x2c
10002d6c:	2b00      	cmp	r3, #0
10002d6e:	d03a      	beq.n	10002de6 <_ftoa+0x382>
10002d70:	232d      	movs	r3, #45	@ 0x2d
10002d72:	9a06      	ldr	r2, [sp, #24]
10002d74:	5513      	strb	r3, [r2, r4]
10002d76:	3401      	adds	r4, #1
10002d78:	e755      	b.n	10002c26 <_ftoa+0x1c2>
10002d7a:	9d06      	ldr	r5, [sp, #24]
10002d7c:	2c20      	cmp	r4, #32
10002d7e:	d100      	bne.n	10002d82 <_ftoa+0x31e>
10002d80:	e71d      	b.n	10002bbe <_ftoa+0x15a>
10002d82:	2330      	movs	r3, #48	@ 0x30
10002d84:	1936      	adds	r6, r6, r4
10002d86:	e006      	b.n	10002d96 <_ftoa+0x332>
10002d88:	aa06      	add	r2, sp, #24
10002d8a:	3401      	adds	r4, #1
10002d8c:	3217      	adds	r2, #23
10002d8e:	5513      	strb	r3, [r2, r4]
10002d90:	2c20      	cmp	r4, #32
10002d92:	d100      	bne.n	10002d96 <_ftoa+0x332>
10002d94:	e713      	b.n	10002bbe <_ftoa+0x15a>
10002d96:	42a6      	cmp	r6, r4
10002d98:	d1f6      	bne.n	10002d88 <_ftoa+0x324>
10002d9a:	232e      	movs	r3, #46	@ 0x2e
10002d9c:	aa0c      	add	r2, sp, #48	@ 0x30
10002d9e:	3401      	adds	r4, #1
10002da0:	9206      	str	r2, [sp, #24]
10002da2:	5593      	strb	r3, [r2, r6]
10002da4:	e70e      	b.n	10002bc4 <_ftoa+0x160>
10002da6:	46c0      	nop			@ (mov r8, r8)
10002da8:	ffefffff 	.word	0xffefffff
10002dac:	7fefffff 	.word	0x7fefffff
10002db0:	41cdcd65 	.word	0x41cdcd65
10002db4:	c1cdcd65 	.word	0xc1cdcd65
10002db8:	10006d00 	.word	0x10006d00
10002dbc:	3fe00000 	.word	0x3fe00000
10002dc0:	10006a48 	.word	0x10006a48
10002dc4:	10006a40 	.word	0x10006a40
10002dc8:	10006a50 	.word	0x10006a50
10002dcc:	230c      	movs	r3, #12
10002dce:	9a22      	ldr	r2, [sp, #136]	@ 0x88
10002dd0:	4213      	tst	r3, r2
10002dd2:	d057      	beq.n	10002e84 <_ftoa+0x420>
10002dd4:	9b21      	ldr	r3, [sp, #132]	@ 0x84
10002dd6:	3b01      	subs	r3, #1
10002dd8:	9321      	str	r3, [sp, #132]	@ 0x84
10002dda:	42a3      	cmp	r3, r4
10002ddc:	d900      	bls.n	10002de0 <_ftoa+0x37c>
10002dde:	e716      	b.n	10002c0e <_ftoa+0x1aa>
10002de0:	2c20      	cmp	r4, #32
10002de2:	d100      	bne.n	10002de6 <_ftoa+0x382>
10002de4:	e71f      	b.n	10002c26 <_ftoa+0x1c2>
10002de6:	9b22      	ldr	r3, [sp, #136]	@ 0x88
10002de8:	075b      	lsls	r3, r3, #29
10002dea:	d504      	bpl.n	10002df6 <_ftoa+0x392>
10002dec:	232b      	movs	r3, #43	@ 0x2b
10002dee:	9a06      	ldr	r2, [sp, #24]
10002df0:	5513      	strb	r3, [r2, r4]
10002df2:	3401      	adds	r4, #1
10002df4:	e717      	b.n	10002c26 <_ftoa+0x1c2>
10002df6:	9b22      	ldr	r3, [sp, #136]	@ 0x88
10002df8:	071b      	lsls	r3, r3, #28
10002dfa:	d400      	bmi.n	10002dfe <_ftoa+0x39a>
10002dfc:	e713      	b.n	10002c26 <_ftoa+0x1c2>
10002dfe:	2320      	movs	r3, #32
10002e00:	9a06      	ldr	r2, [sp, #24]
10002e02:	5513      	strb	r3, [r2, r4]
10002e04:	3401      	adds	r4, #1
10002e06:	e70e      	b.n	10002c26 <_ftoa+0x1c2>
10002e08:	07fb      	lsls	r3, r7, #31
10002e0a:	d400      	bmi.n	10002e0e <_ftoa+0x3aa>
10002e0c:	e6bb      	b.n	10002b86 <_ftoa+0x122>
10002e0e:	3701      	adds	r7, #1
10002e10:	e6b9      	b.n	10002b86 <_ftoa+0x122>
10002e12:	9b21      	ldr	r3, [sp, #132]	@ 0x84
10002e14:	2b04      	cmp	r3, #4
10002e16:	d800      	bhi.n	10002e1a <_ftoa+0x3b6>
10002e18:	e74e      	b.n	10002cb8 <_ftoa+0x254>
10002e1a:	4655      	mov	r5, sl
10002e1c:	464f      	mov	r7, r9
10002e1e:	3c04      	subs	r4, #4
10002e20:	18e4      	adds	r4, r4, r3
10002e22:	002a      	movs	r2, r5
10002e24:	4643      	mov	r3, r8
10002e26:	3501      	adds	r5, #1
10002e28:	0039      	movs	r1, r7
10002e2a:	2020      	movs	r0, #32
10002e2c:	47d8      	blx	fp
10002e2e:	42ac      	cmp	r4, r5
10002e30:	d1f7      	bne.n	10002e22 <_ftoa+0x3be>
10002e32:	e741      	b.n	10002cb8 <_ftoa+0x254>
10002e34:	2702      	movs	r7, #2
10002e36:	9b22      	ldr	r3, [sp, #136]	@ 0x88
10002e38:	4655      	mov	r5, sl
10002e3a:	401f      	ands	r7, r3
10002e3c:	079b      	lsls	r3, r3, #30
10002e3e:	d026      	beq.n	10002e8e <_ftoa+0x42a>
10002e40:	9706      	str	r7, [sp, #24]
10002e42:	465f      	mov	r7, fp
10002e44:	4e23      	ldr	r6, [pc, #140]	@ (10002ed4 <_ftoa+0x470>)
10002e46:	1cec      	adds	r4, r5, #3
10002e48:	002a      	movs	r2, r5
10002e4a:	78b0      	ldrb	r0, [r6, #2]
10002e4c:	4643      	mov	r3, r8
10002e4e:	4649      	mov	r1, r9
10002e50:	3501      	adds	r5, #1
10002e52:	47b8      	blx	r7
10002e54:	3e01      	subs	r6, #1
10002e56:	42ac      	cmp	r4, r5
10002e58:	d1f6      	bne.n	10002e48 <_ftoa+0x3e4>
10002e5a:	9f06      	ldr	r7, [sp, #24]
10002e5c:	2f00      	cmp	r7, #0
10002e5e:	d100      	bne.n	10002e62 <_ftoa+0x3fe>
10002e60:	e6f8      	b.n	10002c54 <_ftoa+0x1f0>
10002e62:	4657      	mov	r7, sl
10002e64:	9a21      	ldr	r2, [sp, #132]	@ 0x84
10002e66:	1be3      	subs	r3, r4, r7
10002e68:	429a      	cmp	r2, r3
10002e6a:	d800      	bhi.n	10002e6e <_ftoa+0x40a>
10002e6c:	e6f2      	b.n	10002c54 <_ftoa+0x1f0>
10002e6e:	0015      	movs	r5, r2
10002e70:	0022      	movs	r2, r4
10002e72:	4643      	mov	r3, r8
10002e74:	4649      	mov	r1, r9
10002e76:	2020      	movs	r0, #32
10002e78:	3401      	adds	r4, #1
10002e7a:	47d8      	blx	fp
10002e7c:	1be3      	subs	r3, r4, r7
10002e7e:	42ab      	cmp	r3, r5
10002e80:	d3f6      	bcc.n	10002e70 <_ftoa+0x40c>
10002e82:	e6e7      	b.n	10002c54 <_ftoa+0x1f0>
10002e84:	9b21      	ldr	r3, [sp, #132]	@ 0x84
10002e86:	42a3      	cmp	r3, r4
10002e88:	d900      	bls.n	10002e8c <_ftoa+0x428>
10002e8a:	e6c0      	b.n	10002c0e <_ftoa+0x1aa>
10002e8c:	e6cb      	b.n	10002c26 <_ftoa+0x1c2>
10002e8e:	9b21      	ldr	r3, [sp, #132]	@ 0x84
10002e90:	2b03      	cmp	r3, #3
10002e92:	d9d5      	bls.n	10002e40 <_ftoa+0x3dc>
10002e94:	9706      	str	r7, [sp, #24]
10002e96:	4654      	mov	r4, sl
10002e98:	464f      	mov	r7, r9
10002e9a:	3d03      	subs	r5, #3
10002e9c:	18ed      	adds	r5, r5, r3
10002e9e:	0022      	movs	r2, r4
10002ea0:	4643      	mov	r3, r8
10002ea2:	3401      	adds	r4, #1
10002ea4:	0039      	movs	r1, r7
10002ea6:	2020      	movs	r0, #32
10002ea8:	47d8      	blx	fp
10002eaa:	42a5      	cmp	r5, r4
10002eac:	d1f7      	bne.n	10002e9e <_ftoa+0x43a>
10002eae:	9f06      	ldr	r7, [sp, #24]
10002eb0:	e7c6      	b.n	10002e40 <_ftoa+0x3dc>
10002eb2:	9b21      	ldr	r3, [sp, #132]	@ 0x84
10002eb4:	2b00      	cmp	r3, #0
10002eb6:	d100      	bne.n	10002eba <_ftoa+0x456>
10002eb8:	e754      	b.n	10002d64 <_ftoa+0x300>
10002eba:	9b0b      	ldr	r3, [sp, #44]	@ 0x2c
10002ebc:	2b00      	cmp	r3, #0
10002ebe:	d085      	beq.n	10002dcc <_ftoa+0x368>
10002ec0:	9b21      	ldr	r3, [sp, #132]	@ 0x84
10002ec2:	3b01      	subs	r3, #1
10002ec4:	9321      	str	r3, [sp, #132]	@ 0x84
10002ec6:	429c      	cmp	r4, r3
10002ec8:	d200      	bcs.n	10002ecc <_ftoa+0x468>
10002eca:	e6a0      	b.n	10002c0e <_ftoa+0x1aa>
10002ecc:	2c20      	cmp	r4, #32
10002ece:	d000      	beq.n	10002ed2 <_ftoa+0x46e>
10002ed0:	e74e      	b.n	10002d70 <_ftoa+0x30c>
10002ed2:	e6a8      	b.n	10002c26 <_ftoa+0x1c2>
10002ed4:	10006a4c 	.word	0x10006a4c

10002ed8 <_etoa>:
10002ed8:	b5f0      	push	{r4, r5, r6, r7, lr}
10002eda:	4645      	mov	r5, r8
10002edc:	46de      	mov	lr, fp
10002ede:	4657      	mov	r7, sl
10002ee0:	464e      	mov	r6, r9
10002ee2:	b5e0      	push	{r5, r6, r7, lr}
10002ee4:	b09b      	sub	sp, #108	@ 0x6c
10002ee6:	9c24      	ldr	r4, [sp, #144]	@ 0x90
10002ee8:	9d25      	ldr	r5, [sp, #148]	@ 0x94
10002eea:	4682      	mov	sl, r0
10002eec:	4688      	mov	r8, r1
10002eee:	4693      	mov	fp, r2
10002ef0:	4699      	mov	r9, r3
10002ef2:	0022      	movs	r2, r4
10002ef4:	002b      	movs	r3, r5
10002ef6:	0020      	movs	r0, r4
10002ef8:	0029      	movs	r1, r5
10002efa:	f7ff f88e 	bl	1000201a <__wrap___aeabi_dcmpun>
10002efe:	2800      	cmp	r0, #0
10002f00:	d000      	beq.n	10002f04 <_etoa+0x2c>
10002f02:	e0c1      	b.n	10003088 <_etoa+0x1b0>
10002f04:	2201      	movs	r2, #1
10002f06:	0020      	movs	r0, r4
10002f08:	0029      	movs	r1, r5
10002f0a:	4b7c      	ldr	r3, [pc, #496]	@ (100030fc <_etoa+0x224>)
10002f0c:	4252      	negs	r2, r2
10002f0e:	f7ff f87f 	bl	10002010 <__wrap___aeabi_dcmpgt>
10002f12:	2800      	cmp	r0, #0
10002f14:	d000      	beq.n	10002f18 <_etoa+0x40>
10002f16:	e0b7      	b.n	10003088 <_etoa+0x1b0>
10002f18:	2201      	movs	r2, #1
10002f1a:	0020      	movs	r0, r4
10002f1c:	0029      	movs	r1, r5
10002f1e:	4b78      	ldr	r3, [pc, #480]	@ (10003100 <_etoa+0x228>)
10002f20:	4252      	negs	r2, r2
10002f22:	f7ff f85f 	bl	10001fe4 <__wrap___aeabi_dcmplt>
10002f26:	2800      	cmp	r0, #0
10002f28:	d000      	beq.n	10002f2c <_etoa+0x54>
10002f2a:	e0ad      	b.n	10003088 <_etoa+0x1b0>
10002f2c:	2200      	movs	r2, #0
10002f2e:	2300      	movs	r3, #0
10002f30:	0020      	movs	r0, r4
10002f32:	0029      	movs	r1, r5
10002f34:	f7ff f856 	bl	10001fe4 <__wrap___aeabi_dcmplt>
10002f38:	2800      	cmp	r0, #0
10002f3a:	d000      	beq.n	10002f3e <_etoa+0x66>
10002f3c:	e1bb      	b.n	100032b6 <_etoa+0x3de>
10002f3e:	9408      	str	r4, [sp, #32]
10002f40:	9509      	str	r5, [sp, #36]	@ 0x24
10002f42:	9808      	ldr	r0, [sp, #32]
10002f44:	9909      	ldr	r1, [sp, #36]	@ 0x24
10002f46:	2380      	movs	r3, #128	@ 0x80
10002f48:	9a28      	ldr	r2, [sp, #160]	@ 0xa0
10002f4a:	00db      	lsls	r3, r3, #3
10002f4c:	401a      	ands	r2, r3
10002f4e:	920f      	str	r2, [sp, #60]	@ 0x3c
10002f50:	2280      	movs	r2, #128	@ 0x80
10002f52:	9e28      	ldr	r6, [sp, #160]	@ 0xa0
10002f54:	0112      	lsls	r2, r2, #4
10002f56:	4016      	ands	r6, r2
10002f58:	0032      	movs	r2, r6
10002f5a:	960e      	str	r6, [sp, #56]	@ 0x38
10002f5c:	9e28      	ldr	r6, [sp, #160]	@ 0xa0
10002f5e:	000f      	movs	r7, r1
10002f60:	900a      	str	r0, [sp, #40]	@ 0x28
10002f62:	421e      	tst	r6, r3
10002f64:	d000      	beq.n	10002f68 <_etoa+0x90>
10002f66:	e0a4      	b.n	100030b2 <_etoa+0x1da>
10002f68:	000b      	movs	r3, r1
10002f6a:	4303      	orrs	r3, r0
10002f6c:	d000      	beq.n	10002f70 <_etoa+0x98>
10002f6e:	e0cb      	b.n	10003108 <_etoa+0x230>
10002f70:	2a00      	cmp	r2, #0
10002f72:	d000      	beq.n	10002f76 <_etoa+0x9e>
10002f74:	e212      	b.n	1000339c <_etoa+0x4c4>
10002f76:	0032      	movs	r2, r6
10002f78:	3306      	adds	r3, #6
10002f7a:	9326      	str	r3, [sp, #152]	@ 0x98
10002f7c:	2302      	movs	r3, #2
10002f7e:	4013      	ands	r3, r2
10002f80:	930c      	str	r3, [sp, #48]	@ 0x30
10002f82:	2302      	movs	r3, #2
10002f84:	4213      	tst	r3, r2
10002f86:	d000      	beq.n	10002f8a <_etoa+0xb2>
10002f88:	e20a      	b.n	100033a0 <_etoa+0x4c8>
10002f8a:	9b27      	ldr	r3, [sp, #156]	@ 0x9c
10002f8c:	2b04      	cmp	r3, #4
10002f8e:	d200      	bcs.n	10002f92 <_etoa+0xba>
10002f90:	e215      	b.n	100033be <_etoa+0x4e6>
10002f92:	2700      	movs	r7, #0
10002f94:	2604      	movs	r6, #4
10002f96:	3b04      	subs	r3, #4
10002f98:	930e      	str	r3, [sp, #56]	@ 0x38
10002f9a:	2200      	movs	r2, #0
10002f9c:	2300      	movs	r3, #0
10002f9e:	0020      	movs	r0, r4
10002fa0:	0029      	movs	r1, r5
10002fa2:	f7ff f81f 	bl	10001fe4 <__wrap___aeabi_dcmplt>
10002fa6:	2800      	cmp	r0, #0
10002fa8:	d000      	beq.n	10002fac <_etoa+0xd4>
10002faa:	e1c8      	b.n	1000333e <_etoa+0x466>
10002fac:	4b55      	ldr	r3, [pc, #340]	@ (10003104 <_etoa+0x22c>)
10002fae:	9a28      	ldr	r2, [sp, #160]	@ 0xa0
10002fb0:	4013      	ands	r3, r2
10002fb2:	9304      	str	r3, [sp, #16]
10002fb4:	9b0e      	ldr	r3, [sp, #56]	@ 0x38
10002fb6:	9303      	str	r3, [sp, #12]
10002fb8:	9b26      	ldr	r3, [sp, #152]	@ 0x98
10002fba:	9302      	str	r3, [sp, #8]
10002fbc:	9b08      	ldr	r3, [sp, #32]
10002fbe:	9c09      	ldr	r4, [sp, #36]	@ 0x24
10002fc0:	9300      	str	r3, [sp, #0]
10002fc2:	9401      	str	r4, [sp, #4]
10002fc4:	4641      	mov	r1, r8
10002fc6:	464b      	mov	r3, r9
10002fc8:	465a      	mov	r2, fp
10002fca:	4650      	mov	r0, sl
10002fcc:	f7ff fd4a 	bl	10002a64 <_ftoa>
10002fd0:	0002      	movs	r2, r0
10002fd2:	2020      	movs	r0, #32
10002fd4:	9b28      	ldr	r3, [sp, #160]	@ 0xa0
10002fd6:	2500      	movs	r5, #0
10002fd8:	4003      	ands	r3, r0
10002fda:	4259      	negs	r1, r3
10002fdc:	414b      	adcs	r3, r1
10002fde:	425b      	negs	r3, r3
10002fe0:	4018      	ands	r0, r3
10002fe2:	1c53      	adds	r3, r2, #1
10002fe4:	9308      	str	r3, [sp, #32]
10002fe6:	4641      	mov	r1, r8
10002fe8:	464b      	mov	r3, r9
10002fea:	3045      	adds	r0, #69	@ 0x45
10002fec:	47d0      	blx	sl
10002fee:	17fb      	asrs	r3, r7, #31
10002ff0:	18fc      	adds	r4, r7, r3
10002ff2:	405c      	eors	r4, r3
10002ff4:	0ffb      	lsrs	r3, r7, #31
10002ff6:	271f      	movs	r7, #31
10002ff8:	930a      	str	r3, [sp, #40]	@ 0x28
10002ffa:	1e73      	subs	r3, r6, #1
10002ffc:	930e      	str	r3, [sp, #56]	@ 0x38
10002ffe:	ab0a      	add	r3, sp, #40	@ 0x28
10003000:	18ff      	adds	r7, r7, r3
10003002:	e006      	b.n	10003012 <_etoa+0x13a>
10003004:	0020      	movs	r0, r4
10003006:	210a      	movs	r1, #10
10003008:	f7fe fd3e 	bl	10001a88 <__wrap___aeabi_uidiv>
1000300c:	0004      	movs	r4, r0
1000300e:	2d20      	cmp	r5, #32
10003010:	d008      	beq.n	10003024 <_etoa+0x14c>
10003012:	210a      	movs	r1, #10
10003014:	0020      	movs	r0, r4
10003016:	f7fe fd37 	bl	10001a88 <__wrap___aeabi_uidiv>
1000301a:	3501      	adds	r5, #1
1000301c:	3130      	adds	r1, #48	@ 0x30
1000301e:	5579      	strb	r1, [r7, r5]
10003020:	2c09      	cmp	r4, #9
10003022:	d8ef      	bhi.n	10003004 <_etoa+0x12c>
10003024:	2305      	movs	r3, #5
10003026:	9306      	str	r3, [sp, #24]
10003028:	9b0e      	ldr	r3, [sp, #56]	@ 0x38
1000302a:	4656      	mov	r6, sl
1000302c:	9305      	str	r3, [sp, #20]
1000302e:	2300      	movs	r3, #0
10003030:	9304      	str	r3, [sp, #16]
10003032:	330a      	adds	r3, #10
10003034:	9303      	str	r3, [sp, #12]
10003036:	9b0a      	ldr	r3, [sp, #40]	@ 0x28
10003038:	4641      	mov	r1, r8
1000303a:	9302      	str	r3, [sp, #8]
1000303c:	ab12      	add	r3, sp, #72	@ 0x48
1000303e:	9300      	str	r3, [sp, #0]
10003040:	0030      	movs	r0, r6
10003042:	464b      	mov	r3, r9
10003044:	9a08      	ldr	r2, [sp, #32]
10003046:	9501      	str	r5, [sp, #4]
10003048:	f7ff fc10 	bl	1000286c <_ntoa_format>
1000304c:	9b0c      	ldr	r3, [sp, #48]	@ 0x30
1000304e:	2b00      	cmp	r3, #0
10003050:	d028      	beq.n	100030a4 <_etoa+0x1cc>
10003052:	465f      	mov	r7, fp
10003054:	9b27      	ldr	r3, [sp, #156]	@ 0x9c
10003056:	1bc4      	subs	r4, r0, r7
10003058:	42a3      	cmp	r3, r4
1000305a:	d923      	bls.n	100030a4 <_etoa+0x1cc>
1000305c:	4682      	mov	sl, r0
1000305e:	001d      	movs	r5, r3
10003060:	193a      	adds	r2, r7, r4
10003062:	464b      	mov	r3, r9
10003064:	4641      	mov	r1, r8
10003066:	2020      	movs	r0, #32
10003068:	3401      	adds	r4, #1
1000306a:	47b0      	blx	r6
1000306c:	42a5      	cmp	r5, r4
1000306e:	d8f7      	bhi.n	10003060 <_etoa+0x188>
10003070:	4650      	mov	r0, sl
10003072:	4659      	mov	r1, fp
10003074:	9c27      	ldr	r4, [sp, #156]	@ 0x9c
10003076:	1a42      	subs	r2, r0, r1
10003078:	3201      	adds	r2, #1
1000307a:	2300      	movs	r3, #0
1000307c:	4294      	cmp	r4, r2
1000307e:	d300      	bcc.n	10003082 <_etoa+0x1aa>
10003080:	e195      	b.n	100033ae <_etoa+0x4d6>
10003082:	3001      	adds	r0, #1
10003084:	1818      	adds	r0, r3, r0
10003086:	e00d      	b.n	100030a4 <_etoa+0x1cc>
10003088:	9b28      	ldr	r3, [sp, #160]	@ 0xa0
1000308a:	9400      	str	r4, [sp, #0]
1000308c:	9501      	str	r5, [sp, #4]
1000308e:	9304      	str	r3, [sp, #16]
10003090:	9b27      	ldr	r3, [sp, #156]	@ 0x9c
10003092:	9303      	str	r3, [sp, #12]
10003094:	9b26      	ldr	r3, [sp, #152]	@ 0x98
10003096:	9302      	str	r3, [sp, #8]
10003098:	464b      	mov	r3, r9
1000309a:	465a      	mov	r2, fp
1000309c:	4641      	mov	r1, r8
1000309e:	4650      	mov	r0, sl
100030a0:	f7ff fce0 	bl	10002a64 <_ftoa>
100030a4:	b01b      	add	sp, #108	@ 0x6c
100030a6:	bcf0      	pop	{r4, r5, r6, r7}
100030a8:	46bb      	mov	fp, r7
100030aa:	46b2      	mov	sl, r6
100030ac:	46a9      	mov	r9, r5
100030ae:	46a0      	mov	r8, r4
100030b0:	bdf0      	pop	{r4, r5, r6, r7, pc}
100030b2:	4301      	orrs	r1, r0
100030b4:	d12a      	bne.n	1000310c <_etoa+0x234>
100030b6:	9b0e      	ldr	r3, [sp, #56]	@ 0x38
100030b8:	0032      	movs	r2, r6
100030ba:	2b00      	cmp	r3, #0
100030bc:	d100      	bne.n	100030c0 <_etoa+0x1e8>
100030be:	e75d      	b.n	10002f7c <_etoa+0xa4>
100030c0:	2700      	movs	r7, #0
100030c2:	9b26      	ldr	r3, [sp, #152]	@ 0x98
100030c4:	2600      	movs	r6, #0
100030c6:	42bb      	cmp	r3, r7
100030c8:	dd00      	ble.n	100030cc <_etoa+0x1f4>
100030ca:	e182      	b.n	100033d2 <_etoa+0x4fa>
100030cc:	2200      	movs	r2, #0
100030ce:	2300      	movs	r3, #0
100030d0:	0020      	movs	r0, r4
100030d2:	0029      	movs	r1, r5
100030d4:	f7fe ff86 	bl	10001fe4 <__wrap___aeabi_dcmplt>
100030d8:	2800      	cmp	r0, #0
100030da:	d000      	beq.n	100030de <_etoa+0x206>
100030dc:	e14b      	b.n	10003376 <_etoa+0x49e>
100030de:	9b28      	ldr	r3, [sp, #160]	@ 0xa0
100030e0:	4a08      	ldr	r2, [pc, #32]	@ (10003104 <_etoa+0x22c>)
100030e2:	9602      	str	r6, [sp, #8]
100030e4:	401a      	ands	r2, r3
100030e6:	2380      	movs	r3, #128	@ 0x80
100030e8:	00db      	lsls	r3, r3, #3
100030ea:	4313      	orrs	r3, r2
100030ec:	9304      	str	r3, [sp, #16]
100030ee:	9b27      	ldr	r3, [sp, #156]	@ 0x9c
100030f0:	9303      	str	r3, [sp, #12]
100030f2:	9b08      	ldr	r3, [sp, #32]
100030f4:	9c09      	ldr	r4, [sp, #36]	@ 0x24
100030f6:	9300      	str	r3, [sp, #0]
100030f8:	9401      	str	r4, [sp, #4]
100030fa:	e7cd      	b.n	10003098 <_etoa+0x1c0>
100030fc:	7fefffff 	.word	0x7fefffff
10003100:	ffefffff 	.word	0xffefffff
10003104:	fffff7ff 	.word	0xfffff7ff
10003108:	2306      	movs	r3, #6
1000310a:	9326      	str	r3, [sp, #152]	@ 0x98
1000310c:	4bb2      	ldr	r3, [pc, #712]	@ (100033d8 <_etoa+0x500>)
1000310e:	0078      	lsls	r0, r7, #1
10003110:	0d40      	lsrs	r0, r0, #21
10003112:	18c0      	adds	r0, r0, r3
10003114:	f7fe ff92 	bl	1000203c <__wrap___aeabi_i2d>
10003118:	4ab0      	ldr	r2, [pc, #704]	@ (100033dc <_etoa+0x504>)
1000311a:	4bb1      	ldr	r3, [pc, #708]	@ (100033e0 <_etoa+0x508>)
1000311c:	f7fe ff1f 	bl	10001f5e <__wrap___aeabi_dmul>
10003120:	4ab0      	ldr	r2, [pc, #704]	@ (100033e4 <_etoa+0x50c>)
10003122:	4bb1      	ldr	r3, [pc, #708]	@ (100033e8 <_etoa+0x510>)
10003124:	f7fe fef4 	bl	10001f10 <__wrap___aeabi_dadd>
10003128:	033f      	lsls	r7, r7, #12
1000312a:	4bb0      	ldr	r3, [pc, #704]	@ (100033ec <_etoa+0x514>)
1000312c:	0b3f      	lsrs	r7, r7, #12
1000312e:	433b      	orrs	r3, r7
10003130:	900c      	str	r0, [sp, #48]	@ 0x30
10003132:	910d      	str	r1, [sp, #52]	@ 0x34
10003134:	2200      	movs	r2, #0
10003136:	980a      	ldr	r0, [sp, #40]	@ 0x28
10003138:	0019      	movs	r1, r3
1000313a:	4bad      	ldr	r3, [pc, #692]	@ (100033f0 <_etoa+0x518>)
1000313c:	f7fe fedf 	bl	10001efe <__wrap___aeabi_dsub>
10003140:	4aac      	ldr	r2, [pc, #688]	@ (100033f4 <_etoa+0x51c>)
10003142:	4bad      	ldr	r3, [pc, #692]	@ (100033f8 <_etoa+0x520>)
10003144:	f7fe ff0b 	bl	10001f5e <__wrap___aeabi_dmul>
10003148:	0002      	movs	r2, r0
1000314a:	000b      	movs	r3, r1
1000314c:	980c      	ldr	r0, [sp, #48]	@ 0x30
1000314e:	990d      	ldr	r1, [sp, #52]	@ 0x34
10003150:	f7fe fede 	bl	10001f10 <__wrap___aeabi_dadd>
10003154:	f7fe ff8a 	bl	1000206c <__wrap___aeabi_d2iz>
10003158:	0007      	movs	r7, r0
1000315a:	f7fe ff6f 	bl	1000203c <__wrap___aeabi_i2d>
1000315e:	4aa7      	ldr	r2, [pc, #668]	@ (100033fc <_etoa+0x524>)
10003160:	4ba7      	ldr	r3, [pc, #668]	@ (10003400 <_etoa+0x528>)
10003162:	900a      	str	r0, [sp, #40]	@ 0x28
10003164:	910b      	str	r1, [sp, #44]	@ 0x2c
10003166:	f7fe fefa 	bl	10001f5e <__wrap___aeabi_dmul>
1000316a:	2200      	movs	r2, #0
1000316c:	4ba5      	ldr	r3, [pc, #660]	@ (10003404 <_etoa+0x52c>)
1000316e:	f7fe fecf 	bl	10001f10 <__wrap___aeabi_dadd>
10003172:	f7fe ff7b 	bl	1000206c <__wrap___aeabi_d2iz>
10003176:	4aa4      	ldr	r2, [pc, #656]	@ (10003408 <_etoa+0x530>)
10003178:	0006      	movs	r6, r0
1000317a:	980a      	ldr	r0, [sp, #40]	@ 0x28
1000317c:	990b      	ldr	r1, [sp, #44]	@ 0x2c
1000317e:	4ba3      	ldr	r3, [pc, #652]	@ (1000340c <_etoa+0x534>)
10003180:	f7fe feed 	bl	10001f5e <__wrap___aeabi_dmul>
10003184:	900a      	str	r0, [sp, #40]	@ 0x28
10003186:	910b      	str	r1, [sp, #44]	@ 0x2c
10003188:	0030      	movs	r0, r6
1000318a:	f7fe ff57 	bl	1000203c <__wrap___aeabi_i2d>
1000318e:	4aa0      	ldr	r2, [pc, #640]	@ (10003410 <_etoa+0x538>)
10003190:	4ba0      	ldr	r3, [pc, #640]	@ (10003414 <_etoa+0x53c>)
10003192:	f7fe fee4 	bl	10001f5e <__wrap___aeabi_dmul>
10003196:	0002      	movs	r2, r0
10003198:	000b      	movs	r3, r1
1000319a:	980a      	ldr	r0, [sp, #40]	@ 0x28
1000319c:	990b      	ldr	r1, [sp, #44]	@ 0x2c
1000319e:	f7fe feae 	bl	10001efe <__wrap___aeabi_dsub>
100031a2:	0002      	movs	r2, r0
100031a4:	000b      	movs	r3, r1
100031a6:	900a      	str	r0, [sp, #40]	@ 0x28
100031a8:	910b      	str	r1, [sp, #44]	@ 0x2c
100031aa:	f7fe fed8 	bl	10001f5e <__wrap___aeabi_dmul>
100031ae:	900c      	str	r0, [sp, #48]	@ 0x30
100031b0:	910d      	str	r1, [sp, #52]	@ 0x34
100031b2:	980a      	ldr	r0, [sp, #40]	@ 0x28
100031b4:	990b      	ldr	r1, [sp, #44]	@ 0x2c
100031b6:	0002      	movs	r2, r0
100031b8:	000b      	movs	r3, r1
100031ba:	f7fe fea9 	bl	10001f10 <__wrap___aeabi_dadd>
100031be:	2200      	movs	r2, #0
100031c0:	9010      	str	r0, [sp, #64]	@ 0x40
100031c2:	9111      	str	r1, [sp, #68]	@ 0x44
100031c4:	980c      	ldr	r0, [sp, #48]	@ 0x30
100031c6:	990d      	ldr	r1, [sp, #52]	@ 0x34
100031c8:	4b93      	ldr	r3, [pc, #588]	@ (10003418 <_etoa+0x540>)
100031ca:	f7fe feaa 	bl	10001f22 <__wrap___aeabi_ddiv>
100031ce:	2200      	movs	r2, #0
100031d0:	4b92      	ldr	r3, [pc, #584]	@ (1000341c <_etoa+0x544>)
100031d2:	f7fe fe9d 	bl	10001f10 <__wrap___aeabi_dadd>
100031d6:	0002      	movs	r2, r0
100031d8:	000b      	movs	r3, r1
100031da:	980c      	ldr	r0, [sp, #48]	@ 0x30
100031dc:	990d      	ldr	r1, [sp, #52]	@ 0x34
100031de:	f7fe fea0 	bl	10001f22 <__wrap___aeabi_ddiv>
100031e2:	2200      	movs	r2, #0
100031e4:	4b8e      	ldr	r3, [pc, #568]	@ (10003420 <_etoa+0x548>)
100031e6:	f7fe fe93 	bl	10001f10 <__wrap___aeabi_dadd>
100031ea:	0002      	movs	r2, r0
100031ec:	000b      	movs	r3, r1
100031ee:	980c      	ldr	r0, [sp, #48]	@ 0x30
100031f0:	990d      	ldr	r1, [sp, #52]	@ 0x34
100031f2:	f7fe fe96 	bl	10001f22 <__wrap___aeabi_ddiv>
100031f6:	9a0a      	ldr	r2, [sp, #40]	@ 0x28
100031f8:	9b0b      	ldr	r3, [sp, #44]	@ 0x2c
100031fa:	900c      	str	r0, [sp, #48]	@ 0x30
100031fc:	910d      	str	r1, [sp, #52]	@ 0x34
100031fe:	2180      	movs	r1, #128	@ 0x80
10003200:	2000      	movs	r0, #0
10003202:	05c9      	lsls	r1, r1, #23
10003204:	f7fe fe7b 	bl	10001efe <__wrap___aeabi_dsub>
10003208:	0002      	movs	r2, r0
1000320a:	000b      	movs	r3, r1
1000320c:	980c      	ldr	r0, [sp, #48]	@ 0x30
1000320e:	990d      	ldr	r1, [sp, #52]	@ 0x34
10003210:	f7fe fe7e 	bl	10001f10 <__wrap___aeabi_dadd>
10003214:	0002      	movs	r2, r0
10003216:	000b      	movs	r3, r1
10003218:	9810      	ldr	r0, [sp, #64]	@ 0x40
1000321a:	9911      	ldr	r1, [sp, #68]	@ 0x44
1000321c:	f7fe fe81 	bl	10001f22 <__wrap___aeabi_ddiv>
10003220:	2200      	movs	r2, #0
10003222:	4b72      	ldr	r3, [pc, #456]	@ (100033ec <_etoa+0x514>)
10003224:	f7fe fe74 	bl	10001f10 <__wrap___aeabi_dadd>
10003228:	4b7e      	ldr	r3, [pc, #504]	@ (10003424 <_etoa+0x54c>)
1000322a:	2200      	movs	r2, #0
1000322c:	18f6      	adds	r6, r6, r3
1000322e:	0533      	lsls	r3, r6, #20
10003230:	f7fe fe95 	bl	10001f5e <__wrap___aeabi_dmul>
10003234:	0002      	movs	r2, r0
10003236:	000b      	movs	r3, r1
10003238:	900a      	str	r0, [sp, #40]	@ 0x28
1000323a:	910b      	str	r1, [sp, #44]	@ 0x2c
1000323c:	9808      	ldr	r0, [sp, #32]
1000323e:	9909      	ldr	r1, [sp, #36]	@ 0x24
10003240:	f7fe fed0 	bl	10001fe4 <__wrap___aeabi_dcmplt>
10003244:	2800      	cmp	r0, #0
10003246:	d008      	beq.n	1000325a <_etoa+0x382>
10003248:	980a      	ldr	r0, [sp, #40]	@ 0x28
1000324a:	990b      	ldr	r1, [sp, #44]	@ 0x2c
1000324c:	2200      	movs	r2, #0
1000324e:	4b73      	ldr	r3, [pc, #460]	@ (1000341c <_etoa+0x544>)
10003250:	f7fe fe67 	bl	10001f22 <__wrap___aeabi_ddiv>
10003254:	900a      	str	r0, [sp, #40]	@ 0x28
10003256:	910b      	str	r1, [sp, #44]	@ 0x2c
10003258:	3f01      	subs	r7, #1
1000325a:	990a      	ldr	r1, [sp, #40]	@ 0x28
1000325c:	9a0b      	ldr	r2, [sp, #44]	@ 0x2c
1000325e:	000b      	movs	r3, r1
10003260:	0011      	movs	r1, r2
10003262:	003a      	movs	r2, r7
10003264:	3263      	adds	r2, #99	@ 0x63
10003266:	2ac6      	cmp	r2, #198	@ 0xc6
10003268:	d812      	bhi.n	10003290 <_etoa+0x3b8>
1000326a:	2202      	movs	r2, #2
1000326c:	9828      	ldr	r0, [sp, #160]	@ 0xa0
1000326e:	2604      	movs	r6, #4
10003270:	4010      	ands	r0, r2
10003272:	9a0e      	ldr	r2, [sp, #56]	@ 0x38
10003274:	900c      	str	r0, [sp, #48]	@ 0x30
10003276:	2a00      	cmp	r2, #0
10003278:	d126      	bne.n	100032c8 <_etoa+0x3f0>
1000327a:	9b27      	ldr	r3, [sp, #156]	@ 0x9c
1000327c:	2b04      	cmp	r3, #4
1000327e:	d905      	bls.n	1000328c <_etoa+0x3b4>
10003280:	2800      	cmp	r0, #0
10003282:	d000      	beq.n	10003286 <_etoa+0x3ae>
10003284:	e0a1      	b.n	100033ca <_etoa+0x4f2>
10003286:	9b27      	ldr	r3, [sp, #156]	@ 0x9c
10003288:	3b04      	subs	r3, #4
1000328a:	930e      	str	r3, [sp, #56]	@ 0x38
1000328c:	2604      	movs	r6, #4
1000328e:	e042      	b.n	10003316 <_etoa+0x43e>
10003290:	2202      	movs	r2, #2
10003292:	9828      	ldr	r0, [sp, #160]	@ 0xa0
10003294:	4010      	ands	r0, r2
10003296:	9a0e      	ldr	r2, [sp, #56]	@ 0x38
10003298:	900c      	str	r0, [sp, #48]	@ 0x30
1000329a:	2a00      	cmp	r2, #0
1000329c:	d113      	bne.n	100032c6 <_etoa+0x3ee>
1000329e:	9b27      	ldr	r3, [sp, #156]	@ 0x9c
100032a0:	2b05      	cmp	r3, #5
100032a2:	d800      	bhi.n	100032a6 <_etoa+0x3ce>
100032a4:	e089      	b.n	100033ba <_etoa+0x4e2>
100032a6:	2800      	cmp	r0, #0
100032a8:	d000      	beq.n	100032ac <_etoa+0x3d4>
100032aa:	e084      	b.n	100033b6 <_etoa+0x4de>
100032ac:	9b27      	ldr	r3, [sp, #156]	@ 0x9c
100032ae:	2605      	movs	r6, #5
100032b0:	3b05      	subs	r3, #5
100032b2:	930e      	str	r3, [sp, #56]	@ 0x38
100032b4:	e032      	b.n	1000331c <_etoa+0x444>
100032b6:	2380      	movs	r3, #128	@ 0x80
100032b8:	061b      	lsls	r3, r3, #24
100032ba:	469c      	mov	ip, r3
100032bc:	44ac      	add	ip, r5
100032be:	4663      	mov	r3, ip
100032c0:	9408      	str	r4, [sp, #32]
100032c2:	9309      	str	r3, [sp, #36]	@ 0x24
100032c4:	e63d      	b.n	10002f42 <_etoa+0x6a>
100032c6:	2605      	movs	r6, #5
100032c8:	430b      	orrs	r3, r1
100032ca:	d100      	bne.n	100032ce <_etoa+0x3f6>
100032cc:	e6f9      	b.n	100030c2 <_etoa+0x1ea>
100032ce:	9808      	ldr	r0, [sp, #32]
100032d0:	9909      	ldr	r1, [sp, #36]	@ 0x24
100032d2:	4a55      	ldr	r2, [pc, #340]	@ (10003428 <_etoa+0x550>)
100032d4:	4b55      	ldr	r3, [pc, #340]	@ (1000342c <_etoa+0x554>)
100032d6:	f7fe fe93 	bl	10002000 <__wrap___aeabi_dcmpge>
100032da:	2800      	cmp	r0, #0
100032dc:	d008      	beq.n	100032f0 <_etoa+0x418>
100032de:	9808      	ldr	r0, [sp, #32]
100032e0:	9909      	ldr	r1, [sp, #36]	@ 0x24
100032e2:	2200      	movs	r2, #0
100032e4:	4b52      	ldr	r3, [pc, #328]	@ (10003430 <_etoa+0x558>)
100032e6:	f7fe fe7d 	bl	10001fe4 <__wrap___aeabi_dcmplt>
100032ea:	2800      	cmp	r0, #0
100032ec:	d000      	beq.n	100032f0 <_etoa+0x418>
100032ee:	e6e8      	b.n	100030c2 <_etoa+0x1ea>
100032f0:	9b26      	ldr	r3, [sp, #152]	@ 0x98
100032f2:	2b00      	cmp	r3, #0
100032f4:	d034      	beq.n	10003360 <_etoa+0x488>
100032f6:	9b0f      	ldr	r3, [sp, #60]	@ 0x3c
100032f8:	2b00      	cmp	r3, #0
100032fa:	d031      	beq.n	10003360 <_etoa+0x488>
100032fc:	9b26      	ldr	r3, [sp, #152]	@ 0x98
100032fe:	3b01      	subs	r3, #1
10003300:	9326      	str	r3, [sp, #152]	@ 0x98
10003302:	9b27      	ldr	r3, [sp, #156]	@ 0x9c
10003304:	42b3      	cmp	r3, r6
10003306:	d904      	bls.n	10003312 <_etoa+0x43a>
10003308:	9b0c      	ldr	r3, [sp, #48]	@ 0x30
1000330a:	2b00      	cmp	r3, #0
1000330c:	d059      	beq.n	100033c2 <_etoa+0x4ea>
1000330e:	2302      	movs	r3, #2
10003310:	930c      	str	r3, [sp, #48]	@ 0x30
10003312:	2300      	movs	r3, #0
10003314:	930e      	str	r3, [sp, #56]	@ 0x38
10003316:	2f00      	cmp	r7, #0
10003318:	d100      	bne.n	1000331c <_etoa+0x444>
1000331a:	e63e      	b.n	10002f9a <_etoa+0xc2>
1000331c:	9a0a      	ldr	r2, [sp, #40]	@ 0x28
1000331e:	9b0b      	ldr	r3, [sp, #44]	@ 0x2c
10003320:	9808      	ldr	r0, [sp, #32]
10003322:	9909      	ldr	r1, [sp, #36]	@ 0x24
10003324:	f7fe fdfd 	bl	10001f22 <__wrap___aeabi_ddiv>
10003328:	2200      	movs	r2, #0
1000332a:	9008      	str	r0, [sp, #32]
1000332c:	9109      	str	r1, [sp, #36]	@ 0x24
1000332e:	2300      	movs	r3, #0
10003330:	0020      	movs	r0, r4
10003332:	0029      	movs	r1, r5
10003334:	f7fe fe56 	bl	10001fe4 <__wrap___aeabi_dcmplt>
10003338:	2800      	cmp	r0, #0
1000333a:	d100      	bne.n	1000333e <_etoa+0x466>
1000333c:	e636      	b.n	10002fac <_etoa+0xd4>
1000333e:	9c08      	ldr	r4, [sp, #32]
10003340:	9d09      	ldr	r5, [sp, #36]	@ 0x24
10003342:	9a28      	ldr	r2, [sp, #160]	@ 0xa0
10003344:	2080      	movs	r0, #128	@ 0x80
10003346:	4b3b      	ldr	r3, [pc, #236]	@ (10003434 <_etoa+0x55c>)
10003348:	0600      	lsls	r0, r0, #24
1000334a:	4013      	ands	r3, r2
1000334c:	0022      	movs	r2, r4
1000334e:	9304      	str	r3, [sp, #16]
10003350:	9b0e      	ldr	r3, [sp, #56]	@ 0x38
10003352:	9303      	str	r3, [sp, #12]
10003354:	9b26      	ldr	r3, [sp, #152]	@ 0x98
10003356:	9302      	str	r3, [sp, #8]
10003358:	182b      	adds	r3, r5, r0
1000335a:	9200      	str	r2, [sp, #0]
1000335c:	9301      	str	r3, [sp, #4]
1000335e:	e631      	b.n	10002fc4 <_etoa+0xec>
10003360:	9b27      	ldr	r3, [sp, #156]	@ 0x9c
10003362:	42b3      	cmp	r3, r6
10003364:	d9d5      	bls.n	10003312 <_etoa+0x43a>
10003366:	9b0c      	ldr	r3, [sp, #48]	@ 0x30
10003368:	2b00      	cmp	r3, #0
1000336a:	d02a      	beq.n	100033c2 <_etoa+0x4ea>
1000336c:	2300      	movs	r3, #0
1000336e:	930e      	str	r3, [sp, #56]	@ 0x38
10003370:	3302      	adds	r3, #2
10003372:	930c      	str	r3, [sp, #48]	@ 0x30
10003374:	e7cf      	b.n	10003316 <_etoa+0x43e>
10003376:	9b28      	ldr	r3, [sp, #160]	@ 0xa0
10003378:	4a2e      	ldr	r2, [pc, #184]	@ (10003434 <_etoa+0x55c>)
1000337a:	2080      	movs	r0, #128	@ 0x80
1000337c:	9c08      	ldr	r4, [sp, #32]
1000337e:	9d09      	ldr	r5, [sp, #36]	@ 0x24
10003380:	401a      	ands	r2, r3
10003382:	2380      	movs	r3, #128	@ 0x80
10003384:	00db      	lsls	r3, r3, #3
10003386:	4313      	orrs	r3, r2
10003388:	0022      	movs	r2, r4
1000338a:	9304      	str	r3, [sp, #16]
1000338c:	9b27      	ldr	r3, [sp, #156]	@ 0x9c
1000338e:	0600      	lsls	r0, r0, #24
10003390:	9303      	str	r3, [sp, #12]
10003392:	182b      	adds	r3, r5, r0
10003394:	9200      	str	r2, [sp, #0]
10003396:	9301      	str	r3, [sp, #4]
10003398:	9602      	str	r6, [sp, #8]
1000339a:	e67d      	b.n	10003098 <_etoa+0x1c0>
1000339c:	2605      	movs	r6, #5
1000339e:	e695      	b.n	100030cc <_etoa+0x1f4>
100033a0:	2300      	movs	r3, #0
100033a2:	930e      	str	r3, [sp, #56]	@ 0x38
100033a4:	3302      	adds	r3, #2
100033a6:	2700      	movs	r7, #0
100033a8:	2604      	movs	r6, #4
100033aa:	930c      	str	r3, [sp, #48]	@ 0x30
100033ac:	e5f5      	b.n	10002f9a <_etoa+0xc2>
100033ae:	1e4b      	subs	r3, r1, #1
100033b0:	191b      	adds	r3, r3, r4
100033b2:	1a1b      	subs	r3, r3, r0
100033b4:	e665      	b.n	10003082 <_etoa+0x1aa>
100033b6:	2302      	movs	r3, #2
100033b8:	930c      	str	r3, [sp, #48]	@ 0x30
100033ba:	2605      	movs	r6, #5
100033bc:	e7ae      	b.n	1000331c <_etoa+0x444>
100033be:	2304      	movs	r3, #4
100033c0:	e5e7      	b.n	10002f92 <_etoa+0xba>
100033c2:	9b27      	ldr	r3, [sp, #156]	@ 0x9c
100033c4:	1b9b      	subs	r3, r3, r6
100033c6:	930e      	str	r3, [sp, #56]	@ 0x38
100033c8:	e7a5      	b.n	10003316 <_etoa+0x43e>
100033ca:	2302      	movs	r3, #2
100033cc:	2604      	movs	r6, #4
100033ce:	930c      	str	r3, [sp, #48]	@ 0x30
100033d0:	e7a1      	b.n	10003316 <_etoa+0x43e>
100033d2:	1bdb      	subs	r3, r3, r7
100033d4:	1e5e      	subs	r6, r3, #1
100033d6:	e679      	b.n	100030cc <_etoa+0x1f4>
100033d8:	fffffc01 	.word	0xfffffc01
100033dc:	509f79fb 	.word	0x509f79fb
100033e0:	3fd34413 	.word	0x3fd34413
100033e4:	8b60c8b3 	.word	0x8b60c8b3
100033e8:	3fc68a28 	.word	0x3fc68a28
100033ec:	3ff00000 	.word	0x3ff00000
100033f0:	3ff80000 	.word	0x3ff80000
100033f4:	636f4361 	.word	0x636f4361
100033f8:	3fd287a7 	.word	0x3fd287a7
100033fc:	0979a371 	.word	0x0979a371
10003400:	400a934f 	.word	0x400a934f
10003404:	3fe00000 	.word	0x3fe00000
10003408:	bbb55516 	.word	0xbbb55516
1000340c:	40026bb1 	.word	0x40026bb1
10003410:	fefa39ef 	.word	0xfefa39ef
10003414:	3fe62e42 	.word	0x3fe62e42
10003418:	402c0000 	.word	0x402c0000
1000341c:	40240000 	.word	0x40240000
10003420:	40180000 	.word	0x40180000
10003424:	000003ff 	.word	0x000003ff
10003428:	eb1c432d 	.word	0xeb1c432d
1000342c:	3f1a36e2 	.word	0x3f1a36e2
10003430:	412e8480 	.word	0x412e8480
10003434:	fffff7ff 	.word	0xfffff7ff

10003438 <_vsnprintf>:
10003438:	b5f0      	push	{r4, r5, r6, r7, lr}
1000343a:	4657      	mov	r7, sl
1000343c:	46de      	mov	lr, fp
1000343e:	464e      	mov	r6, r9
10003440:	4645      	mov	r5, r8
10003442:	b5e0      	push	{r5, r6, r7, lr}
10003444:	b0a3      	sub	sp, #140	@ 0x8c
10003446:	001f      	movs	r7, r3
10003448:	9b2c      	ldr	r3, [sp, #176]	@ 0xb0
1000344a:	4692      	mov	sl, r2
1000344c:	930c      	str	r3, [sp, #48]	@ 0x30
1000344e:	4ac9      	ldr	r2, [pc, #804]	@ (10003774 <_vsnprintf+0x33c>)
10003450:	4bc9      	ldr	r3, [pc, #804]	@ (10003778 <_vsnprintf+0x340>)
10003452:	468b      	mov	fp, r1
10003454:	900b      	str	r0, [sp, #44]	@ 0x2c
10003456:	601a      	str	r2, [r3, #0]
10003458:	2900      	cmp	r1, #0
1000345a:	d100      	bne.n	1000345e <_vsnprintf+0x26>
1000345c:	e1bf      	b.n	100037de <_vsnprintf+0x3a6>
1000345e:	2300      	movs	r3, #0
10003460:	7838      	ldrb	r0, [r7, #0]
10003462:	4699      	mov	r9, r3
10003464:	2800      	cmp	r0, #0
10003466:	d100      	bne.n	1000346a <_vsnprintf+0x32>
10003468:	e1c1      	b.n	100037ee <_vsnprintf+0x3b6>
1000346a:	4bc4      	ldr	r3, [pc, #784]	@ (1000377c <_vsnprintf+0x344>)
1000346c:	464c      	mov	r4, r9
1000346e:	9309      	str	r3, [sp, #36]	@ 0x24
10003470:	4bc3      	ldr	r3, [pc, #780]	@ (10003780 <_vsnprintf+0x348>)
10003472:	930e      	str	r3, [sp, #56]	@ 0x38
10003474:	465b      	mov	r3, fp
10003476:	930a      	str	r3, [sp, #40]	@ 0x28
10003478:	e008      	b.n	1000348c <_vsnprintf+0x54>
1000347a:	0022      	movs	r2, r4
1000347c:	4653      	mov	r3, sl
1000347e:	990a      	ldr	r1, [sp, #40]	@ 0x28
10003480:	9d0b      	ldr	r5, [sp, #44]	@ 0x2c
10003482:	47a8      	blx	r5
10003484:	3401      	adds	r4, #1
10003486:	7838      	ldrb	r0, [r7, #0]
10003488:	2800      	cmp	r0, #0
1000348a:	d076      	beq.n	1000357a <_vsnprintf+0x142>
1000348c:	3701      	adds	r7, #1
1000348e:	2825      	cmp	r0, #37	@ 0x25
10003490:	d1f3      	bne.n	1000347a <_vsnprintf+0x42>
10003492:	2310      	movs	r3, #16
10003494:	469b      	mov	fp, r3
10003496:	3b08      	subs	r3, #8
10003498:	4699      	mov	r9, r3
1000349a:	3b04      	subs	r3, #4
1000349c:	4698      	mov	r8, r3
1000349e:	3b03      	subs	r3, #3
100034a0:	2600      	movs	r6, #0
100034a2:	2502      	movs	r5, #2
100034a4:	469c      	mov	ip, r3
100034a6:	7838      	ldrb	r0, [r7, #0]
100034a8:	1c79      	adds	r1, r7, #1
100034aa:	0003      	movs	r3, r0
100034ac:	3b20      	subs	r3, #32
100034ae:	b2db      	uxtb	r3, r3
100034b0:	2b10      	cmp	r3, #16
100034b2:	d803      	bhi.n	100034bc <_vsnprintf+0x84>
100034b4:	9a09      	ldr	r2, [sp, #36]	@ 0x24
100034b6:	009b      	lsls	r3, r3, #2
100034b8:	58d3      	ldr	r3, [r2, r3]
100034ba:	469f      	mov	pc, r3
100034bc:	0003      	movs	r3, r0
100034be:	3b30      	subs	r3, #48	@ 0x30
100034c0:	2b09      	cmp	r3, #9
100034c2:	d936      	bls.n	10003532 <_vsnprintf+0xfa>
100034c4:	2500      	movs	r5, #0
100034c6:	282a      	cmp	r0, #42	@ 0x2a
100034c8:	d100      	bne.n	100034cc <_vsnprintf+0x94>
100034ca:	e0a7      	b.n	1000361c <_vsnprintf+0x1e4>
100034cc:	2300      	movs	r3, #0
100034ce:	930d      	str	r3, [sp, #52]	@ 0x34
100034d0:	282e      	cmp	r0, #46	@ 0x2e
100034d2:	d03f      	beq.n	10003554 <_vsnprintf+0x11c>
100034d4:	0003      	movs	r3, r0
100034d6:	3b68      	subs	r3, #104	@ 0x68
100034d8:	b2db      	uxtb	r3, r3
100034da:	2b12      	cmp	r3, #18
100034dc:	d81b      	bhi.n	10003516 <_vsnprintf+0xde>
100034de:	9a0e      	ldr	r2, [sp, #56]	@ 0x38
100034e0:	009b      	lsls	r3, r3, #2
100034e2:	58d3      	ldr	r3, [r2, r3]
100034e4:	469f      	mov	pc, r3
100034e6:	4663      	mov	r3, ip
100034e8:	000f      	movs	r7, r1
100034ea:	431e      	orrs	r6, r3
100034ec:	e7db      	b.n	100034a6 <_vsnprintf+0x6e>
100034ee:	000f      	movs	r7, r1
100034f0:	432e      	orrs	r6, r5
100034f2:	e7d8      	b.n	100034a6 <_vsnprintf+0x6e>
100034f4:	4643      	mov	r3, r8
100034f6:	000f      	movs	r7, r1
100034f8:	431e      	orrs	r6, r3
100034fa:	e7d4      	b.n	100034a6 <_vsnprintf+0x6e>
100034fc:	465b      	mov	r3, fp
100034fe:	000f      	movs	r7, r1
10003500:	431e      	orrs	r6, r3
10003502:	e7d0      	b.n	100034a6 <_vsnprintf+0x6e>
10003504:	464b      	mov	r3, r9
10003506:	000f      	movs	r7, r1
10003508:	431e      	orrs	r6, r3
1000350a:	e7cc      	b.n	100034a6 <_vsnprintf+0x6e>
1000350c:	2380      	movs	r3, #128	@ 0x80
1000350e:	7878      	ldrb	r0, [r7, #1]
10003510:	005b      	lsls	r3, r3, #1
10003512:	431e      	orrs	r6, r3
10003514:	3101      	adds	r1, #1
10003516:	000f      	movs	r7, r1
10003518:	2867      	cmp	r0, #103	@ 0x67
1000351a:	d845      	bhi.n	100035a8 <_vsnprintf+0x170>
1000351c:	2824      	cmp	r0, #36	@ 0x24
1000351e:	d9ac      	bls.n	1000347a <_vsnprintf+0x42>
10003520:	0003      	movs	r3, r0
10003522:	3b25      	subs	r3, #37	@ 0x25
10003524:	b2db      	uxtb	r3, r3
10003526:	2b42      	cmp	r3, #66	@ 0x42
10003528:	d8a7      	bhi.n	1000347a <_vsnprintf+0x42>
1000352a:	4996      	ldr	r1, [pc, #600]	@ (10003784 <_vsnprintf+0x34c>)
1000352c:	009b      	lsls	r3, r3, #2
1000352e:	58cb      	ldr	r3, [r1, r3]
10003530:	469f      	mov	pc, r3
10003532:	2500      	movs	r5, #0
10003534:	00ab      	lsls	r3, r5, #2
10003536:	195d      	adds	r5, r3, r5
10003538:	006d      	lsls	r5, r5, #1
1000353a:	182d      	adds	r5, r5, r0
1000353c:	7808      	ldrb	r0, [r1, #0]
1000353e:	000f      	movs	r7, r1
10003540:	0003      	movs	r3, r0
10003542:	3b30      	subs	r3, #48	@ 0x30
10003544:	3d30      	subs	r5, #48	@ 0x30
10003546:	3101      	adds	r1, #1
10003548:	2b09      	cmp	r3, #9
1000354a:	d9f3      	bls.n	10003534 <_vsnprintf+0xfc>
1000354c:	2300      	movs	r3, #0
1000354e:	930d      	str	r3, [sp, #52]	@ 0x34
10003550:	282e      	cmp	r0, #46	@ 0x2e
10003552:	d1bf      	bne.n	100034d4 <_vsnprintf+0x9c>
10003554:	2230      	movs	r2, #48	@ 0x30
10003556:	2080      	movs	r0, #128	@ 0x80
10003558:	4252      	negs	r2, r2
1000355a:	4690      	mov	r8, r2
1000355c:	00c0      	lsls	r0, r0, #3
1000355e:	4306      	orrs	r6, r0
10003560:	7878      	ldrb	r0, [r7, #1]
10003562:	000b      	movs	r3, r1
10003564:	4480      	add	r8, r0
10003566:	4642      	mov	r2, r8
10003568:	2a09      	cmp	r2, #9
1000356a:	d800      	bhi.n	1000356e <_vsnprintf+0x136>
1000356c:	e151      	b.n	10003812 <_vsnprintf+0x3da>
1000356e:	282a      	cmp	r0, #42	@ 0x2a
10003570:	d100      	bne.n	10003574 <_vsnprintf+0x13c>
10003572:	e15e      	b.n	10003832 <_vsnprintf+0x3fa>
10003574:	000f      	movs	r7, r1
10003576:	3101      	adds	r1, #1
10003578:	e7ac      	b.n	100034d4 <_vsnprintf+0x9c>
1000357a:	9b0a      	ldr	r3, [sp, #40]	@ 0x28
1000357c:	46a1      	mov	r9, r4
1000357e:	469b      	mov	fp, r3
10003580:	45ca      	cmp	sl, r9
10003582:	d803      	bhi.n	1000358c <_vsnprintf+0x154>
10003584:	2301      	movs	r3, #1
10003586:	425b      	negs	r3, r3
10003588:	4453      	add	r3, sl
1000358a:	4699      	mov	r9, r3
1000358c:	4653      	mov	r3, sl
1000358e:	464a      	mov	r2, r9
10003590:	4659      	mov	r1, fp
10003592:	2000      	movs	r0, #0
10003594:	9d0b      	ldr	r5, [sp, #44]	@ 0x2c
10003596:	47a8      	blx	r5
10003598:	0020      	movs	r0, r4
1000359a:	b023      	add	sp, #140	@ 0x8c
1000359c:	bcf0      	pop	{r4, r5, r6, r7}
1000359e:	46bb      	mov	fp, r7
100035a0:	46b2      	mov	sl, r6
100035a2:	46a9      	mov	r9, r5
100035a4:	46a0      	mov	r8, r4
100035a6:	bdf0      	pop	{r4, r5, r6, r7, pc}
100035a8:	0003      	movs	r3, r0
100035aa:	3b69      	subs	r3, #105	@ 0x69
100035ac:	b2db      	uxtb	r3, r3
100035ae:	2b0f      	cmp	r3, #15
100035b0:	d900      	bls.n	100035b4 <_vsnprintf+0x17c>
100035b2:	e762      	b.n	1000347a <_vsnprintf+0x42>
100035b4:	2101      	movs	r1, #1
100035b6:	4099      	lsls	r1, r3
100035b8:	4688      	mov	r8, r1
100035ba:	4a73      	ldr	r2, [pc, #460]	@ (10003788 <_vsnprintf+0x350>)
100035bc:	4011      	ands	r1, r2
100035be:	468b      	mov	fp, r1
100035c0:	0011      	movs	r1, r2
100035c2:	4642      	mov	r2, r8
100035c4:	420a      	tst	r2, r1
100035c6:	d000      	beq.n	100035ca <_vsnprintf+0x192>
100035c8:	e113      	b.n	100037f2 <_vsnprintf+0x3ba>
100035ca:	2b0a      	cmp	r3, #10
100035cc:	d02f      	beq.n	1000362e <_vsnprintf+0x1f6>
100035ce:	2b07      	cmp	r3, #7
100035d0:	d000      	beq.n	100035d4 <_vsnprintf+0x19c>
100035d2:	e752      	b.n	1000347a <_vsnprintf+0x42>
100035d4:	9d0c      	ldr	r5, [sp, #48]	@ 0x30
100035d6:	cd01      	ldmia	r5!, {r0}
100035d8:	2800      	cmp	r0, #0
100035da:	d100      	bne.n	100035de <_vsnprintf+0x1a6>
100035dc:	e134      	b.n	10003848 <_vsnprintf+0x410>
100035de:	2321      	movs	r3, #33	@ 0x21
100035e0:	431e      	orrs	r6, r3
100035e2:	46b0      	mov	r8, r6
100035e4:	261f      	movs	r6, #31
100035e6:	9a0d      	ldr	r2, [sp, #52]	@ 0x34
100035e8:	ab12      	add	r3, sp, #72	@ 0x48
100035ea:	18f6      	adds	r6, r6, r3
100035ec:	46a1      	mov	r9, r4
100035ee:	4694      	mov	ip, r2
100035f0:	4659      	mov	r1, fp
100035f2:	0034      	movs	r4, r6
100035f4:	e002      	b.n	100035fc <_vsnprintf+0x1c4>
100035f6:	0900      	lsrs	r0, r0, #4
100035f8:	2920      	cmp	r1, #32
100035fa:	d00a      	beq.n	10003612 <_vsnprintf+0x1da>
100035fc:	260f      	movs	r6, #15
100035fe:	4006      	ands	r6, r0
10003600:	0032      	movs	r2, r6
10003602:	3237      	adds	r2, #55	@ 0x37
10003604:	2e09      	cmp	r6, #9
10003606:	d800      	bhi.n	1000360a <_vsnprintf+0x1d2>
10003608:	3a07      	subs	r2, #7
1000360a:	3101      	adds	r1, #1
1000360c:	5462      	strb	r2, [r4, r1]
1000360e:	280f      	cmp	r0, #15
10003610:	d8f1      	bhi.n	100035f6 <_vsnprintf+0x1be>
10003612:	4663      	mov	r3, ip
10003614:	464c      	mov	r4, r9
10003616:	468b      	mov	fp, r1
10003618:	930d      	str	r3, [sp, #52]	@ 0x34
1000361a:	e122      	b.n	10003862 <_vsnprintf+0x42a>
1000361c:	9b0c      	ldr	r3, [sp, #48]	@ 0x30
1000361e:	cb20      	ldmia	r3!, {r5}
10003620:	2d00      	cmp	r5, #0
10003622:	db52      	blt.n	100036ca <_vsnprintf+0x292>
10003624:	7878      	ldrb	r0, [r7, #1]
10003626:	930c      	str	r3, [sp, #48]	@ 0x30
10003628:	000f      	movs	r7, r1
1000362a:	3101      	adds	r1, #1
1000362c:	e74e      	b.n	100034cc <_vsnprintf+0x94>
1000362e:	9b0c      	ldr	r3, [sp, #48]	@ 0x30
10003630:	990d      	ldr	r1, [sp, #52]	@ 0x34
10003632:	cb04      	ldmia	r3!, {r2}
10003634:	4690      	mov	r8, r2
10003636:	469b      	mov	fp, r3
10003638:	2900      	cmp	r1, #0
1000363a:	d100      	bne.n	1000363e <_vsnprintf+0x206>
1000363c:	e128      	b.n	10003890 <_vsnprintf+0x458>
1000363e:	4643      	mov	r3, r8
10003640:	7818      	ldrb	r0, [r3, #0]
10003642:	4441      	add	r1, r8
10003644:	2800      	cmp	r0, #0
10003646:	d101      	bne.n	1000364c <_vsnprintf+0x214>
10003648:	f000 fc29 	bl	10003e9e <_vsnprintf+0xa66>
1000364c:	9a0d      	ldr	r2, [sp, #52]	@ 0x34
1000364e:	4694      	mov	ip, r2
10003650:	000a      	movs	r2, r1
10003652:	e004      	b.n	1000365e <_vsnprintf+0x226>
10003654:	7859      	ldrb	r1, [r3, #1]
10003656:	3301      	adds	r3, #1
10003658:	2900      	cmp	r1, #0
1000365a:	d100      	bne.n	1000365e <_vsnprintf+0x226>
1000365c:	e195      	b.n	1000398a <_vsnprintf+0x552>
1000365e:	429a      	cmp	r2, r3
10003660:	d1f8      	bne.n	10003654 <_vsnprintf+0x21c>
10003662:	4663      	mov	r3, ip
10003664:	930d      	str	r3, [sp, #52]	@ 0x34
10003666:	4643      	mov	r3, r8
10003668:	1ad3      	subs	r3, r2, r3
1000366a:	930f      	str	r3, [sp, #60]	@ 0x3c
1000366c:	0573      	lsls	r3, r6, #21
1000366e:	d400      	bmi.n	10003672 <_vsnprintf+0x23a>
10003670:	e16c      	b.n	1000394c <_vsnprintf+0x514>
10003672:	9b0f      	ldr	r3, [sp, #60]	@ 0x3c
10003674:	9a0d      	ldr	r2, [sp, #52]	@ 0x34
10003676:	4293      	cmp	r3, r2
10003678:	d900      	bls.n	1000367c <_vsnprintf+0x244>
1000367a:	920f      	str	r2, [sp, #60]	@ 0x3c
1000367c:	2302      	movs	r3, #2
1000367e:	001a      	movs	r2, r3
10003680:	4032      	ands	r2, r6
10003682:	920c      	str	r2, [sp, #48]	@ 0x30
10003684:	4233      	tst	r3, r6
10003686:	d100      	bne.n	1000368a <_vsnprintf+0x252>
10003688:	e291      	b.n	10003bae <_vsnprintf+0x776>
1000368a:	930c      	str	r3, [sp, #48]	@ 0x30
1000368c:	9b0d      	ldr	r3, [sp, #52]	@ 0x34
1000368e:	46b9      	mov	r9, r7
10003690:	191e      	adds	r6, r3, r4
10003692:	4643      	mov	r3, r8
10003694:	1b1b      	subs	r3, r3, r4
10003696:	46a8      	mov	r8, r5
10003698:	0022      	movs	r2, r4
1000369a:	001f      	movs	r7, r3
1000369c:	9d0b      	ldr	r5, [sp, #44]	@ 0x2c
1000369e:	e008      	b.n	100036b2 <_vsnprintf+0x27a>
100036a0:	1c54      	adds	r4, r2, #1
100036a2:	4653      	mov	r3, sl
100036a4:	990a      	ldr	r1, [sp, #40]	@ 0x28
100036a6:	47a8      	blx	r5
100036a8:	5d38      	ldrb	r0, [r7, r4]
100036aa:	2800      	cmp	r0, #0
100036ac:	d100      	bne.n	100036b0 <_vsnprintf+0x278>
100036ae:	e163      	b.n	10003978 <_vsnprintf+0x540>
100036b0:	0022      	movs	r2, r4
100036b2:	4296      	cmp	r6, r2
100036b4:	d1f4      	bne.n	100036a0 <_vsnprintf+0x268>
100036b6:	4645      	mov	r5, r8
100036b8:	464f      	mov	r7, r9
100036ba:	0034      	movs	r4, r6
100036bc:	9b0c      	ldr	r3, [sp, #48]	@ 0x30
100036be:	2b00      	cmp	r3, #0
100036c0:	d000      	beq.n	100036c4 <_vsnprintf+0x28c>
100036c2:	e197      	b.n	100039f4 <_vsnprintf+0x5bc>
100036c4:	465b      	mov	r3, fp
100036c6:	930c      	str	r3, [sp, #48]	@ 0x30
100036c8:	e6dd      	b.n	10003486 <_vsnprintf+0x4e>
100036ca:	2202      	movs	r2, #2
100036cc:	7878      	ldrb	r0, [r7, #1]
100036ce:	4316      	orrs	r6, r2
100036d0:	000f      	movs	r7, r1
100036d2:	426d      	negs	r5, r5
100036d4:	930c      	str	r3, [sp, #48]	@ 0x30
100036d6:	3101      	adds	r1, #1
100036d8:	e6f8      	b.n	100034cc <_vsnprintf+0x94>
100036da:	7878      	ldrb	r0, [r7, #1]
100036dc:	286c      	cmp	r0, #108	@ 0x6c
100036de:	d100      	bne.n	100036e2 <_vsnprintf+0x2aa>
100036e0:	e159      	b.n	10003996 <_vsnprintf+0x55e>
100036e2:	2380      	movs	r3, #128	@ 0x80
100036e4:	005b      	lsls	r3, r3, #1
100036e6:	431e      	orrs	r6, r3
100036e8:	3101      	adds	r1, #1
100036ea:	e714      	b.n	10003516 <_vsnprintf+0xde>
100036ec:	2380      	movs	r3, #128	@ 0x80
100036ee:	009b      	lsls	r3, r3, #2
100036f0:	7878      	ldrb	r0, [r7, #1]
100036f2:	431e      	orrs	r6, r3
100036f4:	3101      	adds	r1, #1
100036f6:	e70e      	b.n	10003516 <_vsnprintf+0xde>
100036f8:	7878      	ldrb	r0, [r7, #1]
100036fa:	2868      	cmp	r0, #104	@ 0x68
100036fc:	d100      	bne.n	10003700 <_vsnprintf+0x2c8>
100036fe:	e150      	b.n	100039a2 <_vsnprintf+0x56a>
10003700:	2380      	movs	r3, #128	@ 0x80
10003702:	3101      	adds	r1, #1
10003704:	431e      	orrs	r6, r3
10003706:	e706      	b.n	10003516 <_vsnprintf+0xde>
10003708:	2867      	cmp	r0, #103	@ 0x67
1000370a:	d100      	bne.n	1000370e <_vsnprintf+0x2d6>
1000370c:	e0c2      	b.n	10003894 <_vsnprintf+0x45c>
1000370e:	2847      	cmp	r0, #71	@ 0x47
10003710:	d100      	bne.n	10003714 <_vsnprintf+0x2dc>
10003712:	e134      	b.n	1000397e <_vsnprintf+0x546>
10003714:	2845      	cmp	r0, #69	@ 0x45
10003716:	d100      	bne.n	1000371a <_vsnprintf+0x2e2>
10003718:	e134      	b.n	10003984 <_vsnprintf+0x54c>
1000371a:	2107      	movs	r1, #7
1000371c:	9b0c      	ldr	r3, [sp, #48]	@ 0x30
1000371e:	9a0d      	ldr	r2, [sp, #52]	@ 0x34
10003720:	3307      	adds	r3, #7
10003722:	438b      	bics	r3, r1
10003724:	0019      	movs	r1, r3
10003726:	9604      	str	r6, [sp, #16]
10003728:	9503      	str	r5, [sp, #12]
1000372a:	9202      	str	r2, [sp, #8]
1000372c:	c90c      	ldmia	r1!, {r2, r3}
1000372e:	980b      	ldr	r0, [sp, #44]	@ 0x2c
10003730:	9200      	str	r2, [sp, #0]
10003732:	9301      	str	r3, [sp, #4]
10003734:	910c      	str	r1, [sp, #48]	@ 0x30
10003736:	0022      	movs	r2, r4
10003738:	4653      	mov	r3, sl
1000373a:	990a      	ldr	r1, [sp, #40]	@ 0x28
1000373c:	f7ff fbcc 	bl	10002ed8 <_etoa>
10003740:	0004      	movs	r4, r0
10003742:	e6a0      	b.n	10003486 <_vsnprintf+0x4e>
10003744:	2846      	cmp	r0, #70	@ 0x46
10003746:	d100      	bne.n	1000374a <_vsnprintf+0x312>
10003748:	e0a8      	b.n	1000389c <_vsnprintf+0x464>
1000374a:	2107      	movs	r1, #7
1000374c:	9b0c      	ldr	r3, [sp, #48]	@ 0x30
1000374e:	9a0d      	ldr	r2, [sp, #52]	@ 0x34
10003750:	3307      	adds	r3, #7
10003752:	438b      	bics	r3, r1
10003754:	0019      	movs	r1, r3
10003756:	9604      	str	r6, [sp, #16]
10003758:	9503      	str	r5, [sp, #12]
1000375a:	9202      	str	r2, [sp, #8]
1000375c:	c90c      	ldmia	r1!, {r2, r3}
1000375e:	980b      	ldr	r0, [sp, #44]	@ 0x2c
10003760:	9200      	str	r2, [sp, #0]
10003762:	9301      	str	r3, [sp, #4]
10003764:	910c      	str	r1, [sp, #48]	@ 0x30
10003766:	0022      	movs	r2, r4
10003768:	4653      	mov	r3, sl
1000376a:	990a      	ldr	r1, [sp, #40]	@ 0x28
1000376c:	f7ff f97a 	bl	10002a64 <_ftoa>
10003770:	0004      	movs	r4, r0
10003772:	e688      	b.n	10003486 <_vsnprintf+0x4e>
10003774:	10003439 	.word	0x10003439
10003778:	20001bf0 	.word	0x20001bf0
1000377c:	10006b60 	.word	0x10006b60
10003780:	10006ba4 	.word	0x10006ba4
10003784:	10006bf0 	.word	0x10006bf0
10003788:	00009041 	.word	0x00009041
1000378c:	0022      	movs	r2, r4
1000378e:	4653      	mov	r3, sl
10003790:	2025      	movs	r0, #37	@ 0x25
10003792:	990a      	ldr	r1, [sp, #40]	@ 0x28
10003794:	9d0b      	ldr	r5, [sp, #44]	@ 0x2c
10003796:	47a8      	blx	r5
10003798:	3401      	adds	r4, #1
1000379a:	e674      	b.n	10003486 <_vsnprintf+0x4e>
1000379c:	9b0c      	ldr	r3, [sp, #48]	@ 0x30
1000379e:	3304      	adds	r3, #4
100037a0:	469b      	mov	fp, r3
100037a2:	1c63      	adds	r3, r4, #1
100037a4:	4698      	mov	r8, r3
100037a6:	07b6      	lsls	r6, r6, #30
100037a8:	d400      	bmi.n	100037ac <_vsnprintf+0x374>
100037aa:	e0ff      	b.n	100039ac <_vsnprintf+0x574>
100037ac:	9b0c      	ldr	r3, [sp, #48]	@ 0x30
100037ae:	0022      	movs	r2, r4
100037b0:	7818      	ldrb	r0, [r3, #0]
100037b2:	990a      	ldr	r1, [sp, #40]	@ 0x28
100037b4:	4653      	mov	r3, sl
100037b6:	9e0b      	ldr	r6, [sp, #44]	@ 0x2c
100037b8:	47b0      	blx	r6
100037ba:	1964      	adds	r4, r4, r5
100037bc:	2d01      	cmp	r5, #1
100037be:	d800      	bhi.n	100037c2 <_vsnprintf+0x38a>
100037c0:	e249      	b.n	10003c56 <_vsnprintf+0x81e>
100037c2:	4645      	mov	r5, r8
100037c4:	9e0b      	ldr	r6, [sp, #44]	@ 0x2c
100037c6:	46b8      	mov	r8, r7
100037c8:	9f0a      	ldr	r7, [sp, #40]	@ 0x28
100037ca:	002a      	movs	r2, r5
100037cc:	4653      	mov	r3, sl
100037ce:	3501      	adds	r5, #1
100037d0:	0039      	movs	r1, r7
100037d2:	2020      	movs	r0, #32
100037d4:	47b0      	blx	r6
100037d6:	42a5      	cmp	r5, r4
100037d8:	d1f7      	bne.n	100037ca <_vsnprintf+0x392>
100037da:	4647      	mov	r7, r8
100037dc:	e772      	b.n	100036c4 <_vsnprintf+0x28c>
100037de:	4bdb      	ldr	r3, [pc, #876]	@ (10003b4c <_vsnprintf+0x714>)
100037e0:	7838      	ldrb	r0, [r7, #0]
100037e2:	930b      	str	r3, [sp, #44]	@ 0x2c
100037e4:	2300      	movs	r3, #0
100037e6:	4699      	mov	r9, r3
100037e8:	2800      	cmp	r0, #0
100037ea:	d000      	beq.n	100037ee <_vsnprintf+0x3b6>
100037ec:	e63d      	b.n	1000346a <_vsnprintf+0x32>
100037ee:	2400      	movs	r4, #0
100037f0:	e6c6      	b.n	10003580 <_vsnprintf+0x148>
100037f2:	286f      	cmp	r0, #111	@ 0x6f
100037f4:	d055      	beq.n	100038a2 <_vsnprintf+0x46a>
100037f6:	d800      	bhi.n	100037fa <_vsnprintf+0x3c2>
100037f8:	e2bc      	b.n	10003d74 <_vsnprintf+0x93c>
100037fa:	2310      	movs	r3, #16
100037fc:	2878      	cmp	r0, #120	@ 0x78
100037fe:	d100      	bne.n	10003802 <_vsnprintf+0x3ca>
10003800:	e09e      	b.n	10003940 <_vsnprintf+0x508>
10003802:	439e      	bics	r6, r3
10003804:	230a      	movs	r3, #10
10003806:	469c      	mov	ip, r3
10003808:	2300      	movs	r3, #0
1000380a:	930f      	str	r3, [sp, #60]	@ 0x3c
1000380c:	330a      	adds	r3, #10
1000380e:	469b      	mov	fp, r3
10003810:	e04d      	b.n	100038ae <_vsnprintf+0x476>
10003812:	2100      	movs	r1, #0
10003814:	008a      	lsls	r2, r1, #2
10003816:	1852      	adds	r2, r2, r1
10003818:	0052      	lsls	r2, r2, #1
1000381a:	3301      	adds	r3, #1
1000381c:	1811      	adds	r1, r2, r0
1000381e:	7818      	ldrb	r0, [r3, #0]
10003820:	3930      	subs	r1, #48	@ 0x30
10003822:	0002      	movs	r2, r0
10003824:	3a30      	subs	r2, #48	@ 0x30
10003826:	2a09      	cmp	r2, #9
10003828:	d9f4      	bls.n	10003814 <_vsnprintf+0x3dc>
1000382a:	910d      	str	r1, [sp, #52]	@ 0x34
1000382c:	001f      	movs	r7, r3
1000382e:	1c59      	adds	r1, r3, #1
10003830:	e650      	b.n	100034d4 <_vsnprintf+0x9c>
10003832:	9b0c      	ldr	r3, [sp, #48]	@ 0x30
10003834:	78b8      	ldrb	r0, [r7, #2]
10003836:	cb04      	ldmia	r3!, {r2}
10003838:	3702      	adds	r7, #2
1000383a:	43d1      	mvns	r1, r2
1000383c:	17c9      	asrs	r1, r1, #31
1000383e:	400a      	ands	r2, r1
10003840:	920d      	str	r2, [sp, #52]	@ 0x34
10003842:	930c      	str	r3, [sp, #48]	@ 0x30
10003844:	1c79      	adds	r1, r7, #1
10003846:	e645      	b.n	100034d4 <_vsnprintf+0x9c>
10003848:	2310      	movs	r3, #16
1000384a:	0030      	movs	r0, r6
1000384c:	4398      	bics	r0, r3
1000384e:	3311      	adds	r3, #17
10003850:	4318      	orrs	r0, r3
10003852:	2380      	movs	r3, #128	@ 0x80
10003854:	4680      	mov	r8, r0
10003856:	0030      	movs	r0, r6
10003858:	00db      	lsls	r3, r3, #3
1000385a:	4018      	ands	r0, r3
1000385c:	421e      	tst	r6, r3
1000385e:	d100      	bne.n	10003862 <_vsnprintf+0x42a>
10003860:	e6c0      	b.n	100035e4 <_vsnprintf+0x1ac>
10003862:	4643      	mov	r3, r8
10003864:	9306      	str	r3, [sp, #24]
10003866:	2308      	movs	r3, #8
10003868:	9305      	str	r3, [sp, #20]
1000386a:	9b0d      	ldr	r3, [sp, #52]	@ 0x34
1000386c:	0022      	movs	r2, r4
1000386e:	9304      	str	r3, [sp, #16]
10003870:	2310      	movs	r3, #16
10003872:	9303      	str	r3, [sp, #12]
10003874:	2300      	movs	r3, #0
10003876:	9302      	str	r3, [sp, #8]
10003878:	465b      	mov	r3, fp
1000387a:	9301      	str	r3, [sp, #4]
1000387c:	ab1a      	add	r3, sp, #104	@ 0x68
1000387e:	9300      	str	r3, [sp, #0]
10003880:	990a      	ldr	r1, [sp, #40]	@ 0x28
10003882:	4653      	mov	r3, sl
10003884:	980b      	ldr	r0, [sp, #44]	@ 0x2c
10003886:	f7fe fff1 	bl	1000286c <_ntoa_format>
1000388a:	950c      	str	r5, [sp, #48]	@ 0x30
1000388c:	0004      	movs	r4, r0
1000388e:	e5fa      	b.n	10003486 <_vsnprintf+0x4e>
10003890:	3901      	subs	r1, #1
10003892:	e6d4      	b.n	1000363e <_vsnprintf+0x206>
10003894:	2380      	movs	r3, #128	@ 0x80
10003896:	011b      	lsls	r3, r3, #4
10003898:	431e      	orrs	r6, r3
1000389a:	e73e      	b.n	1000371a <_vsnprintf+0x2e2>
1000389c:	2320      	movs	r3, #32
1000389e:	431e      	orrs	r6, r3
100038a0:	e753      	b.n	1000374a <_vsnprintf+0x312>
100038a2:	2308      	movs	r3, #8
100038a4:	469c      	mov	ip, r3
100038a6:	2300      	movs	r3, #0
100038a8:	930f      	str	r3, [sp, #60]	@ 0x3c
100038aa:	3308      	adds	r3, #8
100038ac:	469b      	mov	fp, r3
100038ae:	2380      	movs	r3, #128	@ 0x80
100038b0:	0030      	movs	r0, r6
100038b2:	00db      	lsls	r3, r3, #3
100038b4:	4018      	ands	r0, r3
100038b6:	421e      	tst	r6, r3
100038b8:	d100      	bne.n	100038bc <_vsnprintf+0x484>
100038ba:	e11a      	b.n	10003af2 <_vsnprintf+0x6ba>
100038bc:	230d      	movs	r3, #13
100038be:	0031      	movs	r1, r6
100038c0:	4399      	bics	r1, r3
100038c2:	2380      	movs	r3, #128	@ 0x80
100038c4:	000a      	movs	r2, r1
100038c6:	009b      	lsls	r3, r3, #2
100038c8:	401a      	ands	r2, r3
100038ca:	4691      	mov	r9, r2
100038cc:	4219      	tst	r1, r3
100038ce:	d000      	beq.n	100038d2 <_vsnprintf+0x49a>
100038d0:	e1c3      	b.n	10003c5a <_vsnprintf+0x822>
100038d2:	2380      	movs	r3, #128	@ 0x80
100038d4:	000a      	movs	r2, r1
100038d6:	005b      	lsls	r3, r3, #1
100038d8:	401a      	ands	r2, r3
100038da:	4690      	mov	r8, r2
100038dc:	9a0c      	ldr	r2, [sp, #48]	@ 0x30
100038de:	3204      	adds	r2, #4
100038e0:	920f      	str	r2, [sp, #60]	@ 0x3c
100038e2:	4219      	tst	r1, r3
100038e4:	d000      	beq.n	100038e8 <_vsnprintf+0x4b0>
100038e6:	e28f      	b.n	10003e08 <_vsnprintf+0x9d0>
100038e8:	064b      	lsls	r3, r1, #25
100038ea:	d500      	bpl.n	100038ee <_vsnprintf+0x4b6>
100038ec:	e197      	b.n	10003c1e <_vsnprintf+0x7e6>
100038ee:	060b      	lsls	r3, r1, #24
100038f0:	d400      	bmi.n	100038f4 <_vsnprintf+0x4bc>
100038f2:	e2e5      	b.n	10003ec0 <_vsnprintf+0xa88>
100038f4:	9b0c      	ldr	r3, [sp, #48]	@ 0x30
100038f6:	881b      	ldrh	r3, [r3, #0]
100038f8:	4699      	mov	r9, r3
100038fa:	464b      	mov	r3, r9
100038fc:	2b00      	cmp	r3, #0
100038fe:	d000      	beq.n	10003902 <_vsnprintf+0x4ca>
10003900:	e205      	b.n	10003d0e <_vsnprintf+0x8d6>
10003902:	3310      	adds	r3, #16
10003904:	4399      	bics	r1, r3
10003906:	2800      	cmp	r0, #0
10003908:	d100      	bne.n	1000390c <_vsnprintf+0x4d4>
1000390a:	e200      	b.n	10003d0e <_vsnprintf+0x8d6>
1000390c:	2300      	movs	r3, #0
1000390e:	4698      	mov	r8, r3
10003910:	9b0d      	ldr	r3, [sp, #52]	@ 0x34
10003912:	9106      	str	r1, [sp, #24]
10003914:	9304      	str	r3, [sp, #16]
10003916:	465b      	mov	r3, fp
10003918:	9303      	str	r3, [sp, #12]
1000391a:	2300      	movs	r3, #0
1000391c:	9505      	str	r5, [sp, #20]
1000391e:	9302      	str	r3, [sp, #8]
10003920:	4643      	mov	r3, r8
10003922:	e0d9      	b.n	10003ad8 <_vsnprintf+0x6a0>
10003924:	2858      	cmp	r0, #88	@ 0x58
10003926:	d008      	beq.n	1000393a <_vsnprintf+0x502>
10003928:	2862      	cmp	r0, #98	@ 0x62
1000392a:	d178      	bne.n	10003a1e <_vsnprintf+0x5e6>
1000392c:	2302      	movs	r3, #2
1000392e:	469c      	mov	ip, r3
10003930:	2300      	movs	r3, #0
10003932:	930f      	str	r3, [sp, #60]	@ 0x3c
10003934:	3302      	adds	r3, #2
10003936:	469b      	mov	fp, r3
10003938:	e7b9      	b.n	100038ae <_vsnprintf+0x476>
1000393a:	2320      	movs	r3, #32
1000393c:	431e      	orrs	r6, r3
1000393e:	3b10      	subs	r3, #16
10003940:	469c      	mov	ip, r3
10003942:	2300      	movs	r3, #0
10003944:	930f      	str	r3, [sp, #60]	@ 0x3c
10003946:	3310      	adds	r3, #16
10003948:	469b      	mov	fp, r3
1000394a:	e7b0      	b.n	100038ae <_vsnprintf+0x476>
1000394c:	2302      	movs	r3, #2
1000394e:	001a      	movs	r2, r3
10003950:	4032      	ands	r2, r6
10003952:	920c      	str	r2, [sp, #48]	@ 0x30
10003954:	4233      	tst	r3, r6
10003956:	d100      	bne.n	1000395a <_vsnprintf+0x522>
10003958:	e205      	b.n	10003d66 <_vsnprintf+0x92e>
1000395a:	930c      	str	r3, [sp, #48]	@ 0x30
1000395c:	4643      	mov	r3, r8
1000395e:	46b9      	mov	r9, r7
10003960:	9e0b      	ldr	r6, [sp, #44]	@ 0x2c
10003962:	9f0a      	ldr	r7, [sp, #40]	@ 0x28
10003964:	46a8      	mov	r8, r5
10003966:	1b1d      	subs	r5, r3, r4
10003968:	0022      	movs	r2, r4
1000396a:	4653      	mov	r3, sl
1000396c:	0039      	movs	r1, r7
1000396e:	3401      	adds	r4, #1
10003970:	47b0      	blx	r6
10003972:	5d28      	ldrb	r0, [r5, r4]
10003974:	2800      	cmp	r0, #0
10003976:	d1f7      	bne.n	10003968 <_vsnprintf+0x530>
10003978:	4645      	mov	r5, r8
1000397a:	464f      	mov	r7, r9
1000397c:	e69e      	b.n	100036bc <_vsnprintf+0x284>
1000397e:	2380      	movs	r3, #128	@ 0x80
10003980:	011b      	lsls	r3, r3, #4
10003982:	431e      	orrs	r6, r3
10003984:	2320      	movs	r3, #32
10003986:	431e      	orrs	r6, r3
10003988:	e6c7      	b.n	1000371a <_vsnprintf+0x2e2>
1000398a:	4662      	mov	r2, ip
1000398c:	920d      	str	r2, [sp, #52]	@ 0x34
1000398e:	4642      	mov	r2, r8
10003990:	1a9b      	subs	r3, r3, r2
10003992:	930f      	str	r3, [sp, #60]	@ 0x3c
10003994:	e66a      	b.n	1000366c <_vsnprintf+0x234>
10003996:	23c0      	movs	r3, #192	@ 0xc0
10003998:	009b      	lsls	r3, r3, #2
1000399a:	78b8      	ldrb	r0, [r7, #2]
1000399c:	431e      	orrs	r6, r3
1000399e:	1cf9      	adds	r1, r7, #3
100039a0:	e5b9      	b.n	10003516 <_vsnprintf+0xde>
100039a2:	23c0      	movs	r3, #192	@ 0xc0
100039a4:	78b8      	ldrb	r0, [r7, #2]
100039a6:	431e      	orrs	r6, r3
100039a8:	1cf9      	adds	r1, r7, #3
100039aa:	e5b4      	b.n	10003516 <_vsnprintf+0xde>
100039ac:	2d01      	cmp	r5, #1
100039ae:	d800      	bhi.n	100039b2 <_vsnprintf+0x57a>
100039b0:	e14a      	b.n	10003c48 <_vsnprintf+0x810>
100039b2:	1e63      	subs	r3, r4, #1
100039b4:	4699      	mov	r9, r3
100039b6:	44a9      	add	r9, r5
100039b8:	464b      	mov	r3, r9
100039ba:	4652      	mov	r2, sl
100039bc:	0026      	movs	r6, r4
100039be:	46a1      	mov	r9, r4
100039c0:	46ba      	mov	sl, r7
100039c2:	001c      	movs	r4, r3
100039c4:	0017      	movs	r7, r2
100039c6:	46a8      	mov	r8, r5
100039c8:	9d0b      	ldr	r5, [sp, #44]	@ 0x2c
100039ca:	0032      	movs	r2, r6
100039cc:	003b      	movs	r3, r7
100039ce:	3601      	adds	r6, #1
100039d0:	2020      	movs	r0, #32
100039d2:	990a      	ldr	r1, [sp, #40]	@ 0x28
100039d4:	47a8      	blx	r5
100039d6:	42a6      	cmp	r6, r4
100039d8:	d1f7      	bne.n	100039ca <_vsnprintf+0x592>
100039da:	003b      	movs	r3, r7
100039dc:	4657      	mov	r7, sl
100039de:	469a      	mov	sl, r3
100039e0:	464c      	mov	r4, r9
100039e2:	9b0c      	ldr	r3, [sp, #48]	@ 0x30
100039e4:	0032      	movs	r2, r6
100039e6:	7818      	ldrb	r0, [r3, #0]
100039e8:	990a      	ldr	r1, [sp, #40]	@ 0x28
100039ea:	4653      	mov	r3, sl
100039ec:	9d0b      	ldr	r5, [sp, #44]	@ 0x2c
100039ee:	4444      	add	r4, r8
100039f0:	47a8      	blx	r5
100039f2:	e667      	b.n	100036c4 <_vsnprintf+0x28c>
100039f4:	46a0      	mov	r8, r4
100039f6:	9b0f      	ldr	r3, [sp, #60]	@ 0x3c
100039f8:	429d      	cmp	r5, r3
100039fa:	d800      	bhi.n	100039fe <_vsnprintf+0x5c6>
100039fc:	e662      	b.n	100036c4 <_vsnprintf+0x28c>
100039fe:	192c      	adds	r4, r5, r4
10003a00:	9e0b      	ldr	r6, [sp, #44]	@ 0x2c
10003a02:	4645      	mov	r5, r8
10003a04:	46b8      	mov	r8, r7
10003a06:	9f0a      	ldr	r7, [sp, #40]	@ 0x28
10003a08:	1ae4      	subs	r4, r4, r3
10003a0a:	002a      	movs	r2, r5
10003a0c:	4653      	mov	r3, sl
10003a0e:	3501      	adds	r5, #1
10003a10:	0039      	movs	r1, r7
10003a12:	2020      	movs	r0, #32
10003a14:	47b0      	blx	r6
10003a16:	42a5      	cmp	r5, r4
10003a18:	d1f7      	bne.n	10003a0a <_vsnprintf+0x5d2>
10003a1a:	4647      	mov	r7, r8
10003a1c:	e652      	b.n	100036c4 <_vsnprintf+0x28c>
10003a1e:	2380      	movs	r3, #128	@ 0x80
10003a20:	0032      	movs	r2, r6
10003a22:	00db      	lsls	r3, r3, #3
10003a24:	401a      	ands	r2, r3
10003a26:	4690      	mov	r8, r2
10003a28:	421e      	tst	r6, r3
10003a2a:	d100      	bne.n	10003a2e <_vsnprintf+0x5f6>
10003a2c:	e0f3      	b.n	10003c16 <_vsnprintf+0x7de>
10003a2e:	2111      	movs	r1, #17
10003a30:	438e      	bics	r6, r1
10003a32:	46b4      	mov	ip, r6
10003a34:	4698      	mov	r8, r3
10003a36:	2380      	movs	r3, #128	@ 0x80
10003a38:	4662      	mov	r2, ip
10003a3a:	009b      	lsls	r3, r3, #2
10003a3c:	401a      	ands	r2, r3
10003a3e:	4693      	mov	fp, r2
10003a40:	4662      	mov	r2, ip
10003a42:	421a      	tst	r2, r3
10003a44:	d159      	bne.n	10003afa <_vsnprintf+0x6c2>
10003a46:	2380      	movs	r3, #128	@ 0x80
10003a48:	005b      	lsls	r3, r3, #1
10003a4a:	401a      	ands	r2, r3
10003a4c:	4691      	mov	r9, r2
10003a4e:	9a0c      	ldr	r2, [sp, #48]	@ 0x30
10003a50:	3204      	adds	r2, #4
10003a52:	920f      	str	r2, [sp, #60]	@ 0x3c
10003a54:	4662      	mov	r2, ip
10003a56:	421a      	tst	r2, r3
10003a58:	d000      	beq.n	10003a5c <_vsnprintf+0x624>
10003a5a:	e1a0      	b.n	10003d9e <_vsnprintf+0x966>
10003a5c:	4663      	mov	r3, ip
10003a5e:	065b      	lsls	r3, r3, #25
10003a60:	d500      	bpl.n	10003a64 <_vsnprintf+0x62c>
10003a62:	e0d4      	b.n	10003c0e <_vsnprintf+0x7d6>
10003a64:	4663      	mov	r3, ip
10003a66:	061b      	lsls	r3, r3, #24
10003a68:	d400      	bmi.n	10003a6c <_vsnprintf+0x634>
10003a6a:	e212      	b.n	10003e92 <_vsnprintf+0xa5a>
10003a6c:	9b0c      	ldr	r3, [sp, #48]	@ 0x30
10003a6e:	2200      	movs	r2, #0
10003a70:	5e9b      	ldrsh	r3, [r3, r2]
10003a72:	17d8      	asrs	r0, r3, #31
10003a74:	1819      	adds	r1, r3, r0
10003a76:	4041      	eors	r1, r0
10003a78:	b289      	uxth	r1, r1
10003a7a:	0fda      	lsrs	r2, r3, #31
10003a7c:	920c      	str	r2, [sp, #48]	@ 0x30
10003a7e:	2b00      	cmp	r3, #0
10003a80:	d100      	bne.n	10003a84 <_vsnprintf+0x64c>
10003a82:	e187      	b.n	10003d94 <_vsnprintf+0x95c>
10003a84:	4688      	mov	r8, r1
10003a86:	261f      	movs	r6, #31
10003a88:	ab12      	add	r3, sp, #72	@ 0x48
10003a8a:	46bb      	mov	fp, r7
10003a8c:	9514      	str	r5, [sp, #80]	@ 0x50
10003a8e:	18f7      	adds	r7, r6, r3
10003a90:	4645      	mov	r5, r8
10003a92:	464e      	mov	r6, r9
10003a94:	46e0      	mov	r8, ip
10003a96:	46a1      	mov	r9, r4
10003a98:	e006      	b.n	10003aa8 <_vsnprintf+0x670>
10003a9a:	0028      	movs	r0, r5
10003a9c:	210a      	movs	r1, #10
10003a9e:	f7fd fff3 	bl	10001a88 <__wrap___aeabi_uidiv>
10003aa2:	0005      	movs	r5, r0
10003aa4:	2e20      	cmp	r6, #32
10003aa6:	d008      	beq.n	10003aba <_vsnprintf+0x682>
10003aa8:	210a      	movs	r1, #10
10003aaa:	0028      	movs	r0, r5
10003aac:	f7fd ffec 	bl	10001a88 <__wrap___aeabi_uidiv>
10003ab0:	3601      	adds	r6, #1
10003ab2:	3130      	adds	r1, #48	@ 0x30
10003ab4:	55b9      	strb	r1, [r7, r6]
10003ab6:	2d09      	cmp	r5, #9
10003ab8:	d8ef      	bhi.n	10003a9a <_vsnprintf+0x662>
10003aba:	464c      	mov	r4, r9
10003abc:	46c4      	mov	ip, r8
10003abe:	46b1      	mov	r9, r6
10003ac0:	465f      	mov	r7, fp
10003ac2:	9d14      	ldr	r5, [sp, #80]	@ 0x50
10003ac4:	4663      	mov	r3, ip
10003ac6:	9306      	str	r3, [sp, #24]
10003ac8:	9b0d      	ldr	r3, [sp, #52]	@ 0x34
10003aca:	9505      	str	r5, [sp, #20]
10003acc:	9304      	str	r3, [sp, #16]
10003ace:	230a      	movs	r3, #10
10003ad0:	9303      	str	r3, [sp, #12]
10003ad2:	9b0c      	ldr	r3, [sp, #48]	@ 0x30
10003ad4:	9302      	str	r3, [sp, #8]
10003ad6:	464b      	mov	r3, r9
10003ad8:	9301      	str	r3, [sp, #4]
10003ada:	ab1a      	add	r3, sp, #104	@ 0x68
10003adc:	0022      	movs	r2, r4
10003ade:	9300      	str	r3, [sp, #0]
10003ae0:	990a      	ldr	r1, [sp, #40]	@ 0x28
10003ae2:	4653      	mov	r3, sl
10003ae4:	980b      	ldr	r0, [sp, #44]	@ 0x2c
10003ae6:	f7fe fec1 	bl	1000286c <_ntoa_format>
10003aea:	9b0f      	ldr	r3, [sp, #60]	@ 0x3c
10003aec:	0004      	movs	r4, r0
10003aee:	930c      	str	r3, [sp, #48]	@ 0x30
10003af0:	e4c9      	b.n	10003486 <_vsnprintf+0x4e>
10003af2:	230c      	movs	r3, #12
10003af4:	0031      	movs	r1, r6
10003af6:	4399      	bics	r1, r3
10003af8:	e6e3      	b.n	100038c2 <_vsnprintf+0x48a>
10003afa:	2208      	movs	r2, #8
10003afc:	2107      	movs	r1, #7
10003afe:	4691      	mov	r9, r2
10003b00:	9b0c      	ldr	r3, [sp, #48]	@ 0x30
10003b02:	3307      	adds	r3, #7
10003b04:	438b      	bics	r3, r1
10003b06:	4499      	add	r9, r3
10003b08:	464a      	mov	r2, r9
10003b0a:	cb0a      	ldmia	r3, {r1, r3}
10003b0c:	0008      	movs	r0, r1
10003b0e:	920c      	str	r2, [sp, #48]	@ 0x30
10003b10:	0fda      	lsrs	r2, r3, #31
10003b12:	4693      	mov	fp, r2
10003b14:	4318      	orrs	r0, r3
10003b16:	d000      	beq.n	10003b1a <_vsnprintf+0x6e2>
10003b18:	e085      	b.n	10003c26 <_vsnprintf+0x7ee>
10003b1a:	2300      	movs	r3, #0
10003b1c:	4699      	mov	r9, r3
10003b1e:	4643      	mov	r3, r8
10003b20:	2b00      	cmp	r3, #0
10003b22:	d12f      	bne.n	10003b84 <_vsnprintf+0x74c>
10003b24:	2200      	movs	r2, #0
10003b26:	2300      	movs	r3, #0
10003b28:	9210      	str	r2, [sp, #64]	@ 0x40
10003b2a:	9311      	str	r3, [sp, #68]	@ 0x44
10003b2c:	2300      	movs	r3, #0
10003b2e:	261f      	movs	r6, #31
10003b30:	4699      	mov	r9, r3
10003b32:	ab12      	add	r3, sp, #72	@ 0x48
10003b34:	18f6      	adds	r6, r6, r3
10003b36:	465b      	mov	r3, fp
10003b38:	9514      	str	r5, [sp, #80]	@ 0x50
10003b3a:	46bb      	mov	fp, r7
10003b3c:	46e0      	mov	r8, ip
10003b3e:	0037      	movs	r7, r6
10003b40:	930f      	str	r3, [sp, #60]	@ 0x3c
10003b42:	464e      	mov	r6, r9
10003b44:	46a1      	mov	r9, r4
10003b46:	9c10      	ldr	r4, [sp, #64]	@ 0x40
10003b48:	9d11      	ldr	r5, [sp, #68]	@ 0x44
10003b4a:	e005      	b.n	10003b58 <_vsnprintf+0x720>
10003b4c:	100027c1 	.word	0x100027c1
10003b50:	0004      	movs	r4, r0
10003b52:	000d      	movs	r5, r1
10003b54:	2e20      	cmp	r6, #32
10003b56:	d00c      	beq.n	10003b72 <_vsnprintf+0x73a>
10003b58:	220a      	movs	r2, #10
10003b5a:	2300      	movs	r3, #0
10003b5c:	0020      	movs	r0, r4
10003b5e:	0029      	movs	r1, r5
10003b60:	f7fd ffd0 	bl	10001b04 <__wrap___aeabi_uldivmod>
10003b64:	3601      	adds	r6, #1
10003b66:	3230      	adds	r2, #48	@ 0x30
10003b68:	55ba      	strb	r2, [r7, r6]
10003b6a:	2d00      	cmp	r5, #0
10003b6c:	d1f0      	bne.n	10003b50 <_vsnprintf+0x718>
10003b6e:	2c09      	cmp	r4, #9
10003b70:	d8ee      	bhi.n	10003b50 <_vsnprintf+0x718>
10003b72:	9b0f      	ldr	r3, [sp, #60]	@ 0x3c
10003b74:	9410      	str	r4, [sp, #64]	@ 0x40
10003b76:	9511      	str	r5, [sp, #68]	@ 0x44
10003b78:	465f      	mov	r7, fp
10003b7a:	464c      	mov	r4, r9
10003b7c:	46c4      	mov	ip, r8
10003b7e:	46b1      	mov	r9, r6
10003b80:	469b      	mov	fp, r3
10003b82:	9d14      	ldr	r5, [sp, #80]	@ 0x50
10003b84:	4663      	mov	r3, ip
10003b86:	9306      	str	r3, [sp, #24]
10003b88:	9b0d      	ldr	r3, [sp, #52]	@ 0x34
10003b8a:	9505      	str	r5, [sp, #20]
10003b8c:	9304      	str	r3, [sp, #16]
10003b8e:	230a      	movs	r3, #10
10003b90:	9303      	str	r3, [sp, #12]
10003b92:	465b      	mov	r3, fp
10003b94:	9302      	str	r3, [sp, #8]
10003b96:	464b      	mov	r3, r9
10003b98:	9301      	str	r3, [sp, #4]
10003b9a:	ab1a      	add	r3, sp, #104	@ 0x68
10003b9c:	0022      	movs	r2, r4
10003b9e:	9300      	str	r3, [sp, #0]
10003ba0:	990a      	ldr	r1, [sp, #40]	@ 0x28
10003ba2:	4653      	mov	r3, sl
10003ba4:	980b      	ldr	r0, [sp, #44]	@ 0x2c
10003ba6:	f7fe fe61 	bl	1000286c <_ntoa_format>
10003baa:	0004      	movs	r4, r0
10003bac:	e46b      	b.n	10003486 <_vsnprintf+0x4e>
10003bae:	9b0f      	ldr	r3, [sp, #60]	@ 0x3c
10003bb0:	429d      	cmp	r5, r3
10003bb2:	d800      	bhi.n	10003bb6 <_vsnprintf+0x77e>
10003bb4:	e196      	b.n	10003ee4 <_vsnprintf+0xaac>
10003bb6:	2380      	movs	r3, #128	@ 0x80
10003bb8:	00db      	lsls	r3, r3, #3
10003bba:	930c      	str	r3, [sp, #48]	@ 0x30
10003bbc:	9b0f      	ldr	r3, [sp, #60]	@ 0x3c
10003bbe:	192e      	adds	r6, r5, r4
10003bc0:	1af6      	subs	r6, r6, r3
10003bc2:	4643      	mov	r3, r8
10003bc4:	930f      	str	r3, [sp, #60]	@ 0x3c
10003bc6:	9b0d      	ldr	r3, [sp, #52]	@ 0x34
10003bc8:	46a8      	mov	r8, r5
10003bca:	4699      	mov	r9, r3
10003bcc:	4653      	mov	r3, sl
10003bce:	46ba      	mov	sl, r7
10003bd0:	001f      	movs	r7, r3
10003bd2:	9d0b      	ldr	r5, [sp, #44]	@ 0x2c
10003bd4:	0022      	movs	r2, r4
10003bd6:	003b      	movs	r3, r7
10003bd8:	3401      	adds	r4, #1
10003bda:	2020      	movs	r0, #32
10003bdc:	990a      	ldr	r1, [sp, #40]	@ 0x28
10003bde:	47a8      	blx	r5
10003be0:	42b4      	cmp	r4, r6
10003be2:	d1f7      	bne.n	10003bd4 <_vsnprintf+0x79c>
10003be4:	9b0f      	ldr	r3, [sp, #60]	@ 0x3c
10003be6:	4645      	mov	r5, r8
10003be8:	4698      	mov	r8, r3
10003bea:	464b      	mov	r3, r9
10003bec:	930d      	str	r3, [sp, #52]	@ 0x34
10003bee:	003b      	movs	r3, r7
10003bf0:	4657      	mov	r7, sl
10003bf2:	469a      	mov	sl, r3
10003bf4:	4643      	mov	r3, r8
10003bf6:	7818      	ldrb	r0, [r3, #0]
10003bf8:	2800      	cmp	r0, #0
10003bfa:	d100      	bne.n	10003bfe <_vsnprintf+0x7c6>
10003bfc:	e562      	b.n	100036c4 <_vsnprintf+0x28c>
10003bfe:	1c6b      	adds	r3, r5, #1
10003c00:	930f      	str	r3, [sp, #60]	@ 0x3c
10003c02:	9b0c      	ldr	r3, [sp, #48]	@ 0x30
10003c04:	2b00      	cmp	r3, #0
10003c06:	d100      	bne.n	10003c0a <_vsnprintf+0x7d2>
10003c08:	e6a8      	b.n	1000395c <_vsnprintf+0x524>
10003c0a:	2300      	movs	r3, #0
10003c0c:	e53d      	b.n	1000368a <_vsnprintf+0x252>
10003c0e:	9b0c      	ldr	r3, [sp, #48]	@ 0x30
10003c10:	781b      	ldrb	r3, [r3, #0]
10003c12:	0019      	movs	r1, r3
10003c14:	e731      	b.n	10003a7a <_vsnprintf+0x642>
10003c16:	2310      	movs	r3, #16
10003c18:	439e      	bics	r6, r3
10003c1a:	46b4      	mov	ip, r6
10003c1c:	e70b      	b.n	10003a36 <_vsnprintf+0x5fe>
10003c1e:	9b0c      	ldr	r3, [sp, #48]	@ 0x30
10003c20:	781b      	ldrb	r3, [r3, #0]
10003c22:	4699      	mov	r9, r3
10003c24:	e669      	b.n	100038fa <_vsnprintf+0x4c2>
10003c26:	17da      	asrs	r2, r3, #31
10003c28:	9212      	str	r2, [sp, #72]	@ 0x48
10003c2a:	9213      	str	r2, [sp, #76]	@ 0x4c
10003c2c:	404a      	eors	r2, r1
10003c2e:	9210      	str	r2, [sp, #64]	@ 0x40
10003c30:	9812      	ldr	r0, [sp, #72]	@ 0x48
10003c32:	9913      	ldr	r1, [sp, #76]	@ 0x4c
10003c34:	000a      	movs	r2, r1
10003c36:	405a      	eors	r2, r3
10003c38:	9211      	str	r2, [sp, #68]	@ 0x44
10003c3a:	9a10      	ldr	r2, [sp, #64]	@ 0x40
10003c3c:	9b11      	ldr	r3, [sp, #68]	@ 0x44
10003c3e:	1a12      	subs	r2, r2, r0
10003c40:	418b      	sbcs	r3, r1
10003c42:	9210      	str	r2, [sp, #64]	@ 0x40
10003c44:	9311      	str	r3, [sp, #68]	@ 0x44
10003c46:	e771      	b.n	10003b2c <_vsnprintf+0x6f4>
10003c48:	9b0c      	ldr	r3, [sp, #48]	@ 0x30
10003c4a:	0022      	movs	r2, r4
10003c4c:	7818      	ldrb	r0, [r3, #0]
10003c4e:	990a      	ldr	r1, [sp, #40]	@ 0x28
10003c50:	4653      	mov	r3, sl
10003c52:	9c0b      	ldr	r4, [sp, #44]	@ 0x2c
10003c54:	47a0      	blx	r4
10003c56:	4644      	mov	r4, r8
10003c58:	e534      	b.n	100036c4 <_vsnprintf+0x28c>
10003c5a:	2208      	movs	r2, #8
10003c5c:	2607      	movs	r6, #7
10003c5e:	4690      	mov	r8, r2
10003c60:	9b0c      	ldr	r3, [sp, #48]	@ 0x30
10003c62:	3307      	adds	r3, #7
10003c64:	43b3      	bics	r3, r6
10003c66:	4498      	add	r8, r3
10003c68:	4642      	mov	r2, r8
10003c6a:	920c      	str	r2, [sp, #48]	@ 0x30
10003c6c:	681a      	ldr	r2, [r3, #0]
10003c6e:	685b      	ldr	r3, [r3, #4]
10003c70:	9214      	str	r2, [sp, #80]	@ 0x50
10003c72:	9308      	str	r3, [sp, #32]
10003c74:	0013      	movs	r3, r2
10003c76:	9a08      	ldr	r2, [sp, #32]
10003c78:	4313      	orrs	r3, r2
10003c7a:	d105      	bne.n	10003c88 <_vsnprintf+0x850>
10003c7c:	3310      	adds	r3, #16
10003c7e:	4399      	bics	r1, r3
10003c80:	2300      	movs	r3, #0
10003c82:	4698      	mov	r8, r3
10003c84:	2800      	cmp	r0, #0
10003c86:	d138      	bne.n	10003cfa <_vsnprintf+0x8c2>
10003c88:	2061      	movs	r0, #97	@ 0x61
10003c8a:	068b      	lsls	r3, r1, #26
10003c8c:	d500      	bpl.n	10003c90 <_vsnprintf+0x858>
10003c8e:	2041      	movs	r0, #65	@ 0x41
10003c90:	2300      	movs	r3, #0
10003c92:	261f      	movs	r6, #31
10003c94:	4698      	mov	r8, r3
10003c96:	465a      	mov	r2, fp
10003c98:	ab12      	add	r3, sp, #72	@ 0x48
10003c9a:	18f6      	adds	r6, r6, r3
10003c9c:	0003      	movs	r3, r0
10003c9e:	9218      	str	r2, [sp, #96]	@ 0x60
10003ca0:	9a0f      	ldr	r2, [sp, #60]	@ 0x3c
10003ca2:	3b0a      	subs	r3, #10
10003ca4:	46b1      	mov	r9, r6
10003ca6:	9516      	str	r5, [sp, #88]	@ 0x58
10003ca8:	9417      	str	r4, [sp, #92]	@ 0x5c
10003caa:	9719      	str	r7, [sp, #100]	@ 0x64
10003cac:	4644      	mov	r4, r8
10003cae:	4666      	mov	r6, ip
10003cb0:	4690      	mov	r8, r2
10003cb2:	469b      	mov	fp, r3
10003cb4:	9f14      	ldr	r7, [sp, #80]	@ 0x50
10003cb6:	9d08      	ldr	r5, [sp, #32]
10003cb8:	9115      	str	r1, [sp, #84]	@ 0x54
10003cba:	e003      	b.n	10003cc4 <_vsnprintf+0x88c>
10003cbc:	0007      	movs	r7, r0
10003cbe:	000d      	movs	r5, r1
10003cc0:	2c20      	cmp	r4, #32
10003cc2:	d013      	beq.n	10003cec <_vsnprintf+0x8b4>
10003cc4:	0032      	movs	r2, r6
10003cc6:	2300      	movs	r3, #0
10003cc8:	0038      	movs	r0, r7
10003cca:	0029      	movs	r1, r5
10003ccc:	f7fd ff1a 	bl	10001b04 <__wrap___aeabi_uldivmod>
10003cd0:	465b      	mov	r3, fp
10003cd2:	b2d2      	uxtb	r2, r2
10003cd4:	18d3      	adds	r3, r2, r3
10003cd6:	2a09      	cmp	r2, #9
10003cd8:	d801      	bhi.n	10003cde <_vsnprintf+0x8a6>
10003cda:	0013      	movs	r3, r2
10003cdc:	3330      	adds	r3, #48	@ 0x30
10003cde:	464a      	mov	r2, r9
10003ce0:	3401      	adds	r4, #1
10003ce2:	5513      	strb	r3, [r2, r4]
10003ce4:	45a8      	cmp	r8, r5
10003ce6:	d1e9      	bne.n	10003cbc <_vsnprintf+0x884>
10003ce8:	42be      	cmp	r6, r7
10003cea:	d9e7      	bls.n	10003cbc <_vsnprintf+0x884>
10003cec:	9b18      	ldr	r3, [sp, #96]	@ 0x60
10003cee:	46a0      	mov	r8, r4
10003cf0:	469b      	mov	fp, r3
10003cf2:	9915      	ldr	r1, [sp, #84]	@ 0x54
10003cf4:	9d16      	ldr	r5, [sp, #88]	@ 0x58
10003cf6:	9c17      	ldr	r4, [sp, #92]	@ 0x5c
10003cf8:	9f19      	ldr	r7, [sp, #100]	@ 0x64
10003cfa:	9b0d      	ldr	r3, [sp, #52]	@ 0x34
10003cfc:	9106      	str	r1, [sp, #24]
10003cfe:	9304      	str	r3, [sp, #16]
10003d00:	465b      	mov	r3, fp
10003d02:	9303      	str	r3, [sp, #12]
10003d04:	2300      	movs	r3, #0
10003d06:	9505      	str	r5, [sp, #20]
10003d08:	9302      	str	r3, [sp, #8]
10003d0a:	4643      	mov	r3, r8
10003d0c:	e744      	b.n	10003b98 <_vsnprintf+0x760>
10003d0e:	2061      	movs	r0, #97	@ 0x61
10003d10:	068b      	lsls	r3, r1, #26
10003d12:	d500      	bpl.n	10003d16 <_vsnprintf+0x8de>
10003d14:	2041      	movs	r0, #65	@ 0x41
10003d16:	261f      	movs	r6, #31
10003d18:	ab12      	add	r3, sp, #72	@ 0x48
10003d1a:	18f2      	adds	r2, r6, r3
10003d1c:	0003      	movs	r3, r0
10003d1e:	3b0a      	subs	r3, #10
10003d20:	930c      	str	r3, [sp, #48]	@ 0x30
10003d22:	464b      	mov	r3, r9
10003d24:	4646      	mov	r6, r8
10003d26:	46a1      	mov	r9, r4
10003d28:	46a8      	mov	r8, r5
10003d2a:	001c      	movs	r4, r3
10003d2c:	465d      	mov	r5, fp
10003d2e:	9114      	str	r1, [sp, #80]	@ 0x50
10003d30:	46bb      	mov	fp, r7
10003d32:	0017      	movs	r7, r2
10003d34:	e002      	b.n	10003d3c <_vsnprintf+0x904>
10003d36:	0004      	movs	r4, r0
10003d38:	2e20      	cmp	r6, #32
10003d3a:	d00d      	beq.n	10003d58 <_vsnprintf+0x920>
10003d3c:	0029      	movs	r1, r5
10003d3e:	0020      	movs	r0, r4
10003d40:	f7fd fea2 	bl	10001a88 <__wrap___aeabi_uidiv>
10003d44:	9b0c      	ldr	r3, [sp, #48]	@ 0x30
10003d46:	18cb      	adds	r3, r1, r3
10003d48:	2909      	cmp	r1, #9
10003d4a:	d801      	bhi.n	10003d50 <_vsnprintf+0x918>
10003d4c:	000b      	movs	r3, r1
10003d4e:	3330      	adds	r3, #48	@ 0x30
10003d50:	3601      	adds	r6, #1
10003d52:	55bb      	strb	r3, [r7, r6]
10003d54:	42ac      	cmp	r4, r5
10003d56:	d2ee      	bcs.n	10003d36 <_vsnprintf+0x8fe>
10003d58:	465f      	mov	r7, fp
10003d5a:	464c      	mov	r4, r9
10003d5c:	46ab      	mov	fp, r5
10003d5e:	9914      	ldr	r1, [sp, #80]	@ 0x50
10003d60:	4645      	mov	r5, r8
10003d62:	46b0      	mov	r8, r6
10003d64:	e5d4      	b.n	10003910 <_vsnprintf+0x4d8>
10003d66:	9b0f      	ldr	r3, [sp, #60]	@ 0x3c
10003d68:	429d      	cmp	r5, r3
10003d6a:	d900      	bls.n	10003d6e <_vsnprintf+0x936>
10003d6c:	e726      	b.n	10003bbc <_vsnprintf+0x784>
10003d6e:	3301      	adds	r3, #1
10003d70:	930f      	str	r3, [sp, #60]	@ 0x3c
10003d72:	e5f3      	b.n	1000395c <_vsnprintf+0x524>
10003d74:	2310      	movs	r3, #16
10003d76:	0032      	movs	r2, r6
10003d78:	439a      	bics	r2, r3
10003d7a:	4694      	mov	ip, r2
10003d7c:	2869      	cmp	r0, #105	@ 0x69
10003d7e:	d000      	beq.n	10003d82 <_vsnprintf+0x94a>
10003d80:	e0a2      	b.n	10003ec8 <_vsnprintf+0xa90>
10003d82:	2380      	movs	r3, #128	@ 0x80
10003d84:	0032      	movs	r2, r6
10003d86:	00db      	lsls	r3, r3, #3
10003d88:	401a      	ands	r2, r3
10003d8a:	4690      	mov	r8, r2
10003d8c:	421e      	tst	r6, r3
10003d8e:	d100      	bne.n	10003d92 <_vsnprintf+0x95a>
10003d90:	e651      	b.n	10003a36 <_vsnprintf+0x5fe>
10003d92:	e64c      	b.n	10003a2e <_vsnprintf+0x5f6>
10003d94:	4643      	mov	r3, r8
10003d96:	2b00      	cmp	r3, #0
10003d98:	d000      	beq.n	10003d9c <_vsnprintf+0x964>
10003d9a:	e693      	b.n	10003ac4 <_vsnprintf+0x68c>
10003d9c:	e673      	b.n	10003a86 <_vsnprintf+0x64e>
10003d9e:	9b0c      	ldr	r3, [sp, #48]	@ 0x30
10003da0:	681b      	ldr	r3, [r3, #0]
10003da2:	0fda      	lsrs	r2, r3, #31
10003da4:	2b00      	cmp	r3, #0
10003da6:	d070      	beq.n	10003e8a <_vsnprintf+0xa52>
10003da8:	17d9      	asrs	r1, r3, #31
10003daa:	185b      	adds	r3, r3, r1
10003dac:	404b      	eors	r3, r1
10003dae:	4698      	mov	r8, r3
10003db0:	261f      	movs	r6, #31
10003db2:	ab12      	add	r3, sp, #72	@ 0x48
10003db4:	18f6      	adds	r6, r6, r3
10003db6:	46a1      	mov	r9, r4
10003db8:	9514      	str	r5, [sp, #80]	@ 0x50
10003dba:	465c      	mov	r4, fp
10003dbc:	4645      	mov	r5, r8
10003dbe:	46bb      	mov	fp, r7
10003dc0:	46e0      	mov	r8, ip
10003dc2:	0037      	movs	r7, r6
10003dc4:	920c      	str	r2, [sp, #48]	@ 0x30
10003dc6:	e006      	b.n	10003dd6 <_vsnprintf+0x99e>
10003dc8:	0028      	movs	r0, r5
10003dca:	210a      	movs	r1, #10
10003dcc:	f7fd fe5c 	bl	10001a88 <__wrap___aeabi_uidiv>
10003dd0:	0005      	movs	r5, r0
10003dd2:	2c20      	cmp	r4, #32
10003dd4:	d008      	beq.n	10003de8 <_vsnprintf+0x9b0>
10003dd6:	210a      	movs	r1, #10
10003dd8:	0028      	movs	r0, r5
10003dda:	f7fd fe55 	bl	10001a88 <__wrap___aeabi_uidiv>
10003dde:	3401      	adds	r4, #1
10003de0:	3130      	adds	r1, #48	@ 0x30
10003de2:	5539      	strb	r1, [r7, r4]
10003de4:	2d09      	cmp	r5, #9
10003de6:	d8ef      	bhi.n	10003dc8 <_vsnprintf+0x990>
10003de8:	465f      	mov	r7, fp
10003dea:	46c4      	mov	ip, r8
10003dec:	46a3      	mov	fp, r4
10003dee:	464c      	mov	r4, r9
10003df0:	9d14      	ldr	r5, [sp, #80]	@ 0x50
10003df2:	9a0c      	ldr	r2, [sp, #48]	@ 0x30
10003df4:	4663      	mov	r3, ip
10003df6:	9306      	str	r3, [sp, #24]
10003df8:	9b0d      	ldr	r3, [sp, #52]	@ 0x34
10003dfa:	9505      	str	r5, [sp, #20]
10003dfc:	9304      	str	r3, [sp, #16]
10003dfe:	230a      	movs	r3, #10
10003e00:	9202      	str	r2, [sp, #8]
10003e02:	9303      	str	r3, [sp, #12]
10003e04:	465b      	mov	r3, fp
10003e06:	e667      	b.n	10003ad8 <_vsnprintf+0x6a0>
10003e08:	9b0c      	ldr	r3, [sp, #48]	@ 0x30
10003e0a:	681b      	ldr	r3, [r3, #0]
10003e0c:	4698      	mov	r8, r3
10003e0e:	2b00      	cmp	r3, #0
10003e10:	d103      	bne.n	10003e1a <_vsnprintf+0x9e2>
10003e12:	3310      	adds	r3, #16
10003e14:	4399      	bics	r1, r3
10003e16:	2800      	cmp	r0, #0
10003e18:	d12d      	bne.n	10003e76 <_vsnprintf+0xa3e>
10003e1a:	2061      	movs	r0, #97	@ 0x61
10003e1c:	068b      	lsls	r3, r1, #26
10003e1e:	d500      	bpl.n	10003e22 <_vsnprintf+0x9ea>
10003e20:	2041      	movs	r0, #65	@ 0x41
10003e22:	261f      	movs	r6, #31
10003e24:	ab12      	add	r3, sp, #72	@ 0x48
10003e26:	18f6      	adds	r6, r6, r3
10003e28:	0003      	movs	r3, r0
10003e2a:	3b0a      	subs	r3, #10
10003e2c:	464a      	mov	r2, r9
10003e2e:	930c      	str	r3, [sp, #48]	@ 0x30
10003e30:	9114      	str	r1, [sp, #80]	@ 0x50
10003e32:	4643      	mov	r3, r8
10003e34:	0031      	movs	r1, r6
10003e36:	46a8      	mov	r8, r5
10003e38:	46a1      	mov	r9, r4
10003e3a:	465e      	mov	r6, fp
10003e3c:	0014      	movs	r4, r2
10003e3e:	46bb      	mov	fp, r7
10003e40:	001d      	movs	r5, r3
10003e42:	000f      	movs	r7, r1
10003e44:	e002      	b.n	10003e4c <_vsnprintf+0xa14>
10003e46:	0005      	movs	r5, r0
10003e48:	2c20      	cmp	r4, #32
10003e4a:	d00d      	beq.n	10003e68 <_vsnprintf+0xa30>
10003e4c:	0031      	movs	r1, r6
10003e4e:	0028      	movs	r0, r5
10003e50:	f7fd fe1a 	bl	10001a88 <__wrap___aeabi_uidiv>
10003e54:	9b0c      	ldr	r3, [sp, #48]	@ 0x30
10003e56:	18cb      	adds	r3, r1, r3
10003e58:	2909      	cmp	r1, #9
10003e5a:	d801      	bhi.n	10003e60 <_vsnprintf+0xa28>
10003e5c:	000b      	movs	r3, r1
10003e5e:	3330      	adds	r3, #48	@ 0x30
10003e60:	3401      	adds	r4, #1
10003e62:	553b      	strb	r3, [r7, r4]
10003e64:	42b5      	cmp	r5, r6
10003e66:	d2ee      	bcs.n	10003e46 <_vsnprintf+0xa0e>
10003e68:	0023      	movs	r3, r4
10003e6a:	465f      	mov	r7, fp
10003e6c:	464c      	mov	r4, r9
10003e6e:	4645      	mov	r5, r8
10003e70:	46b3      	mov	fp, r6
10003e72:	4699      	mov	r9, r3
10003e74:	9914      	ldr	r1, [sp, #80]	@ 0x50
10003e76:	9b0d      	ldr	r3, [sp, #52]	@ 0x34
10003e78:	9106      	str	r1, [sp, #24]
10003e7a:	9304      	str	r3, [sp, #16]
10003e7c:	465b      	mov	r3, fp
10003e7e:	9303      	str	r3, [sp, #12]
10003e80:	2300      	movs	r3, #0
10003e82:	9505      	str	r5, [sp, #20]
10003e84:	9302      	str	r3, [sp, #8]
10003e86:	464b      	mov	r3, r9
10003e88:	e626      	b.n	10003ad8 <_vsnprintf+0x6a0>
10003e8a:	4643      	mov	r3, r8
10003e8c:	2b00      	cmp	r3, #0
10003e8e:	d1b1      	bne.n	10003df4 <_vsnprintf+0x9bc>
10003e90:	e78e      	b.n	10003db0 <_vsnprintf+0x978>
10003e92:	9b0c      	ldr	r3, [sp, #48]	@ 0x30
10003e94:	681b      	ldr	r3, [r3, #0]
10003e96:	17d8      	asrs	r0, r3, #31
10003e98:	1819      	adds	r1, r3, r0
10003e9a:	4041      	eors	r1, r0
10003e9c:	e5ed      	b.n	10003a7a <_vsnprintf+0x642>
10003e9e:	2380      	movs	r3, #128	@ 0x80
10003ea0:	0032      	movs	r2, r6
10003ea2:	00db      	lsls	r3, r3, #3
10003ea4:	401a      	ands	r2, r3
10003ea6:	920f      	str	r2, [sp, #60]	@ 0x3c
10003ea8:	421e      	tst	r6, r3
10003eaa:	d00f      	beq.n	10003ecc <_vsnprintf+0xa94>
10003eac:	3002      	adds	r0, #2
10003eae:	0002      	movs	r2, r0
10003eb0:	4032      	ands	r2, r6
10003eb2:	920f      	str	r2, [sp, #60]	@ 0x3c
10003eb4:	4230      	tst	r0, r6
10003eb6:	d019      	beq.n	10003eec <_vsnprintf+0xab4>
10003eb8:	2300      	movs	r3, #0
10003eba:	46a0      	mov	r8, r4
10003ebc:	930f      	str	r3, [sp, #60]	@ 0x3c
10003ebe:	e59a      	b.n	100039f6 <_vsnprintf+0x5be>
10003ec0:	9b0c      	ldr	r3, [sp, #48]	@ 0x30
10003ec2:	681b      	ldr	r3, [r3, #0]
10003ec4:	4699      	mov	r9, r3
10003ec6:	e518      	b.n	100038fa <_vsnprintf+0x4c2>
10003ec8:	0016      	movs	r6, r2
10003eca:	e49b      	b.n	10003804 <_vsnprintf+0x3cc>
10003ecc:	2302      	movs	r3, #2
10003ece:	001a      	movs	r2, r3
10003ed0:	4032      	ands	r2, r6
10003ed2:	920c      	str	r2, [sp, #48]	@ 0x30
10003ed4:	4233      	tst	r3, r6
10003ed6:	d000      	beq.n	10003eda <_vsnprintf+0xaa2>
10003ed8:	e58c      	b.n	100039f4 <_vsnprintf+0x5bc>
10003eda:	2d00      	cmp	r5, #0
10003edc:	d000      	beq.n	10003ee0 <_vsnprintf+0xaa8>
10003ede:	e66d      	b.n	10003bbc <_vsnprintf+0x784>
10003ee0:	f7ff fbf0 	bl	100036c4 <_vsnprintf+0x28c>
10003ee4:	3301      	adds	r3, #1
10003ee6:	930f      	str	r3, [sp, #60]	@ 0x3c
10003ee8:	f7ff fbd0 	bl	1000368c <_vsnprintf+0x254>
10003eec:	930c      	str	r3, [sp, #48]	@ 0x30
10003eee:	e7f4      	b.n	10003eda <_vsnprintf+0xaa2>

10003ef0 <vfctprintf>:
10003ef0:	b500      	push	{lr}
10003ef2:	b085      	sub	sp, #20
10003ef4:	9103      	str	r1, [sp, #12]
10003ef6:	2101      	movs	r1, #1
10003ef8:	9002      	str	r0, [sp, #8]
10003efa:	9300      	str	r3, [sp, #0]
10003efc:	4803      	ldr	r0, [pc, #12]	@ (10003f0c <vfctprintf+0x1c>)
10003efe:	0013      	movs	r3, r2
10003f00:	424a      	negs	r2, r1
10003f02:	a902      	add	r1, sp, #8
10003f04:	f7ff fa98 	bl	10003438 <_vsnprintf>
10003f08:	b005      	add	sp, #20
10003f0a:	bd00      	pop	{pc}
10003f0c:	10002a55 	.word	0x10002a55

10003f10 <weak_raw_vprintf>:
10003f10:	b510      	push	{r4, lr}
10003f12:	4a09      	ldr	r2, [pc, #36]	@ (10003f38 <weak_raw_vprintf+0x28>)
10003f14:	0003      	movs	r3, r0
10003f16:	6814      	ldr	r4, [r2, #0]
10003f18:	b084      	sub	sp, #16
10003f1a:	2c00      	cmp	r4, #0
10003f1c:	d008      	beq.n	10003f30 <weak_raw_vprintf+0x20>
10003f1e:	2201      	movs	r2, #1
10003f20:	9100      	str	r1, [sp, #0]
10003f22:	4806      	ldr	r0, [pc, #24]	@ (10003f3c <weak_raw_vprintf+0x2c>)
10003f24:	4252      	negs	r2, r2
10003f26:	a903      	add	r1, sp, #12
10003f28:	47a0      	blx	r4
10003f2a:	2001      	movs	r0, #1
10003f2c:	b004      	add	sp, #16
10003f2e:	bd10      	pop	{r4, pc}
10003f30:	f000 f9cc 	bl	100042cc <__wrap_puts>
10003f34:	2000      	movs	r0, #0
10003f36:	e7f9      	b.n	10003f2c <weak_raw_vprintf+0x1c>
10003f38:	20001bf0 	.word	0x20001bf0
10003f3c:	10002a45 	.word	0x10002a45

10003f40 <_exit>:
10003f40:	be00      	bkpt	0x0000
10003f42:	e7fd      	b.n	10003f40 <_exit>

10003f44 <_fini>:
10003f44:	4770      	bx	lr
10003f46:	46c0      	nop			@ (mov r8, r8)

10003f48 <exit>:
10003f48:	b510      	push	{r4, lr}
10003f4a:	f7ff fff9 	bl	10003f40 <_exit>
10003f4e:	46c0      	nop			@ (mov r8, r8)

10003f50 <runtime_init>:
10003f50:	b570      	push	{r4, r5, r6, lr}
10003f52:	f7fd fc4d 	bl	100017f0 <runtime_run_initializers>
10003f56:	4d07      	ldr	r5, [pc, #28]	@ (10003f74 <runtime_init+0x24>)
10003f58:	4e07      	ldr	r6, [pc, #28]	@ (10003f78 <runtime_init+0x28>)
10003f5a:	42b5      	cmp	r5, r6
10003f5c:	d209      	bcs.n	10003f72 <runtime_init+0x22>
10003f5e:	2400      	movs	r4, #0
10003f60:	3e01      	subs	r6, #1
10003f62:	1b76      	subs	r6, r6, r5
10003f64:	08b6      	lsrs	r6, r6, #2
10003f66:	3601      	adds	r6, #1
10003f68:	cd08      	ldmia	r5!, {r3}
10003f6a:	3401      	adds	r4, #1
10003f6c:	4798      	blx	r3
10003f6e:	42b4      	cmp	r4, r6
10003f70:	d1fa      	bne.n	10003f68 <runtime_init+0x18>
10003f72:	bd70      	pop	{r4, r5, r6, pc}
10003f74:	10006844 	.word	0x10006844
10003f78:	10006848 	.word	0x10006848

10003f7c <stdio_out_chars_no_crlf>:
10003f7c:	0003      	movs	r3, r0
10003f7e:	b510      	push	{r4, lr}
10003f80:	0008      	movs	r0, r1
10003f82:	0011      	movs	r1, r2
10003f84:	681b      	ldr	r3, [r3, #0]
10003f86:	4798      	blx	r3
10003f88:	bd10      	pop	{r4, pc}
10003f8a:	46c0      	nop			@ (mov r8, r8)

10003f8c <stdio_out_chars_crlf>:
10003f8c:	b5f8      	push	{r3, r4, r5, r6, r7, lr}
10003f8e:	7d43      	ldrb	r3, [r0, #21]
10003f90:	0007      	movs	r7, r0
10003f92:	000d      	movs	r5, r1
10003f94:	0016      	movs	r6, r2
10003f96:	2b00      	cmp	r3, #0
10003f98:	d038      	beq.n	1000400c <stdio_out_chars_crlf+0x80>
10003f9a:	2a00      	cmp	r2, #0
10003f9c:	dd1a      	ble.n	10003fd4 <stdio_out_chars_crlf+0x48>
10003f9e:	780b      	ldrb	r3, [r1, #0]
10003fa0:	2b0a      	cmp	r3, #10
10003fa2:	d018      	beq.n	10003fd6 <stdio_out_chars_crlf+0x4a>
10003fa4:	2000      	movs	r0, #0
10003fa6:	2e01      	cmp	r6, #1
10003fa8:	d009      	beq.n	10003fbe <stdio_out_chars_crlf+0x32>
10003faa:	2401      	movs	r4, #1
10003fac:	0021      	movs	r1, r4
10003fae:	5c6b      	ldrb	r3, [r5, r1]
10003fb0:	3401      	adds	r4, #1
10003fb2:	2b0a      	cmp	r3, #10
10003fb4:	d01a      	beq.n	10003fec <stdio_out_chars_crlf+0x60>
10003fb6:	42b4      	cmp	r4, r6
10003fb8:	d1f8      	bne.n	10003fac <stdio_out_chars_crlf+0x20>
10003fba:	4286      	cmp	r6, r0
10003fbc:	dd03      	ble.n	10003fc6 <stdio_out_chars_crlf+0x3a>
10003fbe:	1a31      	subs	r1, r6, r0
10003fc0:	683b      	ldr	r3, [r7, #0]
10003fc2:	1828      	adds	r0, r5, r0
10003fc4:	4798      	blx	r3
10003fc6:	19ad      	adds	r5, r5, r6
10003fc8:	3d01      	subs	r5, #1
10003fca:	782b      	ldrb	r3, [r5, #0]
10003fcc:	3b0d      	subs	r3, #13
10003fce:	425a      	negs	r2, r3
10003fd0:	4153      	adcs	r3, r2
10003fd2:	753b      	strb	r3, [r7, #20]
10003fd4:	bdf8      	pop	{r3, r4, r5, r6, r7, pc}
10003fd6:	7d03      	ldrb	r3, [r0, #20]
10003fd8:	2b00      	cmp	r3, #0
10003fda:	d1e3      	bne.n	10003fa4 <stdio_out_chars_crlf+0x18>
10003fdc:	2102      	movs	r1, #2
10003fde:	480e      	ldr	r0, [pc, #56]	@ (10004018 <stdio_out_chars_crlf+0x8c>)
10003fe0:	683b      	ldr	r3, [r7, #0]
10003fe2:	4798      	blx	r3
10003fe4:	2e01      	cmp	r6, #1
10003fe6:	d0ee      	beq.n	10003fc6 <stdio_out_chars_crlf+0x3a>
10003fe8:	2001      	movs	r0, #1
10003fea:	e7de      	b.n	10003faa <stdio_out_chars_crlf+0x1e>
10003fec:	1e6b      	subs	r3, r5, #1
10003fee:	5c5b      	ldrb	r3, [r3, r1]
10003ff0:	2b0d      	cmp	r3, #13
10003ff2:	d0e0      	beq.n	10003fb6 <stdio_out_chars_crlf+0x2a>
10003ff4:	4288      	cmp	r0, r1
10003ff6:	da03      	bge.n	10004000 <stdio_out_chars_crlf+0x74>
10003ff8:	1a09      	subs	r1, r1, r0
10003ffa:	683b      	ldr	r3, [r7, #0]
10003ffc:	1828      	adds	r0, r5, r0
10003ffe:	4798      	blx	r3
10004000:	4805      	ldr	r0, [pc, #20]	@ (10004018 <stdio_out_chars_crlf+0x8c>)
10004002:	2102      	movs	r1, #2
10004004:	683b      	ldr	r3, [r7, #0]
10004006:	4798      	blx	r3
10004008:	0020      	movs	r0, r4
1000400a:	e7d4      	b.n	10003fb6 <stdio_out_chars_crlf+0x2a>
1000400c:	6803      	ldr	r3, [r0, #0]
1000400e:	0011      	movs	r1, r2
10004010:	0028      	movs	r0, r5
10004012:	4798      	blx	r3
10004014:	e7de      	b.n	10003fd4 <stdio_out_chars_crlf+0x48>
10004016:	46c0      	nop			@ (mov r8, r8)
10004018:	10006d50 	.word	0x10006d50

1000401c <stdio_buffered_printer>:
1000401c:	b5f8      	push	{r3, r4, r5, r6, r7, lr}
1000401e:	680b      	ldr	r3, [r1, #0]
10004020:	000d      	movs	r5, r1
10004022:	1c5a      	adds	r2, r3, #1
10004024:	18cb      	adds	r3, r1, r3
10004026:	600a      	str	r2, [r1, #0]
10004028:	7118      	strb	r0, [r3, #4]
1000402a:	2a80      	cmp	r2, #128	@ 0x80
1000402c:	d000      	beq.n	10004030 <stdio_buffered_printer+0x14>
1000402e:	bdf8      	pop	{r3, r4, r5, r6, r7, pc}
10004030:	4b0e      	ldr	r3, [pc, #56]	@ (1000406c <stdio_buffered_printer+0x50>)
10004032:	681c      	ldr	r4, [r3, #0]
10004034:	2c00      	cmp	r4, #0
10004036:	d015      	beq.n	10004064 <stdio_buffered_printer+0x48>
10004038:	4e0d      	ldr	r6, [pc, #52]	@ (10004070 <stdio_buffered_printer+0x54>)
1000403a:	1d0f      	adds	r7, r1, #4
1000403c:	e002      	b.n	10004044 <stdio_buffered_printer+0x28>
1000403e:	6924      	ldr	r4, [r4, #16]
10004040:	2c00      	cmp	r4, #0
10004042:	d00f      	beq.n	10004064 <stdio_buffered_printer+0x48>
10004044:	6823      	ldr	r3, [r4, #0]
10004046:	2b00      	cmp	r3, #0
10004048:	d0f9      	beq.n	1000403e <stdio_buffered_printer+0x22>
1000404a:	6833      	ldr	r3, [r6, #0]
1000404c:	2b00      	cmp	r3, #0
1000404e:	d001      	beq.n	10004054 <stdio_buffered_printer+0x38>
10004050:	42a3      	cmp	r3, r4
10004052:	d1f4      	bne.n	1000403e <stdio_buffered_printer+0x22>
10004054:	0020      	movs	r0, r4
10004056:	0039      	movs	r1, r7
10004058:	682a      	ldr	r2, [r5, #0]
1000405a:	f7ff ff97 	bl	10003f8c <stdio_out_chars_crlf>
1000405e:	6924      	ldr	r4, [r4, #16]
10004060:	2c00      	cmp	r4, #0
10004062:	d1ef      	bne.n	10004044 <stdio_buffered_printer+0x28>
10004064:	2300      	movs	r3, #0
10004066:	602b      	str	r3, [r5, #0]
10004068:	e7e1      	b.n	1000402e <stdio_buffered_printer+0x12>
1000406a:	46c0      	nop			@ (mov r8, r8)
1000406c:	200017e4 	.word	0x200017e4
10004070:	200017ec 	.word	0x200017ec

10004074 <stdio_put_string>:
10004074:	b5f0      	push	{r4, r5, r6, r7, lr}
10004076:	4646      	mov	r6, r8
10004078:	46d6      	mov	lr, sl
1000407a:	464f      	mov	r7, r9
1000407c:	b5c0      	push	{r6, r7, lr}
1000407e:	b082      	sub	sp, #8
10004080:	4690      	mov	r8, r2
10004082:	001c      	movs	r4, r3
10004084:	0006      	movs	r6, r0
10004086:	000d      	movs	r5, r1
10004088:	f7fd f968 	bl	1000135c <time_us_64>
1000408c:	2300      	movs	r3, #0
1000408e:	4a2f      	ldr	r2, [pc, #188]	@ (1000414c <stdio_put_string+0xd8>)
10004090:	1812      	adds	r2, r2, r0
10004092:	414b      	adcs	r3, r1
10004094:	2b00      	cmp	r3, #0
10004096:	da02      	bge.n	1000409e <stdio_put_string+0x2a>
10004098:	2201      	movs	r2, #1
1000409a:	4b2d      	ldr	r3, [pc, #180]	@ (10004150 <stdio_put_string+0xdc>)
1000409c:	4252      	negs	r2, r2
1000409e:	492d      	ldr	r1, [pc, #180]	@ (10004154 <stdio_put_string+0xe0>)
100040a0:	0008      	movs	r0, r1
100040a2:	468a      	mov	sl, r1
100040a4:	f002 fb70 	bl	10006788 <__mutex_try_enter_block_until_veneer>
100040a8:	4681      	mov	r9, r0
100040aa:	1c6b      	adds	r3, r5, #1
100040ac:	d103      	bne.n	100040b6 <stdio_put_string+0x42>
100040ae:	0030      	movs	r0, r6
100040b0:	f002 fb18 	bl	100066e4 <strlen>
100040b4:	0005      	movs	r5, r0
100040b6:	2c00      	cmp	r4, #0
100040b8:	d027      	beq.n	1000410a <stdio_put_string+0x96>
100040ba:	4f27      	ldr	r7, [pc, #156]	@ (10004158 <stdio_put_string+0xe4>)
100040bc:	4b27      	ldr	r3, [pc, #156]	@ (1000415c <stdio_put_string+0xe8>)
100040be:	681c      	ldr	r4, [r3, #0]
100040c0:	2c00      	cmp	r4, #0
100040c2:	d018      	beq.n	100040f6 <stdio_put_string+0x82>
100040c4:	4643      	mov	r3, r8
100040c6:	2b00      	cmp	r3, #0
100040c8:	d121      	bne.n	1000410e <stdio_put_string+0x9a>
100040ca:	4b25      	ldr	r3, [pc, #148]	@ (10004160 <stdio_put_string+0xec>)
100040cc:	4698      	mov	r8, r3
100040ce:	e002      	b.n	100040d6 <stdio_put_string+0x62>
100040d0:	6924      	ldr	r4, [r4, #16]
100040d2:	2c00      	cmp	r4, #0
100040d4:	d00f      	beq.n	100040f6 <stdio_put_string+0x82>
100040d6:	6823      	ldr	r3, [r4, #0]
100040d8:	2b00      	cmp	r3, #0
100040da:	d0f9      	beq.n	100040d0 <stdio_put_string+0x5c>
100040dc:	4643      	mov	r3, r8
100040de:	681b      	ldr	r3, [r3, #0]
100040e0:	2b00      	cmp	r3, #0
100040e2:	d001      	beq.n	100040e8 <stdio_put_string+0x74>
100040e4:	429c      	cmp	r4, r3
100040e6:	d1f3      	bne.n	100040d0 <stdio_put_string+0x5c>
100040e8:	0020      	movs	r0, r4
100040ea:	002a      	movs	r2, r5
100040ec:	0031      	movs	r1, r6
100040ee:	47b8      	blx	r7
100040f0:	6924      	ldr	r4, [r4, #16]
100040f2:	2c00      	cmp	r4, #0
100040f4:	d1ef      	bne.n	100040d6 <stdio_put_string+0x62>
100040f6:	464b      	mov	r3, r9
100040f8:	2b00      	cmp	r3, #0
100040fa:	d123      	bne.n	10004144 <stdio_put_string+0xd0>
100040fc:	0028      	movs	r0, r5
100040fe:	b002      	add	sp, #8
10004100:	bce0      	pop	{r5, r6, r7}
10004102:	46ba      	mov	sl, r7
10004104:	46b1      	mov	r9, r6
10004106:	46a8      	mov	r8, r5
10004108:	bdf0      	pop	{r4, r5, r6, r7, pc}
1000410a:	4f16      	ldr	r7, [pc, #88]	@ (10004164 <stdio_put_string+0xf0>)
1000410c:	e7d6      	b.n	100040bc <stdio_put_string+0x48>
1000410e:	4b14      	ldr	r3, [pc, #80]	@ (10004160 <stdio_put_string+0xec>)
10004110:	4698      	mov	r8, r3
10004112:	e002      	b.n	1000411a <stdio_put_string+0xa6>
10004114:	6924      	ldr	r4, [r4, #16]
10004116:	2c00      	cmp	r4, #0
10004118:	d0ed      	beq.n	100040f6 <stdio_put_string+0x82>
1000411a:	6823      	ldr	r3, [r4, #0]
1000411c:	2b00      	cmp	r3, #0
1000411e:	d0f9      	beq.n	10004114 <stdio_put_string+0xa0>
10004120:	4643      	mov	r3, r8
10004122:	681b      	ldr	r3, [r3, #0]
10004124:	2b00      	cmp	r3, #0
10004126:	d001      	beq.n	1000412c <stdio_put_string+0xb8>
10004128:	42a3      	cmp	r3, r4
1000412a:	d1f3      	bne.n	10004114 <stdio_put_string+0xa0>
1000412c:	002a      	movs	r2, r5
1000412e:	0031      	movs	r1, r6
10004130:	0020      	movs	r0, r4
10004132:	47b8      	blx	r7
10004134:	466b      	mov	r3, sp
10004136:	220a      	movs	r2, #10
10004138:	0020      	movs	r0, r4
1000413a:	71da      	strb	r2, [r3, #7]
1000413c:	1dd9      	adds	r1, r3, #7
1000413e:	3a09      	subs	r2, #9
10004140:	47b8      	blx	r7
10004142:	e7e7      	b.n	10004114 <stdio_put_string+0xa0>
10004144:	4650      	mov	r0, sl
10004146:	f002 fb57 	bl	100067f8 <__mutex_exit_veneer>
1000414a:	e7d7      	b.n	100040fc <stdio_put_string+0x88>
1000414c:	000f4240 	.word	0x000f4240
10004150:	7fffffff 	.word	0x7fffffff
10004154:	20001028 	.word	0x20001028
10004158:	10003f8d 	.word	0x10003f8d
1000415c:	200017e4 	.word	0x200017e4
10004160:	200017ec 	.word	0x200017ec
10004164:	10003f7d 	.word	0x10003f7d

10004168 <stdio_set_driver_enabled>:
10004168:	4a0a      	ldr	r2, [pc, #40]	@ (10004194 <stdio_set_driver_enabled+0x2c>)
1000416a:	6813      	ldr	r3, [r2, #0]
1000416c:	2b00      	cmp	r3, #0
1000416e:	d105      	bne.n	1000417c <stdio_set_driver_enabled+0x14>
10004170:	e00c      	b.n	1000418c <stdio_set_driver_enabled+0x24>
10004172:	001a      	movs	r2, r3
10004174:	691b      	ldr	r3, [r3, #16]
10004176:	3210      	adds	r2, #16
10004178:	2b00      	cmp	r3, #0
1000417a:	d007      	beq.n	1000418c <stdio_set_driver_enabled+0x24>
1000417c:	4283      	cmp	r3, r0
1000417e:	d1f8      	bne.n	10004172 <stdio_set_driver_enabled+0xa>
10004180:	2900      	cmp	r1, #0
10004182:	d102      	bne.n	1000418a <stdio_set_driver_enabled+0x22>
10004184:	6918      	ldr	r0, [r3, #16]
10004186:	6010      	str	r0, [r2, #0]
10004188:	6119      	str	r1, [r3, #16]
1000418a:	4770      	bx	lr
1000418c:	2900      	cmp	r1, #0
1000418e:	d0fc      	beq.n	1000418a <stdio_set_driver_enabled+0x22>
10004190:	6010      	str	r0, [r2, #0]
10004192:	e7fa      	b.n	1000418a <stdio_set_driver_enabled+0x22>
10004194:	200017e4 	.word	0x200017e4

10004198 <stdio_init_all>:
10004198:	b510      	push	{r4, lr}
1000419a:	f000 fab3 	bl	10004704 <stdio_usb_init>
1000419e:	bd10      	pop	{r4, pc}

100041a0 <stdio_getchar_timeout_us>:
100041a0:	b5f0      	push	{r4, r5, r6, r7, lr}
100041a2:	46ce      	mov	lr, r9
100041a4:	4647      	mov	r7, r8
100041a6:	0004      	movs	r4, r0
100041a8:	b580      	push	{r7, lr}
100041aa:	b083      	sub	sp, #12
100041ac:	f7fd f8d6 	bl	1000135c <time_us_64>
100041b0:	0026      	movs	r6, r4
100041b2:	2700      	movs	r7, #0
100041b4:	1836      	adds	r6, r6, r0
100041b6:	414f      	adcs	r7, r1
100041b8:	2f00      	cmp	r7, #0
100041ba:	da02      	bge.n	100041c2 <stdio_getchar_timeout_us+0x22>
100041bc:	2601      	movs	r6, #1
100041be:	4f1a      	ldr	r7, [pc, #104]	@ (10004228 <stdio_getchar_timeout_us+0x88>)
100041c0:	4276      	negs	r6, r6
100041c2:	4b1a      	ldr	r3, [pc, #104]	@ (1000422c <stdio_getchar_timeout_us+0x8c>)
100041c4:	4d1a      	ldr	r5, [pc, #104]	@ (10004230 <stdio_getchar_timeout_us+0x90>)
100041c6:	4699      	mov	r9, r3
100041c8:	ab01      	add	r3, sp, #4
100041ca:	4698      	mov	r8, r3
100041cc:	464b      	mov	r3, r9
100041ce:	681c      	ldr	r4, [r3, #0]
100041d0:	2c00      	cmp	r4, #0
100041d2:	d103      	bne.n	100041dc <stdio_getchar_timeout_us+0x3c>
100041d4:	e016      	b.n	10004204 <stdio_getchar_timeout_us+0x64>
100041d6:	6924      	ldr	r4, [r4, #16]
100041d8:	2c00      	cmp	r4, #0
100041da:	d013      	beq.n	10004204 <stdio_getchar_timeout_us+0x64>
100041dc:	682b      	ldr	r3, [r5, #0]
100041de:	2b00      	cmp	r3, #0
100041e0:	d001      	beq.n	100041e6 <stdio_getchar_timeout_us+0x46>
100041e2:	429c      	cmp	r4, r3
100041e4:	d1f7      	bne.n	100041d6 <stdio_getchar_timeout_us+0x36>
100041e6:	68a3      	ldr	r3, [r4, #8]
100041e8:	2b00      	cmp	r3, #0
100041ea:	d0f4      	beq.n	100041d6 <stdio_getchar_timeout_us+0x36>
100041ec:	2101      	movs	r1, #1
100041ee:	4640      	mov	r0, r8
100041f0:	4798      	blx	r3
100041f2:	2800      	cmp	r0, #0
100041f4:	ddef      	ble.n	100041d6 <stdio_getchar_timeout_us+0x36>
100041f6:	4643      	mov	r3, r8
100041f8:	7818      	ldrb	r0, [r3, #0]
100041fa:	b003      	add	sp, #12
100041fc:	bcc0      	pop	{r6, r7}
100041fe:	46b9      	mov	r9, r7
10004200:	46b0      	mov	r8, r6
10004202:	bdf0      	pop	{r4, r5, r6, r7, pc}
10004204:	4b0b      	ldr	r3, [pc, #44]	@ (10004234 <stdio_getchar_timeout_us+0x94>)
10004206:	6a5a      	ldr	r2, [r3, #36]	@ 0x24
10004208:	4297      	cmp	r7, r2
1000420a:	d807      	bhi.n	1000421c <stdio_getchar_timeout_us+0x7c>
1000420c:	6a9b      	ldr	r3, [r3, #40]	@ 0x28
1000420e:	42b3      	cmp	r3, r6
10004210:	d302      	bcc.n	10004218 <stdio_getchar_timeout_us+0x78>
10004212:	2002      	movs	r0, #2
10004214:	4240      	negs	r0, r0
10004216:	e7f0      	b.n	100041fa <stdio_getchar_timeout_us+0x5a>
10004218:	4297      	cmp	r7, r2
1000421a:	d1fa      	bne.n	10004212 <stdio_getchar_timeout_us+0x72>
1000421c:	2001      	movs	r0, #1
1000421e:	2100      	movs	r1, #0
10004220:	f7fd f8a6 	bl	10001370 <busy_wait_us>
10004224:	e7d2      	b.n	100041cc <stdio_getchar_timeout_us+0x2c>
10004226:	46c0      	nop			@ (mov r8, r8)
10004228:	7fffffff 	.word	0x7fffffff
1000422c:	200017e4 	.word	0x200017e4
10004230:	200017ec 	.word	0x200017ec
10004234:	40054000 	.word	0x40054000

10004238 <__wrap_putchar>:
10004238:	b5f0      	push	{r4, r5, r6, r7, lr}
1000423a:	46ce      	mov	lr, r9
1000423c:	4647      	mov	r7, r8
1000423e:	b580      	push	{r7, lr}
10004240:	b083      	sub	sp, #12
10004242:	466b      	mov	r3, sp
10004244:	0006      	movs	r6, r0
10004246:	1ddd      	adds	r5, r3, #7
10004248:	7028      	strb	r0, [r5, #0]
1000424a:	f7fd f887 	bl	1000135c <time_us_64>
1000424e:	2300      	movs	r3, #0
10004250:	4a19      	ldr	r2, [pc, #100]	@ (100042b8 <__wrap_putchar+0x80>)
10004252:	1812      	adds	r2, r2, r0
10004254:	414b      	adcs	r3, r1
10004256:	2b00      	cmp	r3, #0
10004258:	da02      	bge.n	10004260 <__wrap_putchar+0x28>
1000425a:	2201      	movs	r2, #1
1000425c:	4b17      	ldr	r3, [pc, #92]	@ (100042bc <__wrap_putchar+0x84>)
1000425e:	4252      	negs	r2, r2
10004260:	4917      	ldr	r1, [pc, #92]	@ (100042c0 <__wrap_putchar+0x88>)
10004262:	0008      	movs	r0, r1
10004264:	4689      	mov	r9, r1
10004266:	f002 fa8f 	bl	10006788 <__mutex_try_enter_block_until_veneer>
1000426a:	4b16      	ldr	r3, [pc, #88]	@ (100042c4 <__wrap_putchar+0x8c>)
1000426c:	4680      	mov	r8, r0
1000426e:	681c      	ldr	r4, [r3, #0]
10004270:	2c00      	cmp	r4, #0
10004272:	d014      	beq.n	1000429e <__wrap_putchar+0x66>
10004274:	4f14      	ldr	r7, [pc, #80]	@ (100042c8 <__wrap_putchar+0x90>)
10004276:	e002      	b.n	1000427e <__wrap_putchar+0x46>
10004278:	6924      	ldr	r4, [r4, #16]
1000427a:	2c00      	cmp	r4, #0
1000427c:	d00f      	beq.n	1000429e <__wrap_putchar+0x66>
1000427e:	6823      	ldr	r3, [r4, #0]
10004280:	2b00      	cmp	r3, #0
10004282:	d0f9      	beq.n	10004278 <__wrap_putchar+0x40>
10004284:	683b      	ldr	r3, [r7, #0]
10004286:	2b00      	cmp	r3, #0
10004288:	d001      	beq.n	1000428e <__wrap_putchar+0x56>
1000428a:	429c      	cmp	r4, r3
1000428c:	d1f4      	bne.n	10004278 <__wrap_putchar+0x40>
1000428e:	0020      	movs	r0, r4
10004290:	2201      	movs	r2, #1
10004292:	0029      	movs	r1, r5
10004294:	f7ff fe7a 	bl	10003f8c <stdio_out_chars_crlf>
10004298:	6924      	ldr	r4, [r4, #16]
1000429a:	2c00      	cmp	r4, #0
1000429c:	d1ef      	bne.n	1000427e <__wrap_putchar+0x46>
1000429e:	4643      	mov	r3, r8
100042a0:	2b00      	cmp	r3, #0
100042a2:	d105      	bne.n	100042b0 <__wrap_putchar+0x78>
100042a4:	0030      	movs	r0, r6
100042a6:	b003      	add	sp, #12
100042a8:	bcc0      	pop	{r6, r7}
100042aa:	46b9      	mov	r9, r7
100042ac:	46b0      	mov	r8, r6
100042ae:	bdf0      	pop	{r4, r5, r6, r7, pc}
100042b0:	4648      	mov	r0, r9
100042b2:	f002 faa1 	bl	100067f8 <__mutex_exit_veneer>
100042b6:	e7f5      	b.n	100042a4 <__wrap_putchar+0x6c>
100042b8:	000f4240 	.word	0x000f4240
100042bc:	7fffffff 	.word	0x7fffffff
100042c0:	20001028 	.word	0x20001028
100042c4:	200017e4 	.word	0x200017e4
100042c8:	200017ec 	.word	0x200017ec

100042cc <__wrap_puts>:
100042cc:	b570      	push	{r4, r5, r6, lr}
100042ce:	0004      	movs	r4, r0
100042d0:	f002 fa08 	bl	100066e4 <strlen>
100042d4:	2301      	movs	r3, #1
100042d6:	0001      	movs	r1, r0
100042d8:	0005      	movs	r5, r0
100042da:	2201      	movs	r2, #1
100042dc:	0020      	movs	r0, r4
100042de:	f7ff fec9 	bl	10004074 <stdio_put_string>
100042e2:	4b08      	ldr	r3, [pc, #32]	@ (10004304 <__wrap_puts+0x38>)
100042e4:	681c      	ldr	r4, [r3, #0]
100042e6:	2c00      	cmp	r4, #0
100042e8:	d006      	beq.n	100042f8 <__wrap_puts+0x2c>
100042ea:	6863      	ldr	r3, [r4, #4]
100042ec:	2b00      	cmp	r3, #0
100042ee:	d005      	beq.n	100042fc <__wrap_puts+0x30>
100042f0:	4798      	blx	r3
100042f2:	6924      	ldr	r4, [r4, #16]
100042f4:	2c00      	cmp	r4, #0
100042f6:	d1f8      	bne.n	100042ea <__wrap_puts+0x1e>
100042f8:	0028      	movs	r0, r5
100042fa:	bd70      	pop	{r4, r5, r6, pc}
100042fc:	6924      	ldr	r4, [r4, #16]
100042fe:	2c00      	cmp	r4, #0
10004300:	d1f3      	bne.n	100042ea <__wrap_puts+0x1e>
10004302:	e7f9      	b.n	100042f8 <__wrap_puts+0x2c>
10004304:	200017e4 	.word	0x200017e4

10004308 <__wrap_vprintf>:
10004308:	b5f0      	push	{r4, r5, r6, r7, lr}
1000430a:	46ce      	mov	lr, r9
1000430c:	4647      	mov	r7, r8
1000430e:	b580      	push	{r7, lr}
10004310:	b0a3      	sub	sp, #140	@ 0x8c
10004312:	0004      	movs	r4, r0
10004314:	000e      	movs	r6, r1
10004316:	f7fd f821 	bl	1000135c <time_us_64>
1000431a:	2300      	movs	r3, #0
1000431c:	4a26      	ldr	r2, [pc, #152]	@ (100043b8 <__wrap_vprintf+0xb0>)
1000431e:	1812      	adds	r2, r2, r0
10004320:	414b      	adcs	r3, r1
10004322:	2b00      	cmp	r3, #0
10004324:	da02      	bge.n	1000432c <__wrap_vprintf+0x24>
10004326:	2201      	movs	r2, #1
10004328:	4b24      	ldr	r3, [pc, #144]	@ (100043bc <__wrap_vprintf+0xb4>)
1000432a:	4252      	negs	r2, r2
1000432c:	4824      	ldr	r0, [pc, #144]	@ (100043c0 <__wrap_vprintf+0xb8>)
1000432e:	f002 fa2b 	bl	10006788 <__mutex_try_enter_block_until_veneer>
10004332:	2300      	movs	r3, #0
10004334:	0022      	movs	r2, r4
10004336:	9301      	str	r3, [sp, #4]
10004338:	4680      	mov	r8, r0
1000433a:	0033      	movs	r3, r6
1000433c:	4821      	ldr	r0, [pc, #132]	@ (100043c4 <__wrap_vprintf+0xbc>)
1000433e:	a901      	add	r1, sp, #4
10004340:	f7ff fdd6 	bl	10003ef0 <vfctprintf>
10004344:	4f20      	ldr	r7, [pc, #128]	@ (100043c8 <__wrap_vprintf+0xc0>)
10004346:	9b01      	ldr	r3, [sp, #4]
10004348:	4681      	mov	r9, r0
1000434a:	683c      	ldr	r4, [r7, #0]
1000434c:	2b00      	cmp	r3, #0
1000434e:	d019      	beq.n	10004384 <__wrap_vprintf+0x7c>
10004350:	2c00      	cmp	r4, #0
10004352:	d02f      	beq.n	100043b4 <__wrap_vprintf+0xac>
10004354:	4e1d      	ldr	r6, [pc, #116]	@ (100043cc <__wrap_vprintf+0xc4>)
10004356:	e002      	b.n	1000435e <__wrap_vprintf+0x56>
10004358:	6924      	ldr	r4, [r4, #16]
1000435a:	2c00      	cmp	r4, #0
1000435c:	d00f      	beq.n	1000437e <__wrap_vprintf+0x76>
1000435e:	6823      	ldr	r3, [r4, #0]
10004360:	2b00      	cmp	r3, #0
10004362:	d0f9      	beq.n	10004358 <__wrap_vprintf+0x50>
10004364:	6833      	ldr	r3, [r6, #0]
10004366:	2b00      	cmp	r3, #0
10004368:	d001      	beq.n	1000436e <__wrap_vprintf+0x66>
1000436a:	42a3      	cmp	r3, r4
1000436c:	d1f4      	bne.n	10004358 <__wrap_vprintf+0x50>
1000436e:	0020      	movs	r0, r4
10004370:	9a01      	ldr	r2, [sp, #4]
10004372:	a902      	add	r1, sp, #8
10004374:	f7ff fe0a 	bl	10003f8c <stdio_out_chars_crlf>
10004378:	6924      	ldr	r4, [r4, #16]
1000437a:	2c00      	cmp	r4, #0
1000437c:	d1ef      	bne.n	1000435e <__wrap_vprintf+0x56>
1000437e:	2300      	movs	r3, #0
10004380:	683c      	ldr	r4, [r7, #0]
10004382:	9301      	str	r3, [sp, #4]
10004384:	2c00      	cmp	r4, #0
10004386:	d006      	beq.n	10004396 <__wrap_vprintf+0x8e>
10004388:	6863      	ldr	r3, [r4, #4]
1000438a:	2b00      	cmp	r3, #0
1000438c:	d00c      	beq.n	100043a8 <__wrap_vprintf+0xa0>
1000438e:	4798      	blx	r3
10004390:	6924      	ldr	r4, [r4, #16]
10004392:	2c00      	cmp	r4, #0
10004394:	d1f8      	bne.n	10004388 <__wrap_vprintf+0x80>
10004396:	4643      	mov	r3, r8
10004398:	2b00      	cmp	r3, #0
1000439a:	d107      	bne.n	100043ac <__wrap_vprintf+0xa4>
1000439c:	4648      	mov	r0, r9
1000439e:	b023      	add	sp, #140	@ 0x8c
100043a0:	bcc0      	pop	{r6, r7}
100043a2:	46b9      	mov	r9, r7
100043a4:	46b0      	mov	r8, r6
100043a6:	bdf0      	pop	{r4, r5, r6, r7, pc}
100043a8:	6924      	ldr	r4, [r4, #16]
100043aa:	e7eb      	b.n	10004384 <__wrap_vprintf+0x7c>
100043ac:	4804      	ldr	r0, [pc, #16]	@ (100043c0 <__wrap_vprintf+0xb8>)
100043ae:	f002 fa23 	bl	100067f8 <__mutex_exit_veneer>
100043b2:	e7f3      	b.n	1000439c <__wrap_vprintf+0x94>
100043b4:	9401      	str	r4, [sp, #4]
100043b6:	e7ee      	b.n	10004396 <__wrap_vprintf+0x8e>
100043b8:	000f4240 	.word	0x000f4240
100043bc:	7fffffff 	.word	0x7fffffff
100043c0:	20001028 	.word	0x20001028
100043c4:	1000401d 	.word	0x1000401d
100043c8:	200017e4 	.word	0x200017e4
100043cc:	200017ec 	.word	0x200017ec

100043d0 <__wrap_printf>:
100043d0:	b40f      	push	{r0, r1, r2, r3}
100043d2:	b500      	push	{lr}
100043d4:	b083      	sub	sp, #12
100043d6:	a904      	add	r1, sp, #16
100043d8:	c901      	ldmia	r1!, {r0}
100043da:	9101      	str	r1, [sp, #4]
100043dc:	f7ff ff94 	bl	10004308 <__wrap_vprintf>
100043e0:	b003      	add	sp, #12
100043e2:	bc08      	pop	{r3}
100043e4:	b004      	add	sp, #16
100043e6:	4718      	bx	r3

100043e8 <stdio_usb_set_chars_available_callback>:
100043e8:	4b02      	ldr	r3, [pc, #8]	@ (100043f4 <stdio_usb_set_chars_available_callback+0xc>)
100043ea:	6018      	str	r0, [r3, #0]
100043ec:	4b02      	ldr	r3, [pc, #8]	@ (100043f8 <stdio_usb_set_chars_available_callback+0x10>)
100043ee:	6019      	str	r1, [r3, #0]
100043f0:	4770      	bx	lr
100043f2:	46c0      	nop			@ (mov r8, r8)
100043f4:	20001784 	.word	0x20001784
100043f8:	20001788 	.word	0x20001788

100043fc <usb_irq>:
100043fc:	b510      	push	{r4, lr}
100043fe:	4b02      	ldr	r3, [pc, #8]	@ (10004408 <usb_irq+0xc>)
10004400:	7818      	ldrb	r0, [r3, #0]
10004402:	f7fc f995 	bl	10000730 <irq_set_pending>
10004406:	bd10      	pop	{r4, pc}
10004408:	20001c44 	.word	0x20001c44

1000440c <timer_task>:
1000440c:	4b15      	ldr	r3, [pc, #84]	@ (10004464 <timer_task+0x58>)
1000440e:	b570      	push	{r4, r5, r6, lr}
10004410:	681a      	ldr	r2, [r3, #0]
10004412:	2a00      	cmp	r2, #0
10004414:	d022      	beq.n	1000445c <timer_task+0x50>
10004416:	f3ef 8110 	mrs	r1, PRIMASK
1000441a:	b672      	cpsid	i
1000441c:	6810      	ldr	r0, [r2, #0]
1000441e:	2800      	cmp	r0, #0
10004420:	d0fc      	beq.n	1000441c <timer_task+0x10>
10004422:	f3bf 8f5f 	dmb	sy
10004426:	2000      	movs	r0, #0
10004428:	4a0f      	ldr	r2, [pc, #60]	@ (10004468 <timer_task+0x5c>)
1000442a:	6059      	str	r1, [r3, #4]
1000442c:	7010      	strb	r0, [r2, #0]
1000442e:	681b      	ldr	r3, [r3, #0]
10004430:	f3bf 8f5f 	dmb	sy
10004434:	6018      	str	r0, [r3, #0]
10004436:	f381 8810 	msr	PRIMASK, r1
1000443a:	2400      	movs	r4, #0
1000443c:	2500      	movs	r5, #0
1000443e:	4e0b      	ldr	r6, [pc, #44]	@ (1000446c <timer_task+0x60>)
10004440:	7830      	ldrb	r0, [r6, #0]
10004442:	f7fc f969 	bl	10000718 <irq_is_enabled>
10004446:	2800      	cmp	r0, #0
10004448:	d104      	bne.n	10004454 <timer_task+0x48>
1000444a:	2400      	movs	r4, #0
1000444c:	2500      	movs	r5, #0
1000444e:	0029      	movs	r1, r5
10004450:	0020      	movs	r0, r4
10004452:	bd70      	pop	{r4, r5, r6, pc}
10004454:	7830      	ldrb	r0, [r6, #0]
10004456:	f7fc f96b 	bl	10000730 <irq_set_pending>
1000445a:	e7f8      	b.n	1000444e <timer_task+0x42>
1000445c:	24fa      	movs	r4, #250	@ 0xfa
1000445e:	2500      	movs	r5, #0
10004460:	00a4      	lsls	r4, r4, #2
10004462:	e7ec      	b.n	1000443e <timer_task+0x32>
10004464:	20001bfc 	.word	0x20001bfc
10004468:	20001c45 	.word	0x20001c45
1000446c:	20001c44 	.word	0x20001c44

10004470 <stdio_usb_in_chars>:
10004470:	b570      	push	{r4, r5, r6, lr}
10004472:	0005      	movs	r5, r0
10004474:	2000      	movs	r0, #0
10004476:	000e      	movs	r6, r1
10004478:	f001 fb78 	bl	10005b6c <tud_cdc_n_connected>
1000447c:	2800      	cmp	r0, #0
1000447e:	d034      	beq.n	100044ea <stdio_usb_in_chars+0x7a>
10004480:	2000      	movs	r0, #0
10004482:	f001 fb89 	bl	10005b98 <tud_cdc_n_available>
10004486:	2800      	cmp	r0, #0
10004488:	d02f      	beq.n	100044ea <stdio_usb_in_chars+0x7a>
1000448a:	f7fc ff67 	bl	1000135c <time_us_64>
1000448e:	2300      	movs	r3, #0
10004490:	4a17      	ldr	r2, [pc, #92]	@ (100044f0 <stdio_usb_in_chars+0x80>)
10004492:	1812      	adds	r2, r2, r0
10004494:	414b      	adcs	r3, r1
10004496:	2b00      	cmp	r3, #0
10004498:	db16      	blt.n	100044c8 <stdio_usb_in_chars+0x58>
1000449a:	4c16      	ldr	r4, [pc, #88]	@ (100044f4 <stdio_usb_in_chars+0x84>)
1000449c:	0020      	movs	r0, r4
1000449e:	f002 f973 	bl	10006788 <__mutex_try_enter_block_until_veneer>
100044a2:	2800      	cmp	r0, #0
100044a4:	d021      	beq.n	100044ea <stdio_usb_in_chars+0x7a>
100044a6:	2000      	movs	r0, #0
100044a8:	f001 fb60 	bl	10005b6c <tud_cdc_n_connected>
100044ac:	2800      	cmp	r0, #0
100044ae:	d10f      	bne.n	100044d0 <stdio_usb_in_chars+0x60>
100044b0:	2001      	movs	r0, #1
100044b2:	2100      	movs	r1, #0
100044b4:	4240      	negs	r0, r0
100044b6:	f000 fd89 	bl	10004fcc <tud_task_ext>
100044ba:	2503      	movs	r5, #3
100044bc:	426d      	negs	r5, r5
100044be:	0020      	movs	r0, r4
100044c0:	f002 f99a 	bl	100067f8 <__mutex_exit_veneer>
100044c4:	0028      	movs	r0, r5
100044c6:	bd70      	pop	{r4, r5, r6, pc}
100044c8:	2201      	movs	r2, #1
100044ca:	4b0b      	ldr	r3, [pc, #44]	@ (100044f8 <stdio_usb_in_chars+0x88>)
100044cc:	4252      	negs	r2, r2
100044ce:	e7e4      	b.n	1000449a <stdio_usb_in_chars+0x2a>
100044d0:	2000      	movs	r0, #0
100044d2:	f001 fb61 	bl	10005b98 <tud_cdc_n_available>
100044d6:	2800      	cmp	r0, #0
100044d8:	d0ea      	beq.n	100044b0 <stdio_usb_in_chars+0x40>
100044da:	0029      	movs	r1, r5
100044dc:	0032      	movs	r2, r6
100044de:	2000      	movs	r0, #0
100044e0:	f001 fb64 	bl	10005bac <tud_cdc_n_read>
100044e4:	1e05      	subs	r5, r0, #0
100044e6:	d1ea      	bne.n	100044be <stdio_usb_in_chars+0x4e>
100044e8:	e7e7      	b.n	100044ba <stdio_usb_in_chars+0x4a>
100044ea:	2503      	movs	r5, #3
100044ec:	426d      	negs	r5, r5
100044ee:	e7e9      	b.n	100044c4 <stdio_usb_in_chars+0x54>
100044f0:	000f4240 	.word	0x000f4240
100044f4:	20001c24 	.word	0x20001c24
100044f8:	7fffffff 	.word	0x7fffffff

100044fc <stdio_usb_out_flush>:
100044fc:	b510      	push	{r4, lr}
100044fe:	f7fc ff2d 	bl	1000135c <time_us_64>
10004502:	2300      	movs	r3, #0
10004504:	4a0d      	ldr	r2, [pc, #52]	@ (1000453c <stdio_usb_out_flush+0x40>)
10004506:	1812      	adds	r2, r2, r0
10004508:	414b      	adcs	r3, r1
1000450a:	2b00      	cmp	r3, #0
1000450c:	da02      	bge.n	10004514 <stdio_usb_out_flush+0x18>
1000450e:	2201      	movs	r2, #1
10004510:	4b0b      	ldr	r3, [pc, #44]	@ (10004540 <stdio_usb_out_flush+0x44>)
10004512:	4252      	negs	r2, r2
10004514:	480b      	ldr	r0, [pc, #44]	@ (10004544 <stdio_usb_out_flush+0x48>)
10004516:	f002 f937 	bl	10006788 <__mutex_try_enter_block_until_veneer>
1000451a:	2800      	cmp	r0, #0
1000451c:	d00c      	beq.n	10004538 <stdio_usb_out_flush+0x3c>
1000451e:	2001      	movs	r0, #1
10004520:	2100      	movs	r1, #0
10004522:	4240      	negs	r0, r0
10004524:	f000 fd52 	bl	10004fcc <tud_task_ext>
10004528:	2000      	movs	r0, #0
1000452a:	f001 fb83 	bl	10005c34 <tud_cdc_n_write_flush>
1000452e:	2800      	cmp	r0, #0
10004530:	d1f5      	bne.n	1000451e <stdio_usb_out_flush+0x22>
10004532:	4804      	ldr	r0, [pc, #16]	@ (10004544 <stdio_usb_out_flush+0x48>)
10004534:	f002 f960 	bl	100067f8 <__mutex_exit_veneer>
10004538:	bd10      	pop	{r4, pc}
1000453a:	46c0      	nop			@ (mov r8, r8)
1000453c:	000f4240 	.word	0x000f4240
10004540:	7fffffff 	.word	0x7fffffff
10004544:	20001c24 	.word	0x20001c24

10004548 <stdio_usb_out_chars>:
10004548:	b5f8      	push	{r3, r4, r5, r6, r7, lr}
1000454a:	46ce      	mov	lr, r9
1000454c:	4647      	mov	r7, r8
1000454e:	b580      	push	{r7, lr}
10004550:	0005      	movs	r5, r0
10004552:	000c      	movs	r4, r1
10004554:	f7fc ff02 	bl	1000135c <time_us_64>
10004558:	2300      	movs	r3, #0
1000455a:	4a34      	ldr	r2, [pc, #208]	@ (1000462c <stdio_usb_out_chars+0xe4>)
1000455c:	1812      	adds	r2, r2, r0
1000455e:	414b      	adcs	r3, r1
10004560:	2b00      	cmp	r3, #0
10004562:	da02      	bge.n	1000456a <stdio_usb_out_chars+0x22>
10004564:	2201      	movs	r2, #1
10004566:	4b32      	ldr	r3, [pc, #200]	@ (10004630 <stdio_usb_out_chars+0xe8>)
10004568:	4252      	negs	r2, r2
1000456a:	4932      	ldr	r1, [pc, #200]	@ (10004634 <stdio_usb_out_chars+0xec>)
1000456c:	0008      	movs	r0, r1
1000456e:	4688      	mov	r8, r1
10004570:	f002 f90a 	bl	10006788 <__mutex_try_enter_block_until_veneer>
10004574:	2800      	cmp	r0, #0
10004576:	d103      	bne.n	10004580 <stdio_usb_out_chars+0x38>
10004578:	bcc0      	pop	{r6, r7}
1000457a:	46b9      	mov	r9, r7
1000457c:	46b0      	mov	r8, r6
1000457e:	bdf8      	pop	{r3, r4, r5, r6, r7, pc}
10004580:	2000      	movs	r0, #0
10004582:	f001 faf3 	bl	10005b6c <tud_cdc_n_connected>
10004586:	2800      	cmp	r0, #0
10004588:	d048      	beq.n	1000461c <stdio_usb_out_chars+0xd4>
1000458a:	2600      	movs	r6, #0
1000458c:	2c00      	cmp	r4, #0
1000458e:	dd41      	ble.n	10004614 <stdio_usb_out_chars+0xcc>
10004590:	4b29      	ldr	r3, [pc, #164]	@ (10004638 <stdio_usb_out_chars+0xf0>)
10004592:	4699      	mov	r9, r3
10004594:	e013      	b.n	100045be <stdio_usb_out_chars+0x76>
10004596:	19a9      	adds	r1, r5, r6
10004598:	2000      	movs	r0, #0
1000459a:	f001 fb87 	bl	10005cac <tud_cdc_n_write>
1000459e:	0007      	movs	r7, r0
100045a0:	2001      	movs	r0, #1
100045a2:	2100      	movs	r1, #0
100045a4:	4240      	negs	r0, r0
100045a6:	f000 fd11 	bl	10004fcc <tud_task_ext>
100045aa:	2000      	movs	r0, #0
100045ac:	f001 fb42 	bl	10005c34 <tud_cdc_n_write_flush>
100045b0:	f7fc fed4 	bl	1000135c <time_us_64>
100045b4:	4b20      	ldr	r3, [pc, #128]	@ (10004638 <stdio_usb_out_chars+0xf0>)
100045b6:	19f6      	adds	r6, r6, r7
100045b8:	c303      	stmia	r3!, {r0, r1}
100045ba:	42b4      	cmp	r4, r6
100045bc:	dd2a      	ble.n	10004614 <stdio_usb_out_chars+0xcc>
100045be:	2000      	movs	r0, #0
100045c0:	f001 fb94 	bl	10005cec <tud_cdc_n_write_available>
100045c4:	1ba7      	subs	r7, r4, r6
100045c6:	0002      	movs	r2, r0
100045c8:	42b8      	cmp	r0, r7
100045ca:	dd00      	ble.n	100045ce <stdio_usb_out_chars+0x86>
100045cc:	003a      	movs	r2, r7
100045ce:	2a00      	cmp	r2, #0
100045d0:	d1e1      	bne.n	10004596 <stdio_usb_out_chars+0x4e>
100045d2:	2001      	movs	r0, #1
100045d4:	2100      	movs	r1, #0
100045d6:	4240      	negs	r0, r0
100045d8:	f000 fcf8 	bl	10004fcc <tud_task_ext>
100045dc:	2000      	movs	r0, #0
100045de:	f001 fb29 	bl	10005c34 <tud_cdc_n_write_flush>
100045e2:	2000      	movs	r0, #0
100045e4:	f001 fac2 	bl	10005b6c <tud_cdc_n_connected>
100045e8:	2800      	cmp	r0, #0
100045ea:	d013      	beq.n	10004614 <stdio_usb_out_chars+0xcc>
100045ec:	2000      	movs	r0, #0
100045ee:	f001 fb7d 	bl	10005cec <tud_cdc_n_write_available>
100045f2:	2800      	cmp	r0, #0
100045f4:	d1e1      	bne.n	100045ba <stdio_usb_out_chars+0x72>
100045f6:	f7fc feb1 	bl	1000135c <time_us_64>
100045fa:	464b      	mov	r3, r9
100045fc:	000f      	movs	r7, r1
100045fe:	cb0c      	ldmia	r3, {r2, r3}
10004600:	2100      	movs	r1, #0
10004602:	4684      	mov	ip, r0
10004604:	480d      	ldr	r0, [pc, #52]	@ (1000463c <stdio_usb_out_chars+0xf4>)
10004606:	1812      	adds	r2, r2, r0
10004608:	414b      	adcs	r3, r1
1000460a:	429f      	cmp	r7, r3
1000460c:	d802      	bhi.n	10004614 <stdio_usb_out_chars+0xcc>
1000460e:	d1d4      	bne.n	100045ba <stdio_usb_out_chars+0x72>
10004610:	4594      	cmp	ip, r2
10004612:	d9d2      	bls.n	100045ba <stdio_usb_out_chars+0x72>
10004614:	4640      	mov	r0, r8
10004616:	f002 f8ef 	bl	100067f8 <__mutex_exit_veneer>
1000461a:	e7ad      	b.n	10004578 <stdio_usb_out_chars+0x30>
1000461c:	2000      	movs	r0, #0
1000461e:	2100      	movs	r1, #0
10004620:	4b05      	ldr	r3, [pc, #20]	@ (10004638 <stdio_usb_out_chars+0xf0>)
10004622:	c303      	stmia	r3!, {r0, r1}
10004624:	4640      	mov	r0, r8
10004626:	f002 f8e7 	bl	100067f8 <__mutex_exit_veneer>
1000462a:	e7a5      	b.n	10004578 <stdio_usb_out_chars+0x30>
1000462c:	000f4240 	.word	0x000f4240
10004630:	7fffffff 	.word	0x7fffffff
10004634:	20001c24 	.word	0x20001c24
10004638:	20001278 	.word	0x20001278
1000463c:	0007a120 	.word	0x0007a120

10004640 <low_priority_worker_irq>:
10004640:	b530      	push	{r4, r5, lr}
10004642:	2100      	movs	r1, #0
10004644:	b085      	sub	sp, #20
10004646:	4828      	ldr	r0, [pc, #160]	@ (100046e8 <low_priority_worker_irq+0xa8>)
10004648:	f002 f896 	bl	10006778 <__mutex_try_enter_veneer>
1000464c:	2800      	cmp	r0, #0
1000464e:	d11c      	bne.n	1000468a <low_priority_worker_irq+0x4a>
10004650:	4b26      	ldr	r3, [pc, #152]	@ (100046ec <low_priority_worker_irq+0xac>)
10004652:	681a      	ldr	r2, [r3, #0]
10004654:	2a00      	cmp	r2, #0
10004656:	d016      	beq.n	10004686 <low_priority_worker_irq+0x46>
10004658:	f3ef 8110 	mrs	r1, PRIMASK
1000465c:	b672      	cpsid	i
1000465e:	6810      	ldr	r0, [r2, #0]
10004660:	2800      	cmp	r0, #0
10004662:	d0fc      	beq.n	1000465e <low_priority_worker_irq+0x1e>
10004664:	f3bf 8f5f 	dmb	sy
10004668:	2401      	movs	r4, #1
1000466a:	4821      	ldr	r0, [pc, #132]	@ (100046f0 <low_priority_worker_irq+0xb0>)
1000466c:	6059      	str	r1, [r3, #4]
1000466e:	7802      	ldrb	r2, [r0, #0]
10004670:	681b      	ldr	r3, [r3, #0]
10004672:	b2d2      	uxtb	r2, r2
10004674:	7004      	strb	r4, [r0, #0]
10004676:	f3bf 8f5f 	dmb	sy
1000467a:	2000      	movs	r0, #0
1000467c:	6018      	str	r0, [r3, #0]
1000467e:	f381 8810 	msr	PRIMASK, r1
10004682:	2a00      	cmp	r2, #0
10004684:	d017      	beq.n	100046b6 <low_priority_worker_irq+0x76>
10004686:	b005      	add	sp, #20
10004688:	bd30      	pop	{r4, r5, pc}
1000468a:	2001      	movs	r0, #1
1000468c:	2100      	movs	r1, #0
1000468e:	4240      	negs	r0, r0
10004690:	f000 fc9c 	bl	10004fcc <tud_task_ext>
10004694:	2000      	movs	r0, #0
10004696:	f001 fa7f 	bl	10005b98 <tud_cdc_n_available>
1000469a:	0005      	movs	r5, r0
1000469c:	4812      	ldr	r0, [pc, #72]	@ (100046e8 <low_priority_worker_irq+0xa8>)
1000469e:	f002 f8ab 	bl	100067f8 <__mutex_exit_veneer>
100046a2:	2d00      	cmp	r5, #0
100046a4:	d0ef      	beq.n	10004686 <low_priority_worker_irq+0x46>
100046a6:	4b13      	ldr	r3, [pc, #76]	@ (100046f4 <low_priority_worker_irq+0xb4>)
100046a8:	681b      	ldr	r3, [r3, #0]
100046aa:	2b00      	cmp	r3, #0
100046ac:	d0eb      	beq.n	10004686 <low_priority_worker_irq+0x46>
100046ae:	4a12      	ldr	r2, [pc, #72]	@ (100046f8 <low_priority_worker_irq+0xb8>)
100046b0:	6810      	ldr	r0, [r2, #0]
100046b2:	4798      	blx	r3
100046b4:	e7e7      	b.n	10004686 <low_priority_worker_irq+0x46>
100046b6:	f7fc fc27 	bl	10000f08 <alarm_pool_get_default>
100046ba:	0004      	movs	r4, r0
100046bc:	f7fc fe4e 	bl	1000135c <time_us_64>
100046c0:	22fa      	movs	r2, #250	@ 0xfa
100046c2:	2300      	movs	r3, #0
100046c4:	0092      	lsls	r2, r2, #2
100046c6:	1812      	adds	r2, r2, r0
100046c8:	414b      	adcs	r3, r1
100046ca:	2b00      	cmp	r3, #0
100046cc:	da02      	bge.n	100046d4 <low_priority_worker_irq+0x94>
100046ce:	2201      	movs	r2, #1
100046d0:	4b0a      	ldr	r3, [pc, #40]	@ (100046fc <low_priority_worker_irq+0xbc>)
100046d2:	4252      	negs	r2, r2
100046d4:	2101      	movs	r1, #1
100046d6:	9102      	str	r1, [sp, #8]
100046d8:	2100      	movs	r1, #0
100046da:	9101      	str	r1, [sp, #4]
100046dc:	4908      	ldr	r1, [pc, #32]	@ (10004700 <low_priority_worker_irq+0xc0>)
100046de:	0020      	movs	r0, r4
100046e0:	9100      	str	r1, [sp, #0]
100046e2:	f7fc fc15 	bl	10000f10 <alarm_pool_add_alarm_at>
100046e6:	e7ce      	b.n	10004686 <low_priority_worker_irq+0x46>
100046e8:	20001c24 	.word	0x20001c24
100046ec:	20001bfc 	.word	0x20001bfc
100046f0:	20001c45 	.word	0x20001c45
100046f4:	20001784 	.word	0x20001784
100046f8:	20001788 	.word	0x20001788
100046fc:	7fffffff 	.word	0x7fffffff
10004700:	1000440d 	.word	0x1000440d

10004704 <stdio_usb_init>:
10004704:	23d0      	movs	r3, #208	@ 0xd0
10004706:	b510      	push	{r4, lr}
10004708:	061b      	lsls	r3, r3, #24
1000470a:	b084      	sub	sp, #16
1000470c:	681c      	ldr	r4, [r3, #0]
1000470e:	f7fc fbfb 	bl	10000f08 <alarm_pool_get_default>
10004712:	f7fc fcfb 	bl	1000110c <alarm_pool_core_num>
10004716:	42a0      	cmp	r0, r4
10004718:	d002      	beq.n	10004720 <stdio_usb_init+0x1c>
1000471a:	2000      	movs	r0, #0
1000471c:	b004      	add	sp, #16
1000471e:	bd10      	pop	{r4, pc}
10004720:	4b28      	ldr	r3, [pc, #160]	@ (100047c4 <stdio_usb_init+0xc0>)
10004722:	2100      	movs	r1, #0
10004724:	2000      	movs	r0, #0
10004726:	781b      	ldrb	r3, [r3, #0]
10004728:	f001 fca6 	bl	10006078 <tusb_rhport_init>
1000472c:	4826      	ldr	r0, [pc, #152]	@ (100047c8 <stdio_usb_init+0xc4>)
1000472e:	6803      	ldr	r3, [r0, #0]
10004730:	2b00      	cmp	r3, #0
10004732:	d044      	beq.n	100047be <stdio_usb_init+0xba>
10004734:	2001      	movs	r0, #1
10004736:	f7fc f97f 	bl	10000a38 <user_irq_claim_unused>
1000473a:	23ff      	movs	r3, #255	@ 0xff
1000473c:	4c23      	ldr	r4, [pc, #140]	@ (100047cc <stdio_usb_init+0xc8>)
1000473e:	4924      	ldr	r1, [pc, #144]	@ (100047d0 <stdio_usb_init+0xcc>)
10004740:	7020      	strb	r0, [r4, #0]
10004742:	4018      	ands	r0, r3
10004744:	f7fc f80c 	bl	10000760 <irq_set_exclusive_handler>
10004748:	7820      	ldrb	r0, [r4, #0]
1000474a:	2101      	movs	r1, #1
1000474c:	f7fb ffd2 	bl	100006f4 <irq_set_enabled>
10004750:	2005      	movs	r0, #5
10004752:	f7fb fff5 	bl	10000740 <irq_has_shared_handler>
10004756:	2800      	cmp	r0, #0
10004758:	d124      	bne.n	100047a4 <stdio_usb_init+0xa0>
1000475a:	2208      	movs	r2, #8
1000475c:	2100      	movs	r1, #0
1000475e:	481d      	ldr	r0, [pc, #116]	@ (100047d4 <stdio_usb_init+0xd0>)
10004760:	f7fe f822 	bl	100027a8 <__wrap_memset>
10004764:	f7fc fbd0 	bl	10000f08 <alarm_pool_get_default>
10004768:	0004      	movs	r4, r0
1000476a:	f7fc fdf7 	bl	1000135c <time_us_64>
1000476e:	22fa      	movs	r2, #250	@ 0xfa
10004770:	2300      	movs	r3, #0
10004772:	0092      	lsls	r2, r2, #2
10004774:	1812      	adds	r2, r2, r0
10004776:	414b      	adcs	r3, r1
10004778:	2b00      	cmp	r3, #0
1000477a:	da02      	bge.n	10004782 <stdio_usb_init+0x7e>
1000477c:	2201      	movs	r2, #1
1000477e:	4b16      	ldr	r3, [pc, #88]	@ (100047d8 <stdio_usb_init+0xd4>)
10004780:	4252      	negs	r2, r2
10004782:	2101      	movs	r1, #1
10004784:	9102      	str	r1, [sp, #8]
10004786:	2100      	movs	r1, #0
10004788:	9101      	str	r1, [sp, #4]
1000478a:	4914      	ldr	r1, [pc, #80]	@ (100047dc <stdio_usb_init+0xd8>)
1000478c:	0020      	movs	r0, r4
1000478e:	9100      	str	r1, [sp, #0]
10004790:	f7fc fbbe 	bl	10000f10 <alarm_pool_add_alarm_at>
10004794:	2800      	cmp	r0, #0
10004796:	dbc0      	blt.n	1000471a <stdio_usb_init+0x16>
10004798:	4811      	ldr	r0, [pc, #68]	@ (100047e0 <stdio_usb_init+0xdc>)
1000479a:	2101      	movs	r1, #1
1000479c:	f7ff fce4 	bl	10004168 <stdio_set_driver_enabled>
100047a0:	2001      	movs	r0, #1
100047a2:	e7bb      	b.n	1000471c <stdio_usb_init+0x18>
100047a4:	2001      	movs	r0, #1
100047a6:	f7fb ff63 	bl	10000670 <spin_lock_claim_unused>
100047aa:	0001      	movs	r1, r0
100047ac:	4809      	ldr	r0, [pc, #36]	@ (100047d4 <stdio_usb_init+0xd0>)
100047ae:	f7fc f9a3 	bl	10000af8 <critical_section_init_with_lock_num>
100047b2:	2200      	movs	r2, #0
100047b4:	2005      	movs	r0, #5
100047b6:	490b      	ldr	r1, [pc, #44]	@ (100047e4 <stdio_usb_init+0xe0>)
100047b8:	f7fb fffc 	bl	100007b4 <irq_add_shared_handler>
100047bc:	e7ec      	b.n	10004798 <stdio_usb_init+0x94>
100047be:	f7fc f97f 	bl	10000ac0 <mutex_init>
100047c2:	e7b7      	b.n	10004734 <stdio_usb_init+0x30>
100047c4:	10006fb0 	.word	0x10006fb0
100047c8:	20001c24 	.word	0x20001c24
100047cc:	20001c44 	.word	0x20001c44
100047d0:	10004641 	.word	0x10004641
100047d4:	20001bfc 	.word	0x20001bfc
100047d8:	7fffffff 	.word	0x7fffffff
100047dc:	1000440d 	.word	0x1000440d
100047e0:	20000ff0 	.word	0x20000ff0
100047e4:	100043fd 	.word	0x100043fd

100047e8 <tud_descriptor_device_cb>:
100047e8:	4800      	ldr	r0, [pc, #0]	@ (100047ec <tud_descriptor_device_cb+0x4>)
100047ea:	4770      	bx	lr
100047ec:	10006dcc 	.word	0x10006dcc

100047f0 <tud_descriptor_configuration_cb>:
100047f0:	4800      	ldr	r0, [pc, #0]	@ (100047f4 <tud_descriptor_configuration_cb+0x4>)
100047f2:	4770      	bx	lr
100047f4:	10006d78 	.word	0x10006d78

100047f8 <tud_descriptor_string_cb>:
100047f8:	b510      	push	{r4, lr}
100047fa:	0004      	movs	r4, r0
100047fc:	4816      	ldr	r0, [pc, #88]	@ (10004858 <tud_descriptor_string_cb+0x60>)
100047fe:	7803      	ldrb	r3, [r0, #0]
10004800:	2b00      	cmp	r3, #0
10004802:	d020      	beq.n	10004846 <tud_descriptor_string_cb+0x4e>
10004804:	2c00      	cmp	r4, #0
10004806:	d106      	bne.n	10004816 <tud_descriptor_string_cb+0x1e>
10004808:	4b14      	ldr	r3, [pc, #80]	@ (1000485c <tud_descriptor_string_cb+0x64>)
1000480a:	4815      	ldr	r0, [pc, #84]	@ (10004860 <tud_descriptor_string_cb+0x68>)
1000480c:	8043      	strh	r3, [r0, #2]
1000480e:	3b06      	subs	r3, #6
10004810:	3bff      	subs	r3, #255	@ 0xff
10004812:	8003      	strh	r3, [r0, #0]
10004814:	bd10      	pop	{r4, pc}
10004816:	2c05      	cmp	r4, #5
10004818:	d81c      	bhi.n	10004854 <tud_descriptor_string_cb+0x5c>
1000481a:	4b12      	ldr	r3, [pc, #72]	@ (10004864 <tud_descriptor_string_cb+0x6c>)
1000481c:	00a4      	lsls	r4, r4, #2
1000481e:	58e4      	ldr	r4, [r4, r3]
10004820:	480f      	ldr	r0, [pc, #60]	@ (10004860 <tud_descriptor_string_cb+0x68>)
10004822:	2301      	movs	r3, #1
10004824:	1c81      	adds	r1, r0, #2
10004826:	3c01      	subs	r4, #1
10004828:	e004      	b.n	10004834 <tud_descriptor_string_cb+0x3c>
1000482a:	3301      	adds	r3, #1
1000482c:	800a      	strh	r2, [r1, #0]
1000482e:	3102      	adds	r1, #2
10004830:	2b14      	cmp	r3, #20
10004832:	d00c      	beq.n	1000484e <tud_descriptor_string_cb+0x56>
10004834:	5ce2      	ldrb	r2, [r4, r3]
10004836:	2a00      	cmp	r2, #0
10004838:	d1f7      	bne.n	1000482a <tud_descriptor_string_cb+0x32>
1000483a:	22c0      	movs	r2, #192	@ 0xc0
1000483c:	b2db      	uxtb	r3, r3
1000483e:	005b      	lsls	r3, r3, #1
10004840:	0092      	lsls	r2, r2, #2
10004842:	4313      	orrs	r3, r2
10004844:	e7e5      	b.n	10004812 <tud_descriptor_string_cb+0x1a>
10004846:	2111      	movs	r1, #17
10004848:	f000 f816 	bl	10004878 <pico_get_unique_board_id_string>
1000484c:	e7da      	b.n	10004804 <tud_descriptor_string_cb+0xc>
1000484e:	23ca      	movs	r3, #202	@ 0xca
10004850:	009b      	lsls	r3, r3, #2
10004852:	e7de      	b.n	10004812 <tud_descriptor_string_cb+0x1a>
10004854:	2000      	movs	r0, #0
10004856:	e7dd      	b.n	10004814 <tud_descriptor_string_cb+0x1c>
10004858:	20001c2c 	.word	0x20001c2c
1000485c:	00000409 	.word	0x00000409
10004860:	200017bc 	.word	0x200017bc
10004864:	10006d60 	.word	0x10006d60

10004868 <_retrieve_unique_id_on_boot>:
10004868:	b510      	push	{r4, lr}
1000486a:	4802      	ldr	r0, [pc, #8]	@ (10004874 <_retrieve_unique_id_on_boot+0xc>)
1000486c:	f000 f8f4 	bl	10004a58 <flash_get_unique_id>
10004870:	bd10      	pop	{r4, pc}
10004872:	46c0      	nop			@ (mov r8, r8)
10004874:	20001c14 	.word	0x20001c14

10004878 <pico_get_unique_board_id_string>:
10004878:	b530      	push	{r4, r5, lr}
1000487a:	2901      	cmp	r1, #1
1000487c:	d100      	bne.n	10004880 <pico_get_unique_board_id_string+0x8>
1000487e:	e0bb      	b.n	100049f8 <pico_get_unique_board_id_string+0x180>
10004880:	4b74      	ldr	r3, [pc, #464]	@ (10004a54 <pico_get_unique_board_id_string+0x1dc>)
10004882:	3901      	subs	r1, #1
10004884:	781a      	ldrb	r2, [r3, #0]
10004886:	1112      	asrs	r2, r2, #4
10004888:	0014      	movs	r4, r2
1000488a:	3430      	adds	r4, #48	@ 0x30
1000488c:	2a09      	cmp	r2, #9
1000488e:	dd00      	ble.n	10004892 <pico_get_unique_board_id_string+0x1a>
10004890:	e0b5      	b.n	100049fe <pico_get_unique_board_id_string+0x186>
10004892:	7004      	strb	r4, [r0, #0]
10004894:	2901      	cmp	r1, #1
10004896:	d100      	bne.n	1000489a <pico_get_unique_board_id_string+0x22>
10004898:	e0da      	b.n	10004a50 <pico_get_unique_board_id_string+0x1d8>
1000489a:	220f      	movs	r2, #15
1000489c:	781c      	ldrb	r4, [r3, #0]
1000489e:	4022      	ands	r2, r4
100048a0:	0014      	movs	r4, r2
100048a2:	3430      	adds	r4, #48	@ 0x30
100048a4:	2a09      	cmp	r2, #9
100048a6:	d900      	bls.n	100048aa <pico_get_unique_board_id_string+0x32>
100048a8:	e0ac      	b.n	10004a04 <pico_get_unique_board_id_string+0x18c>
100048aa:	7044      	strb	r4, [r0, #1]
100048ac:	2902      	cmp	r1, #2
100048ae:	d100      	bne.n	100048b2 <pico_get_unique_board_id_string+0x3a>
100048b0:	e0ce      	b.n	10004a50 <pico_get_unique_board_id_string+0x1d8>
100048b2:	785a      	ldrb	r2, [r3, #1]
100048b4:	4694      	mov	ip, r2
100048b6:	1112      	asrs	r2, r2, #4
100048b8:	0014      	movs	r4, r2
100048ba:	3430      	adds	r4, #48	@ 0x30
100048bc:	2a09      	cmp	r2, #9
100048be:	dd00      	ble.n	100048c2 <pico_get_unique_board_id_string+0x4a>
100048c0:	e0a3      	b.n	10004a0a <pico_get_unique_board_id_string+0x192>
100048c2:	7084      	strb	r4, [r0, #2]
100048c4:	2903      	cmp	r1, #3
100048c6:	d100      	bne.n	100048ca <pico_get_unique_board_id_string+0x52>
100048c8:	e0c2      	b.n	10004a50 <pico_get_unique_board_id_string+0x1d8>
100048ca:	4664      	mov	r4, ip
100048cc:	220f      	movs	r2, #15
100048ce:	4022      	ands	r2, r4
100048d0:	0014      	movs	r4, r2
100048d2:	3430      	adds	r4, #48	@ 0x30
100048d4:	2a09      	cmp	r2, #9
100048d6:	d900      	bls.n	100048da <pico_get_unique_board_id_string+0x62>
100048d8:	e09a      	b.n	10004a10 <pico_get_unique_board_id_string+0x198>
100048da:	70c4      	strb	r4, [r0, #3]
100048dc:	2904      	cmp	r1, #4
100048de:	d100      	bne.n	100048e2 <pico_get_unique_board_id_string+0x6a>
100048e0:	e0b6      	b.n	10004a50 <pico_get_unique_board_id_string+0x1d8>
100048e2:	789a      	ldrb	r2, [r3, #2]
100048e4:	4694      	mov	ip, r2
100048e6:	1112      	asrs	r2, r2, #4
100048e8:	0014      	movs	r4, r2
100048ea:	3430      	adds	r4, #48	@ 0x30
100048ec:	2a09      	cmp	r2, #9
100048ee:	dd00      	ble.n	100048f2 <pico_get_unique_board_id_string+0x7a>
100048f0:	e091      	b.n	10004a16 <pico_get_unique_board_id_string+0x19e>
100048f2:	7104      	strb	r4, [r0, #4]
100048f4:	2905      	cmp	r1, #5
100048f6:	d100      	bne.n	100048fa <pico_get_unique_board_id_string+0x82>
100048f8:	e0aa      	b.n	10004a50 <pico_get_unique_board_id_string+0x1d8>
100048fa:	4664      	mov	r4, ip
100048fc:	220f      	movs	r2, #15
100048fe:	4022      	ands	r2, r4
10004900:	0014      	movs	r4, r2
10004902:	3430      	adds	r4, #48	@ 0x30
10004904:	2a09      	cmp	r2, #9
10004906:	d900      	bls.n	1000490a <pico_get_unique_board_id_string+0x92>
10004908:	e088      	b.n	10004a1c <pico_get_unique_board_id_string+0x1a4>
1000490a:	7144      	strb	r4, [r0, #5]
1000490c:	2906      	cmp	r1, #6
1000490e:	d100      	bne.n	10004912 <pico_get_unique_board_id_string+0x9a>
10004910:	e09e      	b.n	10004a50 <pico_get_unique_board_id_string+0x1d8>
10004912:	2530      	movs	r5, #48	@ 0x30
10004914:	46ac      	mov	ip, r5
10004916:	78dc      	ldrb	r4, [r3, #3]
10004918:	1122      	asrs	r2, r4, #4
1000491a:	4494      	add	ip, r2
1000491c:	2a09      	cmp	r2, #9
1000491e:	dd00      	ble.n	10004922 <pico_get_unique_board_id_string+0xaa>
10004920:	e07f      	b.n	10004a22 <pico_get_unique_board_id_string+0x1aa>
10004922:	4662      	mov	r2, ip
10004924:	7182      	strb	r2, [r0, #6]
10004926:	2907      	cmp	r1, #7
10004928:	d100      	bne.n	1000492c <pico_get_unique_board_id_string+0xb4>
1000492a:	e091      	b.n	10004a50 <pico_get_unique_board_id_string+0x1d8>
1000492c:	220f      	movs	r2, #15
1000492e:	4022      	ands	r2, r4
10004930:	0014      	movs	r4, r2
10004932:	3430      	adds	r4, #48	@ 0x30
10004934:	2a09      	cmp	r2, #9
10004936:	d900      	bls.n	1000493a <pico_get_unique_board_id_string+0xc2>
10004938:	e077      	b.n	10004a2a <pico_get_unique_board_id_string+0x1b2>
1000493a:	71c4      	strb	r4, [r0, #7]
1000493c:	2908      	cmp	r1, #8
1000493e:	d100      	bne.n	10004942 <pico_get_unique_board_id_string+0xca>
10004940:	e086      	b.n	10004a50 <pico_get_unique_board_id_string+0x1d8>
10004942:	2530      	movs	r5, #48	@ 0x30
10004944:	46ac      	mov	ip, r5
10004946:	791c      	ldrb	r4, [r3, #4]
10004948:	1122      	asrs	r2, r4, #4
1000494a:	4494      	add	ip, r2
1000494c:	2a09      	cmp	r2, #9
1000494e:	dd00      	ble.n	10004952 <pico_get_unique_board_id_string+0xda>
10004950:	e06e      	b.n	10004a30 <pico_get_unique_board_id_string+0x1b8>
10004952:	4662      	mov	r2, ip
10004954:	7202      	strb	r2, [r0, #8]
10004956:	2909      	cmp	r1, #9
10004958:	d100      	bne.n	1000495c <pico_get_unique_board_id_string+0xe4>
1000495a:	e079      	b.n	10004a50 <pico_get_unique_board_id_string+0x1d8>
1000495c:	220f      	movs	r2, #15
1000495e:	4022      	ands	r2, r4
10004960:	0014      	movs	r4, r2
10004962:	3430      	adds	r4, #48	@ 0x30
10004964:	2a09      	cmp	r2, #9
10004966:	d867      	bhi.n	10004a38 <pico_get_unique_board_id_string+0x1c0>
10004968:	7244      	strb	r4, [r0, #9]
1000496a:	290a      	cmp	r1, #10
1000496c:	d100      	bne.n	10004970 <pico_get_unique_board_id_string+0xf8>
1000496e:	e06f      	b.n	10004a50 <pico_get_unique_board_id_string+0x1d8>
10004970:	2530      	movs	r5, #48	@ 0x30
10004972:	46ac      	mov	ip, r5
10004974:	795c      	ldrb	r4, [r3, #5]
10004976:	1122      	asrs	r2, r4, #4
10004978:	4494      	add	ip, r2
1000497a:	2a09      	cmp	r2, #9
1000497c:	dc5f      	bgt.n	10004a3e <pico_get_unique_board_id_string+0x1c6>
1000497e:	4662      	mov	r2, ip
10004980:	7282      	strb	r2, [r0, #10]
10004982:	290b      	cmp	r1, #11
10004984:	d064      	beq.n	10004a50 <pico_get_unique_board_id_string+0x1d8>
10004986:	220f      	movs	r2, #15
10004988:	4022      	ands	r2, r4
1000498a:	0014      	movs	r4, r2
1000498c:	3430      	adds	r4, #48	@ 0x30
1000498e:	2a09      	cmp	r2, #9
10004990:	d859      	bhi.n	10004a46 <pico_get_unique_board_id_string+0x1ce>
10004992:	72c4      	strb	r4, [r0, #11]
10004994:	290c      	cmp	r1, #12
10004996:	d05b      	beq.n	10004a50 <pico_get_unique_board_id_string+0x1d8>
10004998:	2530      	movs	r5, #48	@ 0x30
1000499a:	46ac      	mov	ip, r5
1000499c:	799c      	ldrb	r4, [r3, #6]
1000499e:	1122      	asrs	r2, r4, #4
100049a0:	4494      	add	ip, r2
100049a2:	2a09      	cmp	r2, #9
100049a4:	dd02      	ble.n	100049ac <pico_get_unique_board_id_string+0x134>
100049a6:	3507      	adds	r5, #7
100049a8:	46ac      	mov	ip, r5
100049aa:	4494      	add	ip, r2
100049ac:	4662      	mov	r2, ip
100049ae:	7302      	strb	r2, [r0, #12]
100049b0:	290d      	cmp	r1, #13
100049b2:	d04d      	beq.n	10004a50 <pico_get_unique_board_id_string+0x1d8>
100049b4:	220f      	movs	r2, #15
100049b6:	4022      	ands	r2, r4
100049b8:	0014      	movs	r4, r2
100049ba:	3430      	adds	r4, #48	@ 0x30
100049bc:	2a09      	cmp	r2, #9
100049be:	d901      	bls.n	100049c4 <pico_get_unique_board_id_string+0x14c>
100049c0:	3237      	adds	r2, #55	@ 0x37
100049c2:	0014      	movs	r4, r2
100049c4:	7344      	strb	r4, [r0, #13]
100049c6:	290e      	cmp	r1, #14
100049c8:	d042      	beq.n	10004a50 <pico_get_unique_board_id_string+0x1d8>
100049ca:	79da      	ldrb	r2, [r3, #7]
100049cc:	1113      	asrs	r3, r2, #4
100049ce:	001c      	movs	r4, r3
100049d0:	3430      	adds	r4, #48	@ 0x30
100049d2:	2b09      	cmp	r3, #9
100049d4:	dd01      	ble.n	100049da <pico_get_unique_board_id_string+0x162>
100049d6:	3337      	adds	r3, #55	@ 0x37
100049d8:	001c      	movs	r4, r3
100049da:	7384      	strb	r4, [r0, #14]
100049dc:	290f      	cmp	r1, #15
100049de:	d037      	beq.n	10004a50 <pico_get_unique_board_id_string+0x1d8>
100049e0:	230f      	movs	r3, #15
100049e2:	4013      	ands	r3, r2
100049e4:	001a      	movs	r2, r3
100049e6:	3237      	adds	r2, #55	@ 0x37
100049e8:	2b09      	cmp	r3, #9
100049ea:	d801      	bhi.n	100049f0 <pico_get_unique_board_id_string+0x178>
100049ec:	3330      	adds	r3, #48	@ 0x30
100049ee:	001a      	movs	r2, r3
100049f0:	73c2      	strb	r2, [r0, #15]
100049f2:	2910      	cmp	r1, #16
100049f4:	d02c      	beq.n	10004a50 <pico_get_unique_board_id_string+0x1d8>
100049f6:	3010      	adds	r0, #16
100049f8:	2300      	movs	r3, #0
100049fa:	7003      	strb	r3, [r0, #0]
100049fc:	bd30      	pop	{r4, r5, pc}
100049fe:	3237      	adds	r2, #55	@ 0x37
10004a00:	0014      	movs	r4, r2
10004a02:	e746      	b.n	10004892 <pico_get_unique_board_id_string+0x1a>
10004a04:	3237      	adds	r2, #55	@ 0x37
10004a06:	0014      	movs	r4, r2
10004a08:	e74f      	b.n	100048aa <pico_get_unique_board_id_string+0x32>
10004a0a:	3237      	adds	r2, #55	@ 0x37
10004a0c:	0014      	movs	r4, r2
10004a0e:	e758      	b.n	100048c2 <pico_get_unique_board_id_string+0x4a>
10004a10:	3237      	adds	r2, #55	@ 0x37
10004a12:	0014      	movs	r4, r2
10004a14:	e761      	b.n	100048da <pico_get_unique_board_id_string+0x62>
10004a16:	3237      	adds	r2, #55	@ 0x37
10004a18:	0014      	movs	r4, r2
10004a1a:	e76a      	b.n	100048f2 <pico_get_unique_board_id_string+0x7a>
10004a1c:	3237      	adds	r2, #55	@ 0x37
10004a1e:	0014      	movs	r4, r2
10004a20:	e773      	b.n	1000490a <pico_get_unique_board_id_string+0x92>
10004a22:	3507      	adds	r5, #7
10004a24:	46ac      	mov	ip, r5
10004a26:	4494      	add	ip, r2
10004a28:	e77b      	b.n	10004922 <pico_get_unique_board_id_string+0xaa>
10004a2a:	3237      	adds	r2, #55	@ 0x37
10004a2c:	0014      	movs	r4, r2
10004a2e:	e784      	b.n	1000493a <pico_get_unique_board_id_string+0xc2>
10004a30:	3507      	adds	r5, #7
10004a32:	46ac      	mov	ip, r5
10004a34:	4494      	add	ip, r2
10004a36:	e78c      	b.n	10004952 <pico_get_unique_board_id_string+0xda>
10004a38:	3237      	adds	r2, #55	@ 0x37
10004a3a:	0014      	movs	r4, r2
10004a3c:	e794      	b.n	10004968 <pico_get_unique_board_id_string+0xf0>
10004a3e:	3507      	adds	r5, #7
10004a40:	46ac      	mov	ip, r5
10004a42:	4494      	add	ip, r2
10004a44:	e79b      	b.n	1000497e <pico_get_unique_board_id_string+0x106>
10004a46:	3237      	adds	r2, #55	@ 0x37
10004a48:	0014      	movs	r4, r2
10004a4a:	72c4      	strb	r4, [r0, #11]
10004a4c:	290c      	cmp	r1, #12
10004a4e:	d1a3      	bne.n	10004998 <pico_get_unique_board_id_string+0x120>
10004a50:	1840      	adds	r0, r0, r1
10004a52:	e7d1      	b.n	100049f8 <pico_get_unique_board_id_string+0x180>
10004a54:	20001c14 	.word	0x20001c14

10004a58 <flash_get_unique_id>:
10004a58:	b510      	push	{r4, lr}
10004a5a:	b088      	sub	sp, #32
10004a5c:	0004      	movs	r4, r0
10004a5e:	220d      	movs	r2, #13
10004a60:	2100      	movs	r1, #0
10004a62:	4668      	mov	r0, sp
10004a64:	f7fd fea0 	bl	100027a8 <__wrap_memset>
10004a68:	220d      	movs	r2, #13
10004a6a:	2100      	movs	r1, #0
10004a6c:	a804      	add	r0, sp, #16
10004a6e:	f7fd fe9b 	bl	100027a8 <__wrap_memset>
10004a72:	466a      	mov	r2, sp
10004a74:	234b      	movs	r3, #75	@ 0x4b
10004a76:	4668      	mov	r0, sp
10004a78:	7013      	strb	r3, [r2, #0]
10004a7a:	a904      	add	r1, sp, #16
10004a7c:	2300      	movs	r3, #0
10004a7e:	220d      	movs	r2, #13
10004a80:	f001 fe72 	bl	10006768 <__flash_do_cmd_cs_veneer>
10004a84:	2115      	movs	r1, #21
10004a86:	2208      	movs	r2, #8
10004a88:	0020      	movs	r0, r4
10004a8a:	4469      	add	r1, sp
10004a8c:	f7fd fe92 	bl	100027b4 <__wrap___aeabi_memcpy>
10004a90:	b008      	add	sp, #32
10004a92:	bd10      	pop	{r4, pc}

10004a94 <usb_reset_interface_init>:
10004a94:	4770      	bx	lr
10004a96:	46c0      	nop			@ (mov r8, r8)

10004a98 <usb_reset_interface_reset>:
10004a98:	2200      	movs	r2, #0
10004a9a:	4b01      	ldr	r3, [pc, #4]	@ (10004aa0 <usb_reset_interface_reset+0x8>)
10004a9c:	701a      	strb	r2, [r3, #0]
10004a9e:	4770      	bx	lr
10004aa0:	20001c42 	.word	0x20001c42

10004aa4 <usb_reset_interface_open>:
10004aa4:	794b      	ldrb	r3, [r1, #5]
10004aa6:	2000      	movs	r0, #0
10004aa8:	2bff      	cmp	r3, #255	@ 0xff
10004aaa:	d10b      	bne.n	10004ac4 <usb_reset_interface_open+0x20>
10004aac:	798b      	ldrb	r3, [r1, #6]
10004aae:	2b00      	cmp	r3, #0
10004ab0:	d108      	bne.n	10004ac4 <usb_reset_interface_open+0x20>
10004ab2:	79cb      	ldrb	r3, [r1, #7]
10004ab4:	2b01      	cmp	r3, #1
10004ab6:	d105      	bne.n	10004ac4 <usb_reset_interface_open+0x20>
10004ab8:	2a08      	cmp	r2, #8
10004aba:	d903      	bls.n	10004ac4 <usb_reset_interface_open+0x20>
10004abc:	4b02      	ldr	r3, [pc, #8]	@ (10004ac8 <usb_reset_interface_open+0x24>)
10004abe:	788a      	ldrb	r2, [r1, #2]
10004ac0:	3009      	adds	r0, #9
10004ac2:	701a      	strb	r2, [r3, #0]
10004ac4:	4770      	bx	lr
10004ac6:	46c0      	nop			@ (mov r8, r8)
10004ac8:	20001c42 	.word	0x20001c42

10004acc <usb_reset_interface_xfer_cb>:
10004acc:	2001      	movs	r0, #1
10004ace:	4770      	bx	lr

10004ad0 <usb_reset_interface_control_xfer_cb>:
10004ad0:	b510      	push	{r4, lr}
10004ad2:	2901      	cmp	r1, #1
10004ad4:	d113      	bne.n	10004afe <usb_reset_interface_control_xfer_cb+0x2e>
10004ad6:	4915      	ldr	r1, [pc, #84]	@ (10004b2c <usb_reset_interface_control_xfer_cb+0x5c>)
10004ad8:	7953      	ldrb	r3, [r2, #5]
10004ada:	7910      	ldrb	r0, [r2, #4]
10004adc:	7809      	ldrb	r1, [r1, #0]
10004ade:	021b      	lsls	r3, r3, #8
10004ae0:	4303      	orrs	r3, r0
10004ae2:	2000      	movs	r0, #0
10004ae4:	4299      	cmp	r1, r3
10004ae6:	d000      	beq.n	10004aea <usb_reset_interface_control_xfer_cb+0x1a>
10004ae8:	bd10      	pop	{r4, pc}
10004aea:	7853      	ldrb	r3, [r2, #1]
10004aec:	2b01      	cmp	r3, #1
10004aee:	d008      	beq.n	10004b02 <usb_reset_interface_control_xfer_cb+0x32>
10004af0:	2b02      	cmp	r3, #2
10004af2:	d1f9      	bne.n	10004ae8 <usb_reset_interface_control_xfer_cb+0x18>
10004af4:	2264      	movs	r2, #100	@ 0x64
10004af6:	2100      	movs	r1, #0
10004af8:	2000      	movs	r0, #0
10004afa:	f7fc fdc3 	bl	10001684 <watchdog_reboot>
10004afe:	2001      	movs	r0, #1
10004b00:	e7f2      	b.n	10004ae8 <usb_reset_interface_control_xfer_cb+0x18>
10004b02:	78d1      	ldrb	r1, [r2, #3]
10004b04:	7893      	ldrb	r3, [r2, #2]
10004b06:	0209      	lsls	r1, r1, #8
10004b08:	4319      	orrs	r1, r3
10004b0a:	2380      	movs	r3, #128	@ 0x80
10004b0c:	000a      	movs	r2, r1
10004b0e:	005b      	lsls	r3, r3, #1
10004b10:	401a      	ands	r2, r3
10004b12:	4219      	tst	r1, r3
10004b14:	d006      	beq.n	10004b24 <usb_reset_interface_control_xfer_cb+0x54>
10004b16:	060a      	lsls	r2, r1, #24
10004b18:	0fd2      	lsrs	r2, r2, #31
10004b1a:	0a48      	lsrs	r0, r1, #9
10004b1c:	2303      	movs	r3, #3
10004b1e:	4019      	ands	r1, r3
10004b20:	f7fc fe38 	bl	10001794 <rom_reset_usb_boot_extra>
10004b24:	2001      	movs	r0, #1
10004b26:	4240      	negs	r0, r0
10004b28:	e7f8      	b.n	10004b1c <usb_reset_interface_control_xfer_cb+0x4c>
10004b2a:	46c0      	nop			@ (mov r8, r8)
10004b2c:	20001c42 	.word	0x20001c42

10004b30 <tud_descriptor_bos_cb>:
10004b30:	4800      	ldr	r0, [pc, #0]	@ (10004b34 <tud_descriptor_bos_cb+0x4>)
10004b32:	4770      	bx	lr
10004b34:	10006e88 	.word	0x10006e88

10004b38 <tud_vendor_control_xfer_cb>:
10004b38:	4694      	mov	ip, r2
10004b3a:	2301      	movs	r3, #1
10004b3c:	b510      	push	{r4, lr}
10004b3e:	2901      	cmp	r1, #1
10004b40:	d10a      	bne.n	10004b58 <tud_vendor_control_xfer_cb+0x20>
10004b42:	7852      	ldrb	r2, [r2, #1]
10004b44:	2300      	movs	r3, #0
10004b46:	2a01      	cmp	r2, #1
10004b48:	d106      	bne.n	10004b58 <tud_vendor_control_xfer_cb+0x20>
10004b4a:	4662      	mov	r2, ip
10004b4c:	7911      	ldrb	r1, [r2, #4]
10004b4e:	7952      	ldrb	r2, [r2, #5]
10004b50:	0212      	lsls	r2, r2, #8
10004b52:	430a      	orrs	r2, r1
10004b54:	2a07      	cmp	r2, #7
10004b56:	d001      	beq.n	10004b5c <tud_vendor_control_xfer_cb+0x24>
10004b58:	0018      	movs	r0, r3
10004b5a:	bd10      	pop	{r4, pc}
10004b5c:	33a6      	adds	r3, #166	@ 0xa6
10004b5e:	4661      	mov	r1, ip
10004b60:	4a02      	ldr	r2, [pc, #8]	@ (10004b6c <tud_vendor_control_xfer_cb+0x34>)
10004b62:	f000 feeb 	bl	1000593c <tud_control_xfer>
10004b66:	0003      	movs	r3, r0
10004b68:	e7f6      	b.n	10004b58 <tud_vendor_control_xfer_cb+0x20>
10004b6a:	46c0      	nop			@ (mov r8, r8)
10004b6c:	10006de0 	.word	0x10006de0

10004b70 <usbd_app_driver_get_cb>:
10004b70:	2301      	movs	r3, #1
10004b72:	7003      	strb	r3, [r0, #0]
10004b74:	4800      	ldr	r0, [pc, #0]	@ (10004b78 <usbd_app_driver_get_cb+0x8>)
10004b76:	4770      	bx	lr
10004b78:	10006eac 	.word	0x10006eac

10004b7c <tud_cdc_line_coding_cb>:
10004b7c:	784b      	ldrb	r3, [r1, #1]
10004b7e:	780a      	ldrb	r2, [r1, #0]
10004b80:	021b      	lsls	r3, r3, #8
10004b82:	4313      	orrs	r3, r2
10004b84:	788a      	ldrb	r2, [r1, #2]
10004b86:	b510      	push	{r4, lr}
10004b88:	0412      	lsls	r2, r2, #16
10004b8a:	431a      	orrs	r2, r3
10004b8c:	78cb      	ldrb	r3, [r1, #3]
10004b8e:	061b      	lsls	r3, r3, #24
10004b90:	4313      	orrs	r3, r2
10004b92:	2296      	movs	r2, #150	@ 0x96
10004b94:	00d2      	lsls	r2, r2, #3
10004b96:	4293      	cmp	r3, r2
10004b98:	d000      	beq.n	10004b9c <tud_cdc_line_coding_cb+0x20>
10004b9a:	bd10      	pop	{r4, pc}
10004b9c:	2200      	movs	r2, #0
10004b9e:	2001      	movs	r0, #1
10004ba0:	0011      	movs	r1, r2
10004ba2:	4240      	negs	r0, r0
10004ba4:	f7fc fdf6 	bl	10001794 <rom_reset_usb_boot_extra>

10004ba8 <dcd_init>:
10004ba8:	b5f8      	push	{r3, r4, r5, r6, r7, lr}
10004baa:	f000 f93b 	bl	10004e24 <rp2040_usb_init>
10004bae:	230c      	movs	r3, #12
10004bb0:	4d19      	ldr	r5, [pc, #100]	@ (10004c18 <dcd_init+0x70>)
10004bb2:	22ff      	movs	r2, #255	@ 0xff
10004bb4:	67ab      	str	r3, [r5, #120]	@ 0x78
10004bb6:	2005      	movs	r0, #5
10004bb8:	4918      	ldr	r1, [pc, #96]	@ (10004c1c <dcd_init+0x74>)
10004bba:	f7fb fdfb 	bl	100007b4 <irq_add_shared_handler>
10004bbe:	4c18      	ldr	r4, [pc, #96]	@ (10004c20 <dcd_init+0x78>)
10004bc0:	2240      	movs	r2, #64	@ 0x40
10004bc2:	2100      	movs	r1, #0
10004bc4:	0020      	movs	r0, r4
10004bc6:	f7fd fdef 	bl	100027a8 <__wrap_memset>
10004bca:	2740      	movs	r7, #64	@ 0x40
10004bcc:	2300      	movs	r3, #0
10004bce:	2601      	movs	r6, #1
10004bd0:	2121      	movs	r1, #33	@ 0x21
10004bd2:	4a14      	ldr	r2, [pc, #80]	@ (10004c24 <dcd_init+0x7c>)
10004bd4:	7066      	strb	r6, [r4, #1]
10004bd6:	8327      	strh	r7, [r4, #24]
10004bd8:	60a2      	str	r2, [r4, #8]
10004bda:	6013      	str	r3, [r2, #0]
10004bdc:	5463      	strb	r3, [r4, r1]
10004bde:	315f      	adds	r1, #95	@ 0x5f
10004be0:	8461      	strh	r1, [r4, #34]	@ 0x22
10004be2:	3945      	subs	r1, #69	@ 0x45
10004be4:	5463      	strb	r3, [r4, r1]
10004be6:	4a10      	ldr	r2, [pc, #64]	@ (10004c28 <dcd_init+0x80>)
10004be8:	4910      	ldr	r1, [pc, #64]	@ (10004c2c <dcd_init+0x84>)
10004bea:	6063      	str	r3, [r4, #4]
10004bec:	60e2      	str	r2, [r4, #12]
10004bee:	8727      	strh	r7, [r4, #56]	@ 0x38
10004bf0:	62a1      	str	r1, [r4, #40]	@ 0x28
10004bf2:	600b      	str	r3, [r1, #0]
10004bf4:	6263      	str	r3, [r4, #36]	@ 0x24
10004bf6:	62e2      	str	r2, [r4, #44]	@ 0x2c
10004bf8:	f001 fdee 	bl	100067d8 <__reset_non_control_endpoints_veneer>
10004bfc:	2380      	movs	r3, #128	@ 0x80
10004bfe:	059b      	lsls	r3, r3, #22
10004c00:	642e      	str	r6, [r5, #64]	@ 0x40
10004c02:	64eb      	str	r3, [r5, #76]	@ 0x4c
10004c04:	2390      	movs	r3, #144	@ 0x90
10004c06:	4a0a      	ldr	r2, [pc, #40]	@ (10004c30 <dcd_init+0x88>)
10004c08:	2001      	movs	r0, #1
10004c0a:	50ea      	str	r2, [r5, r3]
10004c0c:	2280      	movs	r2, #128	@ 0x80
10004c0e:	4b09      	ldr	r3, [pc, #36]	@ (10004c34 <dcd_init+0x8c>)
10004c10:	0252      	lsls	r2, r2, #9
10004c12:	64da      	str	r2, [r3, #76]	@ 0x4c
10004c14:	bdf8      	pop	{r3, r4, r5, r6, r7, pc}
10004c16:	46c0      	nop			@ (mov r8, r8)
10004c18:	50110000 	.word	0x50110000
10004c1c:	200004c1 	.word	0x200004c1
10004c20:	200017f0 	.word	0x200017f0
10004c24:	50100084 	.word	0x50100084
10004c28:	50100100 	.word	0x50100100
10004c2c:	50100080 	.word	0x50100080
10004c30:	0001d010 	.word	0x0001d010
10004c34:	50112000 	.word	0x50112000

10004c38 <dcd_int_enable>:
10004c38:	b510      	push	{r4, lr}
10004c3a:	2101      	movs	r1, #1
10004c3c:	2005      	movs	r0, #5
10004c3e:	f7fb fd59 	bl	100006f4 <irq_set_enabled>
10004c42:	bd10      	pop	{r4, pc}

10004c44 <dcd_set_address>:
10004c44:	b510      	push	{r4, lr}
10004c46:	2200      	movs	r2, #0
10004c48:	2100      	movs	r1, #0
10004c4a:	4802      	ldr	r0, [pc, #8]	@ (10004c54 <dcd_set_address+0x10>)
10004c4c:	f000 f90a 	bl	10004e64 <hw_endpoint_xfer_start>
10004c50:	bd10      	pop	{r4, pc}
10004c52:	46c0      	nop			@ (mov r8, r8)
10004c54:	20001810 	.word	0x20001810

10004c58 <dcd_sof_enable>:
10004c58:	4b04      	ldr	r3, [pc, #16]	@ (10004c6c <dcd_sof_enable+0x14>)
10004c5a:	7019      	strb	r1, [r3, #0]
10004c5c:	2900      	cmp	r1, #0
10004c5e:	d004      	beq.n	10004c6a <dcd_sof_enable+0x12>
10004c60:	2180      	movs	r1, #128	@ 0x80
10004c62:	2390      	movs	r3, #144	@ 0x90
10004c64:	4a02      	ldr	r2, [pc, #8]	@ (10004c70 <dcd_sof_enable+0x18>)
10004c66:	0289      	lsls	r1, r1, #10
10004c68:	50d1      	str	r1, [r2, r3]
10004c6a:	4770      	bx	lr
10004c6c:	20001c3e 	.word	0x20001c3e
10004c70:	50112000 	.word	0x50112000

10004c74 <dcd_edpt0_status_complete>:
10004c74:	780b      	ldrb	r3, [r1, #0]
10004c76:	065b      	lsls	r3, r3, #25
10004c78:	d000      	beq.n	10004c7c <dcd_edpt0_status_complete+0x8>
10004c7a:	4770      	bx	lr
10004c7c:	784b      	ldrb	r3, [r1, #1]
10004c7e:	2b05      	cmp	r3, #5
10004c80:	d1fb      	bne.n	10004c7a <dcd_edpt0_status_complete+0x6>
10004c82:	788a      	ldrb	r2, [r1, #2]
10004c84:	4b01      	ldr	r3, [pc, #4]	@ (10004c8c <dcd_edpt0_status_complete+0x18>)
10004c86:	601a      	str	r2, [r3, #0]
10004c88:	e7f7      	b.n	10004c7a <dcd_edpt0_status_complete+0x6>
10004c8a:	46c0      	nop			@ (mov r8, r8)
10004c8c:	50110000 	.word	0x50110000

10004c90 <dcd_edpt_open>:
10004c90:	b5f8      	push	{r3, r4, r5, r6, r7, lr}
10004c92:	46ce      	mov	lr, r9
10004c94:	4647      	mov	r7, r8
10004c96:	78cb      	ldrb	r3, [r1, #3]
10004c98:	b580      	push	{r7, lr}
10004c9a:	079b      	lsls	r3, r3, #30
10004c9c:	0f9a      	lsrs	r2, r3, #30
10004c9e:	0010      	movs	r0, r2
10004ca0:	2a01      	cmp	r2, #1
10004ca2:	d058      	beq.n	10004d56 <dcd_edpt_open+0xc6>
10004ca4:	788c      	ldrb	r4, [r1, #2]
10004ca6:	790a      	ldrb	r2, [r1, #4]
10004ca8:	794b      	ldrb	r3, [r1, #5]
10004caa:	217f      	movs	r1, #127	@ 0x7f
10004cac:	021b      	lsls	r3, r3, #8
10004cae:	4021      	ands	r1, r4
10004cb0:	09e5      	lsrs	r5, r4, #7
10004cb2:	4313      	orrs	r3, r2
10004cb4:	004a      	lsls	r2, r1, #1
10004cb6:	4691      	mov	r9, r2
10004cb8:	4e2c      	ldr	r6, [pc, #176]	@ (10004d6c <dcd_edpt_open+0xdc>)
10004cba:	1952      	adds	r2, r2, r5
10004cbc:	0152      	lsls	r2, r2, #5
10004cbe:	18b2      	adds	r2, r6, r2
10004cc0:	7094      	strb	r4, [r2, #2]
10004cc2:	2401      	movs	r4, #1
10004cc4:	406c      	eors	r4, r5
10004cc6:	7054      	strb	r4, [r2, #1]
10004cc8:	2400      	movs	r4, #0
10004cca:	055b      	lsls	r3, r3, #21
10004ccc:	0d5b      	lsrs	r3, r3, #21
10004cce:	70d4      	strb	r4, [r2, #3]
10004cd0:	8313      	strh	r3, [r2, #24]
10004cd2:	76d0      	strb	r0, [r2, #27]
10004cd4:	00ca      	lsls	r2, r1, #3
10004cd6:	2d01      	cmp	r5, #1
10004cd8:	d02c      	beq.n	10004d34 <dcd_edpt_open+0xa4>
10004cda:	4f25      	ldr	r7, [pc, #148]	@ (10004d70 <dcd_edpt_open+0xe0>)
10004cdc:	19d2      	adds	r2, r2, r7
10004cde:	018f      	lsls	r7, r1, #6
10004ce0:	46bc      	mov	ip, r7
10004ce2:	44b4      	add	ip, r6
10004ce4:	4667      	mov	r7, ip
10004ce6:	60ba      	str	r2, [r7, #8]
10004ce8:	6014      	str	r4, [r2, #0]
10004cea:	2900      	cmp	r1, #0
10004cec:	d02c      	beq.n	10004d48 <dcd_edpt_open+0xb8>
10004cee:	4a21      	ldr	r2, [pc, #132]	@ (10004d74 <dcd_edpt_open+0xe4>)
10004cf0:	00c9      	lsls	r1, r1, #3
10004cf2:	1889      	adds	r1, r1, r2
10004cf4:	6079      	str	r1, [r7, #4]
10004cf6:	333f      	adds	r3, #63	@ 0x3f
10004cf8:	099b      	lsrs	r3, r3, #6
10004cfa:	2802      	cmp	r0, #2
10004cfc:	d032      	beq.n	10004d64 <dcd_edpt_open+0xd4>
10004cfe:	019a      	lsls	r2, r3, #6
10004d00:	464b      	mov	r3, r9
10004d02:	4c1d      	ldr	r4, [pc, #116]	@ (10004d78 <dcd_edpt_open+0xe8>)
10004d04:	195b      	adds	r3, r3, r5
10004d06:	6821      	ldr	r1, [r4, #0]
10004d08:	015b      	lsls	r3, r3, #5
10004d0a:	18f6      	adds	r6, r6, r3
10004d0c:	4b1b      	ldr	r3, [pc, #108]	@ (10004d7c <dcd_edpt_open+0xec>)
10004d0e:	188a      	adds	r2, r1, r2
10004d10:	60f1      	str	r1, [r6, #12]
10004d12:	6022      	str	r2, [r4, #0]
10004d14:	429a      	cmp	r2, r3
10004d16:	d827      	bhi.n	10004d68 <dcd_edpt_open+0xd8>
10004d18:	4a19      	ldr	r2, [pc, #100]	@ (10004d80 <dcd_edpt_open+0xf0>)
10004d1a:	0683      	lsls	r3, r0, #26
10004d1c:	404a      	eors	r2, r1
10004d1e:	4313      	orrs	r3, r2
10004d20:	2280      	movs	r2, #128	@ 0x80
10004d22:	0612      	lsls	r2, r2, #24
10004d24:	4313      	orrs	r3, r2
10004d26:	6872      	ldr	r2, [r6, #4]
10004d28:	6013      	str	r3, [r2, #0]
10004d2a:	2001      	movs	r0, #1
10004d2c:	bcc0      	pop	{r6, r7}
10004d2e:	46b9      	mov	r9, r7
10004d30:	46b0      	mov	r8, r6
10004d32:	bdf8      	pop	{r3, r4, r5, r6, r7, pc}
10004d34:	4f13      	ldr	r7, [pc, #76]	@ (10004d84 <dcd_edpt_open+0xf4>)
10004d36:	19d2      	adds	r2, r2, r7
10004d38:	018f      	lsls	r7, r1, #6
10004d3a:	46bc      	mov	ip, r7
10004d3c:	44b4      	add	ip, r6
10004d3e:	4667      	mov	r7, ip
10004d40:	62ba      	str	r2, [r7, #40]	@ 0x28
10004d42:	6014      	str	r4, [r2, #0]
10004d44:	2900      	cmp	r1, #0
10004d46:	d108      	bne.n	10004d5a <dcd_edpt_open+0xca>
10004d48:	2300      	movs	r3, #0
10004d4a:	016d      	lsls	r5, r5, #5
10004d4c:	1975      	adds	r5, r6, r5
10004d4e:	606b      	str	r3, [r5, #4]
10004d50:	4b0d      	ldr	r3, [pc, #52]	@ (10004d88 <dcd_edpt_open+0xf8>)
10004d52:	60eb      	str	r3, [r5, #12]
10004d54:	e7e9      	b.n	10004d2a <dcd_edpt_open+0x9a>
10004d56:	2000      	movs	r0, #0
10004d58:	e7e8      	b.n	10004d2c <dcd_edpt_open+0x9c>
10004d5a:	4a09      	ldr	r2, [pc, #36]	@ (10004d80 <dcd_edpt_open+0xf0>)
10004d5c:	00c9      	lsls	r1, r1, #3
10004d5e:	1889      	adds	r1, r1, r2
10004d60:	6279      	str	r1, [r7, #36]	@ 0x24
10004d62:	e7c8      	b.n	10004cf6 <dcd_edpt_open+0x66>
10004d64:	01da      	lsls	r2, r3, #7
10004d66:	e7cb      	b.n	10004d00 <dcd_edpt_open+0x70>
10004d68:	f7fc fd3c 	bl	100017e4 <hard_assertion_failure>
10004d6c:	200017f0 	.word	0x200017f0
10004d70:	50100084 	.word	0x50100084
10004d74:	50100004 	.word	0x50100004
10004d78:	20001bf8 	.word	0x20001bf8
10004d7c:	50100fff 	.word	0x50100fff
10004d80:	50100000 	.word	0x50100000
10004d84:	50100080 	.word	0x50100080
10004d88:	50100100 	.word	0x50100100

10004d8c <dcd_edpt_close_all>:
10004d8c:	b510      	push	{r4, lr}
10004d8e:	f001 fd23 	bl	100067d8 <__reset_non_control_endpoints_veneer>
10004d92:	bd10      	pop	{r4, pc}

10004d94 <dcd_edpt_xfer>:
10004d94:	207f      	movs	r0, #127	@ 0x7f
10004d96:	b510      	push	{r4, lr}
10004d98:	4008      	ands	r0, r1
10004d9a:	0040      	lsls	r0, r0, #1
10004d9c:	09c9      	lsrs	r1, r1, #7
10004d9e:	1840      	adds	r0, r0, r1
10004da0:	0011      	movs	r1, r2
10004da2:	4a04      	ldr	r2, [pc, #16]	@ (10004db4 <dcd_edpt_xfer+0x20>)
10004da4:	0140      	lsls	r0, r0, #5
10004da6:	1880      	adds	r0, r0, r2
10004da8:	001a      	movs	r2, r3
10004daa:	f000 f85b 	bl	10004e64 <hw_endpoint_xfer_start>
10004dae:	2001      	movs	r0, #1
10004db0:	bd10      	pop	{r4, pc}
10004db2:	46c0      	nop			@ (mov r8, r8)
10004db4:	200017f0 	.word	0x200017f0

10004db8 <dcd_edpt_stall>:
10004db8:	237f      	movs	r3, #127	@ 0x7f
10004dba:	0018      	movs	r0, r3
10004dbc:	b500      	push	{lr}
10004dbe:	4008      	ands	r0, r1
10004dc0:	b083      	sub	sp, #12
10004dc2:	420b      	tst	r3, r1
10004dc4:	d104      	bne.n	10004dd0 <dcd_edpt_stall+0x18>
10004dc6:	424b      	negs	r3, r1
10004dc8:	414b      	adcs	r3, r1
10004dca:	4a08      	ldr	r2, [pc, #32]	@ (10004dec <dcd_edpt_stall+0x34>)
10004dcc:	3301      	adds	r3, #1
10004dce:	6693      	str	r3, [r2, #104]	@ 0x68
10004dd0:	2280      	movs	r2, #128	@ 0x80
10004dd2:	09c9      	lsrs	r1, r1, #7
10004dd4:	0040      	lsls	r0, r0, #1
10004dd6:	4b06      	ldr	r3, [pc, #24]	@ (10004df0 <dcd_edpt_stall+0x38>)
10004dd8:	1840      	adds	r0, r0, r1
10004dda:	0140      	lsls	r0, r0, #5
10004ddc:	2100      	movs	r1, #0
10004dde:	18c0      	adds	r0, r0, r3
10004de0:	0112      	lsls	r2, r2, #4
10004de2:	f001 fcd9 	bl	10006798 <___hw_endpoint_buffer_control_update32_veneer>
10004de6:	b003      	add	sp, #12
10004de8:	bd00      	pop	{pc}
10004dea:	46c0      	nop			@ (mov r8, r8)
10004dec:	50112000 	.word	0x50112000
10004df0:	200017f0 	.word	0x200017f0

10004df4 <dcd_edpt_clear_stall>:
10004df4:	227f      	movs	r2, #127	@ 0x7f
10004df6:	0013      	movs	r3, r2
10004df8:	b510      	push	{r4, lr}
10004dfa:	400b      	ands	r3, r1
10004dfc:	420a      	tst	r2, r1
10004dfe:	d100      	bne.n	10004e02 <dcd_edpt_clear_stall+0xe>
10004e00:	bd10      	pop	{r4, pc}
10004e02:	09c9      	lsrs	r1, r1, #7
10004e04:	005b      	lsls	r3, r3, #1
10004e06:	185b      	adds	r3, r3, r1
10004e08:	4804      	ldr	r0, [pc, #16]	@ (10004e1c <dcd_edpt_clear_stall+0x28>)
10004e0a:	015b      	lsls	r3, r3, #5
10004e0c:	18c0      	adds	r0, r0, r3
10004e0e:	2300      	movs	r3, #0
10004e10:	2200      	movs	r2, #0
10004e12:	4903      	ldr	r1, [pc, #12]	@ (10004e20 <dcd_edpt_clear_stall+0x2c>)
10004e14:	70c3      	strb	r3, [r0, #3]
10004e16:	f001 fcbf 	bl	10006798 <___hw_endpoint_buffer_control_update32_veneer>
10004e1a:	e7f1      	b.n	10004e00 <dcd_edpt_clear_stall+0xc>
10004e1c:	200017f0 	.word	0x200017f0
10004e20:	fffff7ff 	.word	0xfffff7ff

10004e24 <rp2040_usb_init>:
10004e24:	2280      	movs	r2, #128	@ 0x80
10004e26:	4b0a      	ldr	r3, [pc, #40]	@ (10004e50 <rp2040_usb_init+0x2c>)
10004e28:	0452      	lsls	r2, r2, #17
10004e2a:	b510      	push	{r4, lr}
10004e2c:	601a      	str	r2, [r3, #0]
10004e2e:	4b09      	ldr	r3, [pc, #36]	@ (10004e54 <rp2040_usb_init+0x30>)
10004e30:	4909      	ldr	r1, [pc, #36]	@ (10004e58 <rp2040_usb_init+0x34>)
10004e32:	601a      	str	r2, [r3, #0]
10004e34:	0010      	movs	r0, r2
10004e36:	680b      	ldr	r3, [r1, #0]
10004e38:	4398      	bics	r0, r3
10004e3a:	d1fb      	bne.n	10004e34 <rp2040_usb_init+0x10>
10004e3c:	2280      	movs	r2, #128	@ 0x80
10004e3e:	2100      	movs	r1, #0
10004e40:	0152      	lsls	r2, r2, #5
10004e42:	4806      	ldr	r0, [pc, #24]	@ (10004e5c <rp2040_usb_init+0x38>)
10004e44:	f7fd fcb0 	bl	100027a8 <__wrap_memset>
10004e48:	2209      	movs	r2, #9
10004e4a:	4b05      	ldr	r3, [pc, #20]	@ (10004e60 <rp2040_usb_init+0x3c>)
10004e4c:	675a      	str	r2, [r3, #116]	@ 0x74
10004e4e:	bd10      	pop	{r4, pc}
10004e50:	4000e000 	.word	0x4000e000
10004e54:	4000f000 	.word	0x4000f000
10004e58:	4000c008 	.word	0x4000c008
10004e5c:	50100000 	.word	0x50100000
10004e60:	50110000 	.word	0x50110000

10004e64 <hw_endpoint_xfer_start>:
10004e64:	2300      	movs	r3, #0
10004e66:	b510      	push	{r4, lr}
10004e68:	82c3      	strh	r3, [r0, #22]
10004e6a:	3301      	adds	r3, #1
10004e6c:	8282      	strh	r2, [r0, #20]
10004e6e:	7683      	strb	r3, [r0, #26]
10004e70:	6101      	str	r1, [r0, #16]
10004e72:	0004      	movs	r4, r0
10004e74:	f001 fc68 	bl	10006748 <__e15_is_bulkin_ep_veneer>
10004e78:	2800      	cmp	r0, #0
10004e7a:	d004      	beq.n	10004e86 <hw_endpoint_xfer_start+0x22>
10004e7c:	2180      	movs	r1, #128	@ 0x80
10004e7e:	2390      	movs	r3, #144	@ 0x90
10004e80:	4a07      	ldr	r2, [pc, #28]	@ (10004ea0 <hw_endpoint_xfer_start+0x3c>)
10004e82:	0289      	lsls	r1, r1, #10
10004e84:	50d1      	str	r1, [r2, r3]
10004e86:	0020      	movs	r0, r4
10004e88:	f001 fc66 	bl	10006758 <__e15_is_critical_frame_period_veneer>
10004e8c:	2800      	cmp	r0, #0
10004e8e:	d002      	beq.n	10004e96 <hw_endpoint_xfer_start+0x32>
10004e90:	2301      	movs	r3, #1
10004e92:	7723      	strb	r3, [r4, #28]
10004e94:	bd10      	pop	{r4, pc}
10004e96:	0020      	movs	r0, r4
10004e98:	f001 fc96 	bl	100067c8 <__hw_endpoint_start_next_buffer_veneer>
10004e9c:	e7fa      	b.n	10004e94 <hw_endpoint_xfer_start+0x30>
10004e9e:	46c0      	nop			@ (mov r8, r8)
10004ea0:	50112000 	.word	0x50112000

10004ea4 <tud_event_hook_cb>:
10004ea4:	4770      	bx	lr
10004ea6:	46c0      	nop			@ (mov r8, r8)

10004ea8 <tud_sof_cb>:
10004ea8:	4770      	bx	lr
10004eaa:	46c0      	nop			@ (mov r8, r8)

10004eac <tud_descriptor_device_qualifier_cb>:
10004eac:	2000      	movs	r0, #0
10004eae:	4770      	bx	lr

10004eb0 <tud_descriptor_other_speed_configuration_cb>:
10004eb0:	2000      	movs	r0, #0
10004eb2:	4770      	bx	lr

10004eb4 <tud_mount_cb>:
10004eb4:	4770      	bx	lr
10004eb6:	46c0      	nop			@ (mov r8, r8)

10004eb8 <tud_umount_cb>:
10004eb8:	4770      	bx	lr
10004eba:	46c0      	nop			@ (mov r8, r8)

10004ebc <tud_suspend_cb>:
10004ebc:	4770      	bx	lr
10004ebe:	46c0      	nop			@ (mov r8, r8)

10004ec0 <tud_resume_cb>:
10004ec0:	4770      	bx	lr
10004ec2:	46c0      	nop			@ (mov r8, r8)

10004ec4 <tud_mounted>:
10004ec4:	4b02      	ldr	r3, [pc, #8]	@ (10004ed0 <tud_mounted+0xc>)
10004ec6:	7858      	ldrb	r0, [r3, #1]
10004ec8:	1e43      	subs	r3, r0, #1
10004eca:	4198      	sbcs	r0, r3
10004ecc:	b2c0      	uxtb	r0, r0
10004ece:	4770      	bx	lr
10004ed0:	20001568 	.word	0x20001568

10004ed4 <tud_suspended>:
10004ed4:	4b02      	ldr	r3, [pc, #8]	@ (10004ee0 <tud_suspended+0xc>)
10004ed6:	7818      	ldrb	r0, [r3, #0]
10004ed8:	0740      	lsls	r0, r0, #29
10004eda:	0fc0      	lsrs	r0, r0, #31
10004edc:	4770      	bx	lr
10004ede:	46c0      	nop			@ (mov r8, r8)
10004ee0:	20001568 	.word	0x20001568

10004ee4 <tud_rhport_init>:
10004ee4:	b5f0      	push	{r4, r5, r6, r7, lr}
10004ee6:	46d6      	mov	lr, sl
10004ee8:	464f      	mov	r7, r9
10004eea:	4646      	mov	r6, r8
10004eec:	b5c0      	push	{r6, r7, lr}
10004eee:	4b2c      	ldr	r3, [pc, #176]	@ (10004fa0 <tud_rhport_init+0xbc>)
10004ef0:	4681      	mov	r9, r0
10004ef2:	4698      	mov	r8, r3
10004ef4:	781b      	ldrb	r3, [r3, #0]
10004ef6:	468a      	mov	sl, r1
10004ef8:	2bff      	cmp	r3, #255	@ 0xff
10004efa:	d14b      	bne.n	10004f94 <tud_rhport_init+0xb0>
10004efc:	2900      	cmp	r1, #0
10004efe:	d03b      	beq.n	10004f78 <tud_rhport_init+0x94>
10004f00:	2100      	movs	r1, #0
10004f02:	2254      	movs	r2, #84	@ 0x54
10004f04:	4827      	ldr	r0, [pc, #156]	@ (10004fa4 <tud_rhport_init+0xc0>)
10004f06:	f7fd fc4f 	bl	100027a8 <__wrap_memset>
10004f0a:	2200      	movs	r2, #0
10004f0c:	4c26      	ldr	r4, [pc, #152]	@ (10004fa8 <tud_rhport_init+0xc4>)
10004f0e:	4b27      	ldr	r3, [pc, #156]	@ (10004fac <tud_rhport_init+0xc8>)
10004f10:	0020      	movs	r0, r4
10004f12:	701a      	strb	r2, [r3, #0]
10004f14:	f7fb fdd4 	bl	10000ac0 <mutex_init>
10004f18:	4b25      	ldr	r3, [pc, #148]	@ (10004fb0 <tud_rhport_init+0xcc>)
10004f1a:	601c      	str	r4, [r3, #0]
10004f1c:	4c25      	ldr	r4, [pc, #148]	@ (10004fb4 <tud_rhport_init+0xd0>)
10004f1e:	0020      	movs	r0, r4
10004f20:	3c14      	subs	r4, #20
10004f22:	f7fb fddb 	bl	10000adc <critical_section_init>
10004f26:	0020      	movs	r0, r4
10004f28:	f001 fb98 	bl	1000665c <tu_fifo_clear>
10004f2c:	4b22      	ldr	r3, [pc, #136]	@ (10004fb8 <tud_rhport_init+0xd4>)
10004f2e:	4d23      	ldr	r5, [pc, #140]	@ (10004fbc <tud_rhport_init+0xd8>)
10004f30:	601c      	str	r4, [r3, #0]
10004f32:	4b23      	ldr	r3, [pc, #140]	@ (10004fc0 <tud_rhport_init+0xdc>)
10004f34:	2b00      	cmp	r3, #0
10004f36:	d004      	beq.n	10004f42 <tud_rhport_init+0x5e>
10004f38:	0028      	movs	r0, r5
10004f3a:	f7ff fe19 	bl	10004b70 <usbd_app_driver_get_cb>
10004f3e:	4b21      	ldr	r3, [pc, #132]	@ (10004fc4 <tud_rhport_init+0xe0>)
10004f40:	6018      	str	r0, [r3, #0]
10004f42:	2400      	movs	r4, #0
10004f44:	782b      	ldrb	r3, [r5, #0]
10004f46:	4f20      	ldr	r7, [pc, #128]	@ (10004fc8 <tud_rhport_init+0xe4>)
10004f48:	4e1e      	ldr	r6, [pc, #120]	@ (10004fc4 <tud_rhport_init+0xe0>)
10004f4a:	e00d      	b.n	10004f68 <tud_rhport_init+0x84>
10004f4c:	6833      	ldr	r3, [r6, #0]
10004f4e:	0162      	lsls	r2, r4, #5
10004f50:	189b      	adds	r3, r3, r2
10004f52:	2b00      	cmp	r3, #0
10004f54:	d010      	beq.n	10004f78 <tud_rhport_init+0x94>
10004f56:	685b      	ldr	r3, [r3, #4]
10004f58:	2b00      	cmp	r3, #0
10004f5a:	d00d      	beq.n	10004f78 <tud_rhport_init+0x94>
10004f5c:	4798      	blx	r3
10004f5e:	3401      	adds	r4, #1
10004f60:	782b      	ldrb	r3, [r5, #0]
10004f62:	b2e4      	uxtb	r4, r4
10004f64:	42a3      	cmp	r3, r4
10004f66:	d309      	bcc.n	10004f7c <tud_rhport_init+0x98>
10004f68:	42a3      	cmp	r3, r4
10004f6a:	d8ef      	bhi.n	10004f4c <tud_rhport_init+0x68>
10004f6c:	1ae3      	subs	r3, r4, r3
10004f6e:	015b      	lsls	r3, r3, #5
10004f70:	19db      	adds	r3, r3, r7
10004f72:	685b      	ldr	r3, [r3, #4]
10004f74:	2b00      	cmp	r3, #0
10004f76:	d1f1      	bne.n	10004f5c <tud_rhport_init+0x78>
10004f78:	2000      	movs	r0, #0
10004f7a:	e00c      	b.n	10004f96 <tud_rhport_init+0xb2>
10004f7c:	4642      	mov	r2, r8
10004f7e:	464b      	mov	r3, r9
10004f80:	4651      	mov	r1, sl
10004f82:	4648      	mov	r0, r9
10004f84:	7013      	strb	r3, [r2, #0]
10004f86:	f7ff fe0f 	bl	10004ba8 <dcd_init>
10004f8a:	2800      	cmp	r0, #0
10004f8c:	d0f4      	beq.n	10004f78 <tud_rhport_init+0x94>
10004f8e:	4648      	mov	r0, r9
10004f90:	f7ff fe52 	bl	10004c38 <dcd_int_enable>
10004f94:	2001      	movs	r0, #1
10004f96:	bce0      	pop	{r5, r6, r7}
10004f98:	46ba      	mov	sl, r7
10004f9a:	46b1      	mov	r9, r6
10004f9c:	46a8      	mov	r8, r5
10004f9e:	bdf0      	pop	{r4, r5, r6, r7, pc}
10004fa0:	20001024 	.word	0x20001024
10004fa4:	20001568 	.word	0x20001568
10004fa8:	20001560 	.word	0x20001560
10004fac:	20001c3f 	.word	0x20001c3f
10004fb0:	200015bc 	.word	0x200015bc
10004fb4:	2000101c 	.word	0x2000101c
10004fb8:	200015c0 	.word	0x200015c0
10004fbc:	20001c3d 	.word	0x20001c3d
10004fc0:	10004b71 	.word	0x10004b71
10004fc4:	20001480 	.word	0x20001480
10004fc8:	10006f74 	.word	0x10006f74

10004fcc <tud_task_ext>:
10004fcc:	b5f0      	push	{r4, r5, r6, r7, lr}
10004fce:	46de      	mov	lr, fp
10004fd0:	4657      	mov	r7, sl
10004fd2:	464e      	mov	r6, r9
10004fd4:	4645      	mov	r5, r8
10004fd6:	b5e0      	push	{r5, r6, r7, lr}
10004fd8:	4bc8      	ldr	r3, [pc, #800]	@ (100052fc <tud_task_ext+0x330>)
10004fda:	b091      	sub	sp, #68	@ 0x44
10004fdc:	9303      	str	r3, [sp, #12]
10004fde:	781b      	ldrb	r3, [r3, #0]
10004fe0:	2bff      	cmp	r3, #255	@ 0xff
10004fe2:	d100      	bne.n	10004fe6 <tud_task_ext+0x1a>
10004fe4:	e142      	b.n	1000526c <tud_task_ext+0x2a0>
10004fe6:	4bc6      	ldr	r3, [pc, #792]	@ (10005300 <tud_task_ext+0x334>)
10004fe8:	4ec6      	ldr	r6, [pc, #792]	@ (10005304 <tud_task_ext+0x338>)
10004fea:	001f      	movs	r7, r3
10004fec:	4bc6      	ldr	r3, [pc, #792]	@ (10005308 <tud_task_ext+0x33c>)
10004fee:	ac0d      	add	r4, sp, #52	@ 0x34
10004ff0:	9302      	str	r3, [sp, #8]
10004ff2:	4bc6      	ldr	r3, [pc, #792]	@ (1000530c <tud_task_ext+0x340>)
10004ff4:	9301      	str	r3, [sp, #4]
10004ff6:	6835      	ldr	r5, [r6, #0]
10004ff8:	696a      	ldr	r2, [r5, #20]
10004ffa:	f3ef 8110 	mrs	r1, PRIMASK
10004ffe:	b672      	cpsid	i
10005000:	6813      	ldr	r3, [r2, #0]
10005002:	2b00      	cmp	r3, #0
10005004:	d0fc      	beq.n	10005000 <tud_task_ext+0x34>
10005006:	f3bf 8f5f 	dmb	sy
1000500a:	61a9      	str	r1, [r5, #24]
1000500c:	0028      	movs	r0, r5
1000500e:	0021      	movs	r1, r4
10005010:	f001 f95a 	bl	100062c8 <tu_fifo_read>
10005014:	696a      	ldr	r2, [r5, #20]
10005016:	69ab      	ldr	r3, [r5, #24]
10005018:	f3bf 8f5f 	dmb	sy
1000501c:	2100      	movs	r1, #0
1000501e:	6011      	str	r1, [r2, #0]
10005020:	f383 8810 	msr	PRIMASK, r3
10005024:	2800      	cmp	r0, #0
10005026:	d100      	bne.n	1000502a <tud_task_ext+0x5e>
10005028:	e120      	b.n	1000526c <tud_task_ext+0x2a0>
1000502a:	7863      	ldrb	r3, [r4, #1]
1000502c:	2b08      	cmp	r3, #8
1000502e:	d8e2      	bhi.n	10004ff6 <tud_task_ext+0x2a>
10005030:	009b      	lsls	r3, r3, #2
10005032:	58fb      	ldr	r3, [r7, r3]
10005034:	469f      	mov	pc, r3
10005036:	6863      	ldr	r3, [r4, #4]
10005038:	2b00      	cmp	r3, #0
1000503a:	d0dc      	beq.n	10004ff6 <tud_task_ext+0x2a>
1000503c:	68a0      	ldr	r0, [r4, #8]
1000503e:	4798      	blx	r3
10005040:	e7d9      	b.n	10004ff6 <tud_task_ext+0x2a>
10005042:	227f      	movs	r2, #127	@ 0x7f
10005044:	7921      	ldrb	r1, [r4, #4]
10005046:	4db0      	ldr	r5, [pc, #704]	@ (10005308 <tud_task_ext+0x33c>)
10005048:	400a      	ands	r2, r1
1000504a:	0053      	lsls	r3, r2, #1
1000504c:	18eb      	adds	r3, r5, r3
1000504e:	4698      	mov	r8, r3
10005050:	09c8      	lsrs	r0, r1, #7
10005052:	4480      	add	r8, r0
10005054:	4640      	mov	r0, r8
10005056:	2301      	movs	r3, #1
10005058:	3030      	adds	r0, #48	@ 0x30
1000505a:	7905      	ldrb	r5, [r0, #4]
1000505c:	439d      	bics	r5, r3
1000505e:	7105      	strb	r5, [r0, #4]
10005060:	7905      	ldrb	r5, [r0, #4]
10005062:	3303      	adds	r3, #3
10005064:	439d      	bics	r5, r3
10005066:	7105      	strb	r5, [r0, #4]
10005068:	2a00      	cmp	r2, #0
1000506a:	d100      	bne.n	1000506e <tud_task_ext+0xa2>
1000506c:	e105      	b.n	1000527a <tud_task_ext+0x2ae>
1000506e:	4643      	mov	r3, r8
10005070:	4aa7      	ldr	r2, [pc, #668]	@ (10005310 <tud_task_ext+0x344>)
10005072:	7d1b      	ldrb	r3, [r3, #20]
10005074:	7812      	ldrb	r2, [r2, #0]
10005076:	4293      	cmp	r3, r2
10005078:	d300      	bcc.n	1000507c <tud_task_ext+0xb0>
1000507a:	e0f5      	b.n	10005268 <tud_task_ext+0x29c>
1000507c:	4aa5      	ldr	r2, [pc, #660]	@ (10005314 <tud_task_ext+0x348>)
1000507e:	015b      	lsls	r3, r3, #5
10005080:	6815      	ldr	r5, [r2, #0]
10005082:	18ed      	adds	r5, r5, r3
10005084:	2d00      	cmp	r5, #0
10005086:	d100      	bne.n	1000508a <tud_task_ext+0xbe>
10005088:	e0f0      	b.n	1000526c <tud_task_ext+0x2a0>
1000508a:	68a3      	ldr	r3, [r4, #8]
1000508c:	7962      	ldrb	r2, [r4, #5]
1000508e:	7820      	ldrb	r0, [r4, #0]
10005090:	69ad      	ldr	r5, [r5, #24]
10005092:	47a8      	blx	r5
10005094:	e7af      	b.n	10004ff6 <tud_task_ext+0x2a>
10005096:	4ba0      	ldr	r3, [pc, #640]	@ (10005318 <tud_task_ext+0x34c>)
10005098:	781a      	ldrb	r2, [r3, #0]
1000509a:	2a00      	cmp	r2, #0
1000509c:	d100      	bne.n	100050a0 <tud_task_ext+0xd4>
1000509e:	e0e5      	b.n	1000526c <tud_task_ext+0x2a0>
100050a0:	781a      	ldrb	r2, [r3, #0]
100050a2:	3a01      	subs	r2, #1
100050a4:	701a      	strb	r2, [r3, #0]
100050a6:	781b      	ldrb	r3, [r3, #0]
100050a8:	2b00      	cmp	r3, #0
100050aa:	d1a4      	bne.n	10004ff6 <tud_task_ext+0x2a>
100050ac:	2201      	movs	r2, #1
100050ae:	4d96      	ldr	r5, [pc, #600]	@ (10005308 <tud_task_ext+0x33c>)
100050b0:	2101      	movs	r1, #1
100050b2:	782b      	ldrb	r3, [r5, #0]
100050b4:	2004      	movs	r0, #4
100050b6:	4313      	orrs	r3, r2
100050b8:	702b      	strb	r3, [r5, #0]
100050ba:	2334      	movs	r3, #52	@ 0x34
100050bc:	5cea      	ldrb	r2, [r5, r3]
100050be:	438a      	bics	r2, r1
100050c0:	54ea      	strb	r2, [r5, r3]
100050c2:	5cea      	ldrb	r2, [r5, r3]
100050c4:	4382      	bics	r2, r0
100050c6:	54ea      	strb	r2, [r5, r3]
100050c8:	3301      	adds	r3, #1
100050ca:	5cea      	ldrb	r2, [r5, r3]
100050cc:	438a      	bics	r2, r1
100050ce:	54ea      	strb	r2, [r5, r3]
100050d0:	5cea      	ldrb	r2, [r5, r3]
100050d2:	4382      	bics	r2, r0
100050d4:	54ea      	strb	r2, [r5, r3]
100050d6:	7823      	ldrb	r3, [r4, #0]
100050d8:	2000      	movs	r0, #0
100050da:	469b      	mov	fp, r3
100050dc:	f000 fc88 	bl	100059f0 <usbd_control_set_complete_callback>
100050e0:	2260      	movs	r2, #96	@ 0x60
100050e2:	7923      	ldrb	r3, [r4, #4]
100050e4:	401a      	ands	r2, r3
100050e6:	2a60      	cmp	r2, #96	@ 0x60
100050e8:	d100      	bne.n	100050ec <tud_task_ext+0x120>
100050ea:	e0f1      	b.n	100052d0 <tud_task_ext+0x304>
100050ec:	2a40      	cmp	r2, #64	@ 0x40
100050ee:	d100      	bne.n	100050f2 <tud_task_ext+0x126>
100050f0:	e0f7      	b.n	100052e2 <tud_task_ext+0x316>
100050f2:	06db      	lsls	r3, r3, #27
100050f4:	0edb      	lsrs	r3, r3, #27
100050f6:	2b01      	cmp	r3, #1
100050f8:	d100      	bne.n	100050fc <tud_task_ext+0x130>
100050fa:	e115      	b.n	10005328 <tud_task_ext+0x35c>
100050fc:	2b02      	cmp	r3, #2
100050fe:	d100      	bne.n	10005102 <tud_task_ext+0x136>
10005100:	e0ca      	b.n	10005298 <tud_task_ext+0x2cc>
10005102:	2b00      	cmp	r3, #0
10005104:	d000      	beq.n	10005108 <tud_task_ext+0x13c>
10005106:	e0e3      	b.n	100052d0 <tud_task_ext+0x304>
10005108:	2a20      	cmp	r2, #32
1000510a:	d100      	bne.n	1000510e <tud_task_ext+0x142>
1000510c:	e211      	b.n	10005532 <tud_task_ext+0x566>
1000510e:	2a00      	cmp	r2, #0
10005110:	d000      	beq.n	10005114 <tud_task_ext+0x148>
10005112:	e0dd      	b.n	100052d0 <tud_task_ext+0x304>
10005114:	7963      	ldrb	r3, [r4, #5]
10005116:	2b09      	cmp	r3, #9
10005118:	d900      	bls.n	1000511c <tud_task_ext+0x150>
1000511a:	e0d9      	b.n	100052d0 <tud_task_ext+0x304>
1000511c:	4a7f      	ldr	r2, [pc, #508]	@ (1000531c <tud_task_ext+0x350>)
1000511e:	009b      	lsls	r3, r3, #2
10005120:	58d3      	ldr	r3, [r2, r3]
10005122:	469f      	mov	pc, r3
10005124:	4d78      	ldr	r5, [pc, #480]	@ (10005308 <tud_task_ext+0x33c>)
10005126:	782b      	ldrb	r3, [r5, #0]
10005128:	07db      	lsls	r3, r3, #31
1000512a:	d400      	bmi.n	1000512e <tud_task_ext+0x162>
1000512c:	e763      	b.n	10004ff6 <tud_task_ext+0x2a>
1000512e:	f7ff fec7 	bl	10004ec0 <tud_resume_cb>
10005132:	e760      	b.n	10004ff6 <tud_task_ext+0x2a>
10005134:	9b02      	ldr	r3, [sp, #8]
10005136:	78db      	ldrb	r3, [r3, #3]
10005138:	07db      	lsls	r3, r3, #31
1000513a:	d400      	bmi.n	1000513e <tud_task_ext+0x172>
1000513c:	e75b      	b.n	10004ff6 <tud_task_ext+0x2a>
1000513e:	6860      	ldr	r0, [r4, #4]
10005140:	f7ff feb2 	bl	10004ea8 <tud_sof_cb>
10005144:	e757      	b.n	10004ff6 <tud_task_ext+0x2a>
10005146:	4d70      	ldr	r5, [pc, #448]	@ (10005308 <tud_task_ext+0x33c>)
10005148:	782b      	ldrb	r3, [r5, #0]
1000514a:	07db      	lsls	r3, r3, #31
1000514c:	d400      	bmi.n	10005150 <tud_task_ext+0x184>
1000514e:	e752      	b.n	10004ff6 <tud_task_ext+0x2a>
10005150:	7828      	ldrb	r0, [r5, #0]
10005152:	0700      	lsls	r0, r0, #28
10005154:	0fc0      	lsrs	r0, r0, #31
10005156:	f7ff feb1 	bl	10004ebc <tud_suspend_cb>
1000515a:	e74c      	b.n	10004ff6 <tud_task_ext+0x2a>
1000515c:	7823      	ldrb	r3, [r4, #0]
1000515e:	4a6b      	ldr	r2, [pc, #428]	@ (1000530c <tud_task_ext+0x340>)
10005160:	4699      	mov	r9, r3
10005162:	4693      	mov	fp, r2
10005164:	4b6a      	ldr	r3, [pc, #424]	@ (10005310 <tud_task_ext+0x344>)
10005166:	4a6b      	ldr	r2, [pc, #428]	@ (10005314 <tud_task_ext+0x348>)
10005168:	4698      	mov	r8, r3
1000516a:	4692      	mov	sl, r2
1000516c:	003a      	movs	r2, r7
1000516e:	2500      	movs	r5, #0
10005170:	4647      	mov	r7, r8
10005172:	781b      	ldrb	r3, [r3, #0]
10005174:	46b0      	mov	r8, r6
10005176:	464e      	mov	r6, r9
10005178:	4691      	mov	r9, r2
1000517a:	e00e      	b.n	1000519a <tud_task_ext+0x1ce>
1000517c:	4653      	mov	r3, sl
1000517e:	681b      	ldr	r3, [r3, #0]
10005180:	016a      	lsls	r2, r5, #5
10005182:	189b      	adds	r3, r3, r2
10005184:	2b00      	cmp	r3, #0
10005186:	d100      	bne.n	1000518a <tud_task_ext+0x1be>
10005188:	e07d      	b.n	10005286 <tud_task_ext+0x2ba>
1000518a:	68db      	ldr	r3, [r3, #12]
1000518c:	0030      	movs	r0, r6
1000518e:	4798      	blx	r3
10005190:	3501      	adds	r5, #1
10005192:	783b      	ldrb	r3, [r7, #0]
10005194:	b2ed      	uxtb	r5, r5
10005196:	42ab      	cmp	r3, r5
10005198:	d30c      	bcc.n	100051b4 <tud_task_ext+0x1e8>
1000519a:	42ab      	cmp	r3, r5
1000519c:	d8ee      	bhi.n	1000517c <tud_task_ext+0x1b0>
1000519e:	1aeb      	subs	r3, r5, r3
100051a0:	015b      	lsls	r3, r3, #5
100051a2:	445b      	add	r3, fp
100051a4:	68db      	ldr	r3, [r3, #12]
100051a6:	0030      	movs	r0, r6
100051a8:	4798      	blx	r3
100051aa:	3501      	adds	r5, #1
100051ac:	783b      	ldrb	r3, [r7, #0]
100051ae:	b2ed      	uxtb	r5, r5
100051b0:	42ab      	cmp	r3, r5
100051b2:	d2f2      	bcs.n	1000519a <tud_task_ext+0x1ce>
100051b4:	4d54      	ldr	r5, [pc, #336]	@ (10005308 <tud_task_ext+0x33c>)
100051b6:	2254      	movs	r2, #84	@ 0x54
100051b8:	2100      	movs	r1, #0
100051ba:	0028      	movs	r0, r5
100051bc:	f7fd faf4 	bl	100027a8 <__wrap_memset>
100051c0:	2210      	movs	r2, #16
100051c2:	21ff      	movs	r1, #255	@ 0xff
100051c4:	1d28      	adds	r0, r5, #4
100051c6:	f7fd faef 	bl	100027a8 <__wrap_memset>
100051ca:	0028      	movs	r0, r5
100051cc:	2220      	movs	r2, #32
100051ce:	21ff      	movs	r1, #255	@ 0xff
100051d0:	3014      	adds	r0, #20
100051d2:	4646      	mov	r6, r8
100051d4:	464f      	mov	r7, r9
100051d6:	f7fd fae7 	bl	100027a8 <__wrap_memset>
100051da:	f000 fbff 	bl	100059dc <usbd_control_reset>
100051de:	7923      	ldrb	r3, [r4, #4]
100051e0:	70ab      	strb	r3, [r5, #2]
100051e2:	e708      	b.n	10004ff6 <tud_task_ext+0x2a>
100051e4:	7823      	ldrb	r3, [r4, #0]
100051e6:	4a4b      	ldr	r2, [pc, #300]	@ (10005314 <tud_task_ext+0x348>)
100051e8:	4699      	mov	r9, r3
100051ea:	4b49      	ldr	r3, [pc, #292]	@ (10005310 <tud_task_ext+0x344>)
100051ec:	4692      	mov	sl, r2
100051ee:	4698      	mov	r8, r3
100051f0:	0032      	movs	r2, r6
100051f2:	46bb      	mov	fp, r7
100051f4:	464e      	mov	r6, r9
100051f6:	2500      	movs	r5, #0
100051f8:	4647      	mov	r7, r8
100051fa:	4691      	mov	r9, r2
100051fc:	781b      	ldrb	r3, [r3, #0]
100051fe:	e00d      	b.n	1000521c <tud_task_ext+0x250>
10005200:	4653      	mov	r3, sl
10005202:	681b      	ldr	r3, [r3, #0]
10005204:	016a      	lsls	r2, r5, #5
10005206:	189b      	adds	r3, r3, r2
10005208:	2b00      	cmp	r3, #0
1000520a:	d040      	beq.n	1000528e <tud_task_ext+0x2c2>
1000520c:	68db      	ldr	r3, [r3, #12]
1000520e:	0030      	movs	r0, r6
10005210:	4798      	blx	r3
10005212:	3501      	adds	r5, #1
10005214:	783b      	ldrb	r3, [r7, #0]
10005216:	b2ed      	uxtb	r5, r5
10005218:	42ab      	cmp	r3, r5
1000521a:	d30d      	bcc.n	10005238 <tud_task_ext+0x26c>
1000521c:	429d      	cmp	r5, r3
1000521e:	d3ef      	bcc.n	10005200 <tud_task_ext+0x234>
10005220:	9a01      	ldr	r2, [sp, #4]
10005222:	1aeb      	subs	r3, r5, r3
10005224:	015b      	lsls	r3, r3, #5
10005226:	18d3      	adds	r3, r2, r3
10005228:	68db      	ldr	r3, [r3, #12]
1000522a:	0030      	movs	r0, r6
1000522c:	4798      	blx	r3
1000522e:	3501      	adds	r5, #1
10005230:	783b      	ldrb	r3, [r7, #0]
10005232:	b2ed      	uxtb	r5, r5
10005234:	42ab      	cmp	r3, r5
10005236:	d2f1      	bcs.n	1000521c <tud_task_ext+0x250>
10005238:	9d02      	ldr	r5, [sp, #8]
1000523a:	2254      	movs	r2, #84	@ 0x54
1000523c:	2100      	movs	r1, #0
1000523e:	0028      	movs	r0, r5
10005240:	f7fd fab2 	bl	100027a8 <__wrap_memset>
10005244:	2210      	movs	r2, #16
10005246:	21ff      	movs	r1, #255	@ 0xff
10005248:	4835      	ldr	r0, [pc, #212]	@ (10005320 <tud_task_ext+0x354>)
1000524a:	f7fd faad 	bl	100027a8 <__wrap_memset>
1000524e:	0028      	movs	r0, r5
10005250:	2220      	movs	r2, #32
10005252:	21ff      	movs	r1, #255	@ 0xff
10005254:	3014      	adds	r0, #20
10005256:	464e      	mov	r6, r9
10005258:	465f      	mov	r7, fp
1000525a:	f7fd faa5 	bl	100027a8 <__wrap_memset>
1000525e:	f000 fbbd 	bl	100059dc <usbd_control_reset>
10005262:	f7ff fe29 	bl	10004eb8 <tud_umount_cb>
10005266:	e6c6      	b.n	10004ff6 <tud_task_ext+0x2a>
10005268:	4293      	cmp	r3, r2
1000526a:	d013      	beq.n	10005294 <tud_task_ext+0x2c8>
1000526c:	b011      	add	sp, #68	@ 0x44
1000526e:	bcf0      	pop	{r4, r5, r6, r7}
10005270:	46bb      	mov	fp, r7
10005272:	46b2      	mov	sl, r6
10005274:	46a9      	mov	r9, r5
10005276:	46a0      	mov	r8, r4
10005278:	bdf0      	pop	{r4, r5, r6, r7, pc}
1000527a:	68a3      	ldr	r3, [r4, #8]
1000527c:	7962      	ldrb	r2, [r4, #5]
1000527e:	7820      	ldrb	r0, [r4, #0]
10005280:	f000 fbca 	bl	10005a18 <usbd_control_xfer_cb>
10005284:	e6b7      	b.n	10004ff6 <tud_task_ext+0x2a>
10005286:	4646      	mov	r6, r8
10005288:	464f      	mov	r7, r9
1000528a:	4d1f      	ldr	r5, [pc, #124]	@ (10005308 <tud_task_ext+0x33c>)
1000528c:	e7a5      	b.n	100051da <tud_task_ext+0x20e>
1000528e:	464e      	mov	r6, r9
10005290:	465f      	mov	r7, fp
10005292:	e7e4      	b.n	1000525e <tud_task_ext+0x292>
10005294:	4d1d      	ldr	r5, [pc, #116]	@ (1000530c <tud_task_ext+0x340>)
10005296:	e6f8      	b.n	1000508a <tud_task_ext+0xbe>
10005298:	2370      	movs	r3, #112	@ 0x70
1000529a:	7a21      	ldrb	r1, [r4, #8]
1000529c:	420b      	tst	r3, r1
1000529e:	d117      	bne.n	100052d0 <tud_task_ext+0x304>
100052a0:	09c8      	lsrs	r0, r1, #7
100052a2:	4682      	mov	sl, r0
100052a4:	330f      	adds	r3, #15
100052a6:	400b      	ands	r3, r1
100052a8:	005b      	lsls	r3, r3, #1
100052aa:	4698      	mov	r8, r3
100052ac:	4818      	ldr	r0, [pc, #96]	@ (10005310 <tud_task_ext+0x344>)
100052ae:	18eb      	adds	r3, r5, r3
100052b0:	4453      	add	r3, sl
100052b2:	7d1b      	ldrb	r3, [r3, #20]
100052b4:	7800      	ldrb	r0, [r0, #0]
100052b6:	4283      	cmp	r3, r0
100052b8:	d264      	bcs.n	10005384 <tud_task_ext+0x3b8>
100052ba:	4816      	ldr	r0, [pc, #88]	@ (10005314 <tud_task_ext+0x348>)
100052bc:	015b      	lsls	r3, r3, #5
100052be:	6800      	ldr	r0, [r0, #0]
100052c0:	4681      	mov	r9, r0
100052c2:	4499      	add	r9, r3
100052c4:	2a00      	cmp	r2, #0
100052c6:	d100      	bne.n	100052ca <tud_task_ext+0x2fe>
100052c8:	e155      	b.n	10005576 <tud_task_ext+0x5aa>
100052ca:	464b      	mov	r3, r9
100052cc:	2b00      	cmp	r3, #0
100052ce:	d161      	bne.n	10005394 <tud_task_ext+0x3c8>
100052d0:	7820      	ldrb	r0, [r4, #0]
100052d2:	2100      	movs	r1, #0
100052d4:	f7ff fd70 	bl	10004db8 <dcd_edpt_stall>
100052d8:	2180      	movs	r1, #128	@ 0x80
100052da:	7820      	ldrb	r0, [r4, #0]
100052dc:	f7ff fd6c 	bl	10004db8 <dcd_edpt_stall>
100052e0:	e689      	b.n	10004ff6 <tud_task_ext+0x2a>
100052e2:	4810      	ldr	r0, [pc, #64]	@ (10005324 <tud_task_ext+0x358>)
100052e4:	f000 fb84 	bl	100059f0 <usbd_control_set_complete_callback>
100052e8:	2101      	movs	r1, #1
100052ea:	4658      	mov	r0, fp
100052ec:	aa0e      	add	r2, sp, #56	@ 0x38
100052ee:	f7ff fc23 	bl	10004b38 <tud_vendor_control_xfer_cb>
100052f2:	2800      	cmp	r0, #0
100052f4:	d000      	beq.n	100052f8 <tud_task_ext+0x32c>
100052f6:	e67e      	b.n	10004ff6 <tud_task_ext+0x2a>
100052f8:	e7ea      	b.n	100052d0 <tud_task_ext+0x304>
100052fa:	46c0      	nop			@ (mov r8, r8)
100052fc:	20001024 	.word	0x20001024
10005300:	10006ecc 	.word	0x10006ecc
10005304:	200015c0 	.word	0x200015c0
10005308:	20001568 	.word	0x20001568
1000530c:	10006f74 	.word	0x10006f74
10005310:	20001c3d 	.word	0x20001c3d
10005314:	20001480 	.word	0x20001480
10005318:	20001c3f 	.word	0x20001c3f
1000531c:	10006ef0 	.word	0x10006ef0
10005320:	2000156c 	.word	0x2000156c
10005324:	10004b39 	.word	0x10004b39
10005328:	7a23      	ldrb	r3, [r4, #8]
1000532a:	8922      	ldrh	r2, [r4, #8]
1000532c:	2b0f      	cmp	r3, #15
1000532e:	d8cf      	bhi.n	100052d0 <tud_task_ext+0x304>
10005330:	23ff      	movs	r3, #255	@ 0xff
10005332:	4013      	ands	r3, r2
10005334:	4ad1      	ldr	r2, [pc, #836]	@ (1000567c <tud_task_ext+0x6b0>)
10005336:	18eb      	adds	r3, r5, r3
10005338:	791b      	ldrb	r3, [r3, #4]
1000533a:	7812      	ldrb	r2, [r2, #0]
1000533c:	4293      	cmp	r3, r2
1000533e:	d334      	bcc.n	100053aa <tud_task_ext+0x3de>
10005340:	d1c6      	bne.n	100052d0 <tud_task_ext+0x304>
10005342:	4dcf      	ldr	r5, [pc, #828]	@ (10005680 <tud_task_ext+0x6b4>)
10005344:	6968      	ldr	r0, [r5, #20]
10005346:	f000 fb53 	bl	100059f0 <usbd_control_set_complete_callback>
1000534a:	2101      	movs	r1, #1
1000534c:	4658      	mov	r0, fp
1000534e:	696b      	ldr	r3, [r5, #20]
10005350:	aa0e      	add	r2, sp, #56	@ 0x38
10005352:	4798      	blx	r3
10005354:	2800      	cmp	r0, #0
10005356:	d000      	beq.n	1000535a <tud_task_ext+0x38e>
10005358:	e64d      	b.n	10004ff6 <tud_task_ext+0x2a>
1000535a:	2260      	movs	r2, #96	@ 0x60
1000535c:	0015      	movs	r5, r2
1000535e:	7923      	ldrb	r3, [r4, #4]
10005360:	401d      	ands	r5, r3
10005362:	421a      	tst	r2, r3
10005364:	d1b4      	bne.n	100052d0 <tud_task_ext+0x304>
10005366:	7963      	ldrb	r3, [r4, #5]
10005368:	3b0a      	subs	r3, #10
1000536a:	2b01      	cmp	r3, #1
1000536c:	d8b0      	bhi.n	100052d0 <tud_task_ext+0x304>
1000536e:	f000 fb3f 	bl	100059f0 <usbd_control_set_complete_callback>
10005372:	7963      	ldrb	r3, [r4, #5]
10005374:	2b0a      	cmp	r3, #10
10005376:	d100      	bne.n	1000537a <tud_task_ext+0x3ae>
10005378:	e18a      	b.n	10005690 <tud_task_ext+0x6c4>
1000537a:	4658      	mov	r0, fp
1000537c:	a90e      	add	r1, sp, #56	@ 0x38
1000537e:	f000 fac7 	bl	10005910 <tud_control_status>
10005382:	e638      	b.n	10004ff6 <tud_task_ext+0x2a>
10005384:	4283      	cmp	r3, r0
10005386:	d000      	beq.n	1000538a <tud_task_ext+0x3be>
10005388:	e0f0      	b.n	1000556c <tud_task_ext+0x5a0>
1000538a:	4bbd      	ldr	r3, [pc, #756]	@ (10005680 <tud_task_ext+0x6b4>)
1000538c:	4699      	mov	r9, r3
1000538e:	2a00      	cmp	r2, #0
10005390:	d100      	bne.n	10005394 <tud_task_ext+0x3c8>
10005392:	e0f0      	b.n	10005576 <tud_task_ext+0x5aa>
10005394:	464b      	mov	r3, r9
10005396:	6958      	ldr	r0, [r3, #20]
10005398:	f000 fb2a 	bl	100059f0 <usbd_control_set_complete_callback>
1000539c:	464b      	mov	r3, r9
1000539e:	2101      	movs	r1, #1
100053a0:	4658      	mov	r0, fp
100053a2:	695b      	ldr	r3, [r3, #20]
100053a4:	aa0e      	add	r2, sp, #56	@ 0x38
100053a6:	4798      	blx	r3
100053a8:	e7a3      	b.n	100052f2 <tud_task_ext+0x326>
100053aa:	4ab6      	ldr	r2, [pc, #728]	@ (10005684 <tud_task_ext+0x6b8>)
100053ac:	015b      	lsls	r3, r3, #5
100053ae:	6815      	ldr	r5, [r2, #0]
100053b0:	18ed      	adds	r5, r5, r3
100053b2:	2d00      	cmp	r5, #0
100053b4:	d1c6      	bne.n	10005344 <tud_task_ext+0x378>
100053b6:	e78b      	b.n	100052d0 <tud_task_ext+0x304>
100053b8:	79a3      	ldrb	r3, [r4, #6]
100053ba:	4699      	mov	r9, r3
100053bc:	786b      	ldrb	r3, [r5, #1]
100053be:	4599      	cmp	r9, r3
100053c0:	d0db      	beq.n	1000537a <tud_task_ext+0x3ae>
100053c2:	786b      	ldrb	r3, [r5, #1]
100053c4:	2b00      	cmp	r3, #0
100053c6:	d000      	beq.n	100053ca <tud_task_ext+0x3fe>
100053c8:	e12c      	b.n	10005624 <tud_task_ext+0x658>
100053ca:	464b      	mov	r3, r9
100053cc:	706b      	strb	r3, [r5, #1]
100053ce:	2b00      	cmp	r3, #0
100053d0:	d100      	bne.n	100053d4 <tud_task_ext+0x408>
100053d2:	e124      	b.n	1000561e <tud_task_ext+0x652>
100053d4:	4648      	mov	r0, r9
100053d6:	3801      	subs	r0, #1
100053d8:	b2c0      	uxtb	r0, r0
100053da:	f7ff fa09 	bl	100047f0 <tud_descriptor_configuration_cb>
100053de:	2800      	cmp	r0, #0
100053e0:	d100      	bne.n	100053e4 <tud_task_ext+0x418>
100053e2:	e174      	b.n	100056ce <tud_task_ext+0x702>
100053e4:	7843      	ldrb	r3, [r0, #1]
100053e6:	9307      	str	r3, [sp, #28]
100053e8:	2b02      	cmp	r3, #2
100053ea:	d000      	beq.n	100053ee <tud_task_ext+0x422>
100053ec:	e16f      	b.n	100056ce <tud_task_ext+0x702>
100053ee:	2201      	movs	r2, #1
100053f0:	79c1      	ldrb	r1, [r0, #7]
100053f2:	46b1      	mov	r9, r6
100053f4:	118b      	asrs	r3, r1, #6
100053f6:	1149      	asrs	r1, r1, #5
100053f8:	4013      	ands	r3, r2
100053fa:	400a      	ands	r2, r1
100053fc:	2130      	movs	r1, #48	@ 0x30
100053fe:	0112      	lsls	r2, r2, #4
10005400:	015b      	lsls	r3, r3, #5
10005402:	4313      	orrs	r3, r2
10005404:	782a      	ldrb	r2, [r5, #0]
10005406:	46a8      	mov	r8, r5
10005408:	438a      	bics	r2, r1
1000540a:	4313      	orrs	r3, r2
1000540c:	702b      	strb	r3, [r5, #0]
1000540e:	2309      	movs	r3, #9
10005410:	469a      	mov	sl, r3
10005412:	4482      	add	sl, r0
10005414:	4656      	mov	r6, sl
10005416:	46ba      	mov	sl, r7
10005418:	78c3      	ldrb	r3, [r0, #3]
1000541a:	7882      	ldrb	r2, [r0, #2]
1000541c:	021b      	lsls	r3, r3, #8
1000541e:	4313      	orrs	r3, r2
10005420:	18c3      	adds	r3, r0, r3
10005422:	9305      	str	r3, [sp, #20]
10005424:	4b95      	ldr	r3, [pc, #596]	@ (1000567c <tud_task_ext+0x6b0>)
10005426:	9304      	str	r3, [sp, #16]
10005428:	4b95      	ldr	r3, [pc, #596]	@ (10005680 <tud_task_ext+0x6b4>)
1000542a:	9308      	str	r3, [sp, #32]
1000542c:	4b95      	ldr	r3, [pc, #596]	@ (10005684 <tud_task_ext+0x6b8>)
1000542e:	9309      	str	r3, [sp, #36]	@ 0x24
10005430:	4b95      	ldr	r3, [pc, #596]	@ (10005688 <tud_task_ext+0x6bc>)
10005432:	930a      	str	r3, [sp, #40]	@ 0x28
10005434:	9b05      	ldr	r3, [sp, #20]
10005436:	42b3      	cmp	r3, r6
10005438:	d800      	bhi.n	1000543c <tud_task_ext+0x470>
1000543a:	e14b      	b.n	100056d4 <tud_task_ext+0x708>
1000543c:	7873      	ldrb	r3, [r6, #1]
1000543e:	2201      	movs	r2, #1
10005440:	2b0b      	cmp	r3, #11
10005442:	d103      	bne.n	1000544c <tud_task_ext+0x480>
10005444:	7833      	ldrb	r3, [r6, #0]
10005446:	78f2      	ldrb	r2, [r6, #3]
10005448:	18f6      	adds	r6, r6, r3
1000544a:	7873      	ldrb	r3, [r6, #1]
1000544c:	2b04      	cmp	r3, #4
1000544e:	d000      	beq.n	10005452 <tud_task_ext+0x486>
10005450:	e13a      	b.n	100056c8 <tud_task_ext+0x6fc>
10005452:	9b05      	ldr	r3, [sp, #20]
10005454:	2700      	movs	r7, #0
10005456:	1b9b      	subs	r3, r3, r6
10005458:	b29b      	uxth	r3, r3
1000545a:	9306      	str	r3, [sp, #24]
1000545c:	9b04      	ldr	r3, [sp, #16]
1000545e:	920b      	str	r2, [sp, #44]	@ 0x2c
10005460:	781d      	ldrb	r5, [r3, #0]
10005462:	e019      	b.n	10005498 <tud_task_ext+0x4cc>
10005464:	9a09      	ldr	r2, [sp, #36]	@ 0x24
10005466:	017b      	lsls	r3, r7, #5
10005468:	6815      	ldr	r5, [r2, #0]
1000546a:	18ed      	adds	r5, r5, r3
1000546c:	2d00      	cmp	r5, #0
1000546e:	d100      	bne.n	10005472 <tud_task_ext+0x4a6>
10005470:	e12a      	b.n	100056c8 <tud_task_ext+0x6fc>
10005472:	0031      	movs	r1, r6
10005474:	4658      	mov	r0, fp
10005476:	692b      	ldr	r3, [r5, #16]
10005478:	9a06      	ldr	r2, [sp, #24]
1000547a:	4798      	blx	r3
1000547c:	4684      	mov	ip, r0
1000547e:	2808      	cmp	r0, #8
10005480:	d903      	bls.n	1000548a <tud_task_ext+0x4be>
10005482:	9a06      	ldr	r2, [sp, #24]
10005484:	4282      	cmp	r2, r0
10005486:	d300      	bcc.n	1000548a <tud_task_ext+0x4be>
10005488:	e10b      	b.n	100056a2 <tud_task_ext+0x6d6>
1000548a:	9b04      	ldr	r3, [sp, #16]
1000548c:	3701      	adds	r7, #1
1000548e:	781d      	ldrb	r5, [r3, #0]
10005490:	b2ff      	uxtb	r7, r7
10005492:	42bd      	cmp	r5, r7
10005494:	d200      	bcs.n	10005498 <tud_task_ext+0x4cc>
10005496:	e117      	b.n	100056c8 <tud_task_ext+0x6fc>
10005498:	42bd      	cmp	r5, r7
1000549a:	d8e3      	bhi.n	10005464 <tud_task_ext+0x498>
1000549c:	9b08      	ldr	r3, [sp, #32]
1000549e:	1b7d      	subs	r5, r7, r5
100054a0:	016d      	lsls	r5, r5, #5
100054a2:	195d      	adds	r5, r3, r5
100054a4:	e7e5      	b.n	10005472 <tud_task_ext+0x4a6>
100054a6:	786b      	ldrb	r3, [r5, #1]
100054a8:	aa0c      	add	r2, sp, #48	@ 0x30
100054aa:	3202      	adds	r2, #2
100054ac:	7013      	strb	r3, [r2, #0]
100054ae:	4658      	mov	r0, fp
100054b0:	2301      	movs	r3, #1
100054b2:	a90e      	add	r1, sp, #56	@ 0x38
100054b4:	f000 fa42 	bl	1000593c <tud_control_xfer>
100054b8:	e59d      	b.n	10004ff6 <tud_task_ext+0x2a>
100054ba:	88e0      	ldrh	r0, [r4, #6]
100054bc:	0a03      	lsrs	r3, r0, #8
100054be:	b2c0      	uxtb	r0, r0
100054c0:	2b0f      	cmp	r3, #15
100054c2:	d900      	bls.n	100054c6 <tud_task_ext+0x4fa>
100054c4:	e704      	b.n	100052d0 <tud_task_ext+0x304>
100054c6:	4971      	ldr	r1, [pc, #452]	@ (1000568c <tud_task_ext+0x6c0>)
100054c8:	009a      	lsls	r2, r3, #2
100054ca:	588a      	ldr	r2, [r1, r2]
100054cc:	4697      	mov	pc, r2
100054ce:	a80e      	add	r0, sp, #56	@ 0x38
100054d0:	f000 fa94 	bl	100059fc <usbd_control_set_request>
100054d4:	4658      	mov	r0, fp
100054d6:	79a1      	ldrb	r1, [r4, #6]
100054d8:	f7ff fbb4 	bl	10004c44 <dcd_set_address>
100054dc:	2202      	movs	r2, #2
100054de:	782b      	ldrb	r3, [r5, #0]
100054e0:	4313      	orrs	r3, r2
100054e2:	702b      	strb	r3, [r5, #0]
100054e4:	e587      	b.n	10004ff6 <tud_task_ext+0x2a>
100054e6:	88e3      	ldrh	r3, [r4, #6]
100054e8:	2b01      	cmp	r3, #1
100054ea:	d000      	beq.n	100054ee <tud_task_ext+0x522>
100054ec:	e6f0      	b.n	100052d0 <tud_task_ext+0x304>
100054ee:	2208      	movs	r2, #8
100054f0:	782b      	ldrb	r3, [r5, #0]
100054f2:	4658      	mov	r0, fp
100054f4:	4393      	bics	r3, r2
100054f6:	a90e      	add	r1, sp, #56	@ 0x38
100054f8:	702b      	strb	r3, [r5, #0]
100054fa:	f000 fa09 	bl	10005910 <tud_control_status>
100054fe:	e57a      	b.n	10004ff6 <tud_task_ext+0x2a>
10005500:	2002      	movs	r0, #2
10005502:	7829      	ldrb	r1, [r5, #0]
10005504:	ab0c      	add	r3, sp, #48	@ 0x30
10005506:	1c9a      	adds	r2, r3, #2
10005508:	068b      	lsls	r3, r1, #26
1000550a:	0889      	lsrs	r1, r1, #2
1000550c:	0fdb      	lsrs	r3, r3, #31
1000550e:	4001      	ands	r1, r0
10005510:	430b      	orrs	r3, r1
10005512:	8013      	strh	r3, [r2, #0]
10005514:	4658      	mov	r0, fp
10005516:	2302      	movs	r3, #2
10005518:	a90e      	add	r1, sp, #56	@ 0x38
1000551a:	f000 fa0f 	bl	1000593c <tud_control_xfer>
1000551e:	e56a      	b.n	10004ff6 <tud_task_ext+0x2a>
10005520:	88e3      	ldrh	r3, [r4, #6]
10005522:	2b01      	cmp	r3, #1
10005524:	d000      	beq.n	10005528 <tud_task_ext+0x55c>
10005526:	e6d3      	b.n	100052d0 <tud_task_ext+0x304>
10005528:	2208      	movs	r2, #8
1000552a:	782b      	ldrb	r3, [r5, #0]
1000552c:	4313      	orrs	r3, r2
1000552e:	702b      	strb	r3, [r5, #0]
10005530:	e723      	b.n	1000537a <tud_task_ext+0x3ae>
10005532:	7a23      	ldrb	r3, [r4, #8]
10005534:	8922      	ldrh	r2, [r4, #8]
10005536:	2b0f      	cmp	r3, #15
10005538:	d900      	bls.n	1000553c <tud_task_ext+0x570>
1000553a:	e6c9      	b.n	100052d0 <tud_task_ext+0x304>
1000553c:	23ff      	movs	r3, #255	@ 0xff
1000553e:	4013      	ands	r3, r2
10005540:	4a4e      	ldr	r2, [pc, #312]	@ (1000567c <tud_task_ext+0x6b0>)
10005542:	18eb      	adds	r3, r5, r3
10005544:	791b      	ldrb	r3, [r3, #4]
10005546:	7812      	ldrb	r2, [r2, #0]
10005548:	4293      	cmp	r3, r2
1000554a:	d228      	bcs.n	1000559e <tud_task_ext+0x5d2>
1000554c:	4a4d      	ldr	r2, [pc, #308]	@ (10005684 <tud_task_ext+0x6b8>)
1000554e:	015b      	lsls	r3, r3, #5
10005550:	6815      	ldr	r5, [r2, #0]
10005552:	18ed      	adds	r5, r5, r3
10005554:	2d00      	cmp	r5, #0
10005556:	d100      	bne.n	1000555a <tud_task_ext+0x58e>
10005558:	e6ba      	b.n	100052d0 <tud_task_ext+0x304>
1000555a:	6968      	ldr	r0, [r5, #20]
1000555c:	f000 fa48 	bl	100059f0 <usbd_control_set_complete_callback>
10005560:	2101      	movs	r1, #1
10005562:	4658      	mov	r0, fp
10005564:	696b      	ldr	r3, [r5, #20]
10005566:	aa0e      	add	r2, sp, #56	@ 0x38
10005568:	4798      	blx	r3
1000556a:	e6c2      	b.n	100052f2 <tud_task_ext+0x326>
1000556c:	2a00      	cmp	r2, #0
1000556e:	d000      	beq.n	10005572 <tud_task_ext+0x5a6>
10005570:	e6ae      	b.n	100052d0 <tud_task_ext+0x304>
10005572:	2300      	movs	r3, #0
10005574:	4699      	mov	r9, r3
10005576:	7962      	ldrb	r2, [r4, #5]
10005578:	2002      	movs	r0, #2
1000557a:	0013      	movs	r3, r2
1000557c:	9204      	str	r2, [sp, #16]
1000557e:	4383      	bics	r3, r0
10005580:	2b01      	cmp	r3, #1
10005582:	d011      	beq.n	100055a8 <tud_task_ext+0x5dc>
10005584:	2a00      	cmp	r2, #0
10005586:	d000      	beq.n	1000558a <tud_task_ext+0x5be>
10005588:	e6a2      	b.n	100052d0 <tud_task_ext+0x304>
1000558a:	002b      	movs	r3, r5
1000558c:	4443      	add	r3, r8
1000558e:	4453      	add	r3, sl
10005590:	3330      	adds	r3, #48	@ 0x30
10005592:	791b      	ldrb	r3, [r3, #4]
10005594:	aa0c      	add	r2, sp, #48	@ 0x30
10005596:	079b      	lsls	r3, r3, #30
10005598:	0fdb      	lsrs	r3, r3, #31
1000559a:	3202      	adds	r2, #2
1000559c:	e7b9      	b.n	10005512 <tud_task_ext+0x546>
1000559e:	4293      	cmp	r3, r2
100055a0:	d000      	beq.n	100055a4 <tud_task_ext+0x5d8>
100055a2:	e695      	b.n	100052d0 <tud_task_ext+0x304>
100055a4:	4d36      	ldr	r5, [pc, #216]	@ (10005680 <tud_task_ext+0x6b4>)
100055a6:	e7d8      	b.n	1000555a <tud_task_ext+0x58e>
100055a8:	88e3      	ldrh	r3, [r4, #6]
100055aa:	2b00      	cmp	r3, #0
100055ac:	d112      	bne.n	100055d4 <tud_task_ext+0x608>
100055ae:	9b03      	ldr	r3, [sp, #12]
100055b0:	7818      	ldrb	r0, [r3, #0]
100055b2:	9b04      	ldr	r3, [sp, #16]
100055b4:	2b01      	cmp	r3, #1
100055b6:	d023      	beq.n	10005600 <tud_task_ext+0x634>
100055b8:	f7ff fbfe 	bl	10004db8 <dcd_edpt_stall>
100055bc:	4643      	mov	r3, r8
100055be:	2102      	movs	r1, #2
100055c0:	18eb      	adds	r3, r5, r3
100055c2:	4453      	add	r3, sl
100055c4:	3330      	adds	r3, #48	@ 0x30
100055c6:	791a      	ldrb	r2, [r3, #4]
100055c8:	430a      	orrs	r2, r1
100055ca:	2101      	movs	r1, #1
100055cc:	711a      	strb	r2, [r3, #4]
100055ce:	791a      	ldrb	r2, [r3, #4]
100055d0:	430a      	orrs	r2, r1
100055d2:	711a      	strb	r2, [r3, #4]
100055d4:	464b      	mov	r3, r9
100055d6:	2b00      	cmp	r3, #0
100055d8:	d100      	bne.n	100055dc <tud_task_ext+0x610>
100055da:	e50c      	b.n	10004ff6 <tud_task_ext+0x2a>
100055dc:	6958      	ldr	r0, [r3, #20]
100055de:	f000 fa07 	bl	100059f0 <usbd_control_set_complete_callback>
100055e2:	464b      	mov	r3, r9
100055e4:	2101      	movs	r1, #1
100055e6:	695b      	ldr	r3, [r3, #20]
100055e8:	aa0e      	add	r2, sp, #56	@ 0x38
100055ea:	4658      	mov	r0, fp
100055ec:	4798      	blx	r3
100055ee:	2000      	movs	r0, #0
100055f0:	f000 f9fe 	bl	100059f0 <usbd_control_set_complete_callback>
100055f4:	2335      	movs	r3, #53	@ 0x35
100055f6:	5ceb      	ldrb	r3, [r5, r3]
100055f8:	07db      	lsls	r3, r3, #31
100055fa:	d500      	bpl.n	100055fe <tud_task_ext+0x632>
100055fc:	e4fb      	b.n	10004ff6 <tud_task_ext+0x2a>
100055fe:	e6bc      	b.n	1000537a <tud_task_ext+0x3ae>
10005600:	f7ff fbf8 	bl	10004df4 <dcd_edpt_clear_stall>
10005604:	4643      	mov	r3, r8
10005606:	2102      	movs	r1, #2
10005608:	18eb      	adds	r3, r5, r3
1000560a:	4453      	add	r3, sl
1000560c:	3330      	adds	r3, #48	@ 0x30
1000560e:	791a      	ldrb	r2, [r3, #4]
10005610:	438a      	bics	r2, r1
10005612:	711a      	strb	r2, [r3, #4]
10005614:	791a      	ldrb	r2, [r3, #4]
10005616:	9904      	ldr	r1, [sp, #16]
10005618:	438a      	bics	r2, r1
1000561a:	711a      	strb	r2, [r3, #4]
1000561c:	e7da      	b.n	100055d4 <tud_task_ext+0x608>
1000561e:	f7ff fc4b 	bl	10004eb8 <tud_umount_cb>
10005622:	e6aa      	b.n	1000537a <tud_task_ext+0x3ae>
10005624:	2100      	movs	r1, #0
10005626:	4658      	mov	r0, fp
10005628:	f7ff fb16 	bl	10004c58 <dcd_sof_enable>
1000562c:	4658      	mov	r0, fp
1000562e:	f7ff fbad 	bl	10004d8c <dcd_edpt_close_all>
10005632:	2200      	movs	r2, #0
10005634:	4692      	mov	sl, r2
10005636:	4a12      	ldr	r2, [pc, #72]	@ (10005680 <tud_task_ext+0x6b4>)
10005638:	78ab      	ldrb	r3, [r5, #2]
1000563a:	9205      	str	r2, [sp, #20]
1000563c:	4a11      	ldr	r2, [pc, #68]	@ (10005684 <tud_task_ext+0x6b8>)
1000563e:	9304      	str	r3, [sp, #16]
10005640:	9206      	str	r2, [sp, #24]
10005642:	002a      	movs	r2, r5
10005644:	4b0d      	ldr	r3, [pc, #52]	@ (1000567c <tud_task_ext+0x6b0>)
10005646:	4655      	mov	r5, sl
10005648:	4698      	mov	r8, r3
1000564a:	4692      	mov	sl, r2
1000564c:	781b      	ldrb	r3, [r3, #0]
1000564e:	e00e      	b.n	1000566e <tud_task_ext+0x6a2>
10005650:	9b06      	ldr	r3, [sp, #24]
10005652:	016a      	lsls	r2, r5, #5
10005654:	681b      	ldr	r3, [r3, #0]
10005656:	189b      	adds	r3, r3, r2
10005658:	2b00      	cmp	r3, #0
1000565a:	d054      	beq.n	10005706 <tud_task_ext+0x73a>
1000565c:	68db      	ldr	r3, [r3, #12]
1000565e:	4658      	mov	r0, fp
10005660:	4798      	blx	r3
10005662:	4643      	mov	r3, r8
10005664:	3501      	adds	r5, #1
10005666:	781b      	ldrb	r3, [r3, #0]
10005668:	b2ed      	uxtb	r5, r5
1000566a:	42ab      	cmp	r3, r5
1000566c:	d337      	bcc.n	100056de <tud_task_ext+0x712>
1000566e:	42ab      	cmp	r3, r5
10005670:	d8ee      	bhi.n	10005650 <tud_task_ext+0x684>
10005672:	9a05      	ldr	r2, [sp, #20]
10005674:	1aeb      	subs	r3, r5, r3
10005676:	015b      	lsls	r3, r3, #5
10005678:	18d3      	adds	r3, r2, r3
1000567a:	e7ef      	b.n	1000565c <tud_task_ext+0x690>
1000567c:	20001c3d 	.word	0x20001c3d
10005680:	10006f74 	.word	0x10006f74
10005684:	20001480 	.word	0x20001480
10005688:	2000157c 	.word	0x2000157c
1000568c:	10006f18 	.word	0x10006f18
10005690:	ab0c      	add	r3, sp, #48	@ 0x30
10005692:	1c9a      	adds	r2, r3, #2
10005694:	4658      	mov	r0, fp
10005696:	2301      	movs	r3, #1
10005698:	a90e      	add	r1, sp, #56	@ 0x38
1000569a:	7015      	strb	r5, [r2, #0]
1000569c:	f000 f94e 	bl	1000593c <tud_control_xfer>
100056a0:	e4a9      	b.n	10004ff6 <tud_task_ext+0x2a>
100056a2:	9a0b      	ldr	r2, [sp, #44]	@ 0x2c
100056a4:	2a01      	cmp	r2, #1
100056a6:	d04c      	beq.n	10005742 <tud_task_ext+0x776>
100056a8:	2a00      	cmp	r2, #0
100056aa:	d03c      	beq.n	10005726 <tud_task_ext+0x75a>
100056ac:	2300      	movs	r3, #0
100056ae:	78b0      	ldrb	r0, [r6, #2]
100056b0:	e004      	b.n	100056bc <tud_task_ext+0x6f0>
100056b2:	3301      	adds	r3, #1
100056b4:	b2db      	uxtb	r3, r3
100056b6:	710f      	strb	r7, [r1, #4]
100056b8:	4293      	cmp	r3, r2
100056ba:	d234      	bcs.n	10005726 <tud_task_ext+0x75a>
100056bc:	18c1      	adds	r1, r0, r3
100056be:	b2c9      	uxtb	r1, r1
100056c0:	4441      	add	r1, r8
100056c2:	790d      	ldrb	r5, [r1, #4]
100056c4:	2dff      	cmp	r5, #255	@ 0xff
100056c6:	d0f4      	beq.n	100056b2 <tud_task_ext+0x6e6>
100056c8:	464e      	mov	r6, r9
100056ca:	4645      	mov	r5, r8
100056cc:	4657      	mov	r7, sl
100056ce:	2300      	movs	r3, #0
100056d0:	706b      	strb	r3, [r5, #1]
100056d2:	e5fd      	b.n	100052d0 <tud_task_ext+0x304>
100056d4:	464e      	mov	r6, r9
100056d6:	4657      	mov	r7, sl
100056d8:	f7ff fbec 	bl	10004eb4 <tud_mount_cb>
100056dc:	e64d      	b.n	1000537a <tud_task_ext+0x3ae>
100056de:	4655      	mov	r5, sl
100056e0:	2254      	movs	r2, #84	@ 0x54
100056e2:	2100      	movs	r1, #0
100056e4:	0028      	movs	r0, r5
100056e6:	f7fd f85f 	bl	100027a8 <__wrap_memset>
100056ea:	2210      	movs	r2, #16
100056ec:	21ff      	movs	r1, #255	@ 0xff
100056ee:	1d28      	adds	r0, r5, #4
100056f0:	f7fd f85a 	bl	100027a8 <__wrap_memset>
100056f4:	0028      	movs	r0, r5
100056f6:	2220      	movs	r2, #32
100056f8:	21ff      	movs	r1, #255	@ 0xff
100056fa:	3014      	adds	r0, #20
100056fc:	f7fd f854 	bl	100027a8 <__wrap_memset>
10005700:	9b04      	ldr	r3, [sp, #16]
10005702:	70ab      	strb	r3, [r5, #2]
10005704:	e661      	b.n	100053ca <tud_task_ext+0x3fe>
10005706:	4655      	mov	r5, sl
10005708:	e7fa      	b.n	10005700 <tud_task_ext+0x734>
1000570a:	f7ff fa11 	bl	10004b30 <tud_descriptor_bos_cb>
1000570e:	1e02      	subs	r2, r0, #0
10005710:	d100      	bne.n	10005714 <tud_task_ext+0x748>
10005712:	e5dd      	b.n	100052d0 <tud_task_ext+0x304>
10005714:	78d3      	ldrb	r3, [r2, #3]
10005716:	7891      	ldrb	r1, [r2, #2]
10005718:	021b      	lsls	r3, r3, #8
1000571a:	430b      	orrs	r3, r1
1000571c:	4658      	mov	r0, fp
1000571e:	a90e      	add	r1, sp, #56	@ 0x38
10005720:	f000 f90c 	bl	1000593c <tud_control_xfer>
10005724:	e5e5      	b.n	100052f2 <tud_task_ext+0x326>
10005726:	4665      	mov	r5, ip
10005728:	003b      	movs	r3, r7
1000572a:	0031      	movs	r1, r6
1000572c:	002a      	movs	r2, r5
1000572e:	980a      	ldr	r0, [sp, #40]	@ 0x28
10005730:	f000 fd46 	bl	100061c0 <tu_edpt_bind_driver>
10005734:	9b04      	ldr	r3, [sp, #16]
10005736:	1976      	adds	r6, r6, r5
10005738:	781b      	ldrb	r3, [r3, #0]
1000573a:	42bb      	cmp	r3, r7
1000573c:	d300      	bcc.n	10005740 <tud_task_ext+0x774>
1000573e:	e679      	b.n	10005434 <tud_task_ext+0x468>
10005740:	e7c2      	b.n	100056c8 <tud_task_ext+0x6fc>
10005742:	4b17      	ldr	r3, [pc, #92]	@ (100057a0 <tud_task_ext+0x7d4>)
10005744:	6929      	ldr	r1, [r5, #16]
10005746:	4299      	cmp	r1, r3
10005748:	d1b0      	bne.n	100056ac <tud_task_ext+0x6e0>
1000574a:	9a07      	ldr	r2, [sp, #28]
1000574c:	e7ae      	b.n	100056ac <tud_task_ext+0x6e0>
1000574e:	f7ff fbad 	bl	10004eac <tud_descriptor_device_qualifier_cb>
10005752:	1e02      	subs	r2, r0, #0
10005754:	d100      	bne.n	10005758 <tud_task_ext+0x78c>
10005756:	e5bb      	b.n	100052d0 <tud_task_ext+0x304>
10005758:	4658      	mov	r0, fp
1000575a:	7813      	ldrb	r3, [r2, #0]
1000575c:	a90e      	add	r1, sp, #56	@ 0x38
1000575e:	f000 f8ed 	bl	1000593c <tud_control_xfer>
10005762:	e5c6      	b.n	100052f2 <tud_task_ext+0x326>
10005764:	8921      	ldrh	r1, [r4, #8]
10005766:	f7ff f847 	bl	100047f8 <tud_descriptor_string_cb>
1000576a:	1e02      	subs	r2, r0, #0
1000576c:	d1f4      	bne.n	10005758 <tud_task_ext+0x78c>
1000576e:	e5af      	b.n	100052d0 <tud_task_ext+0x304>
10005770:	2b02      	cmp	r3, #2
10005772:	d00f      	beq.n	10005794 <tud_task_ext+0x7c8>
10005774:	f7ff fb9c 	bl	10004eb0 <tud_descriptor_other_speed_configuration_cb>
10005778:	1e02      	subs	r2, r0, #0
1000577a:	d1cb      	bne.n	10005714 <tud_task_ext+0x748>
1000577c:	e5a8      	b.n	100052d0 <tud_task_ext+0x304>
1000577e:	f7ff f833 	bl	100047e8 <tud_descriptor_device_cb>
10005782:	1e02      	subs	r2, r0, #0
10005784:	d100      	bne.n	10005788 <tud_task_ext+0x7bc>
10005786:	e5a3      	b.n	100052d0 <tud_task_ext+0x304>
10005788:	2312      	movs	r3, #18
1000578a:	4658      	mov	r0, fp
1000578c:	a90e      	add	r1, sp, #56	@ 0x38
1000578e:	f000 f8d5 	bl	1000593c <tud_control_xfer>
10005792:	e5ae      	b.n	100052f2 <tud_task_ext+0x326>
10005794:	f7ff f82c 	bl	100047f0 <tud_descriptor_configuration_cb>
10005798:	1e02      	subs	r2, r0, #0
1000579a:	d1bb      	bne.n	10005714 <tud_task_ext+0x748>
1000579c:	e598      	b.n	100052d0 <tud_task_ext+0x304>
1000579e:	46c0      	nop			@ (mov r8, r8)
100057a0:	10005de9 	.word	0x10005de9

100057a4 <usbd_open_edpt_pair>:
100057a4:	b5f0      	push	{r4, r5, r6, r7, lr}
100057a6:	464f      	mov	r7, r9
100057a8:	4646      	mov	r6, r8
100057aa:	46d6      	mov	lr, sl
100057ac:	b5c0      	push	{r6, r7, lr}
100057ae:	000c      	movs	r4, r1
100057b0:	0016      	movs	r6, r2
100057b2:	001f      	movs	r7, r3
100057b4:	b082      	sub	sp, #8
100057b6:	2a00      	cmp	r2, #0
100057b8:	d03a      	beq.n	10005830 <usbd_open_edpt_pair+0x8c>
100057ba:	2370      	movs	r3, #112	@ 0x70
100057bc:	4698      	mov	r8, r3
100057be:	4b1d      	ldr	r3, [pc, #116]	@ (10005834 <usbd_open_edpt_pair+0x90>)
100057c0:	2500      	movs	r5, #0
100057c2:	4699      	mov	r9, r3
100057c4:	4b1c      	ldr	r3, [pc, #112]	@ (10005838 <usbd_open_edpt_pair+0x94>)
100057c6:	469a      	mov	sl, r3
100057c8:	e01a      	b.n	10005800 <usbd_open_edpt_pair+0x5c>
100057ca:	464b      	mov	r3, r9
100057cc:	781b      	ldrb	r3, [r3, #0]
100057ce:	0020      	movs	r0, r4
100057d0:	9301      	str	r3, [sp, #4]
100057d2:	4653      	mov	r3, sl
100057d4:	7899      	ldrb	r1, [r3, #2]
100057d6:	f000 fcb9 	bl	1000614c <tu_edpt_validate>
100057da:	2800      	cmp	r0, #0
100057dc:	d01c      	beq.n	10005818 <usbd_open_edpt_pair+0x74>
100057de:	0021      	movs	r1, r4
100057e0:	9801      	ldr	r0, [sp, #4]
100057e2:	f7ff fa55 	bl	10004c90 <dcd_edpt_open>
100057e6:	2800      	cmp	r0, #0
100057e8:	d016      	beq.n	10005818 <usbd_open_edpt_pair+0x74>
100057ea:	78a3      	ldrb	r3, [r4, #2]
100057ec:	09da      	lsrs	r2, r3, #7
100057ee:	2a01      	cmp	r2, #1
100057f0:	d019      	beq.n	10005826 <usbd_open_edpt_pair+0x82>
100057f2:	9a0a      	ldr	r2, [sp, #40]	@ 0x28
100057f4:	3501      	adds	r5, #1
100057f6:	7013      	strb	r3, [r2, #0]
100057f8:	42b5      	cmp	r5, r6
100057fa:	da19      	bge.n	10005830 <usbd_open_edpt_pair+0x8c>
100057fc:	7823      	ldrb	r3, [r4, #0]
100057fe:	18e4      	adds	r4, r4, r3
10005800:	7863      	ldrb	r3, [r4, #1]
10005802:	2b05      	cmp	r3, #5
10005804:	d108      	bne.n	10005818 <usbd_open_edpt_pair+0x74>
10005806:	78e3      	ldrb	r3, [r4, #3]
10005808:	079b      	lsls	r3, r3, #30
1000580a:	0f9b      	lsrs	r3, r3, #30
1000580c:	42bb      	cmp	r3, r7
1000580e:	d103      	bne.n	10005818 <usbd_open_edpt_pair+0x74>
10005810:	4642      	mov	r2, r8
10005812:	78a3      	ldrb	r3, [r4, #2]
10005814:	421a      	tst	r2, r3
10005816:	d0d8      	beq.n	100057ca <usbd_open_edpt_pair+0x26>
10005818:	2000      	movs	r0, #0
1000581a:	b002      	add	sp, #8
1000581c:	bce0      	pop	{r5, r6, r7}
1000581e:	46ba      	mov	sl, r7
10005820:	46b1      	mov	r9, r6
10005822:	46a8      	mov	r8, r5
10005824:	bdf0      	pop	{r4, r5, r6, r7, pc}
10005826:	9a0b      	ldr	r2, [sp, #44]	@ 0x2c
10005828:	3501      	adds	r5, #1
1000582a:	7013      	strb	r3, [r2, #0]
1000582c:	42b5      	cmp	r5, r6
1000582e:	dbe5      	blt.n	100057fc <usbd_open_edpt_pair+0x58>
10005830:	2001      	movs	r0, #1
10005832:	e7f2      	b.n	1000581a <usbd_open_edpt_pair+0x76>
10005834:	20001024 	.word	0x20001024
10005838:	20001568 	.word	0x20001568

1000583c <usbd_edpt_open>:
1000583c:	2270      	movs	r2, #112	@ 0x70
1000583e:	b570      	push	{r4, r5, r6, lr}
10005840:	788b      	ldrb	r3, [r1, #2]
10005842:	000c      	movs	r4, r1
10005844:	421a      	tst	r2, r3
10005846:	d001      	beq.n	1000584c <usbd_edpt_open+0x10>
10005848:	2000      	movs	r0, #0
1000584a:	bd70      	pop	{r4, r5, r6, pc}
1000584c:	4b06      	ldr	r3, [pc, #24]	@ (10005868 <usbd_edpt_open+0x2c>)
1000584e:	0020      	movs	r0, r4
10005850:	781d      	ldrb	r5, [r3, #0]
10005852:	4b06      	ldr	r3, [pc, #24]	@ (1000586c <usbd_edpt_open+0x30>)
10005854:	7899      	ldrb	r1, [r3, #2]
10005856:	f000 fc79 	bl	1000614c <tu_edpt_validate>
1000585a:	2800      	cmp	r0, #0
1000585c:	d0f4      	beq.n	10005848 <usbd_edpt_open+0xc>
1000585e:	0021      	movs	r1, r4
10005860:	0028      	movs	r0, r5
10005862:	f7ff fa15 	bl	10004c90 <dcd_edpt_open>
10005866:	e7f0      	b.n	1000584a <usbd_edpt_open+0xe>
10005868:	20001024 	.word	0x20001024
1000586c:	20001568 	.word	0x20001568

10005870 <usbd_edpt_claim>:
10005870:	207f      	movs	r0, #127	@ 0x7f
10005872:	4b07      	ldr	r3, [pc, #28]	@ (10005890 <usbd_edpt_claim+0x20>)
10005874:	b510      	push	{r4, lr}
10005876:	681a      	ldr	r2, [r3, #0]
10005878:	4008      	ands	r0, r1
1000587a:	09cb      	lsrs	r3, r1, #7
1000587c:	3334      	adds	r3, #52	@ 0x34
1000587e:	0040      	lsls	r0, r0, #1
10005880:	18c0      	adds	r0, r0, r3
10005882:	4b04      	ldr	r3, [pc, #16]	@ (10005894 <usbd_edpt_claim+0x24>)
10005884:	0011      	movs	r1, r2
10005886:	18c0      	adds	r0, r0, r3
10005888:	f000 fc1c 	bl	100060c4 <tu_edpt_claim>
1000588c:	bd10      	pop	{r4, pc}
1000588e:	46c0      	nop			@ (mov r8, r8)
10005890:	200015bc 	.word	0x200015bc
10005894:	20001568 	.word	0x20001568

10005898 <usbd_edpt_release>:
10005898:	207f      	movs	r0, #127	@ 0x7f
1000589a:	4b07      	ldr	r3, [pc, #28]	@ (100058b8 <usbd_edpt_release+0x20>)
1000589c:	b510      	push	{r4, lr}
1000589e:	681a      	ldr	r2, [r3, #0]
100058a0:	4008      	ands	r0, r1
100058a2:	09cb      	lsrs	r3, r1, #7
100058a4:	3334      	adds	r3, #52	@ 0x34
100058a6:	0040      	lsls	r0, r0, #1
100058a8:	18c0      	adds	r0, r0, r3
100058aa:	4b04      	ldr	r3, [pc, #16]	@ (100058bc <usbd_edpt_release+0x24>)
100058ac:	0011      	movs	r1, r2
100058ae:	18c0      	adds	r0, r0, r3
100058b0:	f000 fc30 	bl	10006114 <tu_edpt_release>
100058b4:	bd10      	pop	{r4, pc}
100058b6:	46c0      	nop			@ (mov r8, r8)
100058b8:	200015bc 	.word	0x200015bc
100058bc:	20001568 	.word	0x20001568

100058c0 <usbd_edpt_xfer>:
100058c0:	b570      	push	{r4, r5, r6, lr}
100058c2:	247f      	movs	r4, #127	@ 0x7f
100058c4:	09c8      	lsrs	r0, r1, #7
100058c6:	4684      	mov	ip, r0
100058c8:	400c      	ands	r4, r1
100058ca:	480f      	ldr	r0, [pc, #60]	@ (10005908 <usbd_edpt_xfer+0x48>)
100058cc:	0064      	lsls	r4, r4, #1
100058ce:	1904      	adds	r4, r0, r4
100058d0:	4464      	add	r4, ip
100058d2:	3430      	adds	r4, #48	@ 0x30
100058d4:	7920      	ldrb	r0, [r4, #4]
100058d6:	07c0      	lsls	r0, r0, #31
100058d8:	d501      	bpl.n	100058de <usbd_edpt_xfer+0x1e>
100058da:	2000      	movs	r0, #0
100058dc:	bd70      	pop	{r4, r5, r6, pc}
100058de:	480b      	ldr	r0, [pc, #44]	@ (1000590c <usbd_edpt_xfer+0x4c>)
100058e0:	2501      	movs	r5, #1
100058e2:	7800      	ldrb	r0, [r0, #0]
100058e4:	4684      	mov	ip, r0
100058e6:	7920      	ldrb	r0, [r4, #4]
100058e8:	4328      	orrs	r0, r5
100058ea:	7120      	strb	r0, [r4, #4]
100058ec:	4660      	mov	r0, ip
100058ee:	f7ff fa51 	bl	10004d94 <dcd_edpt_xfer>
100058f2:	2800      	cmp	r0, #0
100058f4:	d1f2      	bne.n	100058dc <usbd_edpt_xfer+0x1c>
100058f6:	2201      	movs	r2, #1
100058f8:	7923      	ldrb	r3, [r4, #4]
100058fa:	4393      	bics	r3, r2
100058fc:	7123      	strb	r3, [r4, #4]
100058fe:	7923      	ldrb	r3, [r4, #4]
10005900:	3203      	adds	r2, #3
10005902:	4393      	bics	r3, r2
10005904:	7123      	strb	r3, [r4, #4]
10005906:	e7e8      	b.n	100058da <usbd_edpt_xfer+0x1a>
10005908:	20001568 	.word	0x20001568
1000590c:	20001024 	.word	0x20001024

10005910 <tud_control_status>:
10005910:	b570      	push	{r4, r5, r6, lr}
10005912:	4c09      	ldr	r4, [pc, #36]	@ (10005938 <tud_control_status+0x28>)
10005914:	0006      	movs	r6, r0
10005916:	2208      	movs	r2, #8
10005918:	0020      	movs	r0, r4
1000591a:	000d      	movs	r5, r1
1000591c:	f7fc ff4a 	bl	100027b4 <__wrap___aeabi_memcpy>
10005920:	2300      	movs	r3, #0
10005922:	2180      	movs	r1, #128	@ 0x80
10005924:	60e3      	str	r3, [r4, #12]
10005926:	60a3      	str	r3, [r4, #8]
10005928:	782b      	ldrb	r3, [r5, #0]
1000592a:	0030      	movs	r0, r6
1000592c:	4399      	bics	r1, r3
1000592e:	2200      	movs	r2, #0
10005930:	2300      	movs	r3, #0
10005932:	f7ff ffc5 	bl	100058c0 <usbd_edpt_xfer>
10005936:	bd70      	pop	{r4, r5, r6, pc}
10005938:	20001548 	.word	0x20001548

1000593c <tud_control_xfer>:
1000593c:	b5f0      	push	{r4, r5, r6, r7, lr}
1000593e:	46c6      	mov	lr, r8
10005940:	4c24      	ldr	r4, [pc, #144]	@ (100059d4 <tud_control_xfer+0x98>)
10005942:	0017      	movs	r7, r2
10005944:	4680      	mov	r8, r0
10005946:	2208      	movs	r2, #8
10005948:	0020      	movs	r0, r4
1000594a:	b500      	push	{lr}
1000594c:	000d      	movs	r5, r1
1000594e:	001e      	movs	r6, r3
10005950:	f7fc ff30 	bl	100027b4 <__wrap___aeabi_memcpy>
10005954:	2300      	movs	r3, #0
10005956:	60a7      	str	r7, [r4, #8]
10005958:	81e3      	strh	r3, [r4, #14]
1000595a:	79eb      	ldrb	r3, [r5, #7]
1000595c:	79aa      	ldrb	r2, [r5, #6]
1000595e:	021b      	lsls	r3, r3, #8
10005960:	4313      	orrs	r3, r2
10005962:	1c1a      	adds	r2, r3, #0
10005964:	42b3      	cmp	r3, r6
10005966:	d900      	bls.n	1000596a <tud_control_xfer+0x2e>
10005968:	1c32      	adds	r2, r6, #0
1000596a:	b296      	uxth	r6, r2
1000596c:	81a2      	strh	r2, [r4, #12]
1000596e:	2b00      	cmp	r3, #0
10005970:	d00c      	beq.n	1000598c <tud_control_xfer+0x50>
10005972:	2e00      	cmp	r6, #0
10005974:	d015      	beq.n	100059a2 <tud_control_xfer+0x66>
10005976:	2f00      	cmp	r7, #0
10005978:	d02a      	beq.n	100059d0 <tud_control_xfer+0x94>
1000597a:	2e40      	cmp	r6, #64	@ 0x40
1000597c:	d81a      	bhi.n	100059b4 <tud_control_xfer+0x78>
1000597e:	7823      	ldrb	r3, [r4, #0]
10005980:	b296      	uxth	r6, r2
10005982:	2b7f      	cmp	r3, #127	@ 0x7f
10005984:	d81b      	bhi.n	100059be <tud_control_xfer+0x82>
10005986:	2100      	movs	r1, #0
10005988:	4a13      	ldr	r2, [pc, #76]	@ (100059d8 <tud_control_xfer+0x9c>)
1000598a:	e00e      	b.n	100059aa <tud_control_xfer+0x6e>
1000598c:	2180      	movs	r1, #128	@ 0x80
1000598e:	782b      	ldrb	r3, [r5, #0]
10005990:	2200      	movs	r2, #0
10005992:	4399      	bics	r1, r3
10005994:	4640      	mov	r0, r8
10005996:	2300      	movs	r3, #0
10005998:	f7ff ff92 	bl	100058c0 <usbd_edpt_xfer>
1000599c:	bc80      	pop	{r7}
1000599e:	46b8      	mov	r8, r7
100059a0:	bdf0      	pop	{r4, r5, r6, r7, pc}
100059a2:	237f      	movs	r3, #127	@ 0x7f
100059a4:	2200      	movs	r2, #0
100059a6:	7821      	ldrb	r1, [r4, #0]
100059a8:	4399      	bics	r1, r3
100059aa:	0033      	movs	r3, r6
100059ac:	4640      	mov	r0, r8
100059ae:	f7ff ff87 	bl	100058c0 <usbd_edpt_xfer>
100059b2:	e7f3      	b.n	1000599c <tud_control_xfer+0x60>
100059b4:	2240      	movs	r2, #64	@ 0x40
100059b6:	7823      	ldrb	r3, [r4, #0]
100059b8:	b296      	uxth	r6, r2
100059ba:	2b7f      	cmp	r3, #127	@ 0x7f
100059bc:	d9e3      	bls.n	10005986 <tud_control_xfer+0x4a>
100059be:	4c06      	ldr	r4, [pc, #24]	@ (100059d8 <tud_control_xfer+0x9c>)
100059c0:	0032      	movs	r2, r6
100059c2:	0039      	movs	r1, r7
100059c4:	0020      	movs	r0, r4
100059c6:	f7fc fef5 	bl	100027b4 <__wrap___aeabi_memcpy>
100059ca:	2180      	movs	r1, #128	@ 0x80
100059cc:	0022      	movs	r2, r4
100059ce:	e7ec      	b.n	100059aa <tud_control_xfer+0x6e>
100059d0:	2000      	movs	r0, #0
100059d2:	e7e3      	b.n	1000599c <tud_control_xfer+0x60>
100059d4:	20001548 	.word	0x20001548
100059d8:	20001508 	.word	0x20001508

100059dc <usbd_control_reset>:
100059dc:	b510      	push	{r4, lr}
100059de:	2214      	movs	r2, #20
100059e0:	2100      	movs	r1, #0
100059e2:	4802      	ldr	r0, [pc, #8]	@ (100059ec <usbd_control_reset+0x10>)
100059e4:	f7fc fee0 	bl	100027a8 <__wrap_memset>
100059e8:	bd10      	pop	{r4, pc}
100059ea:	46c0      	nop			@ (mov r8, r8)
100059ec:	20001548 	.word	0x20001548

100059f0 <usbd_control_set_complete_callback>:
100059f0:	4b01      	ldr	r3, [pc, #4]	@ (100059f8 <usbd_control_set_complete_callback+0x8>)
100059f2:	6118      	str	r0, [r3, #16]
100059f4:	4770      	bx	lr
100059f6:	46c0      	nop			@ (mov r8, r8)
100059f8:	20001548 	.word	0x20001548

100059fc <usbd_control_set_request>:
100059fc:	b510      	push	{r4, lr}
100059fe:	4c05      	ldr	r4, [pc, #20]	@ (10005a14 <usbd_control_set_request+0x18>)
10005a00:	0001      	movs	r1, r0
10005a02:	2208      	movs	r2, #8
10005a04:	0020      	movs	r0, r4
10005a06:	f7fc fed5 	bl	100027b4 <__wrap___aeabi_memcpy>
10005a0a:	2300      	movs	r3, #0
10005a0c:	60a3      	str	r3, [r4, #8]
10005a0e:	60e3      	str	r3, [r4, #12]
10005a10:	bd10      	pop	{r4, pc}
10005a12:	46c0      	nop			@ (mov r8, r8)
10005a14:	20001548 	.word	0x20001548

10005a18 <usbd_control_xfer_cb>:
10005a18:	b570      	push	{r4, r5, r6, lr}
10005a1a:	4c37      	ldr	r4, [pc, #220]	@ (10005af8 <usbd_control_xfer_cb+0xe0>)
10005a1c:	001d      	movs	r5, r3
10005a1e:	7823      	ldrb	r3, [r4, #0]
10005a20:	0006      	movs	r6, r0
10005a22:	09da      	lsrs	r2, r3, #7
10005a24:	09c9      	lsrs	r1, r1, #7
10005a26:	428a      	cmp	r2, r1
10005a28:	d010      	beq.n	10005a4c <usbd_control_xfer_cb+0x34>
10005a2a:	2000      	movs	r0, #0
10005a2c:	2d00      	cmp	r5, #0
10005a2e:	d000      	beq.n	10005a32 <usbd_control_xfer_cb+0x1a>
10005a30:	bd70      	pop	{r4, r5, r6, pc}
10005a32:	0021      	movs	r1, r4
10005a34:	0030      	movs	r0, r6
10005a36:	f7ff f91d 	bl	10004c74 <dcd_edpt0_status_complete>
10005a3a:	6923      	ldr	r3, [r4, #16]
10005a3c:	2b00      	cmp	r3, #0
10005a3e:	d003      	beq.n	10005a48 <usbd_control_xfer_cb+0x30>
10005a40:	0022      	movs	r2, r4
10005a42:	2103      	movs	r1, #3
10005a44:	0030      	movs	r0, r6
10005a46:	4798      	blx	r3
10005a48:	2001      	movs	r0, #1
10005a4a:	e7f1      	b.n	10005a30 <usbd_control_xfer_cb+0x18>
10005a4c:	2b7f      	cmp	r3, #127	@ 0x7f
10005a4e:	d806      	bhi.n	10005a5e <usbd_control_xfer_cb+0x46>
10005a50:	68a0      	ldr	r0, [r4, #8]
10005a52:	2800      	cmp	r0, #0
10005a54:	d0ec      	beq.n	10005a30 <usbd_control_xfer_cb+0x18>
10005a56:	002a      	movs	r2, r5
10005a58:	4928      	ldr	r1, [pc, #160]	@ (10005afc <usbd_control_xfer_cb+0xe4>)
10005a5a:	f7fc feab 	bl	100027b4 <__wrap___aeabi_memcpy>
10005a5e:	89e2      	ldrh	r2, [r4, #14]
10005a60:	68a1      	ldr	r1, [r4, #8]
10005a62:	1952      	adds	r2, r2, r5
10005a64:	88e3      	ldrh	r3, [r4, #6]
10005a66:	b292      	uxth	r2, r2
10005a68:	1949      	adds	r1, r1, r5
10005a6a:	81e2      	strh	r2, [r4, #14]
10005a6c:	60a1      	str	r1, [r4, #8]
10005a6e:	4293      	cmp	r3, r2
10005a70:	d014      	beq.n	10005a9c <usbd_control_xfer_cb+0x84>
10005a72:	2d3f      	cmp	r5, #63	@ 0x3f
10005a74:	d912      	bls.n	10005a9c <usbd_control_xfer_cb+0x84>
10005a76:	89a3      	ldrh	r3, [r4, #12]
10005a78:	1a98      	subs	r0, r3, r2
10005a7a:	1c05      	adds	r5, r0, #0
10005a7c:	b280      	uxth	r0, r0
10005a7e:	2840      	cmp	r0, #64	@ 0x40
10005a80:	d828      	bhi.n	10005ad4 <usbd_control_xfer_cb+0xbc>
10005a82:	7820      	ldrb	r0, [r4, #0]
10005a84:	b2ad      	uxth	r5, r5
10005a86:	287f      	cmp	r0, #127	@ 0x7f
10005a88:	d826      	bhi.n	10005ad8 <usbd_control_xfer_cb+0xc0>
10005a8a:	2100      	movs	r1, #0
10005a8c:	429a      	cmp	r2, r3
10005a8e:	d030      	beq.n	10005af2 <usbd_control_xfer_cb+0xda>
10005a90:	4a1a      	ldr	r2, [pc, #104]	@ (10005afc <usbd_control_xfer_cb+0xe4>)
10005a92:	002b      	movs	r3, r5
10005a94:	0030      	movs	r0, r6
10005a96:	f7ff ff13 	bl	100058c0 <usbd_edpt_xfer>
10005a9a:	e7c9      	b.n	10005a30 <usbd_control_xfer_cb+0x18>
10005a9c:	6923      	ldr	r3, [r4, #16]
10005a9e:	2b00      	cmp	r3, #0
10005aa0:	d005      	beq.n	10005aae <usbd_control_xfer_cb+0x96>
10005aa2:	0022      	movs	r2, r4
10005aa4:	2102      	movs	r1, #2
10005aa6:	0030      	movs	r0, r6
10005aa8:	4798      	blx	r3
10005aaa:	2800      	cmp	r0, #0
10005aac:	d008      	beq.n	10005ac0 <usbd_control_xfer_cb+0xa8>
10005aae:	2180      	movs	r1, #128	@ 0x80
10005ab0:	7823      	ldrb	r3, [r4, #0]
10005ab2:	2200      	movs	r2, #0
10005ab4:	4399      	bics	r1, r3
10005ab6:	0030      	movs	r0, r6
10005ab8:	2300      	movs	r3, #0
10005aba:	f7ff ff01 	bl	100058c0 <usbd_edpt_xfer>
10005abe:	e7b7      	b.n	10005a30 <usbd_control_xfer_cb+0x18>
10005ac0:	2100      	movs	r1, #0
10005ac2:	0030      	movs	r0, r6
10005ac4:	f7ff f978 	bl	10004db8 <dcd_edpt_stall>
10005ac8:	0030      	movs	r0, r6
10005aca:	2180      	movs	r1, #128	@ 0x80
10005acc:	f7ff f974 	bl	10004db8 <dcd_edpt_stall>
10005ad0:	2001      	movs	r0, #1
10005ad2:	e7ad      	b.n	10005a30 <usbd_control_xfer_cb+0x18>
10005ad4:	2540      	movs	r5, #64	@ 0x40
10005ad6:	e7d4      	b.n	10005a82 <usbd_control_xfer_cb+0x6a>
10005ad8:	429a      	cmp	r2, r3
10005ada:	d007      	beq.n	10005aec <usbd_control_xfer_cb+0xd4>
10005adc:	4c07      	ldr	r4, [pc, #28]	@ (10005afc <usbd_control_xfer_cb+0xe4>)
10005ade:	002a      	movs	r2, r5
10005ae0:	0020      	movs	r0, r4
10005ae2:	f7fc fe67 	bl	100027b4 <__wrap___aeabi_memcpy>
10005ae6:	2180      	movs	r1, #128	@ 0x80
10005ae8:	0022      	movs	r2, r4
10005aea:	e7d2      	b.n	10005a92 <usbd_control_xfer_cb+0x7a>
10005aec:	2180      	movs	r1, #128	@ 0x80
10005aee:	2200      	movs	r2, #0
10005af0:	e7cf      	b.n	10005a92 <usbd_control_xfer_cb+0x7a>
10005af2:	2200      	movs	r2, #0
10005af4:	e7cd      	b.n	10005a92 <usbd_control_xfer_cb+0x7a>
10005af6:	46c0      	nop			@ (mov r8, r8)
10005af8:	20001548 	.word	0x20001548
10005afc:	20001508 	.word	0x20001508

10005b00 <_prep_out_transaction.isra.0>:
10005b00:	b570      	push	{r4, r5, r6, lr}
10005b02:	0004      	movs	r4, r0
10005b04:	f7ff f9de 	bl	10004ec4 <tud_mounted>
10005b08:	2800      	cmp	r0, #0
10005b0a:	d100      	bne.n	10005b0e <_prep_out_transaction.isra.0+0xe>
10005b0c:	bd70      	pop	{r4, r5, r6, pc}
10005b0e:	f7ff f9e1 	bl	10004ed4 <tud_suspended>
10005b12:	2800      	cmp	r0, #0
10005b14:	d1fa      	bne.n	10005b0c <_prep_out_transaction.isra.0+0xc>
10005b16:	23c8      	movs	r3, #200	@ 0xc8
10005b18:	4363      	muls	r3, r4
10005b1a:	4a12      	ldr	r2, [pc, #72]	@ (10005b64 <_prep_out_transaction.isra.0+0x64>)
10005b1c:	0025      	movs	r5, r4
10005b1e:	18d4      	adds	r4, r2, r3
10005b20:	78e1      	ldrb	r1, [r4, #3]
10005b22:	2900      	cmp	r1, #0
10005b24:	d0f2      	beq.n	10005b0c <_prep_out_transaction.isra.0+0xc>
10005b26:	3310      	adds	r3, #16
10005b28:	189e      	adds	r6, r3, r2
10005b2a:	0030      	movs	r0, r6
10005b2c:	f000 fbb6 	bl	1000629c <tu_fifo_remaining>
10005b30:	283f      	cmp	r0, #63	@ 0x3f
10005b32:	d9eb      	bls.n	10005b0c <_prep_out_transaction.isra.0+0xc>
10005b34:	2000      	movs	r0, #0
10005b36:	78e1      	ldrb	r1, [r4, #3]
10005b38:	f7ff fe9a 	bl	10005870 <usbd_edpt_claim>
10005b3c:	2800      	cmp	r0, #0
10005b3e:	d0e5      	beq.n	10005b0c <_prep_out_transaction.isra.0+0xc>
10005b40:	0030      	movs	r0, r6
10005b42:	f000 fbab 	bl	1000629c <tu_fifo_remaining>
10005b46:	78e1      	ldrb	r1, [r4, #3]
10005b48:	283f      	cmp	r0, #63	@ 0x3f
10005b4a:	d907      	bls.n	10005b5c <_prep_out_transaction.isra.0+0x5c>
10005b4c:	4b06      	ldr	r3, [pc, #24]	@ (10005b68 <_prep_out_transaction.isra.0+0x68>)
10005b4e:	01ea      	lsls	r2, r5, #7
10005b50:	18d2      	adds	r2, r2, r3
10005b52:	2000      	movs	r0, #0
10005b54:	2340      	movs	r3, #64	@ 0x40
10005b56:	f7ff feb3 	bl	100058c0 <usbd_edpt_xfer>
10005b5a:	e7d7      	b.n	10005b0c <_prep_out_transaction.isra.0+0xc>
10005b5c:	2000      	movs	r0, #0
10005b5e:	f7ff fe9b 	bl	10005898 <usbd_edpt_release>
10005b62:	e7d3      	b.n	10005b0c <_prep_out_transaction.isra.0+0xc>
10005b64:	20001030 	.word	0x20001030
10005b68:	20001484 	.word	0x20001484

10005b6c <tud_cdc_n_connected>:
10005b6c:	b510      	push	{r4, lr}
10005b6e:	0004      	movs	r4, r0
10005b70:	f7ff f9a8 	bl	10004ec4 <tud_mounted>
10005b74:	2800      	cmp	r0, #0
10005b76:	d101      	bne.n	10005b7c <tud_cdc_n_connected+0x10>
10005b78:	2000      	movs	r0, #0
10005b7a:	bd10      	pop	{r4, pc}
10005b7c:	f7ff f9aa 	bl	10004ed4 <tud_suspended>
10005b80:	2800      	cmp	r0, #0
10005b82:	d1f9      	bne.n	10005b78 <tud_cdc_n_connected+0xc>
10005b84:	22c8      	movs	r2, #200	@ 0xc8
10005b86:	4362      	muls	r2, r4
10005b88:	4b02      	ldr	r3, [pc, #8]	@ (10005b94 <tud_cdc_n_connected+0x28>)
10005b8a:	3001      	adds	r0, #1
10005b8c:	189b      	adds	r3, r3, r2
10005b8e:	791b      	ldrb	r3, [r3, #4]
10005b90:	4018      	ands	r0, r3
10005b92:	e7f2      	b.n	10005b7a <tud_cdc_n_connected+0xe>
10005b94:	20001030 	.word	0x20001030

10005b98 <tud_cdc_n_available>:
10005b98:	23c8      	movs	r3, #200	@ 0xc8
10005b9a:	b510      	push	{r4, lr}
10005b9c:	4343      	muls	r3, r0
10005b9e:	4802      	ldr	r0, [pc, #8]	@ (10005ba8 <tud_cdc_n_available+0x10>)
10005ba0:	1818      	adds	r0, r3, r0
10005ba2:	f000 fb5d 	bl	10006260 <tu_fifo_count>
10005ba6:	bd10      	pop	{r4, pc}
10005ba8:	20001040 	.word	0x20001040

10005bac <tud_cdc_n_read>:
10005bac:	b5f8      	push	{r3, r4, r5, r6, r7, lr}
10005bae:	23c8      	movs	r3, #200	@ 0xc8
10005bb0:	4343      	muls	r3, r0
10005bb2:	4d1d      	ldr	r5, [pc, #116]	@ (10005c28 <tud_cdc_n_read+0x7c>)
10005bb4:	3310      	adds	r3, #16
10005bb6:	18ee      	adds	r6, r5, r3
10005bb8:	2380      	movs	r3, #128	@ 0x80
10005bba:	0004      	movs	r4, r0
10005bbc:	025b      	lsls	r3, r3, #9
10005bbe:	429a      	cmp	r2, r3
10005bc0:	d300      	bcc.n	10005bc4 <tud_cdc_n_read+0x18>
10005bc2:	4a1a      	ldr	r2, [pc, #104]	@ (10005c2c <tud_cdc_n_read+0x80>)
10005bc4:	0030      	movs	r0, r6
10005bc6:	b292      	uxth	r2, r2
10005bc8:	f000 fbcc 	bl	10006364 <tu_fifo_read_n>
10005bcc:	0007      	movs	r7, r0
10005bce:	f7ff f979 	bl	10004ec4 <tud_mounted>
10005bd2:	2800      	cmp	r0, #0
10005bd4:	d101      	bne.n	10005bda <tud_cdc_n_read+0x2e>
10005bd6:	0038      	movs	r0, r7
10005bd8:	bdf8      	pop	{r3, r4, r5, r6, r7, pc}
10005bda:	f7ff f97b 	bl	10004ed4 <tud_suspended>
10005bde:	2800      	cmp	r0, #0
10005be0:	d1f9      	bne.n	10005bd6 <tud_cdc_n_read+0x2a>
10005be2:	23c8      	movs	r3, #200	@ 0xc8
10005be4:	4363      	muls	r3, r4
10005be6:	18ed      	adds	r5, r5, r3
10005be8:	78eb      	ldrb	r3, [r5, #3]
10005bea:	2b00      	cmp	r3, #0
10005bec:	d0f3      	beq.n	10005bd6 <tud_cdc_n_read+0x2a>
10005bee:	0030      	movs	r0, r6
10005bf0:	f000 fb54 	bl	1000629c <tu_fifo_remaining>
10005bf4:	283f      	cmp	r0, #63	@ 0x3f
10005bf6:	d9ee      	bls.n	10005bd6 <tud_cdc_n_read+0x2a>
10005bf8:	2000      	movs	r0, #0
10005bfa:	78e9      	ldrb	r1, [r5, #3]
10005bfc:	f7ff fe38 	bl	10005870 <usbd_edpt_claim>
10005c00:	2800      	cmp	r0, #0
10005c02:	d0e8      	beq.n	10005bd6 <tud_cdc_n_read+0x2a>
10005c04:	0030      	movs	r0, r6
10005c06:	f000 fb49 	bl	1000629c <tu_fifo_remaining>
10005c0a:	78e9      	ldrb	r1, [r5, #3]
10005c0c:	283f      	cmp	r0, #63	@ 0x3f
10005c0e:	d907      	bls.n	10005c20 <tud_cdc_n_read+0x74>
10005c10:	4b07      	ldr	r3, [pc, #28]	@ (10005c30 <tud_cdc_n_read+0x84>)
10005c12:	01e2      	lsls	r2, r4, #7
10005c14:	18d2      	adds	r2, r2, r3
10005c16:	2000      	movs	r0, #0
10005c18:	2340      	movs	r3, #64	@ 0x40
10005c1a:	f7ff fe51 	bl	100058c0 <usbd_edpt_xfer>
10005c1e:	e7da      	b.n	10005bd6 <tud_cdc_n_read+0x2a>
10005c20:	2000      	movs	r0, #0
10005c22:	f7ff fe39 	bl	10005898 <usbd_edpt_release>
10005c26:	e7d6      	b.n	10005bd6 <tud_cdc_n_read+0x2a>
10005c28:	20001030 	.word	0x20001030
10005c2c:	0000ffff 	.word	0x0000ffff
10005c30:	20001484 	.word	0x20001484

10005c34 <tud_cdc_n_write_flush>:
10005c34:	b5f8      	push	{r3, r4, r5, r6, r7, lr}
10005c36:	0004      	movs	r4, r0
10005c38:	f7ff f944 	bl	10004ec4 <tud_mounted>
10005c3c:	2800      	cmp	r0, #0
10005c3e:	d101      	bne.n	10005c44 <tud_cdc_n_write_flush+0x10>
10005c40:	2000      	movs	r0, #0
10005c42:	bdf8      	pop	{r3, r4, r5, r6, r7, pc}
10005c44:	f7ff f946 	bl	10004ed4 <tud_suspended>
10005c48:	2800      	cmp	r0, #0
10005c4a:	d1f9      	bne.n	10005c40 <tud_cdc_n_write_flush+0xc>
10005c4c:	23c8      	movs	r3, #200	@ 0xc8
10005c4e:	0025      	movs	r5, r4
10005c50:	435d      	muls	r5, r3
10005c52:	002b      	movs	r3, r5
10005c54:	4e13      	ldr	r6, [pc, #76]	@ (10005ca4 <tud_cdc_n_write_flush+0x70>)
10005c56:	3324      	adds	r3, #36	@ 0x24
10005c58:	18f7      	adds	r7, r6, r3
10005c5a:	0038      	movs	r0, r7
10005c5c:	f000 fb00 	bl	10006260 <tu_fifo_count>
10005c60:	2800      	cmp	r0, #0
10005c62:	d0ed      	beq.n	10005c40 <tud_cdc_n_write_flush+0xc>
10005c64:	1975      	adds	r5, r6, r5
10005c66:	2000      	movs	r0, #0
10005c68:	78a9      	ldrb	r1, [r5, #2]
10005c6a:	f7ff fe01 	bl	10005870 <usbd_edpt_claim>
10005c6e:	2800      	cmp	r0, #0
10005c70:	d0e6      	beq.n	10005c40 <tud_cdc_n_write_flush+0xc>
10005c72:	4a0d      	ldr	r2, [pc, #52]	@ (10005ca8 <tud_cdc_n_write_flush+0x74>)
10005c74:	01e3      	lsls	r3, r4, #7
10005c76:	189c      	adds	r4, r3, r2
10005c78:	0021      	movs	r1, r4
10005c7a:	2240      	movs	r2, #64	@ 0x40
10005c7c:	0038      	movs	r0, r7
10005c7e:	f000 fb71 	bl	10006364 <tu_fifo_read_n>
10005c82:	78a9      	ldrb	r1, [r5, #2]
10005c84:	0003      	movs	r3, r0
10005c86:	1e05      	subs	r5, r0, #0
10005c88:	d007      	beq.n	10005c9a <tud_cdc_n_write_flush+0x66>
10005c8a:	0022      	movs	r2, r4
10005c8c:	2000      	movs	r0, #0
10005c8e:	f7ff fe17 	bl	100058c0 <usbd_edpt_xfer>
10005c92:	2800      	cmp	r0, #0
10005c94:	d0d4      	beq.n	10005c40 <tud_cdc_n_write_flush+0xc>
10005c96:	0028      	movs	r0, r5
10005c98:	e7d3      	b.n	10005c42 <tud_cdc_n_write_flush+0xe>
10005c9a:	2000      	movs	r0, #0
10005c9c:	f7ff fdfc 	bl	10005898 <usbd_edpt_release>
10005ca0:	e7ce      	b.n	10005c40 <tud_cdc_n_write_flush+0xc>
10005ca2:	46c0      	nop			@ (mov r8, r8)
10005ca4:	20001030 	.word	0x20001030
10005ca8:	200014c4 	.word	0x200014c4

10005cac <tud_cdc_n_write>:
10005cac:	b570      	push	{r4, r5, r6, lr}
10005cae:	24c8      	movs	r4, #200	@ 0xc8
10005cb0:	4344      	muls	r4, r0
10005cb2:	4b0c      	ldr	r3, [pc, #48]	@ (10005ce4 <tud_cdc_n_write+0x38>)
10005cb4:	0005      	movs	r5, r0
10005cb6:	18e4      	adds	r4, r4, r3
10005cb8:	2380      	movs	r3, #128	@ 0x80
10005cba:	025b      	lsls	r3, r3, #9
10005cbc:	429a      	cmp	r2, r3
10005cbe:	d300      	bcc.n	10005cc2 <tud_cdc_n_write+0x16>
10005cc0:	4a09      	ldr	r2, [pc, #36]	@ (10005ce8 <tud_cdc_n_write+0x3c>)
10005cc2:	0020      	movs	r0, r4
10005cc4:	b292      	uxth	r2, r2
10005cc6:	f000 fc15 	bl	100064f4 <tu_fifo_write_n>
10005cca:	0006      	movs	r6, r0
10005ccc:	0020      	movs	r0, r4
10005cce:	f000 fac7 	bl	10006260 <tu_fifo_count>
10005cd2:	283f      	cmp	r0, #63	@ 0x3f
10005cd4:	d801      	bhi.n	10005cda <tud_cdc_n_write+0x2e>
10005cd6:	0030      	movs	r0, r6
10005cd8:	bd70      	pop	{r4, r5, r6, pc}
10005cda:	0028      	movs	r0, r5
10005cdc:	f7ff ffaa 	bl	10005c34 <tud_cdc_n_write_flush>
10005ce0:	e7f9      	b.n	10005cd6 <tud_cdc_n_write+0x2a>
10005ce2:	46c0      	nop			@ (mov r8, r8)
10005ce4:	20001054 	.word	0x20001054
10005ce8:	0000ffff 	.word	0x0000ffff

10005cec <tud_cdc_n_write_available>:
10005cec:	23c8      	movs	r3, #200	@ 0xc8
10005cee:	b510      	push	{r4, lr}
10005cf0:	4343      	muls	r3, r0
10005cf2:	4802      	ldr	r0, [pc, #8]	@ (10005cfc <tud_cdc_n_write_available+0x10>)
10005cf4:	1818      	adds	r0, r3, r0
10005cf6:	f000 fad1 	bl	1000629c <tu_fifo_remaining>
10005cfa:	bd10      	pop	{r4, pc}
10005cfc:	20001054 	.word	0x20001054

10005d00 <cdcd_init>:
10005d00:	b5f0      	push	{r4, r5, r6, r7, lr}
10005d02:	2500      	movs	r5, #0
10005d04:	4c18      	ldr	r4, [pc, #96]	@ (10005d68 <cdcd_init+0x68>)
10005d06:	b083      	sub	sp, #12
10005d08:	22c8      	movs	r2, #200	@ 0xc8
10005d0a:	2100      	movs	r1, #0
10005d0c:	0020      	movs	r0, r4
10005d0e:	f7fc fd4b 	bl	100027a8 <__wrap_memset>
10005d12:	4b16      	ldr	r3, [pc, #88]	@ (10005d6c <cdcd_init+0x6c>)
10005d14:	0021      	movs	r1, r4
10005d16:	701d      	strb	r5, [r3, #0]
10005d18:	23ff      	movs	r3, #255	@ 0xff
10005d1a:	7163      	strb	r3, [r4, #5]
10005d1c:	23e1      	movs	r3, #225	@ 0xe1
10005d1e:	025b      	lsls	r3, r3, #9
10005d20:	60a3      	str	r3, [r4, #8]
10005d22:	0020      	movs	r0, r4
10005d24:	2308      	movs	r3, #8
10005d26:	2240      	movs	r2, #64	@ 0x40
10005d28:	73a3      	strb	r3, [r4, #14]
10005d2a:	3138      	adds	r1, #56	@ 0x38
10005d2c:	9500      	str	r5, [sp, #0]
10005d2e:	3b07      	subs	r3, #7
10005d30:	3010      	adds	r0, #16
10005d32:	f000 fa5f 	bl	100061f4 <tu_fifo_config>
10005d36:	0027      	movs	r7, r4
10005d38:	2301      	movs	r3, #1
10005d3a:	0021      	movs	r1, r4
10005d3c:	0020      	movs	r0, r4
10005d3e:	0026      	movs	r6, r4
10005d40:	2240      	movs	r2, #64	@ 0x40
10005d42:	3178      	adds	r1, #120	@ 0x78
10005d44:	9300      	str	r3, [sp, #0]
10005d46:	37b8      	adds	r7, #184	@ 0xb8
10005d48:	3024      	adds	r0, #36	@ 0x24
10005d4a:	f000 fa53 	bl	100061f4 <tu_fifo_config>
10005d4e:	36c0      	adds	r6, #192	@ 0xc0
10005d50:	0038      	movs	r0, r7
10005d52:	f7fa feb5 	bl	10000ac0 <mutex_init>
10005d56:	0030      	movs	r0, r6
10005d58:	f7fa feb2 	bl	10000ac0 <mutex_init>
10005d5c:	61e5      	str	r5, [r4, #28]
10005d5e:	6227      	str	r7, [r4, #32]
10005d60:	6326      	str	r6, [r4, #48]	@ 0x30
10005d62:	6365      	str	r5, [r4, #52]	@ 0x34
10005d64:	b003      	add	sp, #12
10005d66:	bdf0      	pop	{r4, r5, r6, r7, pc}
10005d68:	20001030 	.word	0x20001030
10005d6c:	20001504 	.word	0x20001504

10005d70 <cdcd_deinit>:
10005d70:	4b0a      	ldr	r3, [pc, #40]	@ (10005d9c <cdcd_deinit+0x2c>)
10005d72:	6b19      	ldr	r1, [r3, #48]	@ 0x30
10005d74:	6a1a      	ldr	r2, [r3, #32]
10005d76:	2900      	cmp	r1, #0
10005d78:	d00c      	beq.n	10005d94 <cdcd_deinit+0x24>
10005d7a:	2a00      	cmp	r2, #0
10005d7c:	d007      	beq.n	10005d8e <cdcd_deinit+0x1e>
10005d7e:	2200      	movs	r2, #0
10005d80:	61da      	str	r2, [r3, #28]
10005d82:	635a      	str	r2, [r3, #52]	@ 0x34
10005d84:	631a      	str	r2, [r3, #48]	@ 0x30
10005d86:	2200      	movs	r2, #0
10005d88:	621a      	str	r2, [r3, #32]
10005d8a:	2001      	movs	r0, #1
10005d8c:	4770      	bx	lr
10005d8e:	635a      	str	r2, [r3, #52]	@ 0x34
10005d90:	631a      	str	r2, [r3, #48]	@ 0x30
10005d92:	e7fa      	b.n	10005d8a <cdcd_deinit+0x1a>
10005d94:	2a00      	cmp	r2, #0
10005d96:	d0f8      	beq.n	10005d8a <cdcd_deinit+0x1a>
10005d98:	61d9      	str	r1, [r3, #28]
10005d9a:	e7f4      	b.n	10005d86 <cdcd_deinit+0x16>
10005d9c:	20001030 	.word	0x20001030

10005da0 <cdcd_reset>:
10005da0:	b570      	push	{r4, r5, r6, lr}
10005da2:	2205      	movs	r2, #5
10005da4:	2100      	movs	r1, #0
10005da6:	480d      	ldr	r0, [pc, #52]	@ (10005ddc <cdcd_reset+0x3c>)
10005da8:	f7fc fcfe 	bl	100027a8 <__wrap_memset>
10005dac:	4d0c      	ldr	r5, [pc, #48]	@ (10005de0 <cdcd_reset+0x40>)
10005dae:	782b      	ldrb	r3, [r5, #0]
10005db0:	07da      	lsls	r2, r3, #31
10005db2:	d507      	bpl.n	10005dc4 <cdcd_reset+0x24>
10005db4:	4c0b      	ldr	r4, [pc, #44]	@ (10005de4 <cdcd_reset+0x44>)
10005db6:	079b      	lsls	r3, r3, #30
10005db8:	d50c      	bpl.n	10005dd4 <cdcd_reset+0x34>
10005dba:	2101      	movs	r1, #1
10005dbc:	0020      	movs	r0, r4
10005dbe:	f000 fc6d 	bl	1000669c <tu_fifo_set_overwritable>
10005dc2:	bd70      	pop	{r4, r5, r6, pc}
10005dc4:	4805      	ldr	r0, [pc, #20]	@ (10005ddc <cdcd_reset+0x3c>)
10005dc6:	3010      	adds	r0, #16
10005dc8:	f000 fc48 	bl	1000665c <tu_fifo_clear>
10005dcc:	782b      	ldrb	r3, [r5, #0]
10005dce:	4c05      	ldr	r4, [pc, #20]	@ (10005de4 <cdcd_reset+0x44>)
10005dd0:	079b      	lsls	r3, r3, #30
10005dd2:	d4f2      	bmi.n	10005dba <cdcd_reset+0x1a>
10005dd4:	0020      	movs	r0, r4
10005dd6:	f000 fc41 	bl	1000665c <tu_fifo_clear>
10005dda:	e7ee      	b.n	10005dba <cdcd_reset+0x1a>
10005ddc:	20001030 	.word	0x20001030
10005de0:	20001504 	.word	0x20001504
10005de4:	20001054 	.word	0x20001054

10005de8 <cdcd_open>:
10005de8:	b5f0      	push	{r4, r5, r6, r7, lr}
10005dea:	794b      	ldrb	r3, [r1, #5]
10005dec:	0007      	movs	r7, r0
10005dee:	b083      	sub	sp, #12
10005df0:	2b02      	cmp	r3, #2
10005df2:	d102      	bne.n	10005dfa <cdcd_open+0x12>
10005df4:	798b      	ldrb	r3, [r1, #6]
10005df6:	2b02      	cmp	r3, #2
10005df8:	d003      	beq.n	10005e02 <cdcd_open+0x1a>
10005dfa:	2400      	movs	r4, #0
10005dfc:	0020      	movs	r0, r4
10005dfe:	b003      	add	sp, #12
10005e00:	bdf0      	pop	{r4, r5, r6, r7, pc}
10005e02:	4b21      	ldr	r3, [pc, #132]	@ (10005e88 <cdcd_open+0xa0>)
10005e04:	001e      	movs	r6, r3
10005e06:	789b      	ldrb	r3, [r3, #2]
10005e08:	2b00      	cmp	r3, #0
10005e0a:	d1f6      	bne.n	10005dfa <cdcd_open+0x12>
10005e0c:	788b      	ldrb	r3, [r1, #2]
10005e0e:	2409      	movs	r4, #9
10005e10:	7033      	strb	r3, [r6, #0]
10005e12:	780d      	ldrb	r5, [r1, #0]
10005e14:	194d      	adds	r5, r1, r5
10005e16:	786b      	ldrb	r3, [r5, #1]
10005e18:	2b24      	cmp	r3, #36	@ 0x24
10005e1a:	d007      	beq.n	10005e2c <cdcd_open+0x44>
10005e1c:	e00c      	b.n	10005e38 <cdcd_open+0x50>
10005e1e:	782b      	ldrb	r3, [r5, #0]
10005e20:	18ed      	adds	r5, r5, r3
10005e22:	191c      	adds	r4, r3, r4
10005e24:	786b      	ldrb	r3, [r5, #1]
10005e26:	b2a4      	uxth	r4, r4
10005e28:	2b24      	cmp	r3, #36	@ 0x24
10005e2a:	d105      	bne.n	10005e38 <cdcd_open+0x50>
10005e2c:	42a2      	cmp	r2, r4
10005e2e:	d2f6      	bcs.n	10005e1e <cdcd_open+0x36>
10005e30:	2000      	movs	r0, #0
10005e32:	f7ff fe65 	bl	10005b00 <_prep_out_transaction.isra.0>
10005e36:	e7e1      	b.n	10005dfc <cdcd_open+0x14>
10005e38:	001a      	movs	r2, r3
10005e3a:	2b05      	cmp	r3, #5
10005e3c:	d015      	beq.n	10005e6a <cdcd_open+0x82>
10005e3e:	2a04      	cmp	r2, #4
10005e40:	d1f6      	bne.n	10005e30 <cdcd_open+0x48>
10005e42:	796b      	ldrb	r3, [r5, #5]
10005e44:	2b0a      	cmp	r3, #10
10005e46:	d1f3      	bne.n	10005e30 <cdcd_open+0x48>
10005e48:	4b10      	ldr	r3, [pc, #64]	@ (10005e8c <cdcd_open+0xa4>)
10005e4a:	782e      	ldrb	r6, [r5, #0]
10005e4c:	9301      	str	r3, [sp, #4]
10005e4e:	3301      	adds	r3, #1
10005e50:	9300      	str	r3, [sp, #0]
10005e52:	0038      	movs	r0, r7
10005e54:	2302      	movs	r3, #2
10005e56:	19a9      	adds	r1, r5, r6
10005e58:	3a02      	subs	r2, #2
10005e5a:	f7ff fca3 	bl	100057a4 <usbd_open_edpt_pair>
10005e5e:	2800      	cmp	r0, #0
10005e60:	d0cb      	beq.n	10005dfa <cdcd_open+0x12>
10005e62:	340e      	adds	r4, #14
10005e64:	19a4      	adds	r4, r4, r6
10005e66:	b2a4      	uxth	r4, r4
10005e68:	e7e2      	b.n	10005e30 <cdcd_open+0x48>
10005e6a:	0029      	movs	r1, r5
10005e6c:	0038      	movs	r0, r7
10005e6e:	f7ff fce5 	bl	1000583c <usbd_edpt_open>
10005e72:	2800      	cmp	r0, #0
10005e74:	d0c1      	beq.n	10005dfa <cdcd_open+0x12>
10005e76:	78ab      	ldrb	r3, [r5, #2]
10005e78:	7073      	strb	r3, [r6, #1]
10005e7a:	782b      	ldrb	r3, [r5, #0]
10005e7c:	191c      	adds	r4, r3, r4
10005e7e:	18ed      	adds	r5, r5, r3
10005e80:	786a      	ldrb	r2, [r5, #1]
10005e82:	b2a4      	uxth	r4, r4
10005e84:	e7db      	b.n	10005e3e <cdcd_open+0x56>
10005e86:	46c0      	nop			@ (mov r8, r8)
10005e88:	20001030 	.word	0x20001030
10005e8c:	20001032 	.word	0x20001032

10005e90 <cdcd_control_xfer_cb>:
10005e90:	2360      	movs	r3, #96	@ 0x60
10005e92:	468c      	mov	ip, r1
10005e94:	0011      	movs	r1, r2
10005e96:	7812      	ldrb	r2, [r2, #0]
10005e98:	b570      	push	{r4, r5, r6, lr}
10005e9a:	4013      	ands	r3, r2
10005e9c:	2200      	movs	r2, #0
10005e9e:	2b20      	cmp	r3, #32
10005ea0:	d108      	bne.n	10005eb4 <cdcd_control_xfer_cb+0x24>
10005ea2:	4c32      	ldr	r4, [pc, #200]	@ (10005f6c <cdcd_control_xfer_cb+0xdc>)
10005ea4:	794b      	ldrb	r3, [r1, #5]
10005ea6:	0026      	movs	r6, r4
10005ea8:	790d      	ldrb	r5, [r1, #4]
10005eaa:	7824      	ldrb	r4, [r4, #0]
10005eac:	021b      	lsls	r3, r3, #8
10005eae:	432b      	orrs	r3, r5
10005eb0:	429c      	cmp	r4, r3
10005eb2:	d001      	beq.n	10005eb8 <cdcd_control_xfer_cb+0x28>
10005eb4:	0010      	movs	r0, r2
10005eb6:	bd70      	pop	{r4, r5, r6, pc}
10005eb8:	784b      	ldrb	r3, [r1, #1]
10005eba:	2b22      	cmp	r3, #34	@ 0x22
10005ebc:	d01c      	beq.n	10005ef8 <cdcd_control_xfer_cb+0x68>
10005ebe:	d808      	bhi.n	10005ed2 <cdcd_control_xfer_cb+0x42>
10005ec0:	2b20      	cmp	r3, #32
10005ec2:	d039      	beq.n	10005f38 <cdcd_control_xfer_cb+0xa8>
10005ec4:	2b21      	cmp	r3, #33	@ 0x21
10005ec6:	d1f5      	bne.n	10005eb4 <cdcd_control_xfer_cb+0x24>
10005ec8:	4663      	mov	r3, ip
10005eca:	2b01      	cmp	r3, #1
10005ecc:	d043      	beq.n	10005f56 <cdcd_control_xfer_cb+0xc6>
10005ece:	2201      	movs	r2, #1
10005ed0:	e7f0      	b.n	10005eb4 <cdcd_control_xfer_cb+0x24>
10005ed2:	2b23      	cmp	r3, #35	@ 0x23
10005ed4:	d1ee      	bne.n	10005eb4 <cdcd_control_xfer_cb+0x24>
10005ed6:	4663      	mov	r3, ip
10005ed8:	2b01      	cmp	r3, #1
10005eda:	d042      	beq.n	10005f62 <cdcd_control_xfer_cb+0xd2>
10005edc:	2b03      	cmp	r3, #3
10005ede:	d1f6      	bne.n	10005ece <cdcd_control_xfer_cb+0x3e>
10005ee0:	4b23      	ldr	r3, [pc, #140]	@ (10005f70 <cdcd_control_xfer_cb+0xe0>)
10005ee2:	2b00      	cmp	r3, #0
10005ee4:	d0f3      	beq.n	10005ece <cdcd_control_xfer_cb+0x3e>
10005ee6:	788b      	ldrb	r3, [r1, #2]
10005ee8:	78c9      	ldrb	r1, [r1, #3]
10005eea:	2000      	movs	r0, #0
10005eec:	0209      	lsls	r1, r1, #8
10005eee:	4319      	orrs	r1, r3
10005ef0:	e000      	b.n	10005ef4 <cdcd_control_xfer_cb+0x64>
10005ef2:	bf00      	nop
10005ef4:	2201      	movs	r2, #1
10005ef6:	e7dd      	b.n	10005eb4 <cdcd_control_xfer_cb+0x24>
10005ef8:	4663      	mov	r3, ip
10005efa:	2b01      	cmp	r3, #1
10005efc:	d031      	beq.n	10005f62 <cdcd_control_xfer_cb+0xd2>
10005efe:	2b03      	cmp	r3, #3
10005f00:	d1e5      	bne.n	10005ece <cdcd_control_xfer_cb+0x3e>
10005f02:	2501      	movs	r5, #1
10005f04:	78cb      	ldrb	r3, [r1, #3]
10005f06:	788a      	ldrb	r2, [r1, #2]
10005f08:	021b      	lsls	r3, r3, #8
10005f0a:	4313      	orrs	r3, r2
10005f0c:	001c      	movs	r4, r3
10005f0e:	401d      	ands	r5, r3
10005f10:	0033      	movs	r3, r6
10005f12:	2101      	movs	r1, #1
10005f14:	3324      	adds	r3, #36	@ 0x24
10005f16:	0018      	movs	r0, r3
10005f18:	4069      	eors	r1, r5
10005f1a:	7134      	strb	r4, [r6, #4]
10005f1c:	f000 fbbe 	bl	1000669c <tu_fifo_set_overwritable>
10005f20:	4b14      	ldr	r3, [pc, #80]	@ (10005f74 <cdcd_control_xfer_cb+0xe4>)
10005f22:	2b00      	cmp	r3, #0
10005f24:	d0d3      	beq.n	10005ece <cdcd_control_xfer_cb+0x3e>
10005f26:	2301      	movs	r3, #1
10005f28:	0862      	lsrs	r2, r4, #1
10005f2a:	401a      	ands	r2, r3
10005f2c:	0029      	movs	r1, r5
10005f2e:	2000      	movs	r0, #0
10005f30:	e000      	b.n	10005f34 <cdcd_control_xfer_cb+0xa4>
10005f32:	bf00      	nop
10005f34:	2201      	movs	r2, #1
10005f36:	e7bd      	b.n	10005eb4 <cdcd_control_xfer_cb+0x24>
10005f38:	4663      	mov	r3, ip
10005f3a:	2b01      	cmp	r3, #1
10005f3c:	d00b      	beq.n	10005f56 <cdcd_control_xfer_cb+0xc6>
10005f3e:	2b03      	cmp	r3, #3
10005f40:	d1c5      	bne.n	10005ece <cdcd_control_xfer_cb+0x3e>
10005f42:	4b0d      	ldr	r3, [pc, #52]	@ (10005f78 <cdcd_control_xfer_cb+0xe8>)
10005f44:	2b00      	cmp	r3, #0
10005f46:	d0c2      	beq.n	10005ece <cdcd_control_xfer_cb+0x3e>
10005f48:	0031      	movs	r1, r6
10005f4a:	2000      	movs	r0, #0
10005f4c:	3108      	adds	r1, #8
10005f4e:	f7fe fe15 	bl	10004b7c <tud_cdc_line_coding_cb>
10005f52:	2201      	movs	r2, #1
10005f54:	e7ae      	b.n	10005eb4 <cdcd_control_xfer_cb+0x24>
10005f56:	4a09      	ldr	r2, [pc, #36]	@ (10005f7c <cdcd_control_xfer_cb+0xec>)
10005f58:	2307      	movs	r3, #7
10005f5a:	f7ff fcef 	bl	1000593c <tud_control_xfer>
10005f5e:	2201      	movs	r2, #1
10005f60:	e7a8      	b.n	10005eb4 <cdcd_control_xfer_cb+0x24>
10005f62:	f7ff fcd5 	bl	10005910 <tud_control_status>
10005f66:	2201      	movs	r2, #1
10005f68:	e7a4      	b.n	10005eb4 <cdcd_control_xfer_cb+0x24>
10005f6a:	46c0      	nop			@ (mov r8, r8)
10005f6c:	20001030 	.word	0x20001030
	...
10005f78:	10004b7d 	.word	0x10004b7d
10005f7c:	20001038 	.word	0x20001038

10005f80 <cdcd_xfer_cb>:
10005f80:	b5f8      	push	{r3, r4, r5, r6, r7, lr}
10005f82:	4647      	mov	r7, r8
10005f84:	46ce      	mov	lr, r9
10005f86:	b580      	push	{r7, lr}
10005f88:	4c34      	ldr	r4, [pc, #208]	@ (1000605c <cdcd_xfer_cb+0xdc>)
10005f8a:	001f      	movs	r7, r3
10005f8c:	78e3      	ldrb	r3, [r4, #3]
10005f8e:	4680      	mov	r8, r0
10005f90:	000d      	movs	r5, r1
10005f92:	428b      	cmp	r3, r1
10005f94:	d03b      	beq.n	1000600e <cdcd_xfer_cb+0x8e>
10005f96:	78a3      	ldrb	r3, [r4, #2]
10005f98:	2000      	movs	r0, #0
10005f9a:	428b      	cmp	r3, r1
10005f9c:	d011      	beq.n	10005fc2 <cdcd_xfer_cb+0x42>
10005f9e:	bcc0      	pop	{r6, r7}
10005fa0:	46b9      	mov	r9, r7
10005fa2:	46b0      	mov	r8, r6
10005fa4:	bdf8      	pop	{r3, r4, r5, r6, r7, pc}
10005fa6:	4b2e      	ldr	r3, [pc, #184]	@ (10006060 <cdcd_xfer_cb+0xe0>)
10005fa8:	2b00      	cmp	r3, #0
10005faa:	d004      	beq.n	10005fb6 <cdcd_xfer_cb+0x36>
10005fac:	482d      	ldr	r0, [pc, #180]	@ (10006064 <cdcd_xfer_cb+0xe4>)
10005fae:	f000 f96d 	bl	1000628c <tu_fifo_empty>
10005fb2:	2800      	cmp	r0, #0
10005fb4:	d04f      	beq.n	10006056 <cdcd_xfer_cb+0xd6>
10005fb6:	2000      	movs	r0, #0
10005fb8:	f7ff fda2 	bl	10005b00 <_prep_out_transaction.isra.0>
10005fbc:	78a3      	ldrb	r3, [r4, #2]
10005fbe:	42ab      	cmp	r3, r5
10005fc0:	d10a      	bne.n	10005fd8 <cdcd_xfer_cb+0x58>
10005fc2:	4b29      	ldr	r3, [pc, #164]	@ (10006068 <cdcd_xfer_cb+0xe8>)
10005fc4:	2b00      	cmp	r3, #0
10005fc6:	d002      	beq.n	10005fce <cdcd_xfer_cb+0x4e>
10005fc8:	2000      	movs	r0, #0
10005fca:	e000      	b.n	10005fce <cdcd_xfer_cb+0x4e>
10005fcc:	bf00      	nop
10005fce:	2000      	movs	r0, #0
10005fd0:	f7ff fe30 	bl	10005c34 <tud_cdc_n_write_flush>
10005fd4:	2800      	cmp	r0, #0
10005fd6:	d001      	beq.n	10005fdc <cdcd_xfer_cb+0x5c>
10005fd8:	2001      	movs	r0, #1
10005fda:	e7e0      	b.n	10005f9e <cdcd_xfer_cb+0x1e>
10005fdc:	4c23      	ldr	r4, [pc, #140]	@ (1000606c <cdcd_xfer_cb+0xec>)
10005fde:	0020      	movs	r0, r4
10005fe0:	f000 f93e 	bl	10006260 <tu_fifo_count>
10005fe4:	2800      	cmp	r0, #0
10005fe6:	d1f7      	bne.n	10005fd8 <cdcd_xfer_cb+0x58>
10005fe8:	2f00      	cmp	r7, #0
10005fea:	d0f5      	beq.n	10005fd8 <cdcd_xfer_cb+0x58>
10005fec:	06bb      	lsls	r3, r7, #26
10005fee:	d1f3      	bne.n	10005fd8 <cdcd_xfer_cb+0x58>
10005ff0:	3c24      	subs	r4, #36	@ 0x24
10005ff2:	4640      	mov	r0, r8
10005ff4:	78a1      	ldrb	r1, [r4, #2]
10005ff6:	f7ff fc3b 	bl	10005870 <usbd_edpt_claim>
10005ffa:	2800      	cmp	r0, #0
10005ffc:	d0ec      	beq.n	10005fd8 <cdcd_xfer_cb+0x58>
10005ffe:	2300      	movs	r3, #0
10006000:	2200      	movs	r2, #0
10006002:	4640      	mov	r0, r8
10006004:	78a1      	ldrb	r1, [r4, #2]
10006006:	f7ff fc5b 	bl	100058c0 <usbd_edpt_xfer>
1000600a:	2001      	movs	r0, #1
1000600c:	e7c7      	b.n	10005f9e <cdcd_xfer_cb+0x1e>
1000600e:	4e18      	ldr	r6, [pc, #96]	@ (10006070 <cdcd_xfer_cb+0xf0>)
10006010:	4814      	ldr	r0, [pc, #80]	@ (10006064 <cdcd_xfer_cb+0xe4>)
10006012:	0031      	movs	r1, r6
10006014:	b2ba      	uxth	r2, r7
10006016:	f000 fa6d 	bl	100064f4 <tu_fifo_write_n>
1000601a:	4b16      	ldr	r3, [pc, #88]	@ (10006074 <cdcd_xfer_cb+0xf4>)
1000601c:	2b00      	cmp	r3, #0
1000601e:	d0c2      	beq.n	10005fa6 <cdcd_xfer_cb+0x26>
10006020:	7963      	ldrb	r3, [r4, #5]
10006022:	2bff      	cmp	r3, #255	@ 0xff
10006024:	d0bf      	beq.n	10005fa6 <cdcd_xfer_cb+0x26>
10006026:	2f00      	cmp	r7, #0
10006028:	d0bd      	beq.n	10005fa6 <cdcd_xfer_cb+0x26>
1000602a:	46bc      	mov	ip, r7
1000602c:	44b4      	add	ip, r6
1000602e:	46e1      	mov	r9, ip
10006030:	e003      	b.n	1000603a <cdcd_xfer_cb+0xba>
10006032:	3601      	adds	r6, #1
10006034:	454e      	cmp	r6, r9
10006036:	d0b6      	beq.n	10005fa6 <cdcd_xfer_cb+0x26>
10006038:	7963      	ldrb	r3, [r4, #5]
1000603a:	7832      	ldrb	r2, [r6, #0]
1000603c:	429a      	cmp	r2, r3
1000603e:	d1f8      	bne.n	10006032 <cdcd_xfer_cb+0xb2>
10006040:	4808      	ldr	r0, [pc, #32]	@ (10006064 <cdcd_xfer_cb+0xe4>)
10006042:	f000 f923 	bl	1000628c <tu_fifo_empty>
10006046:	2800      	cmp	r0, #0
10006048:	d1f3      	bne.n	10006032 <cdcd_xfer_cb+0xb2>
1000604a:	4b06      	ldr	r3, [pc, #24]	@ (10006064 <cdcd_xfer_cb+0xe4>)
1000604c:	3b10      	subs	r3, #16
1000604e:	7959      	ldrb	r1, [r3, #5]
10006050:	e000      	b.n	10006054 <cdcd_xfer_cb+0xd4>
10006052:	bf00      	nop
10006054:	e7ed      	b.n	10006032 <cdcd_xfer_cb+0xb2>
10006056:	e000      	b.n	1000605a <cdcd_xfer_cb+0xda>
10006058:	bf00      	nop
1000605a:	e7ac      	b.n	10005fb6 <cdcd_xfer_cb+0x36>
1000605c:	20001030 	.word	0x20001030
10006060:	00000000 	.word	0x00000000
10006064:	20001040 	.word	0x20001040
10006068:	00000000 	.word	0x00000000
1000606c:	20001054 	.word	0x20001054
10006070:	20001484 	.word	0x20001484
10006074:	00000000 	.word	0x00000000

10006078 <tusb_rhport_init>:
10006078:	b500      	push	{lr}
1000607a:	0003      	movs	r3, r0
1000607c:	b083      	sub	sp, #12
1000607e:	2900      	cmp	r1, #0
10006080:	d010      	beq.n	100060a4 <tusb_rhport_init+0x2c>
10006082:	2000      	movs	r0, #0
10006084:	2b01      	cmp	r3, #1
10006086:	d807      	bhi.n	10006098 <tusb_rhport_init+0x20>
10006088:	780a      	ldrb	r2, [r1, #0]
1000608a:	2a00      	cmp	r2, #0
1000608c:	d004      	beq.n	10006098 <tusb_rhport_init+0x20>
1000608e:	480c      	ldr	r0, [pc, #48]	@ (100060c0 <tusb_rhport_init+0x48>)
10006090:	54c2      	strb	r2, [r0, r3]
10006092:	2001      	movs	r0, #1
10006094:	2a01      	cmp	r2, #1
10006096:	d001      	beq.n	1000609c <tusb_rhport_init+0x24>
10006098:	b003      	add	sp, #12
1000609a:	bd00      	pop	{pc}
1000609c:	0018      	movs	r0, r3
1000609e:	f7fe ff21 	bl	10004ee4 <tud_rhport_init>
100060a2:	e7f9      	b.n	10006098 <tusb_rhport_init+0x20>
100060a4:	2301      	movs	r3, #1
100060a6:	466a      	mov	r2, sp
100060a8:	2000      	movs	r0, #0
100060aa:	a901      	add	r1, sp, #4
100060ac:	8093      	strh	r3, [r2, #4]
100060ae:	f7fe ff19 	bl	10004ee4 <tud_rhport_init>
100060b2:	2800      	cmp	r0, #0
100060b4:	d0f0      	beq.n	10006098 <tusb_rhport_init+0x20>
100060b6:	2201      	movs	r2, #1
100060b8:	4b01      	ldr	r3, [pc, #4]	@ (100060c0 <tusb_rhport_init+0x48>)
100060ba:	701a      	strb	r2, [r3, #0]
100060bc:	e7ec      	b.n	10006098 <tusb_rhport_init+0x20>
100060be:	46c0      	nop			@ (mov r8, r8)
100060c0:	2000155c 	.word	0x2000155c

100060c4 <tu_edpt_claim>:
100060c4:	b570      	push	{r4, r5, r6, lr}
100060c6:	0004      	movs	r4, r0
100060c8:	7823      	ldrb	r3, [r4, #0]
100060ca:	0008      	movs	r0, r1
100060cc:	07db      	lsls	r3, r3, #31
100060ce:	000e      	movs	r6, r1
100060d0:	0fdd      	lsrs	r5, r3, #31
100060d2:	2b00      	cmp	r3, #0
100060d4:	d116      	bne.n	10006104 <tu_edpt_claim+0x40>
100060d6:	7823      	ldrb	r3, [r4, #0]
100060d8:	075b      	lsls	r3, r3, #29
100060da:	d501      	bpl.n	100060e0 <tu_edpt_claim+0x1c>
100060dc:	0028      	movs	r0, r5
100060de:	bd70      	pop	{r4, r5, r6, pc}
100060e0:	2101      	movs	r1, #1
100060e2:	4249      	negs	r1, r1
100060e4:	f000 fb80 	bl	100067e8 <__mutex_enter_timeout_ms_veneer>
100060e8:	7823      	ldrb	r3, [r4, #0]
100060ea:	07db      	lsls	r3, r3, #31
100060ec:	0fdd      	lsrs	r5, r3, #31
100060ee:	2b00      	cmp	r3, #0
100060f0:	d10a      	bne.n	10006108 <tu_edpt_claim+0x44>
100060f2:	7823      	ldrb	r3, [r4, #0]
100060f4:	075b      	lsls	r3, r3, #29
100060f6:	d408      	bmi.n	1000610a <tu_edpt_claim+0x46>
100060f8:	2204      	movs	r2, #4
100060fa:	7823      	ldrb	r3, [r4, #0]
100060fc:	2501      	movs	r5, #1
100060fe:	4313      	orrs	r3, r2
10006100:	7023      	strb	r3, [r4, #0]
10006102:	e002      	b.n	1000610a <tu_edpt_claim+0x46>
10006104:	2500      	movs	r5, #0
10006106:	e7e9      	b.n	100060dc <tu_edpt_claim+0x18>
10006108:	2500      	movs	r5, #0
1000610a:	0030      	movs	r0, r6
1000610c:	f000 fb74 	bl	100067f8 <__mutex_exit_veneer>
10006110:	e7e4      	b.n	100060dc <tu_edpt_claim+0x18>
10006112:	46c0      	nop			@ (mov r8, r8)

10006114 <tu_edpt_release>:
10006114:	b570      	push	{r4, r5, r6, lr}
10006116:	000d      	movs	r5, r1
10006118:	2101      	movs	r1, #1
1000611a:	0004      	movs	r4, r0
1000611c:	4249      	negs	r1, r1
1000611e:	0028      	movs	r0, r5
10006120:	f000 fb62 	bl	100067e8 <__mutex_enter_timeout_ms_veneer>
10006124:	7823      	ldrb	r3, [r4, #0]
10006126:	075b      	lsls	r3, r3, #29
10006128:	0fde      	lsrs	r6, r3, #31
1000612a:	2b00      	cmp	r3, #0
1000612c:	db04      	blt.n	10006138 <tu_edpt_release+0x24>
1000612e:	0028      	movs	r0, r5
10006130:	f000 fb62 	bl	100067f8 <__mutex_exit_veneer>
10006134:	0030      	movs	r0, r6
10006136:	bd70      	pop	{r4, r5, r6, pc}
10006138:	7823      	ldrb	r3, [r4, #0]
1000613a:	07db      	lsls	r3, r3, #31
1000613c:	d404      	bmi.n	10006148 <tu_edpt_release+0x34>
1000613e:	2204      	movs	r2, #4
10006140:	7823      	ldrb	r3, [r4, #0]
10006142:	4393      	bics	r3, r2
10006144:	7023      	strb	r3, [r4, #0]
10006146:	e7f2      	b.n	1000612e <tu_edpt_release+0x1a>
10006148:	2600      	movs	r6, #0
1000614a:	e7f0      	b.n	1000612e <tu_edpt_release+0x1a>

1000614c <tu_edpt_validate>:
1000614c:	7943      	ldrb	r3, [r0, #5]
1000614e:	7902      	ldrb	r2, [r0, #4]
10006150:	021b      	lsls	r3, r3, #8
10006152:	4313      	orrs	r3, r2
10006154:	78c2      	ldrb	r2, [r0, #3]
10006156:	055b      	lsls	r3, r3, #21
10006158:	0792      	lsls	r2, r2, #30
1000615a:	0d5b      	lsrs	r3, r3, #21
1000615c:	0f92      	lsrs	r2, r2, #30
1000615e:	2a02      	cmp	r2, #2
10006160:	d01a      	beq.n	10006198 <tu_edpt_validate+0x4c>
10006162:	2a03      	cmp	r2, #3
10006164:	d00b      	beq.n	1000617e <tu_edpt_validate+0x32>
10006166:	2000      	movs	r0, #0
10006168:	2a01      	cmp	r2, #1
1000616a:	d107      	bne.n	1000617c <tu_edpt_validate+0x30>
1000616c:	3902      	subs	r1, #2
1000616e:	424a      	negs	r2, r1
10006170:	4151      	adcs	r1, r2
10006172:	4a10      	ldr	r2, [pc, #64]	@ (100061b4 <tu_edpt_validate+0x68>)
10006174:	1889      	adds	r1, r1, r2
10006176:	4299      	cmp	r1, r3
10006178:	4140      	adcs	r0, r0
1000617a:	b2c0      	uxtb	r0, r0
1000617c:	4770      	bx	lr
1000617e:	3902      	subs	r1, #2
10006180:	1e4a      	subs	r2, r1, #1
10006182:	4191      	sbcs	r1, r2
10006184:	4a0c      	ldr	r2, [pc, #48]	@ (100061b8 <tu_edpt_validate+0x6c>)
10006186:	4249      	negs	r1, r1
10006188:	4011      	ands	r1, r2
1000618a:	2280      	movs	r2, #128	@ 0x80
1000618c:	2000      	movs	r0, #0
1000618e:	00d2      	lsls	r2, r2, #3
10006190:	1889      	adds	r1, r1, r2
10006192:	4299      	cmp	r1, r3
10006194:	4140      	adcs	r0, r0
10006196:	e7f1      	b.n	1000617c <tu_edpt_validate+0x30>
10006198:	2902      	cmp	r1, #2
1000619a:	d004      	beq.n	100061a6 <tu_edpt_validate+0x5a>
1000619c:	2000      	movs	r0, #0
1000619e:	2240      	movs	r2, #64	@ 0x40
100061a0:	429a      	cmp	r2, r3
100061a2:	4140      	adcs	r0, r0
100061a4:	e7ea      	b.n	1000617c <tu_edpt_validate+0x30>
100061a6:	4a05      	ldr	r2, [pc, #20]	@ (100061bc <tu_edpt_validate+0x70>)
100061a8:	1898      	adds	r0, r3, r2
100061aa:	4243      	negs	r3, r0
100061ac:	4158      	adcs	r0, r3
100061ae:	b2c0      	uxtb	r0, r0
100061b0:	e7e4      	b.n	1000617c <tu_edpt_validate+0x30>
100061b2:	46c0      	nop			@ (mov r8, r8)
100061b4:	000003ff 	.word	0x000003ff
100061b8:	fffffc40 	.word	0xfffffc40
100061bc:	fffffe00 	.word	0xfffffe00

100061c0 <tu_edpt_bind_driver>:
100061c0:	4684      	mov	ip, r0
100061c2:	1888      	adds	r0, r1, r2
100061c4:	b530      	push	{r4, r5, lr}
100061c6:	001c      	movs	r4, r3
100061c8:	4281      	cmp	r1, r0
100061ca:	d206      	bcs.n	100061da <tu_edpt_bind_driver+0x1a>
100061cc:	784a      	ldrb	r2, [r1, #1]
100061ce:	2a05      	cmp	r2, #5
100061d0:	d004      	beq.n	100061dc <tu_edpt_bind_driver+0x1c>
100061d2:	780a      	ldrb	r2, [r1, #0]
100061d4:	1889      	adds	r1, r1, r2
100061d6:	4288      	cmp	r0, r1
100061d8:	d8f8      	bhi.n	100061cc <tu_edpt_bind_driver+0xc>
100061da:	bd30      	pop	{r4, r5, pc}
100061dc:	227f      	movs	r2, #127	@ 0x7f
100061de:	788b      	ldrb	r3, [r1, #2]
100061e0:	401a      	ands	r2, r3
100061e2:	0052      	lsls	r2, r2, #1
100061e4:	4462      	add	r2, ip
100061e6:	09db      	lsrs	r3, r3, #7
100061e8:	54d4      	strb	r4, [r2, r3]
100061ea:	780a      	ldrb	r2, [r1, #0]
100061ec:	1889      	adds	r1, r1, r2
100061ee:	4288      	cmp	r0, r1
100061f0:	d8ec      	bhi.n	100061cc <tu_edpt_bind_driver+0xc>
100061f2:	e7f2      	b.n	100061da <tu_edpt_bind_driver+0x1a>

100061f4 <tu_fifo_config>:
100061f4:	b5f0      	push	{r4, r5, r6, r7, lr}
100061f6:	46c6      	mov	lr, r8
100061f8:	b500      	push	{lr}
100061fa:	4698      	mov	r8, r3
100061fc:	466b      	mov	r3, sp
100061fe:	7e1e      	ldrb	r6, [r3, #24]
10006200:	2380      	movs	r3, #128	@ 0x80
10006202:	0004      	movs	r4, r0
10006204:	000f      	movs	r7, r1
10006206:	0015      	movs	r5, r2
10006208:	021b      	lsls	r3, r3, #8
1000620a:	429a      	cmp	r2, r3
1000620c:	d826      	bhi.n	1000625c <tu_fifo_config+0x68>
1000620e:	68c0      	ldr	r0, [r0, #12]
10006210:	2800      	cmp	r0, #0
10006212:	d003      	beq.n	1000621c <tu_fifo_config+0x28>
10006214:	2101      	movs	r1, #1
10006216:	4249      	negs	r1, r1
10006218:	f000 fae6 	bl	100067e8 <__mutex_enter_timeout_ms_veneer>
1000621c:	6920      	ldr	r0, [r4, #16]
1000621e:	2800      	cmp	r0, #0
10006220:	d003      	beq.n	1000622a <tu_fifo_config+0x36>
10006222:	2101      	movs	r1, #1
10006224:	4249      	negs	r1, r1
10006226:	f000 fadf 	bl	100067e8 <__mutex_enter_timeout_ms_veneer>
1000622a:	4642      	mov	r2, r8
1000622c:	0452      	lsls	r2, r2, #17
1000622e:	03f3      	lsls	r3, r6, #15
10006230:	0c52      	lsrs	r2, r2, #17
10006232:	4313      	orrs	r3, r2
10006234:	80e3      	strh	r3, [r4, #6]
10006236:	2300      	movs	r3, #0
10006238:	68e0      	ldr	r0, [r4, #12]
1000623a:	8163      	strh	r3, [r4, #10]
1000623c:	6027      	str	r7, [r4, #0]
1000623e:	80a5      	strh	r5, [r4, #4]
10006240:	8123      	strh	r3, [r4, #8]
10006242:	2800      	cmp	r0, #0
10006244:	d001      	beq.n	1000624a <tu_fifo_config+0x56>
10006246:	f000 fad7 	bl	100067f8 <__mutex_exit_veneer>
1000624a:	6920      	ldr	r0, [r4, #16]
1000624c:	2800      	cmp	r0, #0
1000624e:	d001      	beq.n	10006254 <tu_fifo_config+0x60>
10006250:	f000 fad2 	bl	100067f8 <__mutex_exit_veneer>
10006254:	2001      	movs	r0, #1
10006256:	bc80      	pop	{r7}
10006258:	46b8      	mov	r8, r7
1000625a:	bdf0      	pop	{r4, r5, r6, r7, pc}
1000625c:	2000      	movs	r0, #0
1000625e:	e7fa      	b.n	10006256 <tu_fifo_config+0x62>

10006260 <tu_fifo_count>:
10006260:	8903      	ldrh	r3, [r0, #8]
10006262:	8941      	ldrh	r1, [r0, #10]
10006264:	469c      	mov	ip, r3
10006266:	8882      	ldrh	r2, [r0, #4]
10006268:	b29b      	uxth	r3, r3
1000626a:	b288      	uxth	r0, r1
1000626c:	458c      	cmp	ip, r1
1000626e:	d307      	bcc.n	10006280 <tu_fifo_count+0x20>
10006270:	1a1b      	subs	r3, r3, r0
10006272:	b29b      	uxth	r3, r3
10006274:	1c10      	adds	r0, r2, #0
10006276:	429a      	cmp	r2, r3
10006278:	d900      	bls.n	1000627c <tu_fifo_count+0x1c>
1000627a:	1c18      	adds	r0, r3, #0
1000627c:	b280      	uxth	r0, r0
1000627e:	4770      	bx	lr
10006280:	0051      	lsls	r1, r2, #1
10006282:	1a09      	subs	r1, r1, r0
10006284:	185b      	adds	r3, r3, r1
10006286:	b29b      	uxth	r3, r3
10006288:	e7f4      	b.n	10006274 <tu_fifo_count+0x14>
1000628a:	46c0      	nop			@ (mov r8, r8)

1000628c <tu_fifo_empty>:
1000628c:	8903      	ldrh	r3, [r0, #8]
1000628e:	8940      	ldrh	r0, [r0, #10]
10006290:	1a18      	subs	r0, r3, r0
10006292:	4243      	negs	r3, r0
10006294:	4158      	adcs	r0, r3
10006296:	b2c0      	uxtb	r0, r0
10006298:	4770      	bx	lr
1000629a:	46c0      	nop			@ (mov r8, r8)

1000629c <tu_fifo_remaining>:
1000629c:	8903      	ldrh	r3, [r0, #8]
1000629e:	8941      	ldrh	r1, [r0, #10]
100062a0:	469c      	mov	ip, r3
100062a2:	8882      	ldrh	r2, [r0, #4]
100062a4:	b29b      	uxth	r3, r3
100062a6:	b288      	uxth	r0, r1
100062a8:	458c      	cmp	ip, r1
100062aa:	d307      	bcc.n	100062bc <tu_fifo_remaining+0x20>
100062ac:	1a1b      	subs	r3, r3, r0
100062ae:	b29b      	uxth	r3, r3
100062b0:	2000      	movs	r0, #0
100062b2:	429a      	cmp	r2, r3
100062b4:	d901      	bls.n	100062ba <tu_fifo_remaining+0x1e>
100062b6:	1ad2      	subs	r2, r2, r3
100062b8:	b290      	uxth	r0, r2
100062ba:	4770      	bx	lr
100062bc:	0051      	lsls	r1, r2, #1
100062be:	1a09      	subs	r1, r1, r0
100062c0:	185b      	adds	r3, r3, r1
100062c2:	b29b      	uxth	r3, r3
100062c4:	e7f4      	b.n	100062b0 <tu_fifo_remaining+0x14>
100062c6:	46c0      	nop			@ (mov r8, r8)

100062c8 <tu_fifo_read>:
100062c8:	b570      	push	{r4, r5, r6, lr}
100062ca:	0004      	movs	r4, r0
100062cc:	6900      	ldr	r0, [r0, #16]
100062ce:	000d      	movs	r5, r1
100062d0:	2800      	cmp	r0, #0
100062d2:	d003      	beq.n	100062dc <tu_fifo_read+0x14>
100062d4:	2101      	movs	r1, #1
100062d6:	4249      	negs	r1, r1
100062d8:	f000 fa86 	bl	100067e8 <__mutex_enter_timeout_ms_veneer>
100062dc:	8923      	ldrh	r3, [r4, #8]
100062de:	8962      	ldrh	r2, [r4, #10]
100062e0:	469c      	mov	ip, r3
100062e2:	b298      	uxth	r0, r3
100062e4:	b291      	uxth	r1, r2
100062e6:	88a3      	ldrh	r3, [r4, #4]
100062e8:	4594      	cmp	ip, r2
100062ea:	d332      	bcc.n	10006352 <tu_fifo_read+0x8a>
100062ec:	1a42      	subs	r2, r0, r1
100062ee:	b292      	uxth	r2, r2
100062f0:	2a00      	cmp	r2, #0
100062f2:	d027      	beq.n	10006344 <tu_fifo_read+0x7c>
100062f4:	4293      	cmp	r3, r2
100062f6:	d208      	bcs.n	1000630a <tu_fifo_read+0x42>
100062f8:	4298      	cmp	r0, r3
100062fa:	d32f      	bcc.n	1000635c <tu_fifo_read+0x94>
100062fc:	1ac0      	subs	r0, r0, r3
100062fe:	b281      	uxth	r1, r0
10006300:	8161      	strh	r1, [r4, #10]
10006302:	428b      	cmp	r3, r1
10006304:	d803      	bhi.n	1000630e <tu_fifo_read+0x46>
10006306:	1ac9      	subs	r1, r1, r3
10006308:	b289      	uxth	r1, r1
1000630a:	428b      	cmp	r3, r1
1000630c:	d9fb      	bls.n	10006306 <tu_fifo_read+0x3e>
1000630e:	88e2      	ldrh	r2, [r4, #6]
10006310:	6823      	ldr	r3, [r4, #0]
10006312:	0452      	lsls	r2, r2, #17
10006314:	0c52      	lsrs	r2, r2, #17
10006316:	4351      	muls	r1, r2
10006318:	0028      	movs	r0, r5
1000631a:	1859      	adds	r1, r3, r1
1000631c:	f7fc fa4a 	bl	100027b4 <__wrap___aeabi_memcpy>
10006320:	8961      	ldrh	r1, [r4, #10]
10006322:	2501      	movs	r5, #1
10006324:	1c4a      	adds	r2, r1, #1
10006326:	b292      	uxth	r2, r2
10006328:	88a3      	ldrh	r3, [r4, #4]
1000632a:	4291      	cmp	r1, r2
1000632c:	d90d      	bls.n	1000634a <tu_fifo_read+0x82>
1000632e:	2200      	movs	r2, #0
10006330:	005b      	lsls	r3, r3, #1
10006332:	1ad2      	subs	r2, r2, r3
10006334:	6920      	ldr	r0, [r4, #16]
10006336:	8162      	strh	r2, [r4, #10]
10006338:	2800      	cmp	r0, #0
1000633a:	d001      	beq.n	10006340 <tu_fifo_read+0x78>
1000633c:	f000 fa5c 	bl	100067f8 <__mutex_exit_veneer>
10006340:	0028      	movs	r0, r5
10006342:	bd70      	pop	{r4, r5, r6, pc}
10006344:	2500      	movs	r5, #0
10006346:	8962      	ldrh	r2, [r4, #10]
10006348:	b292      	uxth	r2, r2
1000634a:	005b      	lsls	r3, r3, #1
1000634c:	429a      	cmp	r2, r3
1000634e:	dbf1      	blt.n	10006334 <tu_fifo_read+0x6c>
10006350:	e7ef      	b.n	10006332 <tu_fifo_read+0x6a>
10006352:	005a      	lsls	r2, r3, #1
10006354:	1a52      	subs	r2, r2, r1
10006356:	1882      	adds	r2, r0, r2
10006358:	b292      	uxth	r2, r2
1000635a:	e7c9      	b.n	100062f0 <tu_fifo_read+0x28>
1000635c:	18c0      	adds	r0, r0, r3
1000635e:	b281      	uxth	r1, r0
10006360:	8161      	strh	r1, [r4, #10]
10006362:	e7ce      	b.n	10006302 <tu_fifo_read+0x3a>

10006364 <tu_fifo_read_n>:
10006364:	b5f0      	push	{r4, r5, r6, r7, lr}
10006366:	4646      	mov	r6, r8
10006368:	46d6      	mov	lr, sl
1000636a:	464f      	mov	r7, r9
1000636c:	b5c0      	push	{r6, r7, lr}
1000636e:	0006      	movs	r6, r0
10006370:	6900      	ldr	r0, [r0, #16]
10006372:	468a      	mov	sl, r1
10006374:	4690      	mov	r8, r2
10006376:	b082      	sub	sp, #8
10006378:	2800      	cmp	r0, #0
1000637a:	d003      	beq.n	10006384 <tu_fifo_read_n+0x20>
1000637c:	2101      	movs	r1, #1
1000637e:	4249      	negs	r1, r1
10006380:	f000 fa32 	bl	100067e8 <__mutex_enter_timeout_ms_veneer>
10006384:	8931      	ldrh	r1, [r6, #8]
10006386:	8972      	ldrh	r2, [r6, #10]
10006388:	88b5      	ldrh	r5, [r6, #4]
1000638a:	b28b      	uxth	r3, r1
1000638c:	b294      	uxth	r4, r2
1000638e:	4291      	cmp	r1, r2
10006390:	d355      	bcc.n	1000643e <tu_fifo_read_n+0xda>
10006392:	1b1f      	subs	r7, r3, r4
10006394:	b2bf      	uxth	r7, r7
10006396:	2f00      	cmp	r7, #0
10006398:	d04b      	beq.n	10006432 <tu_fifo_read_n+0xce>
1000639a:	42bd      	cmp	r5, r7
1000639c:	d205      	bcs.n	100063aa <tu_fifo_read_n+0x46>
1000639e:	42ab      	cmp	r3, r5
100063a0:	d252      	bcs.n	10006448 <tu_fifo_read_n+0xe4>
100063a2:	195b      	adds	r3, r3, r5
100063a4:	b29c      	uxth	r4, r3
100063a6:	002f      	movs	r7, r5
100063a8:	8174      	strh	r4, [r6, #10]
100063aa:	4643      	mov	r3, r8
100063ac:	45b8      	cmp	r8, r7
100063ae:	d83e      	bhi.n	1000642e <tu_fifo_read_n+0xca>
100063b0:	b29f      	uxth	r7, r3
100063b2:	42a5      	cmp	r5, r4
100063b4:	d803      	bhi.n	100063be <tu_fifo_read_n+0x5a>
100063b6:	1b64      	subs	r4, r4, r5
100063b8:	b2a4      	uxth	r4, r4
100063ba:	42a5      	cmp	r5, r4
100063bc:	d9fb      	bls.n	100063b6 <tu_fifo_read_n+0x52>
100063be:	88f2      	ldrh	r2, [r6, #6]
100063c0:	6831      	ldr	r1, [r6, #0]
100063c2:	0452      	lsls	r2, r2, #17
100063c4:	0c50      	lsrs	r0, r2, #17
100063c6:	0002      	movs	r2, r0
100063c8:	4362      	muls	r2, r4
100063ca:	1b2b      	subs	r3, r5, r4
100063cc:	b29b      	uxth	r3, r3
100063ce:	1889      	adds	r1, r1, r2
100063d0:	9001      	str	r0, [sp, #4]
100063d2:	0002      	movs	r2, r0
100063d4:	429f      	cmp	r7, r3
100063d6:	d925      	bls.n	10006424 <tu_fifo_read_n+0xc0>
100063d8:	4343      	muls	r3, r0
100063da:	b29b      	uxth	r3, r3
100063dc:	001a      	movs	r2, r3
100063de:	4650      	mov	r0, sl
100063e0:	4699      	mov	r9, r3
100063e2:	f7fc f9e7 	bl	100027b4 <__wrap___aeabi_memcpy>
100063e6:	4650      	mov	r0, sl
100063e8:	9a01      	ldr	r2, [sp, #4]
100063ea:	1b7d      	subs	r5, r7, r5
100063ec:	1964      	adds	r4, r4, r5
100063ee:	4354      	muls	r4, r2
100063f0:	6831      	ldr	r1, [r6, #0]
100063f2:	4448      	add	r0, r9
100063f4:	b2a2      	uxth	r2, r4
100063f6:	f7fc f9dd 	bl	100027b4 <__wrap___aeabi_memcpy>
100063fa:	8971      	ldrh	r1, [r6, #10]
100063fc:	88b5      	ldrh	r5, [r6, #4]
100063fe:	19cb      	adds	r3, r1, r7
10006400:	b29b      	uxth	r3, r3
10006402:	006a      	lsls	r2, r5, #1
10006404:	4299      	cmp	r1, r3
10006406:	d916      	bls.n	10006436 <tu_fifo_read_n+0xd2>
10006408:	1a9b      	subs	r3, r3, r2
1000640a:	6930      	ldr	r0, [r6, #16]
1000640c:	8173      	strh	r3, [r6, #10]
1000640e:	2800      	cmp	r0, #0
10006410:	d001      	beq.n	10006416 <tu_fifo_read_n+0xb2>
10006412:	f000 f9f1 	bl	100067f8 <__mutex_exit_veneer>
10006416:	0038      	movs	r0, r7
10006418:	b002      	add	sp, #8
1000641a:	bce0      	pop	{r5, r6, r7}
1000641c:	46ba      	mov	sl, r7
1000641e:	46b1      	mov	r9, r6
10006420:	46a8      	mov	r8, r5
10006422:	bdf0      	pop	{r4, r5, r6, r7, pc}
10006424:	4650      	mov	r0, sl
10006426:	437a      	muls	r2, r7
10006428:	f7fc f9c4 	bl	100027b4 <__wrap___aeabi_memcpy>
1000642c:	e7e5      	b.n	100063fa <tu_fifo_read_n+0x96>
1000642e:	1c3b      	adds	r3, r7, #0
10006430:	e7be      	b.n	100063b0 <tu_fifo_read_n+0x4c>
10006432:	8973      	ldrh	r3, [r6, #10]
10006434:	b29b      	uxth	r3, r3
10006436:	006a      	lsls	r2, r5, #1
10006438:	4293      	cmp	r3, r2
1000643a:	dbe6      	blt.n	1000640a <tu_fifo_read_n+0xa6>
1000643c:	e7e4      	b.n	10006408 <tu_fifo_read_n+0xa4>
1000643e:	006f      	lsls	r7, r5, #1
10006440:	1b3f      	subs	r7, r7, r4
10006442:	19df      	adds	r7, r3, r7
10006444:	b2bf      	uxth	r7, r7
10006446:	e7a6      	b.n	10006396 <tu_fifo_read_n+0x32>
10006448:	1b5b      	subs	r3, r3, r5
1000644a:	b29c      	uxth	r4, r3
1000644c:	e7ab      	b.n	100063a6 <tu_fifo_read_n+0x42>
1000644e:	46c0      	nop			@ (mov r8, r8)

10006450 <tu_fifo_write>:
10006450:	b5f8      	push	{r3, r4, r5, r6, r7, lr}
10006452:	0004      	movs	r4, r0
10006454:	68c0      	ldr	r0, [r0, #12]
10006456:	000f      	movs	r7, r1
10006458:	2800      	cmp	r0, #0
1000645a:	d003      	beq.n	10006464 <tu_fifo_write+0x14>
1000645c:	2101      	movs	r1, #1
1000645e:	4249      	negs	r1, r1
10006460:	f000 f9c2 	bl	100067e8 <__mutex_enter_timeout_ms_veneer>
10006464:	8925      	ldrh	r5, [r4, #8]
10006466:	8920      	ldrh	r0, [r4, #8]
10006468:	8961      	ldrh	r1, [r4, #10]
1000646a:	88a2      	ldrh	r2, [r4, #4]
1000646c:	b2ad      	uxth	r5, r5
1000646e:	b283      	uxth	r3, r0
10006470:	b28e      	uxth	r6, r1
10006472:	4288      	cmp	r0, r1
10006474:	d328      	bcc.n	100064c8 <tu_fifo_write+0x78>
10006476:	1b9b      	subs	r3, r3, r6
10006478:	b29b      	uxth	r3, r3
1000647a:	429a      	cmp	r2, r3
1000647c:	d809      	bhi.n	10006492 <tu_fifo_write+0x42>
1000647e:	79e6      	ldrb	r6, [r4, #7]
10006480:	09f6      	lsrs	r6, r6, #7
10006482:	d106      	bne.n	10006492 <tu_fifo_write+0x42>
10006484:	68e0      	ldr	r0, [r4, #12]
10006486:	2800      	cmp	r0, #0
10006488:	d001      	beq.n	1000648e <tu_fifo_write+0x3e>
1000648a:	f000 f9b5 	bl	100067f8 <__mutex_exit_veneer>
1000648e:	0030      	movs	r0, r6
10006490:	bdf8      	pop	{r3, r4, r5, r6, r7, pc}
10006492:	002b      	movs	r3, r5
10006494:	4295      	cmp	r5, r2
10006496:	d31c      	bcc.n	100064d2 <tu_fifo_write+0x82>
10006498:	1a9b      	subs	r3, r3, r2
1000649a:	b29b      	uxth	r3, r3
1000649c:	4293      	cmp	r3, r2
1000649e:	d2fb      	bcs.n	10006498 <tu_fifo_write+0x48>
100064a0:	88e2      	ldrh	r2, [r4, #6]
100064a2:	6820      	ldr	r0, [r4, #0]
100064a4:	0452      	lsls	r2, r2, #17
100064a6:	0c52      	lsrs	r2, r2, #17
100064a8:	4353      	muls	r3, r2
100064aa:	0039      	movs	r1, r7
100064ac:	18c0      	adds	r0, r0, r3
100064ae:	f7fc f981 	bl	100027b4 <__wrap___aeabi_memcpy>
100064b2:	1c6b      	adds	r3, r5, #1
100064b4:	b29b      	uxth	r3, r3
100064b6:	88a2      	ldrh	r2, [r4, #4]
100064b8:	429d      	cmp	r5, r3
100064ba:	d916      	bls.n	100064ea <tu_fifo_write+0x9a>
100064bc:	2300      	movs	r3, #0
100064be:	0052      	lsls	r2, r2, #1
100064c0:	1a9b      	subs	r3, r3, r2
100064c2:	2601      	movs	r6, #1
100064c4:	8123      	strh	r3, [r4, #8]
100064c6:	e7dd      	b.n	10006484 <tu_fifo_write+0x34>
100064c8:	0051      	lsls	r1, r2, #1
100064ca:	1b89      	subs	r1, r1, r6
100064cc:	185b      	adds	r3, r3, r1
100064ce:	b29b      	uxth	r3, r3
100064d0:	e7d3      	b.n	1000647a <tu_fifo_write+0x2a>
100064d2:	88e2      	ldrh	r2, [r4, #6]
100064d4:	6820      	ldr	r0, [r4, #0]
100064d6:	0452      	lsls	r2, r2, #17
100064d8:	0c52      	lsrs	r2, r2, #17
100064da:	4353      	muls	r3, r2
100064dc:	0039      	movs	r1, r7
100064de:	18c0      	adds	r0, r0, r3
100064e0:	f7fc f968 	bl	100027b4 <__wrap___aeabi_memcpy>
100064e4:	3501      	adds	r5, #1
100064e6:	88a2      	ldrh	r2, [r4, #4]
100064e8:	b2ab      	uxth	r3, r5
100064ea:	0052      	lsls	r2, r2, #1
100064ec:	4293      	cmp	r3, r2
100064ee:	dbe8      	blt.n	100064c2 <tu_fifo_write+0x72>
100064f0:	e7e6      	b.n	100064c0 <tu_fifo_write+0x70>
100064f2:	46c0      	nop			@ (mov r8, r8)

100064f4 <tu_fifo_write_n>:
100064f4:	b5f0      	push	{r4, r5, r6, r7, lr}
100064f6:	464e      	mov	r6, r9
100064f8:	4645      	mov	r5, r8
100064fa:	46de      	mov	lr, fp
100064fc:	4657      	mov	r7, sl
100064fe:	b5e0      	push	{r5, r6, r7, lr}
10006500:	4689      	mov	r9, r1
10006502:	0005      	movs	r5, r0
10006504:	0016      	movs	r6, r2
10006506:	b083      	sub	sp, #12
10006508:	2a00      	cmp	r2, #0
1000650a:	d06b      	beq.n	100065e4 <tu_fifo_write_n+0xf0>
1000650c:	68c0      	ldr	r0, [r0, #12]
1000650e:	2800      	cmp	r0, #0
10006510:	d003      	beq.n	1000651a <tu_fifo_write_n+0x26>
10006512:	2101      	movs	r1, #1
10006514:	4249      	negs	r1, r1
10006516:	f000 f967 	bl	100067e8 <__mutex_enter_timeout_ms_veneer>
1000651a:	892f      	ldrh	r7, [r5, #8]
1000651c:	79ea      	ldrb	r2, [r5, #7]
1000651e:	b2bb      	uxth	r3, r7
10006520:	4698      	mov	r8, r3
10006522:	896b      	ldrh	r3, [r5, #10]
10006524:	88af      	ldrh	r7, [r5, #4]
10006526:	b29b      	uxth	r3, r3
10006528:	09d2      	lsrs	r2, r2, #7
1000652a:	d13d      	bne.n	100065a8 <tu_fifo_write_n+0xb4>
1000652c:	4598      	cmp	r8, r3
1000652e:	d262      	bcs.n	100065f6 <tu_fifo_write_n+0x102>
10006530:	007a      	lsls	r2, r7, #1
10006532:	1ad3      	subs	r3, r2, r3
10006534:	4443      	add	r3, r8
10006536:	b29b      	uxth	r3, r3
10006538:	42bb      	cmp	r3, r7
1000653a:	d261      	bcs.n	10006600 <tu_fifo_write_n+0x10c>
1000653c:	1afb      	subs	r3, r7, r3
1000653e:	1c1a      	adds	r2, r3, #0
10006540:	b29b      	uxth	r3, r3
10006542:	42b3      	cmp	r3, r6
10006544:	d900      	bls.n	10006548 <tu_fifo_write_n+0x54>
10006546:	1c32      	adds	r2, r6, #0
10006548:	b296      	uxth	r6, r2
1000654a:	1bf3      	subs	r3, r6, r7
1000654c:	9301      	str	r3, [sp, #4]
1000654e:	4643      	mov	r3, r8
10006550:	18f3      	adds	r3, r6, r3
10006552:	b29b      	uxth	r3, r3
10006554:	469b      	mov	fp, r3
10006556:	88ea      	ldrh	r2, [r5, #6]
10006558:	4644      	mov	r4, r8
1000655a:	45b8      	cmp	r8, r7
1000655c:	d303      	bcc.n	10006566 <tu_fifo_write_n+0x72>
1000655e:	1be4      	subs	r4, r4, r7
10006560:	b2a4      	uxth	r4, r4
10006562:	42bc      	cmp	r4, r7
10006564:	d2fb      	bcs.n	1000655e <tu_fifo_write_n+0x6a>
10006566:	0452      	lsls	r2, r2, #17
10006568:	1b3b      	subs	r3, r7, r4
1000656a:	0c57      	lsrs	r7, r2, #17
1000656c:	003a      	movs	r2, r7
1000656e:	4362      	muls	r2, r4
10006570:	6828      	ldr	r0, [r5, #0]
10006572:	b29b      	uxth	r3, r3
10006574:	1880      	adds	r0, r0, r2
10006576:	42b3      	cmp	r3, r6
10006578:	d356      	bcc.n	10006628 <tu_fifo_write_n+0x134>
1000657a:	003a      	movs	r2, r7
1000657c:	4649      	mov	r1, r9
1000657e:	4372      	muls	r2, r6
10006580:	f7fc f918 	bl	100027b4 <__wrap___aeabi_memcpy>
10006584:	88ab      	ldrh	r3, [r5, #4]
10006586:	005b      	lsls	r3, r3, #1
10006588:	45d8      	cmp	r8, fp
1000658a:	d801      	bhi.n	10006590 <tu_fifo_write_n+0x9c>
1000658c:	459b      	cmp	fp, r3
1000658e:	db02      	blt.n	10006596 <tu_fifo_write_n+0xa2>
10006590:	465a      	mov	r2, fp
10006592:	1ad3      	subs	r3, r2, r3
10006594:	469b      	mov	fp, r3
10006596:	465b      	mov	r3, fp
10006598:	0037      	movs	r7, r6
1000659a:	812b      	strh	r3, [r5, #8]
1000659c:	68e8      	ldr	r0, [r5, #12]
1000659e:	2800      	cmp	r0, #0
100065a0:	d021      	beq.n	100065e6 <tu_fifo_write_n+0xf2>
100065a2:	f000 f929 	bl	100067f8 <__mutex_exit_veneer>
100065a6:	e01e      	b.n	100065e6 <tu_fifo_write_n+0xf2>
100065a8:	42be      	cmp	r6, r7
100065aa:	d22b      	bcs.n	10006604 <tu_fifo_write_n+0x110>
100065ac:	4598      	cmp	r8, r3
100065ae:	d34c      	bcc.n	1000664a <tu_fifo_write_n+0x156>
100065b0:	4642      	mov	r2, r8
100065b2:	1ad2      	subs	r2, r2, r3
100065b4:	b292      	uxth	r2, r2
100065b6:	0079      	lsls	r1, r7, #1
100065b8:	1bf0      	subs	r0, r6, r7
100065ba:	1992      	adds	r2, r2, r6
100065bc:	9001      	str	r0, [sp, #4]
100065be:	428a      	cmp	r2, r1
100065c0:	dbc5      	blt.n	1000654e <tu_fifo_write_n+0x5a>
100065c2:	19da      	adds	r2, r3, r7
100065c4:	b292      	uxth	r2, r2
100065c6:	4693      	mov	fp, r2
100065c8:	1b92      	subs	r2, r2, r6
100065ca:	b292      	uxth	r2, r2
100065cc:	4690      	mov	r8, r2
100065ce:	4293      	cmp	r3, r2
100065d0:	d940      	bls.n	10006654 <tu_fifo_write_n+0x160>
100065d2:	4643      	mov	r3, r8
100065d4:	1a59      	subs	r1, r3, r1
100065d6:	b28b      	uxth	r3, r1
100065d8:	4698      	mov	r8, r3
100065da:	18f3      	adds	r3, r6, r3
100065dc:	b29b      	uxth	r3, r3
100065de:	469b      	mov	fp, r3
100065e0:	88ea      	ldrh	r2, [r5, #6]
100065e2:	e7b9      	b.n	10006558 <tu_fifo_write_n+0x64>
100065e4:	2700      	movs	r7, #0
100065e6:	0038      	movs	r0, r7
100065e8:	b003      	add	sp, #12
100065ea:	bcf0      	pop	{r4, r5, r6, r7}
100065ec:	46bb      	mov	fp, r7
100065ee:	46b2      	mov	sl, r6
100065f0:	46a9      	mov	r9, r5
100065f2:	46a0      	mov	r8, r4
100065f4:	bdf0      	pop	{r4, r5, r6, r7, pc}
100065f6:	4642      	mov	r2, r8
100065f8:	1ad3      	subs	r3, r2, r3
100065fa:	b29b      	uxth	r3, r3
100065fc:	42bb      	cmp	r3, r7
100065fe:	d39d      	bcc.n	1000653c <tu_fifo_write_n+0x48>
10006600:	2700      	movs	r7, #0
10006602:	e7cb      	b.n	1000659c <tu_fifo_write_n+0xa8>
10006604:	2f00      	cmp	r7, #0
10006606:	d0c9      	beq.n	1000659c <tu_fifo_write_n+0xa8>
10006608:	46cc      	mov	ip, r9
1000660a:	88ea      	ldrh	r2, [r5, #6]
1000660c:	1bf6      	subs	r6, r6, r7
1000660e:	0451      	lsls	r1, r2, #17
10006610:	0c49      	lsrs	r1, r1, #17
10006612:	4371      	muls	r1, r6
10006614:	4698      	mov	r8, r3
10006616:	448c      	add	ip, r1
10006618:	19d9      	adds	r1, r3, r7
1000661a:	2300      	movs	r3, #0
1000661c:	b289      	uxth	r1, r1
1000661e:	46e1      	mov	r9, ip
10006620:	468b      	mov	fp, r1
10006622:	003e      	movs	r6, r7
10006624:	9301      	str	r3, [sp, #4]
10006626:	e797      	b.n	10006558 <tu_fifo_write_n+0x64>
10006628:	437b      	muls	r3, r7
1000662a:	b29b      	uxth	r3, r3
1000662c:	001a      	movs	r2, r3
1000662e:	4649      	mov	r1, r9
10006630:	469a      	mov	sl, r3
10006632:	f7fc f8bf 	bl	100027b4 <__wrap___aeabi_memcpy>
10006636:	4649      	mov	r1, r9
10006638:	9b01      	ldr	r3, [sp, #4]
1000663a:	6828      	ldr	r0, [r5, #0]
1000663c:	18e2      	adds	r2, r4, r3
1000663e:	437a      	muls	r2, r7
10006640:	4451      	add	r1, sl
10006642:	b292      	uxth	r2, r2
10006644:	f7fc f8b6 	bl	100027b4 <__wrap___aeabi_memcpy>
10006648:	e79c      	b.n	10006584 <tu_fifo_write_n+0x90>
1000664a:	0079      	lsls	r1, r7, #1
1000664c:	1aca      	subs	r2, r1, r3
1000664e:	4442      	add	r2, r8
10006650:	b292      	uxth	r2, r2
10006652:	e7b1      	b.n	100065b8 <tu_fifo_write_n+0xc4>
10006654:	4291      	cmp	r1, r2
10006656:	ddbc      	ble.n	100065d2 <tu_fifo_write_n+0xde>
10006658:	e7c2      	b.n	100065e0 <tu_fifo_write_n+0xec>
1000665a:	46c0      	nop			@ (mov r8, r8)

1000665c <tu_fifo_clear>:
1000665c:	b510      	push	{r4, lr}
1000665e:	0004      	movs	r4, r0
10006660:	68c0      	ldr	r0, [r0, #12]
10006662:	2800      	cmp	r0, #0
10006664:	d003      	beq.n	1000666e <tu_fifo_clear+0x12>
10006666:	2101      	movs	r1, #1
10006668:	4249      	negs	r1, r1
1000666a:	f000 f8bd 	bl	100067e8 <__mutex_enter_timeout_ms_veneer>
1000666e:	6920      	ldr	r0, [r4, #16]
10006670:	2800      	cmp	r0, #0
10006672:	d003      	beq.n	1000667c <tu_fifo_clear+0x20>
10006674:	2101      	movs	r1, #1
10006676:	4249      	negs	r1, r1
10006678:	f000 f8b6 	bl	100067e8 <__mutex_enter_timeout_ms_veneer>
1000667c:	2300      	movs	r3, #0
1000667e:	68e0      	ldr	r0, [r4, #12]
10006680:	8163      	strh	r3, [r4, #10]
10006682:	8123      	strh	r3, [r4, #8]
10006684:	2800      	cmp	r0, #0
10006686:	d001      	beq.n	1000668c <tu_fifo_clear+0x30>
10006688:	f000 f8b6 	bl	100067f8 <__mutex_exit_veneer>
1000668c:	6920      	ldr	r0, [r4, #16]
1000668e:	2800      	cmp	r0, #0
10006690:	d001      	beq.n	10006696 <tu_fifo_clear+0x3a>
10006692:	f000 f8b1 	bl	100067f8 <__mutex_exit_veneer>
10006696:	2001      	movs	r0, #1
10006698:	bd10      	pop	{r4, pc}
1000669a:	46c0      	nop			@ (mov r8, r8)

1000669c <tu_fifo_set_overwritable>:
1000669c:	b570      	push	{r4, r5, r6, lr}
1000669e:	0004      	movs	r4, r0
100066a0:	68c0      	ldr	r0, [r0, #12]
100066a2:	000d      	movs	r5, r1
100066a4:	2800      	cmp	r0, #0
100066a6:	d003      	beq.n	100066b0 <tu_fifo_set_overwritable+0x14>
100066a8:	2101      	movs	r1, #1
100066aa:	4249      	negs	r1, r1
100066ac:	f000 f89c 	bl	100067e8 <__mutex_enter_timeout_ms_veneer>
100066b0:	6920      	ldr	r0, [r4, #16]
100066b2:	2800      	cmp	r0, #0
100066b4:	d003      	beq.n	100066be <tu_fifo_set_overwritable+0x22>
100066b6:	2101      	movs	r1, #1
100066b8:	4249      	negs	r1, r1
100066ba:	f000 f895 	bl	100067e8 <__mutex_enter_timeout_ms_veneer>
100066be:	217f      	movs	r1, #127	@ 0x7f
100066c0:	79e2      	ldrb	r2, [r4, #7]
100066c2:	01eb      	lsls	r3, r5, #7
100066c4:	4011      	ands	r1, r2
100066c6:	68e0      	ldr	r0, [r4, #12]
100066c8:	4319      	orrs	r1, r3
100066ca:	71e1      	strb	r1, [r4, #7]
100066cc:	2800      	cmp	r0, #0
100066ce:	d001      	beq.n	100066d4 <tu_fifo_set_overwritable+0x38>
100066d0:	f000 f892 	bl	100067f8 <__mutex_exit_veneer>
100066d4:	6920      	ldr	r0, [r4, #16]
100066d6:	2800      	cmp	r0, #0
100066d8:	d001      	beq.n	100066de <tu_fifo_set_overwritable+0x42>
100066da:	f000 f88d 	bl	100067f8 <__mutex_exit_veneer>
100066de:	2001      	movs	r0, #1
100066e0:	bd70      	pop	{r4, r5, r6, pc}
100066e2:	46c0      	nop			@ (mov r8, r8)

100066e4 <strlen>:
100066e4:	0003      	movs	r3, r0
100066e6:	4684      	mov	ip, r0
100066e8:	079b      	lsls	r3, r3, #30
100066ea:	d00b      	beq.n	10006704 <strlen+0x20>
100066ec:	0003      	movs	r3, r0
100066ee:	2103      	movs	r1, #3
100066f0:	e002      	b.n	100066f8 <strlen+0x14>
100066f2:	3301      	adds	r3, #1
100066f4:	420b      	tst	r3, r1
100066f6:	d006      	beq.n	10006706 <strlen+0x22>
100066f8:	781a      	ldrb	r2, [r3, #0]
100066fa:	2a00      	cmp	r2, #0
100066fc:	d1f9      	bne.n	100066f2 <strlen+0xe>
100066fe:	4662      	mov	r2, ip
10006700:	1a98      	subs	r0, r3, r2
10006702:	4770      	bx	lr
10006704:	0003      	movs	r3, r0
10006706:	6819      	ldr	r1, [r3, #0]
10006708:	4a0c      	ldr	r2, [pc, #48]	@ (1000673c <strlen+0x58>)
1000670a:	480d      	ldr	r0, [pc, #52]	@ (10006740 <strlen+0x5c>)
1000670c:	188a      	adds	r2, r1, r2
1000670e:	438a      	bics	r2, r1
10006710:	4202      	tst	r2, r0
10006712:	d10f      	bne.n	10006734 <strlen+0x50>
10006714:	6859      	ldr	r1, [r3, #4]
10006716:	4a09      	ldr	r2, [pc, #36]	@ (1000673c <strlen+0x58>)
10006718:	3304      	adds	r3, #4
1000671a:	188a      	adds	r2, r1, r2
1000671c:	438a      	bics	r2, r1
1000671e:	4202      	tst	r2, r0
10006720:	d108      	bne.n	10006734 <strlen+0x50>
10006722:	6859      	ldr	r1, [r3, #4]
10006724:	4a05      	ldr	r2, [pc, #20]	@ (1000673c <strlen+0x58>)
10006726:	3304      	adds	r3, #4
10006728:	188a      	adds	r2, r1, r2
1000672a:	438a      	bics	r2, r1
1000672c:	4202      	tst	r2, r0
1000672e:	d0f1      	beq.n	10006714 <strlen+0x30>
10006730:	e000      	b.n	10006734 <strlen+0x50>
10006732:	3301      	adds	r3, #1
10006734:	781a      	ldrb	r2, [r3, #0]
10006736:	2a00      	cmp	r2, #0
10006738:	d1fb      	bne.n	10006732 <strlen+0x4e>
1000673a:	e7e0      	b.n	100066fe <strlen+0x1a>
1000673c:	fefefeff 	.word	0xfefefeff
10006740:	80808080 	.word	0x80808080
10006744:	00000000 	.word	0x00000000

10006748 <__e15_is_bulkin_ep_veneer>:
10006748:	b401      	push	{r0}
1000674a:	4802      	ldr	r0, [pc, #8]	@ (10006754 <__e15_is_bulkin_ep_veneer+0xc>)
1000674c:	4684      	mov	ip, r0
1000674e:	bc01      	pop	{r0}
10006750:	4760      	bx	ip
10006752:	bf00      	nop
10006754:	20000b89 	.word	0x20000b89

10006758 <__e15_is_critical_frame_period_veneer>:
10006758:	b401      	push	{r0}
1000675a:	4802      	ldr	r0, [pc, #8]	@ (10006764 <__e15_is_critical_frame_period_veneer+0xc>)
1000675c:	4684      	mov	ip, r0
1000675e:	bc01      	pop	{r0}
10006760:	4760      	bx	ip
10006762:	bf00      	nop
10006764:	20000bb1 	.word	0x20000bb1

10006768 <__flash_do_cmd_cs_veneer>:
10006768:	b401      	push	{r0}
1000676a:	4802      	ldr	r0, [pc, #8]	@ (10006774 <__flash_do_cmd_cs_veneer+0xc>)
1000676c:	4684      	mov	ip, r0
1000676e:	bc01      	pop	{r0}
10006770:	4760      	bx	ip
10006772:	bf00      	nop
10006774:	20000289 	.word	0x20000289

10006778 <__mutex_try_enter_veneer>:
10006778:	b401      	push	{r0}
1000677a:	4802      	ldr	r0, [pc, #8]	@ (10006784 <__mutex_try_enter_veneer+0xc>)
1000677c:	4684      	mov	ip, r0
1000677e:	bc01      	pop	{r0}
10006780:	4760      	bx	ip
10006782:	bf00      	nop
10006784:	200000c1 	.word	0x200000c1

10006788 <__mutex_try_enter_block_until_veneer>:
10006788:	b401      	push	{r0}
1000678a:	4802      	ldr	r0, [pc, #8]	@ (10006794 <__mutex_try_enter_block_until_veneer+0xc>)
1000678c:	4684      	mov	ip, r0
1000678e:	bc01      	pop	{r0}
10006790:	4760      	bx	ip
10006792:	bf00      	nop
10006794:	20000165 	.word	0x20000165

10006798 <___hw_endpoint_buffer_control_update32_veneer>:
10006798:	b401      	push	{r0}
1000679a:	4802      	ldr	r0, [pc, #8]	@ (100067a4 <___hw_endpoint_buffer_control_update32_veneer+0xc>)
1000679c:	4684      	mov	ip, r0
1000679e:	bc01      	pop	{r0}
100067a0:	4760      	bx	ip
100067a2:	bf00      	nop
100067a4:	20000bed 	.word	0x20000bed

100067a8 <____aeabi_ldiv0_veneer>:
100067a8:	b401      	push	{r0}
100067aa:	4802      	ldr	r0, [pc, #8]	@ (100067b4 <____aeabi_ldiv0_veneer+0xc>)
100067ac:	4684      	mov	ip, r0
100067ae:	bc01      	pop	{r0}
100067b0:	4760      	bx	ip
100067b2:	bf00      	nop
100067b4:	20000eb9 	.word	0x20000eb9

100067b8 <____aeabi_idiv0_veneer>:
100067b8:	b401      	push	{r0}
100067ba:	4802      	ldr	r0, [pc, #8]	@ (100067c4 <____aeabi_idiv0_veneer+0xc>)
100067bc:	4684      	mov	ip, r0
100067be:	bc01      	pop	{r0}
100067c0:	4760      	bx	ip
100067c2:	bf00      	nop
100067c4:	20000eb9 	.word	0x20000eb9

100067c8 <__hw_endpoint_start_next_buffer_veneer>:
100067c8:	b401      	push	{r0}
100067ca:	4802      	ldr	r0, [pc, #8]	@ (100067d4 <__hw_endpoint_start_next_buffer_veneer+0xc>)
100067cc:	4684      	mov	ip, r0
100067ce:	bc01      	pop	{r0}
100067d0:	4760      	bx	ip
100067d2:	bf00      	nop
100067d4:	20000c3d 	.word	0x20000c3d

100067d8 <__reset_non_control_endpoints_veneer>:
100067d8:	b401      	push	{r0}
100067da:	4802      	ldr	r0, [pc, #8]	@ (100067e4 <__reset_non_control_endpoints_veneer+0xc>)
100067dc:	4684      	mov	ip, r0
100067de:	bc01      	pop	{r0}
100067e0:	4760      	bx	ip
100067e2:	bf00      	nop
100067e4:	200003d1 	.word	0x200003d1

100067e8 <__mutex_enter_timeout_ms_veneer>:
100067e8:	b401      	push	{r0}
100067ea:	4802      	ldr	r0, [pc, #8]	@ (100067f4 <__mutex_enter_timeout_ms_veneer+0xc>)
100067ec:	4684      	mov	ip, r0
100067ee:	bc01      	pop	{r0}
100067f0:	4760      	bx	ip
100067f2:	bf00      	nop
100067f4:	20000199 	.word	0x20000199

100067f8 <__mutex_exit_veneer>:
100067f8:	b401      	push	{r0}
100067fa:	4802      	ldr	r0, [pc, #8]	@ (10006804 <__mutex_exit_veneer+0xc>)
100067fc:	4684      	mov	ip, r0
100067fe:	bc01      	pop	{r0}
10006800:	4760      	bx	ip
10006802:	bf00      	nop
10006804:	200001d5 	.word	0x200001d5

10006808 <__pre_init_runtime_init_early_resets>:
10006808:	10001819                                ....

1000680c <__pre_init_runtime_init_usb_power_down>:
1000680c:	10001845 10001a29 10002799 100020cd     E...)....'... ..
1000681c:	10002705                                .'..

10006820 <__pre_init_runtime_init_clocks>:
10006820:	10001951                                Q...

10006824 <__pre_init_runtime_init_post_clock_resets>:
10006824:	10001861                                a...

10006828 <__pre_init_runtime_init_rp2040_gpio_ie_disable>:
10006828:	10001881                                ....

1000682c <__pre_init_runtime_init_spin_locks_reset>:
1000682c:	10001895                                ....

10006830 <__pre_init_runtime_init_mutex>:
10006830:	10000a71                                q...

10006834 <__pre_init_runtime_init_install_ram_vector_table>:
10006834:	1000189d                                ....

10006838 <__pre_init_runtime_init_default_alarm_pool>:
10006838:	10000e31                                1...

1000683c <__pre_init_first_per_core_initializer>:
1000683c:	100017e1                                ....

10006840 <__pre_init_runtime_init_per_core_irq_priorities>:
10006840:	100006ad                                ....

10006844 <__init_array_start>:
10006844:	10004869 	.word	0x10004869

Disassembly of section .data:

200000c0 <mutex_try_enter>:
200000c0:	0003      	movs	r3, r0
200000c2:	6800      	ldr	r0, [r0, #0]
200000c4:	f3ef 8c10 	mrs	ip, PRIMASK
200000c8:	b672      	cpsid	i
200000ca:	6802      	ldr	r2, [r0, #0]
200000cc:	2a00      	cmp	r2, #0
200000ce:	d0fc      	beq.n	200000ca <mutex_try_enter+0xa>
200000d0:	f3bf 8f5f 	dmb	sy
200000d4:	2204      	movs	r2, #4
200000d6:	569a      	ldrsb	r2, [r3, r2]
200000d8:	2a00      	cmp	r2, #0
200000da:	db0b      	blt.n	200000f4 <mutex_try_enter+0x34>
200000dc:	2900      	cmp	r1, #0
200000de:	d000      	beq.n	200000e2 <mutex_try_enter+0x22>
200000e0:	600a      	str	r2, [r1, #0]
200000e2:	2000      	movs	r0, #0
200000e4:	681b      	ldr	r3, [r3, #0]
200000e6:	f3bf 8f5f 	dmb	sy
200000ea:	2200      	movs	r2, #0
200000ec:	601a      	str	r2, [r3, #0]
200000ee:	f38c 8810 	msr	PRIMASK, ip
200000f2:	4770      	bx	lr
200000f4:	22d0      	movs	r2, #208	@ 0xd0
200000f6:	0612      	lsls	r2, r2, #24
200000f8:	6812      	ldr	r2, [r2, #0]
200000fa:	2001      	movs	r0, #1
200000fc:	711a      	strb	r2, [r3, #4]
200000fe:	e7f1      	b.n	200000e4 <mutex_try_enter+0x24>

20000100 <mutex_enter_block_until>:
20000100:	b5f0      	push	{r4, r5, r6, r7, lr}
20000102:	001f      	movs	r7, r3
20000104:	23d0      	movs	r3, #208	@ 0xd0
20000106:	46c6      	mov	lr, r8
20000108:	061b      	lsls	r3, r3, #24
2000010a:	681b      	ldr	r3, [r3, #0]
2000010c:	0004      	movs	r4, r0
2000010e:	0016      	movs	r6, r2
20000110:	4698      	mov	r8, r3
20000112:	2500      	movs	r5, #0
20000114:	b500      	push	{lr}
20000116:	e00a      	b.n	2000012e <mutex_enter_block_until+0x2e>
20000118:	f3bf 8f5f 	dmb	sy
2000011c:	6015      	str	r5, [r2, #0]
2000011e:	f381 8810 	msr	PRIMASK, r1
20000122:	0030      	movs	r0, r6
20000124:	0039      	movs	r1, r7
20000126:	f000 feeb 	bl	20000f00 <__best_effort_wfe_or_timeout_veneer>
2000012a:	2800      	cmp	r0, #0
2000012c:	d118      	bne.n	20000160 <mutex_enter_block_until+0x60>
2000012e:	6822      	ldr	r2, [r4, #0]
20000130:	f3ef 8110 	mrs	r1, PRIMASK
20000134:	b672      	cpsid	i
20000136:	6813      	ldr	r3, [r2, #0]
20000138:	2b00      	cmp	r3, #0
2000013a:	d0fc      	beq.n	20000136 <mutex_enter_block_until+0x36>
2000013c:	f3bf 8f5f 	dmb	sy
20000140:	7923      	ldrb	r3, [r4, #4]
20000142:	6822      	ldr	r2, [r4, #0]
20000144:	2b7f      	cmp	r3, #127	@ 0x7f
20000146:	d9e7      	bls.n	20000118 <mutex_enter_block_until+0x18>
20000148:	4643      	mov	r3, r8
2000014a:	7123      	strb	r3, [r4, #4]
2000014c:	f3bf 8f5f 	dmb	sy
20000150:	2300      	movs	r3, #0
20000152:	6013      	str	r3, [r2, #0]
20000154:	f381 8810 	msr	PRIMASK, r1
20000158:	2001      	movs	r0, #1
2000015a:	bc80      	pop	{r7}
2000015c:	46b8      	mov	r8, r7
2000015e:	bdf0      	pop	{r4, r5, r6, r7, pc}
20000160:	2000      	movs	r0, #0
20000162:	e7fa      	b.n	2000015a <mutex_enter_block_until+0x5a>

20000164 <mutex_try_enter_block_until>:
20000164:	b570      	push	{r4, r5, r6, lr}
20000166:	b082      	sub	sp, #8
20000168:	a901      	add	r1, sp, #4
2000016a:	0006      	movs	r6, r0
2000016c:	0014      	movs	r4, r2
2000016e:	001d      	movs	r5, r3
20000170:	f7ff ffa6 	bl	200000c0 <mutex_try_enter>
20000174:	2800      	cmp	r0, #0
20000176:	d107      	bne.n	20000188 <mutex_try_enter_block_until+0x24>
20000178:	22d0      	movs	r2, #208	@ 0xd0
2000017a:	0612      	lsls	r2, r2, #24
2000017c:	9b01      	ldr	r3, [sp, #4]
2000017e:	7812      	ldrb	r2, [r2, #0]
20000180:	b25b      	sxtb	r3, r3
20000182:	b252      	sxtb	r2, r2
20000184:	4293      	cmp	r3, r2
20000186:	d101      	bne.n	2000018c <mutex_try_enter_block_until+0x28>
20000188:	b002      	add	sp, #8
2000018a:	bd70      	pop	{r4, r5, r6, pc}
2000018c:	0022      	movs	r2, r4
2000018e:	002b      	movs	r3, r5
20000190:	0030      	movs	r0, r6
20000192:	f7ff ffb5 	bl	20000100 <mutex_enter_block_until>
20000196:	e7f7      	b.n	20000188 <mutex_try_enter_block_until+0x24>

20000198 <mutex_enter_timeout_ms>:
20000198:	b5f8      	push	{r3, r4, r5, r6, r7, lr}
2000019a:	000e      	movs	r6, r1
2000019c:	0007      	movs	r7, r0
2000019e:	f000 fe97 	bl	20000ed0 <__time_us_64_veneer>
200001a2:	22fa      	movs	r2, #250	@ 0xfa
200001a4:	0004      	movs	r4, r0
200001a6:	000d      	movs	r5, r1
200001a8:	2300      	movs	r3, #0
200001aa:	0092      	lsls	r2, r2, #2
200001ac:	0030      	movs	r0, r6
200001ae:	2100      	movs	r1, #0
200001b0:	f000 fe96 	bl	20000ee0 <____wrap___aeabi_lmul_veneer>
200001b4:	0022      	movs	r2, r4
200001b6:	002b      	movs	r3, r5
200001b8:	1812      	adds	r2, r2, r0
200001ba:	414b      	adcs	r3, r1
200001bc:	2b00      	cmp	r3, #0
200001be:	da02      	bge.n	200001c6 <mutex_enter_timeout_ms+0x2e>
200001c0:	2201      	movs	r2, #1
200001c2:	4b03      	ldr	r3, [pc, #12]	@ (200001d0 <mutex_enter_timeout_ms+0x38>)
200001c4:	4252      	negs	r2, r2
200001c6:	0038      	movs	r0, r7
200001c8:	f7ff ff9a 	bl	20000100 <mutex_enter_block_until>
200001cc:	bdf8      	pop	{r3, r4, r5, r6, r7, pc}
200001ce:	46c0      	nop			@ (mov r8, r8)
200001d0:	7fffffff 	.word	0x7fffffff

200001d4 <mutex_exit>:
200001d4:	6802      	ldr	r2, [r0, #0]
200001d6:	f3ef 8110 	mrs	r1, PRIMASK
200001da:	b672      	cpsid	i
200001dc:	6813      	ldr	r3, [r2, #0]
200001de:	2b00      	cmp	r3, #0
200001e0:	d0fc      	beq.n	200001dc <mutex_exit+0x8>
200001e2:	f3bf 8f5f 	dmb	sy
200001e6:	23ff      	movs	r3, #255	@ 0xff
200001e8:	7103      	strb	r3, [r0, #4]
200001ea:	6803      	ldr	r3, [r0, #0]
200001ec:	f3bf 8f5f 	dmb	sy
200001f0:	2200      	movs	r2, #0
200001f2:	601a      	str	r2, [r3, #0]
200001f4:	f381 8810 	msr	PRIMASK, r1
200001f8:	bf40      	sev
200001fa:	4770      	bx	lr

200001fc <flash_init_boot2_copyout>:
200001fc:	4b08      	ldr	r3, [pc, #32]	@ (20000220 <flash_init_boot2_copyout+0x24>)
200001fe:	469c      	mov	ip, r3
20000200:	781b      	ldrb	r3, [r3, #0]
20000202:	2b00      	cmp	r3, #0
20000204:	d10b      	bne.n	2000021e <flash_init_boot2_copyout+0x22>
20000206:	2380      	movs	r3, #128	@ 0x80
20000208:	4806      	ldr	r0, [pc, #24]	@ (20000224 <flash_init_boot2_copyout+0x28>)
2000020a:	4907      	ldr	r1, [pc, #28]	@ (20000228 <flash_init_boot2_copyout+0x2c>)
2000020c:	055b      	lsls	r3, r3, #21
2000020e:	681a      	ldr	r2, [r3, #0]
20000210:	50c2      	str	r2, [r0, r3]
20000212:	3304      	adds	r3, #4
20000214:	428b      	cmp	r3, r1
20000216:	d1fa      	bne.n	2000020e <flash_init_boot2_copyout+0x12>
20000218:	2301      	movs	r3, #1
2000021a:	4662      	mov	r2, ip
2000021c:	7013      	strb	r3, [r2, #0]
2000021e:	4770      	bx	lr
20000220:	20001c40 	.word	0x20001c40
20000224:	10001684 	.word	0x10001684
20000228:	10000100 	.word	0x10000100

2000022c <flash_enable_xip_via_boot2>:
2000022c:	b510      	push	{r4, lr}
2000022e:	4b01      	ldr	r3, [pc, #4]	@ (20000234 <flash_enable_xip_via_boot2+0x8>)
20000230:	4798      	blx	r3
20000232:	bd10      	pop	{r4, pc}
20000234:	20001685 	.word	0x20001685

20000238 <flash_save_hardware_state>:
20000238:	4b08      	ldr	r3, [pc, #32]	@ (2000025c <flash_save_hardware_state+0x24>)
2000023a:	685a      	ldr	r2, [r3, #4]
2000023c:	6042      	str	r2, [r0, #4]
2000023e:	689a      	ldr	r2, [r3, #8]
20000240:	6082      	str	r2, [r0, #8]
20000242:	68da      	ldr	r2, [r3, #12]
20000244:	60c2      	str	r2, [r0, #12]
20000246:	691a      	ldr	r2, [r3, #16]
20000248:	6102      	str	r2, [r0, #16]
2000024a:	695a      	ldr	r2, [r3, #20]
2000024c:	6142      	str	r2, [r0, #20]
2000024e:	699b      	ldr	r3, [r3, #24]
20000250:	6183      	str	r3, [r0, #24]
20000252:	23a0      	movs	r3, #160	@ 0xa0
20000254:	055b      	lsls	r3, r3, #21
20000256:	681b      	ldr	r3, [r3, #0]
20000258:	6003      	str	r3, [r0, #0]
2000025a:	4770      	bx	lr
2000025c:	40020000 	.word	0x40020000

20000260 <flash_restore_hardware_state>:
20000260:	6842      	ldr	r2, [r0, #4]
20000262:	4b08      	ldr	r3, [pc, #32]	@ (20000284 <flash_restore_hardware_state+0x24>)
20000264:	605a      	str	r2, [r3, #4]
20000266:	6882      	ldr	r2, [r0, #8]
20000268:	609a      	str	r2, [r3, #8]
2000026a:	68c2      	ldr	r2, [r0, #12]
2000026c:	60da      	str	r2, [r3, #12]
2000026e:	6902      	ldr	r2, [r0, #16]
20000270:	611a      	str	r2, [r3, #16]
20000272:	6942      	ldr	r2, [r0, #20]
20000274:	615a      	str	r2, [r3, #20]
20000276:	6982      	ldr	r2, [r0, #24]
20000278:	619a      	str	r2, [r3, #24]
2000027a:	23a0      	movs	r3, #160	@ 0xa0
2000027c:	6802      	ldr	r2, [r0, #0]
2000027e:	055b      	lsls	r3, r3, #21
20000280:	601a      	str	r2, [r3, #0]
20000282:	4770      	bx	lr
20000284:	40020000 	.word	0x40020000

20000288 <flash_do_cmd_cs>:
20000288:	b5f0      	push	{r4, r5, r6, r7, lr}
2000028a:	46d6      	mov	lr, sl
2000028c:	464f      	mov	r7, r9
2000028e:	4646      	mov	r6, r8
20000290:	2300      	movs	r3, #0
20000292:	b5c0      	push	{r6, r7, lr}
20000294:	2718      	movs	r7, #24
20000296:	b088      	sub	sp, #32
20000298:	001e      	movs	r6, r3
2000029a:	4681      	mov	r9, r0
2000029c:	000d      	movs	r5, r1
2000029e:	8a98      	ldrh	r0, [r3, #20]
200002a0:	4946      	ldr	r1, [pc, #280]	@ (200003bc <flash_do_cmd_cs+0x134>)
200002a2:	883b      	ldrh	r3, [r7, #0]
200002a4:	0014      	movs	r4, r2
200002a6:	4798      	blx	r3
200002a8:	883b      	ldrh	r3, [r7, #0]
200002aa:	4680      	mov	r8, r0
200002ac:	4944      	ldr	r1, [pc, #272]	@ (200003c0 <flash_do_cmd_cs+0x138>)
200002ae:	8ab0      	ldrh	r0, [r6, #20]
200002b0:	4798      	blx	r3
200002b2:	2300      	movs	r3, #0
200002b4:	4943      	ldr	r1, [pc, #268]	@ (200003c4 <flash_do_cmd_cs+0x13c>)
200002b6:	0006      	movs	r6, r0
200002b8:	8a98      	ldrh	r0, [r3, #20]
200002ba:	883b      	ldrh	r3, [r7, #0]
200002bc:	4798      	blx	r3
200002be:	4682      	mov	sl, r0
200002c0:	f7ff ff9c 	bl	200001fc <flash_init_boot2_copyout>
200002c4:	a801      	add	r0, sp, #4
200002c6:	f7ff ffb7 	bl	20000238 <flash_save_hardware_state>
200002ca:	47c0      	blx	r8
200002cc:	47b0      	blx	r6
200002ce:	4b3e      	ldr	r3, [pc, #248]	@ (200003c8 <flash_do_cmd_cs+0x140>)
200002d0:	0021      	movs	r1, r4
200002d2:	681a      	ldr	r2, [r3, #0]
200002d4:	2380      	movs	r3, #128	@ 0x80
200002d6:	009b      	lsls	r3, r3, #2
200002d8:	4053      	eors	r3, r2
200002da:	22c0      	movs	r2, #192	@ 0xc0
200002dc:	0092      	lsls	r2, r2, #2
200002de:	4013      	ands	r3, r2
200002e0:	4a3a      	ldr	r2, [pc, #232]	@ (200003cc <flash_do_cmd_cs+0x144>)
200002e2:	6013      	str	r3, [r2, #0]
200002e4:	2c00      	cmp	r4, #0
200002e6:	d01c      	beq.n	20000322 <flash_do_cmd_cs+0x9a>
200002e8:	2308      	movs	r3, #8
200002ea:	20c0      	movs	r0, #192	@ 0xc0
200002ec:	469c      	mov	ip, r3
200002ee:	0540      	lsls	r0, r0, #21
200002f0:	3f16      	subs	r7, #22
200002f2:	4662      	mov	r2, ip
200002f4:	6a83      	ldr	r3, [r0, #40]	@ 0x28
200002f6:	401a      	ands	r2, r3
200002f8:	421f      	tst	r7, r3
200002fa:	d039      	beq.n	20000370 <flash_do_cmd_cs+0xe8>
200002fc:	1a63      	subs	r3, r4, r1
200002fe:	2900      	cmp	r1, #0
20000300:	d12b      	bne.n	2000035a <flash_do_cmd_cs+0xd2>
20000302:	2a00      	cmp	r2, #0
20000304:	d10b      	bne.n	2000031e <flash_do_cmd_cs+0x96>
20000306:	2c00      	cmp	r4, #0
20000308:	d00b      	beq.n	20000322 <flash_do_cmd_cs+0x9a>
2000030a:	23c0      	movs	r3, #192	@ 0xc0
2000030c:	2208      	movs	r2, #8
2000030e:	2602      	movs	r6, #2
20000310:	055b      	lsls	r3, r3, #21
20000312:	6a9b      	ldr	r3, [r3, #40]	@ 0x28
20000314:	401a      	ands	r2, r3
20000316:	421e      	tst	r6, r3
20000318:	d042      	beq.n	200003a0 <flash_do_cmd_cs+0x118>
2000031a:	2a00      	cmp	r2, #0
2000031c:	d0f5      	beq.n	2000030a <flash_do_cmd_cs+0x82>
2000031e:	2c00      	cmp	r4, #0
20000320:	d130      	bne.n	20000384 <flash_do_cmd_cs+0xfc>
20000322:	4b29      	ldr	r3, [pc, #164]	@ (200003c8 <flash_do_cmd_cs+0x140>)
20000324:	681a      	ldr	r2, [r3, #0]
20000326:	23c0      	movs	r3, #192	@ 0xc0
20000328:	009b      	lsls	r3, r3, #2
2000032a:	4393      	bics	r3, r2
2000032c:	4a27      	ldr	r2, [pc, #156]	@ (200003cc <flash_do_cmd_cs+0x144>)
2000032e:	6013      	str	r3, [r2, #0]
20000330:	47d0      	blx	sl
20000332:	f7ff ff7b 	bl	2000022c <flash_enable_xip_via_boot2>
20000336:	a801      	add	r0, sp, #4
20000338:	f7ff ff92 	bl	20000260 <flash_restore_hardware_state>
2000033c:	b008      	add	sp, #32
2000033e:	bce0      	pop	{r5, r6, r7}
20000340:	46ba      	mov	sl, r7
20000342:	46b1      	mov	r9, r6
20000344:	46a8      	mov	r8, r5
20000346:	bdf0      	pop	{r4, r5, r6, r7, pc}
20000348:	2c00      	cmp	r4, #0
2000034a:	d12b      	bne.n	200003a4 <flash_do_cmd_cs+0x11c>
2000034c:	22c0      	movs	r2, #192	@ 0xc0
2000034e:	0552      	lsls	r2, r2, #21
20000350:	6a96      	ldr	r6, [r2, #40]	@ 0x28
20000352:	2208      	movs	r2, #8
20000354:	4032      	ands	r2, r6
20000356:	07b6      	lsls	r6, r6, #30
20000358:	d52b      	bpl.n	200003b2 <flash_do_cmd_cs+0x12a>
2000035a:	2b0d      	cmp	r3, #13
2000035c:	d919      	bls.n	20000392 <flash_do_cmd_cs+0x10a>
2000035e:	2a00      	cmp	r2, #0
20000360:	d1f2      	bne.n	20000348 <flash_do_cmd_cs+0xc0>
20000362:	22c0      	movs	r2, #192	@ 0xc0
20000364:	0552      	lsls	r2, r2, #21
20000366:	6a96      	ldr	r6, [r2, #40]	@ 0x28
20000368:	2208      	movs	r2, #8
2000036a:	4032      	ands	r2, r6
2000036c:	07b6      	lsls	r6, r6, #30
2000036e:	d4f4      	bmi.n	2000035a <flash_do_cmd_cs+0xd2>
20000370:	2a00      	cmp	r2, #0
20000372:	d104      	bne.n	2000037e <flash_do_cmd_cs+0xf6>
20000374:	000b      	movs	r3, r1
20000376:	4323      	orrs	r3, r4
20000378:	2b00      	cmp	r3, #0
2000037a:	d1ba      	bne.n	200002f2 <flash_do_cmd_cs+0x6a>
2000037c:	e7d1      	b.n	20000322 <flash_do_cmd_cs+0x9a>
2000037e:	000b      	movs	r3, r1
20000380:	2c00      	cmp	r4, #0
20000382:	d0f9      	beq.n	20000378 <flash_do_cmd_cs+0xf0>
20000384:	6e03      	ldr	r3, [r0, #96]	@ 0x60
20000386:	3c01      	subs	r4, #1
20000388:	702b      	strb	r3, [r5, #0]
2000038a:	0023      	movs	r3, r4
2000038c:	3501      	adds	r5, #1
2000038e:	430b      	orrs	r3, r1
20000390:	e7f2      	b.n	20000378 <flash_do_cmd_cs+0xf0>
20000392:	464b      	mov	r3, r9
20000394:	781b      	ldrb	r3, [r3, #0]
20000396:	3901      	subs	r1, #1
20000398:	6603      	str	r3, [r0, #96]	@ 0x60
2000039a:	2301      	movs	r3, #1
2000039c:	4499      	add	r9, r3
2000039e:	e7e7      	b.n	20000370 <flash_do_cmd_cs+0xe8>
200003a0:	2100      	movs	r1, #0
200003a2:	e7e5      	b.n	20000370 <flash_do_cmd_cs+0xe8>
200003a4:	23c0      	movs	r3, #192	@ 0xc0
200003a6:	055b      	lsls	r3, r3, #21
200003a8:	6e1b      	ldr	r3, [r3, #96]	@ 0x60
200003aa:	3c01      	subs	r4, #1
200003ac:	702b      	strb	r3, [r5, #0]
200003ae:	3501      	adds	r5, #1
200003b0:	e79f      	b.n	200002f2 <flash_do_cmd_cs+0x6a>
200003b2:	000b      	movs	r3, r1
200003b4:	42a2      	cmp	r2, r4
200003b6:	d1df      	bne.n	20000378 <flash_do_cmd_cs+0xf0>
200003b8:	e7dc      	b.n	20000374 <flash_do_cmd_cs+0xec>
200003ba:	46c0      	nop			@ (mov r8, r8)
200003bc:	00004649 	.word	0x00004649
200003c0:	00005845 	.word	0x00005845
200003c4:	00004346 	.word	0x00004346
200003c8:	4001800c 	.word	0x4001800c
200003cc:	4001900c 	.word	0x4001900c

200003d0 <reset_non_control_endpoints>:
200003d0:	2200      	movs	r2, #0
200003d2:	4b15      	ldr	r3, [pc, #84]	@ (20000428 <reset_non_control_endpoints+0x58>)
200003d4:	b510      	push	{r4, lr}
200003d6:	609a      	str	r2, [r3, #8]
200003d8:	60da      	str	r2, [r3, #12]
200003da:	611a      	str	r2, [r3, #16]
200003dc:	615a      	str	r2, [r3, #20]
200003de:	619a      	str	r2, [r3, #24]
200003e0:	61da      	str	r2, [r3, #28]
200003e2:	621a      	str	r2, [r3, #32]
200003e4:	625a      	str	r2, [r3, #36]	@ 0x24
200003e6:	629a      	str	r2, [r3, #40]	@ 0x28
200003e8:	62da      	str	r2, [r3, #44]	@ 0x2c
200003ea:	631a      	str	r2, [r3, #48]	@ 0x30
200003ec:	635a      	str	r2, [r3, #52]	@ 0x34
200003ee:	639a      	str	r2, [r3, #56]	@ 0x38
200003f0:	63da      	str	r2, [r3, #60]	@ 0x3c
200003f2:	641a      	str	r2, [r3, #64]	@ 0x40
200003f4:	645a      	str	r2, [r3, #68]	@ 0x44
200003f6:	649a      	str	r2, [r3, #72]	@ 0x48
200003f8:	64da      	str	r2, [r3, #76]	@ 0x4c
200003fa:	651a      	str	r2, [r3, #80]	@ 0x50
200003fc:	655a      	str	r2, [r3, #84]	@ 0x54
200003fe:	659a      	str	r2, [r3, #88]	@ 0x58
20000400:	65da      	str	r2, [r3, #92]	@ 0x5c
20000402:	661a      	str	r2, [r3, #96]	@ 0x60
20000404:	665a      	str	r2, [r3, #100]	@ 0x64
20000406:	669a      	str	r2, [r3, #104]	@ 0x68
20000408:	66da      	str	r2, [r3, #108]	@ 0x6c
2000040a:	671a      	str	r2, [r3, #112]	@ 0x70
2000040c:	675a      	str	r2, [r3, #116]	@ 0x74
2000040e:	679a      	str	r2, [r3, #120]	@ 0x78
20000410:	67da      	str	r2, [r3, #124]	@ 0x7c
20000412:	32f0      	adds	r2, #240	@ 0xf0
20000414:	0092      	lsls	r2, r2, #2
20000416:	2100      	movs	r1, #0
20000418:	4804      	ldr	r0, [pc, #16]	@ (2000042c <reset_non_control_endpoints+0x5c>)
2000041a:	f000 fd79 	bl	20000f10 <____wrap_memset_veneer>
2000041e:	4b04      	ldr	r3, [pc, #16]	@ (20000430 <reset_non_control_endpoints+0x60>)
20000420:	4a04      	ldr	r2, [pc, #16]	@ (20000434 <reset_non_control_endpoints+0x64>)
20000422:	601a      	str	r2, [r3, #0]
20000424:	bd10      	pop	{r4, pc}
20000426:	46c0      	nop			@ (mov r8, r8)
20000428:	50100000 	.word	0x50100000
2000042c:	20001830 	.word	0x20001830
20000430:	20001bf8 	.word	0x20001bf8
20000434:	50100180 	.word	0x50100180

20000438 <hw_handle_buff_status>:
20000438:	b5f0      	push	{r4, r5, r6, r7, lr}
2000043a:	4647      	mov	r7, r8
2000043c:	46ce      	mov	lr, r9
2000043e:	b580      	push	{r7, lr}
20000440:	4b1c      	ldr	r3, [pc, #112]	@ (200004b4 <hw_handle_buff_status+0x7c>)
20000442:	2400      	movs	r4, #0
20000444:	6d9f      	ldr	r7, [r3, #88]	@ 0x58
20000446:	2601      	movs	r6, #1
20000448:	b085      	sub	sp, #20
2000044a:	2f00      	cmp	r7, #0
2000044c:	d01b      	beq.n	20000486 <hw_handle_buff_status+0x4e>
2000044e:	4b1a      	ldr	r3, [pc, #104]	@ (200004b8 <hw_handle_buff_status+0x80>)
20000450:	4698      	mov	r8, r3
20000452:	4b1a      	ldr	r3, [pc, #104]	@ (200004bc <hw_handle_buff_status+0x84>)
20000454:	4699      	mov	r9, r3
20000456:	e004      	b.n	20000462 <hw_handle_buff_status+0x2a>
20000458:	3401      	adds	r4, #1
2000045a:	b2e4      	uxtb	r4, r4
2000045c:	0076      	lsls	r6, r6, #1
2000045e:	2c20      	cmp	r4, #32
20000460:	d011      	beq.n	20000486 <hw_handle_buff_status+0x4e>
20000462:	423e      	tst	r6, r7
20000464:	d0f8      	beq.n	20000458 <hw_handle_buff_status+0x20>
20000466:	4643      	mov	r3, r8
20000468:	659e      	str	r6, [r3, #88]	@ 0x58
2000046a:	2301      	movs	r3, #1
2000046c:	0865      	lsrs	r5, r4, #1
2000046e:	006d      	lsls	r5, r5, #1
20000470:	43a3      	bics	r3, r4
20000472:	18ed      	adds	r5, r5, r3
20000474:	016d      	lsls	r5, r5, #5
20000476:	444d      	add	r5, r9
20000478:	0028      	movs	r0, r5
2000047a:	f000 fc13 	bl	20000ca4 <hw_endpoint_xfer_continue>
2000047e:	2800      	cmp	r0, #0
20000480:	d106      	bne.n	20000490 <hw_handle_buff_status+0x58>
20000482:	43b7      	bics	r7, r6
20000484:	d1e8      	bne.n	20000458 <hw_handle_buff_status+0x20>
20000486:	b005      	add	sp, #20
20000488:	bcc0      	pop	{r6, r7}
2000048a:	46b9      	mov	r9, r7
2000048c:	46b0      	mov	r8, r6
2000048e:	bdf0      	pop	{r4, r5, r6, r7, pc}
20000490:	8aeb      	ldrh	r3, [r5, #22]
20000492:	21e0      	movs	r1, #224	@ 0xe0
20000494:	9303      	str	r3, [sp, #12]
20000496:	2300      	movs	r3, #0
20000498:	a801      	add	r0, sp, #4
2000049a:	78aa      	ldrb	r2, [r5, #2]
2000049c:	00c9      	lsls	r1, r1, #3
2000049e:	8001      	strh	r1, [r0, #0]
200004a0:	2101      	movs	r1, #1
200004a2:	7102      	strb	r2, [r0, #4]
200004a4:	7143      	strb	r3, [r0, #5]
200004a6:	f000 fc1d 	bl	20000ce4 <dcd_event_handler>
200004aa:	0028      	movs	r0, r5
200004ac:	f000 fb98 	bl	20000be0 <hw_endpoint_reset_transfer>
200004b0:	e7e7      	b.n	20000482 <hw_handle_buff_status+0x4a>
200004b2:	46c0      	nop			@ (mov r8, r8)
200004b4:	50110000 	.word	0x50110000
200004b8:	50113000 	.word	0x50113000
200004bc:	200017f0 	.word	0x200017f0

200004c0 <dcd_rp2040_irq>:
200004c0:	2398      	movs	r3, #152	@ 0x98
200004c2:	4ac6      	ldr	r2, [pc, #792]	@ (200007dc <dcd_rp2040_irq+0x31c>)
200004c4:	b5f0      	push	{r4, r5, r6, r7, lr}
200004c6:	58d5      	ldr	r5, [r2, r3]
200004c8:	2380      	movs	r3, #128	@ 0x80
200004ca:	002e      	movs	r6, r5
200004cc:	029b      	lsls	r3, r3, #10
200004ce:	2410      	movs	r4, #16
200004d0:	b085      	sub	sp, #20
200004d2:	401e      	ands	r6, r3
200004d4:	421d      	tst	r5, r3
200004d6:	d074      	beq.n	200005c2 <dcd_rp2040_irq+0x102>
200004d8:	4bc1      	ldr	r3, [pc, #772]	@ (200007e0 <dcd_rp2040_irq+0x320>)
200004da:	4cc2      	ldr	r4, [pc, #776]	@ (200007e4 <dcd_rp2040_irq+0x324>)
200004dc:	6a9a      	ldr	r2, [r3, #40]	@ 0x28
200004de:	4bc2      	ldr	r3, [pc, #776]	@ (200007e8 <dcd_rp2040_irq+0x328>)
200004e0:	2600      	movs	r6, #0
200004e2:	601a      	str	r2, [r3, #0]
200004e4:	233b      	movs	r3, #59	@ 0x3b
200004e6:	5ce3      	ldrb	r3, [r4, r3]
200004e8:	2b02      	cmp	r3, #2
200004ea:	d100      	bne.n	200004ee <dcd_rp2040_irq+0x2e>
200004ec:	e14b      	b.n	20000786 <dcd_rp2040_irq+0x2c6>
200004ee:	237b      	movs	r3, #123	@ 0x7b
200004f0:	5ce3      	ldrb	r3, [r4, r3]
200004f2:	2b02      	cmp	r3, #2
200004f4:	d100      	bne.n	200004f8 <dcd_rp2040_irq+0x38>
200004f6:	e0ef      	b.n	200006d8 <dcd_rp2040_irq+0x218>
200004f8:	23bb      	movs	r3, #187	@ 0xbb
200004fa:	5ce3      	ldrb	r3, [r4, r3]
200004fc:	2b02      	cmp	r3, #2
200004fe:	d100      	bne.n	20000502 <dcd_rp2040_irq+0x42>
20000500:	e0f6      	b.n	200006f0 <dcd_rp2040_irq+0x230>
20000502:	23fb      	movs	r3, #251	@ 0xfb
20000504:	5ce3      	ldrb	r3, [r4, r3]
20000506:	2b02      	cmp	r3, #2
20000508:	d100      	bne.n	2000050c <dcd_rp2040_irq+0x4c>
2000050a:	e0fd      	b.n	20000708 <dcd_rp2040_irq+0x248>
2000050c:	233c      	movs	r3, #60	@ 0x3c
2000050e:	33ff      	adds	r3, #255	@ 0xff
20000510:	5ce3      	ldrb	r3, [r4, r3]
20000512:	2b02      	cmp	r3, #2
20000514:	d100      	bne.n	20000518 <dcd_rp2040_irq+0x58>
20000516:	e129      	b.n	2000076c <dcd_rp2040_irq+0x2ac>
20000518:	237c      	movs	r3, #124	@ 0x7c
2000051a:	33ff      	adds	r3, #255	@ 0xff
2000051c:	5ce3      	ldrb	r3, [r4, r3]
2000051e:	2b02      	cmp	r3, #2
20000520:	d100      	bne.n	20000524 <dcd_rp2040_irq+0x64>
20000522:	e10a      	b.n	2000073a <dcd_rp2040_irq+0x27a>
20000524:	23bc      	movs	r3, #188	@ 0xbc
20000526:	33ff      	adds	r3, #255	@ 0xff
20000528:	5ce3      	ldrb	r3, [r4, r3]
2000052a:	2b02      	cmp	r3, #2
2000052c:	d100      	bne.n	20000530 <dcd_rp2040_irq+0x70>
2000052e:	e13b      	b.n	200007a8 <dcd_rp2040_irq+0x2e8>
20000530:	23fc      	movs	r3, #252	@ 0xfc
20000532:	33ff      	adds	r3, #255	@ 0xff
20000534:	5ce3      	ldrb	r3, [r4, r3]
20000536:	2b02      	cmp	r3, #2
20000538:	d100      	bne.n	2000053c <dcd_rp2040_irq+0x7c>
2000053a:	e0f1      	b.n	20000720 <dcd_rp2040_irq+0x260>
2000053c:	4bab      	ldr	r3, [pc, #684]	@ (200007ec <dcd_rp2040_irq+0x32c>)
2000053e:	5ce3      	ldrb	r3, [r4, r3]
20000540:	2b02      	cmp	r3, #2
20000542:	d100      	bne.n	20000546 <dcd_rp2040_irq+0x86>
20000544:	e170      	b.n	20000828 <dcd_rp2040_irq+0x368>
20000546:	4baa      	ldr	r3, [pc, #680]	@ (200007f0 <dcd_rp2040_irq+0x330>)
20000548:	5ce3      	ldrb	r3, [r4, r3]
2000054a:	2b02      	cmp	r3, #2
2000054c:	d100      	bne.n	20000550 <dcd_rp2040_irq+0x90>
2000054e:	e101      	b.n	20000754 <dcd_rp2040_irq+0x294>
20000550:	4ba8      	ldr	r3, [pc, #672]	@ (200007f4 <dcd_rp2040_irq+0x334>)
20000552:	5ce3      	ldrb	r3, [r4, r3]
20000554:	2b02      	cmp	r3, #2
20000556:	d100      	bne.n	2000055a <dcd_rp2040_irq+0x9a>
20000558:	e171      	b.n	2000083e <dcd_rp2040_irq+0x37e>
2000055a:	4ba7      	ldr	r3, [pc, #668]	@ (200007f8 <dcd_rp2040_irq+0x338>)
2000055c:	5ce3      	ldrb	r3, [r4, r3]
2000055e:	2b02      	cmp	r3, #2
20000560:	d100      	bne.n	20000564 <dcd_rp2040_irq+0xa4>
20000562:	e12e      	b.n	200007c2 <dcd_rp2040_irq+0x302>
20000564:	4ba5      	ldr	r3, [pc, #660]	@ (200007fc <dcd_rp2040_irq+0x33c>)
20000566:	5ce3      	ldrb	r3, [r4, r3]
20000568:	2b02      	cmp	r3, #2
2000056a:	d100      	bne.n	2000056e <dcd_rp2040_irq+0xae>
2000056c:	e19c      	b.n	200008a8 <dcd_rp2040_irq+0x3e8>
2000056e:	4ba4      	ldr	r3, [pc, #656]	@ (20000800 <dcd_rp2040_irq+0x340>)
20000570:	5ce3      	ldrb	r3, [r4, r3]
20000572:	2b02      	cmp	r3, #2
20000574:	d100      	bne.n	20000578 <dcd_rp2040_irq+0xb8>
20000576:	e16d      	b.n	20000854 <dcd_rp2040_irq+0x394>
20000578:	4ba2      	ldr	r3, [pc, #648]	@ (20000804 <dcd_rp2040_irq+0x344>)
2000057a:	5ce3      	ldrb	r3, [r4, r3]
2000057c:	2b02      	cmp	r3, #2
2000057e:	d100      	bne.n	20000582 <dcd_rp2040_irq+0xc2>
20000580:	e19d      	b.n	200008be <dcd_rp2040_irq+0x3fe>
20000582:	4ba1      	ldr	r3, [pc, #644]	@ (20000808 <dcd_rp2040_irq+0x348>)
20000584:	5ce3      	ldrb	r3, [r4, r3]
20000586:	2b02      	cmp	r3, #2
20000588:	d100      	bne.n	2000058c <dcd_rp2040_irq+0xcc>
2000058a:	e17b      	b.n	20000884 <dcd_rp2040_irq+0x3c4>
2000058c:	2e00      	cmp	r6, #0
2000058e:	d108      	bne.n	200005a2 <dcd_rp2040_irq+0xe2>
20000590:	4b9e      	ldr	r3, [pc, #632]	@ (2000080c <dcd_rp2040_irq+0x34c>)
20000592:	781b      	ldrb	r3, [r3, #0]
20000594:	2b00      	cmp	r3, #0
20000596:	d104      	bne.n	200005a2 <dcd_rp2040_irq+0xe2>
20000598:	2180      	movs	r1, #128	@ 0x80
2000059a:	4a9d      	ldr	r2, [pc, #628]	@ (20000810 <dcd_rp2040_irq+0x350>)
2000059c:	3390      	adds	r3, #144	@ 0x90
2000059e:	0289      	lsls	r1, r1, #10
200005a0:	50d1      	str	r1, [r2, r3]
200005a2:	22c0      	movs	r2, #192	@ 0xc0
200005a4:	4669      	mov	r1, sp
200005a6:	4b8d      	ldr	r3, [pc, #564]	@ (200007dc <dcd_rp2040_irq+0x31c>)
200005a8:	0092      	lsls	r2, r2, #2
200005aa:	6c9b      	ldr	r3, [r3, #72]	@ 0x48
200005ac:	2680      	movs	r6, #128	@ 0x80
200005ae:	055b      	lsls	r3, r3, #21
200005b0:	808a      	strh	r2, [r1, #4]
200005b2:	0d5b      	lsrs	r3, r3, #21
200005b4:	2101      	movs	r1, #1
200005b6:	a801      	add	r0, sp, #4
200005b8:	9302      	str	r3, [sp, #8]
200005ba:	f000 fb93 	bl	20000ce4 <dcd_event_handler>
200005be:	4c95      	ldr	r4, [pc, #596]	@ (20000814 <dcd_rp2040_irq+0x354>)
200005c0:	02b6      	lsls	r6, r6, #10
200005c2:	06eb      	lsls	r3, r5, #27
200005c4:	d500      	bpl.n	200005c8 <dcd_rp2040_irq+0x108>
200005c6:	e07b      	b.n	200006c0 <dcd_rp2040_irq+0x200>
200005c8:	2380      	movs	r3, #128	@ 0x80
200005ca:	025b      	lsls	r3, r3, #9
200005cc:	421d      	tst	r5, r3
200005ce:	d02f      	beq.n	20000630 <dcd_rp2040_irq+0x170>
200005d0:	2402      	movs	r4, #2
200005d2:	4f84      	ldr	r7, [pc, #528]	@ (200007e4 <dcd_rp2040_irq+0x324>)
200005d4:	431e      	orrs	r6, r3
200005d6:	7ebb      	ldrb	r3, [r7, #26]
200005d8:	2b00      	cmp	r3, #0
200005da:	d014      	beq.n	20000606 <dcd_rp2040_irq+0x146>
200005dc:	f000 fc70 	bl	20000ec0 <__rp2040_chip_version_veneer>
200005e0:	2801      	cmp	r0, #1
200005e2:	d900      	bls.n	200005e6 <dcd_rp2040_irq+0x126>
200005e4:	e070      	b.n	200006c8 <dcd_rp2040_irq+0x208>
200005e6:	22c0      	movs	r2, #192	@ 0xc0
200005e8:	2100      	movs	r1, #0
200005ea:	0038      	movs	r0, r7
200005ec:	0192      	lsls	r2, r2, #6
200005ee:	f000 fafd 	bl	20000bec <_hw_endpoint_buffer_control_update32>
200005f2:	0038      	movs	r0, r7
200005f4:	f000 faf4 	bl	20000be0 <hw_endpoint_reset_transfer>
200005f8:	f000 fc62 	bl	20000ec0 <__rp2040_chip_version_veneer>
200005fc:	2801      	cmp	r0, #1
200005fe:	d902      	bls.n	20000606 <dcd_rp2040_irq+0x146>
20000600:	4b83      	ldr	r3, [pc, #524]	@ (20000810 <dcd_rp2040_irq+0x350>)
20000602:	665c      	str	r4, [r3, #100]	@ 0x64
20000604:	661c      	str	r4, [r3, #96]	@ 0x60
20000606:	2301      	movs	r3, #1
20000608:	70fb      	strb	r3, [r7, #3]
2000060a:	3720      	adds	r7, #32
2000060c:	2c01      	cmp	r4, #1
2000060e:	d120      	bne.n	20000652 <dcd_rp2040_irq+0x192>
20000610:	23c0      	movs	r3, #192	@ 0xc0
20000612:	466a      	mov	r2, sp
20000614:	00db      	lsls	r3, r3, #3
20000616:	8093      	strh	r3, [r2, #4]
20000618:	4a7f      	ldr	r2, [pc, #508]	@ (20000818 <dcd_rp2040_irq+0x358>)
2000061a:	ab02      	add	r3, sp, #8
2000061c:	ca03      	ldmia	r2!, {r0, r1}
2000061e:	c303      	stmia	r3!, {r0, r1}
20000620:	2101      	movs	r1, #1
20000622:	a801      	add	r0, sp, #4
20000624:	f000 fb5e 	bl	20000ce4 <dcd_event_handler>
20000628:	2280      	movs	r2, #128	@ 0x80
2000062a:	4b79      	ldr	r3, [pc, #484]	@ (20000810 <dcd_rp2040_irq+0x350>)
2000062c:	0292      	lsls	r2, r2, #10
2000062e:	651a      	str	r2, [r3, #80]	@ 0x50
20000630:	2380      	movs	r3, #128	@ 0x80
20000632:	015b      	lsls	r3, r3, #5
20000634:	421d      	tst	r5, r3
20000636:	d10e      	bne.n	20000656 <dcd_rp2040_irq+0x196>
20000638:	2380      	movs	r3, #128	@ 0x80
2000063a:	01db      	lsls	r3, r3, #7
2000063c:	421d      	tst	r5, r3
2000063e:	d121      	bne.n	20000684 <dcd_rp2040_irq+0x1c4>
20000640:	2380      	movs	r3, #128	@ 0x80
20000642:	021b      	lsls	r3, r3, #8
20000644:	421d      	tst	r5, r3
20000646:	d12d      	bne.n	200006a4 <dcd_rp2040_irq+0x1e4>
20000648:	42ae      	cmp	r6, r5
2000064a:	d000      	beq.n	2000064e <dcd_rp2040_irq+0x18e>
2000064c:	e1be      	b.n	200009cc <dcd_rp2040_irq+0x50c>
2000064e:	b005      	add	sp, #20
20000650:	bdf0      	pop	{r4, r5, r6, r7, pc}
20000652:	2401      	movs	r4, #1
20000654:	e7bf      	b.n	200005d6 <dcd_rp2040_irq+0x116>
20000656:	2400      	movs	r4, #0
20000658:	431e      	orrs	r6, r3
2000065a:	4b60      	ldr	r3, [pc, #384]	@ (200007dc <dcd_rp2040_irq+0x31c>)
2000065c:	601c      	str	r4, [r3, #0]
2000065e:	f7ff feb7 	bl	200003d0 <reset_non_control_endpoints>
20000662:	2380      	movs	r3, #128	@ 0x80
20000664:	466a      	mov	r2, sp
20000666:	005b      	lsls	r3, r3, #1
20000668:	8093      	strh	r3, [r2, #4]
2000066a:	7214      	strb	r4, [r2, #8]
2000066c:	2101      	movs	r1, #1
2000066e:	a801      	add	r0, sp, #4
20000670:	f000 fb38 	bl	20000ce4 <dcd_event_handler>
20000674:	2280      	movs	r2, #128	@ 0x80
20000676:	4b66      	ldr	r3, [pc, #408]	@ (20000810 <dcd_rp2040_irq+0x350>)
20000678:	0312      	lsls	r2, r2, #12
2000067a:	651a      	str	r2, [r3, #80]	@ 0x50
2000067c:	2380      	movs	r3, #128	@ 0x80
2000067e:	01db      	lsls	r3, r3, #7
20000680:	421d      	tst	r5, r3
20000682:	d0dd      	beq.n	20000640 <dcd_rp2040_irq+0x180>
20000684:	431e      	orrs	r6, r3
20000686:	2380      	movs	r3, #128	@ 0x80
20000688:	466a      	mov	r2, sp
2000068a:	00db      	lsls	r3, r3, #3
2000068c:	8093      	strh	r3, [r2, #4]
2000068e:	2101      	movs	r1, #1
20000690:	a801      	add	r0, sp, #4
20000692:	f000 fb27 	bl	20000ce4 <dcd_event_handler>
20000696:	2210      	movs	r2, #16
20000698:	4b5d      	ldr	r3, [pc, #372]	@ (20000810 <dcd_rp2040_irq+0x350>)
2000069a:	651a      	str	r2, [r3, #80]	@ 0x50
2000069c:	2380      	movs	r3, #128	@ 0x80
2000069e:	021b      	lsls	r3, r3, #8
200006a0:	421d      	tst	r5, r3
200006a2:	d0d1      	beq.n	20000648 <dcd_rp2040_irq+0x188>
200006a4:	431e      	orrs	r6, r3
200006a6:	23a0      	movs	r3, #160	@ 0xa0
200006a8:	466a      	mov	r2, sp
200006aa:	00db      	lsls	r3, r3, #3
200006ac:	8093      	strh	r3, [r2, #4]
200006ae:	2101      	movs	r1, #1
200006b0:	a801      	add	r0, sp, #4
200006b2:	f000 fb17 	bl	20000ce4 <dcd_event_handler>
200006b6:	2280      	movs	r2, #128	@ 0x80
200006b8:	4b55      	ldr	r3, [pc, #340]	@ (20000810 <dcd_rp2040_irq+0x350>)
200006ba:	0112      	lsls	r2, r2, #4
200006bc:	651a      	str	r2, [r3, #80]	@ 0x50
200006be:	e7c3      	b.n	20000648 <dcd_rp2040_irq+0x188>
200006c0:	f7ff feba 	bl	20000438 <hw_handle_buff_status>
200006c4:	0026      	movs	r6, r4
200006c6:	e77f      	b.n	200005c8 <dcd_rp2040_irq+0x108>
200006c8:	4b54      	ldr	r3, [pc, #336]	@ (2000081c <dcd_rp2040_irq+0x35c>)
200006ca:	4a44      	ldr	r2, [pc, #272]	@ (200007dc <dcd_rp2040_irq+0x31c>)
200006cc:	661c      	str	r4, [r3, #96]	@ 0x60
200006ce:	6e53      	ldr	r3, [r2, #100]	@ 0x64
200006d0:	4023      	ands	r3, r4
200006d2:	42a3      	cmp	r3, r4
200006d4:	d1fb      	bne.n	200006ce <dcd_rp2040_irq+0x20e>
200006d6:	e786      	b.n	200005e6 <dcd_rp2040_irq+0x126>
200006d8:	3378      	adds	r3, #120	@ 0x78
200006da:	5ce7      	ldrb	r7, [r4, r3]
200006dc:	2f00      	cmp	r7, #0
200006de:	d100      	bne.n	200006e2 <dcd_rp2040_irq+0x222>
200006e0:	e70a      	b.n	200004f8 <dcd_rp2040_irq+0x38>
200006e2:	3302      	adds	r3, #2
200006e4:	5ce2      	ldrb	r2, [r4, r3]
200006e6:	2a00      	cmp	r2, #0
200006e8:	d000      	beq.n	200006ec <dcd_rp2040_irq+0x22c>
200006ea:	e10d      	b.n	20000908 <dcd_rp2040_irq+0x448>
200006ec:	003e      	movs	r6, r7
200006ee:	e703      	b.n	200004f8 <dcd_rp2040_irq+0x38>
200006f0:	33b8      	adds	r3, #184	@ 0xb8
200006f2:	5ce7      	ldrb	r7, [r4, r3]
200006f4:	2f00      	cmp	r7, #0
200006f6:	d100      	bne.n	200006fa <dcd_rp2040_irq+0x23a>
200006f8:	e703      	b.n	20000502 <dcd_rp2040_irq+0x42>
200006fa:	3302      	adds	r3, #2
200006fc:	5ce2      	ldrb	r2, [r4, r3]
200006fe:	2a00      	cmp	r2, #0
20000700:	d000      	beq.n	20000704 <dcd_rp2040_irq+0x244>
20000702:	e0f9      	b.n	200008f8 <dcd_rp2040_irq+0x438>
20000704:	003e      	movs	r6, r7
20000706:	e6fc      	b.n	20000502 <dcd_rp2040_irq+0x42>
20000708:	33f8      	adds	r3, #248	@ 0xf8
2000070a:	5ce7      	ldrb	r7, [r4, r3]
2000070c:	2f00      	cmp	r7, #0
2000070e:	d100      	bne.n	20000712 <dcd_rp2040_irq+0x252>
20000710:	e6fc      	b.n	2000050c <dcd_rp2040_irq+0x4c>
20000712:	3302      	adds	r3, #2
20000714:	5ce2      	ldrb	r2, [r4, r3]
20000716:	2a00      	cmp	r2, #0
20000718:	d000      	beq.n	2000071c <dcd_rp2040_irq+0x25c>
2000071a:	e141      	b.n	200009a0 <dcd_rp2040_irq+0x4e0>
2000071c:	003e      	movs	r6, r7
2000071e:	e6f5      	b.n	2000050c <dcd_rp2040_irq+0x4c>
20000720:	33f9      	adds	r3, #249	@ 0xf9
20000722:	33ff      	adds	r3, #255	@ 0xff
20000724:	5ce7      	ldrb	r7, [r4, r3]
20000726:	2f00      	cmp	r7, #0
20000728:	d100      	bne.n	2000072c <dcd_rp2040_irq+0x26c>
2000072a:	e707      	b.n	2000053c <dcd_rp2040_irq+0x7c>
2000072c:	3302      	adds	r3, #2
2000072e:	5ce2      	ldrb	r2, [r4, r3]
20000730:	2a00      	cmp	r2, #0
20000732:	d000      	beq.n	20000736 <dcd_rp2040_irq+0x276>
20000734:	e12b      	b.n	2000098e <dcd_rp2040_irq+0x4ce>
20000736:	003e      	movs	r6, r7
20000738:	e700      	b.n	2000053c <dcd_rp2040_irq+0x7c>
2000073a:	3379      	adds	r3, #121	@ 0x79
2000073c:	33ff      	adds	r3, #255	@ 0xff
2000073e:	5ce7      	ldrb	r7, [r4, r3]
20000740:	2f00      	cmp	r7, #0
20000742:	d100      	bne.n	20000746 <dcd_rp2040_irq+0x286>
20000744:	e6ee      	b.n	20000524 <dcd_rp2040_irq+0x64>
20000746:	3302      	adds	r3, #2
20000748:	5ce2      	ldrb	r2, [r4, r3]
2000074a:	2a00      	cmp	r2, #0
2000074c:	d000      	beq.n	20000750 <dcd_rp2040_irq+0x290>
2000074e:	e115      	b.n	2000097c <dcd_rp2040_irq+0x4bc>
20000750:	003e      	movs	r6, r7
20000752:	e6e7      	b.n	20000524 <dcd_rp2040_irq+0x64>
20000754:	4b32      	ldr	r3, [pc, #200]	@ (20000820 <dcd_rp2040_irq+0x360>)
20000756:	5ce7      	ldrb	r7, [r4, r3]
20000758:	2f00      	cmp	r7, #0
2000075a:	d100      	bne.n	2000075e <dcd_rp2040_irq+0x29e>
2000075c:	e6f8      	b.n	20000550 <dcd_rp2040_irq+0x90>
2000075e:	3302      	adds	r3, #2
20000760:	5ce2      	ldrb	r2, [r4, r3]
20000762:	2a00      	cmp	r2, #0
20000764:	d000      	beq.n	20000768 <dcd_rp2040_irq+0x2a8>
20000766:	e101      	b.n	2000096c <dcd_rp2040_irq+0x4ac>
20000768:	003e      	movs	r6, r7
2000076a:	e6f1      	b.n	20000550 <dcd_rp2040_irq+0x90>
2000076c:	3339      	adds	r3, #57	@ 0x39
2000076e:	33ff      	adds	r3, #255	@ 0xff
20000770:	5ce7      	ldrb	r7, [r4, r3]
20000772:	2f00      	cmp	r7, #0
20000774:	d100      	bne.n	20000778 <dcd_rp2040_irq+0x2b8>
20000776:	e6cf      	b.n	20000518 <dcd_rp2040_irq+0x58>
20000778:	3302      	adds	r3, #2
2000077a:	5ce2      	ldrb	r2, [r4, r3]
2000077c:	2a00      	cmp	r2, #0
2000077e:	d000      	beq.n	20000782 <dcd_rp2040_irq+0x2c2>
20000780:	e0eb      	b.n	2000095a <dcd_rp2040_irq+0x49a>
20000782:	003e      	movs	r6, r7
20000784:	e6c8      	b.n	20000518 <dcd_rp2040_irq+0x58>
20000786:	3338      	adds	r3, #56	@ 0x38
20000788:	5ce6      	ldrb	r6, [r4, r3]
2000078a:	2e00      	cmp	r6, #0
2000078c:	d100      	bne.n	20000790 <dcd_rp2040_irq+0x2d0>
2000078e:	e6ae      	b.n	200004ee <dcd_rp2040_irq+0x2e>
20000790:	3302      	adds	r3, #2
20000792:	5ce2      	ldrb	r2, [r4, r3]
20000794:	2a00      	cmp	r2, #0
20000796:	d100      	bne.n	2000079a <dcd_rp2040_irq+0x2da>
20000798:	e6a9      	b.n	200004ee <dcd_rp2040_irq+0x2e>
2000079a:	0020      	movs	r0, r4
2000079c:	2200      	movs	r2, #0
2000079e:	3020      	adds	r0, #32
200007a0:	54e2      	strb	r2, [r4, r3]
200007a2:	f000 fa4b 	bl	20000c3c <hw_endpoint_start_next_buffer>
200007a6:	e6a2      	b.n	200004ee <dcd_rp2040_irq+0x2e>
200007a8:	33b9      	adds	r3, #185	@ 0xb9
200007aa:	33ff      	adds	r3, #255	@ 0xff
200007ac:	5ce7      	ldrb	r7, [r4, r3]
200007ae:	2f00      	cmp	r7, #0
200007b0:	d100      	bne.n	200007b4 <dcd_rp2040_irq+0x2f4>
200007b2:	e6bd      	b.n	20000530 <dcd_rp2040_irq+0x70>
200007b4:	3302      	adds	r3, #2
200007b6:	5ce2      	ldrb	r2, [r4, r3]
200007b8:	2a00      	cmp	r2, #0
200007ba:	d000      	beq.n	200007be <dcd_rp2040_irq+0x2fe>
200007bc:	e0c4      	b.n	20000948 <dcd_rp2040_irq+0x488>
200007be:	003e      	movs	r6, r7
200007c0:	e6b6      	b.n	20000530 <dcd_rp2040_irq+0x70>
200007c2:	4b18      	ldr	r3, [pc, #96]	@ (20000824 <dcd_rp2040_irq+0x364>)
200007c4:	5ce7      	ldrb	r7, [r4, r3]
200007c6:	2f00      	cmp	r7, #0
200007c8:	d100      	bne.n	200007cc <dcd_rp2040_irq+0x30c>
200007ca:	e6cb      	b.n	20000564 <dcd_rp2040_irq+0xa4>
200007cc:	3302      	adds	r3, #2
200007ce:	5ce2      	ldrb	r2, [r4, r3]
200007d0:	2a00      	cmp	r2, #0
200007d2:	d000      	beq.n	200007d6 <dcd_rp2040_irq+0x316>
200007d4:	e0b0      	b.n	20000938 <dcd_rp2040_irq+0x478>
200007d6:	003e      	movs	r6, r7
200007d8:	e6c4      	b.n	20000564 <dcd_rp2040_irq+0xa4>
200007da:	46c0      	nop			@ (mov r8, r8)
200007dc:	50110000 	.word	0x50110000
200007e0:	40054000 	.word	0x40054000
200007e4:	200017f0 	.word	0x200017f0
200007e8:	200017e8 	.word	0x200017e8
200007ec:	0000023b 	.word	0x0000023b
200007f0:	0000027b 	.word	0x0000027b
200007f4:	000002bb 	.word	0x000002bb
200007f8:	000002fb 	.word	0x000002fb
200007fc:	0000033b 	.word	0x0000033b
20000800:	0000037b 	.word	0x0000037b
20000804:	000003bb 	.word	0x000003bb
20000808:	000003fb 	.word	0x000003fb
2000080c:	20001c3e 	.word	0x20001c3e
20000810:	50113000 	.word	0x50113000
20000814:	00020010 	.word	0x00020010
20000818:	50100000 	.word	0x50100000
2000081c:	50112000 	.word	0x50112000
20000820:	0000027a 	.word	0x0000027a
20000824:	000002fa 	.word	0x000002fa
20000828:	4b6b      	ldr	r3, [pc, #428]	@ (200009d8 <dcd_rp2040_irq+0x518>)
2000082a:	5ce7      	ldrb	r7, [r4, r3]
2000082c:	2f00      	cmp	r7, #0
2000082e:	d100      	bne.n	20000832 <dcd_rp2040_irq+0x372>
20000830:	e689      	b.n	20000546 <dcd_rp2040_irq+0x86>
20000832:	3302      	adds	r3, #2
20000834:	5ce2      	ldrb	r2, [r4, r3]
20000836:	2a00      	cmp	r2, #0
20000838:	d176      	bne.n	20000928 <dcd_rp2040_irq+0x468>
2000083a:	003e      	movs	r6, r7
2000083c:	e683      	b.n	20000546 <dcd_rp2040_irq+0x86>
2000083e:	4b67      	ldr	r3, [pc, #412]	@ (200009dc <dcd_rp2040_irq+0x51c>)
20000840:	5ce7      	ldrb	r7, [r4, r3]
20000842:	2f00      	cmp	r7, #0
20000844:	d100      	bne.n	20000848 <dcd_rp2040_irq+0x388>
20000846:	e688      	b.n	2000055a <dcd_rp2040_irq+0x9a>
20000848:	3302      	adds	r3, #2
2000084a:	5ce2      	ldrb	r2, [r4, r3]
2000084c:	2a00      	cmp	r2, #0
2000084e:	d163      	bne.n	20000918 <dcd_rp2040_irq+0x458>
20000850:	003e      	movs	r6, r7
20000852:	e682      	b.n	2000055a <dcd_rp2040_irq+0x9a>
20000854:	4b62      	ldr	r3, [pc, #392]	@ (200009e0 <dcd_rp2040_irq+0x520>)
20000856:	5ce7      	ldrb	r7, [r4, r3]
20000858:	2f00      	cmp	r7, #0
2000085a:	d100      	bne.n	2000085e <dcd_rp2040_irq+0x39e>
2000085c:	e68c      	b.n	20000578 <dcd_rp2040_irq+0xb8>
2000085e:	3302      	adds	r3, #2
20000860:	5ce2      	ldrb	r2, [r4, r3]
20000862:	2a00      	cmp	r2, #0
20000864:	d000      	beq.n	20000868 <dcd_rp2040_irq+0x3a8>
20000866:	e0a3      	b.n	200009b0 <dcd_rp2040_irq+0x4f0>
20000868:	4b5e      	ldr	r3, [pc, #376]	@ (200009e4 <dcd_rp2040_irq+0x524>)
2000086a:	5ce3      	ldrb	r3, [r4, r3]
2000086c:	2b02      	cmp	r3, #2
2000086e:	d130      	bne.n	200008d2 <dcd_rp2040_irq+0x412>
20000870:	4b5d      	ldr	r3, [pc, #372]	@ (200009e8 <dcd_rp2040_irq+0x528>)
20000872:	5ce3      	ldrb	r3, [r4, r3]
20000874:	2b00      	cmp	r3, #0
20000876:	d127      	bne.n	200008c8 <dcd_rp2040_irq+0x408>
20000878:	4b5c      	ldr	r3, [pc, #368]	@ (200009ec <dcd_rp2040_irq+0x52c>)
2000087a:	5ce3      	ldrb	r3, [r4, r3]
2000087c:	2b02      	cmp	r3, #2
2000087e:	d000      	beq.n	20000882 <dcd_rp2040_irq+0x3c2>
20000880:	e68f      	b.n	200005a2 <dcd_rp2040_irq+0xe2>
20000882:	003e      	movs	r6, r7
20000884:	4b5a      	ldr	r3, [pc, #360]	@ (200009f0 <dcd_rp2040_irq+0x530>)
20000886:	5ce3      	ldrb	r3, [r4, r3]
20000888:	2b00      	cmp	r3, #0
2000088a:	d100      	bne.n	2000088e <dcd_rp2040_irq+0x3ce>
2000088c:	e67e      	b.n	2000058c <dcd_rp2040_irq+0xcc>
2000088e:	23ff      	movs	r3, #255	@ 0xff
20000890:	009b      	lsls	r3, r3, #2
20000892:	5ce2      	ldrb	r2, [r4, r3]
20000894:	2a00      	cmp	r2, #0
20000896:	d100      	bne.n	2000089a <dcd_rp2040_irq+0x3da>
20000898:	e683      	b.n	200005a2 <dcd_rp2040_irq+0xe2>
2000089a:	2200      	movs	r2, #0
2000089c:	54e2      	strb	r2, [r4, r3]
2000089e:	3b1c      	subs	r3, #28
200008a0:	18e0      	adds	r0, r4, r3
200008a2:	f000 f9cb 	bl	20000c3c <hw_endpoint_start_next_buffer>
200008a6:	e67c      	b.n	200005a2 <dcd_rp2040_irq+0xe2>
200008a8:	4b52      	ldr	r3, [pc, #328]	@ (200009f4 <dcd_rp2040_irq+0x534>)
200008aa:	5ce7      	ldrb	r7, [r4, r3]
200008ac:	2f00      	cmp	r7, #0
200008ae:	d100      	bne.n	200008b2 <dcd_rp2040_irq+0x3f2>
200008b0:	e65d      	b.n	2000056e <dcd_rp2040_irq+0xae>
200008b2:	3302      	adds	r3, #2
200008b4:	5ce2      	ldrb	r2, [r4, r3]
200008b6:	2a00      	cmp	r2, #0
200008b8:	d116      	bne.n	200008e8 <dcd_rp2040_irq+0x428>
200008ba:	003e      	movs	r6, r7
200008bc:	e657      	b.n	2000056e <dcd_rp2040_irq+0xae>
200008be:	4b4a      	ldr	r3, [pc, #296]	@ (200009e8 <dcd_rp2040_irq+0x528>)
200008c0:	5ce3      	ldrb	r3, [r4, r3]
200008c2:	2b00      	cmp	r3, #0
200008c4:	d100      	bne.n	200008c8 <dcd_rp2040_irq+0x408>
200008c6:	e65c      	b.n	20000582 <dcd_rp2040_irq+0xc2>
200008c8:	23ef      	movs	r3, #239	@ 0xef
200008ca:	009b      	lsls	r3, r3, #2
200008cc:	5ce2      	ldrb	r2, [r4, r3]
200008ce:	2a00      	cmp	r2, #0
200008d0:	d175      	bne.n	200009be <dcd_rp2040_irq+0x4fe>
200008d2:	4b46      	ldr	r3, [pc, #280]	@ (200009ec <dcd_rp2040_irq+0x52c>)
200008d4:	5ce3      	ldrb	r3, [r4, r3]
200008d6:	2b02      	cmp	r3, #2
200008d8:	d000      	beq.n	200008dc <dcd_rp2040_irq+0x41c>
200008da:	e662      	b.n	200005a2 <dcd_rp2040_irq+0xe2>
200008dc:	4b44      	ldr	r3, [pc, #272]	@ (200009f0 <dcd_rp2040_irq+0x530>)
200008de:	5ce3      	ldrb	r3, [r4, r3]
200008e0:	2b00      	cmp	r3, #0
200008e2:	d100      	bne.n	200008e6 <dcd_rp2040_irq+0x426>
200008e4:	e65d      	b.n	200005a2 <dcd_rp2040_irq+0xe2>
200008e6:	e7d2      	b.n	2000088e <dcd_rp2040_irq+0x3ce>
200008e8:	2200      	movs	r2, #0
200008ea:	54e2      	strb	r2, [r4, r3]
200008ec:	3b1c      	subs	r3, #28
200008ee:	18e0      	adds	r0, r4, r3
200008f0:	f000 f9a4 	bl	20000c3c <hw_endpoint_start_next_buffer>
200008f4:	003e      	movs	r6, r7
200008f6:	e63a      	b.n	2000056e <dcd_rp2040_irq+0xae>
200008f8:	0020      	movs	r0, r4
200008fa:	2200      	movs	r2, #0
200008fc:	30a0      	adds	r0, #160	@ 0xa0
200008fe:	54e2      	strb	r2, [r4, r3]
20000900:	003e      	movs	r6, r7
20000902:	f000 f99b 	bl	20000c3c <hw_endpoint_start_next_buffer>
20000906:	e5fc      	b.n	20000502 <dcd_rp2040_irq+0x42>
20000908:	0020      	movs	r0, r4
2000090a:	2200      	movs	r2, #0
2000090c:	3060      	adds	r0, #96	@ 0x60
2000090e:	54e2      	strb	r2, [r4, r3]
20000910:	003e      	movs	r6, r7
20000912:	f000 f993 	bl	20000c3c <hw_endpoint_start_next_buffer>
20000916:	e5ef      	b.n	200004f8 <dcd_rp2040_irq+0x38>
20000918:	2200      	movs	r2, #0
2000091a:	54e2      	strb	r2, [r4, r3]
2000091c:	3b1c      	subs	r3, #28
2000091e:	18e0      	adds	r0, r4, r3
20000920:	f000 f98c 	bl	20000c3c <hw_endpoint_start_next_buffer>
20000924:	003e      	movs	r6, r7
20000926:	e618      	b.n	2000055a <dcd_rp2040_irq+0x9a>
20000928:	2200      	movs	r2, #0
2000092a:	54e2      	strb	r2, [r4, r3]
2000092c:	3b1c      	subs	r3, #28
2000092e:	18e0      	adds	r0, r4, r3
20000930:	f000 f984 	bl	20000c3c <hw_endpoint_start_next_buffer>
20000934:	003e      	movs	r6, r7
20000936:	e606      	b.n	20000546 <dcd_rp2040_irq+0x86>
20000938:	2200      	movs	r2, #0
2000093a:	54e2      	strb	r2, [r4, r3]
2000093c:	3b1c      	subs	r3, #28
2000093e:	18e0      	adds	r0, r4, r3
20000940:	f000 f97c 	bl	20000c3c <hw_endpoint_start_next_buffer>
20000944:	003e      	movs	r6, r7
20000946:	e60d      	b.n	20000564 <dcd_rp2040_irq+0xa4>
20000948:	0020      	movs	r0, r4
2000094a:	2200      	movs	r2, #0
2000094c:	30a1      	adds	r0, #161	@ 0xa1
2000094e:	30ff      	adds	r0, #255	@ 0xff
20000950:	54e2      	strb	r2, [r4, r3]
20000952:	003e      	movs	r6, r7
20000954:	f000 f972 	bl	20000c3c <hw_endpoint_start_next_buffer>
20000958:	e5ea      	b.n	20000530 <dcd_rp2040_irq+0x70>
2000095a:	0020      	movs	r0, r4
2000095c:	2200      	movs	r2, #0
2000095e:	3021      	adds	r0, #33	@ 0x21
20000960:	30ff      	adds	r0, #255	@ 0xff
20000962:	54e2      	strb	r2, [r4, r3]
20000964:	003e      	movs	r6, r7
20000966:	f000 f969 	bl	20000c3c <hw_endpoint_start_next_buffer>
2000096a:	e5d5      	b.n	20000518 <dcd_rp2040_irq+0x58>
2000096c:	2200      	movs	r2, #0
2000096e:	54e2      	strb	r2, [r4, r3]
20000970:	3b1c      	subs	r3, #28
20000972:	18e0      	adds	r0, r4, r3
20000974:	f000 f962 	bl	20000c3c <hw_endpoint_start_next_buffer>
20000978:	003e      	movs	r6, r7
2000097a:	e5e9      	b.n	20000550 <dcd_rp2040_irq+0x90>
2000097c:	0020      	movs	r0, r4
2000097e:	2200      	movs	r2, #0
20000980:	3061      	adds	r0, #97	@ 0x61
20000982:	30ff      	adds	r0, #255	@ 0xff
20000984:	54e2      	strb	r2, [r4, r3]
20000986:	003e      	movs	r6, r7
20000988:	f000 f958 	bl	20000c3c <hw_endpoint_start_next_buffer>
2000098c:	e5ca      	b.n	20000524 <dcd_rp2040_irq+0x64>
2000098e:	0020      	movs	r0, r4
20000990:	2200      	movs	r2, #0
20000992:	30e1      	adds	r0, #225	@ 0xe1
20000994:	30ff      	adds	r0, #255	@ 0xff
20000996:	54e2      	strb	r2, [r4, r3]
20000998:	003e      	movs	r6, r7
2000099a:	f000 f94f 	bl	20000c3c <hw_endpoint_start_next_buffer>
2000099e:	e5cd      	b.n	2000053c <dcd_rp2040_irq+0x7c>
200009a0:	0020      	movs	r0, r4
200009a2:	2200      	movs	r2, #0
200009a4:	30e0      	adds	r0, #224	@ 0xe0
200009a6:	54e2      	strb	r2, [r4, r3]
200009a8:	003e      	movs	r6, r7
200009aa:	f000 f947 	bl	20000c3c <hw_endpoint_start_next_buffer>
200009ae:	e5ad      	b.n	2000050c <dcd_rp2040_irq+0x4c>
200009b0:	2200      	movs	r2, #0
200009b2:	54e2      	strb	r2, [r4, r3]
200009b4:	3b1c      	subs	r3, #28
200009b6:	18e0      	adds	r0, r4, r3
200009b8:	f000 f940 	bl	20000c3c <hw_endpoint_start_next_buffer>
200009bc:	e754      	b.n	20000868 <dcd_rp2040_irq+0x3a8>
200009be:	2200      	movs	r2, #0
200009c0:	54e2      	strb	r2, [r4, r3]
200009c2:	3b1c      	subs	r3, #28
200009c4:	18e0      	adds	r0, r4, r3
200009c6:	f000 f939 	bl	20000c3c <hw_endpoint_start_next_buffer>
200009ca:	e782      	b.n	200008d2 <dcd_rp2040_irq+0x412>
200009cc:	0031      	movs	r1, r6
200009ce:	480a      	ldr	r0, [pc, #40]	@ (200009f8 <dcd_rp2040_irq+0x538>)
200009d0:	4069      	eors	r1, r5
200009d2:	f000 fa8d 	bl	20000ef0 <__panic_veneer>
200009d6:	46c0      	nop			@ (mov r8, r8)
200009d8:	0000023a 	.word	0x0000023a
200009dc:	000002ba 	.word	0x000002ba
200009e0:	0000037a 	.word	0x0000037a
200009e4:	000003bb 	.word	0x000003bb
200009e8:	000003ba 	.word	0x000003ba
200009ec:	000003fb 	.word	0x000003fb
200009f0:	000003fa 	.word	0x000003fa
200009f4:	0000033a 	.word	0x0000033a
200009f8:	10006a98 	.word	0x10006a98

200009fc <prepare_ep_buffer>:
200009fc:	b5f0      	push	{r4, r5, r6, r7, lr}
200009fe:	468c      	mov	ip, r1
20000a00:	8a83      	ldrh	r3, [r0, #20]
20000a02:	8b01      	ldrh	r1, [r0, #24]
20000a04:	0002      	movs	r2, r0
20000a06:	b083      	sub	sp, #12
20000a08:	1c0e      	adds	r6, r1, #0
20000a0a:	4299      	cmp	r1, r3
20000a0c:	d900      	bls.n	20000a10 <prepare_ep_buffer+0x14>
20000a0e:	1c1e      	adds	r6, r3, #0
20000a10:	b2b6      	uxth	r6, r6
20000a12:	1b9b      	subs	r3, r3, r6
20000a14:	b29c      	uxth	r4, r3
20000a16:	78d3      	ldrb	r3, [r2, #3]
20000a18:	2180      	movs	r1, #128	@ 0x80
20000a1a:	0018      	movs	r0, r3
20000a1c:	1e45      	subs	r5, r0, #1
20000a1e:	41a8      	sbcs	r0, r5
20000a20:	00c9      	lsls	r1, r1, #3
20000a22:	4331      	orrs	r1, r6
20000a24:	0340      	lsls	r0, r0, #13
20000a26:	4308      	orrs	r0, r1
20000a28:	2101      	movs	r1, #1
20000a2a:	404b      	eors	r3, r1
20000a2c:	70d3      	strb	r3, [r2, #3]
20000a2e:	7853      	ldrb	r3, [r2, #1]
20000a30:	8294      	strh	r4, [r2, #20]
20000a32:	2b00      	cmp	r3, #0
20000a34:	d132      	bne.n	20000a9c <prepare_ep_buffer+0xa0>
20000a36:	6911      	ldr	r1, [r2, #16]
20000a38:	2e00      	cmp	r6, #0
20000a3a:	d02a      	beq.n	20000a92 <prepare_ep_buffer+0x96>
20000a3c:	4663      	mov	r3, ip
20000a3e:	68d4      	ldr	r4, [r2, #12]
20000a40:	019b      	lsls	r3, r3, #6
20000a42:	18e4      	adds	r4, r4, r3
20000a44:	1e73      	subs	r3, r6, #1
20000a46:	9301      	str	r3, [sp, #4]
20000a48:	2b06      	cmp	r3, #6
20000a4a:	d932      	bls.n	20000ab2 <prepare_ep_buffer+0xb6>
20000a4c:	0023      	movs	r3, r4
20000a4e:	430b      	orrs	r3, r1
20000a50:	079b      	lsls	r3, r3, #30
20000a52:	d12e      	bne.n	20000ab2 <prepare_ep_buffer+0xb6>
20000a54:	1a63      	subs	r3, r4, r1
20000a56:	3b01      	subs	r3, #1
20000a58:	2b02      	cmp	r3, #2
20000a5a:	d92a      	bls.n	20000ab2 <prepare_ep_buffer+0xb6>
20000a5c:	2300      	movs	r3, #0
20000a5e:	08b7      	lsrs	r7, r6, #2
20000a60:	00bf      	lsls	r7, r7, #2
20000a62:	58cd      	ldr	r5, [r1, r3]
20000a64:	50e5      	str	r5, [r4, r3]
20000a66:	3304      	adds	r3, #4
20000a68:	42bb      	cmp	r3, r7
20000a6a:	d1fa      	bne.n	20000a62 <prepare_ep_buffer+0x66>
20000a6c:	429e      	cmp	r6, r3
20000a6e:	d00e      	beq.n	20000a8e <prepare_ep_buffer+0x92>
20000a70:	9d01      	ldr	r5, [sp, #4]
20000a72:	18e4      	adds	r4, r4, r3
20000a74:	1aef      	subs	r7, r5, r3
20000a76:	18cd      	adds	r5, r1, r3
20000a78:	5cc9      	ldrb	r1, [r1, r3]
20000a7a:	7021      	strb	r1, [r4, #0]
20000a7c:	9901      	ldr	r1, [sp, #4]
20000a7e:	4299      	cmp	r1, r3
20000a80:	d005      	beq.n	20000a8e <prepare_ep_buffer+0x92>
20000a82:	786b      	ldrb	r3, [r5, #1]
20000a84:	7063      	strb	r3, [r4, #1]
20000a86:	2f01      	cmp	r7, #1
20000a88:	d001      	beq.n	20000a8e <prepare_ep_buffer+0x92>
20000a8a:	78ab      	ldrb	r3, [r5, #2]
20000a8c:	70a3      	strb	r3, [r4, #2]
20000a8e:	6911      	ldr	r1, [r2, #16]
20000a90:	8a94      	ldrh	r4, [r2, #20]
20000a92:	2380      	movs	r3, #128	@ 0x80
20000a94:	1989      	adds	r1, r1, r6
20000a96:	021b      	lsls	r3, r3, #8
20000a98:	6111      	str	r1, [r2, #16]
20000a9a:	4318      	orrs	r0, r3
20000a9c:	2c00      	cmp	r4, #0
20000a9e:	d102      	bne.n	20000aa6 <prepare_ep_buffer+0xaa>
20000aa0:	2380      	movs	r3, #128	@ 0x80
20000aa2:	01db      	lsls	r3, r3, #7
20000aa4:	4318      	orrs	r0, r3
20000aa6:	4663      	mov	r3, ip
20000aa8:	2b00      	cmp	r3, #0
20000aaa:	d000      	beq.n	20000aae <prepare_ep_buffer+0xb2>
20000aac:	0400      	lsls	r0, r0, #16
20000aae:	b003      	add	sp, #12
20000ab0:	bdf0      	pop	{r4, r5, r6, r7, pc}
20000ab2:	2300      	movs	r3, #0
20000ab4:	5ccd      	ldrb	r5, [r1, r3]
20000ab6:	54e5      	strb	r5, [r4, r3]
20000ab8:	3301      	adds	r3, #1
20000aba:	429e      	cmp	r6, r3
20000abc:	d1fa      	bne.n	20000ab4 <prepare_ep_buffer+0xb8>
20000abe:	e7e6      	b.n	20000a8e <prepare_ep_buffer+0x92>

20000ac0 <sync_ep_buffer>:
20000ac0:	6883      	ldr	r3, [r0, #8]
20000ac2:	b5f0      	push	{r4, r5, r6, r7, lr}
20000ac4:	681a      	ldr	r2, [r3, #0]
20000ac6:	2900      	cmp	r1, #0
20000ac8:	d000      	beq.n	20000acc <sync_ep_buffer+0xc>
20000aca:	0c12      	lsrs	r2, r2, #16
20000acc:	7843      	ldrb	r3, [r0, #1]
20000ace:	0592      	lsls	r2, r2, #22
20000ad0:	0d95      	lsrs	r5, r2, #22
20000ad2:	2b00      	cmp	r3, #0
20000ad4:	d109      	bne.n	20000aea <sync_ep_buffer+0x2a>
20000ad6:	8ac3      	ldrh	r3, [r0, #22]
20000ad8:	18eb      	adds	r3, r5, r3
20000ada:	82c3      	strh	r3, [r0, #22]
20000adc:	8b03      	ldrh	r3, [r0, #24]
20000ade:	42ab      	cmp	r3, r5
20000ae0:	d901      	bls.n	20000ae6 <sync_ep_buffer+0x26>
20000ae2:	2300      	movs	r3, #0
20000ae4:	8283      	strh	r3, [r0, #20]
20000ae6:	0028      	movs	r0, r5
20000ae8:	bdf0      	pop	{r4, r5, r6, r7, pc}
20000aea:	6904      	ldr	r4, [r0, #16]
20000aec:	2d00      	cmp	r5, #0
20000aee:	d028      	beq.n	20000b42 <sync_ep_buffer+0x82>
20000af0:	68c3      	ldr	r3, [r0, #12]
20000af2:	0189      	lsls	r1, r1, #6
20000af4:	1e6f      	subs	r7, r5, #1
20000af6:	46bc      	mov	ip, r7
20000af8:	185e      	adds	r6, r3, r1
20000afa:	2f06      	cmp	r7, #6
20000afc:	d927      	bls.n	20000b4e <sync_ep_buffer+0x8e>
20000afe:	3101      	adds	r1, #1
20000b00:	185b      	adds	r3, r3, r1
20000b02:	1ae3      	subs	r3, r4, r3
20000b04:	2b02      	cmp	r3, #2
20000b06:	d922      	bls.n	20000b4e <sync_ep_buffer+0x8e>
20000b08:	0023      	movs	r3, r4
20000b0a:	4333      	orrs	r3, r6
20000b0c:	079b      	lsls	r3, r3, #30
20000b0e:	d11e      	bne.n	20000b4e <sync_ep_buffer+0x8e>
20000b10:	2300      	movs	r3, #0
20000b12:	0e12      	lsrs	r2, r2, #24
20000b14:	0092      	lsls	r2, r2, #2
20000b16:	58f1      	ldr	r1, [r6, r3]
20000b18:	50e1      	str	r1, [r4, r3]
20000b1a:	3304      	adds	r3, #4
20000b1c:	429a      	cmp	r2, r3
20000b1e:	d1fa      	bne.n	20000b16 <sync_ep_buffer+0x56>
20000b20:	4295      	cmp	r5, r2
20000b22:	d00d      	beq.n	20000b40 <sync_ep_buffer+0x80>
20000b24:	4663      	mov	r3, ip
20000b26:	1a9f      	subs	r7, r3, r2
20000b28:	18a3      	adds	r3, r4, r2
20000b2a:	5cb4      	ldrb	r4, [r6, r2]
20000b2c:	18b1      	adds	r1, r6, r2
20000b2e:	701c      	strb	r4, [r3, #0]
20000b30:	4594      	cmp	ip, r2
20000b32:	d005      	beq.n	20000b40 <sync_ep_buffer+0x80>
20000b34:	784a      	ldrb	r2, [r1, #1]
20000b36:	705a      	strb	r2, [r3, #1]
20000b38:	2f01      	cmp	r7, #1
20000b3a:	d001      	beq.n	20000b40 <sync_ep_buffer+0x80>
20000b3c:	788a      	ldrb	r2, [r1, #2]
20000b3e:	709a      	strb	r2, [r3, #2]
20000b40:	6904      	ldr	r4, [r0, #16]
20000b42:	8ac3      	ldrh	r3, [r0, #22]
20000b44:	1964      	adds	r4, r4, r5
20000b46:	18eb      	adds	r3, r5, r3
20000b48:	82c3      	strh	r3, [r0, #22]
20000b4a:	6104      	str	r4, [r0, #16]
20000b4c:	e7c6      	b.n	20000adc <sync_ep_buffer+0x1c>
20000b4e:	2200      	movs	r2, #0
20000b50:	5cb3      	ldrb	r3, [r6, r2]
20000b52:	54a3      	strb	r3, [r4, r2]
20000b54:	3201      	adds	r2, #1
20000b56:	4295      	cmp	r5, r2
20000b58:	d1fa      	bne.n	20000b50 <sync_ep_buffer+0x90>
20000b5a:	6904      	ldr	r4, [r0, #16]
20000b5c:	e7f1      	b.n	20000b42 <sync_ep_buffer+0x82>
20000b5e:	46c0      	nop			@ (mov r8, r8)

20000b60 <_hw_endpoint_xfer_sync>:
20000b60:	b510      	push	{r4, lr}
20000b62:	0004      	movs	r4, r0
20000b64:	6883      	ldr	r3, [r0, #8]
20000b66:	2100      	movs	r1, #0
20000b68:	681b      	ldr	r3, [r3, #0]
20000b6a:	f7ff ffa9 	bl	20000ac0 <sync_ep_buffer>
20000b6e:	6863      	ldr	r3, [r4, #4]
20000b70:	681b      	ldr	r3, [r3, #0]
20000b72:	005b      	lsls	r3, r3, #1
20000b74:	d502      	bpl.n	20000b7c <_hw_endpoint_xfer_sync+0x1c>
20000b76:	8b23      	ldrh	r3, [r4, #24]
20000b78:	4283      	cmp	r3, r0
20000b7a:	d000      	beq.n	20000b7e <_hw_endpoint_xfer_sync+0x1e>
20000b7c:	bd10      	pop	{r4, pc}
20000b7e:	2101      	movs	r1, #1
20000b80:	0020      	movs	r0, r4
20000b82:	f7ff ff9d 	bl	20000ac0 <sync_ep_buffer>
20000b86:	e7f9      	b.n	20000b7c <_hw_endpoint_xfer_sync+0x1c>

20000b88 <e15_is_bulkin_ep>:
20000b88:	4b08      	ldr	r3, [pc, #32]	@ (20000bac <e15_is_bulkin_ep+0x24>)
20000b8a:	6c1a      	ldr	r2, [r3, #64]	@ 0x40
20000b8c:	2300      	movs	r3, #0
20000b8e:	0792      	lsls	r2, r2, #30
20000b90:	d403      	bmi.n	20000b9a <e15_is_bulkin_ep+0x12>
20000b92:	7882      	ldrb	r2, [r0, #2]
20000b94:	09d2      	lsrs	r2, r2, #7
20000b96:	2a01      	cmp	r2, #1
20000b98:	d001      	beq.n	20000b9e <e15_is_bulkin_ep+0x16>
20000b9a:	0018      	movs	r0, r3
20000b9c:	4770      	bx	lr
20000b9e:	7ec3      	ldrb	r3, [r0, #27]
20000ba0:	3b02      	subs	r3, #2
20000ba2:	425a      	negs	r2, r3
20000ba4:	4153      	adcs	r3, r2
20000ba6:	b2db      	uxtb	r3, r3
20000ba8:	e7f7      	b.n	20000b9a <e15_is_bulkin_ep+0x12>
20000baa:	46c0      	nop			@ (mov r8, r8)
20000bac:	50110000 	.word	0x50110000

20000bb0 <e15_is_critical_frame_period>:
20000bb0:	b510      	push	{r4, lr}
20000bb2:	f7ff ffe9 	bl	20000b88 <e15_is_bulkin_ep>
20000bb6:	2800      	cmp	r0, #0
20000bb8:	d00a      	beq.n	20000bd0 <e15_is_critical_frame_period+0x20>
20000bba:	4b06      	ldr	r3, [pc, #24]	@ (20000bd4 <e15_is_critical_frame_period+0x24>)
20000bbc:	4a06      	ldr	r2, [pc, #24]	@ (20000bd8 <e15_is_critical_frame_period+0x28>)
20000bbe:	6a9b      	ldr	r3, [r3, #40]	@ 0x28
20000bc0:	4906      	ldr	r1, [pc, #24]	@ (20000bdc <e15_is_critical_frame_period+0x2c>)
20000bc2:	6812      	ldr	r2, [r2, #0]
20000bc4:	185b      	adds	r3, r3, r1
20000bc6:	1a9b      	subs	r3, r3, r2
20000bc8:	2000      	movs	r0, #0
20000bca:	22c6      	movs	r2, #198	@ 0xc6
20000bcc:	429a      	cmp	r2, r3
20000bce:	4140      	adcs	r0, r0
20000bd0:	bd10      	pop	{r4, pc}
20000bd2:	46c0      	nop			@ (mov r8, r8)
20000bd4:	40054000 	.word	0x40054000
20000bd8:	200017e8 	.word	0x200017e8
20000bdc:	fffffce0 	.word	0xfffffce0

20000be0 <hw_endpoint_reset_transfer>:
20000be0:	2300      	movs	r3, #0
20000be2:	7683      	strb	r3, [r0, #26]
20000be4:	6143      	str	r3, [r0, #20]
20000be6:	6103      	str	r3, [r0, #16]
20000be8:	4770      	bx	lr
20000bea:	46c0      	nop			@ (mov r8, r8)

20000bec <_hw_endpoint_buffer_control_update32>:
20000bec:	b510      	push	{r4, lr}
20000bee:	6883      	ldr	r3, [r0, #8]
20000bf0:	2900      	cmp	r1, #0
20000bf2:	d001      	beq.n	20000bf8 <_hw_endpoint_buffer_control_update32+0xc>
20000bf4:	681c      	ldr	r4, [r3, #0]
20000bf6:	4021      	ands	r1, r4
20000bf8:	2a00      	cmp	r2, #0
20000bfa:	d012      	beq.n	20000c22 <_hw_endpoint_buffer_control_update32+0x36>
20000bfc:	2480      	movs	r4, #128	@ 0x80
20000bfe:	00e4      	lsls	r4, r4, #3
20000c00:	4311      	orrs	r1, r2
20000c02:	4222      	tst	r2, r4
20000c04:	d00d      	beq.n	20000c22 <_hw_endpoint_buffer_control_update32+0x36>
20000c06:	681a      	ldr	r2, [r3, #0]
20000c08:	4222      	tst	r2, r4
20000c0a:	d10c      	bne.n	20000c26 <_hw_endpoint_buffer_control_update32+0x3a>
20000c0c:	4a08      	ldr	r2, [pc, #32]	@ (20000c30 <_hw_endpoint_buffer_control_update32+0x44>)
20000c0e:	400a      	ands	r2, r1
20000c10:	601a      	str	r2, [r3, #0]
20000c12:	4a08      	ldr	r2, [pc, #32]	@ (20000c34 <_hw_endpoint_buffer_control_update32+0x48>)
20000c14:	6c12      	ldr	r2, [r2, #64]	@ 0x40
20000c16:	0792      	lsls	r2, r2, #30
20000c18:	d403      	bmi.n	20000c22 <_hw_endpoint_buffer_control_update32+0x36>
20000c1a:	230c      	movs	r3, #12
20000c1c:	3b03      	subs	r3, #3
20000c1e:	d2fd      	bcs.n	20000c1c <_hw_endpoint_buffer_control_update32+0x30>
20000c20:	6883      	ldr	r3, [r0, #8]
20000c22:	6019      	str	r1, [r3, #0]
20000c24:	bd10      	pop	{r4, pc}
20000c26:	7881      	ldrb	r1, [r0, #2]
20000c28:	4803      	ldr	r0, [pc, #12]	@ (20000c38 <_hw_endpoint_buffer_control_update32+0x4c>)
20000c2a:	f000 f961 	bl	20000ef0 <__panic_veneer>
20000c2e:	46c0      	nop			@ (mov r8, r8)
20000c30:	fffffbff 	.word	0xfffffbff
20000c34:	50110000 	.word	0x50110000
20000c38:	10006aac 	.word	0x10006aac

20000c3c <hw_endpoint_start_next_buffer>:
20000c3c:	6843      	ldr	r3, [r0, #4]
20000c3e:	b570      	push	{r4, r5, r6, lr}
20000c40:	2100      	movs	r1, #0
20000c42:	2580      	movs	r5, #128	@ 0x80
20000c44:	0004      	movs	r4, r0
20000c46:	681e      	ldr	r6, [r3, #0]
20000c48:	f7ff fed8 	bl	200009fc <prepare_ep_buffer>
20000c4c:	4b12      	ldr	r3, [pc, #72]	@ (20000c98 <hw_endpoint_start_next_buffer+0x5c>)
20000c4e:	016d      	lsls	r5, r5, #5
20000c50:	6c1a      	ldr	r2, [r3, #64]	@ 0x40
20000c52:	4305      	orrs	r5, r0
20000c54:	78a3      	ldrb	r3, [r4, #2]
20000c56:	0792      	lsls	r2, r2, #30
20000c58:	d50e      	bpl.n	20000c78 <hw_endpoint_start_next_buffer+0x3c>
20000c5a:	065b      	lsls	r3, r3, #25
20000c5c:	d00e      	beq.n	20000c7c <hw_endpoint_start_next_buffer+0x40>
20000c5e:	4b0f      	ldr	r3, [pc, #60]	@ (20000c9c <hw_endpoint_start_next_buffer+0x60>)
20000c60:	401e      	ands	r6, r3
20000c62:	2380      	movs	r3, #128	@ 0x80
20000c64:	059b      	lsls	r3, r3, #22
20000c66:	4333      	orrs	r3, r6
20000c68:	6862      	ldr	r2, [r4, #4]
20000c6a:	2100      	movs	r1, #0
20000c6c:	6013      	str	r3, [r2, #0]
20000c6e:	0020      	movs	r0, r4
20000c70:	002a      	movs	r2, r5
20000c72:	f7ff ffbb 	bl	20000bec <_hw_endpoint_buffer_control_update32>
20000c76:	bd70      	pop	{r4, r5, r6, pc}
20000c78:	09db      	lsrs	r3, r3, #7
20000c7a:	d0f0      	beq.n	20000c5e <hw_endpoint_start_next_buffer+0x22>
20000c7c:	8aa3      	ldrh	r3, [r4, #20]
20000c7e:	2b00      	cmp	r3, #0
20000c80:	d0ed      	beq.n	20000c5e <hw_endpoint_start_next_buffer+0x22>
20000c82:	2101      	movs	r1, #1
20000c84:	0020      	movs	r0, r4
20000c86:	f7ff feb9 	bl	200009fc <prepare_ep_buffer>
20000c8a:	23a0      	movs	r3, #160	@ 0xa0
20000c8c:	4a04      	ldr	r2, [pc, #16]	@ (20000ca0 <hw_endpoint_start_next_buffer+0x64>)
20000c8e:	05db      	lsls	r3, r3, #23
20000c90:	4032      	ands	r2, r6
20000c92:	4305      	orrs	r5, r0
20000c94:	4313      	orrs	r3, r2
20000c96:	e7e7      	b.n	20000c68 <hw_endpoint_start_next_buffer+0x2c>
20000c98:	50110000 	.word	0x50110000
20000c9c:	afffffff 	.word	0xafffffff
20000ca0:	dfffffff 	.word	0xdfffffff

20000ca4 <hw_endpoint_xfer_continue>:
20000ca4:	b570      	push	{r4, r5, r6, lr}
20000ca6:	7e85      	ldrb	r5, [r0, #26]
20000ca8:	0004      	movs	r4, r0
20000caa:	2d00      	cmp	r5, #0
20000cac:	d014      	beq.n	20000cd8 <hw_endpoint_xfer_continue+0x34>
20000cae:	f7ff ff57 	bl	20000b60 <_hw_endpoint_xfer_sync>
20000cb2:	8aa3      	ldrh	r3, [r4, #20]
20000cb4:	2b00      	cmp	r3, #0
20000cb6:	d101      	bne.n	20000cbc <hw_endpoint_xfer_continue+0x18>
20000cb8:	0028      	movs	r0, r5
20000cba:	bd70      	pop	{r4, r5, r6, pc}
20000cbc:	0020      	movs	r0, r4
20000cbe:	f7ff ff77 	bl	20000bb0 <e15_is_critical_frame_period>
20000cc2:	2800      	cmp	r0, #0
20000cc4:	d003      	beq.n	20000cce <hw_endpoint_xfer_continue+0x2a>
20000cc6:	2301      	movs	r3, #1
20000cc8:	2500      	movs	r5, #0
20000cca:	7723      	strb	r3, [r4, #28]
20000ccc:	e7f4      	b.n	20000cb8 <hw_endpoint_xfer_continue+0x14>
20000cce:	0020      	movs	r0, r4
20000cd0:	f7ff ffb4 	bl	20000c3c <hw_endpoint_start_next_buffer>
20000cd4:	2500      	movs	r5, #0
20000cd6:	e7ef      	b.n	20000cb8 <hw_endpoint_xfer_continue+0x14>
20000cd8:	7881      	ldrb	r1, [r0, #2]
20000cda:	4801      	ldr	r0, [pc, #4]	@ (20000ce0 <hw_endpoint_xfer_continue+0x3c>)
20000cdc:	f000 f908 	bl	20000ef0 <__panic_veneer>
20000ce0:	10006acc 	.word	0x10006acc

20000ce4 <dcd_event_handler>:
20000ce4:	b5f0      	push	{r4, r5, r6, r7, lr}
20000ce6:	4647      	mov	r7, r8
20000ce8:	46ce      	mov	lr, r9
20000cea:	b580      	push	{r7, lr}
20000cec:	7843      	ldrb	r3, [r0, #1]
20000cee:	0005      	movs	r5, r0
20000cf0:	000f      	movs	r7, r1
20000cf2:	b085      	sub	sp, #20
20000cf4:	2b06      	cmp	r3, #6
20000cf6:	d807      	bhi.n	20000d08 <dcd_event_handler+0x24>
20000cf8:	4a68      	ldr	r2, [pc, #416]	@ (20000e9c <dcd_event_handler+0x1b8>)
20000cfa:	009b      	lsls	r3, r3, #2
20000cfc:	58d3      	ldr	r3, [r2, r3]
20000cfe:	469f      	mov	pc, r3
20000d00:	4a67      	ldr	r2, [pc, #412]	@ (20000ea0 <dcd_event_handler+0x1bc>)
20000d02:	7813      	ldrb	r3, [r2, #0]
20000d04:	3301      	adds	r3, #1
20000d06:	7013      	strb	r3, [r2, #0]
20000d08:	4b66      	ldr	r3, [pc, #408]	@ (20000ea4 <dcd_event_handler+0x1c0>)
20000d0a:	681c      	ldr	r4, [r3, #0]
20000d0c:	6962      	ldr	r2, [r4, #20]
20000d0e:	f3ef 8110 	mrs	r1, PRIMASK
20000d12:	b672      	cpsid	i
20000d14:	6813      	ldr	r3, [r2, #0]
20000d16:	2b00      	cmp	r3, #0
20000d18:	d0fc      	beq.n	20000d14 <dcd_event_handler+0x30>
20000d1a:	f3bf 8f5f 	dmb	sy
20000d1e:	61a1      	str	r1, [r4, #24]
20000d20:	0020      	movs	r0, r4
20000d22:	0029      	movs	r1, r5
20000d24:	f000 f8fc 	bl	20000f20 <__tu_fifo_write_veneer>
20000d28:	6962      	ldr	r2, [r4, #20]
20000d2a:	69a3      	ldr	r3, [r4, #24]
20000d2c:	f3bf 8f5f 	dmb	sy
20000d30:	2100      	movs	r1, #0
20000d32:	6011      	str	r1, [r2, #0]
20000d34:	f383 8810 	msr	PRIMASK, r3
20000d38:	2800      	cmp	r0, #0
20000d3a:	d104      	bne.n	20000d46 <dcd_event_handler+0x62>
20000d3c:	b005      	add	sp, #20
20000d3e:	bcc0      	pop	{r6, r7}
20000d40:	46b9      	mov	r9, r7
20000d42:	46b0      	mov	r8, r6
20000d44:	bdf0      	pop	{r4, r5, r6, r7, pc}
20000d46:	003a      	movs	r2, r7
20000d48:	7869      	ldrb	r1, [r5, #1]
20000d4a:	7828      	ldrb	r0, [r5, #0]
20000d4c:	f000 f8f0 	bl	20000f30 <__tud_event_hook_cb_veneer>
20000d50:	e7f4      	b.n	20000d3c <dcd_event_handler+0x58>
20000d52:	2101      	movs	r1, #1
20000d54:	4b54      	ldr	r3, [pc, #336]	@ (20000ea8 <dcd_event_handler+0x1c4>)
20000d56:	781a      	ldrb	r2, [r3, #0]
20000d58:	438a      	bics	r2, r1
20000d5a:	701a      	strb	r2, [r3, #0]
20000d5c:	781a      	ldrb	r2, [r3, #0]
20000d5e:	3101      	adds	r1, #1
20000d60:	438a      	bics	r2, r1
20000d62:	701a      	strb	r2, [r3, #0]
20000d64:	2200      	movs	r2, #0
20000d66:	705a      	strb	r2, [r3, #1]
20000d68:	781a      	ldrb	r2, [r3, #0]
20000d6a:	3102      	adds	r1, #2
20000d6c:	438a      	bics	r2, r1
20000d6e:	701a      	strb	r2, [r3, #0]
20000d70:	e7ca      	b.n	20000d08 <dcd_event_handler+0x24>
20000d72:	4b4e      	ldr	r3, [pc, #312]	@ (20000eac <dcd_event_handler+0x1c8>)
20000d74:	2400      	movs	r4, #0
20000d76:	001e      	movs	r6, r3
20000d78:	781a      	ldrb	r2, [r3, #0]
20000d7a:	4b4d      	ldr	r3, [pc, #308]	@ (20000eb0 <dcd_event_handler+0x1cc>)
20000d7c:	4698      	mov	r8, r3
20000d7e:	4b4d      	ldr	r3, [pc, #308]	@ (20000eb4 <dcd_event_handler+0x1d0>)
20000d80:	4699      	mov	r9, r3
20000d82:	e010      	b.n	20000da6 <dcd_event_handler+0xc2>
20000d84:	464b      	mov	r3, r9
20000d86:	681b      	ldr	r3, [r3, #0]
20000d88:	0161      	lsls	r1, r4, #5
20000d8a:	185b      	adds	r3, r3, r1
20000d8c:	2b00      	cmp	r3, #0
20000d8e:	d006      	beq.n	20000d9e <dcd_event_handler+0xba>
20000d90:	69db      	ldr	r3, [r3, #28]
20000d92:	2b00      	cmp	r3, #0
20000d94:	d003      	beq.n	20000d9e <dcd_event_handler+0xba>
20000d96:	6869      	ldr	r1, [r5, #4]
20000d98:	7828      	ldrb	r0, [r5, #0]
20000d9a:	4798      	blx	r3
20000d9c:	7832      	ldrb	r2, [r6, #0]
20000d9e:	3401      	adds	r4, #1
20000da0:	b2e4      	uxtb	r4, r4
20000da2:	4294      	cmp	r4, r2
20000da4:	d817      	bhi.n	20000dd6 <dcd_event_handler+0xf2>
20000da6:	42a2      	cmp	r2, r4
20000da8:	d8ec      	bhi.n	20000d84 <dcd_event_handler+0xa0>
20000daa:	1aa3      	subs	r3, r4, r2
20000dac:	015b      	lsls	r3, r3, #5
20000dae:	4443      	add	r3, r8
20000db0:	e7ee      	b.n	20000d90 <dcd_event_handler+0xac>
20000db2:	4b3d      	ldr	r3, [pc, #244]	@ (20000ea8 <dcd_event_handler+0x1c4>)
20000db4:	781a      	ldrb	r2, [r3, #0]
20000db6:	07d2      	lsls	r2, r2, #31
20000db8:	d5c0      	bpl.n	20000d3c <dcd_event_handler+0x58>
20000dba:	2104      	movs	r1, #4
20000dbc:	781a      	ldrb	r2, [r3, #0]
20000dbe:	430a      	orrs	r2, r1
20000dc0:	701a      	strb	r2, [r3, #0]
20000dc2:	e7a1      	b.n	20000d08 <dcd_event_handler+0x24>
20000dc4:	4b38      	ldr	r3, [pc, #224]	@ (20000ea8 <dcd_event_handler+0x1c4>)
20000dc6:	781a      	ldrb	r2, [r3, #0]
20000dc8:	07d2      	lsls	r2, r2, #31
20000dca:	d5b7      	bpl.n	20000d3c <dcd_event_handler+0x58>
20000dcc:	2104      	movs	r1, #4
20000dce:	781a      	ldrb	r2, [r3, #0]
20000dd0:	438a      	bics	r2, r1
20000dd2:	701a      	strb	r2, [r3, #0]
20000dd4:	e798      	b.n	20000d08 <dcd_event_handler+0x24>
20000dd6:	4a34      	ldr	r2, [pc, #208]	@ (20000ea8 <dcd_event_handler+0x1c4>)
20000dd8:	7813      	ldrb	r3, [r2, #0]
20000dda:	4690      	mov	r8, r2
20000ddc:	0011      	movs	r1, r2
20000dde:	075b      	lsls	r3, r3, #29
20000de0:	d528      	bpl.n	20000e34 <dcd_event_handler+0x150>
20000de2:	7813      	ldrb	r3, [r2, #0]
20000de4:	2204      	movs	r2, #4
20000de6:	ac01      	add	r4, sp, #4
20000de8:	4393      	bics	r3, r2
20000dea:	700b      	strb	r3, [r1, #0]
20000dec:	0020      	movs	r0, r4
20000dee:	2100      	movs	r1, #0
20000df0:	3208      	adds	r2, #8
20000df2:	f000 f88d 	bl	20000f10 <____wrap_memset_veneer>
20000df6:	782b      	ldrb	r3, [r5, #0]
20000df8:	7023      	strb	r3, [r4, #0]
20000dfa:	2305      	movs	r3, #5
20000dfc:	7063      	strb	r3, [r4, #1]
20000dfe:	4b29      	ldr	r3, [pc, #164]	@ (20000ea4 <dcd_event_handler+0x1c0>)
20000e00:	681b      	ldr	r3, [r3, #0]
20000e02:	0018      	movs	r0, r3
20000e04:	695a      	ldr	r2, [r3, #20]
20000e06:	f3ef 8110 	mrs	r1, PRIMASK
20000e0a:	b672      	cpsid	i
20000e0c:	6813      	ldr	r3, [r2, #0]
20000e0e:	2b00      	cmp	r3, #0
20000e10:	d0fc      	beq.n	20000e0c <dcd_event_handler+0x128>
20000e12:	f3bf 8f5f 	dmb	sy
20000e16:	0006      	movs	r6, r0
20000e18:	6181      	str	r1, [r0, #24]
20000e1a:	0021      	movs	r1, r4
20000e1c:	f000 f880 	bl	20000f20 <__tu_fifo_write_veneer>
20000e20:	6972      	ldr	r2, [r6, #20]
20000e22:	69b3      	ldr	r3, [r6, #24]
20000e24:	f3bf 8f5f 	dmb	sy
20000e28:	2100      	movs	r1, #0
20000e2a:	6011      	str	r1, [r2, #0]
20000e2c:	f383 8810 	msr	PRIMASK, r3
20000e30:	2800      	cmp	r0, #0
20000e32:	d12c      	bne.n	20000e8e <dcd_event_handler+0x1aa>
20000e34:	4643      	mov	r3, r8
20000e36:	78db      	ldrb	r3, [r3, #3]
20000e38:	07db      	lsls	r3, r3, #31
20000e3a:	d400      	bmi.n	20000e3e <dcd_event_handler+0x15a>
20000e3c:	e77e      	b.n	20000d3c <dcd_event_handler+0x58>
20000e3e:	782b      	ldrb	r3, [r5, #0]
20000e40:	ac01      	add	r4, sp, #4
20000e42:	7023      	strb	r3, [r4, #0]
20000e44:	2303      	movs	r3, #3
20000e46:	7063      	strb	r3, [r4, #1]
20000e48:	686b      	ldr	r3, [r5, #4]
20000e4a:	6063      	str	r3, [r4, #4]
20000e4c:	4b15      	ldr	r3, [pc, #84]	@ (20000ea4 <dcd_event_handler+0x1c0>)
20000e4e:	681d      	ldr	r5, [r3, #0]
20000e50:	696a      	ldr	r2, [r5, #20]
20000e52:	f3ef 8110 	mrs	r1, PRIMASK
20000e56:	b672      	cpsid	i
20000e58:	6813      	ldr	r3, [r2, #0]
20000e5a:	2b00      	cmp	r3, #0
20000e5c:	d0fc      	beq.n	20000e58 <dcd_event_handler+0x174>
20000e5e:	f3bf 8f5f 	dmb	sy
20000e62:	61a9      	str	r1, [r5, #24]
20000e64:	0028      	movs	r0, r5
20000e66:	0021      	movs	r1, r4
20000e68:	f000 f85a 	bl	20000f20 <__tu_fifo_write_veneer>
20000e6c:	696a      	ldr	r2, [r5, #20]
20000e6e:	69ab      	ldr	r3, [r5, #24]
20000e70:	f3bf 8f5f 	dmb	sy
20000e74:	2100      	movs	r1, #0
20000e76:	6011      	str	r1, [r2, #0]
20000e78:	f383 8810 	msr	PRIMASK, r3
20000e7c:	2800      	cmp	r0, #0
20000e7e:	d100      	bne.n	20000e82 <dcd_event_handler+0x19e>
20000e80:	e75c      	b.n	20000d3c <dcd_event_handler+0x58>
20000e82:	003a      	movs	r2, r7
20000e84:	7861      	ldrb	r1, [r4, #1]
20000e86:	7820      	ldrb	r0, [r4, #0]
20000e88:	f000 f852 	bl	20000f30 <__tud_event_hook_cb_veneer>
20000e8c:	e756      	b.n	20000d3c <dcd_event_handler+0x58>
20000e8e:	003a      	movs	r2, r7
20000e90:	7861      	ldrb	r1, [r4, #1]
20000e92:	7820      	ldrb	r0, [r4, #0]
20000e94:	f000 f84c 	bl	20000f30 <__tud_event_hook_cb_veneer>
20000e98:	e7cc      	b.n	20000e34 <dcd_event_handler+0x150>
20000e9a:	46c0      	nop			@ (mov r8, r8)
20000e9c:	10006f58 	.word	0x10006f58
20000ea0:	20001c3f 	.word	0x20001c3f
20000ea4:	200015c0 	.word	0x200015c0
20000ea8:	20001568 	.word	0x20001568
20000eac:	20001c3d 	.word	0x20001c3d
20000eb0:	10006f74 	.word	0x10006f74
20000eb4:	20001480 	.word	0x20001480

20000eb8 <__aeabi_idiv0>:
20000eb8:	4770      	bx	lr
20000eba:	46c0      	nop			@ (mov r8, r8)
20000ebc:	0000      	movs	r0, r0
	...

20000ec0 <__rp2040_chip_version_veneer>:
20000ec0:	b401      	push	{r0}
20000ec2:	4802      	ldr	r0, [pc, #8]	@ (20000ecc <__rp2040_chip_version_veneer+0xc>)
20000ec4:	4684      	mov	ip, r0
20000ec6:	bc01      	pop	{r0}
20000ec8:	4760      	bx	ip
20000eca:	bf00      	nop
20000ecc:	10000545 	.word	0x10000545

20000ed0 <__time_us_64_veneer>:
20000ed0:	b401      	push	{r0}
20000ed2:	4802      	ldr	r0, [pc, #8]	@ (20000edc <__time_us_64_veneer+0xc>)
20000ed4:	4684      	mov	ip, r0
20000ed6:	bc01      	pop	{r0}
20000ed8:	4760      	bx	ip
20000eda:	bf00      	nop
20000edc:	1000135d 	.word	0x1000135d

20000ee0 <____wrap___aeabi_lmul_veneer>:
20000ee0:	b401      	push	{r0}
20000ee2:	4802      	ldr	r0, [pc, #8]	@ (20000eec <____wrap___aeabi_lmul_veneer+0xc>)
20000ee4:	4684      	mov	ip, r0
20000ee6:	bc01      	pop	{r0}
20000ee8:	4760      	bx	ip
20000eea:	bf00      	nop
20000eec:	100026d1 	.word	0x100026d1

20000ef0 <__panic_veneer>:
20000ef0:	b401      	push	{r0}
20000ef2:	4802      	ldr	r0, [pc, #8]	@ (20000efc <__panic_veneer+0xc>)
20000ef4:	4684      	mov	ip, r0
20000ef6:	bc01      	pop	{r0}
20000ef8:	4760      	bx	ip
20000efa:	bf00      	nop
20000efc:	10000551 	.word	0x10000551

20000f00 <__best_effort_wfe_or_timeout_veneer>:
20000f00:	b401      	push	{r0}
20000f02:	4802      	ldr	r0, [pc, #8]	@ (20000f0c <__best_effort_wfe_or_timeout_veneer+0xc>)
20000f04:	4684      	mov	ip, r0
20000f06:	bc01      	pop	{r0}
20000f08:	4760      	bx	ip
20000f0a:	bf00      	nop
20000f0c:	1000120d 	.word	0x1000120d

20000f10 <____wrap_memset_veneer>:
20000f10:	b401      	push	{r0}
20000f12:	4802      	ldr	r0, [pc, #8]	@ (20000f1c <____wrap_memset_veneer+0xc>)
20000f14:	4684      	mov	ip, r0
20000f16:	bc01      	pop	{r0}
20000f18:	4760      	bx	ip
20000f1a:	bf00      	nop
20000f1c:	100027a9 	.word	0x100027a9

20000f20 <__tu_fifo_write_veneer>:
20000f20:	b401      	push	{r0}
20000f22:	4802      	ldr	r0, [pc, #8]	@ (20000f2c <__tu_fifo_write_veneer+0xc>)
20000f24:	4684      	mov	ip, r0
20000f26:	bc01      	pop	{r0}
20000f28:	4760      	bx	ip
20000f2a:	bf00      	nop
20000f2c:	10006451 	.word	0x10006451

20000f30 <__tud_event_hook_cb_veneer>:
20000f30:	b401      	push	{r0}
20000f32:	4802      	ldr	r0, [pc, #8]	@ (20000f3c <__tud_event_hook_cb_veneer+0xc>)
20000f34:	4684      	mov	ip, r0
20000f36:	bc01      	pop	{r0}
20000f38:	4760      	bx	ip
20000f3a:	bf00      	nop
20000f3c:	10004ea5 	.word	0x10004ea5

20000f40 <striped_spin_lock_num>:
20000f40:	00000010                                ....

20000f44 <irq_handler_chain_slots>:
20000f44:	00000000 	.word	0x00000000
20000f48:	00010000 	.word	0x00010000
	...
20000f54:	00020000 	.word	0x00020000
	...
20000f60:	00030000 	.word	0x00030000
	...
20000f6c:	00040000 	.word	0x00040000
	...
20000f78:	00050000 	.word	0x00050000
	...
20000f84:	00ff0000 	.word	0x00ff0000
20000f88:	00000000 	.word	0x00000000

20000f8c <irq_handler_chain_first_slot>:
20000f8c:	b501      	push	{r0, lr}
20000f8e:	6848      	ldr	r0, [r1, #4]
20000f90:	3101      	adds	r1, #1
20000f92:	468e      	mov	lr, r1
20000f94:	4700      	bx	r0

20000f96 <irq_handler_chain_remove_tail>:
20000f96:	4670      	mov	r0, lr
20000f98:	3809      	subs	r0, #9
20000f9a:	4901      	ldr	r1, [pc, #4]	@ (20000fa0 <irq_handler_chain_remove_tail+0xa>)
20000f9c:	4788      	blx	r1
20000f9e:	bd01      	pop	{r0, pc}
20000fa0:	1000096d 	.word	0x1000096d
20000fa4:	00000000 	.word	0x00000000

20000fa8 <last_added.0>:
20000fa8:	ffffffff 7fffffff                       ........

20000fb0 <default_alarm_pool>:
	...
20000fc4:	200010f8 00000000 00000000              ... ........

20000fd0 <aeabi_bits_funcs>:
20000fd0:	00003350 	.word	0x00003350
20000fd4:	0000334c 	.word	0x0000334c
20000fd8:	00003354 	.word	0x00003354
20000fdc:	00003352 	.word	0x00003352

20000fe0 <aeabi_bits_funcs_end>:
20000fe0:	0000534d 	.word	0x0000534d
20000fe4:	0000434d 	.word	0x0000434d
20000fe8:	00003453 	.word	0x00003453
20000fec:	00003443 	.word	0x00003443

20000ff0 <stdio_usb>:
20000ff0:	10004549 100044fd 10004471 100043e9     IE...D..qD...C..
20001000:	00000000 00000100                       ........

20001008 <_usbd_qdef>:
20001008:	200015c4 000c0010 00000000 00000000     ... ............
	...

20001024 <_usbd_rhport>:
20001024:	000000ff                                ....

20001028 <print_mutex>:
	...
