
C:/Repositories/pico/es-student/122-led-button/build/122_led_button.elf:     file format elf32-littlearm

Sections:
Idx Name          Size      VMA       LMA       File off  Algn
  0 .boot2        00000100  10000000  10000000  00001000  2**0
                  CONTENTS, ALLOC, LOAD, READONLY, CODE
  1 .text         0000158c  10000100  10000100  00001100  2**3
                  CONTENTS, ALLOC, LOAD, READONLY, CODE
  2 .rodata       000000dc  1000168c  1000168c  0000268c  2**2
                  CONTENTS, ALLOC, LOAD, READONLY, DATA
  3 .binary_info  0000001c  10001768  10001768  00002768  2**2
                  CONTENTS, ALLOC, LOAD, READONLY, DATA
  4 .xip_ram      00000000  15000000  15000000  00003228  2**0
                  CONTENTS
  5 .ram_vector_table 000000c0  20000000  20000000  00004000  2**2
                  ALLOC
  6 .uninitialized_data 00000000  200000c0  200000c0  00003228  2**0
                  CONTENTS
  7 .data         00000168  200000c0  10001784  000030c0  2**4
                  CONTENTS, ALLOC, LOAD, READONLY, CODE
  8 .tdata        00000000  20000228  20000228  00003228  2**0
                  CONTENTS, ALLOC, LOAD, DATA, THREAD_LOCAL
  9 .tbss         00000000  20000228  20000228  00000000  2**0
                  ALLOC, THREAD_LOCAL
 10 .tbss_space   00000000  20000228  20000228  00003228  2**0
                  CONTENTS
 11 .bss          000003d0  20000228  100018ec  00003228  2**3
                  ALLOC
 12 .tls0         00000000  200005f8  200005f8  00003228  2**0
                  CONTENTS
 13 .tls1         00000000  200005f8  200005f8  00003228  2**0
                  CONTENTS
 14 .persistent_data 00000000  200005f8  200005f8  00003228  2**0
                  CONTENTS
 15 .dummy_pre_heap 00000000  200005f8  200005f8  00003228  2**0
                  CONTENTS
 16 .heap         00000800  200005f8  200005f8  00004000  2**2
                  ALLOC, READONLY
 17 .scratch_x    00000000  20040000  20040000  00003228  2**0
                  CONTENTS
 18 .scratch_y    00000000  20041000  20041000  00003228  2**0
                  CONTENTS
 19 .stack_dummy  00000800  20041000  20041000  00004000  2**5
                  ALLOC, READONLY
 20 .debug_info   00019d3d  00000000  00000000  00003228  2**0
                  CONTENTS, READONLY, DEBUGGING, OCTETS
 21 .debug_abbrev 00004ba1  00000000  00000000  0001cf65  2**0
                  CONTENTS, READONLY, DEBUGGING, OCTETS
 22 .debug_loclists 0000f28f  00000000  00000000  00021b06  2**0
                  CONTENTS, READONLY, DEBUGGING, OCTETS
 23 .debug_aranges 00000e88  00000000  00000000  00030d98  2**3
                  CONTENTS, READONLY, DEBUGGING, OCTETS
 24 .debug_rnglists 00002985  00000000  00000000  00031c20  2**0
                  CONTENTS, READONLY, DEBUGGING, OCTETS
 25 .debug_line   000153d6  00000000  00000000  000345a5  2**0
                  CONTENTS, READONLY, DEBUGGING, OCTETS
 26 .debug_str    00004808  00000000  00000000  0004997b  2**0
                  CONTENTS, READONLY, DEBUGGING, OCTETS
 27 .comment      00000046  00000000  00000000  0004e183  2**0
                  CONTENTS, READONLY
 28 .ARM.attributes 0000002a  00000000  00000000  0004e1c9  2**0
                  CONTENTS, READONLY
 29 .debug_frame  00001964  00000000  00000000  0004e1f4  2**2
                  CONTENTS, READONLY, DEBUGGING, OCTETS
 30 .debug_line_str 0000030e  00000000  00000000  0004fb58  2**0
                  CONTENTS, READONLY, DEBUGGING, OCTETS

C:/Repositories/pico/es-student/122-led-button/build/122_led_button.elf:     file format elf32-littlearm


Disassembly of section .boot2:

10000000 <__boot2_start__>:
10000000:	4b32b500 	.word	0x4b32b500
10000004:	60582021 	.word	0x60582021
10000008:	21026898 	.word	0x21026898
1000000c:	60984388 	.word	0x60984388
10000010:	611860d8 	.word	0x611860d8
10000014:	4b2e6158 	.word	0x4b2e6158
10000018:	60992100 	.word	0x60992100
1000001c:	61592102 	.word	0x61592102
10000020:	22f02101 	.word	0x22f02101
10000024:	492b5099 	.word	0x492b5099
10000028:	21016019 	.word	0x21016019
1000002c:	20356099 	.word	0x20356099
10000030:	f844f000 	.word	0xf844f000
10000034:	42902202 	.word	0x42902202
10000038:	2106d014 	.word	0x2106d014
1000003c:	f0006619 	.word	0xf0006619
10000040:	6e19f834 	.word	0x6e19f834
10000044:	66192101 	.word	0x66192101
10000048:	66182000 	.word	0x66182000
1000004c:	f000661a 	.word	0xf000661a
10000050:	6e19f82c 	.word	0x6e19f82c
10000054:	6e196e19 	.word	0x6e196e19
10000058:	f0002005 	.word	0xf0002005
1000005c:	2101f82f 	.word	0x2101f82f
10000060:	d1f94208 	.word	0xd1f94208
10000064:	60992100 	.word	0x60992100
10000068:	6019491b 	.word	0x6019491b
1000006c:	60592100 	.word	0x60592100
10000070:	481b491a 	.word	0x481b491a
10000074:	21016001 	.word	0x21016001
10000078:	21eb6099 	.word	0x21eb6099
1000007c:	21a06619 	.word	0x21a06619
10000080:	f0006619 	.word	0xf0006619
10000084:	2100f812 	.word	0x2100f812
10000088:	49166099 	.word	0x49166099
1000008c:	60014814 	.word	0x60014814
10000090:	60992101 	.word	0x60992101
10000094:	2800bc01 	.word	0x2800bc01
10000098:	4700d000 	.word	0x4700d000
1000009c:	49134812 	.word	0x49134812
100000a0:	c8036008 	.word	0xc8036008
100000a4:	8808f380 	.word	0x8808f380
100000a8:	b5034708 	.word	0xb5034708
100000ac:	20046a99 	.word	0x20046a99
100000b0:	d0fb4201 	.word	0xd0fb4201
100000b4:	42012001 	.word	0x42012001
100000b8:	bd03d1f8 	.word	0xbd03d1f8
100000bc:	6618b502 	.word	0x6618b502
100000c0:	f7ff6618 	.word	0xf7ff6618
100000c4:	6e18fff2 	.word	0x6e18fff2
100000c8:	bd026e18 	.word	0xbd026e18
100000cc:	40020000 	.word	0x40020000
100000d0:	18000000 	.word	0x18000000
100000d4:	00070000 	.word	0x00070000
100000d8:	005f0300 	.word	0x005f0300
100000dc:	00002221 	.word	0x00002221
100000e0:	180000f4 	.word	0x180000f4
100000e4:	a0002022 	.word	0xa0002022
100000e8:	10000100 	.word	0x10000100
100000ec:	e000ed08 	.word	0xe000ed08
	...
100000fc:	7a4eb274 	.word	0x7a4eb274

Disassembly of section .text:

10000100 <__VECTOR_TABLE>:
10000100:	20042000 	.word	0x20042000
10000104:	100001f7 	.word	0x100001f7
10000108:	100001cb 	.word	0x100001cb
1000010c:	100001cd 	.word	0x100001cd
10000110:	100001c9 	.word	0x100001c9
10000114:	100001c9 	.word	0x100001c9
10000118:	100001c9 	.word	0x100001c9
1000011c:	100001c9 	.word	0x100001c9
10000120:	100001c9 	.word	0x100001c9
10000124:	100001c9 	.word	0x100001c9
10000128:	100001c9 	.word	0x100001c9
1000012c:	100001cf 	.word	0x100001cf
10000130:	100001c9 	.word	0x100001c9
10000134:	100001c9 	.word	0x100001c9
10000138:	100001d1 	.word	0x100001d1
1000013c:	100001d3 	.word	0x100001d3
10000140:	100001c1 	.word	0x100001c1
10000144:	100001c1 	.word	0x100001c1
10000148:	100001c1 	.word	0x100001c1
1000014c:	100001c1 	.word	0x100001c1
10000150:	100001c1 	.word	0x100001c1
10000154:	100001c1 	.word	0x100001c1
10000158:	100001c1 	.word	0x100001c1
1000015c:	100001c1 	.word	0x100001c1
10000160:	100001c1 	.word	0x100001c1
10000164:	100001c1 	.word	0x100001c1
10000168:	100001c1 	.word	0x100001c1
1000016c:	100001c1 	.word	0x100001c1
10000170:	100001c1 	.word	0x100001c1
10000174:	100001c1 	.word	0x100001c1
10000178:	100001c1 	.word	0x100001c1
1000017c:	100001c1 	.word	0x100001c1
10000180:	100001c1 	.word	0x100001c1
10000184:	100001c1 	.word	0x100001c1
10000188:	100001c1 	.word	0x100001c1
1000018c:	100001c1 	.word	0x100001c1
10000190:	100001c1 	.word	0x100001c1
10000194:	100001c1 	.word	0x100001c1
10000198:	100001c1 	.word	0x100001c1
1000019c:	100001c1 	.word	0x100001c1
100001a0:	100001c1 	.word	0x100001c1
100001a4:	100001c1 	.word	0x100001c1
100001a8:	100001c1 	.word	0x100001c1
100001ac:	100001c1 	.word	0x100001c1
100001b0:	100001c1 	.word	0x100001c1
100001b4:	100001c1 	.word	0x100001c1
100001b8:	100001c1 	.word	0x100001c1
100001bc:	100001c1 	.word	0x100001c1

100001c0 <__unhandled_user_irq>:
100001c0:	f3ef 8005 	mrs	r0, IPSR
100001c4:	3810      	subs	r0, #16

100001c6 <unhandled_user_irq_num_in_r0>:
100001c6:	be00      	bkpt	0x0000

100001c8 <isr_invalid>:
100001c8:	be00      	bkpt	0x0000

100001ca <isr_nmi>:
100001ca:	be00      	bkpt	0x0000

100001cc <isr_hardfault>:
100001cc:	be00      	bkpt	0x0000

100001ce <isr_svcall>:
100001ce:	be00      	bkpt	0x0000

100001d0 <isr_pendsv>:
100001d0:	be00      	bkpt	0x0000

100001d2 <isr_systick>:
100001d2:	be00      	bkpt	0x0000

100001d4 <__default_isrs_end>:
100001d4:	7188ebf2 	.word	0x7188ebf2
100001d8:	10001768 	.word	0x10001768
100001dc:	10001784 	.word	0x10001784
100001e0:	10000238 	.word	0x10000238
100001e4:	e71aa390 	.word	0xe71aa390

100001e8 <_entry_point>:
100001e8:	2000      	movs	r0, #0

100001ea <_enter_vtable_in_r0>:
100001ea:	491e      	ldr	r1, [pc, #120]	@ (10000264 <data_cpy_table+0x2c>)
100001ec:	6008      	str	r0, [r1, #0]
100001ee:	c806      	ldmia	r0!, {r1, r2}
100001f0:	f381 8808 	msr	MSP, r1
100001f4:	4710      	bx	r2

100001f6 <_reset_handler>:
100001f6:	481c      	ldr	r0, [pc, #112]	@ (10000268 <data_cpy_table+0x30>)
100001f8:	6800      	ldr	r0, [r0, #0]
100001fa:	2800      	cmp	r0, #0
100001fc:	d001      	beq.n	10000202 <hold_non_core0_in_bootrom+0x4>

100001fe <hold_non_core0_in_bootrom>:
100001fe:	2000      	movs	r0, #0
10000200:	e7f3      	b.n	100001ea <_enter_vtable_in_r0>
10000202:	a40d      	add	r4, pc, #52	@ (adr r4, 10000238 <data_cpy_table>)
10000204:	cc0e      	ldmia	r4!, {r1, r2, r3}
10000206:	2900      	cmp	r1, #0
10000208:	d002      	beq.n	10000210 <hold_non_core0_in_bootrom+0x12>
1000020a:	f000 f812 	bl	10000232 <data_cpy>
1000020e:	e7f9      	b.n	10000204 <hold_non_core0_in_bootrom+0x6>
10000210:	4916      	ldr	r1, [pc, #88]	@ (1000026c <data_cpy_table+0x34>)
10000212:	4a17      	ldr	r2, [pc, #92]	@ (10000270 <data_cpy_table+0x38>)
10000214:	2000      	movs	r0, #0
10000216:	e000      	b.n	1000021a <bss_fill_test>

10000218 <bss_fill_loop>:
10000218:	c101      	stmia	r1!, {r0}

1000021a <bss_fill_test>:
1000021a:	4291      	cmp	r1, r2
1000021c:	d1fc      	bne.n	10000218 <bss_fill_loop>

1000021e <platform_entry>:
1000021e:	4915      	ldr	r1, [pc, #84]	@ (10000274 <data_cpy_table+0x3c>)
10000220:	4788      	blx	r1
10000222:	4915      	ldr	r1, [pc, #84]	@ (10000278 <data_cpy_table+0x40>)
10000224:	4788      	blx	r1
10000226:	4915      	ldr	r1, [pc, #84]	@ (1000027c <data_cpy_table+0x44>)
10000228:	4788      	blx	r1
1000022a:	be00      	bkpt	0x0000
1000022c:	e7fd      	b.n	1000022a <platform_entry+0xc>

1000022e <data_cpy_loop>:
1000022e:	c901      	ldmia	r1!, {r0}
10000230:	c201      	stmia	r2!, {r0}

10000232 <data_cpy>:
10000232:	429a      	cmp	r2, r3
10000234:	d3fb      	bcc.n	1000022e <data_cpy_loop>

10000236 <data_cpy_done>:
10000236:	4770      	bx	lr

10000238 <data_cpy_table>:
10000238:	10001784 	.word	0x10001784
1000023c:	200000c0 	.word	0x200000c0
10000240:	20000228 	.word	0x20000228
10000244:	100018ec 	.word	0x100018ec
10000248:	20040000 	.word	0x20040000
1000024c:	20040000 	.word	0x20040000
10000250:	100018ec 	.word	0x100018ec
10000254:	20041000 	.word	0x20041000
10000258:	20041000 	.word	0x20041000
1000025c:	00000000 	.word	0x00000000
10000260:	4770      	bx	lr
10000262:	0000      	.short	0x0000
10000264:	e000ed08 	.word	0xe000ed08
10000268:	d0000000 	.word	0xd0000000
1000026c:	20000228 	.word	0x20000228
10000270:	200005f8 	.word	0x200005f8
10000274:	10001331 	.word	0x10001331
10000278:	10000281 	.word	0x10000281
1000027c:	10001329 	.word	0x10001329

10000280 <main>:
10000280:	b570      	push	{r4, r5, r6, lr}
10000282:	24d0      	movs	r4, #208	@ 0xd0
10000284:	2680      	movs	r6, #128	@ 0x80
10000286:	2580      	movs	r5, #128	@ 0x80
10000288:	2019      	movs	r0, #25
1000028a:	0624      	lsls	r4, r4, #24
1000028c:	04b6      	lsls	r6, r6, #18
1000028e:	f000 f833 	bl	100002f8 <gpio_init>
10000292:	022d      	lsls	r5, r5, #8
10000294:	200f      	movs	r0, #15
10000296:	6266      	str	r6, [r4, #36]	@ 0x24
10000298:	f000 f82e 	bl	100002f8 <gpio_init>
1000029c:	200f      	movs	r0, #15
1000029e:	2200      	movs	r2, #0
100002a0:	2101      	movs	r1, #1
100002a2:	62a5      	str	r5, [r4, #40]	@ 0x28
100002a4:	f000 f816 	bl	100002d4 <gpio_set_pulls>
100002a8:	2000      	movs	r0, #0
100002aa:	2300      	movs	r3, #0
100002ac:	6862      	ldr	r2, [r4, #4]
100002ae:	0019      	movs	r1, r3
100002b0:	402a      	ands	r2, r5
100002b2:	0413      	lsls	r3, r2, #16
100002b4:	0fdb      	lsrs	r3, r3, #31
100002b6:	2900      	cmp	r1, #0
100002b8:	d0f8      	beq.n	100002ac <main+0x2c>
100002ba:	2a00      	cmp	r2, #0
100002bc:	d104      	bne.n	100002c8 <main+0x48>
100002be:	2800      	cmp	r0, #0
100002c0:	d104      	bne.n	100002cc <main+0x4c>
100002c2:	0008      	movs	r0, r1
100002c4:	6166      	str	r6, [r4, #20]
100002c6:	e7f0      	b.n	100002aa <main+0x2a>
100002c8:	000b      	movs	r3, r1
100002ca:	e7ef      	b.n	100002ac <main+0x2c>
100002cc:	2000      	movs	r0, #0
100002ce:	61a6      	str	r6, [r4, #24]
100002d0:	e7eb      	b.n	100002aa <main+0x2a>
100002d2:	46c0      	nop			@ (mov r8, r8)

100002d4 <gpio_set_pulls>:
100002d4:	4b06      	ldr	r3, [pc, #24]	@ (100002f0 <gpio_set_pulls+0x1c>)
100002d6:	0080      	lsls	r0, r0, #2
100002d8:	18c3      	adds	r3, r0, r3
100002da:	681b      	ldr	r3, [r3, #0]
100002dc:	00c9      	lsls	r1, r1, #3
100002de:	0092      	lsls	r2, r2, #2
100002e0:	430a      	orrs	r2, r1
100002e2:	405a      	eors	r2, r3
100002e4:	230c      	movs	r3, #12
100002e6:	4013      	ands	r3, r2
100002e8:	4a02      	ldr	r2, [pc, #8]	@ (100002f4 <gpio_set_pulls+0x20>)
100002ea:	1880      	adds	r0, r0, r2
100002ec:	6003      	str	r3, [r0, #0]
100002ee:	4770      	bx	lr
100002f0:	4001c004 	.word	0x4001c004
100002f4:	4001d004 	.word	0x4001d004

100002f8 <gpio_init>:
100002f8:	2301      	movs	r3, #1
100002fa:	22d0      	movs	r2, #208	@ 0xd0
100002fc:	4083      	lsls	r3, r0
100002fe:	0612      	lsls	r2, r2, #24
10000300:	6293      	str	r3, [r2, #40]	@ 0x28
10000302:	6193      	str	r3, [r2, #24]
10000304:	4a08      	ldr	r2, [pc, #32]	@ (10000328 <gpio_init+0x30>)
10000306:	0083      	lsls	r3, r0, #2
10000308:	189a      	adds	r2, r3, r2
1000030a:	6811      	ldr	r1, [r2, #0]
1000030c:	2240      	movs	r2, #64	@ 0x40
1000030e:	4051      	eors	r1, r2
10000310:	3280      	adds	r2, #128	@ 0x80
10000312:	400a      	ands	r2, r1
10000314:	4905      	ldr	r1, [pc, #20]	@ (1000032c <gpio_init+0x34>)
10000316:	00c0      	lsls	r0, r0, #3
10000318:	185b      	adds	r3, r3, r1
1000031a:	601a      	str	r2, [r3, #0]
1000031c:	4b04      	ldr	r3, [pc, #16]	@ (10000330 <gpio_init+0x38>)
1000031e:	18c0      	adds	r0, r0, r3
10000320:	2305      	movs	r3, #5
10000322:	6043      	str	r3, [r0, #4]
10000324:	4770      	bx	lr
10000326:	46c0      	nop			@ (mov r8, r8)
10000328:	4001c004 	.word	0x4001c004
1000032c:	4001d004 	.word	0x4001d004
10000330:	40014000 	.word	0x40014000

10000334 <panic>:
10000334:	b40f      	push	{r0, r1, r2, r3}
10000336:	b500      	push	{lr}
10000338:	4808      	ldr	r0, [pc, #32]	@ (1000035c <panic+0x28>)
1000033a:	b083      	sub	sp, #12
1000033c:	f001 f922 	bl	10001584 <__wrap_puts>
10000340:	9b04      	ldr	r3, [sp, #16]
10000342:	2b00      	cmp	r3, #0
10000344:	d007      	beq.n	10000356 <panic+0x22>
10000346:	a905      	add	r1, sp, #20
10000348:	0018      	movs	r0, r3
1000034a:	9101      	str	r1, [sp, #4]
1000034c:	f000 ffd0 	bl	100012f0 <weak_raw_vprintf>
10000350:	4803      	ldr	r0, [pc, #12]	@ (10000360 <panic+0x2c>)
10000352:	f001 f917 	bl	10001584 <__wrap_puts>
10000356:	2001      	movs	r0, #1
10000358:	f000 ffe2 	bl	10001320 <_exit>
1000035c:	1000168c 	.word	0x1000168c
10000360:	100016f0 	.word	0x100016f0

10000364 <hw_claim_or_assert>:
10000364:	b570      	push	{r4, r5, r6, lr}
10000366:	468c      	mov	ip, r1
10000368:	0016      	movs	r6, r2
1000036a:	f3ef 8410 	mrs	r4, PRIMASK
1000036e:	b672      	cpsid	i
10000370:	490f      	ldr	r1, [pc, #60]	@ (100003b0 <hw_claim_or_assert+0x4c>)
10000372:	680b      	ldr	r3, [r1, #0]
10000374:	2b00      	cmp	r3, #0
10000376:	d0fc      	beq.n	10000372 <hw_claim_or_assert+0xe>
10000378:	f3bf 8f5f 	dmb	sy
1000037c:	4663      	mov	r3, ip
1000037e:	08db      	lsrs	r3, r3, #3
10000380:	18c5      	adds	r5, r0, r3
10000382:	2207      	movs	r2, #7
10000384:	5cc0      	ldrb	r0, [r0, r3]
10000386:	4663      	mov	r3, ip
10000388:	401a      	ands	r2, r3
1000038a:	2301      	movs	r3, #1
1000038c:	4093      	lsls	r3, r2
1000038e:	001a      	movs	r2, r3
10000390:	4002      	ands	r2, r0
10000392:	4203      	tst	r3, r0
10000394:	d107      	bne.n	100003a6 <hw_claim_or_assert+0x42>
10000396:	4318      	orrs	r0, r3
10000398:	7028      	strb	r0, [r5, #0]
1000039a:	f3bf 8f5f 	dmb	sy
1000039e:	600a      	str	r2, [r1, #0]
100003a0:	f384 8810 	msr	PRIMASK, r4
100003a4:	bd70      	pop	{r4, r5, r6, pc}
100003a6:	4661      	mov	r1, ip
100003a8:	0030      	movs	r0, r6
100003aa:	f7ff ffc3 	bl	10000334 <panic>
100003ae:	46c0      	nop			@ (mov r8, r8)
100003b0:	d000012c 	.word	0xd000012c

100003b4 <next_striped_spin_lock_num>:
100003b4:	4a04      	ldr	r2, [pc, #16]	@ (100003c8 <next_striped_spin_lock_num+0x14>)
100003b6:	7810      	ldrb	r0, [r2, #0]
100003b8:	1c43      	adds	r3, r0, #1
100003ba:	b2db      	uxtb	r3, r3
100003bc:	2b17      	cmp	r3, #23
100003be:	d900      	bls.n	100003c2 <next_striped_spin_lock_num+0xe>
100003c0:	2310      	movs	r3, #16
100003c2:	7013      	strb	r3, [r2, #0]
100003c4:	4770      	bx	lr
100003c6:	46c0      	nop			@ (mov r8, r8)
100003c8:	200001d8 	.word	0x200001d8

100003cc <spin_locks_reset>:
100003cc:	2100      	movs	r1, #0
100003ce:	4b04      	ldr	r3, [pc, #16]	@ (100003e0 <spin_locks_reset+0x14>)
100003d0:	4a04      	ldr	r2, [pc, #16]	@ (100003e4 <spin_locks_reset+0x18>)
100003d2:	f3bf 8f5f 	dmb	sy
100003d6:	c302      	stmia	r3!, {r1}
100003d8:	4293      	cmp	r3, r2
100003da:	d1fa      	bne.n	100003d2 <spin_locks_reset+0x6>
100003dc:	4770      	bx	lr
100003de:	46c0      	nop			@ (mov r8, r8)
100003e0:	d0000100 	.word	0xd0000100
100003e4:	d0000180 	.word	0xd0000180

100003e8 <runtime_init_per_core_irq_priorities>:
100003e8:	4b08      	ldr	r3, [pc, #32]	@ (1000040c <runtime_init_per_core_irq_priorities+0x24>)
100003ea:	4a09      	ldr	r2, [pc, #36]	@ (10000410 <runtime_init_per_core_irq_priorities+0x28>)
100003ec:	6013      	str	r3, [r2, #0]
100003ee:	4a09      	ldr	r2, [pc, #36]	@ (10000414 <runtime_init_per_core_irq_priorities+0x2c>)
100003f0:	6013      	str	r3, [r2, #0]
100003f2:	4a09      	ldr	r2, [pc, #36]	@ (10000418 <runtime_init_per_core_irq_priorities+0x30>)
100003f4:	6013      	str	r3, [r2, #0]
100003f6:	4a09      	ldr	r2, [pc, #36]	@ (1000041c <runtime_init_per_core_irq_priorities+0x34>)
100003f8:	6013      	str	r3, [r2, #0]
100003fa:	4a09      	ldr	r2, [pc, #36]	@ (10000420 <runtime_init_per_core_irq_priorities+0x38>)
100003fc:	6013      	str	r3, [r2, #0]
100003fe:	4a09      	ldr	r2, [pc, #36]	@ (10000424 <runtime_init_per_core_irq_priorities+0x3c>)
10000400:	6013      	str	r3, [r2, #0]
10000402:	4a09      	ldr	r2, [pc, #36]	@ (10000428 <runtime_init_per_core_irq_priorities+0x40>)
10000404:	6013      	str	r3, [r2, #0]
10000406:	4a09      	ldr	r2, [pc, #36]	@ (1000042c <runtime_init_per_core_irq_priorities+0x44>)
10000408:	6013      	str	r3, [r2, #0]
1000040a:	4770      	bx	lr
1000040c:	80808080 	.word	0x80808080
10000410:	e000e400 	.word	0xe000e400
10000414:	e000e404 	.word	0xe000e404
10000418:	e000e408 	.word	0xe000e408
1000041c:	e000e40c 	.word	0xe000e40c
10000420:	e000e410 	.word	0xe000e410
10000424:	e000e414 	.word	0xe000e414
10000428:	e000e418 	.word	0xe000e418
1000042c:	e000e41c 	.word	0xe000e41c

10000430 <irq_set_enabled>:
10000430:	231f      	movs	r3, #31
10000432:	4018      	ands	r0, r3
10000434:	3b1e      	subs	r3, #30
10000436:	4083      	lsls	r3, r0
10000438:	2900      	cmp	r1, #0
1000043a:	d005      	beq.n	10000448 <irq_set_enabled+0x18>
1000043c:	21c0      	movs	r1, #192	@ 0xc0
1000043e:	4a04      	ldr	r2, [pc, #16]	@ (10000450 <irq_set_enabled+0x20>)
10000440:	0049      	lsls	r1, r1, #1
10000442:	5053      	str	r3, [r2, r1]
10000444:	6013      	str	r3, [r2, #0]
10000446:	4770      	bx	lr
10000448:	2280      	movs	r2, #128	@ 0x80
1000044a:	4901      	ldr	r1, [pc, #4]	@ (10000450 <irq_set_enabled+0x20>)
1000044c:	508b      	str	r3, [r1, r2]
1000044e:	e7fa      	b.n	10000446 <irq_set_enabled+0x16>
10000450:	e000e100 	.word	0xe000e100

10000454 <irq_set_exclusive_handler>:
10000454:	b510      	push	{r4, lr}
10000456:	f3ef 8c10 	mrs	ip, PRIMASK
1000045a:	b672      	cpsid	i
1000045c:	4a0f      	ldr	r2, [pc, #60]	@ (1000049c <irq_set_exclusive_handler+0x48>)
1000045e:	6813      	ldr	r3, [r2, #0]
10000460:	2b00      	cmp	r3, #0
10000462:	d0fc      	beq.n	1000045e <irq_set_exclusive_handler+0xa>
10000464:	f3bf 8f5f 	dmb	sy
10000468:	4b0d      	ldr	r3, [pc, #52]	@ (100004a0 <irq_set_exclusive_handler+0x4c>)
1000046a:	3010      	adds	r0, #16
1000046c:	689b      	ldr	r3, [r3, #8]
1000046e:	0080      	lsls	r0, r0, #2
10000470:	581b      	ldr	r3, [r3, r0]
10000472:	4a0c      	ldr	r2, [pc, #48]	@ (100004a4 <irq_set_exclusive_handler+0x50>)
10000474:	4293      	cmp	r3, r2
10000476:	d001      	beq.n	1000047c <irq_set_exclusive_handler+0x28>
10000478:	4299      	cmp	r1, r3
1000047a:	d10c      	bne.n	10000496 <irq_set_exclusive_handler+0x42>
1000047c:	4b08      	ldr	r3, [pc, #32]	@ (100004a0 <irq_set_exclusive_handler+0x4c>)
1000047e:	689b      	ldr	r3, [r3, #8]
10000480:	5019      	str	r1, [r3, r0]
10000482:	f3bf 8f5f 	dmb	sy
10000486:	f3bf 8f5f 	dmb	sy
1000048a:	2200      	movs	r2, #0
1000048c:	4b03      	ldr	r3, [pc, #12]	@ (1000049c <irq_set_exclusive_handler+0x48>)
1000048e:	601a      	str	r2, [r3, #0]
10000490:	f38c 8810 	msr	PRIMASK, ip
10000494:	bd10      	pop	{r4, pc}
10000496:	f000 fd13 	bl	10000ec0 <hard_assertion_failure>
1000049a:	46c0      	nop			@ (mov r8, r8)
1000049c:	d0000124 	.word	0xd0000124
100004a0:	e000ed00 	.word	0xe000ed00
100004a4:	100001c1 	.word	0x100001c1

100004a8 <lock_init>:
100004a8:	4b02      	ldr	r3, [pc, #8]	@ (100004b4 <lock_init+0xc>)
100004aa:	18c9      	adds	r1, r1, r3
100004ac:	0089      	lsls	r1, r1, #2
100004ae:	6001      	str	r1, [r0, #0]
100004b0:	4770      	bx	lr
100004b2:	46c0      	nop			@ (mov r8, r8)
100004b4:	34000040 	.word	0x34000040

100004b8 <runtime_init_mutex>:
100004b8:	b570      	push	{r4, r5, r6, lr}
100004ba:	4c11      	ldr	r4, [pc, #68]	@ (10000500 <runtime_init_mutex+0x48>)
100004bc:	4d11      	ldr	r5, [pc, #68]	@ (10000504 <runtime_init_mutex+0x4c>)
100004be:	42ac      	cmp	r4, r5
100004c0:	d20f      	bcs.n	100004e2 <runtime_init_mutex+0x2a>
100004c2:	26ff      	movs	r6, #255	@ 0xff
100004c4:	6823      	ldr	r3, [r4, #0]
100004c6:	2b00      	cmp	r3, #0
100004c8:	d00c      	beq.n	100004e4 <runtime_init_mutex+0x2c>
100004ca:	f7ff ff73 	bl	100003b4 <next_striped_spin_lock_num>
100004ce:	0001      	movs	r1, r0
100004d0:	0020      	movs	r0, r4
100004d2:	f7ff ffe9 	bl	100004a8 <lock_init>
100004d6:	80a6      	strh	r6, [r4, #4]
100004d8:	f3bf 8f5f 	dmb	sy
100004dc:	3408      	adds	r4, #8
100004de:	42ac      	cmp	r4, r5
100004e0:	d3f0      	bcc.n	100004c4 <runtime_init_mutex+0xc>
100004e2:	bd70      	pop	{r4, r5, r6, pc}
100004e4:	f7ff ff66 	bl	100003b4 <next_striped_spin_lock_num>
100004e8:	0001      	movs	r1, r0
100004ea:	0020      	movs	r0, r4
100004ec:	f7ff ffdc 	bl	100004a8 <lock_init>
100004f0:	7126      	strb	r6, [r4, #4]
100004f2:	f3bf 8f5f 	dmb	sy
100004f6:	3408      	adds	r4, #8
100004f8:	42ac      	cmp	r4, r5
100004fa:	d3e3      	bcc.n	100004c4 <runtime_init_mutex+0xc>
100004fc:	e7f1      	b.n	100004e2 <runtime_init_mutex+0x2a>
100004fe:	46c0      	nop			@ (mov r8, r8)
10000500:	20000220 	.word	0x20000220
10000504:	20000228 	.word	0x20000228

10000508 <sleep_until_callback>:
10000508:	4b0a      	ldr	r3, [pc, #40]	@ (10000534 <sleep_until_callback+0x2c>)
1000050a:	6819      	ldr	r1, [r3, #0]
1000050c:	f3ef 8010 	mrs	r0, PRIMASK
10000510:	b672      	cpsid	i
10000512:	680a      	ldr	r2, [r1, #0]
10000514:	2a00      	cmp	r2, #0
10000516:	d0fc      	beq.n	10000512 <sleep_until_callback+0xa>
10000518:	f3bf 8f5f 	dmb	sy
1000051c:	681b      	ldr	r3, [r3, #0]
1000051e:	f3bf 8f5f 	dmb	sy
10000522:	2200      	movs	r2, #0
10000524:	601a      	str	r2, [r3, #0]
10000526:	f380 8810 	msr	PRIMASK, r0
1000052a:	bf40      	sev
1000052c:	2000      	movs	r0, #0
1000052e:	2100      	movs	r1, #0
10000530:	4770      	bx	lr
10000532:	46c0      	nop			@ (mov r8, r8)
10000534:	200005f4 	.word	0x200005f4

10000538 <alarm_pool_irq_handler>:
10000538:	b5f0      	push	{r4, r5, r6, r7, lr}
1000053a:	46de      	mov	lr, fp
1000053c:	4657      	mov	r7, sl
1000053e:	464e      	mov	r6, r9
10000540:	4645      	mov	r5, r8
10000542:	b5e0      	push	{r5, r6, r7, lr}
10000544:	b085      	sub	sp, #20
10000546:	f3ef 8305 	mrs	r3, IPSR
1000054a:	2203      	movs	r2, #3
1000054c:	401a      	ands	r2, r3
1000054e:	4bb3      	ldr	r3, [pc, #716]	@ (1000081c <alarm_pool_irq_handler+0x2e4>)
10000550:	0091      	lsls	r1, r2, #2
10000552:	585f      	ldr	r7, [r3, r1]
10000554:	2301      	movs	r3, #1
10000556:	4093      	lsls	r3, r2
10000558:	469b      	mov	fp, r3
1000055a:	9202      	str	r2, [sp, #8]
1000055c:	465a      	mov	r2, fp
1000055e:	4688      	mov	r8, r1
10000560:	4baf      	ldr	r3, [pc, #700]	@ (10000820 <alarm_pool_irq_handler+0x2e8>)
10000562:	601a      	str	r2, [r3, #0]
10000564:	4baf      	ldr	r3, [pc, #700]	@ (10000824 <alarm_pool_irq_handler+0x2ec>)
10000566:	9303      	str	r3, [sp, #12]
10000568:	465b      	mov	r3, fp
1000056a:	48af      	ldr	r0, [pc, #700]	@ (10000828 <alarm_pool_irq_handler+0x2f0>)
1000056c:	6343      	str	r3, [r0, #52]	@ 0x34
1000056e:	2308      	movs	r3, #8
10000570:	5efe      	ldrsh	r6, [r7, r3]
10000572:	2e00      	cmp	r6, #0
10000574:	da37      	bge.n	100005e6 <alarm_pool_irq_handler+0xae>
10000576:	88bb      	ldrh	r3, [r7, #4]
10000578:	b21b      	sxth	r3, r3
1000057a:	2b00      	cmp	r3, #0
1000057c:	db00      	blt.n	10000580 <alarm_pool_irq_handler+0x48>
1000057e:	e0a4      	b.n	100006ca <alarm_pool_irq_handler+0x192>
10000580:	79bb      	ldrb	r3, [r7, #6]
10000582:	2b00      	cmp	r3, #0
10000584:	d000      	beq.n	10000588 <alarm_pool_irq_handler+0x50>
10000586:	e0e5      	b.n	10000754 <alarm_pool_irq_handler+0x21c>
10000588:	2308      	movs	r3, #8
1000058a:	5ef9      	ldrsh	r1, [r7, r3]
1000058c:	2900      	cmp	r1, #0
1000058e:	db20      	blt.n	100005d2 <alarm_pool_irq_handler+0x9a>
10000590:	004b      	lsls	r3, r1, #1
10000592:	697a      	ldr	r2, [r7, #20]
10000594:	185b      	adds	r3, r3, r1
10000596:	00db      	lsls	r3, r3, #3
10000598:	18d3      	adds	r3, r2, r3
1000059a:	689d      	ldr	r5, [r3, #8]
1000059c:	68dc      	ldr	r4, [r3, #12]
1000059e:	1c6b      	adds	r3, r5, #1
100005a0:	d100      	bne.n	100005a4 <alarm_pool_irq_handler+0x6c>
100005a2:	e104      	b.n	100007ae <alarm_pool_irq_handler+0x276>
100005a4:	48a0      	ldr	r0, [pc, #640]	@ (10000828 <alarm_pool_irq_handler+0x2f0>)
100005a6:	0001      	movs	r1, r0
100005a8:	4441      	add	r1, r8
100005aa:	6a82      	ldr	r2, [r0, #40]	@ 0x28
100005ac:	690b      	ldr	r3, [r1, #16]
100005ae:	1aae      	subs	r6, r5, r2
100005b0:	1a9b      	subs	r3, r3, r2
100005b2:	429e      	cmp	r6, r3
100005b4:	d315      	bcc.n	100005e2 <alarm_pool_irq_handler+0xaa>
100005b6:	2301      	movs	r3, #1
100005b8:	6a02      	ldr	r2, [r0, #32]
100005ba:	9802      	ldr	r0, [sp, #8]
100005bc:	4083      	lsls	r3, r0
100005be:	421a      	tst	r2, r3
100005c0:	d00f      	beq.n	100005e2 <alarm_pool_irq_handler+0xaa>
100005c2:	4899      	ldr	r0, [pc, #612]	@ (10000828 <alarm_pool_irq_handler+0x2f0>)
100005c4:	f000 fad6 	bl	10000b74 <timer_time_us_64>
100005c8:	428c      	cmp	r4, r1
100005ca:	dc02      	bgt.n	100005d2 <alarm_pool_irq_handler+0x9a>
100005cc:	d1cc      	bne.n	10000568 <alarm_pool_irq_handler+0x30>
100005ce:	4285      	cmp	r5, r0
100005d0:	d9ca      	bls.n	10000568 <alarm_pool_irq_handler+0x30>
100005d2:	bf40      	sev
100005d4:	b005      	add	sp, #20
100005d6:	bcf0      	pop	{r4, r5, r6, r7}
100005d8:	46bb      	mov	fp, r7
100005da:	46b2      	mov	sl, r6
100005dc:	46a9      	mov	r9, r5
100005de:	46a0      	mov	r8, r4
100005e0:	bdf0      	pop	{r4, r5, r6, r7, pc}
100005e2:	610d      	str	r5, [r1, #16]
100005e4:	e7ed      	b.n	100005c2 <alarm_pool_irq_handler+0x8a>
100005e6:	697a      	ldr	r2, [r7, #20]
100005e8:	0073      	lsls	r3, r6, #1
100005ea:	4691      	mov	r9, r2
100005ec:	199b      	adds	r3, r3, r6
100005ee:	00db      	lsls	r3, r3, #3
100005f0:	4499      	add	r9, r3
100005f2:	464b      	mov	r3, r9
100005f4:	689c      	ldr	r4, [r3, #8]
100005f6:	68dd      	ldr	r5, [r3, #12]
100005f8:	f000 fabc 	bl	10000b74 <timer_time_us_64>
100005fc:	428d      	cmp	r5, r1
100005fe:	dcba      	bgt.n	10000576 <alarm_pool_irq_handler+0x3e>
10000600:	d100      	bne.n	10000604 <alarm_pool_irq_handler+0xcc>
10000602:	e0f6      	b.n	100007f2 <alarm_pool_irq_handler+0x2ba>
10000604:	2d00      	cmp	r5, #0
10000606:	da00      	bge.n	1000060a <alarm_pool_irq_handler+0xd2>
10000608:	e0db      	b.n	100007c2 <alarm_pool_irq_handler+0x28a>
1000060a:	464a      	mov	r2, r9
1000060c:	464b      	mov	r3, r9
1000060e:	6952      	ldr	r2, [r2, #20]
10000610:	691b      	ldr	r3, [r3, #16]
10000612:	4692      	mov	sl, r2
10000614:	9a03      	ldr	r2, [sp, #12]
10000616:	4293      	cmp	r3, r2
10000618:	d100      	bne.n	1000061c <alarm_pool_irq_handler+0xe4>
1000061a:	e0cc      	b.n	100007b6 <alarm_pool_irq_handler+0x27e>
1000061c:	464a      	mov	r2, r9
1000061e:	2108      	movs	r1, #8
10000620:	5e78      	ldrsh	r0, [r7, r1]
10000622:	8852      	ldrh	r2, [r2, #2]
10000624:	0400      	lsls	r0, r0, #16
10000626:	4651      	mov	r1, sl
10000628:	4310      	orrs	r0, r2
1000062a:	4798      	blx	r3
1000062c:	9000      	str	r0, [sp, #0]
1000062e:	9101      	str	r1, [sp, #4]
10000630:	9900      	ldr	r1, [sp, #0]
10000632:	9a01      	ldr	r2, [sp, #4]
10000634:	000b      	movs	r3, r1
10000636:	4313      	orrs	r3, r2
10000638:	d100      	bne.n	1000063c <alarm_pool_irq_handler+0x104>
1000063a:	e0c2      	b.n	100007c2 <alarm_pool_irq_handler+0x28a>
1000063c:	0013      	movs	r3, r2
1000063e:	000a      	movs	r2, r1
10000640:	2b00      	cmp	r3, #0
10000642:	db00      	blt.n	10000646 <alarm_pool_irq_handler+0x10e>
10000644:	e0d9      	b.n	100007fa <alarm_pool_irq_handler+0x2c2>
10000646:	0020      	movs	r0, r4
10000648:	0029      	movs	r1, r5
1000064a:	1a80      	subs	r0, r0, r2
1000064c:	4199      	sbcs	r1, r3
1000064e:	464b      	mov	r3, r9
10000650:	6098      	str	r0, [r3, #8]
10000652:	60d9      	str	r1, [r3, #12]
10000654:	2200      	movs	r2, #0
10000656:	5e9b      	ldrsh	r3, [r3, r2]
10000658:	2b00      	cmp	r3, #0
1000065a:	da00      	bge.n	1000065e <alarm_pool_irq_handler+0x126>
1000065c:	e78b      	b.n	10000576 <alarm_pool_irq_handler+0x3e>
1000065e:	005d      	lsls	r5, r3, #1
10000660:	697c      	ldr	r4, [r7, #20]
10000662:	18ea      	adds	r2, r5, r3
10000664:	00d2      	lsls	r2, r2, #3
10000666:	18a2      	adds	r2, r4, r2
10000668:	9400      	str	r4, [sp, #0]
1000066a:	6894      	ldr	r4, [r2, #8]
1000066c:	68d2      	ldr	r2, [r2, #12]
1000066e:	46a2      	mov	sl, r4
10000670:	428a      	cmp	r2, r1
10000672:	dd00      	ble.n	10000676 <alarm_pool_irq_handler+0x13e>
10000674:	e77f      	b.n	10000576 <alarm_pool_irq_handler+0x3e>
10000676:	d102      	bne.n	1000067e <alarm_pool_irq_handler+0x146>
10000678:	4284      	cmp	r4, r0
1000067a:	d900      	bls.n	1000067e <alarm_pool_irq_handler+0x146>
1000067c:	e77b      	b.n	10000576 <alarm_pool_irq_handler+0x3e>
1000067e:	2408      	movs	r4, #8
10000680:	46a4      	mov	ip, r4
10000682:	813b      	strh	r3, [r7, #8]
10000684:	44bc      	add	ip, r7
10000686:	9c00      	ldr	r4, [sp, #0]
10000688:	9700      	str	r7, [sp, #0]
1000068a:	002f      	movs	r7, r5
1000068c:	4665      	mov	r5, ip
1000068e:	46b4      	mov	ip, r6
10000690:	003e      	movs	r6, r7
10000692:	e006      	b.n	100006a2 <alarm_pool_irq_handler+0x16a>
10000694:	005e      	lsls	r6, r3, #1
10000696:	18f2      	adds	r2, r6, r3
10000698:	00d2      	lsls	r2, r2, #3
1000069a:	18a2      	adds	r2, r4, r2
1000069c:	6897      	ldr	r7, [r2, #8]
1000069e:	68d2      	ldr	r2, [r2, #12]
100006a0:	46ba      	mov	sl, r7
100006a2:	428a      	cmp	r2, r1
100006a4:	dc07      	bgt.n	100006b6 <alarm_pool_irq_handler+0x17e>
100006a6:	d100      	bne.n	100006aa <alarm_pool_irq_handler+0x172>
100006a8:	e0b4      	b.n	10000814 <alarm_pool_irq_handler+0x2dc>
100006aa:	18f3      	adds	r3, r6, r3
100006ac:	00db      	lsls	r3, r3, #3
100006ae:	18e5      	adds	r5, r4, r3
100006b0:	5ee3      	ldrsh	r3, [r4, r3]
100006b2:	2b00      	cmp	r3, #0
100006b4:	daee      	bge.n	10000694 <alarm_pool_irq_handler+0x15c>
100006b6:	4666      	mov	r6, ip
100006b8:	464a      	mov	r2, r9
100006ba:	9f00      	ldr	r7, [sp, #0]
100006bc:	8013      	strh	r3, [r2, #0]
100006be:	802e      	strh	r6, [r5, #0]
100006c0:	88bb      	ldrh	r3, [r7, #4]
100006c2:	b21b      	sxth	r3, r3
100006c4:	2b00      	cmp	r3, #0
100006c6:	da00      	bge.n	100006ca <alarm_pool_irq_handler+0x192>
100006c8:	e75a      	b.n	10000580 <alarm_pool_irq_handler+0x48>
100006ca:	693a      	ldr	r2, [r7, #16]
100006cc:	f3ef 8110 	mrs	r1, PRIMASK
100006d0:	b672      	cpsid	i
100006d2:	6813      	ldr	r3, [r2, #0]
100006d4:	2b00      	cmp	r3, #0
100006d6:	d0fc      	beq.n	100006d2 <alarm_pool_irq_handler+0x19a>
100006d8:	f3bf 8f5f 	dmb	sy
100006dc:	2301      	movs	r3, #1
100006de:	88be      	ldrh	r6, [r7, #4]
100006e0:	425b      	negs	r3, r3
100006e2:	80bb      	strh	r3, [r7, #4]
100006e4:	b236      	sxth	r6, r6
100006e6:	693b      	ldr	r3, [r7, #16]
100006e8:	f3bf 8f5f 	dmb	sy
100006ec:	2200      	movs	r2, #0
100006ee:	601a      	str	r2, [r3, #0]
100006f0:	f381 8810 	msr	PRIMASK, r1
100006f4:	2e00      	cmp	r6, #0
100006f6:	da00      	bge.n	100006fa <alarm_pool_irq_handler+0x1c2>
100006f8:	e742      	b.n	10000580 <alarm_pool_irq_handler+0x48>
100006fa:	003b      	movs	r3, r7
100006fc:	3308      	adds	r3, #8
100006fe:	003a      	movs	r2, r7
10000700:	4699      	mov	r9, r3
10000702:	697d      	ldr	r5, [r7, #20]
10000704:	0073      	lsls	r3, r6, #1
10000706:	199b      	adds	r3, r3, r6
10000708:	2408      	movs	r4, #8
1000070a:	5f11      	ldrsh	r1, [r2, r4]
1000070c:	00db      	lsls	r3, r3, #3
1000070e:	4648      	mov	r0, r9
10000710:	18eb      	adds	r3, r5, r3
10000712:	2900      	cmp	r1, #0
10000714:	db13      	blt.n	1000073e <alarm_pool_irq_handler+0x206>
10000716:	689c      	ldr	r4, [r3, #8]
10000718:	9300      	str	r3, [sp, #0]
1000071a:	46a4      	mov	ip, r4
1000071c:	68dc      	ldr	r4, [r3, #12]
1000071e:	e006      	b.n	1000072e <alarm_pool_irq_handler+0x1f6>
10000720:	42a3      	cmp	r3, r4
10000722:	d040      	beq.n	100007a6 <alarm_pool_irq_handler+0x26e>
10000724:	2300      	movs	r3, #0
10000726:	5ef9      	ldrsh	r1, [r7, r3]
10000728:	0038      	movs	r0, r7
1000072a:	2900      	cmp	r1, #0
1000072c:	db06      	blt.n	1000073c <alarm_pool_irq_handler+0x204>
1000072e:	004f      	lsls	r7, r1, #1
10000730:	187f      	adds	r7, r7, r1
10000732:	00ff      	lsls	r7, r7, #3
10000734:	19ef      	adds	r7, r5, r7
10000736:	68fb      	ldr	r3, [r7, #12]
10000738:	42a3      	cmp	r3, r4
1000073a:	ddf1      	ble.n	10000720 <alarm_pool_irq_handler+0x1e8>
1000073c:	9b00      	ldr	r3, [sp, #0]
1000073e:	8006      	strh	r6, [r0, #0]
10000740:	2000      	movs	r0, #0
10000742:	5e1e      	ldrsh	r6, [r3, r0]
10000744:	8019      	strh	r1, [r3, #0]
10000746:	2e00      	cmp	r6, #0
10000748:	dadc      	bge.n	10000704 <alarm_pool_irq_handler+0x1cc>
1000074a:	0017      	movs	r7, r2
1000074c:	79bb      	ldrb	r3, [r7, #6]
1000074e:	2b00      	cmp	r3, #0
10000750:	d100      	bne.n	10000754 <alarm_pool_irq_handler+0x21c>
10000752:	e719      	b.n	10000588 <alarm_pool_irq_handler+0x50>
10000754:	2300      	movs	r3, #0
10000756:	71bb      	strb	r3, [r7, #6]
10000758:	2308      	movs	r3, #8
1000075a:	5ef9      	ldrsh	r1, [r7, r3]
1000075c:	1c4b      	adds	r3, r1, #1
1000075e:	d100      	bne.n	10000762 <alarm_pool_irq_handler+0x22a>
10000760:	e737      	b.n	100005d2 <alarm_pool_irq_handler+0x9a>
10000762:	003d      	movs	r5, r7
10000764:	3508      	adds	r5, #8
10000766:	46ac      	mov	ip, r5
10000768:	697c      	ldr	r4, [r7, #20]
1000076a:	e003      	b.n	10000774 <alarm_pool_irq_handler+0x23c>
1000076c:	4684      	mov	ip, r0
1000076e:	1c4b      	adds	r3, r1, #1
10000770:	d100      	bne.n	10000774 <alarm_pool_irq_handler+0x23c>
10000772:	e709      	b.n	10000588 <alarm_pool_irq_handler+0x50>
10000774:	004b      	lsls	r3, r1, #1
10000776:	185b      	adds	r3, r3, r1
10000778:	00db      	lsls	r3, r3, #3
1000077a:	18e0      	adds	r0, r4, r3
1000077c:	000a      	movs	r2, r1
1000077e:	5ee1      	ldrsh	r1, [r4, r3]
10000780:	8843      	ldrh	r3, [r0, #2]
10000782:	b21b      	sxth	r3, r3
10000784:	2b00      	cmp	r3, #0
10000786:	daf1      	bge.n	1000076c <alarm_pool_irq_handler+0x234>
10000788:	2501      	movs	r5, #1
1000078a:	426d      	negs	r5, r5
1000078c:	17ee      	asrs	r6, r5, #31
1000078e:	6085      	str	r5, [r0, #8]
10000790:	60c6      	str	r6, [r0, #12]
10000792:	2508      	movs	r5, #8
10000794:	5f7b      	ldrsh	r3, [r7, r5]
10000796:	4293      	cmp	r3, r2
10000798:	d0e9      	beq.n	1000076e <alarm_pool_irq_handler+0x236>
1000079a:	4663      	mov	r3, ip
1000079c:	8019      	strh	r1, [r3, #0]
1000079e:	893b      	ldrh	r3, [r7, #8]
100007a0:	8003      	strh	r3, [r0, #0]
100007a2:	813a      	strh	r2, [r7, #8]
100007a4:	e7e3      	b.n	1000076e <alarm_pool_irq_handler+0x236>
100007a6:	68bb      	ldr	r3, [r7, #8]
100007a8:	4563      	cmp	r3, ip
100007aa:	d9bb      	bls.n	10000724 <alarm_pool_irq_handler+0x1ec>
100007ac:	e7c6      	b.n	1000073c <alarm_pool_irq_handler+0x204>
100007ae:	1c63      	adds	r3, r4, #1
100007b0:	d000      	beq.n	100007b4 <alarm_pool_irq_handler+0x27c>
100007b2:	e6f7      	b.n	100005a4 <alarm_pool_irq_handler+0x6c>
100007b4:	e705      	b.n	100005c2 <alarm_pool_irq_handler+0x8a>
100007b6:	4653      	mov	r3, sl
100007b8:	4650      	mov	r0, sl
100007ba:	691b      	ldr	r3, [r3, #16]
100007bc:	4798      	blx	r3
100007be:	2800      	cmp	r0, #0
100007c0:	d123      	bne.n	1000080a <alarm_pool_irq_handler+0x2d2>
100007c2:	464b      	mov	r3, r9
100007c4:	881b      	ldrh	r3, [r3, #0]
100007c6:	693a      	ldr	r2, [r7, #16]
100007c8:	813b      	strh	r3, [r7, #8]
100007ca:	f3ef 8310 	mrs	r3, PRIMASK
100007ce:	b672      	cpsid	i
100007d0:	6811      	ldr	r1, [r2, #0]
100007d2:	2900      	cmp	r1, #0
100007d4:	d0fc      	beq.n	100007d0 <alarm_pool_irq_handler+0x298>
100007d6:	f3bf 8f5f 	dmb	sy
100007da:	4649      	mov	r1, r9
100007dc:	887a      	ldrh	r2, [r7, #2]
100007de:	800a      	strh	r2, [r1, #0]
100007e0:	693a      	ldr	r2, [r7, #16]
100007e2:	807e      	strh	r6, [r7, #2]
100007e4:	f3bf 8f5f 	dmb	sy
100007e8:	2100      	movs	r1, #0
100007ea:	6011      	str	r1, [r2, #0]
100007ec:	f383 8810 	msr	PRIMASK, r3
100007f0:	e6c1      	b.n	10000576 <alarm_pool_irq_handler+0x3e>
100007f2:	4284      	cmp	r4, r0
100007f4:	d800      	bhi.n	100007f8 <alarm_pool_irq_handler+0x2c0>
100007f6:	e705      	b.n	10000604 <alarm_pool_irq_handler+0xcc>
100007f8:	e6bd      	b.n	10000576 <alarm_pool_irq_handler+0x3e>
100007fa:	480b      	ldr	r0, [pc, #44]	@ (10000828 <alarm_pool_irq_handler+0x2f0>)
100007fc:	f000 f9ba 	bl	10000b74 <timer_time_us_64>
10000800:	9b00      	ldr	r3, [sp, #0]
10000802:	9c01      	ldr	r4, [sp, #4]
10000804:	18c0      	adds	r0, r0, r3
10000806:	4161      	adcs	r1, r4
10000808:	e721      	b.n	1000064e <alarm_pool_irq_handler+0x116>
1000080a:	4653      	mov	r3, sl
1000080c:	cb0c      	ldmia	r3, {r2, r3}
1000080e:	9200      	str	r2, [sp, #0]
10000810:	9301      	str	r3, [sp, #4]
10000812:	e70d      	b.n	10000630 <alarm_pool_irq_handler+0xf8>
10000814:	4582      	cmp	sl, r0
10000816:	d800      	bhi.n	1000081a <alarm_pool_irq_handler+0x2e2>
10000818:	e747      	b.n	100006aa <alarm_pool_irq_handler+0x172>
1000081a:	e74c      	b.n	100006b6 <alarm_pool_irq_handler+0x17e>
1000081c:	200005e0 	.word	0x200005e0
10000820:	4005703c 	.word	0x4005703c
10000824:	10000539 	.word	0x10000539
10000828:	40054000 	.word	0x40054000

1000082c <runtime_init_default_alarm_pool>:
1000082c:	b570      	push	{r4, r5, r6, lr}
1000082e:	4c2d      	ldr	r4, [pc, #180]	@ (100008e4 <runtime_init_default_alarm_pool+0xb8>)
10000830:	6925      	ldr	r5, [r4, #16]
10000832:	2d00      	cmp	r5, #0
10000834:	d004      	beq.n	10000840 <runtime_init_default_alarm_pool+0x14>
10000836:	210a      	movs	r1, #10
10000838:	482b      	ldr	r0, [pc, #172]	@ (100008e8 <runtime_init_default_alarm_pool+0xbc>)
1000083a:	f7ff fe35 	bl	100004a8 <lock_init>
1000083e:	bd70      	pop	{r4, r5, r6, pc}
10000840:	4e2a      	ldr	r6, [pc, #168]	@ (100008ec <runtime_init_default_alarm_pool+0xc0>)
10000842:	2103      	movs	r1, #3
10000844:	4829      	ldr	r0, [pc, #164]	@ (100008ec <runtime_init_default_alarm_pool+0xc0>)
10000846:	f000 f98b 	bl	10000b60 <timer_hardware_alarm_claim>
1000084a:	60e6      	str	r6, [r4, #12]
1000084c:	f7ff fdb2 	bl	100003b4 <next_striped_spin_lock_num>
10000850:	4b27      	ldr	r3, [pc, #156]	@ (100008f0 <runtime_init_default_alarm_pool+0xc4>)
10000852:	2203      	movs	r2, #3
10000854:	18c0      	adds	r0, r0, r3
10000856:	23d0      	movs	r3, #208	@ 0xd0
10000858:	7022      	strb	r2, [r4, #0]
1000085a:	061b      	lsls	r3, r3, #24
1000085c:	681b      	ldr	r3, [r3, #0]
1000085e:	2101      	movs	r1, #1
10000860:	7063      	strb	r3, [r4, #1]
10000862:	4b24      	ldr	r3, [pc, #144]	@ (100008f4 <runtime_init_default_alarm_pool+0xc8>)
10000864:	0080      	lsls	r0, r0, #2
10000866:	60a3      	str	r3, [r4, #8]
10000868:	230f      	movs	r3, #15
1000086a:	6120      	str	r0, [r4, #16]
1000086c:	2002      	movs	r0, #2
1000086e:	8063      	strh	r3, [r4, #2]
10000870:	6963      	ldr	r3, [r4, #20]
10000872:	4249      	negs	r1, r1
10000874:	80a1      	strh	r1, [r4, #4]
10000876:	8019      	strh	r1, [r3, #0]
10000878:	3102      	adds	r1, #2
1000087a:	8619      	strh	r1, [r3, #48]	@ 0x30
1000087c:	3147      	adds	r1, #71	@ 0x47
1000087e:	831d      	strh	r5, [r3, #24]
10000880:	5258      	strh	r0, [r3, r1]
10000882:	3118      	adds	r1, #24
10000884:	525a      	strh	r2, [r3, r1]
10000886:	3275      	adds	r2, #117	@ 0x75
10000888:	395c      	subs	r1, #92	@ 0x5c
1000088a:	5299      	strh	r1, [r3, r2]
1000088c:	3218      	adds	r2, #24
1000088e:	3101      	adds	r1, #1
10000890:	5299      	strh	r1, [r3, r2]
10000892:	3218      	adds	r2, #24
10000894:	3101      	adds	r1, #1
10000896:	5299      	strh	r1, [r3, r2]
10000898:	3218      	adds	r2, #24
1000089a:	3101      	adds	r1, #1
1000089c:	5299      	strh	r1, [r3, r2]
1000089e:	3508      	adds	r5, #8
100008a0:	3218      	adds	r2, #24
100008a2:	529d      	strh	r5, [r3, r2]
100008a4:	3102      	adds	r1, #2
100008a6:	3218      	adds	r2, #24
100008a8:	5299      	strh	r1, [r3, r2]
100008aa:	3218      	adds	r2, #24
100008ac:	3101      	adds	r1, #1
100008ae:	5299      	strh	r1, [r3, r2]
100008b0:	3218      	adds	r2, #24
100008b2:	3101      	adds	r1, #1
100008b4:	5299      	strh	r1, [r3, r2]
100008b6:	3218      	adds	r2, #24
100008b8:	3101      	adds	r1, #1
100008ba:	5299      	strh	r1, [r3, r2]
100008bc:	3218      	adds	r2, #24
100008be:	3101      	adds	r1, #1
100008c0:	5299      	strh	r1, [r3, r2]
100008c2:	3218      	adds	r2, #24
100008c4:	3101      	adds	r1, #1
100008c6:	5299      	strh	r1, [r3, r2]
100008c8:	4b0b      	ldr	r3, [pc, #44]	@ (100008f8 <runtime_init_default_alarm_pool+0xcc>)
100008ca:	490c      	ldr	r1, [pc, #48]	@ (100008fc <runtime_init_default_alarm_pool+0xd0>)
100008cc:	60dc      	str	r4, [r3, #12]
100008ce:	3001      	adds	r0, #1
100008d0:	6235      	str	r5, [r6, #32]
100008d2:	f7ff fdbf 	bl	10000454 <irq_set_exclusive_handler>
100008d6:	2101      	movs	r1, #1
100008d8:	2003      	movs	r0, #3
100008da:	f7ff fda9 	bl	10000430 <irq_set_enabled>
100008de:	4b08      	ldr	r3, [pc, #32]	@ (10000900 <runtime_init_default_alarm_pool+0xd4>)
100008e0:	601d      	str	r5, [r3, #0]
100008e2:	e7a8      	b.n	10000836 <runtime_init_default_alarm_pool+0xa>
100008e4:	200001e8 	.word	0x200001e8
100008e8:	200005f4 	.word	0x200005f4
100008ec:	40054000 	.word	0x40054000
100008f0:	34000040 	.word	0x34000040
100008f4:	0010ffff 	.word	0x0010ffff
100008f8:	200005e0 	.word	0x200005e0
100008fc:	10000539 	.word	0x10000539
10000900:	40056038 	.word	0x40056038

10000904 <alarm_pool_add_alarm_at_force_in_context>:
10000904:	b570      	push	{r4, r5, r6, lr}
10000906:	b082      	sub	sp, #8
10000908:	9200      	str	r2, [sp, #0]
1000090a:	9301      	str	r3, [sp, #4]
1000090c:	0001      	movs	r1, r0
1000090e:	6902      	ldr	r2, [r0, #16]
10000910:	f3ef 8410 	mrs	r4, PRIMASK
10000914:	b672      	cpsid	i
10000916:	6813      	ldr	r3, [r2, #0]
10000918:	2b00      	cmp	r3, #0
1000091a:	d0fc      	beq.n	10000916 <alarm_pool_add_alarm_at_force_in_context+0x12>
1000091c:	f3bf 8f5f 	dmb	sy
10000920:	2302      	movs	r3, #2
10000922:	5ec8      	ldrsh	r0, [r1, r3]
10000924:	690d      	ldr	r5, [r1, #16]
10000926:	2800      	cmp	r0, #0
10000928:	db3f      	blt.n	100009aa <alarm_pool_add_alarm_at_force_in_context+0xa6>
1000092a:	694a      	ldr	r2, [r1, #20]
1000092c:	0043      	lsls	r3, r0, #1
1000092e:	0016      	movs	r6, r2
10000930:	181b      	adds	r3, r3, r0
10000932:	00db      	lsls	r3, r3, #3
10000934:	18d2      	adds	r2, r2, r3
10000936:	5af3      	ldrh	r3, [r6, r3]
10000938:	804b      	strh	r3, [r1, #2]
1000093a:	f3bf 8f5f 	dmb	sy
1000093e:	2300      	movs	r3, #0
10000940:	602b      	str	r3, [r5, #0]
10000942:	f384 8810 	msr	PRIMASK, r4
10000946:	9b06      	ldr	r3, [sp, #24]
10000948:	6113      	str	r3, [r2, #16]
1000094a:	9b07      	ldr	r3, [sp, #28]
1000094c:	6153      	str	r3, [r2, #20]
1000094e:	9b00      	ldr	r3, [sp, #0]
10000950:	9c01      	ldr	r4, [sp, #4]
10000952:	6093      	str	r3, [r2, #8]
10000954:	60d4      	str	r4, [r2, #12]
10000956:	8853      	ldrh	r3, [r2, #2]
10000958:	3301      	adds	r3, #1
1000095a:	045b      	lsls	r3, r3, #17
1000095c:	0c5b      	lsrs	r3, r3, #17
1000095e:	1c1d      	adds	r5, r3, #0
10000960:	2b00      	cmp	r3, #0
10000962:	d020      	beq.n	100009a6 <alarm_pool_add_alarm_at_force_in_context+0xa2>
10000964:	b2ac      	uxth	r4, r5
10000966:	0403      	lsls	r3, r0, #16
10000968:	8055      	strh	r5, [r2, #2]
1000096a:	4323      	orrs	r3, r4
1000096c:	690d      	ldr	r5, [r1, #16]
1000096e:	f3ef 8c10 	mrs	ip, PRIMASK
10000972:	b672      	cpsid	i
10000974:	682c      	ldr	r4, [r5, #0]
10000976:	2c00      	cmp	r4, #0
10000978:	d0fc      	beq.n	10000974 <alarm_pool_add_alarm_at_force_in_context+0x70>
1000097a:	f3bf 8f5f 	dmb	sy
1000097e:	888c      	ldrh	r4, [r1, #4]
10000980:	8014      	strh	r4, [r2, #0]
10000982:	8088      	strh	r0, [r1, #4]
10000984:	690a      	ldr	r2, [r1, #16]
10000986:	f3bf 8f5f 	dmb	sy
1000098a:	2000      	movs	r0, #0
1000098c:	6010      	str	r0, [r2, #0]
1000098e:	f38c 8810 	msr	PRIMASK, ip
10000992:	780a      	ldrb	r2, [r1, #0]
10000994:	3001      	adds	r0, #1
10000996:	4090      	lsls	r0, r2
10000998:	68ca      	ldr	r2, [r1, #12]
1000099a:	4908      	ldr	r1, [pc, #32]	@ (100009bc <alarm_pool_add_alarm_at_force_in_context+0xb8>)
1000099c:	1852      	adds	r2, r2, r1
1000099e:	6010      	str	r0, [r2, #0]
100009a0:	0018      	movs	r0, r3
100009a2:	b002      	add	sp, #8
100009a4:	bd70      	pop	{r4, r5, r6, pc}
100009a6:	2501      	movs	r5, #1
100009a8:	e7dc      	b.n	10000964 <alarm_pool_add_alarm_at_force_in_context+0x60>
100009aa:	f3bf 8f5f 	dmb	sy
100009ae:	2300      	movs	r3, #0
100009b0:	602b      	str	r3, [r5, #0]
100009b2:	f384 8810 	msr	PRIMASK, r4
100009b6:	3b01      	subs	r3, #1
100009b8:	e7f2      	b.n	100009a0 <alarm_pool_add_alarm_at_force_in_context+0x9c>
100009ba:	46c0      	nop			@ (mov r8, r8)
100009bc:	0000203c 	.word	0x0000203c

100009c0 <alarm_pool_cancel_alarm>:
100009c0:	b510      	push	{r4, lr}
100009c2:	8943      	ldrh	r3, [r0, #10]
100009c4:	140a      	asrs	r2, r1, #16
100009c6:	4293      	cmp	r3, r2
100009c8:	dd1a      	ble.n	10000a00 <alarm_pool_cancel_alarm+0x40>
100009ca:	0053      	lsls	r3, r2, #1
100009cc:	189b      	adds	r3, r3, r2
100009ce:	6942      	ldr	r2, [r0, #20]
100009d0:	00db      	lsls	r3, r3, #3
100009d2:	18d3      	adds	r3, r2, r3
100009d4:	6904      	ldr	r4, [r0, #16]
100009d6:	f3ef 8c10 	mrs	ip, PRIMASK
100009da:	b672      	cpsid	i
100009dc:	6822      	ldr	r2, [r4, #0]
100009de:	2a00      	cmp	r2, #0
100009e0:	d0fc      	beq.n	100009dc <alarm_pool_cancel_alarm+0x1c>
100009e2:	f3bf 8f5f 	dmb	sy
100009e6:	885a      	ldrh	r2, [r3, #2]
100009e8:	0409      	lsls	r1, r1, #16
100009ea:	b294      	uxth	r4, r2
100009ec:	0c09      	lsrs	r1, r1, #16
100009ee:	428a      	cmp	r2, r1
100009f0:	d008      	beq.n	10000a04 <alarm_pool_cancel_alarm+0x44>
100009f2:	6903      	ldr	r3, [r0, #16]
100009f4:	f3bf 8f5f 	dmb	sy
100009f8:	2200      	movs	r2, #0
100009fa:	601a      	str	r2, [r3, #0]
100009fc:	f38c 8810 	msr	PRIMASK, ip
10000a00:	2000      	movs	r0, #0
10000a02:	bd10      	pop	{r4, pc}
10000a04:	4a09      	ldr	r2, [pc, #36]	@ (10000a2c <alarm_pool_cancel_alarm+0x6c>)
10000a06:	4322      	orrs	r2, r4
10000a08:	805a      	strh	r2, [r3, #2]
10000a0a:	2301      	movs	r3, #1
10000a0c:	6902      	ldr	r2, [r0, #16]
10000a0e:	7183      	strb	r3, [r0, #6]
10000a10:	f3bf 8f5f 	dmb	sy
10000a14:	2100      	movs	r1, #0
10000a16:	6011      	str	r1, [r2, #0]
10000a18:	f38c 8810 	msr	PRIMASK, ip
10000a1c:	7802      	ldrb	r2, [r0, #0]
10000a1e:	4904      	ldr	r1, [pc, #16]	@ (10000a30 <alarm_pool_cancel_alarm+0x70>)
10000a20:	4093      	lsls	r3, r2
10000a22:	68c2      	ldr	r2, [r0, #12]
10000a24:	2001      	movs	r0, #1
10000a26:	1852      	adds	r2, r2, r1
10000a28:	6013      	str	r3, [r2, #0]
10000a2a:	e7ea      	b.n	10000a02 <alarm_pool_cancel_alarm+0x42>
10000a2c:	ffff8000 	.word	0xffff8000
10000a30:	0000203c 	.word	0x0000203c

10000a34 <best_effort_wfe_or_timeout>:
10000a34:	b5f0      	push	{r4, r5, r6, r7, lr}
10000a36:	46ce      	mov	lr, r9
10000a38:	4647      	mov	r7, r8
10000a3a:	b580      	push	{r7, lr}
10000a3c:	0004      	movs	r4, r0
10000a3e:	000d      	movs	r5, r1
10000a40:	b085      	sub	sp, #20
10000a42:	f3ef 8305 	mrs	r3, IPSR
10000a46:	4689      	mov	r9, r1
10000a48:	2b00      	cmp	r3, #0
10000a4a:	d132      	bne.n	10000ab2 <best_effort_wfe_or_timeout+0x7e>
10000a4c:	4e40      	ldr	r6, [pc, #256]	@ (10000b50 <best_effort_wfe_or_timeout+0x11c>)
10000a4e:	6833      	ldr	r3, [r6, #0]
10000a50:	4283      	cmp	r3, r0
10000a52:	d02a      	beq.n	10000aaa <best_effort_wfe_or_timeout+0x76>
10000a54:	4f3f      	ldr	r7, [pc, #252]	@ (10000b54 <best_effort_wfe_or_timeout+0x120>)
10000a56:	68fb      	ldr	r3, [r7, #12]
10000a58:	783a      	ldrb	r2, [r7, #0]
10000a5a:	4698      	mov	r8, r3
10000a5c:	0018      	movs	r0, r3
10000a5e:	9203      	str	r2, [sp, #12]
10000a60:	f000 f888 	bl	10000b74 <timer_time_us_64>
10000a64:	9a03      	ldr	r2, [sp, #12]
10000a66:	1d13      	adds	r3, r2, #4
10000a68:	4642      	mov	r2, r8
10000a6a:	009b      	lsls	r3, r3, #2
10000a6c:	589b      	ldr	r3, [r3, r2]
10000a6e:	0022      	movs	r2, r4
10000a70:	1a1b      	subs	r3, r3, r0
10000a72:	469c      	mov	ip, r3
10000a74:	002b      	movs	r3, r5
10000a76:	1a12      	subs	r2, r2, r0
10000a78:	418b      	sbcs	r3, r1
10000a7a:	0019      	movs	r1, r3
10000a7c:	2300      	movs	r3, #0
10000a7e:	0010      	movs	r0, r2
10000a80:	428b      	cmp	r3, r1
10000a82:	dc25      	bgt.n	10000ad0 <best_effort_wfe_or_timeout+0x9c>
10000a84:	d022      	beq.n	10000acc <best_effort_wfe_or_timeout+0x98>
10000a86:	bf20      	wfe
10000a88:	4b33      	ldr	r3, [pc, #204]	@ (10000b58 <best_effort_wfe_or_timeout+0x124>)
10000a8a:	6a58      	ldr	r0, [r3, #36]	@ 0x24
10000a8c:	4548      	cmp	r0, r9
10000a8e:	d32b      	bcc.n	10000ae8 <best_effort_wfe_or_timeout+0xb4>
10000a90:	1b40      	subs	r0, r0, r5
10000a92:	6a9a      	ldr	r2, [r3, #40]	@ 0x28
10000a94:	1e43      	subs	r3, r0, #1
10000a96:	4198      	sbcs	r0, r3
10000a98:	2300      	movs	r3, #0
10000a9a:	42a2      	cmp	r2, r4
10000a9c:	415b      	adcs	r3, r3
10000a9e:	4318      	orrs	r0, r3
10000aa0:	b005      	add	sp, #20
10000aa2:	bcc0      	pop	{r6, r7}
10000aa4:	46b9      	mov	r9, r7
10000aa6:	46b0      	mov	r8, r6
10000aa8:	bdf0      	pop	{r4, r5, r6, r7, pc}
10000aaa:	6873      	ldr	r3, [r6, #4]
10000aac:	428b      	cmp	r3, r1
10000aae:	d1d1      	bne.n	10000a54 <best_effort_wfe_or_timeout+0x20>
10000ab0:	e7e9      	b.n	10000a86 <best_effort_wfe_or_timeout+0x52>
10000ab2:	4929      	ldr	r1, [pc, #164]	@ (10000b58 <best_effort_wfe_or_timeout+0x124>)
10000ab4:	2000      	movs	r0, #0
10000ab6:	6a4b      	ldr	r3, [r1, #36]	@ 0x24
10000ab8:	42ab      	cmp	r3, r5
10000aba:	d3f1      	bcc.n	10000aa0 <best_effort_wfe_or_timeout+0x6c>
10000abc:	6a8a      	ldr	r2, [r1, #40]	@ 0x28
10000abe:	1b5b      	subs	r3, r3, r5
10000ac0:	1e59      	subs	r1, r3, #1
10000ac2:	418b      	sbcs	r3, r1
10000ac4:	42a2      	cmp	r2, r4
10000ac6:	4140      	adcs	r0, r0
10000ac8:	4318      	orrs	r0, r3
10000aca:	e7e9      	b.n	10000aa0 <best_effort_wfe_or_timeout+0x6c>
10000acc:	4584      	cmp	ip, r0
10000ace:	d9da      	bls.n	10000a86 <best_effort_wfe_or_timeout+0x52>
10000ad0:	f000 f858 	bl	10000b84 <time_us_64>
10000ad4:	0022      	movs	r2, r4
10000ad6:	002b      	movs	r3, r5
10000ad8:	1a12      	subs	r2, r2, r0
10000ada:	418b      	sbcs	r3, r1
10000adc:	2b00      	cmp	r3, #0
10000ade:	da05      	bge.n	10000aec <best_effort_wfe_or_timeout+0xb8>
10000ae0:	4a1d      	ldr	r2, [pc, #116]	@ (10000b58 <best_effort_wfe_or_timeout+0x124>)
10000ae2:	6a53      	ldr	r3, [r2, #36]	@ 0x24
10000ae4:	454b      	cmp	r3, r9
10000ae6:	d229      	bcs.n	10000b3c <best_effort_wfe_or_timeout+0x108>
10000ae8:	2000      	movs	r0, #0
10000aea:	e7d9      	b.n	10000aa0 <best_effort_wfe_or_timeout+0x6c>
10000aec:	2300      	movs	r3, #0
10000aee:	9301      	str	r3, [sp, #4]
10000af0:	4b1a      	ldr	r3, [pc, #104]	@ (10000b5c <best_effort_wfe_or_timeout+0x128>)
10000af2:	0022      	movs	r2, r4
10000af4:	9300      	str	r3, [sp, #0]
10000af6:	0038      	movs	r0, r7
10000af8:	002b      	movs	r3, r5
10000afa:	f7ff ff03 	bl	10000904 <alarm_pool_add_alarm_at_force_in_context>
10000afe:	2800      	cmp	r0, #0
10000b00:	ddee      	ble.n	10000ae0 <best_effort_wfe_or_timeout+0xac>
10000b02:	4b15      	ldr	r3, [pc, #84]	@ (10000b58 <best_effort_wfe_or_timeout+0x124>)
10000b04:	c630      	stmia	r6!, {r4, r5}
10000b06:	6a5a      	ldr	r2, [r3, #36]	@ 0x24
10000b08:	454a      	cmp	r2, r9
10000b0a:	d315      	bcc.n	10000b38 <best_effort_wfe_or_timeout+0x104>
10000b0c:	6a9b      	ldr	r3, [r3, #40]	@ 0x28
10000b0e:	42a3      	cmp	r3, r4
10000b10:	d310      	bcc.n	10000b34 <best_effort_wfe_or_timeout+0x100>
10000b12:	0001      	movs	r1, r0
10000b14:	0038      	movs	r0, r7
10000b16:	f7ff ff53 	bl	100009c0 <alarm_pool_cancel_alarm>
10000b1a:	4a0f      	ldr	r2, [pc, #60]	@ (10000b58 <best_effort_wfe_or_timeout+0x124>)
10000b1c:	2000      	movs	r0, #0
10000b1e:	6a53      	ldr	r3, [r2, #36]	@ 0x24
10000b20:	454b      	cmp	r3, r9
10000b22:	d3bd      	bcc.n	10000aa0 <best_effort_wfe_or_timeout+0x6c>
10000b24:	6a92      	ldr	r2, [r2, #40]	@ 0x28
10000b26:	1b5b      	subs	r3, r3, r5
10000b28:	1e59      	subs	r1, r3, #1
10000b2a:	418b      	sbcs	r3, r1
10000b2c:	42a2      	cmp	r2, r4
10000b2e:	4140      	adcs	r0, r0
10000b30:	4318      	orrs	r0, r3
10000b32:	e7b5      	b.n	10000aa0 <best_effort_wfe_or_timeout+0x6c>
10000b34:	454a      	cmp	r2, r9
10000b36:	d1ec      	bne.n	10000b12 <best_effort_wfe_or_timeout+0xde>
10000b38:	bf20      	wfe
10000b3a:	e7ea      	b.n	10000b12 <best_effort_wfe_or_timeout+0xde>
10000b3c:	2000      	movs	r0, #0
10000b3e:	6a92      	ldr	r2, [r2, #40]	@ 0x28
10000b40:	1b5b      	subs	r3, r3, r5
10000b42:	42a2      	cmp	r2, r4
10000b44:	4140      	adcs	r0, r0
10000b46:	1e5a      	subs	r2, r3, #1
10000b48:	4193      	sbcs	r3, r2
10000b4a:	4318      	orrs	r0, r3
10000b4c:	e7a8      	b.n	10000aa0 <best_effort_wfe_or_timeout+0x6c>
10000b4e:	46c0      	nop			@ (mov r8, r8)
10000b50:	200001e0 	.word	0x200001e0
10000b54:	200001e8 	.word	0x200001e8
10000b58:	40054000 	.word	0x40054000
10000b5c:	10000509 	.word	0x10000509

10000b60 <timer_hardware_alarm_claim>:
10000b60:	b510      	push	{r4, lr}
10000b62:	4a02      	ldr	r2, [pc, #8]	@ (10000b6c <timer_hardware_alarm_claim+0xc>)
10000b64:	4802      	ldr	r0, [pc, #8]	@ (10000b70 <timer_hardware_alarm_claim+0x10>)
10000b66:	f7ff fbfd 	bl	10000364 <hw_claim_or_assert>
10000b6a:	bd10      	pop	{r4, pc}
10000b6c:	1000169c 	.word	0x1000169c
10000b70:	200005a8 	.word	0x200005a8

10000b74 <timer_time_us_64>:
10000b74:	0003      	movs	r3, r0
10000b76:	6a41      	ldr	r1, [r0, #36]	@ 0x24
10000b78:	000a      	movs	r2, r1
10000b7a:	6a98      	ldr	r0, [r3, #40]	@ 0x28
10000b7c:	6a59      	ldr	r1, [r3, #36]	@ 0x24
10000b7e:	428a      	cmp	r2, r1
10000b80:	d1fa      	bne.n	10000b78 <timer_time_us_64+0x4>
10000b82:	4770      	bx	lr

10000b84 <time_us_64>:
10000b84:	4b03      	ldr	r3, [pc, #12]	@ (10000b94 <time_us_64+0x10>)
10000b86:	6a59      	ldr	r1, [r3, #36]	@ 0x24
10000b88:	000a      	movs	r2, r1
10000b8a:	6a98      	ldr	r0, [r3, #40]	@ 0x28
10000b8c:	6a59      	ldr	r1, [r3, #36]	@ 0x24
10000b8e:	4291      	cmp	r1, r2
10000b90:	d1fa      	bne.n	10000b88 <time_us_64+0x4>
10000b92:	4770      	bx	lr
10000b94:	40054000 	.word	0x40054000

10000b98 <clock_configure_int_divider>:
10000b98:	b5f8      	push	{r3, r4, r5, r6, r7, lr}
10000b9a:	46de      	mov	lr, fp
10000b9c:	464e      	mov	r6, r9
10000b9e:	4645      	mov	r5, r8
10000ba0:	4657      	mov	r7, sl
10000ba2:	b5e0      	push	{r5, r6, r7, lr}
10000ba4:	0005      	movs	r5, r0
10000ba6:	468b      	mov	fp, r1
10000ba8:	0018      	movs	r0, r3
10000baa:	990a      	ldr	r1, [sp, #40]	@ 0x28
10000bac:	4691      	mov	r9, r2
10000bae:	f000 fab1 	bl	10001114 <__wrap___aeabi_uidiv>
10000bb2:	9b0a      	ldr	r3, [sp, #40]	@ 0x28
10000bb4:	006c      	lsls	r4, r5, #1
10000bb6:	021e      	lsls	r6, r3, #8
10000bb8:	1964      	adds	r4, r4, r5
10000bba:	4b30      	ldr	r3, [pc, #192]	@ (10000c7c <clock_configure_int_divider+0xe4>)
10000bbc:	00a4      	lsls	r4, r4, #2
10000bbe:	18e4      	adds	r4, r4, r3
10000bc0:	6863      	ldr	r3, [r4, #4]
10000bc2:	4680      	mov	r8, r0
10000bc4:	429e      	cmp	r6, r3
10000bc6:	d900      	bls.n	10000bca <clock_configure_int_divider+0x32>
10000bc8:	6066      	str	r6, [r4, #4]
10000bca:	1f2f      	subs	r7, r5, #4
10000bcc:	b2fb      	uxtb	r3, r7
10000bce:	469a      	mov	sl, r3
10000bd0:	2b01      	cmp	r3, #1
10000bd2:	d92f      	bls.n	10000c34 <clock_configure_int_divider+0x9c>
10000bd4:	23c0      	movs	r3, #192	@ 0xc0
10000bd6:	2280      	movs	r2, #128	@ 0x80
10000bd8:	4f29      	ldr	r7, [pc, #164]	@ (10000c80 <clock_configure_int_divider+0xe8>)
10000bda:	00ad      	lsls	r5, r5, #2
10000bdc:	019b      	lsls	r3, r3, #6
10000bde:	5979      	ldr	r1, [r7, r5]
10000be0:	0112      	lsls	r2, r2, #4
10000be2:	18e3      	adds	r3, r4, r3
10000be4:	601a      	str	r2, [r3, #0]
10000be6:	2900      	cmp	r1, #0
10000be8:	d11b      	bne.n	10000c22 <clock_configure_int_divider+0x8a>
10000bea:	464b      	mov	r3, r9
10000bec:	6822      	ldr	r2, [r4, #0]
10000bee:	015b      	lsls	r3, r3, #5
10000bf0:	4053      	eors	r3, r2
10000bf2:	22e0      	movs	r2, #224	@ 0xe0
10000bf4:	4013      	ands	r3, r2
10000bf6:	2280      	movs	r2, #128	@ 0x80
10000bf8:	0152      	lsls	r2, r2, #5
10000bfa:	18a2      	adds	r2, r4, r2
10000bfc:	6013      	str	r3, [r2, #0]
10000bfe:	4653      	mov	r3, sl
10000c00:	2b01      	cmp	r3, #1
10000c02:	d92f      	bls.n	10000c64 <clock_configure_int_divider+0xcc>
10000c04:	2380      	movs	r3, #128	@ 0x80
10000c06:	2280      	movs	r2, #128	@ 0x80
10000c08:	019b      	lsls	r3, r3, #6
10000c0a:	18e3      	adds	r3, r4, r3
10000c0c:	0112      	lsls	r2, r2, #4
10000c0e:	601a      	str	r2, [r3, #0]
10000c10:	4643      	mov	r3, r8
10000c12:	6066      	str	r6, [r4, #4]
10000c14:	517b      	str	r3, [r7, r5]
10000c16:	bcf0      	pop	{r4, r5, r6, r7}
10000c18:	46bb      	mov	fp, r7
10000c1a:	46b2      	mov	sl, r6
10000c1c:	46a9      	mov	r9, r5
10000c1e:	46a0      	mov	r8, r4
10000c20:	bdf8      	pop	{r3, r4, r5, r6, r7, pc}
10000c22:	6978      	ldr	r0, [r7, #20]
10000c24:	f000 fa76 	bl	10001114 <__wrap___aeabi_uidiv>
10000c28:	3001      	adds	r0, #1
10000c2a:	0043      	lsls	r3, r0, #1
10000c2c:	181b      	adds	r3, r3, r0
10000c2e:	3b03      	subs	r3, #3
10000c30:	d2fd      	bcs.n	10000c2e <clock_configure_int_divider+0x96>
10000c32:	e7da      	b.n	10000bea <clock_configure_int_divider+0x52>
10000c34:	465b      	mov	r3, fp
10000c36:	2b01      	cmp	r3, #1
10000c38:	d1cc      	bne.n	10000bd4 <clock_configure_int_divider+0x3c>
10000c3a:	23c0      	movs	r3, #192	@ 0xc0
10000c3c:	2203      	movs	r2, #3
10000c3e:	019b      	lsls	r3, r3, #6
10000c40:	18e3      	adds	r3, r4, r3
10000c42:	601a      	str	r2, [r3, #0]
10000c44:	3a02      	subs	r2, #2
10000c46:	68a3      	ldr	r3, [r4, #8]
10000c48:	421a      	tst	r2, r3
10000c4a:	d0fc      	beq.n	10000c46 <clock_configure_int_divider+0xae>
10000c4c:	464a      	mov	r2, r9
10000c4e:	6823      	ldr	r3, [r4, #0]
10000c50:	0152      	lsls	r2, r2, #5
10000c52:	405a      	eors	r2, r3
10000c54:	23e0      	movs	r3, #224	@ 0xe0
10000c56:	4013      	ands	r3, r2
10000c58:	2280      	movs	r2, #128	@ 0x80
10000c5a:	0152      	lsls	r2, r2, #5
10000c5c:	18a2      	adds	r2, r4, r2
10000c5e:	4f08      	ldr	r7, [pc, #32]	@ (10000c80 <clock_configure_int_divider+0xe8>)
10000c60:	6013      	str	r3, [r2, #0]
10000c62:	00ad      	lsls	r5, r5, #2
10000c64:	4658      	mov	r0, fp
10000c66:	2303      	movs	r3, #3
10000c68:	6821      	ldr	r1, [r4, #0]
10000c6a:	4041      	eors	r1, r0
10000c6c:	400b      	ands	r3, r1
10000c6e:	6013      	str	r3, [r2, #0]
10000c70:	2201      	movs	r2, #1
10000c72:	4082      	lsls	r2, r0
10000c74:	68a3      	ldr	r3, [r4, #8]
10000c76:	421a      	tst	r2, r3
10000c78:	d0fc      	beq.n	10000c74 <clock_configure_int_divider+0xdc>
10000c7a:	e7c3      	b.n	10000c04 <clock_configure_int_divider+0x6c>
10000c7c:	40008000 	.word	0x40008000
10000c80:	200005ac 	.word	0x200005ac

10000c84 <clock_configure_undivided>:
10000c84:	b5f0      	push	{r4, r5, r6, r7, lr}
10000c86:	46d6      	mov	lr, sl
10000c88:	464f      	mov	r7, r9
10000c8a:	4646      	mov	r6, r8
10000c8c:	0044      	lsls	r4, r0, #1
10000c8e:	4698      	mov	r8, r3
10000c90:	1824      	adds	r4, r4, r0
10000c92:	4b32      	ldr	r3, [pc, #200]	@ (10000d5c <clock_configure_undivided+0xd8>)
10000c94:	00a4      	lsls	r4, r4, #2
10000c96:	18e4      	adds	r4, r4, r3
10000c98:	6863      	ldr	r3, [r4, #4]
10000c9a:	468a      	mov	sl, r1
10000c9c:	4691      	mov	r9, r2
10000c9e:	b5c0      	push	{r6, r7, lr}
10000ca0:	2bff      	cmp	r3, #255	@ 0xff
10000ca2:	d802      	bhi.n	10000caa <clock_configure_undivided+0x26>
10000ca4:	2380      	movs	r3, #128	@ 0x80
10000ca6:	005b      	lsls	r3, r3, #1
10000ca8:	6063      	str	r3, [r4, #4]
10000caa:	1f06      	subs	r6, r0, #4
10000cac:	b2f6      	uxtb	r6, r6
10000cae:	2e01      	cmp	r6, #1
10000cb0:	d92f      	bls.n	10000d12 <clock_configure_undivided+0x8e>
10000cb2:	23c0      	movs	r3, #192	@ 0xc0
10000cb4:	2280      	movs	r2, #128	@ 0x80
10000cb6:	4f2a      	ldr	r7, [pc, #168]	@ (10000d60 <clock_configure_undivided+0xdc>)
10000cb8:	0085      	lsls	r5, r0, #2
10000cba:	019b      	lsls	r3, r3, #6
10000cbc:	5979      	ldr	r1, [r7, r5]
10000cbe:	0112      	lsls	r2, r2, #4
10000cc0:	18e3      	adds	r3, r4, r3
10000cc2:	601a      	str	r2, [r3, #0]
10000cc4:	2900      	cmp	r1, #0
10000cc6:	d11b      	bne.n	10000d00 <clock_configure_undivided+0x7c>
10000cc8:	464b      	mov	r3, r9
10000cca:	6822      	ldr	r2, [r4, #0]
10000ccc:	015b      	lsls	r3, r3, #5
10000cce:	4053      	eors	r3, r2
10000cd0:	22e0      	movs	r2, #224	@ 0xe0
10000cd2:	4013      	ands	r3, r2
10000cd4:	2280      	movs	r2, #128	@ 0x80
10000cd6:	0152      	lsls	r2, r2, #5
10000cd8:	18a2      	adds	r2, r4, r2
10000cda:	6013      	str	r3, [r2, #0]
10000cdc:	2e01      	cmp	r6, #1
10000cde:	d930      	bls.n	10000d42 <clock_configure_undivided+0xbe>
10000ce0:	2380      	movs	r3, #128	@ 0x80
10000ce2:	2280      	movs	r2, #128	@ 0x80
10000ce4:	019b      	lsls	r3, r3, #6
10000ce6:	18e3      	adds	r3, r4, r3
10000ce8:	0112      	lsls	r2, r2, #4
10000cea:	601a      	str	r2, [r3, #0]
10000cec:	2380      	movs	r3, #128	@ 0x80
10000cee:	005b      	lsls	r3, r3, #1
10000cf0:	6063      	str	r3, [r4, #4]
10000cf2:	4643      	mov	r3, r8
10000cf4:	517b      	str	r3, [r7, r5]
10000cf6:	bce0      	pop	{r5, r6, r7}
10000cf8:	46ba      	mov	sl, r7
10000cfa:	46b1      	mov	r9, r6
10000cfc:	46a8      	mov	r8, r5
10000cfe:	bdf0      	pop	{r4, r5, r6, r7, pc}
10000d00:	6978      	ldr	r0, [r7, #20]
10000d02:	f000 fa07 	bl	10001114 <__wrap___aeabi_uidiv>
10000d06:	3001      	adds	r0, #1
10000d08:	0043      	lsls	r3, r0, #1
10000d0a:	181b      	adds	r3, r3, r0
10000d0c:	3b03      	subs	r3, #3
10000d0e:	d2fd      	bcs.n	10000d0c <clock_configure_undivided+0x88>
10000d10:	e7da      	b.n	10000cc8 <clock_configure_undivided+0x44>
10000d12:	4653      	mov	r3, sl
10000d14:	2b01      	cmp	r3, #1
10000d16:	d1cc      	bne.n	10000cb2 <clock_configure_undivided+0x2e>
10000d18:	23c0      	movs	r3, #192	@ 0xc0
10000d1a:	2203      	movs	r2, #3
10000d1c:	019b      	lsls	r3, r3, #6
10000d1e:	18e3      	adds	r3, r4, r3
10000d20:	601a      	str	r2, [r3, #0]
10000d22:	3a02      	subs	r2, #2
10000d24:	68a3      	ldr	r3, [r4, #8]
10000d26:	421a      	tst	r2, r3
10000d28:	d0fc      	beq.n	10000d24 <clock_configure_undivided+0xa0>
10000d2a:	464a      	mov	r2, r9
10000d2c:	6823      	ldr	r3, [r4, #0]
10000d2e:	0152      	lsls	r2, r2, #5
10000d30:	405a      	eors	r2, r3
10000d32:	23e0      	movs	r3, #224	@ 0xe0
10000d34:	4013      	ands	r3, r2
10000d36:	2280      	movs	r2, #128	@ 0x80
10000d38:	0152      	lsls	r2, r2, #5
10000d3a:	18a2      	adds	r2, r4, r2
10000d3c:	4f08      	ldr	r7, [pc, #32]	@ (10000d60 <clock_configure_undivided+0xdc>)
10000d3e:	6013      	str	r3, [r2, #0]
10000d40:	0085      	lsls	r5, r0, #2
10000d42:	4650      	mov	r0, sl
10000d44:	2303      	movs	r3, #3
10000d46:	6821      	ldr	r1, [r4, #0]
10000d48:	4041      	eors	r1, r0
10000d4a:	400b      	ands	r3, r1
10000d4c:	6013      	str	r3, [r2, #0]
10000d4e:	2201      	movs	r2, #1
10000d50:	4082      	lsls	r2, r0
10000d52:	68a3      	ldr	r3, [r4, #8]
10000d54:	421a      	tst	r2, r3
10000d56:	d0fc      	beq.n	10000d52 <clock_configure_undivided+0xce>
10000d58:	e7c2      	b.n	10000ce0 <clock_configure_undivided+0x5c>
10000d5a:	46c0      	nop			@ (mov r8, r8)
10000d5c:	40008000 	.word	0x40008000
10000d60:	200005ac 	.word	0x200005ac

10000d64 <clock_get_hz>:
10000d64:	4b01      	ldr	r3, [pc, #4]	@ (10000d6c <clock_get_hz+0x8>)
10000d66:	0080      	lsls	r0, r0, #2
10000d68:	58c0      	ldr	r0, [r0, r3]
10000d6a:	4770      	bx	lr
10000d6c:	200005ac 	.word	0x200005ac

10000d70 <pll_init>:
10000d70:	b5f0      	push	{r4, r5, r6, r7, lr}
10000d72:	46c6      	mov	lr, r8
10000d74:	0004      	movs	r4, r0
10000d76:	b500      	push	{lr}
10000d78:	4823      	ldr	r0, [pc, #140]	@ (10000e08 <pll_init+0x98>)
10000d7a:	0016      	movs	r6, r2
10000d7c:	4698      	mov	r8, r3
10000d7e:	000d      	movs	r5, r1
10000d80:	f000 f9c8 	bl	10001114 <__wrap___aeabi_uidiv>
10000d84:	0001      	movs	r1, r0
10000d86:	0030      	movs	r0, r6
10000d88:	f000 f9c4 	bl	10001114 <__wrap___aeabi_uidiv>
10000d8c:	4643      	mov	r3, r8
10000d8e:	9a06      	ldr	r2, [sp, #24]
10000d90:	041b      	lsls	r3, r3, #16
10000d92:	0312      	lsls	r2, r2, #12
10000d94:	4313      	orrs	r3, r2
10000d96:	469c      	mov	ip, r3
10000d98:	6823      	ldr	r3, [r4, #0]
10000d9a:	0006      	movs	r6, r0
10000d9c:	2b00      	cmp	r3, #0
10000d9e:	db22      	blt.n	10000de6 <pll_init+0x76>
10000da0:	4b1a      	ldr	r3, [pc, #104]	@ (10000e0c <pll_init+0x9c>)
10000da2:	481b      	ldr	r0, [pc, #108]	@ (10000e10 <pll_init+0xa0>)
10000da4:	18e2      	adds	r2, r4, r3
10000da6:	1e53      	subs	r3, r2, #1
10000da8:	419a      	sbcs	r2, r3
10000daa:	2380      	movs	r3, #128	@ 0x80
10000dac:	4252      	negs	r2, r2
10000dae:	0b12      	lsrs	r2, r2, #12
10000db0:	019b      	lsls	r3, r3, #6
10000db2:	0312      	lsls	r2, r2, #12
10000db4:	18d2      	adds	r2, r2, r3
10000db6:	4b17      	ldr	r3, [pc, #92]	@ (10000e14 <pll_init+0xa4>)
10000db8:	601a      	str	r2, [r3, #0]
10000dba:	4b17      	ldr	r3, [pc, #92]	@ (10000e18 <pll_init+0xa8>)
10000dbc:	601a      	str	r2, [r3, #0]
10000dbe:	0013      	movs	r3, r2
10000dc0:	6801      	ldr	r1, [r0, #0]
10000dc2:	438b      	bics	r3, r1
10000dc4:	d1fb      	bne.n	10000dbe <pll_init+0x4e>
10000dc6:	2221      	movs	r2, #33	@ 0x21
10000dc8:	4b14      	ldr	r3, [pc, #80]	@ (10000e1c <pll_init+0xac>)
10000dca:	6025      	str	r5, [r4, #0]
10000dcc:	18e3      	adds	r3, r4, r3
10000dce:	60a6      	str	r6, [r4, #8]
10000dd0:	601a      	str	r2, [r3, #0]
10000dd2:	6822      	ldr	r2, [r4, #0]
10000dd4:	2a00      	cmp	r2, #0
10000dd6:	dafc      	bge.n	10000dd2 <pll_init+0x62>
10000dd8:	4662      	mov	r2, ip
10000dda:	60e2      	str	r2, [r4, #12]
10000ddc:	2208      	movs	r2, #8
10000dde:	601a      	str	r2, [r3, #0]
10000de0:	bc80      	pop	{r7}
10000de2:	46b8      	mov	r8, r7
10000de4:	bdf0      	pop	{r4, r5, r6, r7, pc}
10000de6:	233f      	movs	r3, #63	@ 0x3f
10000de8:	6822      	ldr	r2, [r4, #0]
10000dea:	4013      	ands	r3, r2
10000dec:	42ab      	cmp	r3, r5
10000dee:	d1d7      	bne.n	10000da0 <pll_init+0x30>
10000df0:	68a3      	ldr	r3, [r4, #8]
10000df2:	051b      	lsls	r3, r3, #20
10000df4:	0d1b      	lsrs	r3, r3, #20
10000df6:	4283      	cmp	r3, r0
10000df8:	d1d2      	bne.n	10000da0 <pll_init+0x30>
10000dfa:	22ee      	movs	r2, #238	@ 0xee
10000dfc:	68e3      	ldr	r3, [r4, #12]
10000dfe:	02d2      	lsls	r2, r2, #11
10000e00:	4013      	ands	r3, r2
10000e02:	4563      	cmp	r3, ip
10000e04:	d1cc      	bne.n	10000da0 <pll_init+0x30>
10000e06:	e7eb      	b.n	10000de0 <pll_init+0x70>
10000e08:	00b71b00 	.word	0x00b71b00
10000e0c:	bffd4000 	.word	0xbffd4000
10000e10:	4000c008 	.word	0x4000c008
10000e14:	4000e000 	.word	0x4000e000
10000e18:	4000f000 	.word	0x4000f000
10000e1c:	00003004 	.word	0x00003004

10000e20 <tick_start>:
10000e20:	2380      	movs	r3, #128	@ 0x80
10000e22:	4a02      	ldr	r2, [pc, #8]	@ (10000e2c <tick_start+0xc>)
10000e24:	009b      	lsls	r3, r3, #2
10000e26:	430b      	orrs	r3, r1
10000e28:	62d3      	str	r3, [r2, #44]	@ 0x2c
10000e2a:	4770      	bx	lr
10000e2c:	40058000 	.word	0x40058000

10000e30 <rom_func_lookup>:
10000e30:	2300      	movs	r3, #0
10000e32:	b510      	push	{r4, lr}
10000e34:	0001      	movs	r1, r0
10000e36:	8a98      	ldrh	r0, [r3, #20]
10000e38:	8b1b      	ldrh	r3, [r3, #24]
10000e3a:	4798      	blx	r3
10000e3c:	bd10      	pop	{r4, pc}
10000e3e:	46c0      	nop			@ (mov r8, r8)

10000e40 <rom_data_lookup>:
10000e40:	2316      	movs	r3, #22
10000e42:	b510      	push	{r4, lr}
10000e44:	0001      	movs	r1, r0
10000e46:	8818      	ldrh	r0, [r3, #0]
10000e48:	885b      	ldrh	r3, [r3, #2]
10000e4a:	4798      	blx	r3
10000e4c:	bd10      	pop	{r4, pc}
10000e4e:	46c0      	nop			@ (mov r8, r8)

10000e50 <rom_funcs_lookup>:
10000e50:	b5f8      	push	{r3, r4, r5, r6, r7, lr}
10000e52:	4647      	mov	r7, r8
10000e54:	46ce      	mov	lr, r9
10000e56:	b580      	push	{r7, lr}
10000e58:	1e0f      	subs	r7, r1, #0
10000e5a:	d018      	beq.n	10000e8e <rom_funcs_lookup+0x3e>
10000e5c:	2314      	movs	r3, #20
10000e5e:	4699      	mov	r9, r3
10000e60:	3304      	adds	r3, #4
10000e62:	0004      	movs	r4, r0
10000e64:	2500      	movs	r5, #0
10000e66:	2601      	movs	r6, #1
10000e68:	4698      	mov	r8, r3
10000e6a:	464b      	mov	r3, r9
10000e6c:	8818      	ldrh	r0, [r3, #0]
10000e6e:	4643      	mov	r3, r8
10000e70:	6821      	ldr	r1, [r4, #0]
10000e72:	881b      	ldrh	r3, [r3, #0]
10000e74:	4798      	blx	r3
10000e76:	c401      	stmia	r4!, {r0}
10000e78:	1e43      	subs	r3, r0, #1
10000e7a:	4198      	sbcs	r0, r3
10000e7c:	3501      	adds	r5, #1
10000e7e:	4006      	ands	r6, r0
10000e80:	42af      	cmp	r7, r5
10000e82:	d1f2      	bne.n	10000e6a <rom_funcs_lookup+0x1a>
10000e84:	0030      	movs	r0, r6
10000e86:	bcc0      	pop	{r6, r7}
10000e88:	46b9      	mov	r9, r7
10000e8a:	46b0      	mov	r8, r6
10000e8c:	bdf8      	pop	{r3, r4, r5, r6, r7, pc}
10000e8e:	2601      	movs	r6, #1
10000e90:	e7f8      	b.n	10000e84 <rom_funcs_lookup+0x34>
10000e92:	46c0      	nop			@ (mov r8, r8)

10000e94 <xosc_init>:
10000e94:	23aa      	movs	r3, #170	@ 0xaa
10000e96:	4a06      	ldr	r2, [pc, #24]	@ (10000eb0 <xosc_init+0x1c>)
10000e98:	011b      	lsls	r3, r3, #4
10000e9a:	6013      	str	r3, [r2, #0]
10000e9c:	238d      	movs	r3, #141	@ 0x8d
10000e9e:	005b      	lsls	r3, r3, #1
10000ea0:	60d3      	str	r3, [r2, #12]
10000ea2:	4904      	ldr	r1, [pc, #16]	@ (10000eb4 <xosc_init+0x20>)
10000ea4:	4b04      	ldr	r3, [pc, #16]	@ (10000eb8 <xosc_init+0x24>)
10000ea6:	6019      	str	r1, [r3, #0]
10000ea8:	6853      	ldr	r3, [r2, #4]
10000eaa:	2b00      	cmp	r3, #0
10000eac:	dafc      	bge.n	10000ea8 <xosc_init+0x14>
10000eae:	4770      	bx	lr
10000eb0:	40024000 	.word	0x40024000
10000eb4:	00fab000 	.word	0x00fab000
10000eb8:	40026000 	.word	0x40026000

10000ebc <first_per_core_initializer>:
10000ebc:	4770      	bx	lr
10000ebe:	46c0      	nop			@ (mov r8, r8)

10000ec0 <hard_assertion_failure>:
10000ec0:	b510      	push	{r4, lr}
10000ec2:	4801      	ldr	r0, [pc, #4]	@ (10000ec8 <hard_assertion_failure+0x8>)
10000ec4:	f7ff fa36 	bl	10000334 <panic>
10000ec8:	100016c0 	.word	0x100016c0

10000ecc <runtime_run_initializers>:
10000ecc:	b570      	push	{r4, r5, r6, lr}
10000ece:	4d07      	ldr	r5, [pc, #28]	@ (10000eec <runtime_run_initializers+0x20>)
10000ed0:	4e07      	ldr	r6, [pc, #28]	@ (10000ef0 <runtime_run_initializers+0x24>)
10000ed2:	42b5      	cmp	r5, r6
10000ed4:	d209      	bcs.n	10000eea <runtime_run_initializers+0x1e>
10000ed6:	2400      	movs	r4, #0
10000ed8:	3e01      	subs	r6, #1
10000eda:	1b76      	subs	r6, r6, r5
10000edc:	08b6      	lsrs	r6, r6, #2
10000ede:	3601      	adds	r6, #1
10000ee0:	cd08      	ldmia	r5!, {r3}
10000ee2:	3401      	adds	r4, #1
10000ee4:	4798      	blx	r3
10000ee6:	42b4      	cmp	r4, r6
10000ee8:	d1fa      	bne.n	10000ee0 <runtime_run_initializers+0x14>
10000eea:	bd70      	pop	{r4, r5, r6, pc}
10000eec:	10001650 	.word	0x10001650
10000ef0:	1000168c 	.word	0x1000168c

10000ef4 <runtime_init_early_resets>:
10000ef4:	4b05      	ldr	r3, [pc, #20]	@ (10000f0c <runtime_init_early_resets+0x18>)
10000ef6:	4a06      	ldr	r2, [pc, #24]	@ (10000f10 <runtime_init_early_resets+0x1c>)
10000ef8:	4906      	ldr	r1, [pc, #24]	@ (10000f14 <runtime_init_early_resets+0x20>)
10000efa:	601a      	str	r2, [r3, #0]
10000efc:	4a06      	ldr	r2, [pc, #24]	@ (10000f18 <runtime_init_early_resets+0x24>)
10000efe:	4b07      	ldr	r3, [pc, #28]	@ (10000f1c <runtime_init_early_resets+0x28>)
10000f00:	601a      	str	r2, [r3, #0]
10000f02:	0010      	movs	r0, r2
10000f04:	680b      	ldr	r3, [r1, #0]
10000f06:	4398      	bics	r0, r3
10000f08:	d1fb      	bne.n	10000f02 <runtime_init_early_resets+0xe>
10000f0a:	4770      	bx	lr
10000f0c:	4000e000 	.word	0x4000e000
10000f10:	fefbcdbf 	.word	0xfefbcdbf
10000f14:	4000c008 	.word	0x4000c008
10000f18:	003c7ffe 	.word	0x003c7ffe
10000f1c:	4000f000 	.word	0x4000f000

10000f20 <runtime_init_usb_power_down>:
10000f20:	4b04      	ldr	r3, [pc, #16]	@ (10000f34 <runtime_init_usb_power_down+0x14>)
10000f22:	6cdb      	ldr	r3, [r3, #76]	@ 0x4c
10000f24:	2b00      	cmp	r3, #0
10000f26:	d103      	bne.n	10000f30 <runtime_init_usb_power_down+0x10>
10000f28:	2280      	movs	r2, #128	@ 0x80
10000f2a:	4b03      	ldr	r3, [pc, #12]	@ (10000f38 <runtime_init_usb_power_down+0x18>)
10000f2c:	02d2      	lsls	r2, r2, #11
10000f2e:	601a      	str	r2, [r3, #0]
10000f30:	4770      	bx	lr
10000f32:	46c0      	nop			@ (mov r8, r8)
10000f34:	50110000 	.word	0x50110000
10000f38:	5011204c 	.word	0x5011204c

10000f3c <runtime_init_post_clock_resets>:
10000f3c:	4a04      	ldr	r2, [pc, #16]	@ (10000f50 <runtime_init_post_clock_resets+0x14>)
10000f3e:	4b05      	ldr	r3, [pc, #20]	@ (10000f54 <runtime_init_post_clock_resets+0x18>)
10000f40:	601a      	str	r2, [r3, #0]
10000f42:	4a05      	ldr	r2, [pc, #20]	@ (10000f58 <runtime_init_post_clock_resets+0x1c>)
10000f44:	6813      	ldr	r3, [r2, #0]
10000f46:	01db      	lsls	r3, r3, #7
10000f48:	3380      	adds	r3, #128	@ 0x80
10000f4a:	d1fb      	bne.n	10000f44 <runtime_init_post_clock_resets+0x8>
10000f4c:	4770      	bx	lr
10000f4e:	46c0      	nop			@ (mov r8, r8)
10000f50:	01ffffff 	.word	0x01ffffff
10000f54:	4000f000 	.word	0x4000f000
10000f58:	4000c008 	.word	0x4000c008

10000f5c <runtime_init_rp2040_gpio_ie_disable>:
10000f5c:	2240      	movs	r2, #64	@ 0x40
10000f5e:	4b03      	ldr	r3, [pc, #12]	@ (10000f6c <runtime_init_rp2040_gpio_ie_disable+0x10>)
10000f60:	679a      	str	r2, [r3, #120]	@ 0x78
10000f62:	675a      	str	r2, [r3, #116]	@ 0x74
10000f64:	671a      	str	r2, [r3, #112]	@ 0x70
10000f66:	66da      	str	r2, [r3, #108]	@ 0x6c
10000f68:	4770      	bx	lr
10000f6a:	46c0      	nop			@ (mov r8, r8)
10000f6c:	4001f000 	.word	0x4001f000

10000f70 <runtime_init_spin_locks_reset>:
10000f70:	b510      	push	{r4, lr}
10000f72:	f7ff fa2b 	bl	100003cc <spin_locks_reset>
10000f76:	bd10      	pop	{r4, pc}

10000f78 <runtime_init_install_ram_vector_table>:
10000f78:	b570      	push	{r4, r5, r6, lr}
10000f7a:	4927      	ldr	r1, [pc, #156]	@ (10001018 <runtime_init_install_ram_vector_table+0xa0>)
10000f7c:	4e27      	ldr	r6, [pc, #156]	@ (1000101c <runtime_init_install_ram_vector_table+0xa4>)
10000f7e:	4d28      	ldr	r5, [pc, #160]	@ (10001020 <runtime_init_install_ram_vector_table+0xa8>)
10000f80:	1a76      	subs	r6, r6, r1
10000f82:	08b4      	lsrs	r4, r6, #2
10000f84:	0022      	movs	r2, r4
10000f86:	2c30      	cmp	r4, #48	@ 0x30
10000f88:	d900      	bls.n	10000f8c <runtime_init_install_ram_vector_table+0x14>
10000f8a:	2230      	movs	r2, #48	@ 0x30
10000f8c:	0028      	movs	r0, r5
10000f8e:	0092      	lsls	r2, r2, #2
10000f90:	f000 f9a0 	bl	100012d4 <__wrap___aeabi_memcpy>
10000f94:	2c2f      	cmp	r4, #47	@ 0x2f
10000f96:	d83b      	bhi.n	10001010 <runtime_init_install_ram_vector_table+0x98>
10000f98:	0023      	movs	r3, r4
10000f9a:	3b2a      	subs	r3, #42	@ 0x2a
10000f9c:	4a21      	ldr	r2, [pc, #132]	@ (10001024 <runtime_init_install_ram_vector_table+0xac>)
10000f9e:	2b05      	cmp	r3, #5
10000fa0:	d91b      	bls.n	10000fda <runtime_init_install_ram_vector_table+0x62>
10000fa2:	2030      	movs	r0, #48	@ 0x30
10000fa4:	19ae      	adds	r6, r5, r6
10000fa6:	0771      	lsls	r1, r6, #29
10000fa8:	1b00      	subs	r0, r0, r4
10000faa:	0026      	movs	r6, r4
10000fac:	0fcb      	lsrs	r3, r1, #31
10000fae:	2900      	cmp	r1, #0
10000fb0:	da02      	bge.n	10000fb8 <runtime_init_install_ram_vector_table+0x40>
10000fb2:	00a1      	lsls	r1, r4, #2
10000fb4:	506a      	str	r2, [r5, r1]
10000fb6:	1c66      	adds	r6, r4, #1
10000fb8:	1ac0      	subs	r0, r0, r3
10000fba:	18e3      	adds	r3, r4, r3
10000fbc:	009b      	lsls	r3, r3, #2
10000fbe:	0841      	lsrs	r1, r0, #1
10000fc0:	18eb      	adds	r3, r5, r3
10000fc2:	00c9      	lsls	r1, r1, #3
10000fc4:	18c9      	adds	r1, r1, r3
10000fc6:	601a      	str	r2, [r3, #0]
10000fc8:	605a      	str	r2, [r3, #4]
10000fca:	3308      	adds	r3, #8
10000fcc:	428b      	cmp	r3, r1
10000fce:	d1fa      	bne.n	10000fc6 <runtime_init_install_ram_vector_table+0x4e>
10000fd0:	2301      	movs	r3, #1
10000fd2:	4203      	tst	r3, r0
10000fd4:	d01c      	beq.n	10001010 <runtime_init_install_ram_vector_table+0x98>
10000fd6:	4398      	bics	r0, r3
10000fd8:	1984      	adds	r4, r0, r6
10000fda:	00a3      	lsls	r3, r4, #2
10000fdc:	50ea      	str	r2, [r5, r3]
10000fde:	1c63      	adds	r3, r4, #1
10000fe0:	2c2f      	cmp	r4, #47	@ 0x2f
10000fe2:	d015      	beq.n	10001010 <runtime_init_install_ram_vector_table+0x98>
10000fe4:	009b      	lsls	r3, r3, #2
10000fe6:	50ea      	str	r2, [r5, r3]
10000fe8:	1ca3      	adds	r3, r4, #2
10000fea:	2c2e      	cmp	r4, #46	@ 0x2e
10000fec:	d010      	beq.n	10001010 <runtime_init_install_ram_vector_table+0x98>
10000fee:	009b      	lsls	r3, r3, #2
10000ff0:	50ea      	str	r2, [r5, r3]
10000ff2:	1ce3      	adds	r3, r4, #3
10000ff4:	2c2d      	cmp	r4, #45	@ 0x2d
10000ff6:	d00b      	beq.n	10001010 <runtime_init_install_ram_vector_table+0x98>
10000ff8:	009b      	lsls	r3, r3, #2
10000ffa:	50ea      	str	r2, [r5, r3]
10000ffc:	1d23      	adds	r3, r4, #4
10000ffe:	2c2c      	cmp	r4, #44	@ 0x2c
10001000:	d006      	beq.n	10001010 <runtime_init_install_ram_vector_table+0x98>
10001002:	009b      	lsls	r3, r3, #2
10001004:	50ea      	str	r2, [r5, r3]
10001006:	1d63      	adds	r3, r4, #5
10001008:	2c2b      	cmp	r4, #43	@ 0x2b
1000100a:	d001      	beq.n	10001010 <runtime_init_install_ram_vector_table+0x98>
1000100c:	009b      	lsls	r3, r3, #2
1000100e:	50ea      	str	r2, [r5, r3]
10001010:	4b05      	ldr	r3, [pc, #20]	@ (10001028 <runtime_init_install_ram_vector_table+0xb0>)
10001012:	609d      	str	r5, [r3, #8]
10001014:	bd70      	pop	{r4, r5, r6, pc}
10001016:	46c0      	nop			@ (mov r8, r8)
10001018:	10000100 	.word	0x10000100
1000101c:	100001c0 	.word	0x100001c0
10001020:	20000000 	.word	0x20000000
10001024:	100001c1 	.word	0x100001c1
10001028:	e000ed00 	.word	0xe000ed00

1000102c <runtime_init_clocks>:
1000102c:	2300      	movs	r3, #0
1000102e:	b510      	push	{r4, lr}
10001030:	4c29      	ldr	r4, [pc, #164]	@ (100010d8 <runtime_init_clocks+0xac>)
10001032:	b082      	sub	sp, #8
10001034:	67a3      	str	r3, [r4, #120]	@ 0x78
10001036:	f7ff ff2d 	bl	10000e94 <xosc_init>
1000103a:	2201      	movs	r2, #1
1000103c:	4b27      	ldr	r3, [pc, #156]	@ (100010dc <runtime_init_clocks+0xb0>)
1000103e:	601a      	str	r2, [r3, #0]
10001040:	6c63      	ldr	r3, [r4, #68]	@ 0x44
10001042:	2b01      	cmp	r3, #1
10001044:	d1fc      	bne.n	10001040 <runtime_init_clocks+0x14>
10001046:	2203      	movs	r2, #3
10001048:	4b25      	ldr	r3, [pc, #148]	@ (100010e0 <runtime_init_clocks+0xb4>)
1000104a:	601a      	str	r2, [r3, #0]
1000104c:	4a22      	ldr	r2, [pc, #136]	@ (100010d8 <runtime_init_clocks+0xac>)
1000104e:	6b93      	ldr	r3, [r2, #56]	@ 0x38
10001050:	2b01      	cmp	r3, #1
10001052:	d1fc      	bne.n	1000104e <runtime_init_clocks+0x22>
10001054:	3301      	adds	r3, #1
10001056:	9300      	str	r3, [sp, #0]
10001058:	2101      	movs	r1, #1
1000105a:	4a22      	ldr	r2, [pc, #136]	@ (100010e4 <runtime_init_clocks+0xb8>)
1000105c:	4822      	ldr	r0, [pc, #136]	@ (100010e8 <runtime_init_clocks+0xbc>)
1000105e:	3304      	adds	r3, #4
10001060:	f7ff fe86 	bl	10000d70 <pll_init>
10001064:	2305      	movs	r3, #5
10001066:	2101      	movs	r1, #1
10001068:	9300      	str	r3, [sp, #0]
1000106a:	4a20      	ldr	r2, [pc, #128]	@ (100010ec <runtime_init_clocks+0xc0>)
1000106c:	4820      	ldr	r0, [pc, #128]	@ (100010f0 <runtime_init_clocks+0xc4>)
1000106e:	f7ff fe7f 	bl	10000d70 <pll_init>
10001072:	2200      	movs	r2, #0
10001074:	2102      	movs	r1, #2
10001076:	2004      	movs	r0, #4
10001078:	4b1e      	ldr	r3, [pc, #120]	@ (100010f4 <runtime_init_clocks+0xc8>)
1000107a:	f7ff fe03 	bl	10000c84 <clock_configure_undivided>
1000107e:	2200      	movs	r2, #0
10001080:	2101      	movs	r1, #1
10001082:	2005      	movs	r0, #5
10001084:	4b1c      	ldr	r3, [pc, #112]	@ (100010f8 <runtime_init_clocks+0xcc>)
10001086:	f7ff fdfd 	bl	10000c84 <clock_configure_undivided>
1000108a:	2200      	movs	r2, #0
1000108c:	2100      	movs	r1, #0
1000108e:	2007      	movs	r0, #7
10001090:	4b1a      	ldr	r3, [pc, #104]	@ (100010fc <runtime_init_clocks+0xd0>)
10001092:	f7ff fdf7 	bl	10000c84 <clock_configure_undivided>
10001096:	2200      	movs	r2, #0
10001098:	2100      	movs	r1, #0
1000109a:	2008      	movs	r0, #8
1000109c:	4b17      	ldr	r3, [pc, #92]	@ (100010fc <runtime_init_clocks+0xd0>)
1000109e:	f7ff fdf1 	bl	10000c84 <clock_configure_undivided>
100010a2:	2380      	movs	r3, #128	@ 0x80
100010a4:	00db      	lsls	r3, r3, #3
100010a6:	9300      	str	r3, [sp, #0]
100010a8:	2200      	movs	r2, #0
100010aa:	2100      	movs	r1, #0
100010ac:	2009      	movs	r0, #9
100010ae:	4b13      	ldr	r3, [pc, #76]	@ (100010fc <runtime_init_clocks+0xd0>)
100010b0:	f7ff fd72 	bl	10000b98 <clock_configure_int_divider>
100010b4:	2200      	movs	r2, #0
100010b6:	4b10      	ldr	r3, [pc, #64]	@ (100010f8 <runtime_init_clocks+0xcc>)
100010b8:	2100      	movs	r1, #0
100010ba:	2006      	movs	r0, #6
100010bc:	f7ff fde2 	bl	10000c84 <clock_configure_undivided>
100010c0:	2004      	movs	r0, #4
100010c2:	f7ff fe4f 	bl	10000d64 <clock_get_hz>
100010c6:	490e      	ldr	r1, [pc, #56]	@ (10001100 <runtime_init_clocks+0xd4>)
100010c8:	f000 f824 	bl	10001114 <__wrap___aeabi_uidiv>
100010cc:	0001      	movs	r1, r0
100010ce:	2000      	movs	r0, #0
100010d0:	f7ff fea6 	bl	10000e20 <tick_start>
100010d4:	b002      	add	sp, #8
100010d6:	bd10      	pop	{r4, pc}
100010d8:	40008000 	.word	0x40008000
100010dc:	4000b03c 	.word	0x4000b03c
100010e0:	4000b030 	.word	0x4000b030
100010e4:	59682f00 	.word	0x59682f00
100010e8:	40028000 	.word	0x40028000
100010ec:	47868c00 	.word	0x47868c00
100010f0:	4002c000 	.word	0x4002c000
100010f4:	00b71b00 	.word	0x00b71b00
100010f8:	07735940 	.word	0x07735940
100010fc:	02dc6c00 	.word	0x02dc6c00
10001100:	000f4240 	.word	0x000f4240

10001104 <__aeabi_bits_init>:
10001104:	4801      	ldr	r0, [pc, #4]	@ (1000110c <__aeabi_bits_init+0x8>)
10001106:	2104      	movs	r1, #4
10001108:	4b01      	ldr	r3, [pc, #4]	@ (10001110 <__aeabi_bits_init+0xc>)
1000110a:	4718      	bx	r3
1000110c:	20000200 	.word	0x20000200
10001110:	10000e51 	.word	0x10000e51

10001114 <__wrap___aeabi_uidiv>:
10001114:	4a11      	ldr	r2, [pc, #68]	@ (1000115c <divmod_u32u32_savestate+0x18>)
10001116:	6f93      	ldr	r3, [r2, #120]	@ 0x78
10001118:	089b      	lsrs	r3, r3, #2
1000111a:	d213      	bcs.n	10001144 <divmod_u32u32_savestate>

1000111c <divmod_u32u32_core>:
1000111c:	6610      	str	r0, [r2, #96]	@ 0x60
1000111e:	6651      	str	r1, [r2, #100]	@ 0x64
10001120:	2900      	cmp	r1, #0
10001122:	d005      	beq.n	10001130 <divmod_u32u32_core+0x14>
10001124:	e7ff      	b.n	10001126 <divmod_u32u32_core+0xa>
10001126:	e7ff      	b.n	10001128 <divmod_u32u32_core+0xc>
10001128:	e7ff      	b.n	1000112a <divmod_u32u32_core+0xe>
1000112a:	6f51      	ldr	r1, [r2, #116]	@ 0x74
1000112c:	6f10      	ldr	r0, [r2, #112]	@ 0x70
1000112e:	4770      	bx	lr
10001130:	b504      	push	{r2, lr}
10001132:	2800      	cmp	r0, #0
10001134:	d001      	beq.n	1000113a <divmod_u32u32_core+0x1e>
10001136:	2000      	movs	r0, #0
10001138:	43c0      	mvns	r0, r0
1000113a:	f000 fa79 	bl	10001630 <____aeabi_idiv0_veneer>
1000113e:	2100      	movs	r1, #0
10001140:	bd04      	pop	{r2, pc}
10001142:	46c0      	nop			@ (mov r8, r8)

10001144 <divmod_u32u32_savestate>:
10001144:	b5f0      	push	{r4, r5, r6, r7, lr}
10001146:	6e14      	ldr	r4, [r2, #96]	@ 0x60
10001148:	6e55      	ldr	r5, [r2, #100]	@ 0x64
1000114a:	6f57      	ldr	r7, [r2, #116]	@ 0x74
1000114c:	6f16      	ldr	r6, [r2, #112]	@ 0x70
1000114e:	f7ff ffe5 	bl	1000111c <divmod_u32u32_core>
10001152:	6614      	str	r4, [r2, #96]	@ 0x60
10001154:	6655      	str	r5, [r2, #100]	@ 0x64
10001156:	6757      	str	r7, [r2, #116]	@ 0x74
10001158:	6716      	str	r6, [r2, #112]	@ 0x70
1000115a:	bdf0      	pop	{r4, r5, r6, r7, pc}
1000115c:	d0000000 	.word	0xd0000000

10001160 <__aeabi_double_init>:
10001160:	2313      	movs	r3, #19
10001162:	b570      	push	{r4, r5, r6, lr}
10001164:	781d      	ldrb	r5, [r3, #0]
10001166:	2d01      	cmp	r5, #1
10001168:	d019      	beq.n	1000119e <__aeabi_double_init+0x3e>
1000116a:	dd14      	ble.n	10001196 <__aeabi_double_init+0x36>
1000116c:	481f      	ldr	r0, [pc, #124]	@ (100011ec <__aeabi_double_init+0x8c>)
1000116e:	f7ff fe67 	bl	10000e40 <rom_data_lookup>
10001172:	0006      	movs	r6, r0
10001174:	481e      	ldr	r0, [pc, #120]	@ (100011f0 <__aeabi_double_init+0x90>)
10001176:	f7ff fe63 	bl	10000e40 <rom_data_lookup>
1000117a:	4c1e      	ldr	r4, [pc, #120]	@ (100011f4 <__aeabi_double_init+0x94>)
1000117c:	2280      	movs	r2, #128	@ 0x80
1000117e:	0031      	movs	r1, r6
10001180:	0020      	movs	r0, r4
10001182:	f000 f8a7 	bl	100012d4 <__wrap___aeabi_memcpy>
10001186:	2d02      	cmp	r5, #2
10001188:	d02d      	beq.n	100011e6 <__aeabi_double_init+0x86>
1000118a:	481b      	ldr	r0, [pc, #108]	@ (100011f8 <__aeabi_double_init+0x98>)
1000118c:	f7ff fe50 	bl	10000e30 <rom_func_lookup>
10001190:	4b1a      	ldr	r3, [pc, #104]	@ (100011fc <__aeabi_double_init+0x9c>)
10001192:	6018      	str	r0, [r3, #0]
10001194:	bd70      	pop	{r4, r5, r6, pc}
10001196:	4b1a      	ldr	r3, [pc, #104]	@ (10001200 <__aeabi_double_init+0xa0>)
10001198:	4c16      	ldr	r4, [pc, #88]	@ (100011f4 <__aeabi_double_init+0x94>)
1000119a:	64a3      	str	r3, [r4, #72]	@ 0x48
1000119c:	e7f5      	b.n	1000118a <__aeabi_double_init+0x2a>
1000119e:	4b18      	ldr	r3, [pc, #96]	@ (10001200 <__aeabi_double_init+0xa0>)
100011a0:	4c14      	ldr	r4, [pc, #80]	@ (100011f4 <__aeabi_double_init+0x94>)
100011a2:	6023      	str	r3, [r4, #0]
100011a4:	6063      	str	r3, [r4, #4]
100011a6:	60a3      	str	r3, [r4, #8]
100011a8:	60e3      	str	r3, [r4, #12]
100011aa:	6123      	str	r3, [r4, #16]
100011ac:	6163      	str	r3, [r4, #20]
100011ae:	61a3      	str	r3, [r4, #24]
100011b0:	61e3      	str	r3, [r4, #28]
100011b2:	6223      	str	r3, [r4, #32]
100011b4:	6263      	str	r3, [r4, #36]	@ 0x24
100011b6:	62a3      	str	r3, [r4, #40]	@ 0x28
100011b8:	62e3      	str	r3, [r4, #44]	@ 0x2c
100011ba:	6323      	str	r3, [r4, #48]	@ 0x30
100011bc:	6363      	str	r3, [r4, #52]	@ 0x34
100011be:	63a3      	str	r3, [r4, #56]	@ 0x38
100011c0:	63e3      	str	r3, [r4, #60]	@ 0x3c
100011c2:	6423      	str	r3, [r4, #64]	@ 0x40
100011c4:	6463      	str	r3, [r4, #68]	@ 0x44
100011c6:	64a3      	str	r3, [r4, #72]	@ 0x48
100011c8:	64e3      	str	r3, [r4, #76]	@ 0x4c
100011ca:	6523      	str	r3, [r4, #80]	@ 0x50
100011cc:	6563      	str	r3, [r4, #84]	@ 0x54
100011ce:	65a3      	str	r3, [r4, #88]	@ 0x58
100011d0:	65e3      	str	r3, [r4, #92]	@ 0x5c
100011d2:	6623      	str	r3, [r4, #96]	@ 0x60
100011d4:	6663      	str	r3, [r4, #100]	@ 0x64
100011d6:	66a3      	str	r3, [r4, #104]	@ 0x68
100011d8:	66e3      	str	r3, [r4, #108]	@ 0x6c
100011da:	6723      	str	r3, [r4, #112]	@ 0x70
100011dc:	6763      	str	r3, [r4, #116]	@ 0x74
100011de:	67a3      	str	r3, [r4, #120]	@ 0x78
100011e0:	67e3      	str	r3, [r4, #124]	@ 0x7c
100011e2:	64a3      	str	r3, [r4, #72]	@ 0x48
100011e4:	e7d1      	b.n	1000118a <__aeabi_double_init+0x2a>
100011e6:	4b06      	ldr	r3, [pc, #24]	@ (10001200 <__aeabi_double_init+0xa0>)
100011e8:	64a3      	str	r3, [r4, #72]	@ 0x48
100011ea:	e7ce      	b.n	1000118a <__aeabi_double_init+0x2a>
100011ec:	00004453 	.word	0x00004453
100011f0:	00004653 	.word	0x00004653
100011f4:	200003a8 	.word	0x200003a8
100011f8:	0000334c 	.word	0x0000334c
100011fc:	200005f0 	.word	0x200005f0
10001200:	10001205 	.word	0x10001205

10001204 <double_table_shim_on_use_helper>:
10001204:	b507      	push	{r0, r1, r2, lr}
10001206:	4660      	mov	r0, ip
10001208:	8801      	ldrh	r1, [r0, #0]
1000120a:	0a0a      	lsrs	r2, r1, #8
1000120c:	3002      	adds	r0, #2
1000120e:	2adf      	cmp	r2, #223	@ 0xdf
10001210:	d1fa      	bne.n	10001208 <double_table_shim_on_use_helper+0x4>
10001212:	b2c9      	uxtb	r1, r1
10001214:	0882      	lsrs	r2, r0, #2
10001216:	d304      	bcc.n	10001222 <double_table_shim_on_use_helper+0x1e>
10001218:	8802      	ldrh	r2, [r0, #0]
1000121a:	8840      	ldrh	r0, [r0, #2]
1000121c:	0400      	lsls	r0, r0, #16
1000121e:	4310      	orrs	r0, r2
10001220:	e000      	b.n	10001224 <double_table_shim_on_use_helper+0x20>
10001222:	6800      	ldr	r0, [r0, #0]
10001224:	4a01      	ldr	r2, [pc, #4]	@ (1000122c <double_table_shim_on_use_helper+0x28>)
10001226:	5050      	str	r0, [r2, r1]
10001228:	9003      	str	r0, [sp, #12]
1000122a:	bd07      	pop	{r0, r1, r2, pc}
1000122c:	200003a8 	.word	0x200003a8

10001230 <__aeabi_float_init>:
10001230:	2313      	movs	r3, #19
10001232:	b510      	push	{r4, lr}
10001234:	781c      	ldrb	r4, [r3, #0]
10001236:	4813      	ldr	r0, [pc, #76]	@ (10001284 <__aeabi_float_init+0x54>)
10001238:	f7ff fe02 	bl	10000e40 <rom_data_lookup>
1000123c:	2c01      	cmp	r4, #1
1000123e:	d00b      	beq.n	10001258 <__aeabi_float_init+0x28>
10001240:	dd04      	ble.n	1000124c <__aeabi_float_init+0x1c>
10001242:	0001      	movs	r1, r0
10001244:	2280      	movs	r2, #128	@ 0x80
10001246:	4810      	ldr	r0, [pc, #64]	@ (10001288 <__aeabi_float_init+0x58>)
10001248:	f000 f844 	bl	100012d4 <__wrap___aeabi_memcpy>
1000124c:	480f      	ldr	r0, [pc, #60]	@ (1000128c <__aeabi_float_init+0x5c>)
1000124e:	f7ff fdef 	bl	10000e30 <rom_func_lookup>
10001252:	4b0f      	ldr	r3, [pc, #60]	@ (10001290 <__aeabi_float_init+0x60>)
10001254:	6018      	str	r0, [r3, #0]
10001256:	bd10      	pop	{r4, pc}
10001258:	4c0b      	ldr	r4, [pc, #44]	@ (10001288 <__aeabi_float_init+0x58>)
1000125a:	0001      	movs	r1, r0
1000125c:	2254      	movs	r2, #84	@ 0x54
1000125e:	0020      	movs	r0, r4
10001260:	f000 f838 	bl	100012d4 <__wrap___aeabi_memcpy>
10001264:	4b0b      	ldr	r3, [pc, #44]	@ (10001294 <__aeabi_float_init+0x64>)
10001266:	6563      	str	r3, [r4, #84]	@ 0x54
10001268:	65a3      	str	r3, [r4, #88]	@ 0x58
1000126a:	65e3      	str	r3, [r4, #92]	@ 0x5c
1000126c:	6623      	str	r3, [r4, #96]	@ 0x60
1000126e:	6663      	str	r3, [r4, #100]	@ 0x64
10001270:	66a3      	str	r3, [r4, #104]	@ 0x68
10001272:	66e3      	str	r3, [r4, #108]	@ 0x6c
10001274:	6723      	str	r3, [r4, #112]	@ 0x70
10001276:	6763      	str	r3, [r4, #116]	@ 0x74
10001278:	67a3      	str	r3, [r4, #120]	@ 0x78
1000127a:	67e3      	str	r3, [r4, #124]	@ 0x7c
1000127c:	6223      	str	r3, [r4, #32]
1000127e:	61e3      	str	r3, [r4, #28]
10001280:	e7e4      	b.n	1000124c <__aeabi_float_init+0x1c>
10001282:	46c0      	nop			@ (mov r8, r8)
10001284:	00004653 	.word	0x00004653
10001288:	200004a8 	.word	0x200004a8
1000128c:	0000334c 	.word	0x0000334c
10001290:	200005f0 	.word	0x200005f0
10001294:	10001299 	.word	0x10001299

10001298 <float_table_shim_on_use_helper>:
10001298:	b507      	push	{r0, r1, r2, lr}
1000129a:	4660      	mov	r0, ip
1000129c:	8801      	ldrh	r1, [r0, #0]
1000129e:	0a0a      	lsrs	r2, r1, #8
100012a0:	3002      	adds	r0, #2
100012a2:	2adf      	cmp	r2, #223	@ 0xdf
100012a4:	d1fa      	bne.n	1000129c <float_table_shim_on_use_helper+0x4>
100012a6:	b2c9      	uxtb	r1, r1
100012a8:	0882      	lsrs	r2, r0, #2
100012aa:	d304      	bcc.n	100012b6 <float_table_shim_on_use_helper+0x1e>
100012ac:	8802      	ldrh	r2, [r0, #0]
100012ae:	8840      	ldrh	r0, [r0, #2]
100012b0:	0400      	lsls	r0, r0, #16
100012b2:	4310      	orrs	r0, r2
100012b4:	e000      	b.n	100012b8 <float_table_shim_on_use_helper+0x20>
100012b6:	6800      	ldr	r0, [r0, #0]
100012b8:	4a01      	ldr	r2, [pc, #4]	@ (100012c0 <float_table_shim_on_use_helper+0x28>)
100012ba:	5050      	str	r0, [r2, r1]
100012bc:	9003      	str	r0, [sp, #12]
100012be:	bd07      	pop	{r0, r1, r2, pc}
100012c0:	200004a8 	.word	0x200004a8

100012c4 <__aeabi_mem_init>:
100012c4:	4801      	ldr	r0, [pc, #4]	@ (100012cc <__aeabi_mem_init+0x8>)
100012c6:	2104      	movs	r1, #4
100012c8:	4b01      	ldr	r3, [pc, #4]	@ (100012d0 <__aeabi_mem_init+0xc>)
100012ca:	4718      	bx	r3
100012cc:	20000210 	.word	0x20000210
100012d0:	10000e51 	.word	0x10000e51

100012d4 <__wrap___aeabi_memcpy>:
100012d4:	4b01      	ldr	r3, [pc, #4]	@ (100012dc <__wrap___aeabi_memcpy+0x8>)
100012d6:	685b      	ldr	r3, [r3, #4]
100012d8:	4718      	bx	r3
100012da:	0000      	.short	0x0000
100012dc:	20000210 	.word	0x20000210

100012e0 <_out_char>:
100012e0:	b510      	push	{r4, lr}
100012e2:	2800      	cmp	r0, #0
100012e4:	d100      	bne.n	100012e8 <_out_char+0x8>
100012e6:	bd10      	pop	{r4, pc}
100012e8:	f000 f902 	bl	100014f0 <__wrap_putchar>
100012ec:	e7fb      	b.n	100012e6 <_out_char+0x6>
100012ee:	46c0      	nop			@ (mov r8, r8)

100012f0 <weak_raw_vprintf>:
100012f0:	b510      	push	{r4, lr}
100012f2:	4a09      	ldr	r2, [pc, #36]	@ (10001318 <weak_raw_vprintf+0x28>)
100012f4:	0003      	movs	r3, r0
100012f6:	6814      	ldr	r4, [r2, #0]
100012f8:	b084      	sub	sp, #16
100012fa:	2c00      	cmp	r4, #0
100012fc:	d008      	beq.n	10001310 <weak_raw_vprintf+0x20>
100012fe:	2201      	movs	r2, #1
10001300:	9100      	str	r1, [sp, #0]
10001302:	4806      	ldr	r0, [pc, #24]	@ (1000131c <weak_raw_vprintf+0x2c>)
10001304:	4252      	negs	r2, r2
10001306:	a903      	add	r1, sp, #12
10001308:	47a0      	blx	r4
1000130a:	2001      	movs	r0, #1
1000130c:	b004      	add	sp, #16
1000130e:	bd10      	pop	{r4, pc}
10001310:	f000 f938 	bl	10001584 <__wrap_puts>
10001314:	2000      	movs	r0, #0
10001316:	e7f9      	b.n	1000130c <weak_raw_vprintf+0x1c>
10001318:	200005dc 	.word	0x200005dc
1000131c:	100012e1 	.word	0x100012e1

10001320 <_exit>:
10001320:	be00      	bkpt	0x0000
10001322:	e7fd      	b.n	10001320 <_exit>

10001324 <_fini>:
10001324:	4770      	bx	lr
10001326:	46c0      	nop			@ (mov r8, r8)

10001328 <exit>:
10001328:	b510      	push	{r4, lr}
1000132a:	f7ff fff9 	bl	10001320 <_exit>
1000132e:	46c0      	nop			@ (mov r8, r8)

10001330 <runtime_init>:
10001330:	b570      	push	{r4, r5, r6, lr}
10001332:	f7ff fdcb 	bl	10000ecc <runtime_run_initializers>
10001336:	4d07      	ldr	r5, [pc, #28]	@ (10001354 <runtime_init+0x24>)
10001338:	4e07      	ldr	r6, [pc, #28]	@ (10001358 <runtime_init+0x28>)
1000133a:	42b5      	cmp	r5, r6
1000133c:	d209      	bcs.n	10001352 <runtime_init+0x22>
1000133e:	2400      	movs	r4, #0
10001340:	3e01      	subs	r6, #1
10001342:	1b76      	subs	r6, r6, r5
10001344:	08b6      	lsrs	r6, r6, #2
10001346:	3601      	adds	r6, #1
10001348:	cd08      	ldmia	r5!, {r3}
1000134a:	3401      	adds	r4, #1
1000134c:	4798      	blx	r3
1000134e:	42b4      	cmp	r4, r6
10001350:	d1fa      	bne.n	10001348 <runtime_init+0x18>
10001352:	bd70      	pop	{r4, r5, r6, pc}
10001354:	1000168c 	.word	0x1000168c
10001358:	1000168c 	.word	0x1000168c

1000135c <stdio_out_chars_no_crlf>:
1000135c:	0003      	movs	r3, r0
1000135e:	b510      	push	{r4, lr}
10001360:	0008      	movs	r0, r1
10001362:	0011      	movs	r1, r2
10001364:	681b      	ldr	r3, [r3, #0]
10001366:	4798      	blx	r3
10001368:	bd10      	pop	{r4, pc}
1000136a:	46c0      	nop			@ (mov r8, r8)

1000136c <stdio_out_chars_crlf>:
1000136c:	b5f8      	push	{r3, r4, r5, r6, r7, lr}
1000136e:	7d43      	ldrb	r3, [r0, #21]
10001370:	0007      	movs	r7, r0
10001372:	000d      	movs	r5, r1
10001374:	0016      	movs	r6, r2
10001376:	2b00      	cmp	r3, #0
10001378:	d038      	beq.n	100013ec <stdio_out_chars_crlf+0x80>
1000137a:	2a00      	cmp	r2, #0
1000137c:	dd1a      	ble.n	100013b4 <stdio_out_chars_crlf+0x48>
1000137e:	780b      	ldrb	r3, [r1, #0]
10001380:	2b0a      	cmp	r3, #10
10001382:	d018      	beq.n	100013b6 <stdio_out_chars_crlf+0x4a>
10001384:	2000      	movs	r0, #0
10001386:	2e01      	cmp	r6, #1
10001388:	d009      	beq.n	1000139e <stdio_out_chars_crlf+0x32>
1000138a:	2401      	movs	r4, #1
1000138c:	0021      	movs	r1, r4
1000138e:	5c6b      	ldrb	r3, [r5, r1]
10001390:	3401      	adds	r4, #1
10001392:	2b0a      	cmp	r3, #10
10001394:	d01a      	beq.n	100013cc <stdio_out_chars_crlf+0x60>
10001396:	42b4      	cmp	r4, r6
10001398:	d1f8      	bne.n	1000138c <stdio_out_chars_crlf+0x20>
1000139a:	4286      	cmp	r6, r0
1000139c:	dd03      	ble.n	100013a6 <stdio_out_chars_crlf+0x3a>
1000139e:	1a31      	subs	r1, r6, r0
100013a0:	683b      	ldr	r3, [r7, #0]
100013a2:	1828      	adds	r0, r5, r0
100013a4:	4798      	blx	r3
100013a6:	19ad      	adds	r5, r5, r6
100013a8:	3d01      	subs	r5, #1
100013aa:	782b      	ldrb	r3, [r5, #0]
100013ac:	3b0d      	subs	r3, #13
100013ae:	425a      	negs	r2, r3
100013b0:	4153      	adcs	r3, r2
100013b2:	753b      	strb	r3, [r7, #20]
100013b4:	bdf8      	pop	{r3, r4, r5, r6, r7, pc}
100013b6:	7d03      	ldrb	r3, [r0, #20]
100013b8:	2b00      	cmp	r3, #0
100013ba:	d1e3      	bne.n	10001384 <stdio_out_chars_crlf+0x18>
100013bc:	2102      	movs	r1, #2
100013be:	480e      	ldr	r0, [pc, #56]	@ (100013f8 <stdio_out_chars_crlf+0x8c>)
100013c0:	683b      	ldr	r3, [r7, #0]
100013c2:	4798      	blx	r3
100013c4:	2e01      	cmp	r6, #1
100013c6:	d0ee      	beq.n	100013a6 <stdio_out_chars_crlf+0x3a>
100013c8:	2001      	movs	r0, #1
100013ca:	e7de      	b.n	1000138a <stdio_out_chars_crlf+0x1e>
100013cc:	1e6b      	subs	r3, r5, #1
100013ce:	5c5b      	ldrb	r3, [r3, r1]
100013d0:	2b0d      	cmp	r3, #13
100013d2:	d0e0      	beq.n	10001396 <stdio_out_chars_crlf+0x2a>
100013d4:	4288      	cmp	r0, r1
100013d6:	da03      	bge.n	100013e0 <stdio_out_chars_crlf+0x74>
100013d8:	1a09      	subs	r1, r1, r0
100013da:	683b      	ldr	r3, [r7, #0]
100013dc:	1828      	adds	r0, r5, r0
100013de:	4798      	blx	r3
100013e0:	4805      	ldr	r0, [pc, #20]	@ (100013f8 <stdio_out_chars_crlf+0x8c>)
100013e2:	2102      	movs	r1, #2
100013e4:	683b      	ldr	r3, [r7, #0]
100013e6:	4798      	blx	r3
100013e8:	0020      	movs	r0, r4
100013ea:	e7d4      	b.n	10001396 <stdio_out_chars_crlf+0x2a>
100013ec:	6803      	ldr	r3, [r0, #0]
100013ee:	0011      	movs	r1, r2
100013f0:	0028      	movs	r0, r5
100013f2:	4798      	blx	r3
100013f4:	e7de      	b.n	100013b4 <stdio_out_chars_crlf+0x48>
100013f6:	46c0      	nop			@ (mov r8, r8)
100013f8:	10001764 	.word	0x10001764

100013fc <stdio_put_string>:
100013fc:	b5f0      	push	{r4, r5, r6, r7, lr}
100013fe:	4646      	mov	r6, r8
10001400:	46d6      	mov	lr, sl
10001402:	464f      	mov	r7, r9
10001404:	b5c0      	push	{r6, r7, lr}
10001406:	b082      	sub	sp, #8
10001408:	4690      	mov	r8, r2
1000140a:	001c      	movs	r4, r3
1000140c:	0006      	movs	r6, r0
1000140e:	000d      	movs	r5, r1
10001410:	f7ff fbb8 	bl	10000b84 <time_us_64>
10001414:	2300      	movs	r3, #0
10001416:	4a2f      	ldr	r2, [pc, #188]	@ (100014d4 <stdio_put_string+0xd8>)
10001418:	1812      	adds	r2, r2, r0
1000141a:	414b      	adcs	r3, r1
1000141c:	2b00      	cmp	r3, #0
1000141e:	da02      	bge.n	10001426 <stdio_put_string+0x2a>
10001420:	2201      	movs	r2, #1
10001422:	4b2d      	ldr	r3, [pc, #180]	@ (100014d8 <stdio_put_string+0xdc>)
10001424:	4252      	negs	r2, r2
10001426:	492d      	ldr	r1, [pc, #180]	@ (100014dc <stdio_put_string+0xe0>)
10001428:	0008      	movs	r0, r1
1000142a:	468a      	mov	sl, r1
1000142c:	f000 f8f8 	bl	10001620 <__mutex_try_enter_block_until_veneer>
10001430:	4681      	mov	r9, r0
10001432:	1c6b      	adds	r3, r5, #1
10001434:	d103      	bne.n	1000143e <stdio_put_string+0x42>
10001436:	0030      	movs	r0, r6
10001438:	f000 f8c2 	bl	100015c0 <strlen>
1000143c:	0005      	movs	r5, r0
1000143e:	2c00      	cmp	r4, #0
10001440:	d027      	beq.n	10001492 <stdio_put_string+0x96>
10001442:	4f27      	ldr	r7, [pc, #156]	@ (100014e0 <stdio_put_string+0xe4>)
10001444:	4b27      	ldr	r3, [pc, #156]	@ (100014e4 <stdio_put_string+0xe8>)
10001446:	681c      	ldr	r4, [r3, #0]
10001448:	2c00      	cmp	r4, #0
1000144a:	d018      	beq.n	1000147e <stdio_put_string+0x82>
1000144c:	4643      	mov	r3, r8
1000144e:	2b00      	cmp	r3, #0
10001450:	d121      	bne.n	10001496 <stdio_put_string+0x9a>
10001452:	4b25      	ldr	r3, [pc, #148]	@ (100014e8 <stdio_put_string+0xec>)
10001454:	4698      	mov	r8, r3
10001456:	e002      	b.n	1000145e <stdio_put_string+0x62>
10001458:	6924      	ldr	r4, [r4, #16]
1000145a:	2c00      	cmp	r4, #0
1000145c:	d00f      	beq.n	1000147e <stdio_put_string+0x82>
1000145e:	6823      	ldr	r3, [r4, #0]
10001460:	2b00      	cmp	r3, #0
10001462:	d0f9      	beq.n	10001458 <stdio_put_string+0x5c>
10001464:	4643      	mov	r3, r8
10001466:	681b      	ldr	r3, [r3, #0]
10001468:	2b00      	cmp	r3, #0
1000146a:	d001      	beq.n	10001470 <stdio_put_string+0x74>
1000146c:	429c      	cmp	r4, r3
1000146e:	d1f3      	bne.n	10001458 <stdio_put_string+0x5c>
10001470:	0020      	movs	r0, r4
10001472:	002a      	movs	r2, r5
10001474:	0031      	movs	r1, r6
10001476:	47b8      	blx	r7
10001478:	6924      	ldr	r4, [r4, #16]
1000147a:	2c00      	cmp	r4, #0
1000147c:	d1ef      	bne.n	1000145e <stdio_put_string+0x62>
1000147e:	464b      	mov	r3, r9
10001480:	2b00      	cmp	r3, #0
10001482:	d123      	bne.n	100014cc <stdio_put_string+0xd0>
10001484:	0028      	movs	r0, r5
10001486:	b002      	add	sp, #8
10001488:	bce0      	pop	{r5, r6, r7}
1000148a:	46ba      	mov	sl, r7
1000148c:	46b1      	mov	r9, r6
1000148e:	46a8      	mov	r8, r5
10001490:	bdf0      	pop	{r4, r5, r6, r7, pc}
10001492:	4f16      	ldr	r7, [pc, #88]	@ (100014ec <stdio_put_string+0xf0>)
10001494:	e7d6      	b.n	10001444 <stdio_put_string+0x48>
10001496:	4b14      	ldr	r3, [pc, #80]	@ (100014e8 <stdio_put_string+0xec>)
10001498:	4698      	mov	r8, r3
1000149a:	e002      	b.n	100014a2 <stdio_put_string+0xa6>
1000149c:	6924      	ldr	r4, [r4, #16]
1000149e:	2c00      	cmp	r4, #0
100014a0:	d0ed      	beq.n	1000147e <stdio_put_string+0x82>
100014a2:	6823      	ldr	r3, [r4, #0]
100014a4:	2b00      	cmp	r3, #0
100014a6:	d0f9      	beq.n	1000149c <stdio_put_string+0xa0>
100014a8:	4643      	mov	r3, r8
100014aa:	681b      	ldr	r3, [r3, #0]
100014ac:	2b00      	cmp	r3, #0
100014ae:	d001      	beq.n	100014b4 <stdio_put_string+0xb8>
100014b0:	42a3      	cmp	r3, r4
100014b2:	d1f3      	bne.n	1000149c <stdio_put_string+0xa0>
100014b4:	002a      	movs	r2, r5
100014b6:	0031      	movs	r1, r6
100014b8:	0020      	movs	r0, r4
100014ba:	47b8      	blx	r7
100014bc:	466b      	mov	r3, sp
100014be:	220a      	movs	r2, #10
100014c0:	0020      	movs	r0, r4
100014c2:	71da      	strb	r2, [r3, #7]
100014c4:	1dd9      	adds	r1, r3, #7
100014c6:	3a09      	subs	r2, #9
100014c8:	47b8      	blx	r7
100014ca:	e7e7      	b.n	1000149c <stdio_put_string+0xa0>
100014cc:	4650      	mov	r0, sl
100014ce:	f000 f8b7 	bl	10001640 <__mutex_exit_veneer>
100014d2:	e7d7      	b.n	10001484 <stdio_put_string+0x88>
100014d4:	000f4240 	.word	0x000f4240
100014d8:	7fffffff 	.word	0x7fffffff
100014dc:	20000220 	.word	0x20000220
100014e0:	1000136d 	.word	0x1000136d
100014e4:	200005d4 	.word	0x200005d4
100014e8:	200005d8 	.word	0x200005d8
100014ec:	1000135d 	.word	0x1000135d

100014f0 <__wrap_putchar>:
100014f0:	b5f0      	push	{r4, r5, r6, r7, lr}
100014f2:	46ce      	mov	lr, r9
100014f4:	4647      	mov	r7, r8
100014f6:	b580      	push	{r7, lr}
100014f8:	b083      	sub	sp, #12
100014fa:	466b      	mov	r3, sp
100014fc:	0006      	movs	r6, r0
100014fe:	1ddd      	adds	r5, r3, #7
10001500:	7028      	strb	r0, [r5, #0]
10001502:	f7ff fb3f 	bl	10000b84 <time_us_64>
10001506:	2300      	movs	r3, #0
10001508:	4a19      	ldr	r2, [pc, #100]	@ (10001570 <__wrap_putchar+0x80>)
1000150a:	1812      	adds	r2, r2, r0
1000150c:	414b      	adcs	r3, r1
1000150e:	2b00      	cmp	r3, #0
10001510:	da02      	bge.n	10001518 <__wrap_putchar+0x28>
10001512:	2201      	movs	r2, #1
10001514:	4b17      	ldr	r3, [pc, #92]	@ (10001574 <__wrap_putchar+0x84>)
10001516:	4252      	negs	r2, r2
10001518:	4917      	ldr	r1, [pc, #92]	@ (10001578 <__wrap_putchar+0x88>)
1000151a:	0008      	movs	r0, r1
1000151c:	4689      	mov	r9, r1
1000151e:	f000 f87f 	bl	10001620 <__mutex_try_enter_block_until_veneer>
10001522:	4b16      	ldr	r3, [pc, #88]	@ (1000157c <__wrap_putchar+0x8c>)
10001524:	4680      	mov	r8, r0
10001526:	681c      	ldr	r4, [r3, #0]
10001528:	2c00      	cmp	r4, #0
1000152a:	d014      	beq.n	10001556 <__wrap_putchar+0x66>
1000152c:	4f14      	ldr	r7, [pc, #80]	@ (10001580 <__wrap_putchar+0x90>)
1000152e:	e002      	b.n	10001536 <__wrap_putchar+0x46>
10001530:	6924      	ldr	r4, [r4, #16]
10001532:	2c00      	cmp	r4, #0
10001534:	d00f      	beq.n	10001556 <__wrap_putchar+0x66>
10001536:	6823      	ldr	r3, [r4, #0]
10001538:	2b00      	cmp	r3, #0
1000153a:	d0f9      	beq.n	10001530 <__wrap_putchar+0x40>
1000153c:	683b      	ldr	r3, [r7, #0]
1000153e:	2b00      	cmp	r3, #0
10001540:	d001      	beq.n	10001546 <__wrap_putchar+0x56>
10001542:	429c      	cmp	r4, r3
10001544:	d1f4      	bne.n	10001530 <__wrap_putchar+0x40>
10001546:	0020      	movs	r0, r4
10001548:	2201      	movs	r2, #1
1000154a:	0029      	movs	r1, r5
1000154c:	f7ff ff0e 	bl	1000136c <stdio_out_chars_crlf>
10001550:	6924      	ldr	r4, [r4, #16]
10001552:	2c00      	cmp	r4, #0
10001554:	d1ef      	bne.n	10001536 <__wrap_putchar+0x46>
10001556:	4643      	mov	r3, r8
10001558:	2b00      	cmp	r3, #0
1000155a:	d105      	bne.n	10001568 <__wrap_putchar+0x78>
1000155c:	0030      	movs	r0, r6
1000155e:	b003      	add	sp, #12
10001560:	bcc0      	pop	{r6, r7}
10001562:	46b9      	mov	r9, r7
10001564:	46b0      	mov	r8, r6
10001566:	bdf0      	pop	{r4, r5, r6, r7, pc}
10001568:	4648      	mov	r0, r9
1000156a:	f000 f869 	bl	10001640 <__mutex_exit_veneer>
1000156e:	e7f5      	b.n	1000155c <__wrap_putchar+0x6c>
10001570:	000f4240 	.word	0x000f4240
10001574:	7fffffff 	.word	0x7fffffff
10001578:	20000220 	.word	0x20000220
1000157c:	200005d4 	.word	0x200005d4
10001580:	200005d8 	.word	0x200005d8

10001584 <__wrap_puts>:
10001584:	b570      	push	{r4, r5, r6, lr}
10001586:	0004      	movs	r4, r0
10001588:	f000 f81a 	bl	100015c0 <strlen>
1000158c:	2301      	movs	r3, #1
1000158e:	0001      	movs	r1, r0
10001590:	0005      	movs	r5, r0
10001592:	2201      	movs	r2, #1
10001594:	0020      	movs	r0, r4
10001596:	f7ff ff31 	bl	100013fc <stdio_put_string>
1000159a:	4b08      	ldr	r3, [pc, #32]	@ (100015bc <__wrap_puts+0x38>)
1000159c:	681c      	ldr	r4, [r3, #0]
1000159e:	2c00      	cmp	r4, #0
100015a0:	d006      	beq.n	100015b0 <__wrap_puts+0x2c>
100015a2:	6863      	ldr	r3, [r4, #4]
100015a4:	2b00      	cmp	r3, #0
100015a6:	d005      	beq.n	100015b4 <__wrap_puts+0x30>
100015a8:	4798      	blx	r3
100015aa:	6924      	ldr	r4, [r4, #16]
100015ac:	2c00      	cmp	r4, #0
100015ae:	d1f8      	bne.n	100015a2 <__wrap_puts+0x1e>
100015b0:	0028      	movs	r0, r5
100015b2:	bd70      	pop	{r4, r5, r6, pc}
100015b4:	6924      	ldr	r4, [r4, #16]
100015b6:	2c00      	cmp	r4, #0
100015b8:	d1f3      	bne.n	100015a2 <__wrap_puts+0x1e>
100015ba:	e7f9      	b.n	100015b0 <__wrap_puts+0x2c>
100015bc:	200005d4 	.word	0x200005d4

100015c0 <strlen>:
100015c0:	0003      	movs	r3, r0
100015c2:	4684      	mov	ip, r0
100015c4:	079b      	lsls	r3, r3, #30
100015c6:	d00b      	beq.n	100015e0 <strlen+0x20>
100015c8:	0003      	movs	r3, r0
100015ca:	2103      	movs	r1, #3
100015cc:	e002      	b.n	100015d4 <strlen+0x14>
100015ce:	3301      	adds	r3, #1
100015d0:	420b      	tst	r3, r1
100015d2:	d006      	beq.n	100015e2 <strlen+0x22>
100015d4:	781a      	ldrb	r2, [r3, #0]
100015d6:	2a00      	cmp	r2, #0
100015d8:	d1f9      	bne.n	100015ce <strlen+0xe>
100015da:	4662      	mov	r2, ip
100015dc:	1a98      	subs	r0, r3, r2
100015de:	4770      	bx	lr
100015e0:	0003      	movs	r3, r0
100015e2:	6819      	ldr	r1, [r3, #0]
100015e4:	4a0c      	ldr	r2, [pc, #48]	@ (10001618 <strlen+0x58>)
100015e6:	480d      	ldr	r0, [pc, #52]	@ (1000161c <strlen+0x5c>)
100015e8:	188a      	adds	r2, r1, r2
100015ea:	438a      	bics	r2, r1
100015ec:	4202      	tst	r2, r0
100015ee:	d10f      	bne.n	10001610 <strlen+0x50>
100015f0:	6859      	ldr	r1, [r3, #4]
100015f2:	4a09      	ldr	r2, [pc, #36]	@ (10001618 <strlen+0x58>)
100015f4:	3304      	adds	r3, #4
100015f6:	188a      	adds	r2, r1, r2
100015f8:	438a      	bics	r2, r1
100015fa:	4202      	tst	r2, r0
100015fc:	d108      	bne.n	10001610 <strlen+0x50>
100015fe:	6859      	ldr	r1, [r3, #4]
10001600:	4a05      	ldr	r2, [pc, #20]	@ (10001618 <strlen+0x58>)
10001602:	3304      	adds	r3, #4
10001604:	188a      	adds	r2, r1, r2
10001606:	438a      	bics	r2, r1
10001608:	4202      	tst	r2, r0
1000160a:	d0f1      	beq.n	100015f0 <strlen+0x30>
1000160c:	e000      	b.n	10001610 <strlen+0x50>
1000160e:	3301      	adds	r3, #1
10001610:	781a      	ldrb	r2, [r3, #0]
10001612:	2a00      	cmp	r2, #0
10001614:	d1fb      	bne.n	1000160e <strlen+0x4e>
10001616:	e7e0      	b.n	100015da <strlen+0x1a>
10001618:	fefefeff 	.word	0xfefefeff
1000161c:	80808080 	.word	0x80808080

10001620 <__mutex_try_enter_block_until_veneer>:
10001620:	b401      	push	{r0}
10001622:	4802      	ldr	r0, [pc, #8]	@ (1000162c <__mutex_try_enter_block_until_veneer+0xc>)
10001624:	4684      	mov	ip, r0
10001626:	bc01      	pop	{r0}
10001628:	4760      	bx	ip
1000162a:	bf00      	nop
1000162c:	20000165 	.word	0x20000165

10001630 <____aeabi_idiv0_veneer>:
10001630:	b401      	push	{r0}
10001632:	4802      	ldr	r0, [pc, #8]	@ (1000163c <____aeabi_idiv0_veneer+0xc>)
10001634:	4684      	mov	ip, r0
10001636:	bc01      	pop	{r0}
10001638:	4760      	bx	ip
1000163a:	bf00      	nop
1000163c:	200001c1 	.word	0x200001c1

10001640 <__mutex_exit_veneer>:
10001640:	b401      	push	{r0}
10001642:	4802      	ldr	r0, [pc, #8]	@ (1000164c <__mutex_exit_veneer+0xc>)
10001644:	4684      	mov	ip, r0
10001646:	bc01      	pop	{r0}
10001648:	4760      	bx	ip
1000164a:	bf00      	nop
1000164c:	20000199 	.word	0x20000199

10001650 <__pre_init_runtime_init_early_resets>:
10001650:	10000ef5                                ....

10001654 <__pre_init_runtime_init_usb_power_down>:
10001654:	10000f21 10001105 100012c5 10001161     !...........a...
10001664:	10001231                                1...

10001668 <__pre_init_runtime_init_clocks>:
10001668:	1000102d                                -...

1000166c <__pre_init_runtime_init_post_clock_resets>:
1000166c:	10000f3d                                =...

10001670 <__pre_init_runtime_init_rp2040_gpio_ie_disable>:
10001670:	10000f5d                                ]...

10001674 <__pre_init_runtime_init_spin_locks_reset>:
10001674:	10000f71                                q...

10001678 <__pre_init_runtime_init_mutex>:
10001678:	100004b9                                ....

1000167c <__pre_init_runtime_init_install_ram_vector_table>:
1000167c:	10000f79                                y...

10001680 <__pre_init_runtime_init_default_alarm_pool>:
10001680:	1000082d                                -...

10001684 <__pre_init_first_per_core_initializer>:
10001684:	10000ebd                                ....

10001688 <__pre_init_runtime_init_per_core_irq_priorities>:
10001688:	100003e9                                ....

Disassembly of section .data:

200000c0 <mutex_try_enter>:
200000c0:	0003      	movs	r3, r0
200000c2:	6800      	ldr	r0, [r0, #0]
200000c4:	f3ef 8c10 	mrs	ip, PRIMASK
200000c8:	b672      	cpsid	i
200000ca:	6802      	ldr	r2, [r0, #0]
200000cc:	2a00      	cmp	r2, #0
200000ce:	d0fc      	beq.n	200000ca <mutex_try_enter+0xa>
200000d0:	f3bf 8f5f 	dmb	sy
200000d4:	2204      	movs	r2, #4
200000d6:	569a      	ldrsb	r2, [r3, r2]
200000d8:	2a00      	cmp	r2, #0
200000da:	db0b      	blt.n	200000f4 <mutex_try_enter+0x34>
200000dc:	2900      	cmp	r1, #0
200000de:	d000      	beq.n	200000e2 <mutex_try_enter+0x22>
200000e0:	600a      	str	r2, [r1, #0]
200000e2:	2000      	movs	r0, #0
200000e4:	681b      	ldr	r3, [r3, #0]
200000e6:	f3bf 8f5f 	dmb	sy
200000ea:	2200      	movs	r2, #0
200000ec:	601a      	str	r2, [r3, #0]
200000ee:	f38c 8810 	msr	PRIMASK, ip
200000f2:	4770      	bx	lr
200000f4:	22d0      	movs	r2, #208	@ 0xd0
200000f6:	0612      	lsls	r2, r2, #24
200000f8:	6812      	ldr	r2, [r2, #0]
200000fa:	2001      	movs	r0, #1
200000fc:	711a      	strb	r2, [r3, #4]
200000fe:	e7f1      	b.n	200000e4 <mutex_try_enter+0x24>

20000100 <mutex_enter_block_until>:
20000100:	b5f0      	push	{r4, r5, r6, r7, lr}
20000102:	001f      	movs	r7, r3
20000104:	23d0      	movs	r3, #208	@ 0xd0
20000106:	46c6      	mov	lr, r8
20000108:	061b      	lsls	r3, r3, #24
2000010a:	681b      	ldr	r3, [r3, #0]
2000010c:	0004      	movs	r4, r0
2000010e:	0016      	movs	r6, r2
20000110:	4698      	mov	r8, r3
20000112:	2500      	movs	r5, #0
20000114:	b500      	push	{lr}
20000116:	e00a      	b.n	2000012e <mutex_enter_block_until+0x2e>
20000118:	f3bf 8f5f 	dmb	sy
2000011c:	6015      	str	r5, [r2, #0]
2000011e:	f381 8810 	msr	PRIMASK, r1
20000122:	0030      	movs	r0, r6
20000124:	0039      	movs	r1, r7
20000126:	f000 f84f 	bl	200001c8 <__best_effort_wfe_or_timeout_veneer>
2000012a:	2800      	cmp	r0, #0
2000012c:	d118      	bne.n	20000160 <mutex_enter_block_until+0x60>
2000012e:	6822      	ldr	r2, [r4, #0]
20000130:	f3ef 8110 	mrs	r1, PRIMASK
20000134:	b672      	cpsid	i
20000136:	6813      	ldr	r3, [r2, #0]
20000138:	2b00      	cmp	r3, #0
2000013a:	d0fc      	beq.n	20000136 <mutex_enter_block_until+0x36>
2000013c:	f3bf 8f5f 	dmb	sy
20000140:	7923      	ldrb	r3, [r4, #4]
20000142:	6822      	ldr	r2, [r4, #0]
20000144:	2b7f      	cmp	r3, #127	@ 0x7f
20000146:	d9e7      	bls.n	20000118 <mutex_enter_block_until+0x18>
20000148:	4643      	mov	r3, r8
2000014a:	7123      	strb	r3, [r4, #4]
2000014c:	f3bf 8f5f 	dmb	sy
20000150:	2300      	movs	r3, #0
20000152:	6013      	str	r3, [r2, #0]
20000154:	f381 8810 	msr	PRIMASK, r1
20000158:	2001      	movs	r0, #1
2000015a:	bc80      	pop	{r7}
2000015c:	46b8      	mov	r8, r7
2000015e:	bdf0      	pop	{r4, r5, r6, r7, pc}
20000160:	2000      	movs	r0, #0
20000162:	e7fa      	b.n	2000015a <mutex_enter_block_until+0x5a>

20000164 <mutex_try_enter_block_until>:
20000164:	b570      	push	{r4, r5, r6, lr}
20000166:	b082      	sub	sp, #8
20000168:	a901      	add	r1, sp, #4
2000016a:	0006      	movs	r6, r0
2000016c:	0014      	movs	r4, r2
2000016e:	001d      	movs	r5, r3
20000170:	f7ff ffa6 	bl	200000c0 <mutex_try_enter>
20000174:	2800      	cmp	r0, #0
20000176:	d107      	bne.n	20000188 <mutex_try_enter_block_until+0x24>
20000178:	22d0      	movs	r2, #208	@ 0xd0
2000017a:	0612      	lsls	r2, r2, #24
2000017c:	9b01      	ldr	r3, [sp, #4]
2000017e:	7812      	ldrb	r2, [r2, #0]
20000180:	b25b      	sxtb	r3, r3
20000182:	b252      	sxtb	r2, r2
20000184:	4293      	cmp	r3, r2
20000186:	d101      	bne.n	2000018c <mutex_try_enter_block_until+0x28>
20000188:	b002      	add	sp, #8
2000018a:	bd70      	pop	{r4, r5, r6, pc}
2000018c:	0022      	movs	r2, r4
2000018e:	002b      	movs	r3, r5
20000190:	0030      	movs	r0, r6
20000192:	f7ff ffb5 	bl	20000100 <mutex_enter_block_until>
20000196:	e7f7      	b.n	20000188 <mutex_try_enter_block_until+0x24>

20000198 <mutex_exit>:
20000198:	6802      	ldr	r2, [r0, #0]
2000019a:	f3ef 8110 	mrs	r1, PRIMASK
2000019e:	b672      	cpsid	i
200001a0:	6813      	ldr	r3, [r2, #0]
200001a2:	2b00      	cmp	r3, #0
200001a4:	d0fc      	beq.n	200001a0 <mutex_exit+0x8>
200001a6:	f3bf 8f5f 	dmb	sy
200001aa:	23ff      	movs	r3, #255	@ 0xff
200001ac:	7103      	strb	r3, [r0, #4]
200001ae:	6803      	ldr	r3, [r0, #0]
200001b0:	f3bf 8f5f 	dmb	sy
200001b4:	2200      	movs	r2, #0
200001b6:	601a      	str	r2, [r3, #0]
200001b8:	f381 8810 	msr	PRIMASK, r1
200001bc:	bf40      	sev
200001be:	4770      	bx	lr

200001c0 <__aeabi_idiv0>:
200001c0:	4770      	bx	lr
200001c2:	46c0      	nop			@ (mov r8, r8)
200001c4:	0000      	movs	r0, r0
	...

200001c8 <__best_effort_wfe_or_timeout_veneer>:
200001c8:	b401      	push	{r0}
200001ca:	4802      	ldr	r0, [pc, #8]	@ (200001d4 <__best_effort_wfe_or_timeout_veneer+0xc>)
200001cc:	4684      	mov	ip, r0
200001ce:	bc01      	pop	{r0}
200001d0:	4760      	bx	ip
200001d2:	bf00      	nop
200001d4:	10000a35 	.word	0x10000a35

200001d8 <striped_spin_lock_num>:
200001d8:	00000010 00000000                       ........

200001e0 <last_added.0>:
200001e0:	ffffffff 7fffffff                       ........

200001e8 <default_alarm_pool>:
	...
200001fc:	20000228                                (.. 

20000200 <aeabi_bits_funcs>:
20000200:	00003350 	.word	0x00003350
20000204:	0000334c 	.word	0x0000334c
20000208:	00003354 	.word	0x00003354
2000020c:	00003352 	.word	0x00003352

20000210 <aeabi_bits_funcs_end>:
20000210:	0000534d 	.word	0x0000534d
20000214:	0000434d 	.word	0x0000434d
20000218:	00003453 	.word	0x00003453
2000021c:	00003443 	.word	0x00003443

20000220 <print_mutex>:
	...
