
C:/Repositories/pico/es-student/123-led-button-debounce/build/123_led_button_debounce.elf:     file format elf32-littlearm

Sections:
Idx Name          Size      VMA       LMA       File off  Algn
  0 .boot2        00000100  10000000  10000000  00001000  2**0
                  CONTENTS, ALLOC, LOAD, READONLY, CODE
  1 .text         00001714  10000100  10000100  00001100  2**3
                  CONTENTS, ALLOC, LOAD, READONLY, CODE
  2 .rodata       000000e4  10001814  10001814  00002814  2**2
                  CONTENTS, ALLOC, LOAD, READONLY, DATA
  3 .binary_info  0000001c  100018f8  100018f8  000028f8  2**2
                  CONTENTS, ALLOC, LOAD, READONLY, DATA
  4 .xip_ram      00000000  15000000  15000000  00003228  2**0
                  CONTENTS
  5 .ram_vector_table 000000c0  20000000  20000000  00004000  2**2
                  ALLOC
  6 .uninitialized_data 00000000  200000c0  200000c0  00003228  2**0
                  CONTENTS
  7 .data         00000168  200000c0  10001914  000030c0  2**4
                  CONTENTS, ALLOC, LOAD, READONLY, CODE
  8 .tdata        00000000  20000228  20000228  00003228  2**0
                  CONTENTS, ALLOC, LOAD, DATA, THREAD_LOCAL
  9 .tbss         00000000  20000228  20000228  00000000  2**0
                  ALLOC, THREAD_LOCAL
 10 .tbss_space   00000000  20000228  20000228  00003228  2**0
                  CONTENTS
 11 .bss          000003d0  20000228  10001a7c  00003228  2**3
                  ALLOC
 12 .tls0         00000000  200005f8  200005f8  00003228  2**0
                  CONTENTS
 13 .tls1         00000000  200005f8  200005f8  00003228  2**0
                  CONTENTS
 14 .persistent_data 00000000  200005f8  200005f8  00003228  2**0
                  CONTENTS
 15 .dummy_pre_heap 00000000  200005f8  200005f8  00003228  2**0
                  CONTENTS
 16 .heap         00000800  200005f8  200005f8  00004000  2**2
                  ALLOC, READONLY
 17 .scratch_x    00000000  20040000  20040000  00003228  2**0
                  CONTENTS
 18 .scratch_y    00000000  20041000  20041000  00003228  2**0
                  CONTENTS
 19 .stack_dummy  00000800  20041000  20041000  00004000  2**5
                  ALLOC, READONLY
 20 .debug_info   00019ec2  00000000  00000000  00003228  2**0
                  CONTENTS, READONLY, DEBUGGING, OCTETS
 21 .debug_abbrev 00004c04  00000000  00000000  0001d0ea  2**0
                  CONTENTS, READONLY, DEBUGGING, OCTETS
 22 .debug_loclists 0000f36b  00000000  00000000  00021cee  2**0
                  CONTENTS, READONLY, DEBUGGING, OCTETS
 23 .debug_aranges 00000eb0  00000000  00000000  00031060  2**3
                  CONTENTS, READONLY, DEBUGGING, OCTETS
 24 .debug_rnglists 000029b0  00000000  00000000  00031f10  2**0
                  CONTENTS, READONLY, DEBUGGING, OCTETS
 25 .debug_line   000155d4  00000000  00000000  000348c0  2**0
                  CONTENTS, READONLY, DEBUGGING, OCTETS
 26 .debug_str    00004893  00000000  00000000  00049e94  2**0
                  CONTENTS, READONLY, DEBUGGING, OCTETS
 27 .comment      00000046  00000000  00000000  0004e727  2**0
                  CONTENTS, READONLY
 28 .ARM.attributes 0000002a  00000000  00000000  0004e76d  2**0
                  CONTENTS, READONLY
 29 .debug_frame  00001984  00000000  00000000  0004e798  2**2
                  CONTENTS, READONLY, DEBUGGING, OCTETS
 30 .debug_line_str 0000036a  00000000  00000000  0005011c  2**0
                  CONTENTS, READONLY, DEBUGGING, OCTETS

C:/Repositories/pico/es-student/123-led-button-debounce/build/123_led_button_debounce.elf:     file format elf32-littlearm


Disassembly of section .boot2:

10000000 <__boot2_start__>:
10000000:	4b32b500 	.word	0x4b32b500
10000004:	60582021 	.word	0x60582021
10000008:	21026898 	.word	0x21026898
1000000c:	60984388 	.word	0x60984388
10000010:	611860d8 	.word	0x611860d8
10000014:	4b2e6158 	.word	0x4b2e6158
10000018:	60992100 	.word	0x60992100
1000001c:	61592102 	.word	0x61592102
10000020:	22f02101 	.word	0x22f02101
10000024:	492b5099 	.word	0x492b5099
10000028:	21016019 	.word	0x21016019
1000002c:	20356099 	.word	0x20356099
10000030:	f844f000 	.word	0xf844f000
10000034:	42902202 	.word	0x42902202
10000038:	2106d014 	.word	0x2106d014
1000003c:	f0006619 	.word	0xf0006619
10000040:	6e19f834 	.word	0x6e19f834
10000044:	66192101 	.word	0x66192101
10000048:	66182000 	.word	0x66182000
1000004c:	f000661a 	.word	0xf000661a
10000050:	6e19f82c 	.word	0x6e19f82c
10000054:	6e196e19 	.word	0x6e196e19
10000058:	f0002005 	.word	0xf0002005
1000005c:	2101f82f 	.word	0x2101f82f
10000060:	d1f94208 	.word	0xd1f94208
10000064:	60992100 	.word	0x60992100
10000068:	6019491b 	.word	0x6019491b
1000006c:	60592100 	.word	0x60592100
10000070:	481b491a 	.word	0x481b491a
10000074:	21016001 	.word	0x21016001
10000078:	21eb6099 	.word	0x21eb6099
1000007c:	21a06619 	.word	0x21a06619
10000080:	f0006619 	.word	0xf0006619
10000084:	2100f812 	.word	0x2100f812
10000088:	49166099 	.word	0x49166099
1000008c:	60014814 	.word	0x60014814
10000090:	60992101 	.word	0x60992101
10000094:	2800bc01 	.word	0x2800bc01
10000098:	4700d000 	.word	0x4700d000
1000009c:	49134812 	.word	0x49134812
100000a0:	c8036008 	.word	0xc8036008
100000a4:	8808f380 	.word	0x8808f380
100000a8:	b5034708 	.word	0xb5034708
100000ac:	20046a99 	.word	0x20046a99
100000b0:	d0fb4201 	.word	0xd0fb4201
100000b4:	42012001 	.word	0x42012001
100000b8:	bd03d1f8 	.word	0xbd03d1f8
100000bc:	6618b502 	.word	0x6618b502
100000c0:	f7ff6618 	.word	0xf7ff6618
100000c4:	6e18fff2 	.word	0x6e18fff2
100000c8:	bd026e18 	.word	0xbd026e18
100000cc:	40020000 	.word	0x40020000
100000d0:	18000000 	.word	0x18000000
100000d4:	00070000 	.word	0x00070000
100000d8:	005f0300 	.word	0x005f0300
100000dc:	00002221 	.word	0x00002221
100000e0:	180000f4 	.word	0x180000f4
100000e4:	a0002022 	.word	0xa0002022
100000e8:	10000100 	.word	0x10000100
100000ec:	e000ed08 	.word	0xe000ed08
	...
100000fc:	7a4eb274 	.word	0x7a4eb274

Disassembly of section .text:

10000100 <__VECTOR_TABLE>:
10000100:	20042000 	.word	0x20042000
10000104:	100001f7 	.word	0x100001f7
10000108:	100001cb 	.word	0x100001cb
1000010c:	100001cd 	.word	0x100001cd
10000110:	100001c9 	.word	0x100001c9
10000114:	100001c9 	.word	0x100001c9
10000118:	100001c9 	.word	0x100001c9
1000011c:	100001c9 	.word	0x100001c9
10000120:	100001c9 	.word	0x100001c9
10000124:	100001c9 	.word	0x100001c9
10000128:	100001c9 	.word	0x100001c9
1000012c:	100001cf 	.word	0x100001cf
10000130:	100001c9 	.word	0x100001c9
10000134:	100001c9 	.word	0x100001c9
10000138:	100001d1 	.word	0x100001d1
1000013c:	100001d3 	.word	0x100001d3
10000140:	100001c1 	.word	0x100001c1
10000144:	100001c1 	.word	0x100001c1
10000148:	100001c1 	.word	0x100001c1
1000014c:	100001c1 	.word	0x100001c1
10000150:	100001c1 	.word	0x100001c1
10000154:	100001c1 	.word	0x100001c1
10000158:	100001c1 	.word	0x100001c1
1000015c:	100001c1 	.word	0x100001c1
10000160:	100001c1 	.word	0x100001c1
10000164:	100001c1 	.word	0x100001c1
10000168:	100001c1 	.word	0x100001c1
1000016c:	100001c1 	.word	0x100001c1
10000170:	100001c1 	.word	0x100001c1
10000174:	100001c1 	.word	0x100001c1
10000178:	100001c1 	.word	0x100001c1
1000017c:	100001c1 	.word	0x100001c1
10000180:	100001c1 	.word	0x100001c1
10000184:	100001c1 	.word	0x100001c1
10000188:	100001c1 	.word	0x100001c1
1000018c:	100001c1 	.word	0x100001c1
10000190:	100001c1 	.word	0x100001c1
10000194:	100001c1 	.word	0x100001c1
10000198:	100001c1 	.word	0x100001c1
1000019c:	100001c1 	.word	0x100001c1
100001a0:	100001c1 	.word	0x100001c1
100001a4:	100001c1 	.word	0x100001c1
100001a8:	100001c1 	.word	0x100001c1
100001ac:	100001c1 	.word	0x100001c1
100001b0:	100001c1 	.word	0x100001c1
100001b4:	100001c1 	.word	0x100001c1
100001b8:	100001c1 	.word	0x100001c1
100001bc:	100001c1 	.word	0x100001c1

100001c0 <__unhandled_user_irq>:
100001c0:	f3ef 8005 	mrs	r0, IPSR
100001c4:	3810      	subs	r0, #16

100001c6 <unhandled_user_irq_num_in_r0>:
100001c6:	be00      	bkpt	0x0000

100001c8 <isr_invalid>:
100001c8:	be00      	bkpt	0x0000

100001ca <isr_nmi>:
100001ca:	be00      	bkpt	0x0000

100001cc <isr_hardfault>:
100001cc:	be00      	bkpt	0x0000

100001ce <isr_svcall>:
100001ce:	be00      	bkpt	0x0000

100001d0 <isr_pendsv>:
100001d0:	be00      	bkpt	0x0000

100001d2 <isr_systick>:
100001d2:	be00      	bkpt	0x0000

100001d4 <__default_isrs_end>:
100001d4:	7188ebf2 	.word	0x7188ebf2
100001d8:	100018f8 	.word	0x100018f8
100001dc:	10001914 	.word	0x10001914
100001e0:	10000238 	.word	0x10000238
100001e4:	e71aa390 	.word	0xe71aa390

100001e8 <_entry_point>:
100001e8:	2000      	movs	r0, #0

100001ea <_enter_vtable_in_r0>:
100001ea:	491e      	ldr	r1, [pc, #120]	@ (10000264 <data_cpy_table+0x2c>)
100001ec:	6008      	str	r0, [r1, #0]
100001ee:	c806      	ldmia	r0!, {r1, r2}
100001f0:	f381 8808 	msr	MSP, r1
100001f4:	4710      	bx	r2

100001f6 <_reset_handler>:
100001f6:	481c      	ldr	r0, [pc, #112]	@ (10000268 <data_cpy_table+0x30>)
100001f8:	6800      	ldr	r0, [r0, #0]
100001fa:	2800      	cmp	r0, #0
100001fc:	d001      	beq.n	10000202 <hold_non_core0_in_bootrom+0x4>

100001fe <hold_non_core0_in_bootrom>:
100001fe:	2000      	movs	r0, #0
10000200:	e7f3      	b.n	100001ea <_enter_vtable_in_r0>
10000202:	a40d      	add	r4, pc, #52	@ (adr r4, 10000238 <data_cpy_table>)
10000204:	cc0e      	ldmia	r4!, {r1, r2, r3}
10000206:	2900      	cmp	r1, #0
10000208:	d002      	beq.n	10000210 <hold_non_core0_in_bootrom+0x12>
1000020a:	f000 f812 	bl	10000232 <data_cpy>
1000020e:	e7f9      	b.n	10000204 <hold_non_core0_in_bootrom+0x6>
10000210:	4916      	ldr	r1, [pc, #88]	@ (1000026c <data_cpy_table+0x34>)
10000212:	4a17      	ldr	r2, [pc, #92]	@ (10000270 <data_cpy_table+0x38>)
10000214:	2000      	movs	r0, #0
10000216:	e000      	b.n	1000021a <bss_fill_test>

10000218 <bss_fill_loop>:
10000218:	c101      	stmia	r1!, {r0}

1000021a <bss_fill_test>:
1000021a:	4291      	cmp	r1, r2
1000021c:	d1fc      	bne.n	10000218 <bss_fill_loop>

1000021e <platform_entry>:
1000021e:	4915      	ldr	r1, [pc, #84]	@ (10000274 <data_cpy_table+0x3c>)
10000220:	4788      	blx	r1
10000222:	4915      	ldr	r1, [pc, #84]	@ (10000278 <data_cpy_table+0x40>)
10000224:	4788      	blx	r1
10000226:	4915      	ldr	r1, [pc, #84]	@ (1000027c <data_cpy_table+0x44>)
10000228:	4788      	blx	r1
1000022a:	be00      	bkpt	0x0000
1000022c:	e7fd      	b.n	1000022a <platform_entry+0xc>

1000022e <data_cpy_loop>:
1000022e:	c901      	ldmia	r1!, {r0}
10000230:	c201      	stmia	r2!, {r0}

10000232 <data_cpy>:
10000232:	429a      	cmp	r2, r3
10000234:	d3fb      	bcc.n	1000022e <data_cpy_loop>

10000236 <data_cpy_done>:
10000236:	4770      	bx	lr

10000238 <data_cpy_table>:
10000238:	10001914 	.word	0x10001914
1000023c:	200000c0 	.word	0x200000c0
10000240:	20000228 	.word	0x20000228
10000244:	10001a7c 	.word	0x10001a7c
10000248:	20040000 	.word	0x20040000
1000024c:	20040000 	.word	0x20040000
10000250:	10001a7c 	.word	0x10001a7c
10000254:	20041000 	.word	0x20041000
10000258:	20041000 	.word	0x20041000
1000025c:	00000000 	.word	0x00000000
10000260:	4770      	bx	lr
10000262:	0000      	.short	0x0000
10000264:	e000ed08 	.word	0xe000ed08
10000268:	d0000000 	.word	0xd0000000
1000026c:	20000228 	.word	0x20000228
10000270:	200005f8 	.word	0x200005f8
10000274:	100014b9 	.word	0x100014b9
10000278:	10000281 	.word	0x10000281
1000027c:	100014b1 	.word	0x100014b1

10000280 <main>:
10000280:	b5f8      	push	{r3, r4, r5, r6, r7, lr}
10000282:	2019      	movs	r0, #25
10000284:	f000 f854 	bl	10000330 <gpio_init>
10000288:	24d0      	movs	r4, #208	@ 0xd0
1000028a:	2380      	movs	r3, #128	@ 0x80
1000028c:	0624      	lsls	r4, r4, #24
1000028e:	049b      	lsls	r3, r3, #18
10000290:	200f      	movs	r0, #15
10000292:	6263      	str	r3, [r4, #36]	@ 0x24
10000294:	f000 f84c 	bl	10000330 <gpio_init>
10000298:	2380      	movs	r3, #128	@ 0x80
1000029a:	021b      	lsls	r3, r3, #8
1000029c:	2200      	movs	r2, #0
1000029e:	2101      	movs	r1, #1
100002a0:	200f      	movs	r0, #15
100002a2:	62a3      	str	r3, [r4, #40]	@ 0x28
100002a4:	f000 f832 	bl	1000030c <gpio_set_pulls>
100002a8:	2700      	movs	r7, #0
100002aa:	2580      	movs	r5, #128	@ 0x80
100002ac:	6866      	ldr	r6, [r4, #4]
100002ae:	2014      	movs	r0, #20
100002b0:	022d      	lsls	r5, r5, #8
100002b2:	f000 fbdb 	bl	10000a6c <sleep_ms>
100002b6:	422e      	tst	r6, r5
100002b8:	d0f7      	beq.n	100002aa <main+0x2a>
100002ba:	2200      	movs	r2, #0
100002bc:	6863      	ldr	r3, [r4, #4]
100002be:	422b      	tst	r3, r5
100002c0:	d013      	beq.n	100002ea <main+0x6a>
100002c2:	6866      	ldr	r6, [r4, #4]
100002c4:	2014      	movs	r0, #20
100002c6:	f000 fbd1 	bl	10000a6c <sleep_ms>
100002ca:	2201      	movs	r2, #1
100002cc:	422e      	tst	r6, r5
100002ce:	d1f5      	bne.n	100002bc <main+0x3c>
100002d0:	2380      	movs	r3, #128	@ 0x80
100002d2:	049b      	lsls	r3, r3, #18
100002d4:	2f00      	cmp	r7, #0
100002d6:	d10e      	bne.n	100002f6 <main+0x76>
100002d8:	6163      	str	r3, [r4, #20]
100002da:	6866      	ldr	r6, [r4, #4]
100002dc:	2014      	movs	r0, #20
100002de:	f000 fbc5 	bl	10000a6c <sleep_ms>
100002e2:	0436      	lsls	r6, r6, #16
100002e4:	d410      	bmi.n	10000308 <main+0x88>
100002e6:	3701      	adds	r7, #1
100002e8:	e7df      	b.n	100002aa <main+0x2a>
100002ea:	2a00      	cmp	r2, #0
100002ec:	d0dd      	beq.n	100002aa <main+0x2a>
100002ee:	2380      	movs	r3, #128	@ 0x80
100002f0:	049b      	lsls	r3, r3, #18
100002f2:	2f00      	cmp	r7, #0
100002f4:	d0f0      	beq.n	100002d8 <main+0x58>
100002f6:	61a3      	str	r3, [r4, #24]
100002f8:	6866      	ldr	r6, [r4, #4]
100002fa:	2014      	movs	r0, #20
100002fc:	f000 fbb6 	bl	10000a6c <sleep_ms>
10000300:	0436      	lsls	r6, r6, #16
10000302:	d5d1      	bpl.n	100002a8 <main+0x28>
10000304:	2700      	movs	r7, #0
10000306:	e7d8      	b.n	100002ba <main+0x3a>
10000308:	2701      	movs	r7, #1
1000030a:	e7d6      	b.n	100002ba <main+0x3a>

1000030c <gpio_set_pulls>:
1000030c:	4b06      	ldr	r3, [pc, #24]	@ (10000328 <gpio_set_pulls+0x1c>)
1000030e:	0080      	lsls	r0, r0, #2
10000310:	18c3      	adds	r3, r0, r3
10000312:	681b      	ldr	r3, [r3, #0]
10000314:	00c9      	lsls	r1, r1, #3
10000316:	0092      	lsls	r2, r2, #2
10000318:	430a      	orrs	r2, r1
1000031a:	405a      	eors	r2, r3
1000031c:	230c      	movs	r3, #12
1000031e:	4013      	ands	r3, r2
10000320:	4a02      	ldr	r2, [pc, #8]	@ (1000032c <gpio_set_pulls+0x20>)
10000322:	1880      	adds	r0, r0, r2
10000324:	6003      	str	r3, [r0, #0]
10000326:	4770      	bx	lr
10000328:	4001c004 	.word	0x4001c004
1000032c:	4001d004 	.word	0x4001d004

10000330 <gpio_init>:
10000330:	2301      	movs	r3, #1
10000332:	22d0      	movs	r2, #208	@ 0xd0
10000334:	4083      	lsls	r3, r0
10000336:	0612      	lsls	r2, r2, #24
10000338:	6293      	str	r3, [r2, #40]	@ 0x28
1000033a:	6193      	str	r3, [r2, #24]
1000033c:	4a08      	ldr	r2, [pc, #32]	@ (10000360 <gpio_init+0x30>)
1000033e:	0083      	lsls	r3, r0, #2
10000340:	189a      	adds	r2, r3, r2
10000342:	6811      	ldr	r1, [r2, #0]
10000344:	2240      	movs	r2, #64	@ 0x40
10000346:	4051      	eors	r1, r2
10000348:	3280      	adds	r2, #128	@ 0x80
1000034a:	400a      	ands	r2, r1
1000034c:	4905      	ldr	r1, [pc, #20]	@ (10000364 <gpio_init+0x34>)
1000034e:	00c0      	lsls	r0, r0, #3
10000350:	185b      	adds	r3, r3, r1
10000352:	601a      	str	r2, [r3, #0]
10000354:	4b04      	ldr	r3, [pc, #16]	@ (10000368 <gpio_init+0x38>)
10000356:	18c0      	adds	r0, r0, r3
10000358:	2305      	movs	r3, #5
1000035a:	6043      	str	r3, [r0, #4]
1000035c:	4770      	bx	lr
1000035e:	46c0      	nop			@ (mov r8, r8)
10000360:	4001c004 	.word	0x4001c004
10000364:	4001d004 	.word	0x4001d004
10000368:	40014000 	.word	0x40014000

1000036c <panic>:
1000036c:	b40f      	push	{r0, r1, r2, r3}
1000036e:	b500      	push	{lr}
10000370:	4808      	ldr	r0, [pc, #32]	@ (10000394 <panic+0x28>)
10000372:	b083      	sub	sp, #12
10000374:	f001 f9ca 	bl	1000170c <__wrap_puts>
10000378:	9b04      	ldr	r3, [sp, #16]
1000037a:	2b00      	cmp	r3, #0
1000037c:	d007      	beq.n	1000038e <panic+0x22>
1000037e:	a905      	add	r1, sp, #20
10000380:	0018      	movs	r0, r3
10000382:	9101      	str	r1, [sp, #4]
10000384:	f001 f878 	bl	10001478 <weak_raw_vprintf>
10000388:	4803      	ldr	r0, [pc, #12]	@ (10000398 <panic+0x2c>)
1000038a:	f001 f9bf 	bl	1000170c <__wrap_puts>
1000038e:	2001      	movs	r0, #1
10000390:	f001 f88a 	bl	100014a8 <_exit>
10000394:	10001814 	.word	0x10001814
10000398:	10001878 	.word	0x10001878

1000039c <hw_claim_or_assert>:
1000039c:	b570      	push	{r4, r5, r6, lr}
1000039e:	468c      	mov	ip, r1
100003a0:	0016      	movs	r6, r2
100003a2:	f3ef 8410 	mrs	r4, PRIMASK
100003a6:	b672      	cpsid	i
100003a8:	490f      	ldr	r1, [pc, #60]	@ (100003e8 <hw_claim_or_assert+0x4c>)
100003aa:	680b      	ldr	r3, [r1, #0]
100003ac:	2b00      	cmp	r3, #0
100003ae:	d0fc      	beq.n	100003aa <hw_claim_or_assert+0xe>
100003b0:	f3bf 8f5f 	dmb	sy
100003b4:	4663      	mov	r3, ip
100003b6:	08db      	lsrs	r3, r3, #3
100003b8:	18c5      	adds	r5, r0, r3
100003ba:	2207      	movs	r2, #7
100003bc:	5cc0      	ldrb	r0, [r0, r3]
100003be:	4663      	mov	r3, ip
100003c0:	401a      	ands	r2, r3
100003c2:	2301      	movs	r3, #1
100003c4:	4093      	lsls	r3, r2
100003c6:	001a      	movs	r2, r3
100003c8:	4002      	ands	r2, r0
100003ca:	4203      	tst	r3, r0
100003cc:	d107      	bne.n	100003de <hw_claim_or_assert+0x42>
100003ce:	4318      	orrs	r0, r3
100003d0:	7028      	strb	r0, [r5, #0]
100003d2:	f3bf 8f5f 	dmb	sy
100003d6:	600a      	str	r2, [r1, #0]
100003d8:	f384 8810 	msr	PRIMASK, r4
100003dc:	bd70      	pop	{r4, r5, r6, pc}
100003de:	4661      	mov	r1, ip
100003e0:	0030      	movs	r0, r6
100003e2:	f7ff ffc3 	bl	1000036c <panic>
100003e6:	46c0      	nop			@ (mov r8, r8)
100003e8:	d000012c 	.word	0xd000012c

100003ec <next_striped_spin_lock_num>:
100003ec:	4a04      	ldr	r2, [pc, #16]	@ (10000400 <next_striped_spin_lock_num+0x14>)
100003ee:	7810      	ldrb	r0, [r2, #0]
100003f0:	1c43      	adds	r3, r0, #1
100003f2:	b2db      	uxtb	r3, r3
100003f4:	2b17      	cmp	r3, #23
100003f6:	d900      	bls.n	100003fa <next_striped_spin_lock_num+0xe>
100003f8:	2310      	movs	r3, #16
100003fa:	7013      	strb	r3, [r2, #0]
100003fc:	4770      	bx	lr
100003fe:	46c0      	nop			@ (mov r8, r8)
10000400:	200001d8 	.word	0x200001d8

10000404 <spin_locks_reset>:
10000404:	2100      	movs	r1, #0
10000406:	4b04      	ldr	r3, [pc, #16]	@ (10000418 <spin_locks_reset+0x14>)
10000408:	4a04      	ldr	r2, [pc, #16]	@ (1000041c <spin_locks_reset+0x18>)
1000040a:	f3bf 8f5f 	dmb	sy
1000040e:	c302      	stmia	r3!, {r1}
10000410:	4293      	cmp	r3, r2
10000412:	d1fa      	bne.n	1000040a <spin_locks_reset+0x6>
10000414:	4770      	bx	lr
10000416:	46c0      	nop			@ (mov r8, r8)
10000418:	d0000100 	.word	0xd0000100
1000041c:	d0000180 	.word	0xd0000180

10000420 <runtime_init_per_core_irq_priorities>:
10000420:	4b08      	ldr	r3, [pc, #32]	@ (10000444 <runtime_init_per_core_irq_priorities+0x24>)
10000422:	4a09      	ldr	r2, [pc, #36]	@ (10000448 <runtime_init_per_core_irq_priorities+0x28>)
10000424:	6013      	str	r3, [r2, #0]
10000426:	4a09      	ldr	r2, [pc, #36]	@ (1000044c <runtime_init_per_core_irq_priorities+0x2c>)
10000428:	6013      	str	r3, [r2, #0]
1000042a:	4a09      	ldr	r2, [pc, #36]	@ (10000450 <runtime_init_per_core_irq_priorities+0x30>)
1000042c:	6013      	str	r3, [r2, #0]
1000042e:	4a09      	ldr	r2, [pc, #36]	@ (10000454 <runtime_init_per_core_irq_priorities+0x34>)
10000430:	6013      	str	r3, [r2, #0]
10000432:	4a09      	ldr	r2, [pc, #36]	@ (10000458 <runtime_init_per_core_irq_priorities+0x38>)
10000434:	6013      	str	r3, [r2, #0]
10000436:	4a09      	ldr	r2, [pc, #36]	@ (1000045c <runtime_init_per_core_irq_priorities+0x3c>)
10000438:	6013      	str	r3, [r2, #0]
1000043a:	4a09      	ldr	r2, [pc, #36]	@ (10000460 <runtime_init_per_core_irq_priorities+0x40>)
1000043c:	6013      	str	r3, [r2, #0]
1000043e:	4a09      	ldr	r2, [pc, #36]	@ (10000464 <runtime_init_per_core_irq_priorities+0x44>)
10000440:	6013      	str	r3, [r2, #0]
10000442:	4770      	bx	lr
10000444:	80808080 	.word	0x80808080
10000448:	e000e400 	.word	0xe000e400
1000044c:	e000e404 	.word	0xe000e404
10000450:	e000e408 	.word	0xe000e408
10000454:	e000e40c 	.word	0xe000e40c
10000458:	e000e410 	.word	0xe000e410
1000045c:	e000e414 	.word	0xe000e414
10000460:	e000e418 	.word	0xe000e418
10000464:	e000e41c 	.word	0xe000e41c

10000468 <irq_set_enabled>:
10000468:	231f      	movs	r3, #31
1000046a:	4018      	ands	r0, r3
1000046c:	3b1e      	subs	r3, #30
1000046e:	4083      	lsls	r3, r0
10000470:	2900      	cmp	r1, #0
10000472:	d005      	beq.n	10000480 <irq_set_enabled+0x18>
10000474:	21c0      	movs	r1, #192	@ 0xc0
10000476:	4a04      	ldr	r2, [pc, #16]	@ (10000488 <irq_set_enabled+0x20>)
10000478:	0049      	lsls	r1, r1, #1
1000047a:	5053      	str	r3, [r2, r1]
1000047c:	6013      	str	r3, [r2, #0]
1000047e:	4770      	bx	lr
10000480:	2280      	movs	r2, #128	@ 0x80
10000482:	4901      	ldr	r1, [pc, #4]	@ (10000488 <irq_set_enabled+0x20>)
10000484:	508b      	str	r3, [r1, r2]
10000486:	e7fa      	b.n	1000047e <irq_set_enabled+0x16>
10000488:	e000e100 	.word	0xe000e100

1000048c <irq_set_exclusive_handler>:
1000048c:	b510      	push	{r4, lr}
1000048e:	f3ef 8c10 	mrs	ip, PRIMASK
10000492:	b672      	cpsid	i
10000494:	4a0f      	ldr	r2, [pc, #60]	@ (100004d4 <irq_set_exclusive_handler+0x48>)
10000496:	6813      	ldr	r3, [r2, #0]
10000498:	2b00      	cmp	r3, #0
1000049a:	d0fc      	beq.n	10000496 <irq_set_exclusive_handler+0xa>
1000049c:	f3bf 8f5f 	dmb	sy
100004a0:	4b0d      	ldr	r3, [pc, #52]	@ (100004d8 <irq_set_exclusive_handler+0x4c>)
100004a2:	3010      	adds	r0, #16
100004a4:	689b      	ldr	r3, [r3, #8]
100004a6:	0080      	lsls	r0, r0, #2
100004a8:	581b      	ldr	r3, [r3, r0]
100004aa:	4a0c      	ldr	r2, [pc, #48]	@ (100004dc <irq_set_exclusive_handler+0x50>)
100004ac:	4293      	cmp	r3, r2
100004ae:	d001      	beq.n	100004b4 <irq_set_exclusive_handler+0x28>
100004b0:	4299      	cmp	r1, r3
100004b2:	d10c      	bne.n	100004ce <irq_set_exclusive_handler+0x42>
100004b4:	4b08      	ldr	r3, [pc, #32]	@ (100004d8 <irq_set_exclusive_handler+0x4c>)
100004b6:	689b      	ldr	r3, [r3, #8]
100004b8:	5019      	str	r1, [r3, r0]
100004ba:	f3bf 8f5f 	dmb	sy
100004be:	f3bf 8f5f 	dmb	sy
100004c2:	2200      	movs	r2, #0
100004c4:	4b03      	ldr	r3, [pc, #12]	@ (100004d4 <irq_set_exclusive_handler+0x48>)
100004c6:	601a      	str	r2, [r3, #0]
100004c8:	f38c 8810 	msr	PRIMASK, ip
100004cc:	bd10      	pop	{r4, pc}
100004ce:	f000 fda1 	bl	10001014 <hard_assertion_failure>
100004d2:	46c0      	nop			@ (mov r8, r8)
100004d4:	d0000124 	.word	0xd0000124
100004d8:	e000ed00 	.word	0xe000ed00
100004dc:	100001c1 	.word	0x100001c1

100004e0 <lock_init>:
100004e0:	4b02      	ldr	r3, [pc, #8]	@ (100004ec <lock_init+0xc>)
100004e2:	18c9      	adds	r1, r1, r3
100004e4:	0089      	lsls	r1, r1, #2
100004e6:	6001      	str	r1, [r0, #0]
100004e8:	4770      	bx	lr
100004ea:	46c0      	nop			@ (mov r8, r8)
100004ec:	34000040 	.word	0x34000040

100004f0 <runtime_init_mutex>:
100004f0:	b570      	push	{r4, r5, r6, lr}
100004f2:	4c11      	ldr	r4, [pc, #68]	@ (10000538 <runtime_init_mutex+0x48>)
100004f4:	4d11      	ldr	r5, [pc, #68]	@ (1000053c <runtime_init_mutex+0x4c>)
100004f6:	42ac      	cmp	r4, r5
100004f8:	d20f      	bcs.n	1000051a <runtime_init_mutex+0x2a>
100004fa:	26ff      	movs	r6, #255	@ 0xff
100004fc:	6823      	ldr	r3, [r4, #0]
100004fe:	2b00      	cmp	r3, #0
10000500:	d00c      	beq.n	1000051c <runtime_init_mutex+0x2c>
10000502:	f7ff ff73 	bl	100003ec <next_striped_spin_lock_num>
10000506:	0001      	movs	r1, r0
10000508:	0020      	movs	r0, r4
1000050a:	f7ff ffe9 	bl	100004e0 <lock_init>
1000050e:	80a6      	strh	r6, [r4, #4]
10000510:	f3bf 8f5f 	dmb	sy
10000514:	3408      	adds	r4, #8
10000516:	42ac      	cmp	r4, r5
10000518:	d3f0      	bcc.n	100004fc <runtime_init_mutex+0xc>
1000051a:	bd70      	pop	{r4, r5, r6, pc}
1000051c:	f7ff ff66 	bl	100003ec <next_striped_spin_lock_num>
10000520:	0001      	movs	r1, r0
10000522:	0020      	movs	r0, r4
10000524:	f7ff ffdc 	bl	100004e0 <lock_init>
10000528:	7126      	strb	r6, [r4, #4]
1000052a:	f3bf 8f5f 	dmb	sy
1000052e:	3408      	adds	r4, #8
10000530:	42ac      	cmp	r4, r5
10000532:	d3e3      	bcc.n	100004fc <runtime_init_mutex+0xc>
10000534:	e7f1      	b.n	1000051a <runtime_init_mutex+0x2a>
10000536:	46c0      	nop			@ (mov r8, r8)
10000538:	20000220 	.word	0x20000220
1000053c:	20000228 	.word	0x20000228

10000540 <sleep_until_callback>:
10000540:	4b0a      	ldr	r3, [pc, #40]	@ (1000056c <sleep_until_callback+0x2c>)
10000542:	6819      	ldr	r1, [r3, #0]
10000544:	f3ef 8010 	mrs	r0, PRIMASK
10000548:	b672      	cpsid	i
1000054a:	680a      	ldr	r2, [r1, #0]
1000054c:	2a00      	cmp	r2, #0
1000054e:	d0fc      	beq.n	1000054a <sleep_until_callback+0xa>
10000550:	f3bf 8f5f 	dmb	sy
10000554:	681b      	ldr	r3, [r3, #0]
10000556:	f3bf 8f5f 	dmb	sy
1000055a:	2200      	movs	r2, #0
1000055c:	601a      	str	r2, [r3, #0]
1000055e:	f380 8810 	msr	PRIMASK, r0
10000562:	bf40      	sev
10000564:	2000      	movs	r0, #0
10000566:	2100      	movs	r1, #0
10000568:	4770      	bx	lr
1000056a:	46c0      	nop			@ (mov r8, r8)
1000056c:	200005f4 	.word	0x200005f4

10000570 <alarm_pool_irq_handler>:
10000570:	b5f0      	push	{r4, r5, r6, r7, lr}
10000572:	46de      	mov	lr, fp
10000574:	4657      	mov	r7, sl
10000576:	464e      	mov	r6, r9
10000578:	4645      	mov	r5, r8
1000057a:	b5e0      	push	{r5, r6, r7, lr}
1000057c:	b085      	sub	sp, #20
1000057e:	f3ef 8305 	mrs	r3, IPSR
10000582:	2203      	movs	r2, #3
10000584:	401a      	ands	r2, r3
10000586:	4bb3      	ldr	r3, [pc, #716]	@ (10000854 <alarm_pool_irq_handler+0x2e4>)
10000588:	0091      	lsls	r1, r2, #2
1000058a:	585f      	ldr	r7, [r3, r1]
1000058c:	2301      	movs	r3, #1
1000058e:	4093      	lsls	r3, r2
10000590:	469b      	mov	fp, r3
10000592:	9202      	str	r2, [sp, #8]
10000594:	465a      	mov	r2, fp
10000596:	4688      	mov	r8, r1
10000598:	4baf      	ldr	r3, [pc, #700]	@ (10000858 <alarm_pool_irq_handler+0x2e8>)
1000059a:	601a      	str	r2, [r3, #0]
1000059c:	4baf      	ldr	r3, [pc, #700]	@ (1000085c <alarm_pool_irq_handler+0x2ec>)
1000059e:	9303      	str	r3, [sp, #12]
100005a0:	465b      	mov	r3, fp
100005a2:	48af      	ldr	r0, [pc, #700]	@ (10000860 <alarm_pool_irq_handler+0x2f0>)
100005a4:	6343      	str	r3, [r0, #52]	@ 0x34
100005a6:	2308      	movs	r3, #8
100005a8:	5efe      	ldrsh	r6, [r7, r3]
100005aa:	2e00      	cmp	r6, #0
100005ac:	da37      	bge.n	1000061e <alarm_pool_irq_handler+0xae>
100005ae:	88bb      	ldrh	r3, [r7, #4]
100005b0:	b21b      	sxth	r3, r3
100005b2:	2b00      	cmp	r3, #0
100005b4:	db00      	blt.n	100005b8 <alarm_pool_irq_handler+0x48>
100005b6:	e0a4      	b.n	10000702 <alarm_pool_irq_handler+0x192>
100005b8:	79bb      	ldrb	r3, [r7, #6]
100005ba:	2b00      	cmp	r3, #0
100005bc:	d000      	beq.n	100005c0 <alarm_pool_irq_handler+0x50>
100005be:	e0e5      	b.n	1000078c <alarm_pool_irq_handler+0x21c>
100005c0:	2308      	movs	r3, #8
100005c2:	5ef9      	ldrsh	r1, [r7, r3]
100005c4:	2900      	cmp	r1, #0
100005c6:	db20      	blt.n	1000060a <alarm_pool_irq_handler+0x9a>
100005c8:	004b      	lsls	r3, r1, #1
100005ca:	697a      	ldr	r2, [r7, #20]
100005cc:	185b      	adds	r3, r3, r1
100005ce:	00db      	lsls	r3, r3, #3
100005d0:	18d3      	adds	r3, r2, r3
100005d2:	689d      	ldr	r5, [r3, #8]
100005d4:	68dc      	ldr	r4, [r3, #12]
100005d6:	1c6b      	adds	r3, r5, #1
100005d8:	d100      	bne.n	100005dc <alarm_pool_irq_handler+0x6c>
100005da:	e104      	b.n	100007e6 <alarm_pool_irq_handler+0x276>
100005dc:	48a0      	ldr	r0, [pc, #640]	@ (10000860 <alarm_pool_irq_handler+0x2f0>)
100005de:	0001      	movs	r1, r0
100005e0:	4441      	add	r1, r8
100005e2:	6a82      	ldr	r2, [r0, #40]	@ 0x28
100005e4:	690b      	ldr	r3, [r1, #16]
100005e6:	1aae      	subs	r6, r5, r2
100005e8:	1a9b      	subs	r3, r3, r2
100005ea:	429e      	cmp	r6, r3
100005ec:	d315      	bcc.n	1000061a <alarm_pool_irq_handler+0xaa>
100005ee:	2301      	movs	r3, #1
100005f0:	6a02      	ldr	r2, [r0, #32]
100005f2:	9802      	ldr	r0, [sp, #8]
100005f4:	4083      	lsls	r3, r0
100005f6:	421a      	tst	r2, r3
100005f8:	d00f      	beq.n	1000061a <alarm_pool_irq_handler+0xaa>
100005fa:	4899      	ldr	r0, [pc, #612]	@ (10000860 <alarm_pool_irq_handler+0x2f0>)
100005fc:	f000 fb54 	bl	10000ca8 <timer_time_us_64>
10000600:	428c      	cmp	r4, r1
10000602:	dc02      	bgt.n	1000060a <alarm_pool_irq_handler+0x9a>
10000604:	d1cc      	bne.n	100005a0 <alarm_pool_irq_handler+0x30>
10000606:	4285      	cmp	r5, r0
10000608:	d9ca      	bls.n	100005a0 <alarm_pool_irq_handler+0x30>
1000060a:	bf40      	sev
1000060c:	b005      	add	sp, #20
1000060e:	bcf0      	pop	{r4, r5, r6, r7}
10000610:	46bb      	mov	fp, r7
10000612:	46b2      	mov	sl, r6
10000614:	46a9      	mov	r9, r5
10000616:	46a0      	mov	r8, r4
10000618:	bdf0      	pop	{r4, r5, r6, r7, pc}
1000061a:	610d      	str	r5, [r1, #16]
1000061c:	e7ed      	b.n	100005fa <alarm_pool_irq_handler+0x8a>
1000061e:	697a      	ldr	r2, [r7, #20]
10000620:	0073      	lsls	r3, r6, #1
10000622:	4691      	mov	r9, r2
10000624:	199b      	adds	r3, r3, r6
10000626:	00db      	lsls	r3, r3, #3
10000628:	4499      	add	r9, r3
1000062a:	464b      	mov	r3, r9
1000062c:	689c      	ldr	r4, [r3, #8]
1000062e:	68dd      	ldr	r5, [r3, #12]
10000630:	f000 fb3a 	bl	10000ca8 <timer_time_us_64>
10000634:	428d      	cmp	r5, r1
10000636:	dcba      	bgt.n	100005ae <alarm_pool_irq_handler+0x3e>
10000638:	d100      	bne.n	1000063c <alarm_pool_irq_handler+0xcc>
1000063a:	e0f6      	b.n	1000082a <alarm_pool_irq_handler+0x2ba>
1000063c:	2d00      	cmp	r5, #0
1000063e:	da00      	bge.n	10000642 <alarm_pool_irq_handler+0xd2>
10000640:	e0db      	b.n	100007fa <alarm_pool_irq_handler+0x28a>
10000642:	464a      	mov	r2, r9
10000644:	464b      	mov	r3, r9
10000646:	6952      	ldr	r2, [r2, #20]
10000648:	691b      	ldr	r3, [r3, #16]
1000064a:	4692      	mov	sl, r2
1000064c:	9a03      	ldr	r2, [sp, #12]
1000064e:	4293      	cmp	r3, r2
10000650:	d100      	bne.n	10000654 <alarm_pool_irq_handler+0xe4>
10000652:	e0cc      	b.n	100007ee <alarm_pool_irq_handler+0x27e>
10000654:	464a      	mov	r2, r9
10000656:	2108      	movs	r1, #8
10000658:	5e78      	ldrsh	r0, [r7, r1]
1000065a:	8852      	ldrh	r2, [r2, #2]
1000065c:	0400      	lsls	r0, r0, #16
1000065e:	4651      	mov	r1, sl
10000660:	4310      	orrs	r0, r2
10000662:	4798      	blx	r3
10000664:	9000      	str	r0, [sp, #0]
10000666:	9101      	str	r1, [sp, #4]
10000668:	9900      	ldr	r1, [sp, #0]
1000066a:	9a01      	ldr	r2, [sp, #4]
1000066c:	000b      	movs	r3, r1
1000066e:	4313      	orrs	r3, r2
10000670:	d100      	bne.n	10000674 <alarm_pool_irq_handler+0x104>
10000672:	e0c2      	b.n	100007fa <alarm_pool_irq_handler+0x28a>
10000674:	0013      	movs	r3, r2
10000676:	000a      	movs	r2, r1
10000678:	2b00      	cmp	r3, #0
1000067a:	db00      	blt.n	1000067e <alarm_pool_irq_handler+0x10e>
1000067c:	e0d9      	b.n	10000832 <alarm_pool_irq_handler+0x2c2>
1000067e:	0020      	movs	r0, r4
10000680:	0029      	movs	r1, r5
10000682:	1a80      	subs	r0, r0, r2
10000684:	4199      	sbcs	r1, r3
10000686:	464b      	mov	r3, r9
10000688:	6098      	str	r0, [r3, #8]
1000068a:	60d9      	str	r1, [r3, #12]
1000068c:	2200      	movs	r2, #0
1000068e:	5e9b      	ldrsh	r3, [r3, r2]
10000690:	2b00      	cmp	r3, #0
10000692:	da00      	bge.n	10000696 <alarm_pool_irq_handler+0x126>
10000694:	e78b      	b.n	100005ae <alarm_pool_irq_handler+0x3e>
10000696:	005d      	lsls	r5, r3, #1
10000698:	697c      	ldr	r4, [r7, #20]
1000069a:	18ea      	adds	r2, r5, r3
1000069c:	00d2      	lsls	r2, r2, #3
1000069e:	18a2      	adds	r2, r4, r2
100006a0:	9400      	str	r4, [sp, #0]
100006a2:	6894      	ldr	r4, [r2, #8]
100006a4:	68d2      	ldr	r2, [r2, #12]
100006a6:	46a2      	mov	sl, r4
100006a8:	428a      	cmp	r2, r1
100006aa:	dd00      	ble.n	100006ae <alarm_pool_irq_handler+0x13e>
100006ac:	e77f      	b.n	100005ae <alarm_pool_irq_handler+0x3e>
100006ae:	d102      	bne.n	100006b6 <alarm_pool_irq_handler+0x146>
100006b0:	4284      	cmp	r4, r0
100006b2:	d900      	bls.n	100006b6 <alarm_pool_irq_handler+0x146>
100006b4:	e77b      	b.n	100005ae <alarm_pool_irq_handler+0x3e>
100006b6:	2408      	movs	r4, #8
100006b8:	46a4      	mov	ip, r4
100006ba:	813b      	strh	r3, [r7, #8]
100006bc:	44bc      	add	ip, r7
100006be:	9c00      	ldr	r4, [sp, #0]
100006c0:	9700      	str	r7, [sp, #0]
100006c2:	002f      	movs	r7, r5
100006c4:	4665      	mov	r5, ip
100006c6:	46b4      	mov	ip, r6
100006c8:	003e      	movs	r6, r7
100006ca:	e006      	b.n	100006da <alarm_pool_irq_handler+0x16a>
100006cc:	005e      	lsls	r6, r3, #1
100006ce:	18f2      	adds	r2, r6, r3
100006d0:	00d2      	lsls	r2, r2, #3
100006d2:	18a2      	adds	r2, r4, r2
100006d4:	6897      	ldr	r7, [r2, #8]
100006d6:	68d2      	ldr	r2, [r2, #12]
100006d8:	46ba      	mov	sl, r7
100006da:	428a      	cmp	r2, r1
100006dc:	dc07      	bgt.n	100006ee <alarm_pool_irq_handler+0x17e>
100006de:	d100      	bne.n	100006e2 <alarm_pool_irq_handler+0x172>
100006e0:	e0b4      	b.n	1000084c <alarm_pool_irq_handler+0x2dc>
100006e2:	18f3      	adds	r3, r6, r3
100006e4:	00db      	lsls	r3, r3, #3
100006e6:	18e5      	adds	r5, r4, r3
100006e8:	5ee3      	ldrsh	r3, [r4, r3]
100006ea:	2b00      	cmp	r3, #0
100006ec:	daee      	bge.n	100006cc <alarm_pool_irq_handler+0x15c>
100006ee:	4666      	mov	r6, ip
100006f0:	464a      	mov	r2, r9
100006f2:	9f00      	ldr	r7, [sp, #0]
100006f4:	8013      	strh	r3, [r2, #0]
100006f6:	802e      	strh	r6, [r5, #0]
100006f8:	88bb      	ldrh	r3, [r7, #4]
100006fa:	b21b      	sxth	r3, r3
100006fc:	2b00      	cmp	r3, #0
100006fe:	da00      	bge.n	10000702 <alarm_pool_irq_handler+0x192>
10000700:	e75a      	b.n	100005b8 <alarm_pool_irq_handler+0x48>
10000702:	693a      	ldr	r2, [r7, #16]
10000704:	f3ef 8110 	mrs	r1, PRIMASK
10000708:	b672      	cpsid	i
1000070a:	6813      	ldr	r3, [r2, #0]
1000070c:	2b00      	cmp	r3, #0
1000070e:	d0fc      	beq.n	1000070a <alarm_pool_irq_handler+0x19a>
10000710:	f3bf 8f5f 	dmb	sy
10000714:	2301      	movs	r3, #1
10000716:	88be      	ldrh	r6, [r7, #4]
10000718:	425b      	negs	r3, r3
1000071a:	80bb      	strh	r3, [r7, #4]
1000071c:	b236      	sxth	r6, r6
1000071e:	693b      	ldr	r3, [r7, #16]
10000720:	f3bf 8f5f 	dmb	sy
10000724:	2200      	movs	r2, #0
10000726:	601a      	str	r2, [r3, #0]
10000728:	f381 8810 	msr	PRIMASK, r1
1000072c:	2e00      	cmp	r6, #0
1000072e:	da00      	bge.n	10000732 <alarm_pool_irq_handler+0x1c2>
10000730:	e742      	b.n	100005b8 <alarm_pool_irq_handler+0x48>
10000732:	003b      	movs	r3, r7
10000734:	3308      	adds	r3, #8
10000736:	003a      	movs	r2, r7
10000738:	4699      	mov	r9, r3
1000073a:	697d      	ldr	r5, [r7, #20]
1000073c:	0073      	lsls	r3, r6, #1
1000073e:	199b      	adds	r3, r3, r6
10000740:	2408      	movs	r4, #8
10000742:	5f11      	ldrsh	r1, [r2, r4]
10000744:	00db      	lsls	r3, r3, #3
10000746:	4648      	mov	r0, r9
10000748:	18eb      	adds	r3, r5, r3
1000074a:	2900      	cmp	r1, #0
1000074c:	db13      	blt.n	10000776 <alarm_pool_irq_handler+0x206>
1000074e:	689c      	ldr	r4, [r3, #8]
10000750:	9300      	str	r3, [sp, #0]
10000752:	46a4      	mov	ip, r4
10000754:	68dc      	ldr	r4, [r3, #12]
10000756:	e006      	b.n	10000766 <alarm_pool_irq_handler+0x1f6>
10000758:	42a3      	cmp	r3, r4
1000075a:	d040      	beq.n	100007de <alarm_pool_irq_handler+0x26e>
1000075c:	2300      	movs	r3, #0
1000075e:	5ef9      	ldrsh	r1, [r7, r3]
10000760:	0038      	movs	r0, r7
10000762:	2900      	cmp	r1, #0
10000764:	db06      	blt.n	10000774 <alarm_pool_irq_handler+0x204>
10000766:	004f      	lsls	r7, r1, #1
10000768:	187f      	adds	r7, r7, r1
1000076a:	00ff      	lsls	r7, r7, #3
1000076c:	19ef      	adds	r7, r5, r7
1000076e:	68fb      	ldr	r3, [r7, #12]
10000770:	42a3      	cmp	r3, r4
10000772:	ddf1      	ble.n	10000758 <alarm_pool_irq_handler+0x1e8>
10000774:	9b00      	ldr	r3, [sp, #0]
10000776:	8006      	strh	r6, [r0, #0]
10000778:	2000      	movs	r0, #0
1000077a:	5e1e      	ldrsh	r6, [r3, r0]
1000077c:	8019      	strh	r1, [r3, #0]
1000077e:	2e00      	cmp	r6, #0
10000780:	dadc      	bge.n	1000073c <alarm_pool_irq_handler+0x1cc>
10000782:	0017      	movs	r7, r2
10000784:	79bb      	ldrb	r3, [r7, #6]
10000786:	2b00      	cmp	r3, #0
10000788:	d100      	bne.n	1000078c <alarm_pool_irq_handler+0x21c>
1000078a:	e719      	b.n	100005c0 <alarm_pool_irq_handler+0x50>
1000078c:	2300      	movs	r3, #0
1000078e:	71bb      	strb	r3, [r7, #6]
10000790:	2308      	movs	r3, #8
10000792:	5ef9      	ldrsh	r1, [r7, r3]
10000794:	1c4b      	adds	r3, r1, #1
10000796:	d100      	bne.n	1000079a <alarm_pool_irq_handler+0x22a>
10000798:	e737      	b.n	1000060a <alarm_pool_irq_handler+0x9a>
1000079a:	003d      	movs	r5, r7
1000079c:	3508      	adds	r5, #8
1000079e:	46ac      	mov	ip, r5
100007a0:	697c      	ldr	r4, [r7, #20]
100007a2:	e003      	b.n	100007ac <alarm_pool_irq_handler+0x23c>
100007a4:	4684      	mov	ip, r0
100007a6:	1c4b      	adds	r3, r1, #1
100007a8:	d100      	bne.n	100007ac <alarm_pool_irq_handler+0x23c>
100007aa:	e709      	b.n	100005c0 <alarm_pool_irq_handler+0x50>
100007ac:	004b      	lsls	r3, r1, #1
100007ae:	185b      	adds	r3, r3, r1
100007b0:	00db      	lsls	r3, r3, #3
100007b2:	18e0      	adds	r0, r4, r3
100007b4:	000a      	movs	r2, r1
100007b6:	5ee1      	ldrsh	r1, [r4, r3]
100007b8:	8843      	ldrh	r3, [r0, #2]
100007ba:	b21b      	sxth	r3, r3
100007bc:	2b00      	cmp	r3, #0
100007be:	daf1      	bge.n	100007a4 <alarm_pool_irq_handler+0x234>
100007c0:	2501      	movs	r5, #1
100007c2:	426d      	negs	r5, r5
100007c4:	17ee      	asrs	r6, r5, #31
100007c6:	6085      	str	r5, [r0, #8]
100007c8:	60c6      	str	r6, [r0, #12]
100007ca:	2508      	movs	r5, #8
100007cc:	5f7b      	ldrsh	r3, [r7, r5]
100007ce:	4293      	cmp	r3, r2
100007d0:	d0e9      	beq.n	100007a6 <alarm_pool_irq_handler+0x236>
100007d2:	4663      	mov	r3, ip
100007d4:	8019      	strh	r1, [r3, #0]
100007d6:	893b      	ldrh	r3, [r7, #8]
100007d8:	8003      	strh	r3, [r0, #0]
100007da:	813a      	strh	r2, [r7, #8]
100007dc:	e7e3      	b.n	100007a6 <alarm_pool_irq_handler+0x236>
100007de:	68bb      	ldr	r3, [r7, #8]
100007e0:	4563      	cmp	r3, ip
100007e2:	d9bb      	bls.n	1000075c <alarm_pool_irq_handler+0x1ec>
100007e4:	e7c6      	b.n	10000774 <alarm_pool_irq_handler+0x204>
100007e6:	1c63      	adds	r3, r4, #1
100007e8:	d000      	beq.n	100007ec <alarm_pool_irq_handler+0x27c>
100007ea:	e6f7      	b.n	100005dc <alarm_pool_irq_handler+0x6c>
100007ec:	e705      	b.n	100005fa <alarm_pool_irq_handler+0x8a>
100007ee:	4653      	mov	r3, sl
100007f0:	4650      	mov	r0, sl
100007f2:	691b      	ldr	r3, [r3, #16]
100007f4:	4798      	blx	r3
100007f6:	2800      	cmp	r0, #0
100007f8:	d123      	bne.n	10000842 <alarm_pool_irq_handler+0x2d2>
100007fa:	464b      	mov	r3, r9
100007fc:	881b      	ldrh	r3, [r3, #0]
100007fe:	693a      	ldr	r2, [r7, #16]
10000800:	813b      	strh	r3, [r7, #8]
10000802:	f3ef 8310 	mrs	r3, PRIMASK
10000806:	b672      	cpsid	i
10000808:	6811      	ldr	r1, [r2, #0]
1000080a:	2900      	cmp	r1, #0
1000080c:	d0fc      	beq.n	10000808 <alarm_pool_irq_handler+0x298>
1000080e:	f3bf 8f5f 	dmb	sy
10000812:	4649      	mov	r1, r9
10000814:	887a      	ldrh	r2, [r7, #2]
10000816:	800a      	strh	r2, [r1, #0]
10000818:	693a      	ldr	r2, [r7, #16]
1000081a:	807e      	strh	r6, [r7, #2]
1000081c:	f3bf 8f5f 	dmb	sy
10000820:	2100      	movs	r1, #0
10000822:	6011      	str	r1, [r2, #0]
10000824:	f383 8810 	msr	PRIMASK, r3
10000828:	e6c1      	b.n	100005ae <alarm_pool_irq_handler+0x3e>
1000082a:	4284      	cmp	r4, r0
1000082c:	d800      	bhi.n	10000830 <alarm_pool_irq_handler+0x2c0>
1000082e:	e705      	b.n	1000063c <alarm_pool_irq_handler+0xcc>
10000830:	e6bd      	b.n	100005ae <alarm_pool_irq_handler+0x3e>
10000832:	480b      	ldr	r0, [pc, #44]	@ (10000860 <alarm_pool_irq_handler+0x2f0>)
10000834:	f000 fa38 	bl	10000ca8 <timer_time_us_64>
10000838:	9b00      	ldr	r3, [sp, #0]
1000083a:	9c01      	ldr	r4, [sp, #4]
1000083c:	18c0      	adds	r0, r0, r3
1000083e:	4161      	adcs	r1, r4
10000840:	e721      	b.n	10000686 <alarm_pool_irq_handler+0x116>
10000842:	4653      	mov	r3, sl
10000844:	cb0c      	ldmia	r3, {r2, r3}
10000846:	9200      	str	r2, [sp, #0]
10000848:	9301      	str	r3, [sp, #4]
1000084a:	e70d      	b.n	10000668 <alarm_pool_irq_handler+0xf8>
1000084c:	4582      	cmp	sl, r0
1000084e:	d800      	bhi.n	10000852 <alarm_pool_irq_handler+0x2e2>
10000850:	e747      	b.n	100006e2 <alarm_pool_irq_handler+0x172>
10000852:	e74c      	b.n	100006ee <alarm_pool_irq_handler+0x17e>
10000854:	200005e0 	.word	0x200005e0
10000858:	4005703c 	.word	0x4005703c
1000085c:	10000571 	.word	0x10000571
10000860:	40054000 	.word	0x40054000

10000864 <runtime_init_default_alarm_pool>:
10000864:	b570      	push	{r4, r5, r6, lr}
10000866:	4c2d      	ldr	r4, [pc, #180]	@ (1000091c <runtime_init_default_alarm_pool+0xb8>)
10000868:	6925      	ldr	r5, [r4, #16]
1000086a:	2d00      	cmp	r5, #0
1000086c:	d004      	beq.n	10000878 <runtime_init_default_alarm_pool+0x14>
1000086e:	210a      	movs	r1, #10
10000870:	482b      	ldr	r0, [pc, #172]	@ (10000920 <runtime_init_default_alarm_pool+0xbc>)
10000872:	f7ff fe35 	bl	100004e0 <lock_init>
10000876:	bd70      	pop	{r4, r5, r6, pc}
10000878:	4e2a      	ldr	r6, [pc, #168]	@ (10000924 <runtime_init_default_alarm_pool+0xc0>)
1000087a:	2103      	movs	r1, #3
1000087c:	4829      	ldr	r0, [pc, #164]	@ (10000924 <runtime_init_default_alarm_pool+0xc0>)
1000087e:	f000 fa09 	bl	10000c94 <timer_hardware_alarm_claim>
10000882:	60e6      	str	r6, [r4, #12]
10000884:	f7ff fdb2 	bl	100003ec <next_striped_spin_lock_num>
10000888:	4b27      	ldr	r3, [pc, #156]	@ (10000928 <runtime_init_default_alarm_pool+0xc4>)
1000088a:	2203      	movs	r2, #3
1000088c:	18c0      	adds	r0, r0, r3
1000088e:	23d0      	movs	r3, #208	@ 0xd0
10000890:	7022      	strb	r2, [r4, #0]
10000892:	061b      	lsls	r3, r3, #24
10000894:	681b      	ldr	r3, [r3, #0]
10000896:	2101      	movs	r1, #1
10000898:	7063      	strb	r3, [r4, #1]
1000089a:	4b24      	ldr	r3, [pc, #144]	@ (1000092c <runtime_init_default_alarm_pool+0xc8>)
1000089c:	0080      	lsls	r0, r0, #2
1000089e:	60a3      	str	r3, [r4, #8]
100008a0:	230f      	movs	r3, #15
100008a2:	6120      	str	r0, [r4, #16]
100008a4:	2002      	movs	r0, #2
100008a6:	8063      	strh	r3, [r4, #2]
100008a8:	6963      	ldr	r3, [r4, #20]
100008aa:	4249      	negs	r1, r1
100008ac:	80a1      	strh	r1, [r4, #4]
100008ae:	8019      	strh	r1, [r3, #0]
100008b0:	3102      	adds	r1, #2
100008b2:	8619      	strh	r1, [r3, #48]	@ 0x30
100008b4:	3147      	adds	r1, #71	@ 0x47
100008b6:	831d      	strh	r5, [r3, #24]
100008b8:	5258      	strh	r0, [r3, r1]
100008ba:	3118      	adds	r1, #24
100008bc:	525a      	strh	r2, [r3, r1]
100008be:	3275      	adds	r2, #117	@ 0x75
100008c0:	395c      	subs	r1, #92	@ 0x5c
100008c2:	5299      	strh	r1, [r3, r2]
100008c4:	3218      	adds	r2, #24
100008c6:	3101      	adds	r1, #1
100008c8:	5299      	strh	r1, [r3, r2]
100008ca:	3218      	adds	r2, #24
100008cc:	3101      	adds	r1, #1
100008ce:	5299      	strh	r1, [r3, r2]
100008d0:	3218      	adds	r2, #24
100008d2:	3101      	adds	r1, #1
100008d4:	5299      	strh	r1, [r3, r2]
100008d6:	3508      	adds	r5, #8
100008d8:	3218      	adds	r2, #24
100008da:	529d      	strh	r5, [r3, r2]
100008dc:	3102      	adds	r1, #2
100008de:	3218      	adds	r2, #24
100008e0:	5299      	strh	r1, [r3, r2]
100008e2:	3218      	adds	r2, #24
100008e4:	3101      	adds	r1, #1
100008e6:	5299      	strh	r1, [r3, r2]
100008e8:	3218      	adds	r2, #24
100008ea:	3101      	adds	r1, #1
100008ec:	5299      	strh	r1, [r3, r2]
100008ee:	3218      	adds	r2, #24
100008f0:	3101      	adds	r1, #1
100008f2:	5299      	strh	r1, [r3, r2]
100008f4:	3218      	adds	r2, #24
100008f6:	3101      	adds	r1, #1
100008f8:	5299      	strh	r1, [r3, r2]
100008fa:	3218      	adds	r2, #24
100008fc:	3101      	adds	r1, #1
100008fe:	5299      	strh	r1, [r3, r2]
10000900:	4b0b      	ldr	r3, [pc, #44]	@ (10000930 <runtime_init_default_alarm_pool+0xcc>)
10000902:	490c      	ldr	r1, [pc, #48]	@ (10000934 <runtime_init_default_alarm_pool+0xd0>)
10000904:	60dc      	str	r4, [r3, #12]
10000906:	3001      	adds	r0, #1
10000908:	6235      	str	r5, [r6, #32]
1000090a:	f7ff fdbf 	bl	1000048c <irq_set_exclusive_handler>
1000090e:	2101      	movs	r1, #1
10000910:	2003      	movs	r0, #3
10000912:	f7ff fda9 	bl	10000468 <irq_set_enabled>
10000916:	4b08      	ldr	r3, [pc, #32]	@ (10000938 <runtime_init_default_alarm_pool+0xd4>)
10000918:	601d      	str	r5, [r3, #0]
1000091a:	e7a8      	b.n	1000086e <runtime_init_default_alarm_pool+0xa>
1000091c:	200001e8 	.word	0x200001e8
10000920:	200005f4 	.word	0x200005f4
10000924:	40054000 	.word	0x40054000
10000928:	34000040 	.word	0x34000040
1000092c:	0010ffff 	.word	0x0010ffff
10000930:	200005e0 	.word	0x200005e0
10000934:	10000571 	.word	0x10000571
10000938:	40056038 	.word	0x40056038

1000093c <alarm_pool_add_alarm_at_force_in_context>:
1000093c:	b570      	push	{r4, r5, r6, lr}
1000093e:	b082      	sub	sp, #8
10000940:	9200      	str	r2, [sp, #0]
10000942:	9301      	str	r3, [sp, #4]
10000944:	0001      	movs	r1, r0
10000946:	6902      	ldr	r2, [r0, #16]
10000948:	f3ef 8410 	mrs	r4, PRIMASK
1000094c:	b672      	cpsid	i
1000094e:	6813      	ldr	r3, [r2, #0]
10000950:	2b00      	cmp	r3, #0
10000952:	d0fc      	beq.n	1000094e <alarm_pool_add_alarm_at_force_in_context+0x12>
10000954:	f3bf 8f5f 	dmb	sy
10000958:	2302      	movs	r3, #2
1000095a:	5ec8      	ldrsh	r0, [r1, r3]
1000095c:	690d      	ldr	r5, [r1, #16]
1000095e:	2800      	cmp	r0, #0
10000960:	db3f      	blt.n	100009e2 <alarm_pool_add_alarm_at_force_in_context+0xa6>
10000962:	694a      	ldr	r2, [r1, #20]
10000964:	0043      	lsls	r3, r0, #1
10000966:	0016      	movs	r6, r2
10000968:	181b      	adds	r3, r3, r0
1000096a:	00db      	lsls	r3, r3, #3
1000096c:	18d2      	adds	r2, r2, r3
1000096e:	5af3      	ldrh	r3, [r6, r3]
10000970:	804b      	strh	r3, [r1, #2]
10000972:	f3bf 8f5f 	dmb	sy
10000976:	2300      	movs	r3, #0
10000978:	602b      	str	r3, [r5, #0]
1000097a:	f384 8810 	msr	PRIMASK, r4
1000097e:	9b06      	ldr	r3, [sp, #24]
10000980:	6113      	str	r3, [r2, #16]
10000982:	9b07      	ldr	r3, [sp, #28]
10000984:	6153      	str	r3, [r2, #20]
10000986:	9b00      	ldr	r3, [sp, #0]
10000988:	9c01      	ldr	r4, [sp, #4]
1000098a:	6093      	str	r3, [r2, #8]
1000098c:	60d4      	str	r4, [r2, #12]
1000098e:	8853      	ldrh	r3, [r2, #2]
10000990:	3301      	adds	r3, #1
10000992:	045b      	lsls	r3, r3, #17
10000994:	0c5b      	lsrs	r3, r3, #17
10000996:	1c1d      	adds	r5, r3, #0
10000998:	2b00      	cmp	r3, #0
1000099a:	d020      	beq.n	100009de <alarm_pool_add_alarm_at_force_in_context+0xa2>
1000099c:	b2ac      	uxth	r4, r5
1000099e:	0403      	lsls	r3, r0, #16
100009a0:	8055      	strh	r5, [r2, #2]
100009a2:	4323      	orrs	r3, r4
100009a4:	690d      	ldr	r5, [r1, #16]
100009a6:	f3ef 8c10 	mrs	ip, PRIMASK
100009aa:	b672      	cpsid	i
100009ac:	682c      	ldr	r4, [r5, #0]
100009ae:	2c00      	cmp	r4, #0
100009b0:	d0fc      	beq.n	100009ac <alarm_pool_add_alarm_at_force_in_context+0x70>
100009b2:	f3bf 8f5f 	dmb	sy
100009b6:	888c      	ldrh	r4, [r1, #4]
100009b8:	8014      	strh	r4, [r2, #0]
100009ba:	8088      	strh	r0, [r1, #4]
100009bc:	690a      	ldr	r2, [r1, #16]
100009be:	f3bf 8f5f 	dmb	sy
100009c2:	2000      	movs	r0, #0
100009c4:	6010      	str	r0, [r2, #0]
100009c6:	f38c 8810 	msr	PRIMASK, ip
100009ca:	780a      	ldrb	r2, [r1, #0]
100009cc:	3001      	adds	r0, #1
100009ce:	4090      	lsls	r0, r2
100009d0:	68ca      	ldr	r2, [r1, #12]
100009d2:	4908      	ldr	r1, [pc, #32]	@ (100009f4 <alarm_pool_add_alarm_at_force_in_context+0xb8>)
100009d4:	1852      	adds	r2, r2, r1
100009d6:	6010      	str	r0, [r2, #0]
100009d8:	0018      	movs	r0, r3
100009da:	b002      	add	sp, #8
100009dc:	bd70      	pop	{r4, r5, r6, pc}
100009de:	2501      	movs	r5, #1
100009e0:	e7dc      	b.n	1000099c <alarm_pool_add_alarm_at_force_in_context+0x60>
100009e2:	f3bf 8f5f 	dmb	sy
100009e6:	2300      	movs	r3, #0
100009e8:	602b      	str	r3, [r5, #0]
100009ea:	f384 8810 	msr	PRIMASK, r4
100009ee:	3b01      	subs	r3, #1
100009f0:	e7f2      	b.n	100009d8 <alarm_pool_add_alarm_at_force_in_context+0x9c>
100009f2:	46c0      	nop			@ (mov r8, r8)
100009f4:	0000203c 	.word	0x0000203c

100009f8 <alarm_pool_cancel_alarm>:
100009f8:	b510      	push	{r4, lr}
100009fa:	8943      	ldrh	r3, [r0, #10]
100009fc:	140a      	asrs	r2, r1, #16
100009fe:	4293      	cmp	r3, r2
10000a00:	dd1a      	ble.n	10000a38 <alarm_pool_cancel_alarm+0x40>
10000a02:	0053      	lsls	r3, r2, #1
10000a04:	189b      	adds	r3, r3, r2
10000a06:	6942      	ldr	r2, [r0, #20]
10000a08:	00db      	lsls	r3, r3, #3
10000a0a:	18d3      	adds	r3, r2, r3
10000a0c:	6904      	ldr	r4, [r0, #16]
10000a0e:	f3ef 8c10 	mrs	ip, PRIMASK
10000a12:	b672      	cpsid	i
10000a14:	6822      	ldr	r2, [r4, #0]
10000a16:	2a00      	cmp	r2, #0
10000a18:	d0fc      	beq.n	10000a14 <alarm_pool_cancel_alarm+0x1c>
10000a1a:	f3bf 8f5f 	dmb	sy
10000a1e:	885a      	ldrh	r2, [r3, #2]
10000a20:	0409      	lsls	r1, r1, #16
10000a22:	b294      	uxth	r4, r2
10000a24:	0c09      	lsrs	r1, r1, #16
10000a26:	428a      	cmp	r2, r1
10000a28:	d008      	beq.n	10000a3c <alarm_pool_cancel_alarm+0x44>
10000a2a:	6903      	ldr	r3, [r0, #16]
10000a2c:	f3bf 8f5f 	dmb	sy
10000a30:	2200      	movs	r2, #0
10000a32:	601a      	str	r2, [r3, #0]
10000a34:	f38c 8810 	msr	PRIMASK, ip
10000a38:	2000      	movs	r0, #0
10000a3a:	bd10      	pop	{r4, pc}
10000a3c:	4a09      	ldr	r2, [pc, #36]	@ (10000a64 <alarm_pool_cancel_alarm+0x6c>)
10000a3e:	4322      	orrs	r2, r4
10000a40:	805a      	strh	r2, [r3, #2]
10000a42:	2301      	movs	r3, #1
10000a44:	6902      	ldr	r2, [r0, #16]
10000a46:	7183      	strb	r3, [r0, #6]
10000a48:	f3bf 8f5f 	dmb	sy
10000a4c:	2100      	movs	r1, #0
10000a4e:	6011      	str	r1, [r2, #0]
10000a50:	f38c 8810 	msr	PRIMASK, ip
10000a54:	7802      	ldrb	r2, [r0, #0]
10000a56:	4904      	ldr	r1, [pc, #16]	@ (10000a68 <alarm_pool_cancel_alarm+0x70>)
10000a58:	4093      	lsls	r3, r2
10000a5a:	68c2      	ldr	r2, [r0, #12]
10000a5c:	2001      	movs	r0, #1
10000a5e:	1852      	adds	r2, r2, r1
10000a60:	6013      	str	r3, [r2, #0]
10000a62:	e7ea      	b.n	10000a3a <alarm_pool_cancel_alarm+0x42>
10000a64:	ffff8000 	.word	0xffff8000
10000a68:	0000203c 	.word	0x0000203c

10000a6c <sleep_ms>:
10000a6c:	b5f0      	push	{r4, r5, r6, r7, lr}
10000a6e:	46c6      	mov	lr, r8
10000a70:	b500      	push	{lr}
10000a72:	b082      	sub	sp, #8
10000a74:	0004      	movs	r4, r0
10000a76:	f000 f91f 	bl	10000cb8 <time_us_64>
10000a7a:	22fa      	movs	r2, #250	@ 0xfa
10000a7c:	0006      	movs	r6, r0
10000a7e:	000f      	movs	r7, r1
10000a80:	0020      	movs	r0, r4
10000a82:	2300      	movs	r3, #0
10000a84:	2100      	movs	r1, #0
10000a86:	0092      	lsls	r2, r2, #2
10000a88:	f000 fc7c 	bl	10001384 <__wrap___aeabi_lmul>
10000a8c:	1980      	adds	r0, r0, r6
10000a8e:	4179      	adcs	r1, r7
10000a90:	0004      	movs	r4, r0
10000a92:	1e0d      	subs	r5, r1, #0
10000a94:	da02      	bge.n	10000a9c <sleep_ms+0x30>
10000a96:	2401      	movs	r4, #1
10000a98:	4d2e      	ldr	r5, [pc, #184]	@ (10000b54 <sleep_ms+0xe8>)
10000a9a:	4264      	negs	r4, r4
10000a9c:	2606      	movs	r6, #6
10000a9e:	4276      	negs	r6, r6
10000aa0:	17f7      	asrs	r7, r6, #31
10000aa2:	1936      	adds	r6, r6, r4
10000aa4:	416f      	adcs	r7, r5
10000aa6:	42af      	cmp	r7, r5
10000aa8:	d814      	bhi.n	10000ad4 <sleep_ms+0x68>
10000aaa:	d011      	beq.n	10000ad0 <sleep_ms+0x64>
10000aac:	f000 f904 	bl	10000cb8 <time_us_64>
10000ab0:	0032      	movs	r2, r6
10000ab2:	003b      	movs	r3, r7
10000ab4:	1a12      	subs	r2, r2, r0
10000ab6:	418b      	sbcs	r3, r1
10000ab8:	2b00      	cmp	r3, #0
10000aba:	dc15      	bgt.n	10000ae8 <sleep_ms+0x7c>
10000abc:	2b00      	cmp	r3, #0
10000abe:	d046      	beq.n	10000b4e <sleep_ms+0xe2>
10000ac0:	0020      	movs	r0, r4
10000ac2:	0029      	movs	r1, r5
10000ac4:	f000 f902 	bl	10000ccc <busy_wait_until>
10000ac8:	b002      	add	sp, #8
10000aca:	bc80      	pop	{r7}
10000acc:	46b8      	mov	r8, r7
10000ace:	bdf0      	pop	{r4, r5, r6, r7, pc}
10000ad0:	42a6      	cmp	r6, r4
10000ad2:	d9eb      	bls.n	10000aac <sleep_ms+0x40>
10000ad4:	2600      	movs	r6, #0
10000ad6:	2700      	movs	r7, #0
10000ad8:	f000 f8ee 	bl	10000cb8 <time_us_64>
10000adc:	0032      	movs	r2, r6
10000ade:	003b      	movs	r3, r7
10000ae0:	1a12      	subs	r2, r2, r0
10000ae2:	418b      	sbcs	r3, r1
10000ae4:	2b00      	cmp	r3, #0
10000ae6:	dde9      	ble.n	10000abc <sleep_ms+0x50>
10000ae8:	f000 f8e6 	bl	10000cb8 <time_us_64>
10000aec:	0032      	movs	r2, r6
10000aee:	003b      	movs	r3, r7
10000af0:	1a12      	subs	r2, r2, r0
10000af2:	418b      	sbcs	r3, r1
10000af4:	2b00      	cmp	r3, #0
10000af6:	db0a      	blt.n	10000b0e <sleep_ms+0xa2>
10000af8:	2300      	movs	r3, #0
10000afa:	9301      	str	r3, [sp, #4]
10000afc:	4b16      	ldr	r3, [pc, #88]	@ (10000b58 <sleep_ms+0xec>)
10000afe:	0032      	movs	r2, r6
10000b00:	9300      	str	r3, [sp, #0]
10000b02:	4816      	ldr	r0, [pc, #88]	@ (10000b5c <sleep_ms+0xf0>)
10000b04:	003b      	movs	r3, r7
10000b06:	f7ff ff19 	bl	1000093c <alarm_pool_add_alarm_at_force_in_context>
10000b0a:	3001      	adds	r0, #1
10000b0c:	d0d8      	beq.n	10000ac0 <sleep_ms+0x54>
10000b0e:	2300      	movs	r3, #0
10000b10:	0039      	movs	r1, r7
10000b12:	46b0      	mov	r8, r6
10000b14:	469c      	mov	ip, r3
10000b16:	4a12      	ldr	r2, [pc, #72]	@ (10000b60 <sleep_ms+0xf4>)
10000b18:	4812      	ldr	r0, [pc, #72]	@ (10000b64 <sleep_ms+0xf8>)
10000b1a:	6a53      	ldr	r3, [r2, #36]	@ 0x24
10000b1c:	4299      	cmp	r1, r3
10000b1e:	d804      	bhi.n	10000b2a <sleep_ms+0xbe>
10000b20:	6a96      	ldr	r6, [r2, #40]	@ 0x28
10000b22:	4546      	cmp	r6, r8
10000b24:	d2cc      	bcs.n	10000ac0 <sleep_ms+0x54>
10000b26:	4299      	cmp	r1, r3
10000b28:	d1ca      	bne.n	10000ac0 <sleep_ms+0x54>
10000b2a:	6806      	ldr	r6, [r0, #0]
10000b2c:	f3ef 8710 	mrs	r7, PRIMASK
10000b30:	b672      	cpsid	i
10000b32:	6833      	ldr	r3, [r6, #0]
10000b34:	2b00      	cmp	r3, #0
10000b36:	d0fc      	beq.n	10000b32 <sleep_ms+0xc6>
10000b38:	f3bf 8f5f 	dmb	sy
10000b3c:	6803      	ldr	r3, [r0, #0]
10000b3e:	f3bf 8f5f 	dmb	sy
10000b42:	4666      	mov	r6, ip
10000b44:	601e      	str	r6, [r3, #0]
10000b46:	f387 8810 	msr	PRIMASK, r7
10000b4a:	bf20      	wfe
10000b4c:	e7e5      	b.n	10000b1a <sleep_ms+0xae>
10000b4e:	2a00      	cmp	r2, #0
10000b50:	d0b6      	beq.n	10000ac0 <sleep_ms+0x54>
10000b52:	e7c9      	b.n	10000ae8 <sleep_ms+0x7c>
10000b54:	7fffffff 	.word	0x7fffffff
10000b58:	10000541 	.word	0x10000541
10000b5c:	200001e8 	.word	0x200001e8
10000b60:	40054000 	.word	0x40054000
10000b64:	200005f4 	.word	0x200005f4

10000b68 <best_effort_wfe_or_timeout>:
10000b68:	b5f0      	push	{r4, r5, r6, r7, lr}
10000b6a:	46ce      	mov	lr, r9
10000b6c:	4647      	mov	r7, r8
10000b6e:	b580      	push	{r7, lr}
10000b70:	0004      	movs	r4, r0
10000b72:	000d      	movs	r5, r1
10000b74:	b085      	sub	sp, #20
10000b76:	f3ef 8305 	mrs	r3, IPSR
10000b7a:	4689      	mov	r9, r1
10000b7c:	2b00      	cmp	r3, #0
10000b7e:	d132      	bne.n	10000be6 <best_effort_wfe_or_timeout+0x7e>
10000b80:	4e40      	ldr	r6, [pc, #256]	@ (10000c84 <best_effort_wfe_or_timeout+0x11c>)
10000b82:	6833      	ldr	r3, [r6, #0]
10000b84:	4283      	cmp	r3, r0
10000b86:	d02a      	beq.n	10000bde <best_effort_wfe_or_timeout+0x76>
10000b88:	4f3f      	ldr	r7, [pc, #252]	@ (10000c88 <best_effort_wfe_or_timeout+0x120>)
10000b8a:	68fb      	ldr	r3, [r7, #12]
10000b8c:	783a      	ldrb	r2, [r7, #0]
10000b8e:	4698      	mov	r8, r3
10000b90:	0018      	movs	r0, r3
10000b92:	9203      	str	r2, [sp, #12]
10000b94:	f000 f888 	bl	10000ca8 <timer_time_us_64>
10000b98:	9a03      	ldr	r2, [sp, #12]
10000b9a:	1d13      	adds	r3, r2, #4
10000b9c:	4642      	mov	r2, r8
10000b9e:	009b      	lsls	r3, r3, #2
10000ba0:	589b      	ldr	r3, [r3, r2]
10000ba2:	0022      	movs	r2, r4
10000ba4:	1a1b      	subs	r3, r3, r0
10000ba6:	469c      	mov	ip, r3
10000ba8:	002b      	movs	r3, r5
10000baa:	1a12      	subs	r2, r2, r0
10000bac:	418b      	sbcs	r3, r1
10000bae:	0019      	movs	r1, r3
10000bb0:	2300      	movs	r3, #0
10000bb2:	0010      	movs	r0, r2
10000bb4:	428b      	cmp	r3, r1
10000bb6:	dc25      	bgt.n	10000c04 <best_effort_wfe_or_timeout+0x9c>
10000bb8:	d022      	beq.n	10000c00 <best_effort_wfe_or_timeout+0x98>
10000bba:	bf20      	wfe
10000bbc:	4b33      	ldr	r3, [pc, #204]	@ (10000c8c <best_effort_wfe_or_timeout+0x124>)
10000bbe:	6a58      	ldr	r0, [r3, #36]	@ 0x24
10000bc0:	4548      	cmp	r0, r9
10000bc2:	d32b      	bcc.n	10000c1c <best_effort_wfe_or_timeout+0xb4>
10000bc4:	1b40      	subs	r0, r0, r5
10000bc6:	6a9a      	ldr	r2, [r3, #40]	@ 0x28
10000bc8:	1e43      	subs	r3, r0, #1
10000bca:	4198      	sbcs	r0, r3
10000bcc:	2300      	movs	r3, #0
10000bce:	42a2      	cmp	r2, r4
10000bd0:	415b      	adcs	r3, r3
10000bd2:	4318      	orrs	r0, r3
10000bd4:	b005      	add	sp, #20
10000bd6:	bcc0      	pop	{r6, r7}
10000bd8:	46b9      	mov	r9, r7
10000bda:	46b0      	mov	r8, r6
10000bdc:	bdf0      	pop	{r4, r5, r6, r7, pc}
10000bde:	6873      	ldr	r3, [r6, #4]
10000be0:	428b      	cmp	r3, r1
10000be2:	d1d1      	bne.n	10000b88 <best_effort_wfe_or_timeout+0x20>
10000be4:	e7e9      	b.n	10000bba <best_effort_wfe_or_timeout+0x52>
10000be6:	4929      	ldr	r1, [pc, #164]	@ (10000c8c <best_effort_wfe_or_timeout+0x124>)
10000be8:	2000      	movs	r0, #0
10000bea:	6a4b      	ldr	r3, [r1, #36]	@ 0x24
10000bec:	42ab      	cmp	r3, r5
10000bee:	d3f1      	bcc.n	10000bd4 <best_effort_wfe_or_timeout+0x6c>
10000bf0:	6a8a      	ldr	r2, [r1, #40]	@ 0x28
10000bf2:	1b5b      	subs	r3, r3, r5
10000bf4:	1e59      	subs	r1, r3, #1
10000bf6:	418b      	sbcs	r3, r1
10000bf8:	42a2      	cmp	r2, r4
10000bfa:	4140      	adcs	r0, r0
10000bfc:	4318      	orrs	r0, r3
10000bfe:	e7e9      	b.n	10000bd4 <best_effort_wfe_or_timeout+0x6c>
10000c00:	4584      	cmp	ip, r0
10000c02:	d9da      	bls.n	10000bba <best_effort_wfe_or_timeout+0x52>
10000c04:	f000 f858 	bl	10000cb8 <time_us_64>
10000c08:	0022      	movs	r2, r4
10000c0a:	002b      	movs	r3, r5
10000c0c:	1a12      	subs	r2, r2, r0
10000c0e:	418b      	sbcs	r3, r1
10000c10:	2b00      	cmp	r3, #0
10000c12:	da05      	bge.n	10000c20 <best_effort_wfe_or_timeout+0xb8>
10000c14:	4a1d      	ldr	r2, [pc, #116]	@ (10000c8c <best_effort_wfe_or_timeout+0x124>)
10000c16:	6a53      	ldr	r3, [r2, #36]	@ 0x24
10000c18:	454b      	cmp	r3, r9
10000c1a:	d229      	bcs.n	10000c70 <best_effort_wfe_or_timeout+0x108>
10000c1c:	2000      	movs	r0, #0
10000c1e:	e7d9      	b.n	10000bd4 <best_effort_wfe_or_timeout+0x6c>
10000c20:	2300      	movs	r3, #0
10000c22:	9301      	str	r3, [sp, #4]
10000c24:	4b1a      	ldr	r3, [pc, #104]	@ (10000c90 <best_effort_wfe_or_timeout+0x128>)
10000c26:	0022      	movs	r2, r4
10000c28:	9300      	str	r3, [sp, #0]
10000c2a:	0038      	movs	r0, r7
10000c2c:	002b      	movs	r3, r5
10000c2e:	f7ff fe85 	bl	1000093c <alarm_pool_add_alarm_at_force_in_context>
10000c32:	2800      	cmp	r0, #0
10000c34:	ddee      	ble.n	10000c14 <best_effort_wfe_or_timeout+0xac>
10000c36:	4b15      	ldr	r3, [pc, #84]	@ (10000c8c <best_effort_wfe_or_timeout+0x124>)
10000c38:	c630      	stmia	r6!, {r4, r5}
10000c3a:	6a5a      	ldr	r2, [r3, #36]	@ 0x24
10000c3c:	454a      	cmp	r2, r9
10000c3e:	d315      	bcc.n	10000c6c <best_effort_wfe_or_timeout+0x104>
10000c40:	6a9b      	ldr	r3, [r3, #40]	@ 0x28
10000c42:	42a3      	cmp	r3, r4
10000c44:	d310      	bcc.n	10000c68 <best_effort_wfe_or_timeout+0x100>
10000c46:	0001      	movs	r1, r0
10000c48:	0038      	movs	r0, r7
10000c4a:	f7ff fed5 	bl	100009f8 <alarm_pool_cancel_alarm>
10000c4e:	4a0f      	ldr	r2, [pc, #60]	@ (10000c8c <best_effort_wfe_or_timeout+0x124>)
10000c50:	2000      	movs	r0, #0
10000c52:	6a53      	ldr	r3, [r2, #36]	@ 0x24
10000c54:	454b      	cmp	r3, r9
10000c56:	d3bd      	bcc.n	10000bd4 <best_effort_wfe_or_timeout+0x6c>
10000c58:	6a92      	ldr	r2, [r2, #40]	@ 0x28
10000c5a:	1b5b      	subs	r3, r3, r5
10000c5c:	1e59      	subs	r1, r3, #1
10000c5e:	418b      	sbcs	r3, r1
10000c60:	42a2      	cmp	r2, r4
10000c62:	4140      	adcs	r0, r0
10000c64:	4318      	orrs	r0, r3
10000c66:	e7b5      	b.n	10000bd4 <best_effort_wfe_or_timeout+0x6c>
10000c68:	454a      	cmp	r2, r9
10000c6a:	d1ec      	bne.n	10000c46 <best_effort_wfe_or_timeout+0xde>
10000c6c:	bf20      	wfe
10000c6e:	e7ea      	b.n	10000c46 <best_effort_wfe_or_timeout+0xde>
10000c70:	2000      	movs	r0, #0
10000c72:	6a92      	ldr	r2, [r2, #40]	@ 0x28
10000c74:	1b5b      	subs	r3, r3, r5
10000c76:	42a2      	cmp	r2, r4
10000c78:	4140      	adcs	r0, r0
10000c7a:	1e5a      	subs	r2, r3, #1
10000c7c:	4193      	sbcs	r3, r2
10000c7e:	4318      	orrs	r0, r3
10000c80:	e7a8      	b.n	10000bd4 <best_effort_wfe_or_timeout+0x6c>
10000c82:	46c0      	nop			@ (mov r8, r8)
10000c84:	200001e0 	.word	0x200001e0
10000c88:	200001e8 	.word	0x200001e8
10000c8c:	40054000 	.word	0x40054000
10000c90:	10000541 	.word	0x10000541

10000c94 <timer_hardware_alarm_claim>:
10000c94:	b510      	push	{r4, lr}
10000c96:	4a02      	ldr	r2, [pc, #8]	@ (10000ca0 <timer_hardware_alarm_claim+0xc>)
10000c98:	4802      	ldr	r0, [pc, #8]	@ (10000ca4 <timer_hardware_alarm_claim+0x10>)
10000c9a:	f7ff fb7f 	bl	1000039c <hw_claim_or_assert>
10000c9e:	bd10      	pop	{r4, pc}
10000ca0:	10001824 	.word	0x10001824
10000ca4:	200005a8 	.word	0x200005a8

10000ca8 <timer_time_us_64>:
10000ca8:	0003      	movs	r3, r0
10000caa:	6a41      	ldr	r1, [r0, #36]	@ 0x24
10000cac:	000a      	movs	r2, r1
10000cae:	6a98      	ldr	r0, [r3, #40]	@ 0x28
10000cb0:	6a59      	ldr	r1, [r3, #36]	@ 0x24
10000cb2:	428a      	cmp	r2, r1
10000cb4:	d1fa      	bne.n	10000cac <timer_time_us_64+0x4>
10000cb6:	4770      	bx	lr

10000cb8 <time_us_64>:
10000cb8:	4b03      	ldr	r3, [pc, #12]	@ (10000cc8 <time_us_64+0x10>)
10000cba:	6a59      	ldr	r1, [r3, #36]	@ 0x24
10000cbc:	000a      	movs	r2, r1
10000cbe:	6a98      	ldr	r0, [r3, #40]	@ 0x28
10000cc0:	6a59      	ldr	r1, [r3, #36]	@ 0x24
10000cc2:	4291      	cmp	r1, r2
10000cc4:	d1fa      	bne.n	10000cbc <time_us_64+0x4>
10000cc6:	4770      	bx	lr
10000cc8:	40054000 	.word	0x40054000

10000ccc <busy_wait_until>:
10000ccc:	4a06      	ldr	r2, [pc, #24]	@ (10000ce8 <busy_wait_until+0x1c>)
10000cce:	6a53      	ldr	r3, [r2, #36]	@ 0x24
10000cd0:	4299      	cmp	r1, r3
10000cd2:	d8fc      	bhi.n	10000cce <busy_wait_until+0x2>
10000cd4:	d107      	bne.n	10000ce6 <busy_wait_until+0x1a>
10000cd6:	4b04      	ldr	r3, [pc, #16]	@ (10000ce8 <busy_wait_until+0x1c>)
10000cd8:	e002      	b.n	10000ce0 <busy_wait_until+0x14>
10000cda:	6a5a      	ldr	r2, [r3, #36]	@ 0x24
10000cdc:	4291      	cmp	r1, r2
10000cde:	d102      	bne.n	10000ce6 <busy_wait_until+0x1a>
10000ce0:	6a9a      	ldr	r2, [r3, #40]	@ 0x28
10000ce2:	4290      	cmp	r0, r2
10000ce4:	d8f9      	bhi.n	10000cda <busy_wait_until+0xe>
10000ce6:	4770      	bx	lr
10000ce8:	40054000 	.word	0x40054000

10000cec <clock_configure_int_divider>:
10000cec:	b5f8      	push	{r3, r4, r5, r6, r7, lr}
10000cee:	46de      	mov	lr, fp
10000cf0:	464e      	mov	r6, r9
10000cf2:	4645      	mov	r5, r8
10000cf4:	4657      	mov	r7, sl
10000cf6:	b5e0      	push	{r5, r6, r7, lr}
10000cf8:	0005      	movs	r5, r0
10000cfa:	468b      	mov	fp, r1
10000cfc:	0018      	movs	r0, r3
10000cfe:	990a      	ldr	r1, [sp, #40]	@ 0x28
10000d00:	4691      	mov	r9, r2
10000d02:	f000 fab1 	bl	10001268 <__wrap___aeabi_uidiv>
10000d06:	9b0a      	ldr	r3, [sp, #40]	@ 0x28
10000d08:	006c      	lsls	r4, r5, #1
10000d0a:	021e      	lsls	r6, r3, #8
10000d0c:	1964      	adds	r4, r4, r5
10000d0e:	4b30      	ldr	r3, [pc, #192]	@ (10000dd0 <clock_configure_int_divider+0xe4>)
10000d10:	00a4      	lsls	r4, r4, #2
10000d12:	18e4      	adds	r4, r4, r3
10000d14:	6863      	ldr	r3, [r4, #4]
10000d16:	4680      	mov	r8, r0
10000d18:	429e      	cmp	r6, r3
10000d1a:	d900      	bls.n	10000d1e <clock_configure_int_divider+0x32>
10000d1c:	6066      	str	r6, [r4, #4]
10000d1e:	1f2f      	subs	r7, r5, #4
10000d20:	b2fb      	uxtb	r3, r7
10000d22:	469a      	mov	sl, r3
10000d24:	2b01      	cmp	r3, #1
10000d26:	d92f      	bls.n	10000d88 <clock_configure_int_divider+0x9c>
10000d28:	23c0      	movs	r3, #192	@ 0xc0
10000d2a:	2280      	movs	r2, #128	@ 0x80
10000d2c:	4f29      	ldr	r7, [pc, #164]	@ (10000dd4 <clock_configure_int_divider+0xe8>)
10000d2e:	00ad      	lsls	r5, r5, #2
10000d30:	019b      	lsls	r3, r3, #6
10000d32:	5979      	ldr	r1, [r7, r5]
10000d34:	0112      	lsls	r2, r2, #4
10000d36:	18e3      	adds	r3, r4, r3
10000d38:	601a      	str	r2, [r3, #0]
10000d3a:	2900      	cmp	r1, #0
10000d3c:	d11b      	bne.n	10000d76 <clock_configure_int_divider+0x8a>
10000d3e:	464b      	mov	r3, r9
10000d40:	6822      	ldr	r2, [r4, #0]
10000d42:	015b      	lsls	r3, r3, #5
10000d44:	4053      	eors	r3, r2
10000d46:	22e0      	movs	r2, #224	@ 0xe0
10000d48:	4013      	ands	r3, r2
10000d4a:	2280      	movs	r2, #128	@ 0x80
10000d4c:	0152      	lsls	r2, r2, #5
10000d4e:	18a2      	adds	r2, r4, r2
10000d50:	6013      	str	r3, [r2, #0]
10000d52:	4653      	mov	r3, sl
10000d54:	2b01      	cmp	r3, #1
10000d56:	d92f      	bls.n	10000db8 <clock_configure_int_divider+0xcc>
10000d58:	2380      	movs	r3, #128	@ 0x80
10000d5a:	2280      	movs	r2, #128	@ 0x80
10000d5c:	019b      	lsls	r3, r3, #6
10000d5e:	18e3      	adds	r3, r4, r3
10000d60:	0112      	lsls	r2, r2, #4
10000d62:	601a      	str	r2, [r3, #0]
10000d64:	4643      	mov	r3, r8
10000d66:	6066      	str	r6, [r4, #4]
10000d68:	517b      	str	r3, [r7, r5]
10000d6a:	bcf0      	pop	{r4, r5, r6, r7}
10000d6c:	46bb      	mov	fp, r7
10000d6e:	46b2      	mov	sl, r6
10000d70:	46a9      	mov	r9, r5
10000d72:	46a0      	mov	r8, r4
10000d74:	bdf8      	pop	{r3, r4, r5, r6, r7, pc}
10000d76:	6978      	ldr	r0, [r7, #20]
10000d78:	f000 fa76 	bl	10001268 <__wrap___aeabi_uidiv>
10000d7c:	3001      	adds	r0, #1
10000d7e:	0043      	lsls	r3, r0, #1
10000d80:	181b      	adds	r3, r3, r0
10000d82:	3b03      	subs	r3, #3
10000d84:	d2fd      	bcs.n	10000d82 <clock_configure_int_divider+0x96>
10000d86:	e7da      	b.n	10000d3e <clock_configure_int_divider+0x52>
10000d88:	465b      	mov	r3, fp
10000d8a:	2b01      	cmp	r3, #1
10000d8c:	d1cc      	bne.n	10000d28 <clock_configure_int_divider+0x3c>
10000d8e:	23c0      	movs	r3, #192	@ 0xc0
10000d90:	2203      	movs	r2, #3
10000d92:	019b      	lsls	r3, r3, #6
10000d94:	18e3      	adds	r3, r4, r3
10000d96:	601a      	str	r2, [r3, #0]
10000d98:	3a02      	subs	r2, #2
10000d9a:	68a3      	ldr	r3, [r4, #8]
10000d9c:	421a      	tst	r2, r3
10000d9e:	d0fc      	beq.n	10000d9a <clock_configure_int_divider+0xae>
10000da0:	464a      	mov	r2, r9
10000da2:	6823      	ldr	r3, [r4, #0]
10000da4:	0152      	lsls	r2, r2, #5
10000da6:	405a      	eors	r2, r3
10000da8:	23e0      	movs	r3, #224	@ 0xe0
10000daa:	4013      	ands	r3, r2
10000dac:	2280      	movs	r2, #128	@ 0x80
10000dae:	0152      	lsls	r2, r2, #5
10000db0:	18a2      	adds	r2, r4, r2
10000db2:	4f08      	ldr	r7, [pc, #32]	@ (10000dd4 <clock_configure_int_divider+0xe8>)
10000db4:	6013      	str	r3, [r2, #0]
10000db6:	00ad      	lsls	r5, r5, #2
10000db8:	4658      	mov	r0, fp
10000dba:	2303      	movs	r3, #3
10000dbc:	6821      	ldr	r1, [r4, #0]
10000dbe:	4041      	eors	r1, r0
10000dc0:	400b      	ands	r3, r1
10000dc2:	6013      	str	r3, [r2, #0]
10000dc4:	2201      	movs	r2, #1
10000dc6:	4082      	lsls	r2, r0
10000dc8:	68a3      	ldr	r3, [r4, #8]
10000dca:	421a      	tst	r2, r3
10000dcc:	d0fc      	beq.n	10000dc8 <clock_configure_int_divider+0xdc>
10000dce:	e7c3      	b.n	10000d58 <clock_configure_int_divider+0x6c>
10000dd0:	40008000 	.word	0x40008000
10000dd4:	200005ac 	.word	0x200005ac

10000dd8 <clock_configure_undivided>:
10000dd8:	b5f0      	push	{r4, r5, r6, r7, lr}
10000dda:	46d6      	mov	lr, sl
10000ddc:	464f      	mov	r7, r9
10000dde:	4646      	mov	r6, r8
10000de0:	0044      	lsls	r4, r0, #1
10000de2:	4698      	mov	r8, r3
10000de4:	1824      	adds	r4, r4, r0
10000de6:	4b32      	ldr	r3, [pc, #200]	@ (10000eb0 <clock_configure_undivided+0xd8>)
10000de8:	00a4      	lsls	r4, r4, #2
10000dea:	18e4      	adds	r4, r4, r3
10000dec:	6863      	ldr	r3, [r4, #4]
10000dee:	468a      	mov	sl, r1
10000df0:	4691      	mov	r9, r2
10000df2:	b5c0      	push	{r6, r7, lr}
10000df4:	2bff      	cmp	r3, #255	@ 0xff
10000df6:	d802      	bhi.n	10000dfe <clock_configure_undivided+0x26>
10000df8:	2380      	movs	r3, #128	@ 0x80
10000dfa:	005b      	lsls	r3, r3, #1
10000dfc:	6063      	str	r3, [r4, #4]
10000dfe:	1f06      	subs	r6, r0, #4
10000e00:	b2f6      	uxtb	r6, r6
10000e02:	2e01      	cmp	r6, #1
10000e04:	d92f      	bls.n	10000e66 <clock_configure_undivided+0x8e>
10000e06:	23c0      	movs	r3, #192	@ 0xc0
10000e08:	2280      	movs	r2, #128	@ 0x80
10000e0a:	4f2a      	ldr	r7, [pc, #168]	@ (10000eb4 <clock_configure_undivided+0xdc>)
10000e0c:	0085      	lsls	r5, r0, #2
10000e0e:	019b      	lsls	r3, r3, #6
10000e10:	5979      	ldr	r1, [r7, r5]
10000e12:	0112      	lsls	r2, r2, #4
10000e14:	18e3      	adds	r3, r4, r3
10000e16:	601a      	str	r2, [r3, #0]
10000e18:	2900      	cmp	r1, #0
10000e1a:	d11b      	bne.n	10000e54 <clock_configure_undivided+0x7c>
10000e1c:	464b      	mov	r3, r9
10000e1e:	6822      	ldr	r2, [r4, #0]
10000e20:	015b      	lsls	r3, r3, #5
10000e22:	4053      	eors	r3, r2
10000e24:	22e0      	movs	r2, #224	@ 0xe0
10000e26:	4013      	ands	r3, r2
10000e28:	2280      	movs	r2, #128	@ 0x80
10000e2a:	0152      	lsls	r2, r2, #5
10000e2c:	18a2      	adds	r2, r4, r2
10000e2e:	6013      	str	r3, [r2, #0]
10000e30:	2e01      	cmp	r6, #1
10000e32:	d930      	bls.n	10000e96 <clock_configure_undivided+0xbe>
10000e34:	2380      	movs	r3, #128	@ 0x80
10000e36:	2280      	movs	r2, #128	@ 0x80
10000e38:	019b      	lsls	r3, r3, #6
10000e3a:	18e3      	adds	r3, r4, r3
10000e3c:	0112      	lsls	r2, r2, #4
10000e3e:	601a      	str	r2, [r3, #0]
10000e40:	2380      	movs	r3, #128	@ 0x80
10000e42:	005b      	lsls	r3, r3, #1
10000e44:	6063      	str	r3, [r4, #4]
10000e46:	4643      	mov	r3, r8
10000e48:	517b      	str	r3, [r7, r5]
10000e4a:	bce0      	pop	{r5, r6, r7}
10000e4c:	46ba      	mov	sl, r7
10000e4e:	46b1      	mov	r9, r6
10000e50:	46a8      	mov	r8, r5
10000e52:	bdf0      	pop	{r4, r5, r6, r7, pc}
10000e54:	6978      	ldr	r0, [r7, #20]
10000e56:	f000 fa07 	bl	10001268 <__wrap___aeabi_uidiv>
10000e5a:	3001      	adds	r0, #1
10000e5c:	0043      	lsls	r3, r0, #1
10000e5e:	181b      	adds	r3, r3, r0
10000e60:	3b03      	subs	r3, #3
10000e62:	d2fd      	bcs.n	10000e60 <clock_configure_undivided+0x88>
10000e64:	e7da      	b.n	10000e1c <clock_configure_undivided+0x44>
10000e66:	4653      	mov	r3, sl
10000e68:	2b01      	cmp	r3, #1
10000e6a:	d1cc      	bne.n	10000e06 <clock_configure_undivided+0x2e>
10000e6c:	23c0      	movs	r3, #192	@ 0xc0
10000e6e:	2203      	movs	r2, #3
10000e70:	019b      	lsls	r3, r3, #6
10000e72:	18e3      	adds	r3, r4, r3
10000e74:	601a      	str	r2, [r3, #0]
10000e76:	3a02      	subs	r2, #2
10000e78:	68a3      	ldr	r3, [r4, #8]
10000e7a:	421a      	tst	r2, r3
10000e7c:	d0fc      	beq.n	10000e78 <clock_configure_undivided+0xa0>
10000e7e:	464a      	mov	r2, r9
10000e80:	6823      	ldr	r3, [r4, #0]
10000e82:	0152      	lsls	r2, r2, #5
10000e84:	405a      	eors	r2, r3
10000e86:	23e0      	movs	r3, #224	@ 0xe0
10000e88:	4013      	ands	r3, r2
10000e8a:	2280      	movs	r2, #128	@ 0x80
10000e8c:	0152      	lsls	r2, r2, #5
10000e8e:	18a2      	adds	r2, r4, r2
10000e90:	4f08      	ldr	r7, [pc, #32]	@ (10000eb4 <clock_configure_undivided+0xdc>)
10000e92:	6013      	str	r3, [r2, #0]
10000e94:	0085      	lsls	r5, r0, #2
10000e96:	4650      	mov	r0, sl
10000e98:	2303      	movs	r3, #3
10000e9a:	6821      	ldr	r1, [r4, #0]
10000e9c:	4041      	eors	r1, r0
10000e9e:	400b      	ands	r3, r1
10000ea0:	6013      	str	r3, [r2, #0]
10000ea2:	2201      	movs	r2, #1
10000ea4:	4082      	lsls	r2, r0
10000ea6:	68a3      	ldr	r3, [r4, #8]
10000ea8:	421a      	tst	r2, r3
10000eaa:	d0fc      	beq.n	10000ea6 <clock_configure_undivided+0xce>
10000eac:	e7c2      	b.n	10000e34 <clock_configure_undivided+0x5c>
10000eae:	46c0      	nop			@ (mov r8, r8)
10000eb0:	40008000 	.word	0x40008000
10000eb4:	200005ac 	.word	0x200005ac

10000eb8 <clock_get_hz>:
10000eb8:	4b01      	ldr	r3, [pc, #4]	@ (10000ec0 <clock_get_hz+0x8>)
10000eba:	0080      	lsls	r0, r0, #2
10000ebc:	58c0      	ldr	r0, [r0, r3]
10000ebe:	4770      	bx	lr
10000ec0:	200005ac 	.word	0x200005ac

10000ec4 <pll_init>:
10000ec4:	b5f0      	push	{r4, r5, r6, r7, lr}
10000ec6:	46c6      	mov	lr, r8
10000ec8:	0004      	movs	r4, r0
10000eca:	b500      	push	{lr}
10000ecc:	4823      	ldr	r0, [pc, #140]	@ (10000f5c <pll_init+0x98>)
10000ece:	0016      	movs	r6, r2
10000ed0:	4698      	mov	r8, r3
10000ed2:	000d      	movs	r5, r1
10000ed4:	f000 f9c8 	bl	10001268 <__wrap___aeabi_uidiv>
10000ed8:	0001      	movs	r1, r0
10000eda:	0030      	movs	r0, r6
10000edc:	f000 f9c4 	bl	10001268 <__wrap___aeabi_uidiv>
10000ee0:	4643      	mov	r3, r8
10000ee2:	9a06      	ldr	r2, [sp, #24]
10000ee4:	041b      	lsls	r3, r3, #16
10000ee6:	0312      	lsls	r2, r2, #12
10000ee8:	4313      	orrs	r3, r2
10000eea:	469c      	mov	ip, r3
10000eec:	6823      	ldr	r3, [r4, #0]
10000eee:	0006      	movs	r6, r0
10000ef0:	2b00      	cmp	r3, #0
10000ef2:	db22      	blt.n	10000f3a <pll_init+0x76>
10000ef4:	4b1a      	ldr	r3, [pc, #104]	@ (10000f60 <pll_init+0x9c>)
10000ef6:	481b      	ldr	r0, [pc, #108]	@ (10000f64 <pll_init+0xa0>)
10000ef8:	18e2      	adds	r2, r4, r3
10000efa:	1e53      	subs	r3, r2, #1
10000efc:	419a      	sbcs	r2, r3
10000efe:	2380      	movs	r3, #128	@ 0x80
10000f00:	4252      	negs	r2, r2
10000f02:	0b12      	lsrs	r2, r2, #12
10000f04:	019b      	lsls	r3, r3, #6
10000f06:	0312      	lsls	r2, r2, #12
10000f08:	18d2      	adds	r2, r2, r3
10000f0a:	4b17      	ldr	r3, [pc, #92]	@ (10000f68 <pll_init+0xa4>)
10000f0c:	601a      	str	r2, [r3, #0]
10000f0e:	4b17      	ldr	r3, [pc, #92]	@ (10000f6c <pll_init+0xa8>)
10000f10:	601a      	str	r2, [r3, #0]
10000f12:	0013      	movs	r3, r2
10000f14:	6801      	ldr	r1, [r0, #0]
10000f16:	438b      	bics	r3, r1
10000f18:	d1fb      	bne.n	10000f12 <pll_init+0x4e>
10000f1a:	2221      	movs	r2, #33	@ 0x21
10000f1c:	4b14      	ldr	r3, [pc, #80]	@ (10000f70 <pll_init+0xac>)
10000f1e:	6025      	str	r5, [r4, #0]
10000f20:	18e3      	adds	r3, r4, r3
10000f22:	60a6      	str	r6, [r4, #8]
10000f24:	601a      	str	r2, [r3, #0]
10000f26:	6822      	ldr	r2, [r4, #0]
10000f28:	2a00      	cmp	r2, #0
10000f2a:	dafc      	bge.n	10000f26 <pll_init+0x62>
10000f2c:	4662      	mov	r2, ip
10000f2e:	60e2      	str	r2, [r4, #12]
10000f30:	2208      	movs	r2, #8
10000f32:	601a      	str	r2, [r3, #0]
10000f34:	bc80      	pop	{r7}
10000f36:	46b8      	mov	r8, r7
10000f38:	bdf0      	pop	{r4, r5, r6, r7, pc}
10000f3a:	233f      	movs	r3, #63	@ 0x3f
10000f3c:	6822      	ldr	r2, [r4, #0]
10000f3e:	4013      	ands	r3, r2
10000f40:	42ab      	cmp	r3, r5
10000f42:	d1d7      	bne.n	10000ef4 <pll_init+0x30>
10000f44:	68a3      	ldr	r3, [r4, #8]
10000f46:	051b      	lsls	r3, r3, #20
10000f48:	0d1b      	lsrs	r3, r3, #20
10000f4a:	4283      	cmp	r3, r0
10000f4c:	d1d2      	bne.n	10000ef4 <pll_init+0x30>
10000f4e:	22ee      	movs	r2, #238	@ 0xee
10000f50:	68e3      	ldr	r3, [r4, #12]
10000f52:	02d2      	lsls	r2, r2, #11
10000f54:	4013      	ands	r3, r2
10000f56:	4563      	cmp	r3, ip
10000f58:	d1cc      	bne.n	10000ef4 <pll_init+0x30>
10000f5a:	e7eb      	b.n	10000f34 <pll_init+0x70>
10000f5c:	00b71b00 	.word	0x00b71b00
10000f60:	bffd4000 	.word	0xbffd4000
10000f64:	4000c008 	.word	0x4000c008
10000f68:	4000e000 	.word	0x4000e000
10000f6c:	4000f000 	.word	0x4000f000
10000f70:	00003004 	.word	0x00003004

10000f74 <tick_start>:
10000f74:	2380      	movs	r3, #128	@ 0x80
10000f76:	4a02      	ldr	r2, [pc, #8]	@ (10000f80 <tick_start+0xc>)
10000f78:	009b      	lsls	r3, r3, #2
10000f7a:	430b      	orrs	r3, r1
10000f7c:	62d3      	str	r3, [r2, #44]	@ 0x2c
10000f7e:	4770      	bx	lr
10000f80:	40058000 	.word	0x40058000

10000f84 <rom_func_lookup>:
10000f84:	2300      	movs	r3, #0
10000f86:	b510      	push	{r4, lr}
10000f88:	0001      	movs	r1, r0
10000f8a:	8a98      	ldrh	r0, [r3, #20]
10000f8c:	8b1b      	ldrh	r3, [r3, #24]
10000f8e:	4798      	blx	r3
10000f90:	bd10      	pop	{r4, pc}
10000f92:	46c0      	nop			@ (mov r8, r8)

10000f94 <rom_data_lookup>:
10000f94:	2316      	movs	r3, #22
10000f96:	b510      	push	{r4, lr}
10000f98:	0001      	movs	r1, r0
10000f9a:	8818      	ldrh	r0, [r3, #0]
10000f9c:	885b      	ldrh	r3, [r3, #2]
10000f9e:	4798      	blx	r3
10000fa0:	bd10      	pop	{r4, pc}
10000fa2:	46c0      	nop			@ (mov r8, r8)

10000fa4 <rom_funcs_lookup>:
10000fa4:	b5f8      	push	{r3, r4, r5, r6, r7, lr}
10000fa6:	4647      	mov	r7, r8
10000fa8:	46ce      	mov	lr, r9
10000faa:	b580      	push	{r7, lr}
10000fac:	1e0f      	subs	r7, r1, #0
10000fae:	d018      	beq.n	10000fe2 <rom_funcs_lookup+0x3e>
10000fb0:	2314      	movs	r3, #20
10000fb2:	4699      	mov	r9, r3
10000fb4:	3304      	adds	r3, #4
10000fb6:	0004      	movs	r4, r0
10000fb8:	2500      	movs	r5, #0
10000fba:	2601      	movs	r6, #1
10000fbc:	4698      	mov	r8, r3
10000fbe:	464b      	mov	r3, r9
10000fc0:	8818      	ldrh	r0, [r3, #0]
10000fc2:	4643      	mov	r3, r8
10000fc4:	6821      	ldr	r1, [r4, #0]
10000fc6:	881b      	ldrh	r3, [r3, #0]
10000fc8:	4798      	blx	r3
10000fca:	c401      	stmia	r4!, {r0}
10000fcc:	1e43      	subs	r3, r0, #1
10000fce:	4198      	sbcs	r0, r3
10000fd0:	3501      	adds	r5, #1
10000fd2:	4006      	ands	r6, r0
10000fd4:	42af      	cmp	r7, r5
10000fd6:	d1f2      	bne.n	10000fbe <rom_funcs_lookup+0x1a>
10000fd8:	0030      	movs	r0, r6
10000fda:	bcc0      	pop	{r6, r7}
10000fdc:	46b9      	mov	r9, r7
10000fde:	46b0      	mov	r8, r6
10000fe0:	bdf8      	pop	{r3, r4, r5, r6, r7, pc}
10000fe2:	2601      	movs	r6, #1
10000fe4:	e7f8      	b.n	10000fd8 <rom_funcs_lookup+0x34>
10000fe6:	46c0      	nop			@ (mov r8, r8)

10000fe8 <xosc_init>:
10000fe8:	23aa      	movs	r3, #170	@ 0xaa
10000fea:	4a06      	ldr	r2, [pc, #24]	@ (10001004 <xosc_init+0x1c>)
10000fec:	011b      	lsls	r3, r3, #4
10000fee:	6013      	str	r3, [r2, #0]
10000ff0:	238d      	movs	r3, #141	@ 0x8d
10000ff2:	005b      	lsls	r3, r3, #1
10000ff4:	60d3      	str	r3, [r2, #12]
10000ff6:	4904      	ldr	r1, [pc, #16]	@ (10001008 <xosc_init+0x20>)
10000ff8:	4b04      	ldr	r3, [pc, #16]	@ (1000100c <xosc_init+0x24>)
10000ffa:	6019      	str	r1, [r3, #0]
10000ffc:	6853      	ldr	r3, [r2, #4]
10000ffe:	2b00      	cmp	r3, #0
10001000:	dafc      	bge.n	10000ffc <xosc_init+0x14>
10001002:	4770      	bx	lr
10001004:	40024000 	.word	0x40024000
10001008:	00fab000 	.word	0x00fab000
1000100c:	40026000 	.word	0x40026000

10001010 <first_per_core_initializer>:
10001010:	4770      	bx	lr
10001012:	46c0      	nop			@ (mov r8, r8)

10001014 <hard_assertion_failure>:
10001014:	b510      	push	{r4, lr}
10001016:	4801      	ldr	r0, [pc, #4]	@ (1000101c <hard_assertion_failure+0x8>)
10001018:	f7ff f9a8 	bl	1000036c <panic>
1000101c:	10001848 	.word	0x10001848

10001020 <runtime_run_initializers>:
10001020:	b570      	push	{r4, r5, r6, lr}
10001022:	4d07      	ldr	r5, [pc, #28]	@ (10001040 <runtime_run_initializers+0x20>)
10001024:	4e07      	ldr	r6, [pc, #28]	@ (10001044 <runtime_run_initializers+0x24>)
10001026:	42b5      	cmp	r5, r6
10001028:	d209      	bcs.n	1000103e <runtime_run_initializers+0x1e>
1000102a:	2400      	movs	r4, #0
1000102c:	3e01      	subs	r6, #1
1000102e:	1b76      	subs	r6, r6, r5
10001030:	08b6      	lsrs	r6, r6, #2
10001032:	3601      	adds	r6, #1
10001034:	cd08      	ldmia	r5!, {r3}
10001036:	3401      	adds	r4, #1
10001038:	4798      	blx	r3
1000103a:	42b4      	cmp	r4, r6
1000103c:	d1fa      	bne.n	10001034 <runtime_run_initializers+0x14>
1000103e:	bd70      	pop	{r4, r5, r6, pc}
10001040:	100017d8 	.word	0x100017d8
10001044:	10001814 	.word	0x10001814

10001048 <runtime_init_early_resets>:
10001048:	4b05      	ldr	r3, [pc, #20]	@ (10001060 <runtime_init_early_resets+0x18>)
1000104a:	4a06      	ldr	r2, [pc, #24]	@ (10001064 <runtime_init_early_resets+0x1c>)
1000104c:	4906      	ldr	r1, [pc, #24]	@ (10001068 <runtime_init_early_resets+0x20>)
1000104e:	601a      	str	r2, [r3, #0]
10001050:	4a06      	ldr	r2, [pc, #24]	@ (1000106c <runtime_init_early_resets+0x24>)
10001052:	4b07      	ldr	r3, [pc, #28]	@ (10001070 <runtime_init_early_resets+0x28>)
10001054:	601a      	str	r2, [r3, #0]
10001056:	0010      	movs	r0, r2
10001058:	680b      	ldr	r3, [r1, #0]
1000105a:	4398      	bics	r0, r3
1000105c:	d1fb      	bne.n	10001056 <runtime_init_early_resets+0xe>
1000105e:	4770      	bx	lr
10001060:	4000e000 	.word	0x4000e000
10001064:	fefbcdbf 	.word	0xfefbcdbf
10001068:	4000c008 	.word	0x4000c008
1000106c:	003c7ffe 	.word	0x003c7ffe
10001070:	4000f000 	.word	0x4000f000

10001074 <runtime_init_usb_power_down>:
10001074:	4b04      	ldr	r3, [pc, #16]	@ (10001088 <runtime_init_usb_power_down+0x14>)
10001076:	6cdb      	ldr	r3, [r3, #76]	@ 0x4c
10001078:	2b00      	cmp	r3, #0
1000107a:	d103      	bne.n	10001084 <runtime_init_usb_power_down+0x10>
1000107c:	2280      	movs	r2, #128	@ 0x80
1000107e:	4b03      	ldr	r3, [pc, #12]	@ (1000108c <runtime_init_usb_power_down+0x18>)
10001080:	02d2      	lsls	r2, r2, #11
10001082:	601a      	str	r2, [r3, #0]
10001084:	4770      	bx	lr
10001086:	46c0      	nop			@ (mov r8, r8)
10001088:	50110000 	.word	0x50110000
1000108c:	5011204c 	.word	0x5011204c

10001090 <runtime_init_post_clock_resets>:
10001090:	4a04      	ldr	r2, [pc, #16]	@ (100010a4 <runtime_init_post_clock_resets+0x14>)
10001092:	4b05      	ldr	r3, [pc, #20]	@ (100010a8 <runtime_init_post_clock_resets+0x18>)
10001094:	601a      	str	r2, [r3, #0]
10001096:	4a05      	ldr	r2, [pc, #20]	@ (100010ac <runtime_init_post_clock_resets+0x1c>)
10001098:	6813      	ldr	r3, [r2, #0]
1000109a:	01db      	lsls	r3, r3, #7
1000109c:	3380      	adds	r3, #128	@ 0x80
1000109e:	d1fb      	bne.n	10001098 <runtime_init_post_clock_resets+0x8>
100010a0:	4770      	bx	lr
100010a2:	46c0      	nop			@ (mov r8, r8)
100010a4:	01ffffff 	.word	0x01ffffff
100010a8:	4000f000 	.word	0x4000f000
100010ac:	4000c008 	.word	0x4000c008

100010b0 <runtime_init_rp2040_gpio_ie_disable>:
100010b0:	2240      	movs	r2, #64	@ 0x40
100010b2:	4b03      	ldr	r3, [pc, #12]	@ (100010c0 <runtime_init_rp2040_gpio_ie_disable+0x10>)
100010b4:	679a      	str	r2, [r3, #120]	@ 0x78
100010b6:	675a      	str	r2, [r3, #116]	@ 0x74
100010b8:	671a      	str	r2, [r3, #112]	@ 0x70
100010ba:	66da      	str	r2, [r3, #108]	@ 0x6c
100010bc:	4770      	bx	lr
100010be:	46c0      	nop			@ (mov r8, r8)
100010c0:	4001f000 	.word	0x4001f000

100010c4 <runtime_init_spin_locks_reset>:
100010c4:	b510      	push	{r4, lr}
100010c6:	f7ff f99d 	bl	10000404 <spin_locks_reset>
100010ca:	bd10      	pop	{r4, pc}

100010cc <runtime_init_install_ram_vector_table>:
100010cc:	b570      	push	{r4, r5, r6, lr}
100010ce:	4927      	ldr	r1, [pc, #156]	@ (1000116c <runtime_init_install_ram_vector_table+0xa0>)
100010d0:	4e27      	ldr	r6, [pc, #156]	@ (10001170 <runtime_init_install_ram_vector_table+0xa4>)
100010d2:	4d28      	ldr	r5, [pc, #160]	@ (10001174 <runtime_init_install_ram_vector_table+0xa8>)
100010d4:	1a76      	subs	r6, r6, r1
100010d6:	08b4      	lsrs	r4, r6, #2
100010d8:	0022      	movs	r2, r4
100010da:	2c30      	cmp	r4, #48	@ 0x30
100010dc:	d900      	bls.n	100010e0 <runtime_init_install_ram_vector_table+0x14>
100010de:	2230      	movs	r2, #48	@ 0x30
100010e0:	0028      	movs	r0, r5
100010e2:	0092      	lsls	r2, r2, #2
100010e4:	f000 f9ba 	bl	1000145c <__wrap___aeabi_memcpy>
100010e8:	2c2f      	cmp	r4, #47	@ 0x2f
100010ea:	d83b      	bhi.n	10001164 <runtime_init_install_ram_vector_table+0x98>
100010ec:	0023      	movs	r3, r4
100010ee:	3b2a      	subs	r3, #42	@ 0x2a
100010f0:	4a21      	ldr	r2, [pc, #132]	@ (10001178 <runtime_init_install_ram_vector_table+0xac>)
100010f2:	2b05      	cmp	r3, #5
100010f4:	d91b      	bls.n	1000112e <runtime_init_install_ram_vector_table+0x62>
100010f6:	2030      	movs	r0, #48	@ 0x30
100010f8:	19ae      	adds	r6, r5, r6
100010fa:	0771      	lsls	r1, r6, #29
100010fc:	1b00      	subs	r0, r0, r4
100010fe:	0026      	movs	r6, r4
10001100:	0fcb      	lsrs	r3, r1, #31
10001102:	2900      	cmp	r1, #0
10001104:	da02      	bge.n	1000110c <runtime_init_install_ram_vector_table+0x40>
10001106:	00a1      	lsls	r1, r4, #2
10001108:	506a      	str	r2, [r5, r1]
1000110a:	1c66      	adds	r6, r4, #1
1000110c:	1ac0      	subs	r0, r0, r3
1000110e:	18e3      	adds	r3, r4, r3
10001110:	009b      	lsls	r3, r3, #2
10001112:	0841      	lsrs	r1, r0, #1
10001114:	18eb      	adds	r3, r5, r3
10001116:	00c9      	lsls	r1, r1, #3
10001118:	18c9      	adds	r1, r1, r3
1000111a:	601a      	str	r2, [r3, #0]
1000111c:	605a      	str	r2, [r3, #4]
1000111e:	3308      	adds	r3, #8
10001120:	428b      	cmp	r3, r1
10001122:	d1fa      	bne.n	1000111a <runtime_init_install_ram_vector_table+0x4e>
10001124:	2301      	movs	r3, #1
10001126:	4203      	tst	r3, r0
10001128:	d01c      	beq.n	10001164 <runtime_init_install_ram_vector_table+0x98>
1000112a:	4398      	bics	r0, r3
1000112c:	1984      	adds	r4, r0, r6
1000112e:	00a3      	lsls	r3, r4, #2
10001130:	50ea      	str	r2, [r5, r3]
10001132:	1c63      	adds	r3, r4, #1
10001134:	2c2f      	cmp	r4, #47	@ 0x2f
10001136:	d015      	beq.n	10001164 <runtime_init_install_ram_vector_table+0x98>
10001138:	009b      	lsls	r3, r3, #2
1000113a:	50ea      	str	r2, [r5, r3]
1000113c:	1ca3      	adds	r3, r4, #2
1000113e:	2c2e      	cmp	r4, #46	@ 0x2e
10001140:	d010      	beq.n	10001164 <runtime_init_install_ram_vector_table+0x98>
10001142:	009b      	lsls	r3, r3, #2
10001144:	50ea      	str	r2, [r5, r3]
10001146:	1ce3      	adds	r3, r4, #3
10001148:	2c2d      	cmp	r4, #45	@ 0x2d
1000114a:	d00b      	beq.n	10001164 <runtime_init_install_ram_vector_table+0x98>
1000114c:	009b      	lsls	r3, r3, #2
1000114e:	50ea      	str	r2, [r5, r3]
10001150:	1d23      	adds	r3, r4, #4
10001152:	2c2c      	cmp	r4, #44	@ 0x2c
10001154:	d006      	beq.n	10001164 <runtime_init_install_ram_vector_table+0x98>
10001156:	009b      	lsls	r3, r3, #2
10001158:	50ea      	str	r2, [r5, r3]
1000115a:	1d63      	adds	r3, r4, #5
1000115c:	2c2b      	cmp	r4, #43	@ 0x2b
1000115e:	d001      	beq.n	10001164 <runtime_init_install_ram_vector_table+0x98>
10001160:	009b      	lsls	r3, r3, #2
10001162:	50ea      	str	r2, [r5, r3]
10001164:	4b05      	ldr	r3, [pc, #20]	@ (1000117c <runtime_init_install_ram_vector_table+0xb0>)
10001166:	609d      	str	r5, [r3, #8]
10001168:	bd70      	pop	{r4, r5, r6, pc}
1000116a:	46c0      	nop			@ (mov r8, r8)
1000116c:	10000100 	.word	0x10000100
10001170:	100001c0 	.word	0x100001c0
10001174:	20000000 	.word	0x20000000
10001178:	100001c1 	.word	0x100001c1
1000117c:	e000ed00 	.word	0xe000ed00

10001180 <runtime_init_clocks>:
10001180:	2300      	movs	r3, #0
10001182:	b510      	push	{r4, lr}
10001184:	4c29      	ldr	r4, [pc, #164]	@ (1000122c <runtime_init_clocks+0xac>)
10001186:	b082      	sub	sp, #8
10001188:	67a3      	str	r3, [r4, #120]	@ 0x78
1000118a:	f7ff ff2d 	bl	10000fe8 <xosc_init>
1000118e:	2201      	movs	r2, #1
10001190:	4b27      	ldr	r3, [pc, #156]	@ (10001230 <runtime_init_clocks+0xb0>)
10001192:	601a      	str	r2, [r3, #0]
10001194:	6c63      	ldr	r3, [r4, #68]	@ 0x44
10001196:	2b01      	cmp	r3, #1
10001198:	d1fc      	bne.n	10001194 <runtime_init_clocks+0x14>
1000119a:	2203      	movs	r2, #3
1000119c:	4b25      	ldr	r3, [pc, #148]	@ (10001234 <runtime_init_clocks+0xb4>)
1000119e:	601a      	str	r2, [r3, #0]
100011a0:	4a22      	ldr	r2, [pc, #136]	@ (1000122c <runtime_init_clocks+0xac>)
100011a2:	6b93      	ldr	r3, [r2, #56]	@ 0x38
100011a4:	2b01      	cmp	r3, #1
100011a6:	d1fc      	bne.n	100011a2 <runtime_init_clocks+0x22>
100011a8:	3301      	adds	r3, #1
100011aa:	9300      	str	r3, [sp, #0]
100011ac:	2101      	movs	r1, #1
100011ae:	4a22      	ldr	r2, [pc, #136]	@ (10001238 <runtime_init_clocks+0xb8>)
100011b0:	4822      	ldr	r0, [pc, #136]	@ (1000123c <runtime_init_clocks+0xbc>)
100011b2:	3304      	adds	r3, #4
100011b4:	f7ff fe86 	bl	10000ec4 <pll_init>
100011b8:	2305      	movs	r3, #5
100011ba:	2101      	movs	r1, #1
100011bc:	9300      	str	r3, [sp, #0]
100011be:	4a20      	ldr	r2, [pc, #128]	@ (10001240 <runtime_init_clocks+0xc0>)
100011c0:	4820      	ldr	r0, [pc, #128]	@ (10001244 <runtime_init_clocks+0xc4>)
100011c2:	f7ff fe7f 	bl	10000ec4 <pll_init>
100011c6:	2200      	movs	r2, #0
100011c8:	2102      	movs	r1, #2
100011ca:	2004      	movs	r0, #4
100011cc:	4b1e      	ldr	r3, [pc, #120]	@ (10001248 <runtime_init_clocks+0xc8>)
100011ce:	f7ff fe03 	bl	10000dd8 <clock_configure_undivided>
100011d2:	2200      	movs	r2, #0
100011d4:	2101      	movs	r1, #1
100011d6:	2005      	movs	r0, #5
100011d8:	4b1c      	ldr	r3, [pc, #112]	@ (1000124c <runtime_init_clocks+0xcc>)
100011da:	f7ff fdfd 	bl	10000dd8 <clock_configure_undivided>
100011de:	2200      	movs	r2, #0
100011e0:	2100      	movs	r1, #0
100011e2:	2007      	movs	r0, #7
100011e4:	4b1a      	ldr	r3, [pc, #104]	@ (10001250 <runtime_init_clocks+0xd0>)
100011e6:	f7ff fdf7 	bl	10000dd8 <clock_configure_undivided>
100011ea:	2200      	movs	r2, #0
100011ec:	2100      	movs	r1, #0
100011ee:	2008      	movs	r0, #8
100011f0:	4b17      	ldr	r3, [pc, #92]	@ (10001250 <runtime_init_clocks+0xd0>)
100011f2:	f7ff fdf1 	bl	10000dd8 <clock_configure_undivided>
100011f6:	2380      	movs	r3, #128	@ 0x80
100011f8:	00db      	lsls	r3, r3, #3
100011fa:	9300      	str	r3, [sp, #0]
100011fc:	2200      	movs	r2, #0
100011fe:	2100      	movs	r1, #0
10001200:	2009      	movs	r0, #9
10001202:	4b13      	ldr	r3, [pc, #76]	@ (10001250 <runtime_init_clocks+0xd0>)
10001204:	f7ff fd72 	bl	10000cec <clock_configure_int_divider>
10001208:	2200      	movs	r2, #0
1000120a:	4b10      	ldr	r3, [pc, #64]	@ (1000124c <runtime_init_clocks+0xcc>)
1000120c:	2100      	movs	r1, #0
1000120e:	2006      	movs	r0, #6
10001210:	f7ff fde2 	bl	10000dd8 <clock_configure_undivided>
10001214:	2004      	movs	r0, #4
10001216:	f7ff fe4f 	bl	10000eb8 <clock_get_hz>
1000121a:	490e      	ldr	r1, [pc, #56]	@ (10001254 <runtime_init_clocks+0xd4>)
1000121c:	f000 f824 	bl	10001268 <__wrap___aeabi_uidiv>
10001220:	0001      	movs	r1, r0
10001222:	2000      	movs	r0, #0
10001224:	f7ff fea6 	bl	10000f74 <tick_start>
10001228:	b002      	add	sp, #8
1000122a:	bd10      	pop	{r4, pc}
1000122c:	40008000 	.word	0x40008000
10001230:	4000b03c 	.word	0x4000b03c
10001234:	4000b030 	.word	0x4000b030
10001238:	59682f00 	.word	0x59682f00
1000123c:	40028000 	.word	0x40028000
10001240:	47868c00 	.word	0x47868c00
10001244:	4002c000 	.word	0x4002c000
10001248:	00b71b00 	.word	0x00b71b00
1000124c:	07735940 	.word	0x07735940
10001250:	02dc6c00 	.word	0x02dc6c00
10001254:	000f4240 	.word	0x000f4240

10001258 <__aeabi_bits_init>:
10001258:	4801      	ldr	r0, [pc, #4]	@ (10001260 <__aeabi_bits_init+0x8>)
1000125a:	2104      	movs	r1, #4
1000125c:	4b01      	ldr	r3, [pc, #4]	@ (10001264 <__aeabi_bits_init+0xc>)
1000125e:	4718      	bx	r3
10001260:	20000200 	.word	0x20000200
10001264:	10000fa5 	.word	0x10000fa5

10001268 <__wrap___aeabi_uidiv>:
10001268:	4a11      	ldr	r2, [pc, #68]	@ (100012b0 <divmod_u32u32_savestate+0x18>)
1000126a:	6f93      	ldr	r3, [r2, #120]	@ 0x78
1000126c:	089b      	lsrs	r3, r3, #2
1000126e:	d213      	bcs.n	10001298 <divmod_u32u32_savestate>

10001270 <divmod_u32u32_core>:
10001270:	6610      	str	r0, [r2, #96]	@ 0x60
10001272:	6651      	str	r1, [r2, #100]	@ 0x64
10001274:	2900      	cmp	r1, #0
10001276:	d005      	beq.n	10001284 <divmod_u32u32_core+0x14>
10001278:	e7ff      	b.n	1000127a <divmod_u32u32_core+0xa>
1000127a:	e7ff      	b.n	1000127c <divmod_u32u32_core+0xc>
1000127c:	e7ff      	b.n	1000127e <divmod_u32u32_core+0xe>
1000127e:	6f51      	ldr	r1, [r2, #116]	@ 0x74
10001280:	6f10      	ldr	r0, [r2, #112]	@ 0x70
10001282:	4770      	bx	lr
10001284:	b504      	push	{r2, lr}
10001286:	2800      	cmp	r0, #0
10001288:	d001      	beq.n	1000128e <divmod_u32u32_core+0x1e>
1000128a:	2000      	movs	r0, #0
1000128c:	43c0      	mvns	r0, r0
1000128e:	f000 fa93 	bl	100017b8 <____aeabi_idiv0_veneer>
10001292:	2100      	movs	r1, #0
10001294:	bd04      	pop	{r2, pc}
10001296:	46c0      	nop			@ (mov r8, r8)

10001298 <divmod_u32u32_savestate>:
10001298:	b5f0      	push	{r4, r5, r6, r7, lr}
1000129a:	6e14      	ldr	r4, [r2, #96]	@ 0x60
1000129c:	6e55      	ldr	r5, [r2, #100]	@ 0x64
1000129e:	6f57      	ldr	r7, [r2, #116]	@ 0x74
100012a0:	6f16      	ldr	r6, [r2, #112]	@ 0x70
100012a2:	f7ff ffe5 	bl	10001270 <divmod_u32u32_core>
100012a6:	6614      	str	r4, [r2, #96]	@ 0x60
100012a8:	6655      	str	r5, [r2, #100]	@ 0x64
100012aa:	6757      	str	r7, [r2, #116]	@ 0x74
100012ac:	6716      	str	r6, [r2, #112]	@ 0x70
100012ae:	bdf0      	pop	{r4, r5, r6, r7, pc}
100012b0:	d0000000 	.word	0xd0000000

100012b4 <__aeabi_double_init>:
100012b4:	2313      	movs	r3, #19
100012b6:	b570      	push	{r4, r5, r6, lr}
100012b8:	781d      	ldrb	r5, [r3, #0]
100012ba:	2d01      	cmp	r5, #1
100012bc:	d019      	beq.n	100012f2 <__aeabi_double_init+0x3e>
100012be:	dd14      	ble.n	100012ea <__aeabi_double_init+0x36>
100012c0:	481f      	ldr	r0, [pc, #124]	@ (10001340 <__aeabi_double_init+0x8c>)
100012c2:	f7ff fe67 	bl	10000f94 <rom_data_lookup>
100012c6:	0006      	movs	r6, r0
100012c8:	481e      	ldr	r0, [pc, #120]	@ (10001344 <__aeabi_double_init+0x90>)
100012ca:	f7ff fe63 	bl	10000f94 <rom_data_lookup>
100012ce:	4c1e      	ldr	r4, [pc, #120]	@ (10001348 <__aeabi_double_init+0x94>)
100012d0:	2280      	movs	r2, #128	@ 0x80
100012d2:	0031      	movs	r1, r6
100012d4:	0020      	movs	r0, r4
100012d6:	f000 f8c1 	bl	1000145c <__wrap___aeabi_memcpy>
100012da:	2d02      	cmp	r5, #2
100012dc:	d02d      	beq.n	1000133a <__aeabi_double_init+0x86>
100012de:	481b      	ldr	r0, [pc, #108]	@ (1000134c <__aeabi_double_init+0x98>)
100012e0:	f7ff fe50 	bl	10000f84 <rom_func_lookup>
100012e4:	4b1a      	ldr	r3, [pc, #104]	@ (10001350 <__aeabi_double_init+0x9c>)
100012e6:	6018      	str	r0, [r3, #0]
100012e8:	bd70      	pop	{r4, r5, r6, pc}
100012ea:	4b1a      	ldr	r3, [pc, #104]	@ (10001354 <__aeabi_double_init+0xa0>)
100012ec:	4c16      	ldr	r4, [pc, #88]	@ (10001348 <__aeabi_double_init+0x94>)
100012ee:	64a3      	str	r3, [r4, #72]	@ 0x48
100012f0:	e7f5      	b.n	100012de <__aeabi_double_init+0x2a>
100012f2:	4b18      	ldr	r3, [pc, #96]	@ (10001354 <__aeabi_double_init+0xa0>)
100012f4:	4c14      	ldr	r4, [pc, #80]	@ (10001348 <__aeabi_double_init+0x94>)
100012f6:	6023      	str	r3, [r4, #0]
100012f8:	6063      	str	r3, [r4, #4]
100012fa:	60a3      	str	r3, [r4, #8]
100012fc:	60e3      	str	r3, [r4, #12]
100012fe:	6123      	str	r3, [r4, #16]
10001300:	6163      	str	r3, [r4, #20]
10001302:	61a3      	str	r3, [r4, #24]
10001304:	61e3      	str	r3, [r4, #28]
10001306:	6223      	str	r3, [r4, #32]
10001308:	6263      	str	r3, [r4, #36]	@ 0x24
1000130a:	62a3      	str	r3, [r4, #40]	@ 0x28
1000130c:	62e3      	str	r3, [r4, #44]	@ 0x2c
1000130e:	6323      	str	r3, [r4, #48]	@ 0x30
10001310:	6363      	str	r3, [r4, #52]	@ 0x34
10001312:	63a3      	str	r3, [r4, #56]	@ 0x38
10001314:	63e3      	str	r3, [r4, #60]	@ 0x3c
10001316:	6423      	str	r3, [r4, #64]	@ 0x40
10001318:	6463      	str	r3, [r4, #68]	@ 0x44
1000131a:	64a3      	str	r3, [r4, #72]	@ 0x48
1000131c:	64e3      	str	r3, [r4, #76]	@ 0x4c
1000131e:	6523      	str	r3, [r4, #80]	@ 0x50
10001320:	6563      	str	r3, [r4, #84]	@ 0x54
10001322:	65a3      	str	r3, [r4, #88]	@ 0x58
10001324:	65e3      	str	r3, [r4, #92]	@ 0x5c
10001326:	6623      	str	r3, [r4, #96]	@ 0x60
10001328:	6663      	str	r3, [r4, #100]	@ 0x64
1000132a:	66a3      	str	r3, [r4, #104]	@ 0x68
1000132c:	66e3      	str	r3, [r4, #108]	@ 0x6c
1000132e:	6723      	str	r3, [r4, #112]	@ 0x70
10001330:	6763      	str	r3, [r4, #116]	@ 0x74
10001332:	67a3      	str	r3, [r4, #120]	@ 0x78
10001334:	67e3      	str	r3, [r4, #124]	@ 0x7c
10001336:	64a3      	str	r3, [r4, #72]	@ 0x48
10001338:	e7d1      	b.n	100012de <__aeabi_double_init+0x2a>
1000133a:	4b06      	ldr	r3, [pc, #24]	@ (10001354 <__aeabi_double_init+0xa0>)
1000133c:	64a3      	str	r3, [r4, #72]	@ 0x48
1000133e:	e7ce      	b.n	100012de <__aeabi_double_init+0x2a>
10001340:	00004453 	.word	0x00004453
10001344:	00004653 	.word	0x00004653
10001348:	200003a8 	.word	0x200003a8
1000134c:	0000334c 	.word	0x0000334c
10001350:	200005f0 	.word	0x200005f0
10001354:	10001359 	.word	0x10001359

10001358 <double_table_shim_on_use_helper>:
10001358:	b507      	push	{r0, r1, r2, lr}
1000135a:	4660      	mov	r0, ip
1000135c:	8801      	ldrh	r1, [r0, #0]
1000135e:	0a0a      	lsrs	r2, r1, #8
10001360:	3002      	adds	r0, #2
10001362:	2adf      	cmp	r2, #223	@ 0xdf
10001364:	d1fa      	bne.n	1000135c <double_table_shim_on_use_helper+0x4>
10001366:	b2c9      	uxtb	r1, r1
10001368:	0882      	lsrs	r2, r0, #2
1000136a:	d304      	bcc.n	10001376 <double_table_shim_on_use_helper+0x1e>
1000136c:	8802      	ldrh	r2, [r0, #0]
1000136e:	8840      	ldrh	r0, [r0, #2]
10001370:	0400      	lsls	r0, r0, #16
10001372:	4310      	orrs	r0, r2
10001374:	e000      	b.n	10001378 <double_table_shim_on_use_helper+0x20>
10001376:	6800      	ldr	r0, [r0, #0]
10001378:	4a01      	ldr	r2, [pc, #4]	@ (10001380 <double_table_shim_on_use_helper+0x28>)
1000137a:	5050      	str	r0, [r2, r1]
1000137c:	9003      	str	r0, [sp, #12]
1000137e:	bd07      	pop	{r0, r1, r2, pc}
10001380:	200003a8 	.word	0x200003a8

10001384 <__wrap___aeabi_lmul>:
10001384:	4351      	muls	r1, r2
10001386:	4343      	muls	r3, r0
10001388:	18c9      	adds	r1, r1, r3
1000138a:	468c      	mov	ip, r1
1000138c:	0c11      	lsrs	r1, r2, #16
1000138e:	b283      	uxth	r3, r0
10001390:	434b      	muls	r3, r1
10001392:	b410      	push	{r4}
10001394:	0c04      	lsrs	r4, r0, #16
10001396:	4361      	muls	r1, r4
10001398:	b292      	uxth	r2, r2
1000139a:	b280      	uxth	r0, r0
1000139c:	4350      	muls	r0, r2
1000139e:	4362      	muls	r2, r4
100013a0:	041c      	lsls	r4, r3, #16
100013a2:	0c1b      	lsrs	r3, r3, #16
100013a4:	1900      	adds	r0, r0, r4
100013a6:	bc10      	pop	{r4}
100013a8:	4159      	adcs	r1, r3
100013aa:	0413      	lsls	r3, r2, #16
100013ac:	0c12      	lsrs	r2, r2, #16
100013ae:	18c0      	adds	r0, r0, r3
100013b0:	4151      	adcs	r1, r2
100013b2:	4461      	add	r1, ip
100013b4:	4770      	bx	lr
	...

100013b8 <__aeabi_float_init>:
100013b8:	2313      	movs	r3, #19
100013ba:	b510      	push	{r4, lr}
100013bc:	781c      	ldrb	r4, [r3, #0]
100013be:	4813      	ldr	r0, [pc, #76]	@ (1000140c <__aeabi_float_init+0x54>)
100013c0:	f7ff fde8 	bl	10000f94 <rom_data_lookup>
100013c4:	2c01      	cmp	r4, #1
100013c6:	d00b      	beq.n	100013e0 <__aeabi_float_init+0x28>
100013c8:	dd04      	ble.n	100013d4 <__aeabi_float_init+0x1c>
100013ca:	0001      	movs	r1, r0
100013cc:	2280      	movs	r2, #128	@ 0x80
100013ce:	4810      	ldr	r0, [pc, #64]	@ (10001410 <__aeabi_float_init+0x58>)
100013d0:	f000 f844 	bl	1000145c <__wrap___aeabi_memcpy>
100013d4:	480f      	ldr	r0, [pc, #60]	@ (10001414 <__aeabi_float_init+0x5c>)
100013d6:	f7ff fdd5 	bl	10000f84 <rom_func_lookup>
100013da:	4b0f      	ldr	r3, [pc, #60]	@ (10001418 <__aeabi_float_init+0x60>)
100013dc:	6018      	str	r0, [r3, #0]
100013de:	bd10      	pop	{r4, pc}
100013e0:	4c0b      	ldr	r4, [pc, #44]	@ (10001410 <__aeabi_float_init+0x58>)
100013e2:	0001      	movs	r1, r0
100013e4:	2254      	movs	r2, #84	@ 0x54
100013e6:	0020      	movs	r0, r4
100013e8:	f000 f838 	bl	1000145c <__wrap___aeabi_memcpy>
100013ec:	4b0b      	ldr	r3, [pc, #44]	@ (1000141c <__aeabi_float_init+0x64>)
100013ee:	6563      	str	r3, [r4, #84]	@ 0x54
100013f0:	65a3      	str	r3, [r4, #88]	@ 0x58
100013f2:	65e3      	str	r3, [r4, #92]	@ 0x5c
100013f4:	6623      	str	r3, [r4, #96]	@ 0x60
100013f6:	6663      	str	r3, [r4, #100]	@ 0x64
100013f8:	66a3      	str	r3, [r4, #104]	@ 0x68
100013fa:	66e3      	str	r3, [r4, #108]	@ 0x6c
100013fc:	6723      	str	r3, [r4, #112]	@ 0x70
100013fe:	6763      	str	r3, [r4, #116]	@ 0x74
10001400:	67a3      	str	r3, [r4, #120]	@ 0x78
10001402:	67e3      	str	r3, [r4, #124]	@ 0x7c
10001404:	6223      	str	r3, [r4, #32]
10001406:	61e3      	str	r3, [r4, #28]
10001408:	e7e4      	b.n	100013d4 <__aeabi_float_init+0x1c>
1000140a:	46c0      	nop			@ (mov r8, r8)
1000140c:	00004653 	.word	0x00004653
10001410:	200004a8 	.word	0x200004a8
10001414:	0000334c 	.word	0x0000334c
10001418:	200005f0 	.word	0x200005f0
1000141c:	10001421 	.word	0x10001421

10001420 <float_table_shim_on_use_helper>:
10001420:	b507      	push	{r0, r1, r2, lr}
10001422:	4660      	mov	r0, ip
10001424:	8801      	ldrh	r1, [r0, #0]
10001426:	0a0a      	lsrs	r2, r1, #8
10001428:	3002      	adds	r0, #2
1000142a:	2adf      	cmp	r2, #223	@ 0xdf
1000142c:	d1fa      	bne.n	10001424 <float_table_shim_on_use_helper+0x4>
1000142e:	b2c9      	uxtb	r1, r1
10001430:	0882      	lsrs	r2, r0, #2
10001432:	d304      	bcc.n	1000143e <float_table_shim_on_use_helper+0x1e>
10001434:	8802      	ldrh	r2, [r0, #0]
10001436:	8840      	ldrh	r0, [r0, #2]
10001438:	0400      	lsls	r0, r0, #16
1000143a:	4310      	orrs	r0, r2
1000143c:	e000      	b.n	10001440 <float_table_shim_on_use_helper+0x20>
1000143e:	6800      	ldr	r0, [r0, #0]
10001440:	4a01      	ldr	r2, [pc, #4]	@ (10001448 <float_table_shim_on_use_helper+0x28>)
10001442:	5050      	str	r0, [r2, r1]
10001444:	9003      	str	r0, [sp, #12]
10001446:	bd07      	pop	{r0, r1, r2, pc}
10001448:	200004a8 	.word	0x200004a8

1000144c <__aeabi_mem_init>:
1000144c:	4801      	ldr	r0, [pc, #4]	@ (10001454 <__aeabi_mem_init+0x8>)
1000144e:	2104      	movs	r1, #4
10001450:	4b01      	ldr	r3, [pc, #4]	@ (10001458 <__aeabi_mem_init+0xc>)
10001452:	4718      	bx	r3
10001454:	20000210 	.word	0x20000210
10001458:	10000fa5 	.word	0x10000fa5

1000145c <__wrap___aeabi_memcpy>:
1000145c:	4b01      	ldr	r3, [pc, #4]	@ (10001464 <__wrap___aeabi_memcpy+0x8>)
1000145e:	685b      	ldr	r3, [r3, #4]
10001460:	4718      	bx	r3
10001462:	0000      	.short	0x0000
10001464:	20000210 	.word	0x20000210

10001468 <_out_char>:
10001468:	b510      	push	{r4, lr}
1000146a:	2800      	cmp	r0, #0
1000146c:	d100      	bne.n	10001470 <_out_char+0x8>
1000146e:	bd10      	pop	{r4, pc}
10001470:	f000 f902 	bl	10001678 <__wrap_putchar>
10001474:	e7fb      	b.n	1000146e <_out_char+0x6>
10001476:	46c0      	nop			@ (mov r8, r8)

10001478 <weak_raw_vprintf>:
10001478:	b510      	push	{r4, lr}
1000147a:	4a09      	ldr	r2, [pc, #36]	@ (100014a0 <weak_raw_vprintf+0x28>)
1000147c:	0003      	movs	r3, r0
1000147e:	6814      	ldr	r4, [r2, #0]
10001480:	b084      	sub	sp, #16
10001482:	2c00      	cmp	r4, #0
10001484:	d008      	beq.n	10001498 <weak_raw_vprintf+0x20>
10001486:	2201      	movs	r2, #1
10001488:	9100      	str	r1, [sp, #0]
1000148a:	4806      	ldr	r0, [pc, #24]	@ (100014a4 <weak_raw_vprintf+0x2c>)
1000148c:	4252      	negs	r2, r2
1000148e:	a903      	add	r1, sp, #12
10001490:	47a0      	blx	r4
10001492:	2001      	movs	r0, #1
10001494:	b004      	add	sp, #16
10001496:	bd10      	pop	{r4, pc}
10001498:	f000 f938 	bl	1000170c <__wrap_puts>
1000149c:	2000      	movs	r0, #0
1000149e:	e7f9      	b.n	10001494 <weak_raw_vprintf+0x1c>
100014a0:	200005dc 	.word	0x200005dc
100014a4:	10001469 	.word	0x10001469

100014a8 <_exit>:
100014a8:	be00      	bkpt	0x0000
100014aa:	e7fd      	b.n	100014a8 <_exit>

100014ac <_fini>:
100014ac:	4770      	bx	lr
100014ae:	46c0      	nop			@ (mov r8, r8)

100014b0 <exit>:
100014b0:	b510      	push	{r4, lr}
100014b2:	f7ff fff9 	bl	100014a8 <_exit>
100014b6:	46c0      	nop			@ (mov r8, r8)

100014b8 <runtime_init>:
100014b8:	b570      	push	{r4, r5, r6, lr}
100014ba:	f7ff fdb1 	bl	10001020 <runtime_run_initializers>
100014be:	4d07      	ldr	r5, [pc, #28]	@ (100014dc <runtime_init+0x24>)
100014c0:	4e07      	ldr	r6, [pc, #28]	@ (100014e0 <runtime_init+0x28>)
100014c2:	42b5      	cmp	r5, r6
100014c4:	d209      	bcs.n	100014da <runtime_init+0x22>
100014c6:	2400      	movs	r4, #0
100014c8:	3e01      	subs	r6, #1
100014ca:	1b76      	subs	r6, r6, r5
100014cc:	08b6      	lsrs	r6, r6, #2
100014ce:	3601      	adds	r6, #1
100014d0:	cd08      	ldmia	r5!, {r3}
100014d2:	3401      	adds	r4, #1
100014d4:	4798      	blx	r3
100014d6:	42b4      	cmp	r4, r6
100014d8:	d1fa      	bne.n	100014d0 <runtime_init+0x18>
100014da:	bd70      	pop	{r4, r5, r6, pc}
100014dc:	10001814 	.word	0x10001814
100014e0:	10001814 	.word	0x10001814

100014e4 <stdio_out_chars_no_crlf>:
100014e4:	0003      	movs	r3, r0
100014e6:	b510      	push	{r4, lr}
100014e8:	0008      	movs	r0, r1
100014ea:	0011      	movs	r1, r2
100014ec:	681b      	ldr	r3, [r3, #0]
100014ee:	4798      	blx	r3
100014f0:	bd10      	pop	{r4, pc}
100014f2:	46c0      	nop			@ (mov r8, r8)

100014f4 <stdio_out_chars_crlf>:
100014f4:	b5f8      	push	{r3, r4, r5, r6, r7, lr}
100014f6:	7d43      	ldrb	r3, [r0, #21]
100014f8:	0007      	movs	r7, r0
100014fa:	000d      	movs	r5, r1
100014fc:	0016      	movs	r6, r2
100014fe:	2b00      	cmp	r3, #0
10001500:	d038      	beq.n	10001574 <stdio_out_chars_crlf+0x80>
10001502:	2a00      	cmp	r2, #0
10001504:	dd1a      	ble.n	1000153c <stdio_out_chars_crlf+0x48>
10001506:	780b      	ldrb	r3, [r1, #0]
10001508:	2b0a      	cmp	r3, #10
1000150a:	d018      	beq.n	1000153e <stdio_out_chars_crlf+0x4a>
1000150c:	2000      	movs	r0, #0
1000150e:	2e01      	cmp	r6, #1
10001510:	d009      	beq.n	10001526 <stdio_out_chars_crlf+0x32>
10001512:	2401      	movs	r4, #1
10001514:	0021      	movs	r1, r4
10001516:	5c6b      	ldrb	r3, [r5, r1]
10001518:	3401      	adds	r4, #1
1000151a:	2b0a      	cmp	r3, #10
1000151c:	d01a      	beq.n	10001554 <stdio_out_chars_crlf+0x60>
1000151e:	42b4      	cmp	r4, r6
10001520:	d1f8      	bne.n	10001514 <stdio_out_chars_crlf+0x20>
10001522:	4286      	cmp	r6, r0
10001524:	dd03      	ble.n	1000152e <stdio_out_chars_crlf+0x3a>
10001526:	1a31      	subs	r1, r6, r0
10001528:	683b      	ldr	r3, [r7, #0]
1000152a:	1828      	adds	r0, r5, r0
1000152c:	4798      	blx	r3
1000152e:	19ad      	adds	r5, r5, r6
10001530:	3d01      	subs	r5, #1
10001532:	782b      	ldrb	r3, [r5, #0]
10001534:	3b0d      	subs	r3, #13
10001536:	425a      	negs	r2, r3
10001538:	4153      	adcs	r3, r2
1000153a:	753b      	strb	r3, [r7, #20]
1000153c:	bdf8      	pop	{r3, r4, r5, r6, r7, pc}
1000153e:	7d03      	ldrb	r3, [r0, #20]
10001540:	2b00      	cmp	r3, #0
10001542:	d1e3      	bne.n	1000150c <stdio_out_chars_crlf+0x18>
10001544:	2102      	movs	r1, #2
10001546:	480e      	ldr	r0, [pc, #56]	@ (10001580 <stdio_out_chars_crlf+0x8c>)
10001548:	683b      	ldr	r3, [r7, #0]
1000154a:	4798      	blx	r3
1000154c:	2e01      	cmp	r6, #1
1000154e:	d0ee      	beq.n	1000152e <stdio_out_chars_crlf+0x3a>
10001550:	2001      	movs	r0, #1
10001552:	e7de      	b.n	10001512 <stdio_out_chars_crlf+0x1e>
10001554:	1e6b      	subs	r3, r5, #1
10001556:	5c5b      	ldrb	r3, [r3, r1]
10001558:	2b0d      	cmp	r3, #13
1000155a:	d0e0      	beq.n	1000151e <stdio_out_chars_crlf+0x2a>
1000155c:	4288      	cmp	r0, r1
1000155e:	da03      	bge.n	10001568 <stdio_out_chars_crlf+0x74>
10001560:	1a09      	subs	r1, r1, r0
10001562:	683b      	ldr	r3, [r7, #0]
10001564:	1828      	adds	r0, r5, r0
10001566:	4798      	blx	r3
10001568:	4805      	ldr	r0, [pc, #20]	@ (10001580 <stdio_out_chars_crlf+0x8c>)
1000156a:	2102      	movs	r1, #2
1000156c:	683b      	ldr	r3, [r7, #0]
1000156e:	4798      	blx	r3
10001570:	0020      	movs	r0, r4
10001572:	e7d4      	b.n	1000151e <stdio_out_chars_crlf+0x2a>
10001574:	6803      	ldr	r3, [r0, #0]
10001576:	0011      	movs	r1, r2
10001578:	0028      	movs	r0, r5
1000157a:	4798      	blx	r3
1000157c:	e7de      	b.n	1000153c <stdio_out_chars_crlf+0x48>
1000157e:	46c0      	nop			@ (mov r8, r8)
10001580:	100018f4 	.word	0x100018f4

10001584 <stdio_put_string>:
10001584:	b5f0      	push	{r4, r5, r6, r7, lr}
10001586:	4646      	mov	r6, r8
10001588:	46d6      	mov	lr, sl
1000158a:	464f      	mov	r7, r9
1000158c:	b5c0      	push	{r6, r7, lr}
1000158e:	b082      	sub	sp, #8
10001590:	4690      	mov	r8, r2
10001592:	001c      	movs	r4, r3
10001594:	0006      	movs	r6, r0
10001596:	000d      	movs	r5, r1
10001598:	f7ff fb8e 	bl	10000cb8 <time_us_64>
1000159c:	2300      	movs	r3, #0
1000159e:	4a2f      	ldr	r2, [pc, #188]	@ (1000165c <stdio_put_string+0xd8>)
100015a0:	1812      	adds	r2, r2, r0
100015a2:	414b      	adcs	r3, r1
100015a4:	2b00      	cmp	r3, #0
100015a6:	da02      	bge.n	100015ae <stdio_put_string+0x2a>
100015a8:	2201      	movs	r2, #1
100015aa:	4b2d      	ldr	r3, [pc, #180]	@ (10001660 <stdio_put_string+0xdc>)
100015ac:	4252      	negs	r2, r2
100015ae:	492d      	ldr	r1, [pc, #180]	@ (10001664 <stdio_put_string+0xe0>)
100015b0:	0008      	movs	r0, r1
100015b2:	468a      	mov	sl, r1
100015b4:	f000 f8f8 	bl	100017a8 <__mutex_try_enter_block_until_veneer>
100015b8:	4681      	mov	r9, r0
100015ba:	1c6b      	adds	r3, r5, #1
100015bc:	d103      	bne.n	100015c6 <stdio_put_string+0x42>
100015be:	0030      	movs	r0, r6
100015c0:	f000 f8c2 	bl	10001748 <strlen>
100015c4:	0005      	movs	r5, r0
100015c6:	2c00      	cmp	r4, #0
100015c8:	d027      	beq.n	1000161a <stdio_put_string+0x96>
100015ca:	4f27      	ldr	r7, [pc, #156]	@ (10001668 <stdio_put_string+0xe4>)
100015cc:	4b27      	ldr	r3, [pc, #156]	@ (1000166c <stdio_put_string+0xe8>)
100015ce:	681c      	ldr	r4, [r3, #0]
100015d0:	2c00      	cmp	r4, #0
100015d2:	d018      	beq.n	10001606 <stdio_put_string+0x82>
100015d4:	4643      	mov	r3, r8
100015d6:	2b00      	cmp	r3, #0
100015d8:	d121      	bne.n	1000161e <stdio_put_string+0x9a>
100015da:	4b25      	ldr	r3, [pc, #148]	@ (10001670 <stdio_put_string+0xec>)
100015dc:	4698      	mov	r8, r3
100015de:	e002      	b.n	100015e6 <stdio_put_string+0x62>
100015e0:	6924      	ldr	r4, [r4, #16]
100015e2:	2c00      	cmp	r4, #0
100015e4:	d00f      	beq.n	10001606 <stdio_put_string+0x82>
100015e6:	6823      	ldr	r3, [r4, #0]
100015e8:	2b00      	cmp	r3, #0
100015ea:	d0f9      	beq.n	100015e0 <stdio_put_string+0x5c>
100015ec:	4643      	mov	r3, r8
100015ee:	681b      	ldr	r3, [r3, #0]
100015f0:	2b00      	cmp	r3, #0
100015f2:	d001      	beq.n	100015f8 <stdio_put_string+0x74>
100015f4:	429c      	cmp	r4, r3
100015f6:	d1f3      	bne.n	100015e0 <stdio_put_string+0x5c>
100015f8:	0020      	movs	r0, r4
100015fa:	002a      	movs	r2, r5
100015fc:	0031      	movs	r1, r6
100015fe:	47b8      	blx	r7
10001600:	6924      	ldr	r4, [r4, #16]
10001602:	2c00      	cmp	r4, #0
10001604:	d1ef      	bne.n	100015e6 <stdio_put_string+0x62>
10001606:	464b      	mov	r3, r9
10001608:	2b00      	cmp	r3, #0
1000160a:	d123      	bne.n	10001654 <stdio_put_string+0xd0>
1000160c:	0028      	movs	r0, r5
1000160e:	b002      	add	sp, #8
10001610:	bce0      	pop	{r5, r6, r7}
10001612:	46ba      	mov	sl, r7
10001614:	46b1      	mov	r9, r6
10001616:	46a8      	mov	r8, r5
10001618:	bdf0      	pop	{r4, r5, r6, r7, pc}
1000161a:	4f16      	ldr	r7, [pc, #88]	@ (10001674 <stdio_put_string+0xf0>)
1000161c:	e7d6      	b.n	100015cc <stdio_put_string+0x48>
1000161e:	4b14      	ldr	r3, [pc, #80]	@ (10001670 <stdio_put_string+0xec>)
10001620:	4698      	mov	r8, r3
10001622:	e002      	b.n	1000162a <stdio_put_string+0xa6>
10001624:	6924      	ldr	r4, [r4, #16]
10001626:	2c00      	cmp	r4, #0
10001628:	d0ed      	beq.n	10001606 <stdio_put_string+0x82>
1000162a:	6823      	ldr	r3, [r4, #0]
1000162c:	2b00      	cmp	r3, #0
1000162e:	d0f9      	beq.n	10001624 <stdio_put_string+0xa0>
10001630:	4643      	mov	r3, r8
10001632:	681b      	ldr	r3, [r3, #0]
10001634:	2b00      	cmp	r3, #0
10001636:	d001      	beq.n	1000163c <stdio_put_string+0xb8>
10001638:	42a3      	cmp	r3, r4
1000163a:	d1f3      	bne.n	10001624 <stdio_put_string+0xa0>
1000163c:	002a      	movs	r2, r5
1000163e:	0031      	movs	r1, r6
10001640:	0020      	movs	r0, r4
10001642:	47b8      	blx	r7
10001644:	466b      	mov	r3, sp
10001646:	220a      	movs	r2, #10
10001648:	0020      	movs	r0, r4
1000164a:	71da      	strb	r2, [r3, #7]
1000164c:	1dd9      	adds	r1, r3, #7
1000164e:	3a09      	subs	r2, #9
10001650:	47b8      	blx	r7
10001652:	e7e7      	b.n	10001624 <stdio_put_string+0xa0>
10001654:	4650      	mov	r0, sl
10001656:	f000 f8b7 	bl	100017c8 <__mutex_exit_veneer>
1000165a:	e7d7      	b.n	1000160c <stdio_put_string+0x88>
1000165c:	000f4240 	.word	0x000f4240
10001660:	7fffffff 	.word	0x7fffffff
10001664:	20000220 	.word	0x20000220
10001668:	100014f5 	.word	0x100014f5
1000166c:	200005d4 	.word	0x200005d4
10001670:	200005d8 	.word	0x200005d8
10001674:	100014e5 	.word	0x100014e5

10001678 <__wrap_putchar>:
10001678:	b5f0      	push	{r4, r5, r6, r7, lr}
1000167a:	46ce      	mov	lr, r9
1000167c:	4647      	mov	r7, r8
1000167e:	b580      	push	{r7, lr}
10001680:	b083      	sub	sp, #12
10001682:	466b      	mov	r3, sp
10001684:	0006      	movs	r6, r0
10001686:	1ddd      	adds	r5, r3, #7
10001688:	7028      	strb	r0, [r5, #0]
1000168a:	f7ff fb15 	bl	10000cb8 <time_us_64>
1000168e:	2300      	movs	r3, #0
10001690:	4a19      	ldr	r2, [pc, #100]	@ (100016f8 <__wrap_putchar+0x80>)
10001692:	1812      	adds	r2, r2, r0
10001694:	414b      	adcs	r3, r1
10001696:	2b00      	cmp	r3, #0
10001698:	da02      	bge.n	100016a0 <__wrap_putchar+0x28>
1000169a:	2201      	movs	r2, #1
1000169c:	4b17      	ldr	r3, [pc, #92]	@ (100016fc <__wrap_putchar+0x84>)
1000169e:	4252      	negs	r2, r2
100016a0:	4917      	ldr	r1, [pc, #92]	@ (10001700 <__wrap_putchar+0x88>)
100016a2:	0008      	movs	r0, r1
100016a4:	4689      	mov	r9, r1
100016a6:	f000 f87f 	bl	100017a8 <__mutex_try_enter_block_until_veneer>
100016aa:	4b16      	ldr	r3, [pc, #88]	@ (10001704 <__wrap_putchar+0x8c>)
100016ac:	4680      	mov	r8, r0
100016ae:	681c      	ldr	r4, [r3, #0]
100016b0:	2c00      	cmp	r4, #0
100016b2:	d014      	beq.n	100016de <__wrap_putchar+0x66>
100016b4:	4f14      	ldr	r7, [pc, #80]	@ (10001708 <__wrap_putchar+0x90>)
100016b6:	e002      	b.n	100016be <__wrap_putchar+0x46>
100016b8:	6924      	ldr	r4, [r4, #16]
100016ba:	2c00      	cmp	r4, #0
100016bc:	d00f      	beq.n	100016de <__wrap_putchar+0x66>
100016be:	6823      	ldr	r3, [r4, #0]
100016c0:	2b00      	cmp	r3, #0
100016c2:	d0f9      	beq.n	100016b8 <__wrap_putchar+0x40>
100016c4:	683b      	ldr	r3, [r7, #0]
100016c6:	2b00      	cmp	r3, #0
100016c8:	d001      	beq.n	100016ce <__wrap_putchar+0x56>
100016ca:	429c      	cmp	r4, r3
100016cc:	d1f4      	bne.n	100016b8 <__wrap_putchar+0x40>
100016ce:	0020      	movs	r0, r4
100016d0:	2201      	movs	r2, #1
100016d2:	0029      	movs	r1, r5
100016d4:	f7ff ff0e 	bl	100014f4 <stdio_out_chars_crlf>
100016d8:	6924      	ldr	r4, [r4, #16]
100016da:	2c00      	cmp	r4, #0
100016dc:	d1ef      	bne.n	100016be <__wrap_putchar+0x46>
100016de:	4643      	mov	r3, r8
100016e0:	2b00      	cmp	r3, #0
100016e2:	d105      	bne.n	100016f0 <__wrap_putchar+0x78>
100016e4:	0030      	movs	r0, r6
100016e6:	b003      	add	sp, #12
100016e8:	bcc0      	pop	{r6, r7}
100016ea:	46b9      	mov	r9, r7
100016ec:	46b0      	mov	r8, r6
100016ee:	bdf0      	pop	{r4, r5, r6, r7, pc}
100016f0:	4648      	mov	r0, r9
100016f2:	f000 f869 	bl	100017c8 <__mutex_exit_veneer>
100016f6:	e7f5      	b.n	100016e4 <__wrap_putchar+0x6c>
100016f8:	000f4240 	.word	0x000f4240
100016fc:	7fffffff 	.word	0x7fffffff
10001700:	20000220 	.word	0x20000220
10001704:	200005d4 	.word	0x200005d4
10001708:	200005d8 	.word	0x200005d8

1000170c <__wrap_puts>:
1000170c:	b570      	push	{r4, r5, r6, lr}
1000170e:	0004      	movs	r4, r0
10001710:	f000 f81a 	bl	10001748 <strlen>
10001714:	2301      	movs	r3, #1
10001716:	0001      	movs	r1, r0
10001718:	0005      	movs	r5, r0
1000171a:	2201      	movs	r2, #1
1000171c:	0020      	movs	r0, r4
1000171e:	f7ff ff31 	bl	10001584 <stdio_put_string>
10001722:	4b08      	ldr	r3, [pc, #32]	@ (10001744 <__wrap_puts+0x38>)
10001724:	681c      	ldr	r4, [r3, #0]
10001726:	2c00      	cmp	r4, #0
10001728:	d006      	beq.n	10001738 <__wrap_puts+0x2c>
1000172a:	6863      	ldr	r3, [r4, #4]
1000172c:	2b00      	cmp	r3, #0
1000172e:	d005      	beq.n	1000173c <__wrap_puts+0x30>
10001730:	4798      	blx	r3
10001732:	6924      	ldr	r4, [r4, #16]
10001734:	2c00      	cmp	r4, #0
10001736:	d1f8      	bne.n	1000172a <__wrap_puts+0x1e>
10001738:	0028      	movs	r0, r5
1000173a:	bd70      	pop	{r4, r5, r6, pc}
1000173c:	6924      	ldr	r4, [r4, #16]
1000173e:	2c00      	cmp	r4, #0
10001740:	d1f3      	bne.n	1000172a <__wrap_puts+0x1e>
10001742:	e7f9      	b.n	10001738 <__wrap_puts+0x2c>
10001744:	200005d4 	.word	0x200005d4

10001748 <strlen>:
10001748:	0003      	movs	r3, r0
1000174a:	4684      	mov	ip, r0
1000174c:	079b      	lsls	r3, r3, #30
1000174e:	d00b      	beq.n	10001768 <strlen+0x20>
10001750:	0003      	movs	r3, r0
10001752:	2103      	movs	r1, #3
10001754:	e002      	b.n	1000175c <strlen+0x14>
10001756:	3301      	adds	r3, #1
10001758:	420b      	tst	r3, r1
1000175a:	d006      	beq.n	1000176a <strlen+0x22>
1000175c:	781a      	ldrb	r2, [r3, #0]
1000175e:	2a00      	cmp	r2, #0
10001760:	d1f9      	bne.n	10001756 <strlen+0xe>
10001762:	4662      	mov	r2, ip
10001764:	1a98      	subs	r0, r3, r2
10001766:	4770      	bx	lr
10001768:	0003      	movs	r3, r0
1000176a:	6819      	ldr	r1, [r3, #0]
1000176c:	4a0c      	ldr	r2, [pc, #48]	@ (100017a0 <strlen+0x58>)
1000176e:	480d      	ldr	r0, [pc, #52]	@ (100017a4 <strlen+0x5c>)
10001770:	188a      	adds	r2, r1, r2
10001772:	438a      	bics	r2, r1
10001774:	4202      	tst	r2, r0
10001776:	d10f      	bne.n	10001798 <strlen+0x50>
10001778:	6859      	ldr	r1, [r3, #4]
1000177a:	4a09      	ldr	r2, [pc, #36]	@ (100017a0 <strlen+0x58>)
1000177c:	3304      	adds	r3, #4
1000177e:	188a      	adds	r2, r1, r2
10001780:	438a      	bics	r2, r1
10001782:	4202      	tst	r2, r0
10001784:	d108      	bne.n	10001798 <strlen+0x50>
10001786:	6859      	ldr	r1, [r3, #4]
10001788:	4a05      	ldr	r2, [pc, #20]	@ (100017a0 <strlen+0x58>)
1000178a:	3304      	adds	r3, #4
1000178c:	188a      	adds	r2, r1, r2
1000178e:	438a      	bics	r2, r1
10001790:	4202      	tst	r2, r0
10001792:	d0f1      	beq.n	10001778 <strlen+0x30>
10001794:	e000      	b.n	10001798 <strlen+0x50>
10001796:	3301      	adds	r3, #1
10001798:	781a      	ldrb	r2, [r3, #0]
1000179a:	2a00      	cmp	r2, #0
1000179c:	d1fb      	bne.n	10001796 <strlen+0x4e>
1000179e:	e7e0      	b.n	10001762 <strlen+0x1a>
100017a0:	fefefeff 	.word	0xfefefeff
100017a4:	80808080 	.word	0x80808080

100017a8 <__mutex_try_enter_block_until_veneer>:
100017a8:	b401      	push	{r0}
100017aa:	4802      	ldr	r0, [pc, #8]	@ (100017b4 <__mutex_try_enter_block_until_veneer+0xc>)
100017ac:	4684      	mov	ip, r0
100017ae:	bc01      	pop	{r0}
100017b0:	4760      	bx	ip
100017b2:	bf00      	nop
100017b4:	20000165 	.word	0x20000165

100017b8 <____aeabi_idiv0_veneer>:
100017b8:	b401      	push	{r0}
100017ba:	4802      	ldr	r0, [pc, #8]	@ (100017c4 <____aeabi_idiv0_veneer+0xc>)
100017bc:	4684      	mov	ip, r0
100017be:	bc01      	pop	{r0}
100017c0:	4760      	bx	ip
100017c2:	bf00      	nop
100017c4:	200001c1 	.word	0x200001c1

100017c8 <__mutex_exit_veneer>:
100017c8:	b401      	push	{r0}
100017ca:	4802      	ldr	r0, [pc, #8]	@ (100017d4 <__mutex_exit_veneer+0xc>)
100017cc:	4684      	mov	ip, r0
100017ce:	bc01      	pop	{r0}
100017d0:	4760      	bx	ip
100017d2:	bf00      	nop
100017d4:	20000199 	.word	0x20000199

100017d8 <__pre_init_runtime_init_early_resets>:
100017d8:	10001049                                I...

100017dc <__pre_init_runtime_init_usb_power_down>:
100017dc:	10001075 10001259 1000144d 100012b5     u...Y...M.......
100017ec:	100013b9                                ....

100017f0 <__pre_init_runtime_init_clocks>:
100017f0:	10001181                                ....

100017f4 <__pre_init_runtime_init_post_clock_resets>:
100017f4:	10001091                                ....

100017f8 <__pre_init_runtime_init_rp2040_gpio_ie_disable>:
100017f8:	100010b1                                ....

100017fc <__pre_init_runtime_init_spin_locks_reset>:
100017fc:	100010c5                                ....

10001800 <__pre_init_runtime_init_mutex>:
10001800:	100004f1                                ....

10001804 <__pre_init_runtime_init_install_ram_vector_table>:
10001804:	100010cd                                ....

10001808 <__pre_init_runtime_init_default_alarm_pool>:
10001808:	10000865                                e...

1000180c <__pre_init_first_per_core_initializer>:
1000180c:	10001011                                ....

10001810 <__pre_init_runtime_init_per_core_irq_priorities>:
10001810:	10000421                                !...

Disassembly of section .data:

200000c0 <mutex_try_enter>:
200000c0:	0003      	movs	r3, r0
200000c2:	6800      	ldr	r0, [r0, #0]
200000c4:	f3ef 8c10 	mrs	ip, PRIMASK
200000c8:	b672      	cpsid	i
200000ca:	6802      	ldr	r2, [r0, #0]
200000cc:	2a00      	cmp	r2, #0
200000ce:	d0fc      	beq.n	200000ca <mutex_try_enter+0xa>
200000d0:	f3bf 8f5f 	dmb	sy
200000d4:	2204      	movs	r2, #4
200000d6:	569a      	ldrsb	r2, [r3, r2]
200000d8:	2a00      	cmp	r2, #0
200000da:	db0b      	blt.n	200000f4 <mutex_try_enter+0x34>
200000dc:	2900      	cmp	r1, #0
200000de:	d000      	beq.n	200000e2 <mutex_try_enter+0x22>
200000e0:	600a      	str	r2, [r1, #0]
200000e2:	2000      	movs	r0, #0
200000e4:	681b      	ldr	r3, [r3, #0]
200000e6:	f3bf 8f5f 	dmb	sy
200000ea:	2200      	movs	r2, #0
200000ec:	601a      	str	r2, [r3, #0]
200000ee:	f38c 8810 	msr	PRIMASK, ip
200000f2:	4770      	bx	lr
200000f4:	22d0      	movs	r2, #208	@ 0xd0
200000f6:	0612      	lsls	r2, r2, #24
200000f8:	6812      	ldr	r2, [r2, #0]
200000fa:	2001      	movs	r0, #1
200000fc:	711a      	strb	r2, [r3, #4]
200000fe:	e7f1      	b.n	200000e4 <mutex_try_enter+0x24>

20000100 <mutex_enter_block_until>:
20000100:	b5f0      	push	{r4, r5, r6, r7, lr}
20000102:	001f      	movs	r7, r3
20000104:	23d0      	movs	r3, #208	@ 0xd0
20000106:	46c6      	mov	lr, r8
20000108:	061b      	lsls	r3, r3, #24
2000010a:	681b      	ldr	r3, [r3, #0]
2000010c:	0004      	movs	r4, r0
2000010e:	0016      	movs	r6, r2
20000110:	4698      	mov	r8, r3
20000112:	2500      	movs	r5, #0
20000114:	b500      	push	{lr}
20000116:	e00a      	b.n	2000012e <mutex_enter_block_until+0x2e>
20000118:	f3bf 8f5f 	dmb	sy
2000011c:	6015      	str	r5, [r2, #0]
2000011e:	f381 8810 	msr	PRIMASK, r1
20000122:	0030      	movs	r0, r6
20000124:	0039      	movs	r1, r7
20000126:	f000 f84f 	bl	200001c8 <__best_effort_wfe_or_timeout_veneer>
2000012a:	2800      	cmp	r0, #0
2000012c:	d118      	bne.n	20000160 <mutex_enter_block_until+0x60>
2000012e:	6822      	ldr	r2, [r4, #0]
20000130:	f3ef 8110 	mrs	r1, PRIMASK
20000134:	b672      	cpsid	i
20000136:	6813      	ldr	r3, [r2, #0]
20000138:	2b00      	cmp	r3, #0
2000013a:	d0fc      	beq.n	20000136 <mutex_enter_block_until+0x36>
2000013c:	f3bf 8f5f 	dmb	sy
20000140:	7923      	ldrb	r3, [r4, #4]
20000142:	6822      	ldr	r2, [r4, #0]
20000144:	2b7f      	cmp	r3, #127	@ 0x7f
20000146:	d9e7      	bls.n	20000118 <mutex_enter_block_until+0x18>
20000148:	4643      	mov	r3, r8
2000014a:	7123      	strb	r3, [r4, #4]
2000014c:	f3bf 8f5f 	dmb	sy
20000150:	2300      	movs	r3, #0
20000152:	6013      	str	r3, [r2, #0]
20000154:	f381 8810 	msr	PRIMASK, r1
20000158:	2001      	movs	r0, #1
2000015a:	bc80      	pop	{r7}
2000015c:	46b8      	mov	r8, r7
2000015e:	bdf0      	pop	{r4, r5, r6, r7, pc}
20000160:	2000      	movs	r0, #0
20000162:	e7fa      	b.n	2000015a <mutex_enter_block_until+0x5a>

20000164 <mutex_try_enter_block_until>:
20000164:	b570      	push	{r4, r5, r6, lr}
20000166:	b082      	sub	sp, #8
20000168:	a901      	add	r1, sp, #4
2000016a:	0006      	movs	r6, r0
2000016c:	0014      	movs	r4, r2
2000016e:	001d      	movs	r5, r3
20000170:	f7ff ffa6 	bl	200000c0 <mutex_try_enter>
20000174:	2800      	cmp	r0, #0
20000176:	d107      	bne.n	20000188 <mutex_try_enter_block_until+0x24>
20000178:	22d0      	movs	r2, #208	@ 0xd0
2000017a:	0612      	lsls	r2, r2, #24
2000017c:	9b01      	ldr	r3, [sp, #4]
2000017e:	7812      	ldrb	r2, [r2, #0]
20000180:	b25b      	sxtb	r3, r3
20000182:	b252      	sxtb	r2, r2
20000184:	4293      	cmp	r3, r2
20000186:	d101      	bne.n	2000018c <mutex_try_enter_block_until+0x28>
20000188:	b002      	add	sp, #8
2000018a:	bd70      	pop	{r4, r5, r6, pc}
2000018c:	0022      	movs	r2, r4
2000018e:	002b      	movs	r3, r5
20000190:	0030      	movs	r0, r6
20000192:	f7ff ffb5 	bl	20000100 <mutex_enter_block_until>
20000196:	e7f7      	b.n	20000188 <mutex_try_enter_block_until+0x24>

20000198 <mutex_exit>:
20000198:	6802      	ldr	r2, [r0, #0]
2000019a:	f3ef 8110 	mrs	r1, PRIMASK
2000019e:	b672      	cpsid	i
200001a0:	6813      	ldr	r3, [r2, #0]
200001a2:	2b00      	cmp	r3, #0
200001a4:	d0fc      	beq.n	200001a0 <mutex_exit+0x8>
200001a6:	f3bf 8f5f 	dmb	sy
200001aa:	23ff      	movs	r3, #255	@ 0xff
200001ac:	7103      	strb	r3, [r0, #4]
200001ae:	6803      	ldr	r3, [r0, #0]
200001b0:	f3bf 8f5f 	dmb	sy
200001b4:	2200      	movs	r2, #0
200001b6:	601a      	str	r2, [r3, #0]
200001b8:	f381 8810 	msr	PRIMASK, r1
200001bc:	bf40      	sev
200001be:	4770      	bx	lr

200001c0 <__aeabi_idiv0>:
200001c0:	4770      	bx	lr
200001c2:	46c0      	nop			@ (mov r8, r8)
200001c4:	0000      	movs	r0, r0
	...

200001c8 <__best_effort_wfe_or_timeout_veneer>:
200001c8:	b401      	push	{r0}
200001ca:	4802      	ldr	r0, [pc, #8]	@ (200001d4 <__best_effort_wfe_or_timeout_veneer+0xc>)
200001cc:	4684      	mov	ip, r0
200001ce:	bc01      	pop	{r0}
200001d0:	4760      	bx	ip
200001d2:	bf00      	nop
200001d4:	10000b69 	.word	0x10000b69

200001d8 <striped_spin_lock_num>:
200001d8:	00000010 00000000                       ........

200001e0 <last_added.0>:
200001e0:	ffffffff 7fffffff                       ........

200001e8 <default_alarm_pool>:
	...
200001fc:	20000228                                (.. 

20000200 <aeabi_bits_funcs>:
20000200:	00003350 	.word	0x00003350
20000204:	0000334c 	.word	0x0000334c
20000208:	00003354 	.word	0x00003354
2000020c:	00003352 	.word	0x00003352

20000210 <aeabi_bits_funcs_end>:
20000210:	0000534d 	.word	0x0000534d
20000214:	0000434d 	.word	0x0000434d
20000218:	00003453 	.word	0x00003453
2000021c:	00003443 	.word	0x00003443

20000220 <print_mutex>:
	...
