
C:/Repositories/pico/es-student/133-led-button-usb/build/133_led_button_usb.elf:     file format elf32-littlearm

Sections:
Idx Name          Size      VMA       LMA       File off  Algn
  0 .boot2        00000100  10000000  10000000  00001000  2**0
                  CONTENTS, ALLOC, LOAD, READONLY, CODE
  1 .text         000065d8  10000100  10000100  00001100  2**3
                  CONTENTS, ALLOC, LOAD, READONLY, CODE
  2 .rodata       00000624  100066d8  100066d8  000076d8  2**3
                  CONTENTS, ALLOC, LOAD, READONLY, DATA
  3 .binary_info  00000020  10006cfc  10006cfc  00007cfc  2**2
                  CONTENTS, ALLOC, LOAD, READONLY, DATA
  4 .xip_ram      00000000  15000000  15000000  00009030  2**0
                  CONTENTS
  5 .ram_vector_table 000000c0  20000000  20000000  0000a000  2**2
                  ALLOC
  6 .uninitialized_data 00000000  200000c0  200000c0  00009030  2**0
                  CONTENTS
  7 .data         00000f70  200000c0  10006d1c  000080c0  2**4
                  CONTENTS, ALLOC, LOAD, READONLY, CODE
  8 .tdata        00000000  20001030  20001030  00009030  2**0
                  CONTENTS, ALLOC, LOAD, DATA, THREAD_LOCAL
  9 .tbss         00000000  20001030  20001030  00000000  2**0
                  ALLOC, THREAD_LOCAL
 10 .tbss_space   00000000  20001030  20001030  00009030  2**0
                  CONTENTS
 11 .bss          00000c18  20001030  10007c8c  00009030  2**3
                  ALLOC
 12 .tls0         00000000  20001c48  20001c48  00009030  2**0
                  CONTENTS
 13 .tls1         00000000  20001c48  20001c48  00009030  2**0
                  CONTENTS
 14 .persistent_data 00000000  20001c48  20001c48  00009030  2**0
                  CONTENTS
 15 .dummy_pre_heap 00000000  20001c48  20001c48  00009030  2**0
                  CONTENTS
 16 .heap         00000800  20001c48  20001c48  0000a000  2**2
                  ALLOC, READONLY
 17 .scratch_x    00000000  20040000  20040000  00009030  2**0
                  CONTENTS
 18 .scratch_y    00000000  20041000  20041000  00009030  2**0
                  CONTENTS
 19 .stack_dummy  00000800  20041000  20041000  0000a000  2**5
                  ALLOC, READONLY
 20 .debug_info   0002f447  00000000  00000000  00009030  2**0
                  CONTENTS, READONLY, DEBUGGING, OCTETS
 21 .debug_abbrev 000087a5  00000000  00000000  00038477  2**0
                  CONTENTS, READONLY, DEBUGGING, OCTETS
 22 .debug_loclists 00019e35  00000000  00000000  00040c1c  2**0
                  CONTENTS, READONLY, DEBUGGING, OCTETS
 23 .debug_aranges 00001640  00000000  00000000  0005aa58  2**3
                  CONTENTS, READONLY, DEBUGGING, OCTETS
 24 .debug_rnglists 00004489  00000000  00000000  0005c098  2**0
                  CONTENTS, READONLY, DEBUGGING, OCTETS
 25 .debug_line   00023120  00000000  00000000  00060521  2**0
                  CONTENTS, READONLY, DEBUGGING, OCTETS
 26 .debug_str    00008aff  00000000  00000000  00083641  2**0
                  CONTENTS, READONLY, DEBUGGING, OCTETS
 27 .comment      00000046  00000000  00000000  0008c140  2**0
                  CONTENTS, READONLY
 28 .ARM.attributes 0000002a  00000000  00000000  0008c186  2**0
                  CONTENTS, READONLY
 29 .debug_frame  00002d2c  00000000  00000000  0008c1b0  2**2
                  CONTENTS, READONLY, DEBUGGING, OCTETS
 30 .debug_line_str 00000365  00000000  00000000  0008eedc  2**0
                  CONTENTS, READONLY, DEBUGGING, OCTETS

C:/Repositories/pico/es-student/133-led-button-usb/build/133_led_button_usb.elf:     file format elf32-littlearm


Disassembly of section .boot2:

10000000 <__boot2_start__>:
10000000:	4b32b500 	.word	0x4b32b500
10000004:	60582021 	.word	0x60582021
10000008:	21026898 	.word	0x21026898
1000000c:	60984388 	.word	0x60984388
10000010:	611860d8 	.word	0x611860d8
10000014:	4b2e6158 	.word	0x4b2e6158
10000018:	60992100 	.word	0x60992100
1000001c:	61592102 	.word	0x61592102
10000020:	22f02101 	.word	0x22f02101
10000024:	492b5099 	.word	0x492b5099
10000028:	21016019 	.word	0x21016019
1000002c:	20356099 	.word	0x20356099
10000030:	f844f000 	.word	0xf844f000
10000034:	42902202 	.word	0x42902202
10000038:	2106d014 	.word	0x2106d014
1000003c:	f0006619 	.word	0xf0006619
10000040:	6e19f834 	.word	0x6e19f834
10000044:	66192101 	.word	0x66192101
10000048:	66182000 	.word	0x66182000
1000004c:	f000661a 	.word	0xf000661a
10000050:	6e19f82c 	.word	0x6e19f82c
10000054:	6e196e19 	.word	0x6e196e19
10000058:	f0002005 	.word	0xf0002005
1000005c:	2101f82f 	.word	0x2101f82f
10000060:	d1f94208 	.word	0xd1f94208
10000064:	60992100 	.word	0x60992100
10000068:	6019491b 	.word	0x6019491b
1000006c:	60592100 	.word	0x60592100
10000070:	481b491a 	.word	0x481b491a
10000074:	21016001 	.word	0x21016001
10000078:	21eb6099 	.word	0x21eb6099
1000007c:	21a06619 	.word	0x21a06619
10000080:	f0006619 	.word	0xf0006619
10000084:	2100f812 	.word	0x2100f812
10000088:	49166099 	.word	0x49166099
1000008c:	60014814 	.word	0x60014814
10000090:	60992101 	.word	0x60992101
10000094:	2800bc01 	.word	0x2800bc01
10000098:	4700d000 	.word	0x4700d000
1000009c:	49134812 	.word	0x49134812
100000a0:	c8036008 	.word	0xc8036008
100000a4:	8808f380 	.word	0x8808f380
100000a8:	b5034708 	.word	0xb5034708
100000ac:	20046a99 	.word	0x20046a99
100000b0:	d0fb4201 	.word	0xd0fb4201
100000b4:	42012001 	.word	0x42012001
100000b8:	bd03d1f8 	.word	0xbd03d1f8
100000bc:	6618b502 	.word	0x6618b502
100000c0:	f7ff6618 	.word	0xf7ff6618
100000c4:	6e18fff2 	.word	0x6e18fff2
100000c8:	bd026e18 	.word	0xbd026e18
100000cc:	40020000 	.word	0x40020000
100000d0:	18000000 	.word	0x18000000
100000d4:	00070000 	.word	0x00070000
100000d8:	005f0300 	.word	0x005f0300
100000dc:	00002221 	.word	0x00002221
100000e0:	180000f4 	.word	0x180000f4
100000e4:	a0002022 	.word	0xa0002022
100000e8:	10000100 	.word	0x10000100
100000ec:	e000ed08 	.word	0xe000ed08
	...
100000fc:	7a4eb274 	.word	0x7a4eb274

Disassembly of section .text:

10000100 <__VECTOR_TABLE>:
10000100:	20042000 	.word	0x20042000
10000104:	100001f7 	.word	0x100001f7
10000108:	100001cb 	.word	0x100001cb
1000010c:	100001cd 	.word	0x100001cd
10000110:	100001c9 	.word	0x100001c9
10000114:	100001c9 	.word	0x100001c9
10000118:	100001c9 	.word	0x100001c9
1000011c:	100001c9 	.word	0x100001c9
10000120:	100001c9 	.word	0x100001c9
10000124:	100001c9 	.word	0x100001c9
10000128:	100001c9 	.word	0x100001c9
1000012c:	100001cf 	.word	0x100001cf
10000130:	100001c9 	.word	0x100001c9
10000134:	100001c9 	.word	0x100001c9
10000138:	100001d1 	.word	0x100001d1
1000013c:	100001d3 	.word	0x100001d3
10000140:	100001c1 	.word	0x100001c1
10000144:	100001c1 	.word	0x100001c1
10000148:	100001c1 	.word	0x100001c1
1000014c:	100001c1 	.word	0x100001c1
10000150:	100001c1 	.word	0x100001c1
10000154:	100001c1 	.word	0x100001c1
10000158:	100001c1 	.word	0x100001c1
1000015c:	100001c1 	.word	0x100001c1
10000160:	100001c1 	.word	0x100001c1
10000164:	100001c1 	.word	0x100001c1
10000168:	100001c1 	.word	0x100001c1
1000016c:	100001c1 	.word	0x100001c1
10000170:	100001c1 	.word	0x100001c1
10000174:	100001c1 	.word	0x100001c1
10000178:	100001c1 	.word	0x100001c1
1000017c:	100001c1 	.word	0x100001c1
10000180:	100001c1 	.word	0x100001c1
10000184:	100001c1 	.word	0x100001c1
10000188:	100001c1 	.word	0x100001c1
1000018c:	100001c1 	.word	0x100001c1
10000190:	100001c1 	.word	0x100001c1
10000194:	100001c1 	.word	0x100001c1
10000198:	100001c1 	.word	0x100001c1
1000019c:	100001c1 	.word	0x100001c1
100001a0:	100001c1 	.word	0x100001c1
100001a4:	100001c1 	.word	0x100001c1
100001a8:	100001c1 	.word	0x100001c1
100001ac:	100001c1 	.word	0x100001c1
100001b0:	100001c1 	.word	0x100001c1
100001b4:	100001c1 	.word	0x100001c1
100001b8:	100001c1 	.word	0x100001c1
100001bc:	100001c1 	.word	0x100001c1

100001c0 <__unhandled_user_irq>:
100001c0:	f3ef 8005 	mrs	r0, IPSR
100001c4:	3810      	subs	r0, #16

100001c6 <unhandled_user_irq_num_in_r0>:
100001c6:	be00      	bkpt	0x0000

100001c8 <isr_invalid>:
100001c8:	be00      	bkpt	0x0000

100001ca <isr_nmi>:
100001ca:	be00      	bkpt	0x0000

100001cc <isr_hardfault>:
100001cc:	be00      	bkpt	0x0000

100001ce <isr_svcall>:
100001ce:	be00      	bkpt	0x0000

100001d0 <isr_pendsv>:
100001d0:	be00      	bkpt	0x0000

100001d2 <isr_systick>:
100001d2:	be00      	bkpt	0x0000

100001d4 <__default_isrs_end>:
100001d4:	7188ebf2 	.word	0x7188ebf2
100001d8:	10006cfc 	.word	0x10006cfc
100001dc:	10006d1c 	.word	0x10006d1c
100001e0:	10000238 	.word	0x10000238
100001e4:	e71aa390 	.word	0xe71aa390

100001e8 <_entry_point>:
100001e8:	2000      	movs	r0, #0

100001ea <_enter_vtable_in_r0>:
100001ea:	491e      	ldr	r1, [pc, #120]	@ (10000264 <data_cpy_table+0x2c>)
100001ec:	6008      	str	r0, [r1, #0]
100001ee:	c806      	ldmia	r0!, {r1, r2}
100001f0:	f381 8808 	msr	MSP, r1
100001f4:	4710      	bx	r2

100001f6 <_reset_handler>:
100001f6:	481c      	ldr	r0, [pc, #112]	@ (10000268 <data_cpy_table+0x30>)
100001f8:	6800      	ldr	r0, [r0, #0]
100001fa:	2800      	cmp	r0, #0
100001fc:	d001      	beq.n	10000202 <hold_non_core0_in_bootrom+0x4>

100001fe <hold_non_core0_in_bootrom>:
100001fe:	2000      	movs	r0, #0
10000200:	e7f3      	b.n	100001ea <_enter_vtable_in_r0>
10000202:	a40d      	add	r4, pc, #52	@ (adr r4, 10000238 <data_cpy_table>)
10000204:	cc0e      	ldmia	r4!, {r1, r2, r3}
10000206:	2900      	cmp	r1, #0
10000208:	d002      	beq.n	10000210 <hold_non_core0_in_bootrom+0x12>
1000020a:	f000 f812 	bl	10000232 <data_cpy>
1000020e:	e7f9      	b.n	10000204 <hold_non_core0_in_bootrom+0x6>
10000210:	4916      	ldr	r1, [pc, #88]	@ (1000026c <data_cpy_table+0x34>)
10000212:	4a17      	ldr	r2, [pc, #92]	@ (10000270 <data_cpy_table+0x38>)
10000214:	2000      	movs	r0, #0
10000216:	e000      	b.n	1000021a <bss_fill_test>

10000218 <bss_fill_loop>:
10000218:	c101      	stmia	r1!, {r0}

1000021a <bss_fill_test>:
1000021a:	4291      	cmp	r1, r2
1000021c:	d1fc      	bne.n	10000218 <bss_fill_loop>

1000021e <platform_entry>:
1000021e:	4915      	ldr	r1, [pc, #84]	@ (10000274 <data_cpy_table+0x3c>)
10000220:	4788      	blx	r1
10000222:	4915      	ldr	r1, [pc, #84]	@ (10000278 <data_cpy_table+0x40>)
10000224:	4788      	blx	r1
10000226:	4915      	ldr	r1, [pc, #84]	@ (1000027c <data_cpy_table+0x44>)
10000228:	4788      	blx	r1
1000022a:	be00      	bkpt	0x0000
1000022c:	e7fd      	b.n	1000022a <platform_entry+0xc>

1000022e <data_cpy_loop>:
1000022e:	c901      	ldmia	r1!, {r0}
10000230:	c201      	stmia	r2!, {r0}

10000232 <data_cpy>:
10000232:	429a      	cmp	r2, r3
10000234:	d3fb      	bcc.n	1000022e <data_cpy_loop>

10000236 <data_cpy_done>:
10000236:	4770      	bx	lr

10000238 <data_cpy_table>:
10000238:	10006d1c 	.word	0x10006d1c
1000023c:	200000c0 	.word	0x200000c0
10000240:	20001030 	.word	0x20001030
10000244:	10007c8c 	.word	0x10007c8c
10000248:	20040000 	.word	0x20040000
1000024c:	20040000 	.word	0x20040000
10000250:	10007c8c 	.word	0x10007c8c
10000254:	20041000 	.word	0x20041000
10000258:	20041000 	.word	0x20041000
1000025c:	00000000 	.word	0x00000000
10000260:	4770      	bx	lr
10000262:	0000      	.short	0x0000
10000264:	e000ed08 	.word	0xe000ed08
10000268:	d0000000 	.word	0xd0000000
1000026c:	20001030 	.word	0x20001030
10000270:	20001c48 	.word	0x20001c48
10000274:	10003de1 	.word	0x10003de1
10000278:	10000281 	.word	0x10000281
1000027c:	10003dd9 	.word	0x10003dd9

10000280 <main>:
10000280:	b5f0      	push	{r4, r5, r6, r7, lr}
10000282:	46de      	mov	lr, fp
10000284:	4657      	mov	r7, sl
10000286:	464e      	mov	r6, r9
10000288:	4645      	mov	r5, r8
1000028a:	b5e0      	push	{r5, r6, r7, lr}
1000028c:	b083      	sub	sp, #12
1000028e:	f003 fecb 	bl	10004028 <stdio_init_all>
10000292:	2019      	movs	r0, #25
10000294:	f000 f880 	bl	10000398 <gpio_init>
10000298:	24d0      	movs	r4, #208	@ 0xd0
1000029a:	2380      	movs	r3, #128	@ 0x80
1000029c:	2680      	movs	r6, #128	@ 0x80
1000029e:	049b      	lsls	r3, r3, #18
100002a0:	0624      	lsls	r4, r4, #24
100002a2:	6263      	str	r3, [r4, #36]	@ 0x24
100002a4:	200f      	movs	r0, #15
100002a6:	0236      	lsls	r6, r6, #8
100002a8:	f000 f876 	bl	10000398 <gpio_init>
100002ac:	2200      	movs	r2, #0
100002ae:	2101      	movs	r1, #1
100002b0:	200f      	movs	r0, #15
100002b2:	62a6      	str	r6, [r4, #40]	@ 0x28
100002b4:	f000 f85e 	bl	10000374 <gpio_set_pulls>
100002b8:	2300      	movs	r3, #0
100002ba:	4698      	mov	r8, r3
100002bc:	4b29      	ldr	r3, [pc, #164]	@ (10000364 <main+0xe4>)
100002be:	2700      	movs	r7, #0
100002c0:	9301      	str	r3, [sp, #4]
100002c2:	4b29      	ldr	r3, [pc, #164]	@ (10000368 <main+0xe8>)
100002c4:	4699      	mov	r9, r3
100002c6:	4b29      	ldr	r3, [pc, #164]	@ (1000036c <main+0xec>)
100002c8:	469b      	mov	fp, r3
100002ca:	4b29      	ldr	r3, [pc, #164]	@ (10000370 <main+0xf0>)
100002cc:	469a      	mov	sl, r3
100002ce:	6865      	ldr	r5, [r4, #4]
100002d0:	2014      	movs	r0, #20
100002d2:	f000 fe65 	bl	10000fa0 <sleep_ms>
100002d6:	4235      	tst	r5, r6
100002d8:	d016      	beq.n	10000308 <main+0x88>
100002da:	6863      	ldr	r3, [r4, #4]
100002dc:	4233      	tst	r3, r6
100002de:	d013      	beq.n	10000308 <main+0x88>
100002e0:	2701      	movs	r7, #1
100002e2:	2000      	movs	r0, #0
100002e4:	f003 fea4 	bl	10004030 <stdio_getchar_timeout_us>
100002e8:	1c83      	adds	r3, r0, #2
100002ea:	d0f0      	beq.n	100002ce <main+0x4e>
100002ec:	2865      	cmp	r0, #101	@ 0x65
100002ee:	d02f      	beq.n	10000350 <main+0xd0>
100002f0:	2864      	cmp	r0, #100	@ 0x64
100002f2:	d01a      	beq.n	1000032a <main+0xaa>
100002f4:	0001      	movs	r1, r0
100002f6:	4650      	mov	r0, sl
100002f8:	f003 ffb2 	bl	10004260 <__wrap_printf>
100002fc:	6865      	ldr	r5, [r4, #4]
100002fe:	2014      	movs	r0, #20
10000300:	f000 fe4e 	bl	10000fa0 <sleep_ms>
10000304:	4235      	tst	r5, r6
10000306:	d1e8      	bne.n	100002da <main+0x5a>
10000308:	2f00      	cmp	r7, #0
1000030a:	d0ea      	beq.n	100002e2 <main+0x62>
1000030c:	2580      	movs	r5, #128	@ 0x80
1000030e:	4643      	mov	r3, r8
10000310:	04ad      	lsls	r5, r5, #18
10000312:	2b00      	cmp	r3, #0
10000314:	d013      	beq.n	1000033e <main+0xbe>
10000316:	4648      	mov	r0, r9
10000318:	9901      	ldr	r1, [sp, #4]
1000031a:	6165      	str	r5, [r4, #20]
1000031c:	f003 ffa0 	bl	10004260 <__wrap_printf>
10000320:	2300      	movs	r3, #0
10000322:	2700      	movs	r7, #0
10000324:	4698      	mov	r8, r3
10000326:	61a5      	str	r5, [r4, #24]
10000328:	e7db      	b.n	100002e2 <main+0x62>
1000032a:	2380      	movs	r3, #128	@ 0x80
1000032c:	049b      	lsls	r3, r3, #18
1000032e:	61a3      	str	r3, [r4, #24]
10000330:	4659      	mov	r1, fp
10000332:	4648      	mov	r0, r9
10000334:	f003 ff94 	bl	10004260 <__wrap_printf>
10000338:	2300      	movs	r3, #0
1000033a:	4698      	mov	r8, r3
1000033c:	e7c7      	b.n	100002ce <main+0x4e>
1000033e:	4659      	mov	r1, fp
10000340:	4648      	mov	r0, r9
10000342:	61a5      	str	r5, [r4, #24]
10000344:	f003 ff8c 	bl	10004260 <__wrap_printf>
10000348:	46b8      	mov	r8, r7
1000034a:	6165      	str	r5, [r4, #20]
1000034c:	2700      	movs	r7, #0
1000034e:	e7c8      	b.n	100002e2 <main+0x62>
10000350:	2380      	movs	r3, #128	@ 0x80
10000352:	049b      	lsls	r3, r3, #18
10000354:	6163      	str	r3, [r4, #20]
10000356:	4648      	mov	r0, r9
10000358:	9901      	ldr	r1, [sp, #4]
1000035a:	f003 ff81 	bl	10004260 <__wrap_printf>
1000035e:	2301      	movs	r3, #1
10000360:	4698      	mov	r8, r3
10000362:	e7b4      	b.n	100002ce <main+0x4e>
10000364:	100066d8 	.word	0x100066d8
10000368:	100066e0 	.word	0x100066e0
1000036c:	100066dc 	.word	0x100066dc
10000370:	100066e8 	.word	0x100066e8

10000374 <gpio_set_pulls>:
10000374:	4b06      	ldr	r3, [pc, #24]	@ (10000390 <gpio_set_pulls+0x1c>)
10000376:	0080      	lsls	r0, r0, #2
10000378:	18c3      	adds	r3, r0, r3
1000037a:	681b      	ldr	r3, [r3, #0]
1000037c:	00c9      	lsls	r1, r1, #3
1000037e:	0092      	lsls	r2, r2, #2
10000380:	430a      	orrs	r2, r1
10000382:	405a      	eors	r2, r3
10000384:	230c      	movs	r3, #12
10000386:	4013      	ands	r3, r2
10000388:	4a02      	ldr	r2, [pc, #8]	@ (10000394 <gpio_set_pulls+0x20>)
1000038a:	1880      	adds	r0, r0, r2
1000038c:	6003      	str	r3, [r0, #0]
1000038e:	4770      	bx	lr
10000390:	4001c004 	.word	0x4001c004
10000394:	4001d004 	.word	0x4001d004

10000398 <gpio_init>:
10000398:	2301      	movs	r3, #1
1000039a:	22d0      	movs	r2, #208	@ 0xd0
1000039c:	4083      	lsls	r3, r0
1000039e:	0612      	lsls	r2, r2, #24
100003a0:	6293      	str	r3, [r2, #40]	@ 0x28
100003a2:	6193      	str	r3, [r2, #24]
100003a4:	4a08      	ldr	r2, [pc, #32]	@ (100003c8 <gpio_init+0x30>)
100003a6:	0083      	lsls	r3, r0, #2
100003a8:	189a      	adds	r2, r3, r2
100003aa:	6811      	ldr	r1, [r2, #0]
100003ac:	2240      	movs	r2, #64	@ 0x40
100003ae:	4051      	eors	r1, r2
100003b0:	3280      	adds	r2, #128	@ 0x80
100003b2:	400a      	ands	r2, r1
100003b4:	4905      	ldr	r1, [pc, #20]	@ (100003cc <gpio_init+0x34>)
100003b6:	00c0      	lsls	r0, r0, #3
100003b8:	185b      	adds	r3, r3, r1
100003ba:	601a      	str	r2, [r3, #0]
100003bc:	4b04      	ldr	r3, [pc, #16]	@ (100003d0 <gpio_init+0x38>)
100003be:	18c0      	adds	r0, r0, r3
100003c0:	2305      	movs	r3, #5
100003c2:	6043      	str	r3, [r0, #4]
100003c4:	4770      	bx	lr
100003c6:	46c0      	nop			@ (mov r8, r8)
100003c8:	4001c004 	.word	0x4001c004
100003cc:	4001d004 	.word	0x4001d004
100003d0:	40014000 	.word	0x40014000

100003d4 <rp2040_chip_version>:
100003d4:	2380      	movs	r3, #128	@ 0x80
100003d6:	05db      	lsls	r3, r3, #23
100003d8:	6818      	ldr	r0, [r3, #0]
100003da:	0f00      	lsrs	r0, r0, #28
100003dc:	4770      	bx	lr
100003de:	46c0      	nop			@ (mov r8, r8)

100003e0 <panic>:
100003e0:	b40f      	push	{r0, r1, r2, r3}
100003e2:	b500      	push	{lr}
100003e4:	4808      	ldr	r0, [pc, #32]	@ (10000408 <panic+0x28>)
100003e6:	b083      	sub	sp, #12
100003e8:	f003 feb8 	bl	1000415c <__wrap_puts>
100003ec:	9b04      	ldr	r3, [sp, #16]
100003ee:	2b00      	cmp	r3, #0
100003f0:	d007      	beq.n	10000402 <panic+0x22>
100003f2:	a905      	add	r1, sp, #20
100003f4:	0018      	movs	r0, r3
100003f6:	9101      	str	r1, [sp, #4]
100003f8:	f003 fcd2 	bl	10003da0 <weak_raw_vprintf>
100003fc:	4803      	ldr	r0, [pc, #12]	@ (1000040c <panic+0x2c>)
100003fe:	f003 fead 	bl	1000415c <__wrap_puts>
10000402:	2001      	movs	r0, #1
10000404:	f003 fce4 	bl	10003dd0 <_exit>
10000408:	10006700 	.word	0x10006700
1000040c:	100066fc 	.word	0x100066fc

10000410 <hw_claim_or_assert>:
10000410:	b570      	push	{r4, r5, r6, lr}
10000412:	468c      	mov	ip, r1
10000414:	0016      	movs	r6, r2
10000416:	f3ef 8410 	mrs	r4, PRIMASK
1000041a:	b672      	cpsid	i
1000041c:	490f      	ldr	r1, [pc, #60]	@ (1000045c <hw_claim_or_assert+0x4c>)
1000041e:	680b      	ldr	r3, [r1, #0]
10000420:	2b00      	cmp	r3, #0
10000422:	d0fc      	beq.n	1000041e <hw_claim_or_assert+0xe>
10000424:	f3bf 8f5f 	dmb	sy
10000428:	4663      	mov	r3, ip
1000042a:	08db      	lsrs	r3, r3, #3
1000042c:	18c5      	adds	r5, r0, r3
1000042e:	2207      	movs	r2, #7
10000430:	5cc0      	ldrb	r0, [r0, r3]
10000432:	4663      	mov	r3, ip
10000434:	401a      	ands	r2, r3
10000436:	2301      	movs	r3, #1
10000438:	4093      	lsls	r3, r2
1000043a:	001a      	movs	r2, r3
1000043c:	4002      	ands	r2, r0
1000043e:	4203      	tst	r3, r0
10000440:	d107      	bne.n	10000452 <hw_claim_or_assert+0x42>
10000442:	4318      	orrs	r0, r3
10000444:	7028      	strb	r0, [r5, #0]
10000446:	f3bf 8f5f 	dmb	sy
1000044a:	600a      	str	r2, [r1, #0]
1000044c:	f384 8810 	msr	PRIMASK, r4
10000450:	bd70      	pop	{r4, r5, r6, pc}
10000452:	4661      	mov	r1, ip
10000454:	0030      	movs	r0, r6
10000456:	f7ff ffc3 	bl	100003e0 <panic>
1000045a:	46c0      	nop			@ (mov r8, r8)
1000045c:	d000012c 	.word	0xd000012c

10000460 <hw_claim_unused_from_range>:
10000460:	b5f8      	push	{r3, r4, r5, r6, r7, lr}
10000462:	46ce      	mov	lr, r9
10000464:	4647      	mov	r7, r8
10000466:	468c      	mov	ip, r1
10000468:	b580      	push	{r7, lr}
1000046a:	001c      	movs	r4, r3
1000046c:	f3ef 8810 	mrs	r8, PRIMASK
10000470:	b672      	cpsid	i
10000472:	491c      	ldr	r1, [pc, #112]	@ (100004e4 <hw_claim_unused_from_range+0x84>)
10000474:	680b      	ldr	r3, [r1, #0]
10000476:	2b00      	cmp	r3, #0
10000478:	d0fc      	beq.n	10000474 <hw_claim_unused_from_range+0x14>
1000047a:	f3bf 8f5f 	dmb	sy
1000047e:	42a2      	cmp	r2, r4
10000480:	d821      	bhi.n	100004c6 <hw_claim_unused_from_range+0x66>
10000482:	2307      	movs	r3, #7
10000484:	4699      	mov	r9, r3
10000486:	e002      	b.n	1000048e <hw_claim_unused_from_range+0x2e>
10000488:	3201      	adds	r2, #1
1000048a:	4294      	cmp	r4, r2
1000048c:	d318      	bcc.n	100004c0 <hw_claim_unused_from_range+0x60>
1000048e:	4649      	mov	r1, r9
10000490:	2601      	movs	r6, #1
10000492:	4011      	ands	r1, r2
10000494:	408e      	lsls	r6, r1
10000496:	08d3      	lsrs	r3, r2, #3
10000498:	18c7      	adds	r7, r0, r3
1000049a:	5cc3      	ldrb	r3, [r0, r3]
1000049c:	421e      	tst	r6, r3
1000049e:	d1f3      	bne.n	10000488 <hw_claim_unused_from_range+0x28>
100004a0:	0010      	movs	r0, r2
100004a2:	4333      	orrs	r3, r6
100004a4:	703b      	strb	r3, [r7, #0]
100004a6:	f3bf 8f5f 	dmb	sy
100004aa:	2200      	movs	r2, #0
100004ac:	4b0d      	ldr	r3, [pc, #52]	@ (100004e4 <hw_claim_unused_from_range+0x84>)
100004ae:	601a      	str	r2, [r3, #0]
100004b0:	f388 8810 	msr	PRIMASK, r8
100004b4:	2800      	cmp	r0, #0
100004b6:	db0e      	blt.n	100004d6 <hw_claim_unused_from_range+0x76>
100004b8:	bcc0      	pop	{r6, r7}
100004ba:	46b9      	mov	r9, r7
100004bc:	46b0      	mov	r8, r6
100004be:	bdf8      	pop	{r3, r4, r5, r6, r7, pc}
100004c0:	2001      	movs	r0, #1
100004c2:	4240      	negs	r0, r0
100004c4:	e7ef      	b.n	100004a6 <hw_claim_unused_from_range+0x46>
100004c6:	f3bf 8f5f 	dmb	sy
100004ca:	2300      	movs	r3, #0
100004cc:	600b      	str	r3, [r1, #0]
100004ce:	f388 8810 	msr	PRIMASK, r8
100004d2:	2001      	movs	r0, #1
100004d4:	4240      	negs	r0, r0
100004d6:	4663      	mov	r3, ip
100004d8:	2b00      	cmp	r3, #0
100004da:	d0ed      	beq.n	100004b8 <hw_claim_unused_from_range+0x58>
100004dc:	9808      	ldr	r0, [sp, #32]
100004de:	f7ff ff7f 	bl	100003e0 <panic>
100004e2:	46c0      	nop			@ (mov r8, r8)
100004e4:	d000012c 	.word	0xd000012c

100004e8 <next_striped_spin_lock_num>:
100004e8:	4a04      	ldr	r2, [pc, #16]	@ (100004fc <next_striped_spin_lock_num+0x14>)
100004ea:	7810      	ldrb	r0, [r2, #0]
100004ec:	1c43      	adds	r3, r0, #1
100004ee:	b2db      	uxtb	r3, r3
100004f0:	2b17      	cmp	r3, #23
100004f2:	d900      	bls.n	100004f6 <next_striped_spin_lock_num+0xe>
100004f4:	2310      	movs	r3, #16
100004f6:	7013      	strb	r3, [r2, #0]
100004f8:	4770      	bx	lr
100004fa:	46c0      	nop			@ (mov r8, r8)
100004fc:	20000f40 	.word	0x20000f40

10000500 <spin_lock_claim_unused>:
10000500:	b500      	push	{lr}
10000502:	4b05      	ldr	r3, [pc, #20]	@ (10000518 <spin_lock_claim_unused+0x18>)
10000504:	b083      	sub	sp, #12
10000506:	0001      	movs	r1, r0
10000508:	9300      	str	r3, [sp, #0]
1000050a:	2218      	movs	r2, #24
1000050c:	231f      	movs	r3, #31
1000050e:	4803      	ldr	r0, [pc, #12]	@ (1000051c <spin_lock_claim_unused+0x1c>)
10000510:	f7ff ffa6 	bl	10000460 <hw_claim_unused_from_range>
10000514:	b003      	add	sp, #12
10000516:	bd00      	pop	{pc}
10000518:	10006710 	.word	0x10006710
1000051c:	2000178c 	.word	0x2000178c

10000520 <spin_locks_reset>:
10000520:	2100      	movs	r1, #0
10000522:	4b04      	ldr	r3, [pc, #16]	@ (10000534 <spin_locks_reset+0x14>)
10000524:	4a04      	ldr	r2, [pc, #16]	@ (10000538 <spin_locks_reset+0x18>)
10000526:	f3bf 8f5f 	dmb	sy
1000052a:	c302      	stmia	r3!, {r1}
1000052c:	4293      	cmp	r3, r2
1000052e:	d1fa      	bne.n	10000526 <spin_locks_reset+0x6>
10000530:	4770      	bx	lr
10000532:	46c0      	nop			@ (mov r8, r8)
10000534:	d0000100 	.word	0xd0000100
10000538:	d0000180 	.word	0xd0000180

1000053c <runtime_init_per_core_irq_priorities>:
1000053c:	4b08      	ldr	r3, [pc, #32]	@ (10000560 <runtime_init_per_core_irq_priorities+0x24>)
1000053e:	4a09      	ldr	r2, [pc, #36]	@ (10000564 <runtime_init_per_core_irq_priorities+0x28>)
10000540:	6013      	str	r3, [r2, #0]
10000542:	4a09      	ldr	r2, [pc, #36]	@ (10000568 <runtime_init_per_core_irq_priorities+0x2c>)
10000544:	6013      	str	r3, [r2, #0]
10000546:	4a09      	ldr	r2, [pc, #36]	@ (1000056c <runtime_init_per_core_irq_priorities+0x30>)
10000548:	6013      	str	r3, [r2, #0]
1000054a:	4a09      	ldr	r2, [pc, #36]	@ (10000570 <runtime_init_per_core_irq_priorities+0x34>)
1000054c:	6013      	str	r3, [r2, #0]
1000054e:	4a09      	ldr	r2, [pc, #36]	@ (10000574 <runtime_init_per_core_irq_priorities+0x38>)
10000550:	6013      	str	r3, [r2, #0]
10000552:	4a09      	ldr	r2, [pc, #36]	@ (10000578 <runtime_init_per_core_irq_priorities+0x3c>)
10000554:	6013      	str	r3, [r2, #0]
10000556:	4a09      	ldr	r2, [pc, #36]	@ (1000057c <runtime_init_per_core_irq_priorities+0x40>)
10000558:	6013      	str	r3, [r2, #0]
1000055a:	4a09      	ldr	r2, [pc, #36]	@ (10000580 <runtime_init_per_core_irq_priorities+0x44>)
1000055c:	6013      	str	r3, [r2, #0]
1000055e:	4770      	bx	lr
10000560:	80808080 	.word	0x80808080
10000564:	e000e400 	.word	0xe000e400
10000568:	e000e404 	.word	0xe000e404
1000056c:	e000e408 	.word	0xe000e408
10000570:	e000e40c 	.word	0xe000e40c
10000574:	e000e410 	.word	0xe000e410
10000578:	e000e414 	.word	0xe000e414
1000057c:	e000e418 	.word	0xe000e418
10000580:	e000e41c 	.word	0xe000e41c

10000584 <irq_set_enabled>:
10000584:	231f      	movs	r3, #31
10000586:	4018      	ands	r0, r3
10000588:	3b1e      	subs	r3, #30
1000058a:	4083      	lsls	r3, r0
1000058c:	2900      	cmp	r1, #0
1000058e:	d005      	beq.n	1000059c <irq_set_enabled+0x18>
10000590:	21c0      	movs	r1, #192	@ 0xc0
10000592:	4a04      	ldr	r2, [pc, #16]	@ (100005a4 <irq_set_enabled+0x20>)
10000594:	0049      	lsls	r1, r1, #1
10000596:	5053      	str	r3, [r2, r1]
10000598:	6013      	str	r3, [r2, #0]
1000059a:	4770      	bx	lr
1000059c:	2280      	movs	r2, #128	@ 0x80
1000059e:	4901      	ldr	r1, [pc, #4]	@ (100005a4 <irq_set_enabled+0x20>)
100005a0:	508b      	str	r3, [r1, r2]
100005a2:	e7fa      	b.n	1000059a <irq_set_enabled+0x16>
100005a4:	e000e100 	.word	0xe000e100

100005a8 <irq_is_enabled>:
100005a8:	2201      	movs	r2, #1
100005aa:	4082      	lsls	r2, r0
100005ac:	4b03      	ldr	r3, [pc, #12]	@ (100005bc <irq_is_enabled+0x14>)
100005ae:	681b      	ldr	r3, [r3, #0]
100005b0:	4013      	ands	r3, r2
100005b2:	1e5a      	subs	r2, r3, #1
100005b4:	4193      	sbcs	r3, r2
100005b6:	b2d8      	uxtb	r0, r3
100005b8:	4770      	bx	lr
100005ba:	46c0      	nop			@ (mov r8, r8)
100005bc:	e000e100 	.word	0xe000e100

100005c0 <irq_set_pending>:
100005c0:	2301      	movs	r3, #1
100005c2:	4083      	lsls	r3, r0
100005c4:	4a01      	ldr	r2, [pc, #4]	@ (100005cc <irq_set_pending+0xc>)
100005c6:	6013      	str	r3, [r2, #0]
100005c8:	4770      	bx	lr
100005ca:	46c0      	nop			@ (mov r8, r8)
100005cc:	e000e200 	.word	0xe000e200

100005d0 <irq_has_shared_handler>:
100005d0:	4b05      	ldr	r3, [pc, #20]	@ (100005e8 <irq_has_shared_handler+0x18>)
100005d2:	3010      	adds	r0, #16
100005d4:	689b      	ldr	r3, [r3, #8]
100005d6:	0080      	lsls	r0, r0, #2
100005d8:	58c3      	ldr	r3, [r0, r3]
100005da:	4a04      	ldr	r2, [pc, #16]	@ (100005ec <irq_has_shared_handler+0x1c>)
100005dc:	2000      	movs	r0, #0
100005de:	1a9b      	subs	r3, r3, r2
100005e0:	2247      	movs	r2, #71	@ 0x47
100005e2:	429a      	cmp	r2, r3
100005e4:	4140      	adcs	r0, r0
100005e6:	4770      	bx	lr
100005e8:	e000ed00 	.word	0xe000ed00
100005ec:	20000f44 	.word	0x20000f44

100005f0 <irq_set_exclusive_handler>:
100005f0:	b510      	push	{r4, lr}
100005f2:	f3ef 8c10 	mrs	ip, PRIMASK
100005f6:	b672      	cpsid	i
100005f8:	4a0f      	ldr	r2, [pc, #60]	@ (10000638 <irq_set_exclusive_handler+0x48>)
100005fa:	6813      	ldr	r3, [r2, #0]
100005fc:	2b00      	cmp	r3, #0
100005fe:	d0fc      	beq.n	100005fa <irq_set_exclusive_handler+0xa>
10000600:	f3bf 8f5f 	dmb	sy
10000604:	4b0d      	ldr	r3, [pc, #52]	@ (1000063c <irq_set_exclusive_handler+0x4c>)
10000606:	3010      	adds	r0, #16
10000608:	689b      	ldr	r3, [r3, #8]
1000060a:	0080      	lsls	r0, r0, #2
1000060c:	581b      	ldr	r3, [r3, r0]
1000060e:	4a0c      	ldr	r2, [pc, #48]	@ (10000640 <irq_set_exclusive_handler+0x50>)
10000610:	4293      	cmp	r3, r2
10000612:	d001      	beq.n	10000618 <irq_set_exclusive_handler+0x28>
10000614:	4299      	cmp	r1, r3
10000616:	d10c      	bne.n	10000632 <irq_set_exclusive_handler+0x42>
10000618:	4b08      	ldr	r3, [pc, #32]	@ (1000063c <irq_set_exclusive_handler+0x4c>)
1000061a:	689b      	ldr	r3, [r3, #8]
1000061c:	5019      	str	r1, [r3, r0]
1000061e:	f3bf 8f5f 	dmb	sy
10000622:	f3bf 8f5f 	dmb	sy
10000626:	2200      	movs	r2, #0
10000628:	4b03      	ldr	r3, [pc, #12]	@ (10000638 <irq_set_exclusive_handler+0x48>)
1000062a:	601a      	str	r2, [r3, #0]
1000062c:	f38c 8810 	msr	PRIMASK, ip
10000630:	bd10      	pop	{r4, pc}
10000632:	f001 f81f 	bl	10001674 <hard_assertion_failure>
10000636:	46c0      	nop			@ (mov r8, r8)
10000638:	d0000124 	.word	0xd0000124
1000063c:	e000ed00 	.word	0xe000ed00
10000640:	100001c1 	.word	0x100001c1

10000644 <irq_add_shared_handler>:
10000644:	b5f0      	push	{r4, r5, r6, r7, lr}
10000646:	46de      	mov	lr, fp
10000648:	4657      	mov	r7, sl
1000064a:	464e      	mov	r6, r9
1000064c:	4645      	mov	r5, r8
1000064e:	b5e0      	push	{r5, r6, r7, lr}
10000650:	468b      	mov	fp, r1
10000652:	b085      	sub	sp, #20
10000654:	f3ef 8810 	mrs	r8, PRIMASK
10000658:	b672      	cpsid	i
1000065a:	0016      	movs	r6, r2
1000065c:	4a5b      	ldr	r2, [pc, #364]	@ (100007cc <irq_add_shared_handler+0x188>)
1000065e:	6813      	ldr	r3, [r2, #0]
10000660:	2b00      	cmp	r3, #0
10000662:	d0fc      	beq.n	1000065e <irq_add_shared_handler+0x1a>
10000664:	46b2      	mov	sl, r6
10000666:	f3bf 8f5f 	dmb	sy
1000066a:	2500      	movs	r5, #0
1000066c:	4958      	ldr	r1, [pc, #352]	@ (100007d0 <irq_add_shared_handler+0x18c>)
1000066e:	574d      	ldrsb	r5, [r1, r5]
10000670:	2d00      	cmp	r5, #0
10000672:	da00      	bge.n	10000676 <irq_add_shared_handler+0x32>
10000674:	e0a8      	b.n	100007c8 <irq_add_shared_handler+0x184>
10000676:	006b      	lsls	r3, r5, #1
10000678:	4a56      	ldr	r2, [pc, #344]	@ (100007d4 <irq_add_shared_handler+0x190>)
1000067a:	9301      	str	r3, [sp, #4]
1000067c:	195b      	adds	r3, r3, r5
1000067e:	009b      	lsls	r3, r3, #2
10000680:	18d4      	adds	r4, r2, r3
10000682:	79a7      	ldrb	r7, [r4, #6]
10000684:	3010      	adds	r0, #16
10000686:	700f      	strb	r7, [r1, #0]
10000688:	4953      	ldr	r1, [pc, #332]	@ (100007d8 <irq_add_shared_handler+0x194>)
1000068a:	0080      	lsls	r0, r0, #2
1000068c:	6889      	ldr	r1, [r1, #8]
1000068e:	4684      	mov	ip, r0
10000690:	580f      	ldr	r7, [r1, r0]
10000692:	1ab9      	subs	r1, r7, r2
10000694:	2947      	cmp	r1, #71	@ 0x47
10000696:	d833      	bhi.n	10000700 <irq_add_shared_handler+0xbc>
10000698:	2001      	movs	r0, #1
1000069a:	0039      	movs	r1, r7
1000069c:	4381      	bics	r1, r0
1000069e:	79ce      	ldrb	r6, [r1, #7]
100006a0:	4556      	cmp	r6, sl
100006a2:	d800      	bhi.n	100006a6 <irq_add_shared_handler+0x62>
100006a4:	e06a      	b.n	1000077c <irq_add_shared_handler+0x138>
100006a6:	46a1      	mov	r9, r4
100006a8:	4656      	mov	r6, sl
100006aa:	9303      	str	r3, [sp, #12]
100006ac:	e007      	b.n	100006be <irq_add_shared_handler+0x7a>
100006ae:	0058      	lsls	r0, r3, #1
100006b0:	18c0      	adds	r0, r0, r3
100006b2:	0080      	lsls	r0, r0, #2
100006b4:	1810      	adds	r0, r2, r0
100006b6:	79c4      	ldrb	r4, [r0, #7]
100006b8:	42b4      	cmp	r4, r6
100006ba:	d94d      	bls.n	10000758 <irq_add_shared_handler+0x114>
100006bc:	0001      	movs	r1, r0
100006be:	2306      	movs	r3, #6
100006c0:	56cb      	ldrsb	r3, [r1, r3]
100006c2:	2b00      	cmp	r3, #0
100006c4:	daf3      	bge.n	100006ae <irq_add_shared_handler+0x6a>
100006c6:	1d08      	adds	r0, r1, #4
100006c8:	464c      	mov	r4, r9
100006ca:	46b2      	mov	sl, r6
100006cc:	4681      	mov	r9, r0
100006ce:	9302      	str	r3, [sp, #8]
100006d0:	4b42      	ldr	r3, [pc, #264]	@ (100007dc <irq_add_shared_handler+0x198>)
100006d2:	464e      	mov	r6, r9
100006d4:	3c04      	subs	r4, #4
100006d6:	1ba4      	subs	r4, r4, r6
100006d8:	0524      	lsls	r4, r4, #20
100006da:	4e41      	ldr	r6, [pc, #260]	@ (100007e0 <irq_add_shared_handler+0x19c>)
100006dc:	0d64      	lsrs	r4, r4, #21
100006de:	4334      	orrs	r4, r6
100006e0:	808c      	strh	r4, [r1, #4]
100006e2:	718d      	strb	r5, [r1, #6]
100006e4:	9901      	ldr	r1, [sp, #4]
100006e6:	1949      	adds	r1, r1, r5
100006e8:	0089      	lsls	r1, r1, #2
100006ea:	1852      	adds	r2, r2, r1
100006ec:	8093      	strh	r3, [r2, #4]
100006ee:	9b02      	ldr	r3, [sp, #8]
100006f0:	493c      	ldr	r1, [pc, #240]	@ (100007e4 <irq_add_shared_handler+0x1a0>)
100006f2:	7193      	strb	r3, [r2, #6]
100006f4:	4653      	mov	r3, sl
100006f6:	71d3      	strb	r3, [r2, #7]
100006f8:	465b      	mov	r3, fp
100006fa:	6011      	str	r1, [r2, #0]
100006fc:	6093      	str	r3, [r2, #8]
100006fe:	e017      	b.n	10000730 <irq_add_shared_handler+0xec>
10000700:	4939      	ldr	r1, [pc, #228]	@ (100007e8 <irq_add_shared_handler+0x1a4>)
10000702:	428f      	cmp	r7, r1
10000704:	d160      	bne.n	100007c8 <irq_add_shared_handler+0x184>
10000706:	4939      	ldr	r1, [pc, #228]	@ (100007ec <irq_add_shared_handler+0x1a8>)
10000708:	2701      	movs	r7, #1
1000070a:	52d1      	strh	r1, [r2, r3]
1000070c:	4938      	ldr	r1, [pc, #224]	@ (100007f0 <irq_add_shared_handler+0x1ac>)
1000070e:	3302      	adds	r3, #2
10000710:	18d3      	adds	r3, r2, r3
10000712:	3904      	subs	r1, #4
10000714:	1acb      	subs	r3, r1, r3
10000716:	4a32      	ldr	r2, [pc, #200]	@ (100007e0 <irq_add_shared_handler+0x19c>)
10000718:	051b      	lsls	r3, r3, #20
1000071a:	0d5b      	lsrs	r3, r3, #21
1000071c:	4313      	orrs	r3, r2
1000071e:	8063      	strh	r3, [r4, #2]
10000720:	4b34      	ldr	r3, [pc, #208]	@ (100007f4 <irq_add_shared_handler+0x1b0>)
10000722:	71e6      	strb	r6, [r4, #7]
10000724:	80a3      	strh	r3, [r4, #4]
10000726:	23ff      	movs	r3, #255	@ 0xff
10000728:	71a3      	strb	r3, [r4, #6]
1000072a:	465b      	mov	r3, fp
1000072c:	4327      	orrs	r7, r4
1000072e:	60a3      	str	r3, [r4, #8]
10000730:	4662      	mov	r2, ip
10000732:	4b29      	ldr	r3, [pc, #164]	@ (100007d8 <irq_add_shared_handler+0x194>)
10000734:	689b      	ldr	r3, [r3, #8]
10000736:	509f      	str	r7, [r3, r2]
10000738:	f3bf 8f5f 	dmb	sy
1000073c:	f3bf 8f5f 	dmb	sy
10000740:	2200      	movs	r2, #0
10000742:	4b22      	ldr	r3, [pc, #136]	@ (100007cc <irq_add_shared_handler+0x188>)
10000744:	601a      	str	r2, [r3, #0]
10000746:	f388 8810 	msr	PRIMASK, r8
1000074a:	b005      	add	sp, #20
1000074c:	bcf0      	pop	{r4, r5, r6, r7}
1000074e:	46bb      	mov	fp, r7
10000750:	46b2      	mov	sl, r6
10000752:	46a9      	mov	r9, r5
10000754:	46a0      	mov	r8, r4
10000756:	bdf0      	pop	{r4, r5, r6, r7, pc}
10000758:	46b2      	mov	sl, r6
1000075a:	1d0e      	adds	r6, r1, #4
1000075c:	464c      	mov	r4, r9
1000075e:	46b1      	mov	r9, r6
10000760:	8888      	ldrh	r0, [r1, #4]
10000762:	9302      	str	r3, [sp, #8]
10000764:	9b03      	ldr	r3, [sp, #12]
10000766:	0540      	lsls	r0, r0, #21
10000768:	1500      	asrs	r0, r0, #20
1000076a:	3304      	adds	r3, #4
1000076c:	4448      	add	r0, r9
1000076e:	18d3      	adds	r3, r2, r3
10000770:	1ac3      	subs	r3, r0, r3
10000772:	051b      	lsls	r3, r3, #20
10000774:	481a      	ldr	r0, [pc, #104]	@ (100007e0 <irq_add_shared_handler+0x19c>)
10000776:	0d5b      	lsrs	r3, r3, #21
10000778:	4303      	orrs	r3, r0
1000077a:	e7aa      	b.n	100006d2 <irq_add_shared_handler+0x8e>
1000077c:	1c9e      	adds	r6, r3, #2
1000077e:	46b1      	mov	r9, r6
10000780:	4491      	add	r9, r2
10000782:	464e      	mov	r6, r9
10000784:	000f      	movs	r7, r1
10000786:	4d1c      	ldr	r5, [pc, #112]	@ (100007f8 <irq_add_shared_handler+0x1b4>)
10000788:	1abf      	subs	r7, r7, r2
1000078a:	417f      	adcs	r7, r7
1000078c:	437d      	muls	r5, r7
1000078e:	0d2d      	lsrs	r5, r5, #20
10000790:	4f16      	ldr	r7, [pc, #88]	@ (100007ec <irq_add_shared_handler+0x1a8>)
10000792:	71a5      	strb	r5, [r4, #6]
10000794:	52d7      	strh	r7, [r2, r3]
10000796:	4f16      	ldr	r7, [pc, #88]	@ (100007f0 <irq_add_shared_handler+0x1ac>)
10000798:	3304      	adds	r3, #4
1000079a:	3f04      	subs	r7, #4
1000079c:	18d3      	adds	r3, r2, r3
1000079e:	1bbf      	subs	r7, r7, r6
100007a0:	1acb      	subs	r3, r1, r3
100007a2:	053f      	lsls	r7, r7, #20
100007a4:	3b04      	subs	r3, #4
100007a6:	0d7e      	lsrs	r6, r7, #21
100007a8:	051b      	lsls	r3, r3, #20
100007aa:	4f0d      	ldr	r7, [pc, #52]	@ (100007e0 <irq_add_shared_handler+0x19c>)
100007ac:	0d5b      	lsrs	r3, r3, #21
100007ae:	433e      	orrs	r6, r7
100007b0:	431f      	orrs	r7, r3
100007b2:	4653      	mov	r3, sl
100007b4:	71e3      	strb	r3, [r4, #7]
100007b6:	465b      	mov	r3, fp
100007b8:	60a3      	str	r3, [r4, #8]
100007ba:	4b0a      	ldr	r3, [pc, #40]	@ (100007e4 <irq_add_shared_handler+0x1a0>)
100007bc:	80a7      	strh	r7, [r4, #4]
100007be:	8066      	strh	r6, [r4, #2]
100007c0:	4304      	orrs	r4, r0
100007c2:	0027      	movs	r7, r4
100007c4:	600b      	str	r3, [r1, #0]
100007c6:	e7b3      	b.n	10000730 <irq_add_shared_handler+0xec>
100007c8:	f000 ff54 	bl	10001674 <hard_assertion_failure>
100007cc:	d0000124 	.word	0xd0000124
100007d0:	20001c41 	.word	0x20001c41
100007d4:	20000f44 	.word	0x20000f44
100007d8:	e000ed00 	.word	0xe000ed00
100007dc:	0000bd01 	.word	0x0000bd01
100007e0:	ffffe000 	.word	0xffffe000
100007e4:	47804801 	.word	0x47804801
100007e8:	100001c1 	.word	0x100001c1
100007ec:	ffffa100 	.word	0xffffa100
100007f0:	20000f8c 	.word	0x20000f8c
100007f4:	ffffbd01 	.word	0xffffbd01
100007f8:	0000aaaa 	.word	0x0000aaaa

100007fc <irq_add_tail_to_free_list>:
100007fc:	2301      	movs	r3, #1
100007fe:	4303      	orrs	r3, r0
10000800:	b570      	push	{r4, r5, r6, lr}
10000802:	469c      	mov	ip, r3
10000804:	f3ef 8105 	mrs	r1, IPSR
10000808:	f3ef 8510 	mrs	r5, PRIMASK
1000080c:	b672      	cpsid	i
1000080e:	4a27      	ldr	r2, [pc, #156]	@ (100008ac <irq_add_tail_to_free_list+0xb0>)
10000810:	6813      	ldr	r3, [r2, #0]
10000812:	2b00      	cmp	r3, #0
10000814:	d0fc      	beq.n	10000810 <irq_add_tail_to_free_list+0x14>
10000816:	f3bf 8f5f 	dmb	sy
1000081a:	4a25      	ldr	r2, [pc, #148]	@ (100008b0 <irq_add_tail_to_free_list+0xb4>)
1000081c:	0004      	movs	r4, r0
1000081e:	4b25      	ldr	r3, [pc, #148]	@ (100008b4 <irq_add_tail_to_free_list+0xb8>)
10000820:	1aa4      	subs	r4, r4, r2
10000822:	4164      	adcs	r4, r4
10000824:	4363      	muls	r3, r4
10000826:	0d1b      	lsrs	r3, r3, #20
10000828:	4c23      	ldr	r4, [pc, #140]	@ (100008b8 <irq_add_tail_to_free_list+0xbc>)
1000082a:	0089      	lsls	r1, r1, #2
1000082c:	68a6      	ldr	r6, [r4, #8]
1000082e:	b25b      	sxtb	r3, r3
10000830:	5876      	ldr	r6, [r6, r1]
10000832:	4566      	cmp	r6, ip
10000834:	d024      	beq.n	10000880 <irq_add_tail_to_free_list+0x84>
10000836:	2106      	movs	r1, #6
10000838:	5651      	ldrsb	r1, [r2, r1]
1000083a:	4299      	cmp	r1, r3
1000083c:	d024      	beq.n	10000888 <irq_add_tail_to_free_list+0x8c>
1000083e:	2112      	movs	r1, #18
10000840:	5651      	ldrsb	r1, [r2, r1]
10000842:	4299      	cmp	r1, r3
10000844:	d02a      	beq.n	1000089c <irq_add_tail_to_free_list+0xa0>
10000846:	211e      	movs	r1, #30
10000848:	5651      	ldrsb	r1, [r2, r1]
1000084a:	4299      	cmp	r1, r3
1000084c:	d028      	beq.n	100008a0 <irq_add_tail_to_free_list+0xa4>
1000084e:	212a      	movs	r1, #42	@ 0x2a
10000850:	5651      	ldrsb	r1, [r2, r1]
10000852:	4299      	cmp	r1, r3
10000854:	d026      	beq.n	100008a4 <irq_add_tail_to_free_list+0xa8>
10000856:	2136      	movs	r1, #54	@ 0x36
10000858:	5651      	ldrsb	r1, [r2, r1]
1000085a:	4299      	cmp	r1, r3
1000085c:	d024      	beq.n	100008a8 <irq_add_tail_to_free_list+0xac>
1000085e:	2142      	movs	r1, #66	@ 0x42
10000860:	5651      	ldrsb	r1, [r2, r1]
10000862:	2405      	movs	r4, #5
10000864:	4299      	cmp	r1, r3
10000866:	d010      	beq.n	1000088a <irq_add_tail_to_free_list+0x8e>
10000868:	4a14      	ldr	r2, [pc, #80]	@ (100008bc <irq_add_tail_to_free_list+0xc0>)
1000086a:	7811      	ldrb	r1, [r2, #0]
1000086c:	7013      	strb	r3, [r2, #0]
1000086e:	7181      	strb	r1, [r0, #6]
10000870:	f3bf 8f5f 	dmb	sy
10000874:	2200      	movs	r2, #0
10000876:	4b0d      	ldr	r3, [pc, #52]	@ (100008ac <irq_add_tail_to_free_list+0xb0>)
10000878:	601a      	str	r2, [r3, #0]
1000087a:	f385 8810 	msr	PRIMASK, r5
1000087e:	bd70      	pop	{r4, r5, r6, pc}
10000880:	68a2      	ldr	r2, [r4, #8]
10000882:	4c0f      	ldr	r4, [pc, #60]	@ (100008c0 <irq_add_tail_to_free_list+0xc4>)
10000884:	5054      	str	r4, [r2, r1]
10000886:	e7ef      	b.n	10000868 <irq_add_tail_to_free_list+0x6c>
10000888:	2400      	movs	r4, #0
1000088a:	0061      	lsls	r1, r4, #1
1000088c:	1909      	adds	r1, r1, r4
1000088e:	0089      	lsls	r1, r1, #2
10000890:	1852      	adds	r2, r2, r1
10000892:	21ff      	movs	r1, #255	@ 0xff
10000894:	7191      	strb	r1, [r2, #6]
10000896:	490b      	ldr	r1, [pc, #44]	@ (100008c4 <irq_add_tail_to_free_list+0xc8>)
10000898:	8091      	strh	r1, [r2, #4]
1000089a:	e7e5      	b.n	10000868 <irq_add_tail_to_free_list+0x6c>
1000089c:	2401      	movs	r4, #1
1000089e:	e7f4      	b.n	1000088a <irq_add_tail_to_free_list+0x8e>
100008a0:	2402      	movs	r4, #2
100008a2:	e7f2      	b.n	1000088a <irq_add_tail_to_free_list+0x8e>
100008a4:	2403      	movs	r4, #3
100008a6:	e7f0      	b.n	1000088a <irq_add_tail_to_free_list+0x8e>
100008a8:	2404      	movs	r4, #4
100008aa:	e7ee      	b.n	1000088a <irq_add_tail_to_free_list+0x8e>
100008ac:	d0000124 	.word	0xd0000124
100008b0:	20000f44 	.word	0x20000f44
100008b4:	0000aaaa 	.word	0x0000aaaa
100008b8:	e000ed00 	.word	0xe000ed00
100008bc:	20001c41 	.word	0x20001c41
100008c0:	100001c1 	.word	0x100001c1
100008c4:	ffffbd01 	.word	0xffffbd01

100008c8 <user_irq_claim_unused>:
100008c8:	b500      	push	{lr}
100008ca:	4b07      	ldr	r3, [pc, #28]	@ (100008e8 <user_irq_claim_unused+0x20>)
100008cc:	b083      	sub	sp, #12
100008ce:	0001      	movs	r1, r0
100008d0:	9300      	str	r3, [sp, #0]
100008d2:	2200      	movs	r2, #0
100008d4:	2305      	movs	r3, #5
100008d6:	4805      	ldr	r0, [pc, #20]	@ (100008ec <user_irq_claim_unused+0x24>)
100008d8:	f7ff fdc2 	bl	10000460 <hw_claim_unused_from_range>
100008dc:	2800      	cmp	r0, #0
100008de:	db01      	blt.n	100008e4 <user_irq_claim_unused+0x1c>
100008e0:	231f      	movs	r3, #31
100008e2:	1a18      	subs	r0, r3, r0
100008e4:	b003      	add	sp, #12
100008e6:	bd00      	pop	{pc}
100008e8:	1000672c 	.word	0x1000672c
100008ec:	20001c45 	.word	0x20001c45

100008f0 <lock_init>:
100008f0:	4b02      	ldr	r3, [pc, #8]	@ (100008fc <lock_init+0xc>)
100008f2:	18c9      	adds	r1, r1, r3
100008f4:	0089      	lsls	r1, r1, #2
100008f6:	6001      	str	r1, [r0, #0]
100008f8:	4770      	bx	lr
100008fa:	46c0      	nop			@ (mov r8, r8)
100008fc:	34000040 	.word	0x34000040

10000900 <runtime_init_mutex>:
10000900:	b570      	push	{r4, r5, r6, lr}
10000902:	4c11      	ldr	r4, [pc, #68]	@ (10000948 <runtime_init_mutex+0x48>)
10000904:	4d11      	ldr	r5, [pc, #68]	@ (1000094c <runtime_init_mutex+0x4c>)
10000906:	42ac      	cmp	r4, r5
10000908:	d20f      	bcs.n	1000092a <runtime_init_mutex+0x2a>
1000090a:	26ff      	movs	r6, #255	@ 0xff
1000090c:	6823      	ldr	r3, [r4, #0]
1000090e:	2b00      	cmp	r3, #0
10000910:	d00c      	beq.n	1000092c <runtime_init_mutex+0x2c>
10000912:	f7ff fde9 	bl	100004e8 <next_striped_spin_lock_num>
10000916:	0001      	movs	r1, r0
10000918:	0020      	movs	r0, r4
1000091a:	f7ff ffe9 	bl	100008f0 <lock_init>
1000091e:	80a6      	strh	r6, [r4, #4]
10000920:	f3bf 8f5f 	dmb	sy
10000924:	3408      	adds	r4, #8
10000926:	42ac      	cmp	r4, r5
10000928:	d3f0      	bcc.n	1000090c <runtime_init_mutex+0xc>
1000092a:	bd70      	pop	{r4, r5, r6, pc}
1000092c:	f7ff fddc 	bl	100004e8 <next_striped_spin_lock_num>
10000930:	0001      	movs	r1, r0
10000932:	0020      	movs	r0, r4
10000934:	f7ff ffdc 	bl	100008f0 <lock_init>
10000938:	7126      	strb	r6, [r4, #4]
1000093a:	f3bf 8f5f 	dmb	sy
1000093e:	3408      	adds	r4, #8
10000940:	42ac      	cmp	r4, r5
10000942:	d3e3      	bcc.n	1000090c <runtime_init_mutex+0xc>
10000944:	e7f1      	b.n	1000092a <runtime_init_mutex+0x2a>
10000946:	46c0      	nop			@ (mov r8, r8)
10000948:	20001028 	.word	0x20001028
1000094c:	20001030 	.word	0x20001030

10000950 <mutex_init>:
10000950:	b510      	push	{r4, lr}
10000952:	0004      	movs	r4, r0
10000954:	f7ff fdc8 	bl	100004e8 <next_striped_spin_lock_num>
10000958:	0001      	movs	r1, r0
1000095a:	0020      	movs	r0, r4
1000095c:	f7ff ffc8 	bl	100008f0 <lock_init>
10000960:	23ff      	movs	r3, #255	@ 0xff
10000962:	7123      	strb	r3, [r4, #4]
10000964:	f3bf 8f5f 	dmb	sy
10000968:	bd10      	pop	{r4, pc}
1000096a:	46c0      	nop			@ (mov r8, r8)

1000096c <critical_section_init>:
1000096c:	b510      	push	{r4, lr}
1000096e:	0004      	movs	r4, r0
10000970:	2001      	movs	r0, #1
10000972:	f7ff fdc5 	bl	10000500 <spin_lock_claim_unused>
10000976:	4b03      	ldr	r3, [pc, #12]	@ (10000984 <critical_section_init+0x18>)
10000978:	18c0      	adds	r0, r0, r3
1000097a:	0080      	lsls	r0, r0, #2
1000097c:	6020      	str	r0, [r4, #0]
1000097e:	f3bf 8f5f 	dmb	sy
10000982:	bd10      	pop	{r4, pc}
10000984:	34000040 	.word	0x34000040

10000988 <critical_section_init_with_lock_num>:
10000988:	4b03      	ldr	r3, [pc, #12]	@ (10000998 <critical_section_init_with_lock_num+0x10>)
1000098a:	18c9      	adds	r1, r1, r3
1000098c:	0089      	lsls	r1, r1, #2
1000098e:	6001      	str	r1, [r0, #0]
10000990:	f3bf 8f5f 	dmb	sy
10000994:	4770      	bx	lr
10000996:	46c0      	nop			@ (mov r8, r8)
10000998:	34000040 	.word	0x34000040

1000099c <sleep_until_callback>:
1000099c:	4b0a      	ldr	r3, [pc, #40]	@ (100009c8 <sleep_until_callback+0x2c>)
1000099e:	6819      	ldr	r1, [r3, #0]
100009a0:	f3ef 8010 	mrs	r0, PRIMASK
100009a4:	b672      	cpsid	i
100009a6:	680a      	ldr	r2, [r1, #0]
100009a8:	2a00      	cmp	r2, #0
100009aa:	d0fc      	beq.n	100009a6 <sleep_until_callback+0xa>
100009ac:	f3bf 8f5f 	dmb	sy
100009b0:	681b      	ldr	r3, [r3, #0]
100009b2:	f3bf 8f5f 	dmb	sy
100009b6:	2200      	movs	r2, #0
100009b8:	601a      	str	r2, [r3, #0]
100009ba:	f380 8810 	msr	PRIMASK, r0
100009be:	bf40      	sev
100009c0:	2000      	movs	r0, #0
100009c2:	2100      	movs	r1, #0
100009c4:	4770      	bx	lr
100009c6:	46c0      	nop			@ (mov r8, r8)
100009c8:	20001c20 	.word	0x20001c20

100009cc <alarm_pool_irq_handler>:
100009cc:	b5f0      	push	{r4, r5, r6, r7, lr}
100009ce:	46de      	mov	lr, fp
100009d0:	4657      	mov	r7, sl
100009d2:	464e      	mov	r6, r9
100009d4:	4645      	mov	r5, r8
100009d6:	b5e0      	push	{r5, r6, r7, lr}
100009d8:	b085      	sub	sp, #20
100009da:	f3ef 8305 	mrs	r3, IPSR
100009de:	2203      	movs	r2, #3
100009e0:	401a      	ands	r2, r3
100009e2:	4bb3      	ldr	r3, [pc, #716]	@ (10000cb0 <alarm_pool_irq_handler+0x2e4>)
100009e4:	0091      	lsls	r1, r2, #2
100009e6:	585f      	ldr	r7, [r3, r1]
100009e8:	2301      	movs	r3, #1
100009ea:	4093      	lsls	r3, r2
100009ec:	469b      	mov	fp, r3
100009ee:	9202      	str	r2, [sp, #8]
100009f0:	465a      	mov	r2, fp
100009f2:	4688      	mov	r8, r1
100009f4:	4baf      	ldr	r3, [pc, #700]	@ (10000cb4 <alarm_pool_irq_handler+0x2e8>)
100009f6:	601a      	str	r2, [r3, #0]
100009f8:	4baf      	ldr	r3, [pc, #700]	@ (10000cb8 <alarm_pool_irq_handler+0x2ec>)
100009fa:	9303      	str	r3, [sp, #12]
100009fc:	465b      	mov	r3, fp
100009fe:	48af      	ldr	r0, [pc, #700]	@ (10000cbc <alarm_pool_irq_handler+0x2f0>)
10000a00:	6343      	str	r3, [r0, #52]	@ 0x34
10000a02:	2308      	movs	r3, #8
10000a04:	5efe      	ldrsh	r6, [r7, r3]
10000a06:	2e00      	cmp	r6, #0
10000a08:	da37      	bge.n	10000a7a <alarm_pool_irq_handler+0xae>
10000a0a:	88bb      	ldrh	r3, [r7, #4]
10000a0c:	b21b      	sxth	r3, r3
10000a0e:	2b00      	cmp	r3, #0
10000a10:	db00      	blt.n	10000a14 <alarm_pool_irq_handler+0x48>
10000a12:	e0a4      	b.n	10000b5e <alarm_pool_irq_handler+0x192>
10000a14:	79bb      	ldrb	r3, [r7, #6]
10000a16:	2b00      	cmp	r3, #0
10000a18:	d000      	beq.n	10000a1c <alarm_pool_irq_handler+0x50>
10000a1a:	e0e5      	b.n	10000be8 <alarm_pool_irq_handler+0x21c>
10000a1c:	2308      	movs	r3, #8
10000a1e:	5ef9      	ldrsh	r1, [r7, r3]
10000a20:	2900      	cmp	r1, #0
10000a22:	db20      	blt.n	10000a66 <alarm_pool_irq_handler+0x9a>
10000a24:	004b      	lsls	r3, r1, #1
10000a26:	697a      	ldr	r2, [r7, #20]
10000a28:	185b      	adds	r3, r3, r1
10000a2a:	00db      	lsls	r3, r3, #3
10000a2c:	18d3      	adds	r3, r2, r3
10000a2e:	689d      	ldr	r5, [r3, #8]
10000a30:	68dc      	ldr	r4, [r3, #12]
10000a32:	1c6b      	adds	r3, r5, #1
10000a34:	d100      	bne.n	10000a38 <alarm_pool_irq_handler+0x6c>
10000a36:	e104      	b.n	10000c42 <alarm_pool_irq_handler+0x276>
10000a38:	48a0      	ldr	r0, [pc, #640]	@ (10000cbc <alarm_pool_irq_handler+0x2f0>)
10000a3a:	0001      	movs	r1, r0
10000a3c:	4441      	add	r1, r8
10000a3e:	6a82      	ldr	r2, [r0, #40]	@ 0x28
10000a40:	690b      	ldr	r3, [r1, #16]
10000a42:	1aae      	subs	r6, r5, r2
10000a44:	1a9b      	subs	r3, r3, r2
10000a46:	429e      	cmp	r6, r3
10000a48:	d315      	bcc.n	10000a76 <alarm_pool_irq_handler+0xaa>
10000a4a:	2301      	movs	r3, #1
10000a4c:	6a02      	ldr	r2, [r0, #32]
10000a4e:	9802      	ldr	r0, [sp, #8]
10000a50:	4083      	lsls	r3, r0
10000a52:	421a      	tst	r2, r3
10000a54:	d00f      	beq.n	10000a76 <alarm_pool_irq_handler+0xaa>
10000a56:	4899      	ldr	r0, [pc, #612]	@ (10000cbc <alarm_pool_irq_handler+0x2f0>)
10000a58:	f000 fbc0 	bl	100011dc <timer_time_us_64>
10000a5c:	428c      	cmp	r4, r1
10000a5e:	dc02      	bgt.n	10000a66 <alarm_pool_irq_handler+0x9a>
10000a60:	d1cc      	bne.n	100009fc <alarm_pool_irq_handler+0x30>
10000a62:	4285      	cmp	r5, r0
10000a64:	d9ca      	bls.n	100009fc <alarm_pool_irq_handler+0x30>
10000a66:	bf40      	sev
10000a68:	b005      	add	sp, #20
10000a6a:	bcf0      	pop	{r4, r5, r6, r7}
10000a6c:	46bb      	mov	fp, r7
10000a6e:	46b2      	mov	sl, r6
10000a70:	46a9      	mov	r9, r5
10000a72:	46a0      	mov	r8, r4
10000a74:	bdf0      	pop	{r4, r5, r6, r7, pc}
10000a76:	610d      	str	r5, [r1, #16]
10000a78:	e7ed      	b.n	10000a56 <alarm_pool_irq_handler+0x8a>
10000a7a:	697a      	ldr	r2, [r7, #20]
10000a7c:	0073      	lsls	r3, r6, #1
10000a7e:	4691      	mov	r9, r2
10000a80:	199b      	adds	r3, r3, r6
10000a82:	00db      	lsls	r3, r3, #3
10000a84:	4499      	add	r9, r3
10000a86:	464b      	mov	r3, r9
10000a88:	689c      	ldr	r4, [r3, #8]
10000a8a:	68dd      	ldr	r5, [r3, #12]
10000a8c:	f000 fba6 	bl	100011dc <timer_time_us_64>
10000a90:	428d      	cmp	r5, r1
10000a92:	dcba      	bgt.n	10000a0a <alarm_pool_irq_handler+0x3e>
10000a94:	d100      	bne.n	10000a98 <alarm_pool_irq_handler+0xcc>
10000a96:	e0f6      	b.n	10000c86 <alarm_pool_irq_handler+0x2ba>
10000a98:	2d00      	cmp	r5, #0
10000a9a:	da00      	bge.n	10000a9e <alarm_pool_irq_handler+0xd2>
10000a9c:	e0db      	b.n	10000c56 <alarm_pool_irq_handler+0x28a>
10000a9e:	464a      	mov	r2, r9
10000aa0:	464b      	mov	r3, r9
10000aa2:	6952      	ldr	r2, [r2, #20]
10000aa4:	691b      	ldr	r3, [r3, #16]
10000aa6:	4692      	mov	sl, r2
10000aa8:	9a03      	ldr	r2, [sp, #12]
10000aaa:	4293      	cmp	r3, r2
10000aac:	d100      	bne.n	10000ab0 <alarm_pool_irq_handler+0xe4>
10000aae:	e0cc      	b.n	10000c4a <alarm_pool_irq_handler+0x27e>
10000ab0:	464a      	mov	r2, r9
10000ab2:	2108      	movs	r1, #8
10000ab4:	5e78      	ldrsh	r0, [r7, r1]
10000ab6:	8852      	ldrh	r2, [r2, #2]
10000ab8:	0400      	lsls	r0, r0, #16
10000aba:	4651      	mov	r1, sl
10000abc:	4310      	orrs	r0, r2
10000abe:	4798      	blx	r3
10000ac0:	9000      	str	r0, [sp, #0]
10000ac2:	9101      	str	r1, [sp, #4]
10000ac4:	9900      	ldr	r1, [sp, #0]
10000ac6:	9a01      	ldr	r2, [sp, #4]
10000ac8:	000b      	movs	r3, r1
10000aca:	4313      	orrs	r3, r2
10000acc:	d100      	bne.n	10000ad0 <alarm_pool_irq_handler+0x104>
10000ace:	e0c2      	b.n	10000c56 <alarm_pool_irq_handler+0x28a>
10000ad0:	0013      	movs	r3, r2
10000ad2:	000a      	movs	r2, r1
10000ad4:	2b00      	cmp	r3, #0
10000ad6:	db00      	blt.n	10000ada <alarm_pool_irq_handler+0x10e>
10000ad8:	e0d9      	b.n	10000c8e <alarm_pool_irq_handler+0x2c2>
10000ada:	0020      	movs	r0, r4
10000adc:	0029      	movs	r1, r5
10000ade:	1a80      	subs	r0, r0, r2
10000ae0:	4199      	sbcs	r1, r3
10000ae2:	464b      	mov	r3, r9
10000ae4:	6098      	str	r0, [r3, #8]
10000ae6:	60d9      	str	r1, [r3, #12]
10000ae8:	2200      	movs	r2, #0
10000aea:	5e9b      	ldrsh	r3, [r3, r2]
10000aec:	2b00      	cmp	r3, #0
10000aee:	da00      	bge.n	10000af2 <alarm_pool_irq_handler+0x126>
10000af0:	e78b      	b.n	10000a0a <alarm_pool_irq_handler+0x3e>
10000af2:	005d      	lsls	r5, r3, #1
10000af4:	697c      	ldr	r4, [r7, #20]
10000af6:	18ea      	adds	r2, r5, r3
10000af8:	00d2      	lsls	r2, r2, #3
10000afa:	18a2      	adds	r2, r4, r2
10000afc:	9400      	str	r4, [sp, #0]
10000afe:	6894      	ldr	r4, [r2, #8]
10000b00:	68d2      	ldr	r2, [r2, #12]
10000b02:	46a2      	mov	sl, r4
10000b04:	428a      	cmp	r2, r1
10000b06:	dd00      	ble.n	10000b0a <alarm_pool_irq_handler+0x13e>
10000b08:	e77f      	b.n	10000a0a <alarm_pool_irq_handler+0x3e>
10000b0a:	d102      	bne.n	10000b12 <alarm_pool_irq_handler+0x146>
10000b0c:	4284      	cmp	r4, r0
10000b0e:	d900      	bls.n	10000b12 <alarm_pool_irq_handler+0x146>
10000b10:	e77b      	b.n	10000a0a <alarm_pool_irq_handler+0x3e>
10000b12:	2408      	movs	r4, #8
10000b14:	46a4      	mov	ip, r4
10000b16:	813b      	strh	r3, [r7, #8]
10000b18:	44bc      	add	ip, r7
10000b1a:	9c00      	ldr	r4, [sp, #0]
10000b1c:	9700      	str	r7, [sp, #0]
10000b1e:	002f      	movs	r7, r5
10000b20:	4665      	mov	r5, ip
10000b22:	46b4      	mov	ip, r6
10000b24:	003e      	movs	r6, r7
10000b26:	e006      	b.n	10000b36 <alarm_pool_irq_handler+0x16a>
10000b28:	005e      	lsls	r6, r3, #1
10000b2a:	18f2      	adds	r2, r6, r3
10000b2c:	00d2      	lsls	r2, r2, #3
10000b2e:	18a2      	adds	r2, r4, r2
10000b30:	6897      	ldr	r7, [r2, #8]
10000b32:	68d2      	ldr	r2, [r2, #12]
10000b34:	46ba      	mov	sl, r7
10000b36:	428a      	cmp	r2, r1
10000b38:	dc07      	bgt.n	10000b4a <alarm_pool_irq_handler+0x17e>
10000b3a:	d100      	bne.n	10000b3e <alarm_pool_irq_handler+0x172>
10000b3c:	e0b4      	b.n	10000ca8 <alarm_pool_irq_handler+0x2dc>
10000b3e:	18f3      	adds	r3, r6, r3
10000b40:	00db      	lsls	r3, r3, #3
10000b42:	18e5      	adds	r5, r4, r3
10000b44:	5ee3      	ldrsh	r3, [r4, r3]
10000b46:	2b00      	cmp	r3, #0
10000b48:	daee      	bge.n	10000b28 <alarm_pool_irq_handler+0x15c>
10000b4a:	4666      	mov	r6, ip
10000b4c:	464a      	mov	r2, r9
10000b4e:	9f00      	ldr	r7, [sp, #0]
10000b50:	8013      	strh	r3, [r2, #0]
10000b52:	802e      	strh	r6, [r5, #0]
10000b54:	88bb      	ldrh	r3, [r7, #4]
10000b56:	b21b      	sxth	r3, r3
10000b58:	2b00      	cmp	r3, #0
10000b5a:	da00      	bge.n	10000b5e <alarm_pool_irq_handler+0x192>
10000b5c:	e75a      	b.n	10000a14 <alarm_pool_irq_handler+0x48>
10000b5e:	693a      	ldr	r2, [r7, #16]
10000b60:	f3ef 8110 	mrs	r1, PRIMASK
10000b64:	b672      	cpsid	i
10000b66:	6813      	ldr	r3, [r2, #0]
10000b68:	2b00      	cmp	r3, #0
10000b6a:	d0fc      	beq.n	10000b66 <alarm_pool_irq_handler+0x19a>
10000b6c:	f3bf 8f5f 	dmb	sy
10000b70:	2301      	movs	r3, #1
10000b72:	88be      	ldrh	r6, [r7, #4]
10000b74:	425b      	negs	r3, r3
10000b76:	80bb      	strh	r3, [r7, #4]
10000b78:	b236      	sxth	r6, r6
10000b7a:	693b      	ldr	r3, [r7, #16]
10000b7c:	f3bf 8f5f 	dmb	sy
10000b80:	2200      	movs	r2, #0
10000b82:	601a      	str	r2, [r3, #0]
10000b84:	f381 8810 	msr	PRIMASK, r1
10000b88:	2e00      	cmp	r6, #0
10000b8a:	da00      	bge.n	10000b8e <alarm_pool_irq_handler+0x1c2>
10000b8c:	e742      	b.n	10000a14 <alarm_pool_irq_handler+0x48>
10000b8e:	003b      	movs	r3, r7
10000b90:	3308      	adds	r3, #8
10000b92:	003a      	movs	r2, r7
10000b94:	4699      	mov	r9, r3
10000b96:	697d      	ldr	r5, [r7, #20]
10000b98:	0073      	lsls	r3, r6, #1
10000b9a:	199b      	adds	r3, r3, r6
10000b9c:	2408      	movs	r4, #8
10000b9e:	5f11      	ldrsh	r1, [r2, r4]
10000ba0:	00db      	lsls	r3, r3, #3
10000ba2:	4648      	mov	r0, r9
10000ba4:	18eb      	adds	r3, r5, r3
10000ba6:	2900      	cmp	r1, #0
10000ba8:	db13      	blt.n	10000bd2 <alarm_pool_irq_handler+0x206>
10000baa:	689c      	ldr	r4, [r3, #8]
10000bac:	9300      	str	r3, [sp, #0]
10000bae:	46a4      	mov	ip, r4
10000bb0:	68dc      	ldr	r4, [r3, #12]
10000bb2:	e006      	b.n	10000bc2 <alarm_pool_irq_handler+0x1f6>
10000bb4:	42a3      	cmp	r3, r4
10000bb6:	d040      	beq.n	10000c3a <alarm_pool_irq_handler+0x26e>
10000bb8:	2300      	movs	r3, #0
10000bba:	5ef9      	ldrsh	r1, [r7, r3]
10000bbc:	0038      	movs	r0, r7
10000bbe:	2900      	cmp	r1, #0
10000bc0:	db06      	blt.n	10000bd0 <alarm_pool_irq_handler+0x204>
10000bc2:	004f      	lsls	r7, r1, #1
10000bc4:	187f      	adds	r7, r7, r1
10000bc6:	00ff      	lsls	r7, r7, #3
10000bc8:	19ef      	adds	r7, r5, r7
10000bca:	68fb      	ldr	r3, [r7, #12]
10000bcc:	42a3      	cmp	r3, r4
10000bce:	ddf1      	ble.n	10000bb4 <alarm_pool_irq_handler+0x1e8>
10000bd0:	9b00      	ldr	r3, [sp, #0]
10000bd2:	8006      	strh	r6, [r0, #0]
10000bd4:	2000      	movs	r0, #0
10000bd6:	5e1e      	ldrsh	r6, [r3, r0]
10000bd8:	8019      	strh	r1, [r3, #0]
10000bda:	2e00      	cmp	r6, #0
10000bdc:	dadc      	bge.n	10000b98 <alarm_pool_irq_handler+0x1cc>
10000bde:	0017      	movs	r7, r2
10000be0:	79bb      	ldrb	r3, [r7, #6]
10000be2:	2b00      	cmp	r3, #0
10000be4:	d100      	bne.n	10000be8 <alarm_pool_irq_handler+0x21c>
10000be6:	e719      	b.n	10000a1c <alarm_pool_irq_handler+0x50>
10000be8:	2300      	movs	r3, #0
10000bea:	71bb      	strb	r3, [r7, #6]
10000bec:	2308      	movs	r3, #8
10000bee:	5ef9      	ldrsh	r1, [r7, r3]
10000bf0:	1c4b      	adds	r3, r1, #1
10000bf2:	d100      	bne.n	10000bf6 <alarm_pool_irq_handler+0x22a>
10000bf4:	e737      	b.n	10000a66 <alarm_pool_irq_handler+0x9a>
10000bf6:	003d      	movs	r5, r7
10000bf8:	3508      	adds	r5, #8
10000bfa:	46ac      	mov	ip, r5
10000bfc:	697c      	ldr	r4, [r7, #20]
10000bfe:	e003      	b.n	10000c08 <alarm_pool_irq_handler+0x23c>
10000c00:	4684      	mov	ip, r0
10000c02:	1c4b      	adds	r3, r1, #1
10000c04:	d100      	bne.n	10000c08 <alarm_pool_irq_handler+0x23c>
10000c06:	e709      	b.n	10000a1c <alarm_pool_irq_handler+0x50>
10000c08:	004b      	lsls	r3, r1, #1
10000c0a:	185b      	adds	r3, r3, r1
10000c0c:	00db      	lsls	r3, r3, #3
10000c0e:	18e0      	adds	r0, r4, r3
10000c10:	000a      	movs	r2, r1
10000c12:	5ee1      	ldrsh	r1, [r4, r3]
10000c14:	8843      	ldrh	r3, [r0, #2]
10000c16:	b21b      	sxth	r3, r3
10000c18:	2b00      	cmp	r3, #0
10000c1a:	daf1      	bge.n	10000c00 <alarm_pool_irq_handler+0x234>
10000c1c:	2501      	movs	r5, #1
10000c1e:	426d      	negs	r5, r5
10000c20:	17ee      	asrs	r6, r5, #31
10000c22:	6085      	str	r5, [r0, #8]
10000c24:	60c6      	str	r6, [r0, #12]
10000c26:	2508      	movs	r5, #8
10000c28:	5f7b      	ldrsh	r3, [r7, r5]
10000c2a:	4293      	cmp	r3, r2
10000c2c:	d0e9      	beq.n	10000c02 <alarm_pool_irq_handler+0x236>
10000c2e:	4663      	mov	r3, ip
10000c30:	8019      	strh	r1, [r3, #0]
10000c32:	893b      	ldrh	r3, [r7, #8]
10000c34:	8003      	strh	r3, [r0, #0]
10000c36:	813a      	strh	r2, [r7, #8]
10000c38:	e7e3      	b.n	10000c02 <alarm_pool_irq_handler+0x236>
10000c3a:	68bb      	ldr	r3, [r7, #8]
10000c3c:	4563      	cmp	r3, ip
10000c3e:	d9bb      	bls.n	10000bb8 <alarm_pool_irq_handler+0x1ec>
10000c40:	e7c6      	b.n	10000bd0 <alarm_pool_irq_handler+0x204>
10000c42:	1c63      	adds	r3, r4, #1
10000c44:	d000      	beq.n	10000c48 <alarm_pool_irq_handler+0x27c>
10000c46:	e6f7      	b.n	10000a38 <alarm_pool_irq_handler+0x6c>
10000c48:	e705      	b.n	10000a56 <alarm_pool_irq_handler+0x8a>
10000c4a:	4653      	mov	r3, sl
10000c4c:	4650      	mov	r0, sl
10000c4e:	691b      	ldr	r3, [r3, #16]
10000c50:	4798      	blx	r3
10000c52:	2800      	cmp	r0, #0
10000c54:	d123      	bne.n	10000c9e <alarm_pool_irq_handler+0x2d2>
10000c56:	464b      	mov	r3, r9
10000c58:	881b      	ldrh	r3, [r3, #0]
10000c5a:	693a      	ldr	r2, [r7, #16]
10000c5c:	813b      	strh	r3, [r7, #8]
10000c5e:	f3ef 8310 	mrs	r3, PRIMASK
10000c62:	b672      	cpsid	i
10000c64:	6811      	ldr	r1, [r2, #0]
10000c66:	2900      	cmp	r1, #0
10000c68:	d0fc      	beq.n	10000c64 <alarm_pool_irq_handler+0x298>
10000c6a:	f3bf 8f5f 	dmb	sy
10000c6e:	4649      	mov	r1, r9
10000c70:	887a      	ldrh	r2, [r7, #2]
10000c72:	800a      	strh	r2, [r1, #0]
10000c74:	693a      	ldr	r2, [r7, #16]
10000c76:	807e      	strh	r6, [r7, #2]
10000c78:	f3bf 8f5f 	dmb	sy
10000c7c:	2100      	movs	r1, #0
10000c7e:	6011      	str	r1, [r2, #0]
10000c80:	f383 8810 	msr	PRIMASK, r3
10000c84:	e6c1      	b.n	10000a0a <alarm_pool_irq_handler+0x3e>
10000c86:	4284      	cmp	r4, r0
10000c88:	d800      	bhi.n	10000c8c <alarm_pool_irq_handler+0x2c0>
10000c8a:	e705      	b.n	10000a98 <alarm_pool_irq_handler+0xcc>
10000c8c:	e6bd      	b.n	10000a0a <alarm_pool_irq_handler+0x3e>
10000c8e:	480b      	ldr	r0, [pc, #44]	@ (10000cbc <alarm_pool_irq_handler+0x2f0>)
10000c90:	f000 faa4 	bl	100011dc <timer_time_us_64>
10000c94:	9b00      	ldr	r3, [sp, #0]
10000c96:	9c01      	ldr	r4, [sp, #4]
10000c98:	18c0      	adds	r0, r0, r3
10000c9a:	4161      	adcs	r1, r4
10000c9c:	e721      	b.n	10000ae2 <alarm_pool_irq_handler+0x116>
10000c9e:	4653      	mov	r3, sl
10000ca0:	cb0c      	ldmia	r3, {r2, r3}
10000ca2:	9200      	str	r2, [sp, #0]
10000ca4:	9301      	str	r3, [sp, #4]
10000ca6:	e70d      	b.n	10000ac4 <alarm_pool_irq_handler+0xf8>
10000ca8:	4582      	cmp	sl, r0
10000caa:	d800      	bhi.n	10000cae <alarm_pool_irq_handler+0x2e2>
10000cac:	e747      	b.n	10000b3e <alarm_pool_irq_handler+0x172>
10000cae:	e74c      	b.n	10000b4a <alarm_pool_irq_handler+0x17e>
10000cb0:	20001c04 	.word	0x20001c04
10000cb4:	4005703c 	.word	0x4005703c
10000cb8:	100009cd 	.word	0x100009cd
10000cbc:	40054000 	.word	0x40054000

10000cc0 <runtime_init_default_alarm_pool>:
10000cc0:	b570      	push	{r4, r5, r6, lr}
10000cc2:	4c2d      	ldr	r4, [pc, #180]	@ (10000d78 <runtime_init_default_alarm_pool+0xb8>)
10000cc4:	6925      	ldr	r5, [r4, #16]
10000cc6:	2d00      	cmp	r5, #0
10000cc8:	d004      	beq.n	10000cd4 <runtime_init_default_alarm_pool+0x14>
10000cca:	210a      	movs	r1, #10
10000ccc:	482b      	ldr	r0, [pc, #172]	@ (10000d7c <runtime_init_default_alarm_pool+0xbc>)
10000cce:	f7ff fe0f 	bl	100008f0 <lock_init>
10000cd2:	bd70      	pop	{r4, r5, r6, pc}
10000cd4:	4e2a      	ldr	r6, [pc, #168]	@ (10000d80 <runtime_init_default_alarm_pool+0xc0>)
10000cd6:	2103      	movs	r1, #3
10000cd8:	4829      	ldr	r0, [pc, #164]	@ (10000d80 <runtime_init_default_alarm_pool+0xc0>)
10000cda:	f000 fa75 	bl	100011c8 <timer_hardware_alarm_claim>
10000cde:	60e6      	str	r6, [r4, #12]
10000ce0:	f7ff fc02 	bl	100004e8 <next_striped_spin_lock_num>
10000ce4:	4b27      	ldr	r3, [pc, #156]	@ (10000d84 <runtime_init_default_alarm_pool+0xc4>)
10000ce6:	2203      	movs	r2, #3
10000ce8:	18c0      	adds	r0, r0, r3
10000cea:	23d0      	movs	r3, #208	@ 0xd0
10000cec:	7022      	strb	r2, [r4, #0]
10000cee:	061b      	lsls	r3, r3, #24
10000cf0:	681b      	ldr	r3, [r3, #0]
10000cf2:	2101      	movs	r1, #1
10000cf4:	7063      	strb	r3, [r4, #1]
10000cf6:	4b24      	ldr	r3, [pc, #144]	@ (10000d88 <runtime_init_default_alarm_pool+0xc8>)
10000cf8:	0080      	lsls	r0, r0, #2
10000cfa:	60a3      	str	r3, [r4, #8]
10000cfc:	230f      	movs	r3, #15
10000cfe:	6120      	str	r0, [r4, #16]
10000d00:	2002      	movs	r0, #2
10000d02:	8063      	strh	r3, [r4, #2]
10000d04:	6963      	ldr	r3, [r4, #20]
10000d06:	4249      	negs	r1, r1
10000d08:	80a1      	strh	r1, [r4, #4]
10000d0a:	8019      	strh	r1, [r3, #0]
10000d0c:	3102      	adds	r1, #2
10000d0e:	8619      	strh	r1, [r3, #48]	@ 0x30
10000d10:	3147      	adds	r1, #71	@ 0x47
10000d12:	831d      	strh	r5, [r3, #24]
10000d14:	5258      	strh	r0, [r3, r1]
10000d16:	3118      	adds	r1, #24
10000d18:	525a      	strh	r2, [r3, r1]
10000d1a:	3275      	adds	r2, #117	@ 0x75
10000d1c:	395c      	subs	r1, #92	@ 0x5c
10000d1e:	5299      	strh	r1, [r3, r2]
10000d20:	3218      	adds	r2, #24
10000d22:	3101      	adds	r1, #1
10000d24:	5299      	strh	r1, [r3, r2]
10000d26:	3218      	adds	r2, #24
10000d28:	3101      	adds	r1, #1
10000d2a:	5299      	strh	r1, [r3, r2]
10000d2c:	3218      	adds	r2, #24
10000d2e:	3101      	adds	r1, #1
10000d30:	5299      	strh	r1, [r3, r2]
10000d32:	3508      	adds	r5, #8
10000d34:	3218      	adds	r2, #24
10000d36:	529d      	strh	r5, [r3, r2]
10000d38:	3102      	adds	r1, #2
10000d3a:	3218      	adds	r2, #24
10000d3c:	5299      	strh	r1, [r3, r2]
10000d3e:	3218      	adds	r2, #24
10000d40:	3101      	adds	r1, #1
10000d42:	5299      	strh	r1, [r3, r2]
10000d44:	3218      	adds	r2, #24
10000d46:	3101      	adds	r1, #1
10000d48:	5299      	strh	r1, [r3, r2]
10000d4a:	3218      	adds	r2, #24
10000d4c:	3101      	adds	r1, #1
10000d4e:	5299      	strh	r1, [r3, r2]
10000d50:	3218      	adds	r2, #24
10000d52:	3101      	adds	r1, #1
10000d54:	5299      	strh	r1, [r3, r2]
10000d56:	3218      	adds	r2, #24
10000d58:	3101      	adds	r1, #1
10000d5a:	5299      	strh	r1, [r3, r2]
10000d5c:	4b0b      	ldr	r3, [pc, #44]	@ (10000d8c <runtime_init_default_alarm_pool+0xcc>)
10000d5e:	490c      	ldr	r1, [pc, #48]	@ (10000d90 <runtime_init_default_alarm_pool+0xd0>)
10000d60:	60dc      	str	r4, [r3, #12]
10000d62:	3001      	adds	r0, #1
10000d64:	6235      	str	r5, [r6, #32]
10000d66:	f7ff fc43 	bl	100005f0 <irq_set_exclusive_handler>
10000d6a:	2101      	movs	r1, #1
10000d6c:	2003      	movs	r0, #3
10000d6e:	f7ff fc09 	bl	10000584 <irq_set_enabled>
10000d72:	4b08      	ldr	r3, [pc, #32]	@ (10000d94 <runtime_init_default_alarm_pool+0xd4>)
10000d74:	601d      	str	r5, [r3, #0]
10000d76:	e7a8      	b.n	10000cca <runtime_init_default_alarm_pool+0xa>
10000d78:	20000fb0 	.word	0x20000fb0
10000d7c:	20001c20 	.word	0x20001c20
10000d80:	40054000 	.word	0x40054000
10000d84:	34000040 	.word	0x34000040
10000d88:	0010ffff 	.word	0x0010ffff
10000d8c:	20001c04 	.word	0x20001c04
10000d90:	100009cd 	.word	0x100009cd
10000d94:	40056038 	.word	0x40056038

10000d98 <alarm_pool_get_default>:
10000d98:	4800      	ldr	r0, [pc, #0]	@ (10000d9c <alarm_pool_get_default+0x4>)
10000d9a:	4770      	bx	lr
10000d9c:	20000fb0 	.word	0x20000fb0

10000da0 <alarm_pool_add_alarm_at>:
10000da0:	b5f8      	push	{r3, r4, r5, r6, r7, lr}
10000da2:	001f      	movs	r7, r3
10000da4:	ab08      	add	r3, sp, #32
10000da6:	781b      	ldrb	r3, [r3, #0]
10000da8:	0004      	movs	r4, r0
10000daa:	0016      	movs	r6, r2
10000dac:	2b00      	cmp	r3, #0
10000dae:	d107      	bne.n	10000dc0 <alarm_pool_add_alarm_at+0x20>
10000db0:	f000 fa1c 	bl	100011ec <time_us_64>
10000db4:	0032      	movs	r2, r6
10000db6:	003b      	movs	r3, r7
10000db8:	1a12      	subs	r2, r2, r0
10000dba:	418b      	sbcs	r3, r1
10000dbc:	2b00      	cmp	r3, #0
10000dbe:	db51      	blt.n	10000e64 <alarm_pool_add_alarm_at+0xc4>
10000dc0:	6922      	ldr	r2, [r4, #16]
10000dc2:	f3ef 8c10 	mrs	ip, PRIMASK
10000dc6:	b672      	cpsid	i
10000dc8:	6813      	ldr	r3, [r2, #0]
10000dca:	2b00      	cmp	r3, #0
10000dcc:	d0fc      	beq.n	10000dc8 <alarm_pool_add_alarm_at+0x28>
10000dce:	f3bf 8f5f 	dmb	sy
10000dd2:	2302      	movs	r3, #2
10000dd4:	5ee1      	ldrsh	r1, [r4, r3]
10000dd6:	6925      	ldr	r5, [r4, #16]
10000dd8:	2900      	cmp	r1, #0
10000dda:	db3a      	blt.n	10000e52 <alarm_pool_add_alarm_at+0xb2>
10000ddc:	004b      	lsls	r3, r1, #1
10000dde:	6960      	ldr	r0, [r4, #20]
10000de0:	185b      	adds	r3, r3, r1
10000de2:	00db      	lsls	r3, r3, #3
10000de4:	18c2      	adds	r2, r0, r3
10000de6:	5ac3      	ldrh	r3, [r0, r3]
10000de8:	8063      	strh	r3, [r4, #2]
10000dea:	f3bf 8f5f 	dmb	sy
10000dee:	2300      	movs	r3, #0
10000df0:	602b      	str	r3, [r5, #0]
10000df2:	f38c 8810 	msr	PRIMASK, ip
10000df6:	9b06      	ldr	r3, [sp, #24]
10000df8:	6096      	str	r6, [r2, #8]
10000dfa:	60d7      	str	r7, [r2, #12]
10000dfc:	6113      	str	r3, [r2, #16]
10000dfe:	9b07      	ldr	r3, [sp, #28]
10000e00:	6153      	str	r3, [r2, #20]
10000e02:	8853      	ldrh	r3, [r2, #2]
10000e04:	3301      	adds	r3, #1
10000e06:	045b      	lsls	r3, r3, #17
10000e08:	0c5b      	lsrs	r3, r3, #17
10000e0a:	1c18      	adds	r0, r3, #0
10000e0c:	2b00      	cmp	r3, #0
10000e0e:	d01e      	beq.n	10000e4e <alarm_pool_add_alarm_at+0xae>
10000e10:	b283      	uxth	r3, r0
10000e12:	8050      	strh	r0, [r2, #2]
10000e14:	0408      	lsls	r0, r1, #16
10000e16:	4318      	orrs	r0, r3
10000e18:	6925      	ldr	r5, [r4, #16]
10000e1a:	f3ef 8610 	mrs	r6, PRIMASK
10000e1e:	b672      	cpsid	i
10000e20:	682b      	ldr	r3, [r5, #0]
10000e22:	2b00      	cmp	r3, #0
10000e24:	d0fc      	beq.n	10000e20 <alarm_pool_add_alarm_at+0x80>
10000e26:	f3bf 8f5f 	dmb	sy
10000e2a:	88a3      	ldrh	r3, [r4, #4]
10000e2c:	8013      	strh	r3, [r2, #0]
10000e2e:	80a1      	strh	r1, [r4, #4]
10000e30:	6923      	ldr	r3, [r4, #16]
10000e32:	f3bf 8f5f 	dmb	sy
10000e36:	2200      	movs	r2, #0
10000e38:	601a      	str	r2, [r3, #0]
10000e3a:	f386 8810 	msr	PRIMASK, r6
10000e3e:	7823      	ldrb	r3, [r4, #0]
10000e40:	3201      	adds	r2, #1
10000e42:	409a      	lsls	r2, r3
10000e44:	4908      	ldr	r1, [pc, #32]	@ (10000e68 <alarm_pool_add_alarm_at+0xc8>)
10000e46:	68e3      	ldr	r3, [r4, #12]
10000e48:	185b      	adds	r3, r3, r1
10000e4a:	601a      	str	r2, [r3, #0]
10000e4c:	bdf8      	pop	{r3, r4, r5, r6, r7, pc}
10000e4e:	2001      	movs	r0, #1
10000e50:	e7de      	b.n	10000e10 <alarm_pool_add_alarm_at+0x70>
10000e52:	f3bf 8f5f 	dmb	sy
10000e56:	2300      	movs	r3, #0
10000e58:	602b      	str	r3, [r5, #0]
10000e5a:	f38c 8810 	msr	PRIMASK, ip
10000e5e:	2001      	movs	r0, #1
10000e60:	4240      	negs	r0, r0
10000e62:	e7f3      	b.n	10000e4c <alarm_pool_add_alarm_at+0xac>
10000e64:	2000      	movs	r0, #0
10000e66:	e7f1      	b.n	10000e4c <alarm_pool_add_alarm_at+0xac>
10000e68:	0000203c 	.word	0x0000203c

10000e6c <alarm_pool_add_alarm_at_force_in_context>:
10000e6c:	b570      	push	{r4, r5, r6, lr}
10000e6e:	b082      	sub	sp, #8
10000e70:	9200      	str	r2, [sp, #0]
10000e72:	9301      	str	r3, [sp, #4]
10000e74:	0001      	movs	r1, r0
10000e76:	6902      	ldr	r2, [r0, #16]
10000e78:	f3ef 8410 	mrs	r4, PRIMASK
10000e7c:	b672      	cpsid	i
10000e7e:	6813      	ldr	r3, [r2, #0]
10000e80:	2b00      	cmp	r3, #0
10000e82:	d0fc      	beq.n	10000e7e <alarm_pool_add_alarm_at_force_in_context+0x12>
10000e84:	f3bf 8f5f 	dmb	sy
10000e88:	2302      	movs	r3, #2
10000e8a:	5ec8      	ldrsh	r0, [r1, r3]
10000e8c:	690d      	ldr	r5, [r1, #16]
10000e8e:	2800      	cmp	r0, #0
10000e90:	db3f      	blt.n	10000f12 <alarm_pool_add_alarm_at_force_in_context+0xa6>
10000e92:	694a      	ldr	r2, [r1, #20]
10000e94:	0043      	lsls	r3, r0, #1
10000e96:	0016      	movs	r6, r2
10000e98:	181b      	adds	r3, r3, r0
10000e9a:	00db      	lsls	r3, r3, #3
10000e9c:	18d2      	adds	r2, r2, r3
10000e9e:	5af3      	ldrh	r3, [r6, r3]
10000ea0:	804b      	strh	r3, [r1, #2]
10000ea2:	f3bf 8f5f 	dmb	sy
10000ea6:	2300      	movs	r3, #0
10000ea8:	602b      	str	r3, [r5, #0]
10000eaa:	f384 8810 	msr	PRIMASK, r4
10000eae:	9b06      	ldr	r3, [sp, #24]
10000eb0:	6113      	str	r3, [r2, #16]
10000eb2:	9b07      	ldr	r3, [sp, #28]
10000eb4:	6153      	str	r3, [r2, #20]
10000eb6:	9b00      	ldr	r3, [sp, #0]
10000eb8:	9c01      	ldr	r4, [sp, #4]
10000eba:	6093      	str	r3, [r2, #8]
10000ebc:	60d4      	str	r4, [r2, #12]
10000ebe:	8853      	ldrh	r3, [r2, #2]
10000ec0:	3301      	adds	r3, #1
10000ec2:	045b      	lsls	r3, r3, #17
10000ec4:	0c5b      	lsrs	r3, r3, #17
10000ec6:	1c1d      	adds	r5, r3, #0
10000ec8:	2b00      	cmp	r3, #0
10000eca:	d020      	beq.n	10000f0e <alarm_pool_add_alarm_at_force_in_context+0xa2>
10000ecc:	b2ac      	uxth	r4, r5
10000ece:	0403      	lsls	r3, r0, #16
10000ed0:	8055      	strh	r5, [r2, #2]
10000ed2:	4323      	orrs	r3, r4
10000ed4:	690d      	ldr	r5, [r1, #16]
10000ed6:	f3ef 8c10 	mrs	ip, PRIMASK
10000eda:	b672      	cpsid	i
10000edc:	682c      	ldr	r4, [r5, #0]
10000ede:	2c00      	cmp	r4, #0
10000ee0:	d0fc      	beq.n	10000edc <alarm_pool_add_alarm_at_force_in_context+0x70>
10000ee2:	f3bf 8f5f 	dmb	sy
10000ee6:	888c      	ldrh	r4, [r1, #4]
10000ee8:	8014      	strh	r4, [r2, #0]
10000eea:	8088      	strh	r0, [r1, #4]
10000eec:	690a      	ldr	r2, [r1, #16]
10000eee:	f3bf 8f5f 	dmb	sy
10000ef2:	2000      	movs	r0, #0
10000ef4:	6010      	str	r0, [r2, #0]
10000ef6:	f38c 8810 	msr	PRIMASK, ip
10000efa:	780a      	ldrb	r2, [r1, #0]
10000efc:	3001      	adds	r0, #1
10000efe:	4090      	lsls	r0, r2
10000f00:	68ca      	ldr	r2, [r1, #12]
10000f02:	4908      	ldr	r1, [pc, #32]	@ (10000f24 <alarm_pool_add_alarm_at_force_in_context+0xb8>)
10000f04:	1852      	adds	r2, r2, r1
10000f06:	6010      	str	r0, [r2, #0]
10000f08:	0018      	movs	r0, r3
10000f0a:	b002      	add	sp, #8
10000f0c:	bd70      	pop	{r4, r5, r6, pc}
10000f0e:	2501      	movs	r5, #1
10000f10:	e7dc      	b.n	10000ecc <alarm_pool_add_alarm_at_force_in_context+0x60>
10000f12:	f3bf 8f5f 	dmb	sy
10000f16:	2300      	movs	r3, #0
10000f18:	602b      	str	r3, [r5, #0]
10000f1a:	f384 8810 	msr	PRIMASK, r4
10000f1e:	3b01      	subs	r3, #1
10000f20:	e7f2      	b.n	10000f08 <alarm_pool_add_alarm_at_force_in_context+0x9c>
10000f22:	46c0      	nop			@ (mov r8, r8)
10000f24:	0000203c 	.word	0x0000203c

10000f28 <alarm_pool_cancel_alarm>:
10000f28:	b510      	push	{r4, lr}
10000f2a:	8943      	ldrh	r3, [r0, #10]
10000f2c:	140a      	asrs	r2, r1, #16
10000f2e:	4293      	cmp	r3, r2
10000f30:	dd1a      	ble.n	10000f68 <alarm_pool_cancel_alarm+0x40>
10000f32:	0053      	lsls	r3, r2, #1
10000f34:	189b      	adds	r3, r3, r2
10000f36:	6942      	ldr	r2, [r0, #20]
10000f38:	00db      	lsls	r3, r3, #3
10000f3a:	18d3      	adds	r3, r2, r3
10000f3c:	6904      	ldr	r4, [r0, #16]
10000f3e:	f3ef 8c10 	mrs	ip, PRIMASK
10000f42:	b672      	cpsid	i
10000f44:	6822      	ldr	r2, [r4, #0]
10000f46:	2a00      	cmp	r2, #0
10000f48:	d0fc      	beq.n	10000f44 <alarm_pool_cancel_alarm+0x1c>
10000f4a:	f3bf 8f5f 	dmb	sy
10000f4e:	885a      	ldrh	r2, [r3, #2]
10000f50:	0409      	lsls	r1, r1, #16
10000f52:	b294      	uxth	r4, r2
10000f54:	0c09      	lsrs	r1, r1, #16
10000f56:	428a      	cmp	r2, r1
10000f58:	d008      	beq.n	10000f6c <alarm_pool_cancel_alarm+0x44>
10000f5a:	6903      	ldr	r3, [r0, #16]
10000f5c:	f3bf 8f5f 	dmb	sy
10000f60:	2200      	movs	r2, #0
10000f62:	601a      	str	r2, [r3, #0]
10000f64:	f38c 8810 	msr	PRIMASK, ip
10000f68:	2000      	movs	r0, #0
10000f6a:	bd10      	pop	{r4, pc}
10000f6c:	4a09      	ldr	r2, [pc, #36]	@ (10000f94 <alarm_pool_cancel_alarm+0x6c>)
10000f6e:	4322      	orrs	r2, r4
10000f70:	805a      	strh	r2, [r3, #2]
10000f72:	2301      	movs	r3, #1
10000f74:	6902      	ldr	r2, [r0, #16]
10000f76:	7183      	strb	r3, [r0, #6]
10000f78:	f3bf 8f5f 	dmb	sy
10000f7c:	2100      	movs	r1, #0
10000f7e:	6011      	str	r1, [r2, #0]
10000f80:	f38c 8810 	msr	PRIMASK, ip
10000f84:	7802      	ldrb	r2, [r0, #0]
10000f86:	4904      	ldr	r1, [pc, #16]	@ (10000f98 <alarm_pool_cancel_alarm+0x70>)
10000f88:	4093      	lsls	r3, r2
10000f8a:	68c2      	ldr	r2, [r0, #12]
10000f8c:	2001      	movs	r0, #1
10000f8e:	1852      	adds	r2, r2, r1
10000f90:	6013      	str	r3, [r2, #0]
10000f92:	e7ea      	b.n	10000f6a <alarm_pool_cancel_alarm+0x42>
10000f94:	ffff8000 	.word	0xffff8000
10000f98:	0000203c 	.word	0x0000203c

10000f9c <alarm_pool_core_num>:
10000f9c:	7840      	ldrb	r0, [r0, #1]
10000f9e:	4770      	bx	lr

10000fa0 <sleep_ms>:
10000fa0:	b5f0      	push	{r4, r5, r6, r7, lr}
10000fa2:	46c6      	mov	lr, r8
10000fa4:	b500      	push	{lr}
10000fa6:	b082      	sub	sp, #8
10000fa8:	0004      	movs	r4, r0
10000faa:	f000 f91f 	bl	100011ec <time_us_64>
10000fae:	22fa      	movs	r2, #250	@ 0xfa
10000fb0:	0006      	movs	r6, r0
10000fb2:	000f      	movs	r7, r1
10000fb4:	0020      	movs	r0, r4
10000fb6:	2300      	movs	r3, #0
10000fb8:	2100      	movs	r1, #0
10000fba:	0092      	lsls	r2, r2, #2
10000fbc:	f001 fad0 	bl	10002560 <__wrap___aeabi_lmul>
10000fc0:	1980      	adds	r0, r0, r6
10000fc2:	4179      	adcs	r1, r7
10000fc4:	0004      	movs	r4, r0
10000fc6:	1e0d      	subs	r5, r1, #0
10000fc8:	da02      	bge.n	10000fd0 <sleep_ms+0x30>
10000fca:	2401      	movs	r4, #1
10000fcc:	4d2e      	ldr	r5, [pc, #184]	@ (10001088 <sleep_ms+0xe8>)
10000fce:	4264      	negs	r4, r4
10000fd0:	2606      	movs	r6, #6
10000fd2:	4276      	negs	r6, r6
10000fd4:	17f7      	asrs	r7, r6, #31
10000fd6:	1936      	adds	r6, r6, r4
10000fd8:	416f      	adcs	r7, r5
10000fda:	42af      	cmp	r7, r5
10000fdc:	d814      	bhi.n	10001008 <sleep_ms+0x68>
10000fde:	d011      	beq.n	10001004 <sleep_ms+0x64>
10000fe0:	f000 f904 	bl	100011ec <time_us_64>
10000fe4:	0032      	movs	r2, r6
10000fe6:	003b      	movs	r3, r7
10000fe8:	1a12      	subs	r2, r2, r0
10000fea:	418b      	sbcs	r3, r1
10000fec:	2b00      	cmp	r3, #0
10000fee:	dc15      	bgt.n	1000101c <sleep_ms+0x7c>
10000ff0:	2b00      	cmp	r3, #0
10000ff2:	d046      	beq.n	10001082 <sleep_ms+0xe2>
10000ff4:	0020      	movs	r0, r4
10000ff6:	0029      	movs	r1, r5
10000ff8:	f000 f938 	bl	1000126c <busy_wait_until>
10000ffc:	b002      	add	sp, #8
10000ffe:	bc80      	pop	{r7}
10001000:	46b8      	mov	r8, r7
10001002:	bdf0      	pop	{r4, r5, r6, r7, pc}
10001004:	42a6      	cmp	r6, r4
10001006:	d9eb      	bls.n	10000fe0 <sleep_ms+0x40>
10001008:	2600      	movs	r6, #0
1000100a:	2700      	movs	r7, #0
1000100c:	f000 f8ee 	bl	100011ec <time_us_64>
10001010:	0032      	movs	r2, r6
10001012:	003b      	movs	r3, r7
10001014:	1a12      	subs	r2, r2, r0
10001016:	418b      	sbcs	r3, r1
10001018:	2b00      	cmp	r3, #0
1000101a:	dde9      	ble.n	10000ff0 <sleep_ms+0x50>
1000101c:	f000 f8e6 	bl	100011ec <time_us_64>
10001020:	0032      	movs	r2, r6
10001022:	003b      	movs	r3, r7
10001024:	1a12      	subs	r2, r2, r0
10001026:	418b      	sbcs	r3, r1
10001028:	2b00      	cmp	r3, #0
1000102a:	db0a      	blt.n	10001042 <sleep_ms+0xa2>
1000102c:	2300      	movs	r3, #0
1000102e:	9301      	str	r3, [sp, #4]
10001030:	4b16      	ldr	r3, [pc, #88]	@ (1000108c <sleep_ms+0xec>)
10001032:	0032      	movs	r2, r6
10001034:	9300      	str	r3, [sp, #0]
10001036:	4816      	ldr	r0, [pc, #88]	@ (10001090 <sleep_ms+0xf0>)
10001038:	003b      	movs	r3, r7
1000103a:	f7ff ff17 	bl	10000e6c <alarm_pool_add_alarm_at_force_in_context>
1000103e:	3001      	adds	r0, #1
10001040:	d0d8      	beq.n	10000ff4 <sleep_ms+0x54>
10001042:	2300      	movs	r3, #0
10001044:	0039      	movs	r1, r7
10001046:	46b0      	mov	r8, r6
10001048:	469c      	mov	ip, r3
1000104a:	4a12      	ldr	r2, [pc, #72]	@ (10001094 <sleep_ms+0xf4>)
1000104c:	4812      	ldr	r0, [pc, #72]	@ (10001098 <sleep_ms+0xf8>)
1000104e:	6a53      	ldr	r3, [r2, #36]	@ 0x24
10001050:	4299      	cmp	r1, r3
10001052:	d804      	bhi.n	1000105e <sleep_ms+0xbe>
10001054:	6a96      	ldr	r6, [r2, #40]	@ 0x28
10001056:	4546      	cmp	r6, r8
10001058:	d2cc      	bcs.n	10000ff4 <sleep_ms+0x54>
1000105a:	4299      	cmp	r1, r3
1000105c:	d1ca      	bne.n	10000ff4 <sleep_ms+0x54>
1000105e:	6806      	ldr	r6, [r0, #0]
10001060:	f3ef 8710 	mrs	r7, PRIMASK
10001064:	b672      	cpsid	i
10001066:	6833      	ldr	r3, [r6, #0]
10001068:	2b00      	cmp	r3, #0
1000106a:	d0fc      	beq.n	10001066 <sleep_ms+0xc6>
1000106c:	f3bf 8f5f 	dmb	sy
10001070:	6803      	ldr	r3, [r0, #0]
10001072:	f3bf 8f5f 	dmb	sy
10001076:	4666      	mov	r6, ip
10001078:	601e      	str	r6, [r3, #0]
1000107a:	f387 8810 	msr	PRIMASK, r7
1000107e:	bf20      	wfe
10001080:	e7e5      	b.n	1000104e <sleep_ms+0xae>
10001082:	2a00      	cmp	r2, #0
10001084:	d0b6      	beq.n	10000ff4 <sleep_ms+0x54>
10001086:	e7c9      	b.n	1000101c <sleep_ms+0x7c>
10001088:	7fffffff 	.word	0x7fffffff
1000108c:	1000099d 	.word	0x1000099d
10001090:	20000fb0 	.word	0x20000fb0
10001094:	40054000 	.word	0x40054000
10001098:	20001c20 	.word	0x20001c20

1000109c <best_effort_wfe_or_timeout>:
1000109c:	b5f0      	push	{r4, r5, r6, r7, lr}
1000109e:	46ce      	mov	lr, r9
100010a0:	4647      	mov	r7, r8
100010a2:	b580      	push	{r7, lr}
100010a4:	0004      	movs	r4, r0
100010a6:	000d      	movs	r5, r1
100010a8:	b085      	sub	sp, #20
100010aa:	f3ef 8305 	mrs	r3, IPSR
100010ae:	4689      	mov	r9, r1
100010b0:	2b00      	cmp	r3, #0
100010b2:	d132      	bne.n	1000111a <best_effort_wfe_or_timeout+0x7e>
100010b4:	4e40      	ldr	r6, [pc, #256]	@ (100011b8 <best_effort_wfe_or_timeout+0x11c>)
100010b6:	6833      	ldr	r3, [r6, #0]
100010b8:	4283      	cmp	r3, r0
100010ba:	d02a      	beq.n	10001112 <best_effort_wfe_or_timeout+0x76>
100010bc:	4f3f      	ldr	r7, [pc, #252]	@ (100011bc <best_effort_wfe_or_timeout+0x120>)
100010be:	68fb      	ldr	r3, [r7, #12]
100010c0:	783a      	ldrb	r2, [r7, #0]
100010c2:	4698      	mov	r8, r3
100010c4:	0018      	movs	r0, r3
100010c6:	9203      	str	r2, [sp, #12]
100010c8:	f000 f888 	bl	100011dc <timer_time_us_64>
100010cc:	9a03      	ldr	r2, [sp, #12]
100010ce:	1d13      	adds	r3, r2, #4
100010d0:	4642      	mov	r2, r8
100010d2:	009b      	lsls	r3, r3, #2
100010d4:	589b      	ldr	r3, [r3, r2]
100010d6:	0022      	movs	r2, r4
100010d8:	1a1b      	subs	r3, r3, r0
100010da:	469c      	mov	ip, r3
100010dc:	002b      	movs	r3, r5
100010de:	1a12      	subs	r2, r2, r0
100010e0:	418b      	sbcs	r3, r1
100010e2:	0019      	movs	r1, r3
100010e4:	2300      	movs	r3, #0
100010e6:	0010      	movs	r0, r2
100010e8:	428b      	cmp	r3, r1
100010ea:	dc25      	bgt.n	10001138 <best_effort_wfe_or_timeout+0x9c>
100010ec:	d022      	beq.n	10001134 <best_effort_wfe_or_timeout+0x98>
100010ee:	bf20      	wfe
100010f0:	4b33      	ldr	r3, [pc, #204]	@ (100011c0 <best_effort_wfe_or_timeout+0x124>)
100010f2:	6a58      	ldr	r0, [r3, #36]	@ 0x24
100010f4:	4548      	cmp	r0, r9
100010f6:	d32b      	bcc.n	10001150 <best_effort_wfe_or_timeout+0xb4>
100010f8:	1b40      	subs	r0, r0, r5
100010fa:	6a9a      	ldr	r2, [r3, #40]	@ 0x28
100010fc:	1e43      	subs	r3, r0, #1
100010fe:	4198      	sbcs	r0, r3
10001100:	2300      	movs	r3, #0
10001102:	42a2      	cmp	r2, r4
10001104:	415b      	adcs	r3, r3
10001106:	4318      	orrs	r0, r3
10001108:	b005      	add	sp, #20
1000110a:	bcc0      	pop	{r6, r7}
1000110c:	46b9      	mov	r9, r7
1000110e:	46b0      	mov	r8, r6
10001110:	bdf0      	pop	{r4, r5, r6, r7, pc}
10001112:	6873      	ldr	r3, [r6, #4]
10001114:	428b      	cmp	r3, r1
10001116:	d1d1      	bne.n	100010bc <best_effort_wfe_or_timeout+0x20>
10001118:	e7e9      	b.n	100010ee <best_effort_wfe_or_timeout+0x52>
1000111a:	4929      	ldr	r1, [pc, #164]	@ (100011c0 <best_effort_wfe_or_timeout+0x124>)
1000111c:	2000      	movs	r0, #0
1000111e:	6a4b      	ldr	r3, [r1, #36]	@ 0x24
10001120:	42ab      	cmp	r3, r5
10001122:	d3f1      	bcc.n	10001108 <best_effort_wfe_or_timeout+0x6c>
10001124:	6a8a      	ldr	r2, [r1, #40]	@ 0x28
10001126:	1b5b      	subs	r3, r3, r5
10001128:	1e59      	subs	r1, r3, #1
1000112a:	418b      	sbcs	r3, r1
1000112c:	42a2      	cmp	r2, r4
1000112e:	4140      	adcs	r0, r0
10001130:	4318      	orrs	r0, r3
10001132:	e7e9      	b.n	10001108 <best_effort_wfe_or_timeout+0x6c>
10001134:	4584      	cmp	ip, r0
10001136:	d9da      	bls.n	100010ee <best_effort_wfe_or_timeout+0x52>
10001138:	f000 f858 	bl	100011ec <time_us_64>
1000113c:	0022      	movs	r2, r4
1000113e:	002b      	movs	r3, r5
10001140:	1a12      	subs	r2, r2, r0
10001142:	418b      	sbcs	r3, r1
10001144:	2b00      	cmp	r3, #0
10001146:	da05      	bge.n	10001154 <best_effort_wfe_or_timeout+0xb8>
10001148:	4a1d      	ldr	r2, [pc, #116]	@ (100011c0 <best_effort_wfe_or_timeout+0x124>)
1000114a:	6a53      	ldr	r3, [r2, #36]	@ 0x24
1000114c:	454b      	cmp	r3, r9
1000114e:	d229      	bcs.n	100011a4 <best_effort_wfe_or_timeout+0x108>
10001150:	2000      	movs	r0, #0
10001152:	e7d9      	b.n	10001108 <best_effort_wfe_or_timeout+0x6c>
10001154:	2300      	movs	r3, #0
10001156:	9301      	str	r3, [sp, #4]
10001158:	4b1a      	ldr	r3, [pc, #104]	@ (100011c4 <best_effort_wfe_or_timeout+0x128>)
1000115a:	0022      	movs	r2, r4
1000115c:	9300      	str	r3, [sp, #0]
1000115e:	0038      	movs	r0, r7
10001160:	002b      	movs	r3, r5
10001162:	f7ff fe83 	bl	10000e6c <alarm_pool_add_alarm_at_force_in_context>
10001166:	2800      	cmp	r0, #0
10001168:	ddee      	ble.n	10001148 <best_effort_wfe_or_timeout+0xac>
1000116a:	4b15      	ldr	r3, [pc, #84]	@ (100011c0 <best_effort_wfe_or_timeout+0x124>)
1000116c:	c630      	stmia	r6!, {r4, r5}
1000116e:	6a5a      	ldr	r2, [r3, #36]	@ 0x24
10001170:	454a      	cmp	r2, r9
10001172:	d315      	bcc.n	100011a0 <best_effort_wfe_or_timeout+0x104>
10001174:	6a9b      	ldr	r3, [r3, #40]	@ 0x28
10001176:	42a3      	cmp	r3, r4
10001178:	d310      	bcc.n	1000119c <best_effort_wfe_or_timeout+0x100>
1000117a:	0001      	movs	r1, r0
1000117c:	0038      	movs	r0, r7
1000117e:	f7ff fed3 	bl	10000f28 <alarm_pool_cancel_alarm>
10001182:	4a0f      	ldr	r2, [pc, #60]	@ (100011c0 <best_effort_wfe_or_timeout+0x124>)
10001184:	2000      	movs	r0, #0
10001186:	6a53      	ldr	r3, [r2, #36]	@ 0x24
10001188:	454b      	cmp	r3, r9
1000118a:	d3bd      	bcc.n	10001108 <best_effort_wfe_or_timeout+0x6c>
1000118c:	6a92      	ldr	r2, [r2, #40]	@ 0x28
1000118e:	1b5b      	subs	r3, r3, r5
10001190:	1e59      	subs	r1, r3, #1
10001192:	418b      	sbcs	r3, r1
10001194:	42a2      	cmp	r2, r4
10001196:	4140      	adcs	r0, r0
10001198:	4318      	orrs	r0, r3
1000119a:	e7b5      	b.n	10001108 <best_effort_wfe_or_timeout+0x6c>
1000119c:	454a      	cmp	r2, r9
1000119e:	d1ec      	bne.n	1000117a <best_effort_wfe_or_timeout+0xde>
100011a0:	bf20      	wfe
100011a2:	e7ea      	b.n	1000117a <best_effort_wfe_or_timeout+0xde>
100011a4:	2000      	movs	r0, #0
100011a6:	6a92      	ldr	r2, [r2, #40]	@ 0x28
100011a8:	1b5b      	subs	r3, r3, r5
100011aa:	42a2      	cmp	r2, r4
100011ac:	4140      	adcs	r0, r0
100011ae:	1e5a      	subs	r2, r3, #1
100011b0:	4193      	sbcs	r3, r2
100011b2:	4318      	orrs	r0, r3
100011b4:	e7a8      	b.n	10001108 <best_effort_wfe_or_timeout+0x6c>
100011b6:	46c0      	nop			@ (mov r8, r8)
100011b8:	20000fa8 	.word	0x20000fa8
100011bc:	20000fb0 	.word	0x20000fb0
100011c0:	40054000 	.word	0x40054000
100011c4:	1000099d 	.word	0x1000099d

100011c8 <timer_hardware_alarm_claim>:
100011c8:	b510      	push	{r4, lr}
100011ca:	4a02      	ldr	r2, [pc, #8]	@ (100011d4 <timer_hardware_alarm_claim+0xc>)
100011cc:	4802      	ldr	r0, [pc, #8]	@ (100011d8 <timer_hardware_alarm_claim+0x10>)
100011ce:	f7ff f91f 	bl	10000410 <hw_claim_or_assert>
100011d2:	bd10      	pop	{r4, pc}
100011d4:	10006748 	.word	0x10006748
100011d8:	20001790 	.word	0x20001790

100011dc <timer_time_us_64>:
100011dc:	0003      	movs	r3, r0
100011de:	6a41      	ldr	r1, [r0, #36]	@ 0x24
100011e0:	000a      	movs	r2, r1
100011e2:	6a98      	ldr	r0, [r3, #40]	@ 0x28
100011e4:	6a59      	ldr	r1, [r3, #36]	@ 0x24
100011e6:	428a      	cmp	r2, r1
100011e8:	d1fa      	bne.n	100011e0 <timer_time_us_64+0x4>
100011ea:	4770      	bx	lr

100011ec <time_us_64>:
100011ec:	4b03      	ldr	r3, [pc, #12]	@ (100011fc <time_us_64+0x10>)
100011ee:	6a59      	ldr	r1, [r3, #36]	@ 0x24
100011f0:	000a      	movs	r2, r1
100011f2:	6a98      	ldr	r0, [r3, #40]	@ 0x28
100011f4:	6a59      	ldr	r1, [r3, #36]	@ 0x24
100011f6:	4291      	cmp	r1, r2
100011f8:	d1fa      	bne.n	100011f0 <time_us_64+0x4>
100011fa:	4770      	bx	lr
100011fc:	40054000 	.word	0x40054000

10001200 <busy_wait_us>:
10001200:	b570      	push	{r4, r5, r6, lr}
10001202:	0005      	movs	r5, r0
10001204:	000e      	movs	r6, r1
10001206:	4a18      	ldr	r2, [pc, #96]	@ (10001268 <busy_wait_us+0x68>)
10001208:	6a53      	ldr	r3, [r2, #36]	@ 0x24
1000120a:	0019      	movs	r1, r3
1000120c:	6a94      	ldr	r4, [r2, #40]	@ 0x28
1000120e:	6a53      	ldr	r3, [r2, #36]	@ 0x24
10001210:	428b      	cmp	r3, r1
10001212:	d1fa      	bne.n	1000120a <busy_wait_us+0xa>
10001214:	0020      	movs	r0, r4
10001216:	0019      	movs	r1, r3
10001218:	002c      	movs	r4, r5
1000121a:	0035      	movs	r5, r6
1000121c:	1824      	adds	r4, r4, r0
1000121e:	414d      	adcs	r5, r1
10001220:	42ab      	cmp	r3, r5
10001222:	d816      	bhi.n	10001252 <busy_wait_us+0x52>
10001224:	d013      	beq.n	1000124e <busy_wait_us+0x4e>
10001226:	4b10      	ldr	r3, [pc, #64]	@ (10001268 <busy_wait_us+0x68>)
10001228:	002a      	movs	r2, r5
1000122a:	6a5b      	ldr	r3, [r3, #36]	@ 0x24
1000122c:	429d      	cmp	r5, r3
1000122e:	d903      	bls.n	10001238 <busy_wait_us+0x38>
10001230:	490d      	ldr	r1, [pc, #52]	@ (10001268 <busy_wait_us+0x68>)
10001232:	6a4b      	ldr	r3, [r1, #36]	@ 0x24
10001234:	4293      	cmp	r3, r2
10001236:	d3fc      	bcc.n	10001232 <busy_wait_us+0x32>
10001238:	4293      	cmp	r3, r2
1000123a:	d107      	bne.n	1000124c <busy_wait_us+0x4c>
1000123c:	4a0a      	ldr	r2, [pc, #40]	@ (10001268 <busy_wait_us+0x68>)
1000123e:	e002      	b.n	10001246 <busy_wait_us+0x46>
10001240:	6a51      	ldr	r1, [r2, #36]	@ 0x24
10001242:	4299      	cmp	r1, r3
10001244:	d102      	bne.n	1000124c <busy_wait_us+0x4c>
10001246:	6a91      	ldr	r1, [r2, #40]	@ 0x28
10001248:	42a1      	cmp	r1, r4
1000124a:	d3f9      	bcc.n	10001240 <busy_wait_us+0x40>
1000124c:	bd70      	pop	{r4, r5, r6, pc}
1000124e:	42a0      	cmp	r0, r4
10001250:	d9e9      	bls.n	10001226 <busy_wait_us+0x26>
10001252:	4b05      	ldr	r3, [pc, #20]	@ (10001268 <busy_wait_us+0x68>)
10001254:	6a5b      	ldr	r3, [r3, #36]	@ 0x24
10001256:	001c      	movs	r4, r3
10001258:	1c5a      	adds	r2, r3, #1
1000125a:	d0ef      	beq.n	1000123c <busy_wait_us+0x3c>
1000125c:	2201      	movs	r2, #1
1000125e:	2401      	movs	r4, #1
10001260:	4264      	negs	r4, r4
10001262:	17e5      	asrs	r5, r4, #31
10001264:	4252      	negs	r2, r2
10001266:	e7e3      	b.n	10001230 <busy_wait_us+0x30>
10001268:	40054000 	.word	0x40054000

1000126c <busy_wait_until>:
1000126c:	4a06      	ldr	r2, [pc, #24]	@ (10001288 <busy_wait_until+0x1c>)
1000126e:	6a53      	ldr	r3, [r2, #36]	@ 0x24
10001270:	4299      	cmp	r1, r3
10001272:	d8fc      	bhi.n	1000126e <busy_wait_until+0x2>
10001274:	d107      	bne.n	10001286 <busy_wait_until+0x1a>
10001276:	4b04      	ldr	r3, [pc, #16]	@ (10001288 <busy_wait_until+0x1c>)
10001278:	e002      	b.n	10001280 <busy_wait_until+0x14>
1000127a:	6a5a      	ldr	r2, [r3, #36]	@ 0x24
1000127c:	4291      	cmp	r1, r2
1000127e:	d102      	bne.n	10001286 <busy_wait_until+0x1a>
10001280:	6a9a      	ldr	r2, [r3, #40]	@ 0x28
10001282:	4290      	cmp	r0, r2
10001284:	d8f9      	bhi.n	1000127a <busy_wait_until+0xe>
10001286:	4770      	bx	lr
10001288:	40054000 	.word	0x40054000

1000128c <clock_configure_int_divider>:
1000128c:	b5f8      	push	{r3, r4, r5, r6, r7, lr}
1000128e:	46de      	mov	lr, fp
10001290:	464e      	mov	r6, r9
10001292:	4645      	mov	r5, r8
10001294:	4657      	mov	r7, sl
10001296:	b5e0      	push	{r5, r6, r7, lr}
10001298:	0005      	movs	r5, r0
1000129a:	468b      	mov	fp, r1
1000129c:	0018      	movs	r0, r3
1000129e:	990a      	ldr	r1, [sp, #40]	@ 0x28
100012a0:	4691      	mov	r9, r2
100012a2:	f000 fb39 	bl	10001918 <__wrap___aeabi_uidiv>
100012a6:	9b0a      	ldr	r3, [sp, #40]	@ 0x28
100012a8:	006c      	lsls	r4, r5, #1
100012aa:	021e      	lsls	r6, r3, #8
100012ac:	1964      	adds	r4, r4, r5
100012ae:	4b30      	ldr	r3, [pc, #192]	@ (10001370 <clock_configure_int_divider+0xe4>)
100012b0:	00a4      	lsls	r4, r4, #2
100012b2:	18e4      	adds	r4, r4, r3
100012b4:	6863      	ldr	r3, [r4, #4]
100012b6:	4680      	mov	r8, r0
100012b8:	429e      	cmp	r6, r3
100012ba:	d900      	bls.n	100012be <clock_configure_int_divider+0x32>
100012bc:	6066      	str	r6, [r4, #4]
100012be:	1f2f      	subs	r7, r5, #4
100012c0:	b2fb      	uxtb	r3, r7
100012c2:	469a      	mov	sl, r3
100012c4:	2b01      	cmp	r3, #1
100012c6:	d92f      	bls.n	10001328 <clock_configure_int_divider+0x9c>
100012c8:	23c0      	movs	r3, #192	@ 0xc0
100012ca:	2280      	movs	r2, #128	@ 0x80
100012cc:	4f29      	ldr	r7, [pc, #164]	@ (10001374 <clock_configure_int_divider+0xe8>)
100012ce:	00ad      	lsls	r5, r5, #2
100012d0:	019b      	lsls	r3, r3, #6
100012d2:	5979      	ldr	r1, [r7, r5]
100012d4:	0112      	lsls	r2, r2, #4
100012d6:	18e3      	adds	r3, r4, r3
100012d8:	601a      	str	r2, [r3, #0]
100012da:	2900      	cmp	r1, #0
100012dc:	d11b      	bne.n	10001316 <clock_configure_int_divider+0x8a>
100012de:	464b      	mov	r3, r9
100012e0:	6822      	ldr	r2, [r4, #0]
100012e2:	015b      	lsls	r3, r3, #5
100012e4:	4053      	eors	r3, r2
100012e6:	22e0      	movs	r2, #224	@ 0xe0
100012e8:	4013      	ands	r3, r2
100012ea:	2280      	movs	r2, #128	@ 0x80
100012ec:	0152      	lsls	r2, r2, #5
100012ee:	18a2      	adds	r2, r4, r2
100012f0:	6013      	str	r3, [r2, #0]
100012f2:	4653      	mov	r3, sl
100012f4:	2b01      	cmp	r3, #1
100012f6:	d92f      	bls.n	10001358 <clock_configure_int_divider+0xcc>
100012f8:	2380      	movs	r3, #128	@ 0x80
100012fa:	2280      	movs	r2, #128	@ 0x80
100012fc:	019b      	lsls	r3, r3, #6
100012fe:	18e3      	adds	r3, r4, r3
10001300:	0112      	lsls	r2, r2, #4
10001302:	601a      	str	r2, [r3, #0]
10001304:	4643      	mov	r3, r8
10001306:	6066      	str	r6, [r4, #4]
10001308:	517b      	str	r3, [r7, r5]
1000130a:	bcf0      	pop	{r4, r5, r6, r7}
1000130c:	46bb      	mov	fp, r7
1000130e:	46b2      	mov	sl, r6
10001310:	46a9      	mov	r9, r5
10001312:	46a0      	mov	r8, r4
10001314:	bdf8      	pop	{r3, r4, r5, r6, r7, pc}
10001316:	6978      	ldr	r0, [r7, #20]
10001318:	f000 fafe 	bl	10001918 <__wrap___aeabi_uidiv>
1000131c:	3001      	adds	r0, #1
1000131e:	0043      	lsls	r3, r0, #1
10001320:	181b      	adds	r3, r3, r0
10001322:	3b03      	subs	r3, #3
10001324:	d2fd      	bcs.n	10001322 <clock_configure_int_divider+0x96>
10001326:	e7da      	b.n	100012de <clock_configure_int_divider+0x52>
10001328:	465b      	mov	r3, fp
1000132a:	2b01      	cmp	r3, #1
1000132c:	d1cc      	bne.n	100012c8 <clock_configure_int_divider+0x3c>
1000132e:	23c0      	movs	r3, #192	@ 0xc0
10001330:	2203      	movs	r2, #3
10001332:	019b      	lsls	r3, r3, #6
10001334:	18e3      	adds	r3, r4, r3
10001336:	601a      	str	r2, [r3, #0]
10001338:	3a02      	subs	r2, #2
1000133a:	68a3      	ldr	r3, [r4, #8]
1000133c:	421a      	tst	r2, r3
1000133e:	d0fc      	beq.n	1000133a <clock_configure_int_divider+0xae>
10001340:	464a      	mov	r2, r9
10001342:	6823      	ldr	r3, [r4, #0]
10001344:	0152      	lsls	r2, r2, #5
10001346:	405a      	eors	r2, r3
10001348:	23e0      	movs	r3, #224	@ 0xe0
1000134a:	4013      	ands	r3, r2
1000134c:	2280      	movs	r2, #128	@ 0x80
1000134e:	0152      	lsls	r2, r2, #5
10001350:	18a2      	adds	r2, r4, r2
10001352:	4f08      	ldr	r7, [pc, #32]	@ (10001374 <clock_configure_int_divider+0xe8>)
10001354:	6013      	str	r3, [r2, #0]
10001356:	00ad      	lsls	r5, r5, #2
10001358:	4658      	mov	r0, fp
1000135a:	2303      	movs	r3, #3
1000135c:	6821      	ldr	r1, [r4, #0]
1000135e:	4041      	eors	r1, r0
10001360:	400b      	ands	r3, r1
10001362:	6013      	str	r3, [r2, #0]
10001364:	2201      	movs	r2, #1
10001366:	4082      	lsls	r2, r0
10001368:	68a3      	ldr	r3, [r4, #8]
1000136a:	421a      	tst	r2, r3
1000136c:	d0fc      	beq.n	10001368 <clock_configure_int_divider+0xdc>
1000136e:	e7c3      	b.n	100012f8 <clock_configure_int_divider+0x6c>
10001370:	40008000 	.word	0x40008000
10001374:	20001794 	.word	0x20001794

10001378 <clock_configure_undivided>:
10001378:	b5f0      	push	{r4, r5, r6, r7, lr}
1000137a:	46d6      	mov	lr, sl
1000137c:	464f      	mov	r7, r9
1000137e:	4646      	mov	r6, r8
10001380:	0044      	lsls	r4, r0, #1
10001382:	4698      	mov	r8, r3
10001384:	1824      	adds	r4, r4, r0
10001386:	4b32      	ldr	r3, [pc, #200]	@ (10001450 <clock_configure_undivided+0xd8>)
10001388:	00a4      	lsls	r4, r4, #2
1000138a:	18e4      	adds	r4, r4, r3
1000138c:	6863      	ldr	r3, [r4, #4]
1000138e:	468a      	mov	sl, r1
10001390:	4691      	mov	r9, r2
10001392:	b5c0      	push	{r6, r7, lr}
10001394:	2bff      	cmp	r3, #255	@ 0xff
10001396:	d802      	bhi.n	1000139e <clock_configure_undivided+0x26>
10001398:	2380      	movs	r3, #128	@ 0x80
1000139a:	005b      	lsls	r3, r3, #1
1000139c:	6063      	str	r3, [r4, #4]
1000139e:	1f06      	subs	r6, r0, #4
100013a0:	b2f6      	uxtb	r6, r6
100013a2:	2e01      	cmp	r6, #1
100013a4:	d92f      	bls.n	10001406 <clock_configure_undivided+0x8e>
100013a6:	23c0      	movs	r3, #192	@ 0xc0
100013a8:	2280      	movs	r2, #128	@ 0x80
100013aa:	4f2a      	ldr	r7, [pc, #168]	@ (10001454 <clock_configure_undivided+0xdc>)
100013ac:	0085      	lsls	r5, r0, #2
100013ae:	019b      	lsls	r3, r3, #6
100013b0:	5979      	ldr	r1, [r7, r5]
100013b2:	0112      	lsls	r2, r2, #4
100013b4:	18e3      	adds	r3, r4, r3
100013b6:	601a      	str	r2, [r3, #0]
100013b8:	2900      	cmp	r1, #0
100013ba:	d11b      	bne.n	100013f4 <clock_configure_undivided+0x7c>
100013bc:	464b      	mov	r3, r9
100013be:	6822      	ldr	r2, [r4, #0]
100013c0:	015b      	lsls	r3, r3, #5
100013c2:	4053      	eors	r3, r2
100013c4:	22e0      	movs	r2, #224	@ 0xe0
100013c6:	4013      	ands	r3, r2
100013c8:	2280      	movs	r2, #128	@ 0x80
100013ca:	0152      	lsls	r2, r2, #5
100013cc:	18a2      	adds	r2, r4, r2
100013ce:	6013      	str	r3, [r2, #0]
100013d0:	2e01      	cmp	r6, #1
100013d2:	d930      	bls.n	10001436 <clock_configure_undivided+0xbe>
100013d4:	2380      	movs	r3, #128	@ 0x80
100013d6:	2280      	movs	r2, #128	@ 0x80
100013d8:	019b      	lsls	r3, r3, #6
100013da:	18e3      	adds	r3, r4, r3
100013dc:	0112      	lsls	r2, r2, #4
100013de:	601a      	str	r2, [r3, #0]
100013e0:	2380      	movs	r3, #128	@ 0x80
100013e2:	005b      	lsls	r3, r3, #1
100013e4:	6063      	str	r3, [r4, #4]
100013e6:	4643      	mov	r3, r8
100013e8:	517b      	str	r3, [r7, r5]
100013ea:	bce0      	pop	{r5, r6, r7}
100013ec:	46ba      	mov	sl, r7
100013ee:	46b1      	mov	r9, r6
100013f0:	46a8      	mov	r8, r5
100013f2:	bdf0      	pop	{r4, r5, r6, r7, pc}
100013f4:	6978      	ldr	r0, [r7, #20]
100013f6:	f000 fa8f 	bl	10001918 <__wrap___aeabi_uidiv>
100013fa:	3001      	adds	r0, #1
100013fc:	0043      	lsls	r3, r0, #1
100013fe:	181b      	adds	r3, r3, r0
10001400:	3b03      	subs	r3, #3
10001402:	d2fd      	bcs.n	10001400 <clock_configure_undivided+0x88>
10001404:	e7da      	b.n	100013bc <clock_configure_undivided+0x44>
10001406:	4653      	mov	r3, sl
10001408:	2b01      	cmp	r3, #1
1000140a:	d1cc      	bne.n	100013a6 <clock_configure_undivided+0x2e>
1000140c:	23c0      	movs	r3, #192	@ 0xc0
1000140e:	2203      	movs	r2, #3
10001410:	019b      	lsls	r3, r3, #6
10001412:	18e3      	adds	r3, r4, r3
10001414:	601a      	str	r2, [r3, #0]
10001416:	3a02      	subs	r2, #2
10001418:	68a3      	ldr	r3, [r4, #8]
1000141a:	421a      	tst	r2, r3
1000141c:	d0fc      	beq.n	10001418 <clock_configure_undivided+0xa0>
1000141e:	464a      	mov	r2, r9
10001420:	6823      	ldr	r3, [r4, #0]
10001422:	0152      	lsls	r2, r2, #5
10001424:	405a      	eors	r2, r3
10001426:	23e0      	movs	r3, #224	@ 0xe0
10001428:	4013      	ands	r3, r2
1000142a:	2280      	movs	r2, #128	@ 0x80
1000142c:	0152      	lsls	r2, r2, #5
1000142e:	18a2      	adds	r2, r4, r2
10001430:	4f08      	ldr	r7, [pc, #32]	@ (10001454 <clock_configure_undivided+0xdc>)
10001432:	6013      	str	r3, [r2, #0]
10001434:	0085      	lsls	r5, r0, #2
10001436:	4650      	mov	r0, sl
10001438:	2303      	movs	r3, #3
1000143a:	6821      	ldr	r1, [r4, #0]
1000143c:	4041      	eors	r1, r0
1000143e:	400b      	ands	r3, r1
10001440:	6013      	str	r3, [r2, #0]
10001442:	2201      	movs	r2, #1
10001444:	4082      	lsls	r2, r0
10001446:	68a3      	ldr	r3, [r4, #8]
10001448:	421a      	tst	r2, r3
1000144a:	d0fc      	beq.n	10001446 <clock_configure_undivided+0xce>
1000144c:	e7c2      	b.n	100013d4 <clock_configure_undivided+0x5c>
1000144e:	46c0      	nop			@ (mov r8, r8)
10001450:	40008000 	.word	0x40008000
10001454:	20001794 	.word	0x20001794

10001458 <clock_get_hz>:
10001458:	4b01      	ldr	r3, [pc, #4]	@ (10001460 <clock_get_hz+0x8>)
1000145a:	0080      	lsls	r0, r0, #2
1000145c:	58c0      	ldr	r0, [r0, r3]
1000145e:	4770      	bx	lr
10001460:	20001794 	.word	0x20001794

10001464 <pll_init>:
10001464:	b5f0      	push	{r4, r5, r6, r7, lr}
10001466:	46c6      	mov	lr, r8
10001468:	0004      	movs	r4, r0
1000146a:	b500      	push	{lr}
1000146c:	4823      	ldr	r0, [pc, #140]	@ (100014fc <pll_init+0x98>)
1000146e:	0016      	movs	r6, r2
10001470:	4698      	mov	r8, r3
10001472:	000d      	movs	r5, r1
10001474:	f000 fa50 	bl	10001918 <__wrap___aeabi_uidiv>
10001478:	0001      	movs	r1, r0
1000147a:	0030      	movs	r0, r6
1000147c:	f000 fa4c 	bl	10001918 <__wrap___aeabi_uidiv>
10001480:	4643      	mov	r3, r8
10001482:	9a06      	ldr	r2, [sp, #24]
10001484:	041b      	lsls	r3, r3, #16
10001486:	0312      	lsls	r2, r2, #12
10001488:	4313      	orrs	r3, r2
1000148a:	469c      	mov	ip, r3
1000148c:	6823      	ldr	r3, [r4, #0]
1000148e:	0006      	movs	r6, r0
10001490:	2b00      	cmp	r3, #0
10001492:	db22      	blt.n	100014da <pll_init+0x76>
10001494:	4b1a      	ldr	r3, [pc, #104]	@ (10001500 <pll_init+0x9c>)
10001496:	481b      	ldr	r0, [pc, #108]	@ (10001504 <pll_init+0xa0>)
10001498:	18e2      	adds	r2, r4, r3
1000149a:	1e53      	subs	r3, r2, #1
1000149c:	419a      	sbcs	r2, r3
1000149e:	2380      	movs	r3, #128	@ 0x80
100014a0:	4252      	negs	r2, r2
100014a2:	0b12      	lsrs	r2, r2, #12
100014a4:	019b      	lsls	r3, r3, #6
100014a6:	0312      	lsls	r2, r2, #12
100014a8:	18d2      	adds	r2, r2, r3
100014aa:	4b17      	ldr	r3, [pc, #92]	@ (10001508 <pll_init+0xa4>)
100014ac:	601a      	str	r2, [r3, #0]
100014ae:	4b17      	ldr	r3, [pc, #92]	@ (1000150c <pll_init+0xa8>)
100014b0:	601a      	str	r2, [r3, #0]
100014b2:	0013      	movs	r3, r2
100014b4:	6801      	ldr	r1, [r0, #0]
100014b6:	438b      	bics	r3, r1
100014b8:	d1fb      	bne.n	100014b2 <pll_init+0x4e>
100014ba:	2221      	movs	r2, #33	@ 0x21
100014bc:	4b14      	ldr	r3, [pc, #80]	@ (10001510 <pll_init+0xac>)
100014be:	6025      	str	r5, [r4, #0]
100014c0:	18e3      	adds	r3, r4, r3
100014c2:	60a6      	str	r6, [r4, #8]
100014c4:	601a      	str	r2, [r3, #0]
100014c6:	6822      	ldr	r2, [r4, #0]
100014c8:	2a00      	cmp	r2, #0
100014ca:	dafc      	bge.n	100014c6 <pll_init+0x62>
100014cc:	4662      	mov	r2, ip
100014ce:	60e2      	str	r2, [r4, #12]
100014d0:	2208      	movs	r2, #8
100014d2:	601a      	str	r2, [r3, #0]
100014d4:	bc80      	pop	{r7}
100014d6:	46b8      	mov	r8, r7
100014d8:	bdf0      	pop	{r4, r5, r6, r7, pc}
100014da:	233f      	movs	r3, #63	@ 0x3f
100014dc:	6822      	ldr	r2, [r4, #0]
100014de:	4013      	ands	r3, r2
100014e0:	42ab      	cmp	r3, r5
100014e2:	d1d7      	bne.n	10001494 <pll_init+0x30>
100014e4:	68a3      	ldr	r3, [r4, #8]
100014e6:	051b      	lsls	r3, r3, #20
100014e8:	0d1b      	lsrs	r3, r3, #20
100014ea:	4283      	cmp	r3, r0
100014ec:	d1d2      	bne.n	10001494 <pll_init+0x30>
100014ee:	22ee      	movs	r2, #238	@ 0xee
100014f0:	68e3      	ldr	r3, [r4, #12]
100014f2:	02d2      	lsls	r2, r2, #11
100014f4:	4013      	ands	r3, r2
100014f6:	4563      	cmp	r3, ip
100014f8:	d1cc      	bne.n	10001494 <pll_init+0x30>
100014fa:	e7eb      	b.n	100014d4 <pll_init+0x70>
100014fc:	00b71b00 	.word	0x00b71b00
10001500:	bffd4000 	.word	0xbffd4000
10001504:	4000c008 	.word	0x4000c008
10001508:	4000e000 	.word	0x4000e000
1000150c:	4000f000 	.word	0x4000f000
10001510:	00003004 	.word	0x00003004

10001514 <watchdog_reboot>:
10001514:	b510      	push	{r4, lr}
10001516:	2480      	movs	r4, #128	@ 0x80
10001518:	4b1c      	ldr	r3, [pc, #112]	@ (1000158c <watchdog_reboot+0x78>)
1000151a:	05e4      	lsls	r4, r4, #23
1000151c:	601c      	str	r4, [r3, #0]
1000151e:	2800      	cmp	r0, #0
10001520:	d01a      	beq.n	10001558 <watchdog_reboot+0x44>
10001522:	2301      	movs	r3, #1
10001524:	4c1a      	ldr	r4, [pc, #104]	@ (10001590 <watchdog_reboot+0x7c>)
10001526:	4318      	orrs	r0, r3
10001528:	4b1a      	ldr	r3, [pc, #104]	@ (10001594 <watchdog_reboot+0x80>)
1000152a:	61dc      	str	r4, [r3, #28]
1000152c:	4c1a      	ldr	r4, [pc, #104]	@ (10001598 <watchdog_reboot+0x84>)
1000152e:	4044      	eors	r4, r0
10001530:	621c      	str	r4, [r3, #32]
10001532:	6259      	str	r1, [r3, #36]	@ 0x24
10001534:	6298      	str	r0, [r3, #40]	@ 0x28
10001536:	2180      	movs	r1, #128	@ 0x80
10001538:	4b14      	ldr	r3, [pc, #80]	@ (1000158c <watchdog_reboot+0x78>)
1000153a:	05c9      	lsls	r1, r1, #23
1000153c:	6019      	str	r1, [r3, #0]
1000153e:	4817      	ldr	r0, [pc, #92]	@ (1000159c <watchdog_reboot+0x88>)
10001540:	4917      	ldr	r1, [pc, #92]	@ (100015a0 <watchdog_reboot+0x8c>)
10001542:	6008      	str	r0, [r1, #0]
10001544:	21e0      	movs	r1, #224	@ 0xe0
10001546:	04c9      	lsls	r1, r1, #19
10001548:	6019      	str	r1, [r3, #0]
1000154a:	2a00      	cmp	r2, #0
1000154c:	d107      	bne.n	1000155e <watchdog_reboot+0x4a>
1000154e:	2280      	movs	r2, #128	@ 0x80
10001550:	4b14      	ldr	r3, [pc, #80]	@ (100015a4 <watchdog_reboot+0x90>)
10001552:	0612      	lsls	r2, r2, #24
10001554:	601a      	str	r2, [r3, #0]
10001556:	bd10      	pop	{r4, pc}
10001558:	4b0e      	ldr	r3, [pc, #56]	@ (10001594 <watchdog_reboot+0x80>)
1000155a:	61d8      	str	r0, [r3, #28]
1000155c:	e7eb      	b.n	10001536 <watchdog_reboot+0x22>
1000155e:	0153      	lsls	r3, r2, #5
10001560:	1a9b      	subs	r3, r3, r2
10001562:	009b      	lsls	r3, r3, #2
10001564:	189a      	adds	r2, r3, r2
10001566:	2380      	movs	r3, #128	@ 0x80
10001568:	0112      	lsls	r2, r2, #4
1000156a:	045b      	lsls	r3, r3, #17
1000156c:	429a      	cmp	r2, r3
1000156e:	d209      	bcs.n	10001584 <watchdog_reboot+0x70>
10001570:	0013      	movs	r3, r2
10001572:	490d      	ldr	r1, [pc, #52]	@ (100015a8 <watchdog_reboot+0x94>)
10001574:	600b      	str	r3, [r1, #0]
10001576:	4b07      	ldr	r3, [pc, #28]	@ (10001594 <watchdog_reboot+0x80>)
10001578:	605a      	str	r2, [r3, #4]
1000157a:	2280      	movs	r2, #128	@ 0x80
1000157c:	4b09      	ldr	r3, [pc, #36]	@ (100015a4 <watchdog_reboot+0x90>)
1000157e:	05d2      	lsls	r2, r2, #23
10001580:	601a      	str	r2, [r3, #0]
10001582:	e7e8      	b.n	10001556 <watchdog_reboot+0x42>
10001584:	4b09      	ldr	r3, [pc, #36]	@ (100015ac <watchdog_reboot+0x98>)
10001586:	001a      	movs	r2, r3
10001588:	e7f3      	b.n	10001572 <watchdog_reboot+0x5e>
1000158a:	46c0      	nop			@ (mov r8, r8)
1000158c:	4005b000 	.word	0x4005b000
10001590:	b007c0d3 	.word	0xb007c0d3
10001594:	40058000 	.word	0x40058000
10001598:	4ff83f2d 	.word	0x4ff83f2d
1000159c:	0001fffc 	.word	0x0001fffc
100015a0:	40012008 	.word	0x40012008
100015a4:	4005a000 	.word	0x4005a000
100015a8:	20001bf4 	.word	0x20001bf4
100015ac:	00ffffff 	.word	0x00ffffff

100015b0 <tick_start>:
100015b0:	2380      	movs	r3, #128	@ 0x80
100015b2:	4a02      	ldr	r2, [pc, #8]	@ (100015bc <tick_start+0xc>)
100015b4:	009b      	lsls	r3, r3, #2
100015b6:	430b      	orrs	r3, r1
100015b8:	62d3      	str	r3, [r2, #44]	@ 0x2c
100015ba:	4770      	bx	lr
100015bc:	40058000 	.word	0x40058000

100015c0 <rom_func_lookup>:
100015c0:	2300      	movs	r3, #0
100015c2:	b510      	push	{r4, lr}
100015c4:	0001      	movs	r1, r0
100015c6:	8a98      	ldrh	r0, [r3, #20]
100015c8:	8b1b      	ldrh	r3, [r3, #24]
100015ca:	4798      	blx	r3
100015cc:	bd10      	pop	{r4, pc}
100015ce:	46c0      	nop			@ (mov r8, r8)

100015d0 <rom_data_lookup>:
100015d0:	2316      	movs	r3, #22
100015d2:	b510      	push	{r4, lr}
100015d4:	0001      	movs	r1, r0
100015d6:	8818      	ldrh	r0, [r3, #0]
100015d8:	885b      	ldrh	r3, [r3, #2]
100015da:	4798      	blx	r3
100015dc:	bd10      	pop	{r4, pc}
100015de:	46c0      	nop			@ (mov r8, r8)

100015e0 <rom_funcs_lookup>:
100015e0:	b5f8      	push	{r3, r4, r5, r6, r7, lr}
100015e2:	4647      	mov	r7, r8
100015e4:	46ce      	mov	lr, r9
100015e6:	b580      	push	{r7, lr}
100015e8:	1e0f      	subs	r7, r1, #0
100015ea:	d018      	beq.n	1000161e <rom_funcs_lookup+0x3e>
100015ec:	2314      	movs	r3, #20
100015ee:	4699      	mov	r9, r3
100015f0:	3304      	adds	r3, #4
100015f2:	0004      	movs	r4, r0
100015f4:	2500      	movs	r5, #0
100015f6:	2601      	movs	r6, #1
100015f8:	4698      	mov	r8, r3
100015fa:	464b      	mov	r3, r9
100015fc:	8818      	ldrh	r0, [r3, #0]
100015fe:	4643      	mov	r3, r8
10001600:	6821      	ldr	r1, [r4, #0]
10001602:	881b      	ldrh	r3, [r3, #0]
10001604:	4798      	blx	r3
10001606:	c401      	stmia	r4!, {r0}
10001608:	1e43      	subs	r3, r0, #1
1000160a:	4198      	sbcs	r0, r3
1000160c:	3501      	adds	r5, #1
1000160e:	4006      	ands	r6, r0
10001610:	42af      	cmp	r7, r5
10001612:	d1f2      	bne.n	100015fa <rom_funcs_lookup+0x1a>
10001614:	0030      	movs	r0, r6
10001616:	bcc0      	pop	{r6, r7}
10001618:	46b9      	mov	r9, r7
1000161a:	46b0      	mov	r8, r6
1000161c:	bdf8      	pop	{r3, r4, r5, r6, r7, pc}
1000161e:	2601      	movs	r6, #1
10001620:	e7f8      	b.n	10001614 <rom_funcs_lookup+0x34>
10001622:	46c0      	nop			@ (mov r8, r8)

10001624 <rom_reset_usb_boot_extra>:
10001624:	2300      	movs	r3, #0
10001626:	b570      	push	{r4, r5, r6, lr}
10001628:	0004      	movs	r4, r0
1000162a:	000d      	movs	r5, r1
1000162c:	8a98      	ldrh	r0, [r3, #20]
1000162e:	4905      	ldr	r1, [pc, #20]	@ (10001644 <rom_reset_usb_boot_extra+0x20>)
10001630:	8b1b      	ldrh	r3, [r3, #24]
10001632:	4798      	blx	r3
10001634:	0003      	movs	r3, r0
10001636:	2000      	movs	r0, #0
10001638:	2c00      	cmp	r4, #0
1000163a:	db01      	blt.n	10001640 <rom_reset_usb_boot_extra+0x1c>
1000163c:	3001      	adds	r0, #1
1000163e:	40a0      	lsls	r0, r4
10001640:	0029      	movs	r1, r5
10001642:	4798      	blx	r3
10001644:	00004255 	.word	0x00004255

10001648 <xosc_init>:
10001648:	23aa      	movs	r3, #170	@ 0xaa
1000164a:	4a06      	ldr	r2, [pc, #24]	@ (10001664 <xosc_init+0x1c>)
1000164c:	011b      	lsls	r3, r3, #4
1000164e:	6013      	str	r3, [r2, #0]
10001650:	238d      	movs	r3, #141	@ 0x8d
10001652:	005b      	lsls	r3, r3, #1
10001654:	60d3      	str	r3, [r2, #12]
10001656:	4904      	ldr	r1, [pc, #16]	@ (10001668 <xosc_init+0x20>)
10001658:	4b04      	ldr	r3, [pc, #16]	@ (1000166c <xosc_init+0x24>)
1000165a:	6019      	str	r1, [r3, #0]
1000165c:	6853      	ldr	r3, [r2, #4]
1000165e:	2b00      	cmp	r3, #0
10001660:	dafc      	bge.n	1000165c <xosc_init+0x14>
10001662:	4770      	bx	lr
10001664:	40024000 	.word	0x40024000
10001668:	00fab000 	.word	0x00fab000
1000166c:	40026000 	.word	0x40026000

10001670 <first_per_core_initializer>:
10001670:	4770      	bx	lr
10001672:	46c0      	nop			@ (mov r8, r8)

10001674 <hard_assertion_failure>:
10001674:	b510      	push	{r4, lr}
10001676:	4801      	ldr	r0, [pc, #4]	@ (1000167c <hard_assertion_failure+0x8>)
10001678:	f7fe feb2 	bl	100003e0 <panic>
1000167c:	1000676c 	.word	0x1000676c

10001680 <runtime_run_initializers>:
10001680:	b570      	push	{r4, r5, r6, lr}
10001682:	4d07      	ldr	r5, [pc, #28]	@ (100016a0 <runtime_run_initializers+0x20>)
10001684:	4e07      	ldr	r6, [pc, #28]	@ (100016a4 <runtime_run_initializers+0x24>)
10001686:	42b5      	cmp	r5, r6
10001688:	d209      	bcs.n	1000169e <runtime_run_initializers+0x1e>
1000168a:	2400      	movs	r4, #0
1000168c:	3e01      	subs	r6, #1
1000168e:	1b76      	subs	r6, r6, r5
10001690:	08b6      	lsrs	r6, r6, #2
10001692:	3601      	adds	r6, #1
10001694:	cd08      	ldmia	r5!, {r3}
10001696:	3401      	adds	r4, #1
10001698:	4798      	blx	r3
1000169a:	42b4      	cmp	r4, r6
1000169c:	d1fa      	bne.n	10001694 <runtime_run_initializers+0x14>
1000169e:	bd70      	pop	{r4, r5, r6, pc}
100016a0:	10006698 	.word	0x10006698
100016a4:	100066d4 	.word	0x100066d4

100016a8 <runtime_init_early_resets>:
100016a8:	4b05      	ldr	r3, [pc, #20]	@ (100016c0 <runtime_init_early_resets+0x18>)
100016aa:	4a06      	ldr	r2, [pc, #24]	@ (100016c4 <runtime_init_early_resets+0x1c>)
100016ac:	4906      	ldr	r1, [pc, #24]	@ (100016c8 <runtime_init_early_resets+0x20>)
100016ae:	601a      	str	r2, [r3, #0]
100016b0:	4a06      	ldr	r2, [pc, #24]	@ (100016cc <runtime_init_early_resets+0x24>)
100016b2:	4b07      	ldr	r3, [pc, #28]	@ (100016d0 <runtime_init_early_resets+0x28>)
100016b4:	601a      	str	r2, [r3, #0]
100016b6:	0010      	movs	r0, r2
100016b8:	680b      	ldr	r3, [r1, #0]
100016ba:	4398      	bics	r0, r3
100016bc:	d1fb      	bne.n	100016b6 <runtime_init_early_resets+0xe>
100016be:	4770      	bx	lr
100016c0:	4000e000 	.word	0x4000e000
100016c4:	fefbcdbf 	.word	0xfefbcdbf
100016c8:	4000c008 	.word	0x4000c008
100016cc:	003c7ffe 	.word	0x003c7ffe
100016d0:	4000f000 	.word	0x4000f000

100016d4 <runtime_init_usb_power_down>:
100016d4:	4b04      	ldr	r3, [pc, #16]	@ (100016e8 <runtime_init_usb_power_down+0x14>)
100016d6:	6cdb      	ldr	r3, [r3, #76]	@ 0x4c
100016d8:	2b00      	cmp	r3, #0
100016da:	d103      	bne.n	100016e4 <runtime_init_usb_power_down+0x10>
100016dc:	2280      	movs	r2, #128	@ 0x80
100016de:	4b03      	ldr	r3, [pc, #12]	@ (100016ec <runtime_init_usb_power_down+0x18>)
100016e0:	02d2      	lsls	r2, r2, #11
100016e2:	601a      	str	r2, [r3, #0]
100016e4:	4770      	bx	lr
100016e6:	46c0      	nop			@ (mov r8, r8)
100016e8:	50110000 	.word	0x50110000
100016ec:	5011204c 	.word	0x5011204c

100016f0 <runtime_init_post_clock_resets>:
100016f0:	4a04      	ldr	r2, [pc, #16]	@ (10001704 <runtime_init_post_clock_resets+0x14>)
100016f2:	4b05      	ldr	r3, [pc, #20]	@ (10001708 <runtime_init_post_clock_resets+0x18>)
100016f4:	601a      	str	r2, [r3, #0]
100016f6:	4a05      	ldr	r2, [pc, #20]	@ (1000170c <runtime_init_post_clock_resets+0x1c>)
100016f8:	6813      	ldr	r3, [r2, #0]
100016fa:	01db      	lsls	r3, r3, #7
100016fc:	3380      	adds	r3, #128	@ 0x80
100016fe:	d1fb      	bne.n	100016f8 <runtime_init_post_clock_resets+0x8>
10001700:	4770      	bx	lr
10001702:	46c0      	nop			@ (mov r8, r8)
10001704:	01ffffff 	.word	0x01ffffff
10001708:	4000f000 	.word	0x4000f000
1000170c:	4000c008 	.word	0x4000c008

10001710 <runtime_init_rp2040_gpio_ie_disable>:
10001710:	2240      	movs	r2, #64	@ 0x40
10001712:	4b03      	ldr	r3, [pc, #12]	@ (10001720 <runtime_init_rp2040_gpio_ie_disable+0x10>)
10001714:	679a      	str	r2, [r3, #120]	@ 0x78
10001716:	675a      	str	r2, [r3, #116]	@ 0x74
10001718:	671a      	str	r2, [r3, #112]	@ 0x70
1000171a:	66da      	str	r2, [r3, #108]	@ 0x6c
1000171c:	4770      	bx	lr
1000171e:	46c0      	nop			@ (mov r8, r8)
10001720:	4001f000 	.word	0x4001f000

10001724 <runtime_init_spin_locks_reset>:
10001724:	b510      	push	{r4, lr}
10001726:	f7fe fefb 	bl	10000520 <spin_locks_reset>
1000172a:	bd10      	pop	{r4, pc}

1000172c <runtime_init_install_ram_vector_table>:
1000172c:	b570      	push	{r4, r5, r6, lr}
1000172e:	4927      	ldr	r1, [pc, #156]	@ (100017cc <runtime_init_install_ram_vector_table+0xa0>)
10001730:	4e27      	ldr	r6, [pc, #156]	@ (100017d0 <runtime_init_install_ram_vector_table+0xa4>)
10001732:	4d28      	ldr	r5, [pc, #160]	@ (100017d4 <runtime_init_install_ram_vector_table+0xa8>)
10001734:	1a76      	subs	r6, r6, r1
10001736:	08b4      	lsrs	r4, r6, #2
10001738:	0022      	movs	r2, r4
1000173a:	2c30      	cmp	r4, #48	@ 0x30
1000173c:	d900      	bls.n	10001740 <runtime_init_install_ram_vector_table+0x14>
1000173e:	2230      	movs	r2, #48	@ 0x30
10001740:	0028      	movs	r0, r5
10001742:	0092      	lsls	r2, r2, #2
10001744:	f000 ff7e 	bl	10002644 <__wrap___aeabi_memcpy>
10001748:	2c2f      	cmp	r4, #47	@ 0x2f
1000174a:	d83b      	bhi.n	100017c4 <runtime_init_install_ram_vector_table+0x98>
1000174c:	0023      	movs	r3, r4
1000174e:	3b2a      	subs	r3, #42	@ 0x2a
10001750:	4a21      	ldr	r2, [pc, #132]	@ (100017d8 <runtime_init_install_ram_vector_table+0xac>)
10001752:	2b05      	cmp	r3, #5
10001754:	d91b      	bls.n	1000178e <runtime_init_install_ram_vector_table+0x62>
10001756:	2030      	movs	r0, #48	@ 0x30
10001758:	19ae      	adds	r6, r5, r6
1000175a:	0771      	lsls	r1, r6, #29
1000175c:	1b00      	subs	r0, r0, r4
1000175e:	0026      	movs	r6, r4
10001760:	0fcb      	lsrs	r3, r1, #31
10001762:	2900      	cmp	r1, #0
10001764:	da02      	bge.n	1000176c <runtime_init_install_ram_vector_table+0x40>
10001766:	00a1      	lsls	r1, r4, #2
10001768:	506a      	str	r2, [r5, r1]
1000176a:	1c66      	adds	r6, r4, #1
1000176c:	1ac0      	subs	r0, r0, r3
1000176e:	18e3      	adds	r3, r4, r3
10001770:	009b      	lsls	r3, r3, #2
10001772:	0841      	lsrs	r1, r0, #1
10001774:	18eb      	adds	r3, r5, r3
10001776:	00c9      	lsls	r1, r1, #3
10001778:	18c9      	adds	r1, r1, r3
1000177a:	601a      	str	r2, [r3, #0]
1000177c:	605a      	str	r2, [r3, #4]
1000177e:	3308      	adds	r3, #8
10001780:	428b      	cmp	r3, r1
10001782:	d1fa      	bne.n	1000177a <runtime_init_install_ram_vector_table+0x4e>
10001784:	2301      	movs	r3, #1
10001786:	4203      	tst	r3, r0
10001788:	d01c      	beq.n	100017c4 <runtime_init_install_ram_vector_table+0x98>
1000178a:	4398      	bics	r0, r3
1000178c:	1984      	adds	r4, r0, r6
1000178e:	00a3      	lsls	r3, r4, #2
10001790:	50ea      	str	r2, [r5, r3]
10001792:	1c63      	adds	r3, r4, #1
10001794:	2c2f      	cmp	r4, #47	@ 0x2f
10001796:	d015      	beq.n	100017c4 <runtime_init_install_ram_vector_table+0x98>
10001798:	009b      	lsls	r3, r3, #2
1000179a:	50ea      	str	r2, [r5, r3]
1000179c:	1ca3      	adds	r3, r4, #2
1000179e:	2c2e      	cmp	r4, #46	@ 0x2e
100017a0:	d010      	beq.n	100017c4 <runtime_init_install_ram_vector_table+0x98>
100017a2:	009b      	lsls	r3, r3, #2
100017a4:	50ea      	str	r2, [r5, r3]
100017a6:	1ce3      	adds	r3, r4, #3
100017a8:	2c2d      	cmp	r4, #45	@ 0x2d
100017aa:	d00b      	beq.n	100017c4 <runtime_init_install_ram_vector_table+0x98>
100017ac:	009b      	lsls	r3, r3, #2
100017ae:	50ea      	str	r2, [r5, r3]
100017b0:	1d23      	adds	r3, r4, #4
100017b2:	2c2c      	cmp	r4, #44	@ 0x2c
100017b4:	d006      	beq.n	100017c4 <runtime_init_install_ram_vector_table+0x98>
100017b6:	009b      	lsls	r3, r3, #2
100017b8:	50ea      	str	r2, [r5, r3]
100017ba:	1d63      	adds	r3, r4, #5
100017bc:	2c2b      	cmp	r4, #43	@ 0x2b
100017be:	d001      	beq.n	100017c4 <runtime_init_install_ram_vector_table+0x98>
100017c0:	009b      	lsls	r3, r3, #2
100017c2:	50ea      	str	r2, [r5, r3]
100017c4:	4b05      	ldr	r3, [pc, #20]	@ (100017dc <runtime_init_install_ram_vector_table+0xb0>)
100017c6:	609d      	str	r5, [r3, #8]
100017c8:	bd70      	pop	{r4, r5, r6, pc}
100017ca:	46c0      	nop			@ (mov r8, r8)
100017cc:	10000100 	.word	0x10000100
100017d0:	100001c0 	.word	0x100001c0
100017d4:	20000000 	.word	0x20000000
100017d8:	100001c1 	.word	0x100001c1
100017dc:	e000ed00 	.word	0xe000ed00

100017e0 <runtime_init_clocks>:
100017e0:	2300      	movs	r3, #0
100017e2:	b510      	push	{r4, lr}
100017e4:	4c29      	ldr	r4, [pc, #164]	@ (1000188c <runtime_init_clocks+0xac>)
100017e6:	b082      	sub	sp, #8
100017e8:	67a3      	str	r3, [r4, #120]	@ 0x78
100017ea:	f7ff ff2d 	bl	10001648 <xosc_init>
100017ee:	2201      	movs	r2, #1
100017f0:	4b27      	ldr	r3, [pc, #156]	@ (10001890 <runtime_init_clocks+0xb0>)
100017f2:	601a      	str	r2, [r3, #0]
100017f4:	6c63      	ldr	r3, [r4, #68]	@ 0x44
100017f6:	2b01      	cmp	r3, #1
100017f8:	d1fc      	bne.n	100017f4 <runtime_init_clocks+0x14>
100017fa:	2203      	movs	r2, #3
100017fc:	4b25      	ldr	r3, [pc, #148]	@ (10001894 <runtime_init_clocks+0xb4>)
100017fe:	601a      	str	r2, [r3, #0]
10001800:	4a22      	ldr	r2, [pc, #136]	@ (1000188c <runtime_init_clocks+0xac>)
10001802:	6b93      	ldr	r3, [r2, #56]	@ 0x38
10001804:	2b01      	cmp	r3, #1
10001806:	d1fc      	bne.n	10001802 <runtime_init_clocks+0x22>
10001808:	3301      	adds	r3, #1
1000180a:	9300      	str	r3, [sp, #0]
1000180c:	2101      	movs	r1, #1
1000180e:	4a22      	ldr	r2, [pc, #136]	@ (10001898 <runtime_init_clocks+0xb8>)
10001810:	4822      	ldr	r0, [pc, #136]	@ (1000189c <runtime_init_clocks+0xbc>)
10001812:	3304      	adds	r3, #4
10001814:	f7ff fe26 	bl	10001464 <pll_init>
10001818:	2305      	movs	r3, #5
1000181a:	2101      	movs	r1, #1
1000181c:	9300      	str	r3, [sp, #0]
1000181e:	4a20      	ldr	r2, [pc, #128]	@ (100018a0 <runtime_init_clocks+0xc0>)
10001820:	4820      	ldr	r0, [pc, #128]	@ (100018a4 <runtime_init_clocks+0xc4>)
10001822:	f7ff fe1f 	bl	10001464 <pll_init>
10001826:	2200      	movs	r2, #0
10001828:	2102      	movs	r1, #2
1000182a:	2004      	movs	r0, #4
1000182c:	4b1e      	ldr	r3, [pc, #120]	@ (100018a8 <runtime_init_clocks+0xc8>)
1000182e:	f7ff fda3 	bl	10001378 <clock_configure_undivided>
10001832:	2200      	movs	r2, #0
10001834:	2101      	movs	r1, #1
10001836:	2005      	movs	r0, #5
10001838:	4b1c      	ldr	r3, [pc, #112]	@ (100018ac <runtime_init_clocks+0xcc>)
1000183a:	f7ff fd9d 	bl	10001378 <clock_configure_undivided>
1000183e:	2200      	movs	r2, #0
10001840:	2100      	movs	r1, #0
10001842:	2007      	movs	r0, #7
10001844:	4b1a      	ldr	r3, [pc, #104]	@ (100018b0 <runtime_init_clocks+0xd0>)
10001846:	f7ff fd97 	bl	10001378 <clock_configure_undivided>
1000184a:	2200      	movs	r2, #0
1000184c:	2100      	movs	r1, #0
1000184e:	2008      	movs	r0, #8
10001850:	4b17      	ldr	r3, [pc, #92]	@ (100018b0 <runtime_init_clocks+0xd0>)
10001852:	f7ff fd91 	bl	10001378 <clock_configure_undivided>
10001856:	2380      	movs	r3, #128	@ 0x80
10001858:	00db      	lsls	r3, r3, #3
1000185a:	9300      	str	r3, [sp, #0]
1000185c:	2200      	movs	r2, #0
1000185e:	2100      	movs	r1, #0
10001860:	2009      	movs	r0, #9
10001862:	4b13      	ldr	r3, [pc, #76]	@ (100018b0 <runtime_init_clocks+0xd0>)
10001864:	f7ff fd12 	bl	1000128c <clock_configure_int_divider>
10001868:	2200      	movs	r2, #0
1000186a:	4b10      	ldr	r3, [pc, #64]	@ (100018ac <runtime_init_clocks+0xcc>)
1000186c:	2100      	movs	r1, #0
1000186e:	2006      	movs	r0, #6
10001870:	f7ff fd82 	bl	10001378 <clock_configure_undivided>
10001874:	2004      	movs	r0, #4
10001876:	f7ff fdef 	bl	10001458 <clock_get_hz>
1000187a:	490e      	ldr	r1, [pc, #56]	@ (100018b4 <runtime_init_clocks+0xd4>)
1000187c:	f000 f84c 	bl	10001918 <__wrap___aeabi_uidiv>
10001880:	0001      	movs	r1, r0
10001882:	2000      	movs	r0, #0
10001884:	f7ff fe94 	bl	100015b0 <tick_start>
10001888:	b002      	add	sp, #8
1000188a:	bd10      	pop	{r4, pc}
1000188c:	40008000 	.word	0x40008000
10001890:	4000b03c 	.word	0x4000b03c
10001894:	4000b030 	.word	0x4000b030
10001898:	59682f00 	.word	0x59682f00
1000189c:	40028000 	.word	0x40028000
100018a0:	47868c00 	.word	0x47868c00
100018a4:	4002c000 	.word	0x4002c000
100018a8:	00b71b00 	.word	0x00b71b00
100018ac:	07735940 	.word	0x07735940
100018b0:	02dc6c00 	.word	0x02dc6c00
100018b4:	000f4240 	.word	0x000f4240

100018b8 <__aeabi_bits_init>:
100018b8:	4801      	ldr	r0, [pc, #4]	@ (100018c0 <__aeabi_bits_init+0x8>)
100018ba:	2104      	movs	r1, #4
100018bc:	4b01      	ldr	r3, [pc, #4]	@ (100018c4 <__aeabi_bits_init+0xc>)
100018be:	4718      	bx	r3
100018c0:	20000fd0 	.word	0x20000fd0
100018c4:	100015e1 	.word	0x100015e1

100018c8 <__wrap___aeabi_idiv>:
100018c8:	4a12      	ldr	r2, [pc, #72]	@ (10001914 <divmod_s32s32_savestate+0x18>)
100018ca:	6f93      	ldr	r3, [r2, #120]	@ 0x78
100018cc:	089b      	lsrs	r3, r3, #2
100018ce:	d215      	bcs.n	100018fc <divmod_s32s32_savestate>

100018d0 <divmod_s32s32_core>:
100018d0:	6690      	str	r0, [r2, #104]	@ 0x68
100018d2:	66d1      	str	r1, [r2, #108]	@ 0x6c
100018d4:	2900      	cmp	r1, #0
100018d6:	d005      	beq.n	100018e4 <divmod_s32s32_core+0x14>
100018d8:	e7ff      	b.n	100018da <divmod_s32s32_core+0xa>
100018da:	e7ff      	b.n	100018dc <divmod_s32s32_core+0xc>
100018dc:	e7ff      	b.n	100018de <divmod_s32s32_core+0xe>
100018de:	6f51      	ldr	r1, [r2, #116]	@ 0x74
100018e0:	6f10      	ldr	r0, [r2, #112]	@ 0x70
100018e2:	4770      	bx	lr
100018e4:	b504      	push	{r2, lr}
100018e6:	2180      	movs	r1, #128	@ 0x80
100018e8:	0609      	lsls	r1, r1, #24
100018ea:	17c2      	asrs	r2, r0, #31
100018ec:	4051      	eors	r1, r2
100018ee:	2800      	cmp	r0, #0
100018f0:	d000      	beq.n	100018f4 <divmod_s32s32_core+0x24>
100018f2:	43c8      	mvns	r0, r1
100018f4:	f004 fe98 	bl	10006628 <____aeabi_idiv0_veneer>
100018f8:	2100      	movs	r1, #0
100018fa:	bd04      	pop	{r2, pc}

100018fc <divmod_s32s32_savestate>:
100018fc:	b5f0      	push	{r4, r5, r6, r7, lr}
100018fe:	6e14      	ldr	r4, [r2, #96]	@ 0x60
10001900:	6e55      	ldr	r5, [r2, #100]	@ 0x64
10001902:	6f57      	ldr	r7, [r2, #116]	@ 0x74
10001904:	6f16      	ldr	r6, [r2, #112]	@ 0x70
10001906:	f7ff ffe3 	bl	100018d0 <divmod_s32s32_core>
1000190a:	6614      	str	r4, [r2, #96]	@ 0x60
1000190c:	6655      	str	r5, [r2, #100]	@ 0x64
1000190e:	6757      	str	r7, [r2, #116]	@ 0x74
10001910:	6716      	str	r6, [r2, #112]	@ 0x70
10001912:	bdf0      	pop	{r4, r5, r6, r7, pc}
10001914:	d0000000 	.word	0xd0000000

10001918 <__wrap___aeabi_uidiv>:
10001918:	4a11      	ldr	r2, [pc, #68]	@ (10001960 <divmod_u32u32_savestate+0x18>)
1000191a:	6f93      	ldr	r3, [r2, #120]	@ 0x78
1000191c:	089b      	lsrs	r3, r3, #2
1000191e:	d213      	bcs.n	10001948 <divmod_u32u32_savestate>

10001920 <divmod_u32u32_core>:
10001920:	6610      	str	r0, [r2, #96]	@ 0x60
10001922:	6651      	str	r1, [r2, #100]	@ 0x64
10001924:	2900      	cmp	r1, #0
10001926:	d005      	beq.n	10001934 <divmod_u32u32_core+0x14>
10001928:	e7ff      	b.n	1000192a <divmod_u32u32_core+0xa>
1000192a:	e7ff      	b.n	1000192c <divmod_u32u32_core+0xc>
1000192c:	e7ff      	b.n	1000192e <divmod_u32u32_core+0xe>
1000192e:	6f51      	ldr	r1, [r2, #116]	@ 0x74
10001930:	6f10      	ldr	r0, [r2, #112]	@ 0x70
10001932:	4770      	bx	lr
10001934:	b504      	push	{r2, lr}
10001936:	2800      	cmp	r0, #0
10001938:	d001      	beq.n	1000193e <divmod_u32u32_core+0x1e>
1000193a:	2000      	movs	r0, #0
1000193c:	43c0      	mvns	r0, r0
1000193e:	f004 fe73 	bl	10006628 <____aeabi_idiv0_veneer>
10001942:	2100      	movs	r1, #0
10001944:	bd04      	pop	{r2, pc}
10001946:	46c0      	nop			@ (mov r8, r8)

10001948 <divmod_u32u32_savestate>:
10001948:	b5f0      	push	{r4, r5, r6, r7, lr}
1000194a:	6e14      	ldr	r4, [r2, #96]	@ 0x60
1000194c:	6e55      	ldr	r5, [r2, #100]	@ 0x64
1000194e:	6f57      	ldr	r7, [r2, #116]	@ 0x74
10001950:	6f16      	ldr	r6, [r2, #112]	@ 0x70
10001952:	f7ff ffe5 	bl	10001920 <divmod_u32u32_core>
10001956:	6614      	str	r4, [r2, #96]	@ 0x60
10001958:	6655      	str	r5, [r2, #100]	@ 0x64
1000195a:	6757      	str	r7, [r2, #116]	@ 0x74
1000195c:	6716      	str	r6, [r2, #112]	@ 0x70
1000195e:	bdf0      	pop	{r4, r5, r6, r7, pc}
10001960:	d0000000 	.word	0xd0000000

10001964 <__wrap___aeabi_ldivmod>:
10001964:	4694      	mov	ip, r2
10001966:	4a4a      	ldr	r2, [pc, #296]	@ (10001a90 <udiv0+0x1a>)
10001968:	6f92      	ldr	r2, [r2, #120]	@ 0x78
1000196a:	0892      	lsrs	r2, r2, #2
1000196c:	4662      	mov	r2, ip
1000196e:	d201      	bcs.n	10001974 <divmod_s64s64_savestate>
10001970:	e028      	b.n	100019c4 <divmod_s64s64_unsafe>
10001972:	46c0      	nop			@ (mov r8, r8)

10001974 <divmod_s64s64_savestate>:
10001974:	b5f0      	push	{r4, r5, r6, r7, lr}
10001976:	4e46      	ldr	r6, [pc, #280]	@ (10001a90 <udiv0+0x1a>)
10001978:	6e34      	ldr	r4, [r6, #96]	@ 0x60
1000197a:	6e75      	ldr	r5, [r6, #100]	@ 0x64
1000197c:	6f77      	ldr	r7, [r6, #116]	@ 0x74
1000197e:	6f36      	ldr	r6, [r6, #112]	@ 0x70
10001980:	f000 f820 	bl	100019c4 <divmod_s64s64_unsafe>
10001984:	4694      	mov	ip, r2
10001986:	4a42      	ldr	r2, [pc, #264]	@ (10001a90 <udiv0+0x1a>)
10001988:	6614      	str	r4, [r2, #96]	@ 0x60
1000198a:	6655      	str	r5, [r2, #100]	@ 0x64
1000198c:	6757      	str	r7, [r2, #116]	@ 0x74
1000198e:	6716      	str	r6, [r2, #112]	@ 0x70
10001990:	4662      	mov	r2, ip
10001992:	bdf0      	pop	{r4, r5, r6, r7, pc}

10001994 <__wrap___aeabi_uldivmod>:
10001994:	4694      	mov	ip, r2
10001996:	4a3e      	ldr	r2, [pc, #248]	@ (10001a90 <udiv0+0x1a>)
10001998:	6f92      	ldr	r2, [r2, #120]	@ 0x78
1000199a:	0892      	lsrs	r2, r2, #2
1000199c:	4662      	mov	r2, ip
1000199e:	d201      	bcs.n	100019a4 <divmod_u64u64_savestate>
100019a0:	e054      	b.n	10001a4c <divmod_u64u64_unsafe>
100019a2:	46c0      	nop			@ (mov r8, r8)

100019a4 <divmod_u64u64_savestate>:
100019a4:	b5f0      	push	{r4, r5, r6, r7, lr}
100019a6:	4e3a      	ldr	r6, [pc, #232]	@ (10001a90 <udiv0+0x1a>)
100019a8:	6e34      	ldr	r4, [r6, #96]	@ 0x60
100019aa:	6e75      	ldr	r5, [r6, #100]	@ 0x64
100019ac:	6f77      	ldr	r7, [r6, #116]	@ 0x74
100019ae:	6f36      	ldr	r6, [r6, #112]	@ 0x70
100019b0:	f000 f84c 	bl	10001a4c <divmod_u64u64_unsafe>
100019b4:	4694      	mov	ip, r2
100019b6:	4a36      	ldr	r2, [pc, #216]	@ (10001a90 <udiv0+0x1a>)
100019b8:	6614      	str	r4, [r2, #96]	@ 0x60
100019ba:	6655      	str	r5, [r2, #100]	@ 0x64
100019bc:	6757      	str	r7, [r2, #116]	@ 0x74
100019be:	6716      	str	r6, [r2, #112]	@ 0x70
100019c0:	4662      	mov	r2, ip
100019c2:	bdf0      	pop	{r4, r5, r6, r7, pc}

100019c4 <divmod_s64s64_unsafe>:
100019c4:	2b00      	cmp	r3, #0
100019c6:	db24      	blt.n	10001a12 <l46_1+0x26>
100019c8:	d011      	beq.n	100019ee <l46_1+0x2>
100019ca:	2900      	cmp	r1, #0
100019cc:	da3e      	bge.n	10001a4c <divmod_u64u64_unsafe>
100019ce:	b500      	push	{lr}
100019d0:	43c9      	mvns	r1, r1
100019d2:	4240      	negs	r0, r0
100019d4:	d100      	bne.n	100019d8 <l44_1>
100019d6:	3101      	adds	r1, #1

100019d8 <l44_1>:
100019d8:	f000 f838 	bl	10001a4c <divmod_u64u64_unsafe>
100019dc:	43c9      	mvns	r1, r1
100019de:	4240      	negs	r0, r0
100019e0:	d100      	bne.n	100019e4 <l45_1>
100019e2:	3101      	adds	r1, #1

100019e4 <l45_1>:
100019e4:	43db      	mvns	r3, r3
100019e6:	4252      	negs	r2, r2
100019e8:	d100      	bne.n	100019ec <l46_1>
100019ea:	3301      	adds	r3, #1

100019ec <l46_1>:
100019ec:	bd00      	pop	{pc}
100019ee:	2a00      	cmp	r2, #0
100019f0:	d1eb      	bne.n	100019ca <divmod_s64s64_unsafe+0x6>
100019f2:	2800      	cmp	r0, #0
100019f4:	d101      	bne.n	100019fa <l46_1+0xe>
100019f6:	2900      	cmp	r1, #0
100019f8:	d005      	beq.n	10001a06 <l46_1+0x1a>
100019fa:	2000      	movs	r0, #0
100019fc:	0fc9      	lsrs	r1, r1, #31
100019fe:	07c9      	lsls	r1, r1, #31
10001a00:	d101      	bne.n	10001a06 <l46_1+0x1a>
10001a02:	43c0      	mvns	r0, r0
10001a04:	0841      	lsrs	r1, r0, #1
10001a06:	b500      	push	{lr}
10001a08:	f004 fdee 	bl	100065e8 <____aeabi_ldiv0_veneer>
10001a0c:	2200      	movs	r2, #0
10001a0e:	2300      	movs	r3, #0
10001a10:	bd00      	pop	{pc}
10001a12:	b500      	push	{lr}
10001a14:	2900      	cmp	r1, #0
10001a16:	db0a      	blt.n	10001a2e <l48_1+0x2>
10001a18:	43db      	mvns	r3, r3
10001a1a:	4252      	negs	r2, r2
10001a1c:	d100      	bne.n	10001a20 <l47_1>
10001a1e:	3301      	adds	r3, #1

10001a20 <l47_1>:
10001a20:	f000 f814 	bl	10001a4c <divmod_u64u64_unsafe>
10001a24:	43c9      	mvns	r1, r1
10001a26:	4240      	negs	r0, r0
10001a28:	d100      	bne.n	10001a2c <l48_1>
10001a2a:	3101      	adds	r1, #1

10001a2c <l48_1>:
10001a2c:	bd00      	pop	{pc}
10001a2e:	43c9      	mvns	r1, r1
10001a30:	4240      	negs	r0, r0
10001a32:	d100      	bne.n	10001a36 <l49_1>
10001a34:	3101      	adds	r1, #1

10001a36 <l49_1>:
10001a36:	43db      	mvns	r3, r3
10001a38:	4252      	negs	r2, r2
10001a3a:	d100      	bne.n	10001a3e <l50_1>
10001a3c:	3301      	adds	r3, #1

10001a3e <l50_1>:
10001a3e:	f000 f805 	bl	10001a4c <divmod_u64u64_unsafe>
10001a42:	43db      	mvns	r3, r3
10001a44:	4252      	negs	r2, r2
10001a46:	d100      	bne.n	10001a4a <l51_1>
10001a48:	3301      	adds	r3, #1

10001a4a <l51_1>:
10001a4a:	bd00      	pop	{pc}

10001a4c <divmod_u64u64_unsafe>:
10001a4c:	2900      	cmp	r1, #0
10001a4e:	d123      	bne.n	10001a98 <y64>
10001a50:	2b00      	cmp	r3, #0
10001a52:	d118      	bne.n	10001a86 <udiv0+0x10>
10001a54:	2a00      	cmp	r2, #0
10001a56:	d00c      	beq.n	10001a72 <divmod_u64u64_unsafe+0x26>
10001a58:	46bc      	mov	ip, r7
10001a5a:	4f0d      	ldr	r7, [pc, #52]	@ (10001a90 <udiv0+0x1a>)
10001a5c:	6638      	str	r0, [r7, #96]	@ 0x60
10001a5e:	667a      	str	r2, [r7, #100]	@ 0x64
10001a60:	2100      	movs	r1, #0
10001a62:	2300      	movs	r3, #0
10001a64:	e7ff      	b.n	10001a66 <divmod_u64u64_unsafe+0x1a>
10001a66:	e7ff      	b.n	10001a68 <divmod_u64u64_unsafe+0x1c>
10001a68:	e7ff      	b.n	10001a6a <divmod_u64u64_unsafe+0x1e>
10001a6a:	6f7a      	ldr	r2, [r7, #116]	@ 0x74
10001a6c:	6f38      	ldr	r0, [r7, #112]	@ 0x70
10001a6e:	4667      	mov	r7, ip
10001a70:	4770      	bx	lr
10001a72:	2800      	cmp	r0, #0
10001a74:	d001      	beq.n	10001a7a <udiv0+0x4>

10001a76 <udiv0>:
10001a76:	4807      	ldr	r0, [pc, #28]	@ (10001a94 <udiv0+0x1e>)
10001a78:	0001      	movs	r1, r0
10001a7a:	b500      	push	{lr}
10001a7c:	f004 fdb4 	bl	100065e8 <____aeabi_ldiv0_veneer>
10001a80:	2200      	movs	r2, #0
10001a82:	2300      	movs	r3, #0
10001a84:	bd00      	pop	{pc}
10001a86:	0002      	movs	r2, r0
10001a88:	000b      	movs	r3, r1
10001a8a:	2000      	movs	r0, #0
10001a8c:	2100      	movs	r1, #0
10001a8e:	4770      	bx	lr
10001a90:	d0000000 	.word	0xd0000000
10001a94:	ffffffff 	.word	0xffffffff

10001a98 <y64>:
10001a98:	2b00      	cmp	r3, #0
10001a9a:	d000      	beq.n	10001a9e <y64+0x6>
10001a9c:	e0bf      	b.n	10001c1e <y64_x48>
10001a9e:	0c13      	lsrs	r3, r2, #16
10001aa0:	d128      	bne.n	10001af4 <y64_x32>
10001aa2:	2a00      	cmp	r2, #0
10001aa4:	d0e7      	beq.n	10001a76 <udiv0>
10001aa6:	b480      	push	{r7}
10001aa8:	4f11      	ldr	r7, [pc, #68]	@ (10001af0 <y64+0x58>)
10001aaa:	6639      	str	r1, [r7, #96]	@ 0x60
10001aac:	667a      	str	r2, [r7, #100]	@ 0x64
10001aae:	e7ff      	b.n	10001ab0 <y64+0x18>
10001ab0:	e7ff      	b.n	10001ab2 <y64+0x1a>
10001ab2:	b430      	push	{r4, r5}
10001ab4:	0c04      	lsrs	r4, r0, #16
10001ab6:	6f7b      	ldr	r3, [r7, #116]	@ 0x74
10001ab8:	6f39      	ldr	r1, [r7, #112]	@ 0x70
10001aba:	041b      	lsls	r3, r3, #16
10001abc:	4323      	orrs	r3, r4
10001abe:	663b      	str	r3, [r7, #96]	@ 0x60
10001ac0:	667a      	str	r2, [r7, #100]	@ 0x64
10001ac2:	e7ff      	b.n	10001ac4 <y64+0x2c>
10001ac4:	e7ff      	b.n	10001ac6 <y64+0x2e>
10001ac6:	e7ff      	b.n	10001ac8 <y64+0x30>
10001ac8:	46c0      	nop			@ (mov r8, r8)
10001aca:	b284      	uxth	r4, r0
10001acc:	6f7b      	ldr	r3, [r7, #116]	@ 0x74
10001ace:	6f3d      	ldr	r5, [r7, #112]	@ 0x70
10001ad0:	041b      	lsls	r3, r3, #16
10001ad2:	4323      	orrs	r3, r4
10001ad4:	663b      	str	r3, [r7, #96]	@ 0x60
10001ad6:	667a      	str	r2, [r7, #100]	@ 0x64
10001ad8:	e7ff      	b.n	10001ada <y64+0x42>
10001ada:	e7ff      	b.n	10001adc <y64+0x44>
10001adc:	46c0      	nop			@ (mov r8, r8)
10001ade:	2300      	movs	r3, #0
10001ae0:	042c      	lsls	r4, r5, #16
10001ae2:	0c2d      	lsrs	r5, r5, #16
10001ae4:	6f7a      	ldr	r2, [r7, #116]	@ 0x74
10001ae6:	6f38      	ldr	r0, [r7, #112]	@ 0x70
10001ae8:	1900      	adds	r0, r0, r4
10001aea:	4169      	adcs	r1, r5
10001aec:	bcb0      	pop	{r4, r5, r7}
10001aee:	4770      	bx	lr
10001af0:	d0000000 	.word	0xd0000000

10001af4 <y64_x32>:
10001af4:	b5f0      	push	{r4, r5, r6, r7, lr}
10001af6:	4694      	mov	ip, r2
10001af8:	2500      	movs	r5, #0
10001afa:	0e14      	lsrs	r4, r2, #24
10001afc:	d101      	bne.n	10001b02 <y64_x32+0xe>
10001afe:	0212      	lsls	r2, r2, #8
10001b00:	3508      	adds	r5, #8
10001b02:	0f14      	lsrs	r4, r2, #28
10001b04:	d101      	bne.n	10001b0a <y64_x32+0x16>
10001b06:	0112      	lsls	r2, r2, #4
10001b08:	3504      	adds	r5, #4
10001b0a:	0f94      	lsrs	r4, r2, #30
10001b0c:	d101      	bne.n	10001b12 <y64_x32+0x1e>
10001b0e:	0092      	lsls	r2, r2, #2
10001b10:	3502      	adds	r5, #2
10001b12:	0fd4      	lsrs	r4, r2, #31
10001b14:	d101      	bne.n	10001b1a <y64_x32+0x26>
10001b16:	0052      	lsls	r2, r2, #1
10001b18:	3501      	adds	r5, #1
10001b1a:	0bd4      	lsrs	r4, r2, #15
10001b1c:	3401      	adds	r4, #1
10001b1e:	4f25      	ldr	r7, [pc, #148]	@ (10001bb4 <y64_x32+0xc0>)
10001b20:	667c      	str	r4, [r7, #100]	@ 0x64
10001b22:	4c25      	ldr	r4, [pc, #148]	@ (10001bb8 <y64_x32+0xc4>)
10001b24:	663c      	str	r4, [r7, #96]	@ 0x60
10001b26:	0c0e      	lsrs	r6, r1, #16
10001b28:	b293      	uxth	r3, r2
10001b2a:	e7ff      	b.n	10001b2c <y64_x32+0x38>
10001b2c:	e7ff      	b.n	10001b2e <y64_x32+0x3a>
10001b2e:	e7ff      	b.n	10001b30 <y64_x32+0x3c>
10001b30:	6f3c      	ldr	r4, [r7, #112]	@ 0x70
10001b32:	4366      	muls	r6, r4
10001b34:	0c36      	lsrs	r6, r6, #16
10001b36:	0377      	lsls	r7, r6, #13
10001b38:	46be      	mov	lr, r7
10001b3a:	4373      	muls	r3, r6
10001b3c:	0bdf      	lsrs	r7, r3, #15
10001b3e:	045b      	lsls	r3, r3, #17
10001b40:	1ac0      	subs	r0, r0, r3
10001b42:	41b9      	sbcs	r1, r7
10001b44:	0c13      	lsrs	r3, r2, #16
10001b46:	4373      	muls	r3, r6
10001b48:	18db      	adds	r3, r3, r3
10001b4a:	1ac9      	subs	r1, r1, r3
10001b4c:	08ce      	lsrs	r6, r1, #3
10001b4e:	4366      	muls	r6, r4
10001b50:	0c36      	lsrs	r6, r6, #16
10001b52:	44b6      	add	lr, r6
10001b54:	b293      	uxth	r3, r2
10001b56:	4373      	muls	r3, r6
10001b58:	0f1f      	lsrs	r7, r3, #28
10001b5a:	011b      	lsls	r3, r3, #4
10001b5c:	1ac0      	subs	r0, r0, r3
10001b5e:	41b9      	sbcs	r1, r7
10001b60:	0c13      	lsrs	r3, r2, #16
10001b62:	4373      	muls	r3, r6
10001b64:	0b1f      	lsrs	r7, r3, #12
10001b66:	051b      	lsls	r3, r3, #20
10001b68:	1ac0      	subs	r0, r0, r3
10001b6a:	41b9      	sbcs	r1, r7
10001b6c:	0d86      	lsrs	r6, r0, #22
10001b6e:	028f      	lsls	r7, r1, #10
10001b70:	433e      	orrs	r6, r7
10001b72:	4366      	muls	r6, r4
10001b74:	0c36      	lsrs	r6, r6, #16
10001b76:	2d09      	cmp	r5, #9
10001b78:	db24      	blt.n	10001bc4 <last0>
10001b7a:	0a52      	lsrs	r2, r2, #9
10001b7c:	4372      	muls	r2, r6
10001b7e:	1a80      	subs	r0, r0, r2
10001b80:	0377      	lsls	r7, r6, #13
10001b82:	0a46      	lsrs	r6, r0, #9
10001b84:	4366      	muls	r6, r4
10001b86:	0c36      	lsrs	r6, r6, #16
10001b88:	2316      	movs	r3, #22
10001b8a:	1b5b      	subs	r3, r3, r5
10001b8c:	40de      	lsrs	r6, r3
10001b8e:	40df      	lsrs	r7, r3
10001b90:	19bf      	adds	r7, r7, r6
10001b92:	4664      	mov	r4, ip
10001b94:	4366      	muls	r6, r4
10001b96:	1b82      	subs	r2, r0, r6
10001b98:	4670      	mov	r0, lr
10001b9a:	3504      	adds	r5, #4
10001b9c:	3306      	adds	r3, #6
10001b9e:	0001      	movs	r1, r0
10001ba0:	40d9      	lsrs	r1, r3
10001ba2:	40a8      	lsls	r0, r5
10001ba4:	19c0      	adds	r0, r0, r7
10001ba6:	d300      	bcc.n	10001baa <y64_x32+0xb6>
10001ba8:	3101      	adds	r1, #1
10001baa:	42a2      	cmp	r2, r4
10001bac:	d206      	bcs.n	10001bbc <y64_x32+0xc8>
10001bae:	2300      	movs	r3, #0
10001bb0:	bdf0      	pop	{r4, r5, r6, r7, pc}
10001bb2:	0000      	.short	0x0000
10001bb4:	d0000000 	.word	0xd0000000
10001bb8:	ffffffff 	.word	0xffffffff
10001bbc:	1b12      	subs	r2, r2, r4
10001bbe:	3001      	adds	r0, #1
10001bc0:	d3f3      	bcc.n	10001baa <y64_x32+0xb6>
10001bc2:	e7f1      	b.n	10001ba8 <y64_x32+0xb4>

10001bc4 <last0>:
10001bc4:	2709      	movs	r7, #9
10001bc6:	1b7f      	subs	r7, r7, r5
10001bc8:	40fe      	lsrs	r6, r7
10001bca:	4664      	mov	r4, ip
10001bcc:	b2a2      	uxth	r2, r4
10001bce:	4372      	muls	r2, r6
10001bd0:	1a80      	subs	r0, r0, r2
10001bd2:	d200      	bcs.n	10001bd6 <last0+0x12>
10001bd4:	3901      	subs	r1, #1
10001bd6:	0c22      	lsrs	r2, r4, #16
10001bd8:	4372      	muls	r2, r6
10001bda:	0c13      	lsrs	r3, r2, #16
10001bdc:	0412      	lsls	r2, r2, #16
10001bde:	1a82      	subs	r2, r0, r2
10001be0:	4199      	sbcs	r1, r3
10001be2:	000b      	movs	r3, r1
10001be4:	4670      	mov	r0, lr
10001be6:	3504      	adds	r5, #4
10001be8:	3713      	adds	r7, #19
10001bea:	0001      	movs	r1, r0
10001bec:	40f9      	lsrs	r1, r7
10001bee:	40a8      	lsls	r0, r5
10001bf0:	1980      	adds	r0, r0, r6
10001bf2:	d300      	bcc.n	10001bf6 <last0+0x32>
10001bf4:	3101      	adds	r1, #1
10001bf6:	2b00      	cmp	r3, #0
10001bf8:	d102      	bne.n	10001c00 <last0+0x3c>
10001bfa:	42a2      	cmp	r2, r4
10001bfc:	d20a      	bcs.n	10001c14 <last0+0x50>
10001bfe:	bdf0      	pop	{r4, r5, r6, r7, pc}
10001c00:	3001      	adds	r0, #1
10001c02:	d300      	bcc.n	10001c06 <last0+0x42>
10001c04:	3101      	adds	r1, #1
10001c06:	1b12      	subs	r2, r2, r4
10001c08:	d2fa      	bcs.n	10001c00 <last0+0x3c>
10001c0a:	3b01      	subs	r3, #1
10001c0c:	d1f8      	bne.n	10001c00 <last0+0x3c>
10001c0e:	42a2      	cmp	r2, r4
10001c10:	d200      	bcs.n	10001c14 <last0+0x50>
10001c12:	bdf0      	pop	{r4, r5, r6, r7, pc}
10001c14:	3001      	adds	r0, #1
10001c16:	d300      	bcc.n	10001c1a <last0+0x56>
10001c18:	3101      	adds	r1, #1
10001c1a:	1b12      	subs	r2, r2, r4
10001c1c:	e7f7      	b.n	10001c0e <last0+0x4a>

10001c1e <y64_x48>:
10001c1e:	b5f0      	push	{r4, r5, r6, r7, lr}
10001c20:	0c1c      	lsrs	r4, r3, #16
10001c22:	d000      	beq.n	10001c26 <y64_x48+0x8>
10001c24:	e080      	b.n	10001d28 <y64_x64>
10001c26:	b40c      	push	{r2, r3}
10001c28:	2500      	movs	r5, #0
10001c2a:	0a1c      	lsrs	r4, r3, #8
10001c2c:	d104      	bne.n	10001c38 <y64_x48+0x1a>
10001c2e:	021b      	lsls	r3, r3, #8
10001c30:	0e16      	lsrs	r6, r2, #24
10001c32:	4333      	orrs	r3, r6
10001c34:	0212      	lsls	r2, r2, #8
10001c36:	3508      	adds	r5, #8
10001c38:	0b1c      	lsrs	r4, r3, #12
10001c3a:	d104      	bne.n	10001c46 <y64_x48+0x28>
10001c3c:	011b      	lsls	r3, r3, #4
10001c3e:	0f16      	lsrs	r6, r2, #28
10001c40:	4333      	orrs	r3, r6
10001c42:	0112      	lsls	r2, r2, #4
10001c44:	3504      	adds	r5, #4
10001c46:	0b9c      	lsrs	r4, r3, #14
10001c48:	d104      	bne.n	10001c54 <y64_x48+0x36>
10001c4a:	009b      	lsls	r3, r3, #2
10001c4c:	0f96      	lsrs	r6, r2, #30
10001c4e:	4333      	orrs	r3, r6
10001c50:	0092      	lsls	r2, r2, #2
10001c52:	3502      	adds	r5, #2
10001c54:	0bdc      	lsrs	r4, r3, #15
10001c56:	d102      	bne.n	10001c5e <y64_x48+0x40>
10001c58:	1892      	adds	r2, r2, r2
10001c5a:	415b      	adcs	r3, r3
10001c5c:	3501      	adds	r5, #1
10001c5e:	001c      	movs	r4, r3
10001c60:	1897      	adds	r7, r2, r2
10001c62:	4164      	adcs	r4, r4
10001c64:	3401      	adds	r4, #1
10001c66:	4f46      	ldr	r7, [pc, #280]	@ (10001d80 <y64_x64+0x58>)
10001c68:	667c      	str	r4, [r7, #100]	@ 0x64
10001c6a:	4c46      	ldr	r4, [pc, #280]	@ (10001d84 <y64_x64+0x5c>)
10001c6c:	663c      	str	r4, [r7, #96]	@ 0x60
10001c6e:	0c0e      	lsrs	r6, r1, #16
10001c70:	e7ff      	b.n	10001c72 <y64_x48+0x54>
10001c72:	e7ff      	b.n	10001c74 <y64_x48+0x56>
10001c74:	e7ff      	b.n	10001c76 <y64_x48+0x58>
10001c76:	46c0      	nop			@ (mov r8, r8)
10001c78:	6f3c      	ldr	r4, [r7, #112]	@ 0x70
10001c7a:	4366      	muls	r6, r4
10001c7c:	0c36      	lsrs	r6, r6, #16
10001c7e:	0377      	lsls	r7, r6, #13
10001c80:	46be      	mov	lr, r7
10001c82:	b297      	uxth	r7, r2
10001c84:	4377      	muls	r7, r6
10001c86:	1bc0      	subs	r0, r0, r7
10001c88:	d200      	bcs.n	10001c8c <y64_x48+0x6e>
10001c8a:	3901      	subs	r1, #1
10001c8c:	1bc0      	subs	r0, r0, r7
10001c8e:	d200      	bcs.n	10001c92 <y64_x48+0x74>
10001c90:	3901      	subs	r1, #1
10001c92:	b29f      	uxth	r7, r3
10001c94:	4377      	muls	r7, r6
10001c96:	1bc9      	subs	r1, r1, r7
10001c98:	1bc9      	subs	r1, r1, r7
10001c9a:	0c17      	lsrs	r7, r2, #16
10001c9c:	4377      	muls	r7, r6
10001c9e:	047e      	lsls	r6, r7, #17
10001ca0:	0bff      	lsrs	r7, r7, #15
10001ca2:	1b80      	subs	r0, r0, r6
10001ca4:	41b9      	sbcs	r1, r7
10001ca6:	08ce      	lsrs	r6, r1, #3
10001ca8:	4366      	muls	r6, r4
10001caa:	0c36      	lsrs	r6, r6, #16
10001cac:	2d0c      	cmp	r5, #12
10001cae:	db33      	blt.n	10001d18 <last1>
10001cb0:	44b6      	add	lr, r6
10001cb2:	0b12      	lsrs	r2, r2, #12
10001cb4:	051f      	lsls	r7, r3, #20
10001cb6:	433a      	orrs	r2, r7
10001cb8:	0b1b      	lsrs	r3, r3, #12
10001cba:	b297      	uxth	r7, r2
10001cbc:	4377      	muls	r7, r6
10001cbe:	1bc0      	subs	r0, r0, r7
10001cc0:	d200      	bcs.n	10001cc4 <y64_x48+0xa6>
10001cc2:	3901      	subs	r1, #1
10001cc4:	b29f      	uxth	r7, r3
10001cc6:	4377      	muls	r7, r6
10001cc8:	1bc9      	subs	r1, r1, r7
10001cca:	0c17      	lsrs	r7, r2, #16
10001ccc:	4377      	muls	r7, r6
10001cce:	043e      	lsls	r6, r7, #16
10001cd0:	0c3f      	lsrs	r7, r7, #16
10001cd2:	1b80      	subs	r0, r0, r6
10001cd4:	41b9      	sbcs	r1, r7
10001cd6:	0d86      	lsrs	r6, r0, #22
10001cd8:	028f      	lsls	r7, r1, #10
10001cda:	433e      	orrs	r6, r7
10001cdc:	4366      	muls	r6, r4
10001cde:	2729      	movs	r7, #41	@ 0x29
10001ce0:	1b7f      	subs	r7, r7, r5
10001ce2:	40fe      	lsrs	r6, r7
10001ce4:	3d0c      	subs	r5, #12
10001ce6:	4677      	mov	r7, lr
10001ce8:	40af      	lsls	r7, r5
10001cea:	19bf      	adds	r7, r7, r6
10001cec:	bc30      	pop	{r4, r5}
10001cee:	b2a2      	uxth	r2, r4
10001cf0:	b2ab      	uxth	r3, r5
10001cf2:	4372      	muls	r2, r6
10001cf4:	4373      	muls	r3, r6
10001cf6:	1a80      	subs	r0, r0, r2
10001cf8:	4199      	sbcs	r1, r3
10001cfa:	0c22      	lsrs	r2, r4, #16
10001cfc:	4372      	muls	r2, r6
10001cfe:	0c13      	lsrs	r3, r2, #16
10001d00:	0412      	lsls	r2, r2, #16
10001d02:	1a80      	subs	r0, r0, r2
10001d04:	4199      	sbcs	r1, r3
10001d06:	0002      	movs	r2, r0
10001d08:	000b      	movs	r3, r1
10001d0a:	3701      	adds	r7, #1
10001d0c:	1b00      	subs	r0, r0, r4
10001d0e:	41a9      	sbcs	r1, r5
10001d10:	d2f9      	bcs.n	10001d06 <y64_x48+0xe8>
10001d12:	1e78      	subs	r0, r7, #1
10001d14:	2100      	movs	r1, #0
10001d16:	bdf0      	pop	{r4, r5, r6, r7, pc}

10001d18 <last1>:
10001d18:	270c      	movs	r7, #12
10001d1a:	1b7f      	subs	r7, r7, r5
10001d1c:	40fe      	lsrs	r6, r7
10001d1e:	4677      	mov	r7, lr
10001d20:	0b7f      	lsrs	r7, r7, #13
10001d22:	40af      	lsls	r7, r5
10001d24:	19ff      	adds	r7, r7, r7
10001d26:	e7e0      	b.n	10001cea <y64_x48+0xcc>

10001d28 <y64_x64>:
10001d28:	2400      	movs	r4, #0
10001d2a:	1c5d      	adds	r5, r3, #1
10001d2c:	d007      	beq.n	10001d3e <y64_x64+0x16>
10001d2e:	4f14      	ldr	r7, [pc, #80]	@ (10001d80 <y64_x64+0x58>)
10001d30:	667d      	str	r5, [r7, #100]	@ 0x64
10001d32:	6639      	str	r1, [r7, #96]	@ 0x60
10001d34:	e7ff      	b.n	10001d36 <y64_x64+0xe>
10001d36:	e7ff      	b.n	10001d38 <y64_x64+0x10>
10001d38:	e7ff      	b.n	10001d3a <y64_x64+0x12>
10001d3a:	e7ff      	b.n	10001d3c <y64_x64+0x14>
10001d3c:	6f3c      	ldr	r4, [r7, #112]	@ 0x70
10001d3e:	b295      	uxth	r5, r2
10001d40:	b29e      	uxth	r6, r3
10001d42:	4365      	muls	r5, r4
10001d44:	4366      	muls	r6, r4
10001d46:	1b40      	subs	r0, r0, r5
10001d48:	41b1      	sbcs	r1, r6
10001d4a:	0c15      	lsrs	r5, r2, #16
10001d4c:	0c1e      	lsrs	r6, r3, #16
10001d4e:	4365      	muls	r5, r4
10001d50:	4366      	muls	r6, r4
10001d52:	0436      	lsls	r6, r6, #16
10001d54:	0c2f      	lsrs	r7, r5, #16
10001d56:	433e      	orrs	r6, r7
10001d58:	042d      	lsls	r5, r5, #16
10001d5a:	1b40      	subs	r0, r0, r5
10001d5c:	41b1      	sbcs	r1, r6
10001d5e:	4299      	cmp	r1, r3
10001d60:	d204      	bcs.n	10001d6c <y64_x64+0x44>
10001d62:	0002      	movs	r2, r0
10001d64:	000b      	movs	r3, r1
10001d66:	0020      	movs	r0, r4
10001d68:	2100      	movs	r1, #0
10001d6a:	bdf0      	pop	{r4, r5, r6, r7, pc}
10001d6c:	d101      	bne.n	10001d72 <y64_x64+0x4a>
10001d6e:	4290      	cmp	r0, r2
10001d70:	d3f7      	bcc.n	10001d62 <y64_x64+0x3a>
10001d72:	1a80      	subs	r0, r0, r2
10001d74:	4199      	sbcs	r1, r3
10001d76:	3401      	adds	r4, #1
10001d78:	4299      	cmp	r1, r3
10001d7a:	d3f2      	bcc.n	10001d62 <y64_x64+0x3a>
10001d7c:	e7f6      	b.n	10001d6c <y64_x64+0x44>
10001d7e:	0000      	.short	0x0000
10001d80:	d0000000 	.word	0xd0000000
10001d84:	ffffffff 	.word	0xffffffff

10001d88 <__wrap___aeabi_drsub>:
10001d88:	4048      	eors	r0, r1
10001d8a:	4041      	eors	r1, r0
10001d8c:	4048      	eors	r0, r1

10001d8e <__wrap___aeabi_dsub>:
10001d8e:	b418      	push	{r3, r4}
10001d90:	4b1b      	ldr	r3, [pc, #108]	@ (10001e00 <__wrap___aeabi_dmul+0x12>)
10001d92:	685b      	ldr	r3, [r3, #4]
10001d94:	46fc      	mov	ip, pc
10001d96:	9301      	str	r3, [sp, #4]
10001d98:	bd08      	pop	{r3, pc}
10001d9a:	df04      	.short	0xdf04
10001d9c:	10002033 	.word	0x10002033

10001da0 <__wrap___aeabi_dadd>:
10001da0:	b418      	push	{r3, r4}
10001da2:	4b17      	ldr	r3, [pc, #92]	@ (10001e00 <__wrap___aeabi_dmul+0x12>)
10001da4:	681b      	ldr	r3, [r3, #0]
10001da6:	46fc      	mov	ip, pc
10001da8:	9301      	str	r3, [sp, #4]
10001daa:	bd08      	pop	{r3, pc}
10001dac:	203ddf00 	.word	0x203ddf00
10001db0:	1000      	.short	0x1000

10001db2 <__wrap___aeabi_ddiv>:
10001db2:	4694      	mov	ip, r2
10001db4:	4a13      	ldr	r2, [pc, #76]	@ (10001e04 <__wrap___aeabi_dmul+0x16>)
10001db6:	6f92      	ldr	r2, [r2, #120]	@ 0x78
10001db8:	0892      	lsrs	r2, r2, #2
10001dba:	d209      	bcs.n	10001dd0 <ddiv_save_state>
10001dbc:	4662      	mov	r2, ip

10001dbe <ddiv_shim_call>:
10001dbe:	b418      	push	{r3, r4}
10001dc0:	4b0f      	ldr	r3, [pc, #60]	@ (10001e00 <__wrap___aeabi_dmul+0x12>)
10001dc2:	68db      	ldr	r3, [r3, #12]
10001dc4:	46fc      	mov	ip, pc
10001dc6:	9301      	str	r3, [sp, #4]
10001dc8:	bd08      	pop	{r3, pc}
10001dca:	df0c      	.short	0xdf0c
10001dcc:	100022f5 	.word	0x100022f5

10001dd0 <ddiv_save_state>:
10001dd0:	4a0c      	ldr	r2, [pc, #48]	@ (10001e04 <__wrap___aeabi_dmul+0x16>)
10001dd2:	b5f0      	push	{r4, r5, r6, r7, lr}
10001dd4:	6e14      	ldr	r4, [r2, #96]	@ 0x60
10001dd6:	6e55      	ldr	r5, [r2, #100]	@ 0x64
10001dd8:	6f57      	ldr	r7, [r2, #116]	@ 0x74
10001dda:	6f16      	ldr	r6, [r2, #112]	@ 0x70
10001ddc:	4662      	mov	r2, ip
10001dde:	f7ff ffee 	bl	10001dbe <ddiv_shim_call>
10001de2:	4a08      	ldr	r2, [pc, #32]	@ (10001e04 <__wrap___aeabi_dmul+0x16>)
10001de4:	6614      	str	r4, [r2, #96]	@ 0x60
10001de6:	6655      	str	r5, [r2, #100]	@ 0x64
10001de8:	6757      	str	r7, [r2, #116]	@ 0x74
10001dea:	6716      	str	r6, [r2, #112]	@ 0x70
10001dec:	bdf0      	pop	{r4, r5, r6, r7, pc}

10001dee <__wrap___aeabi_dmul>:
10001dee:	b418      	push	{r3, r4}
10001df0:	4b03      	ldr	r3, [pc, #12]	@ (10001e00 <__wrap___aeabi_dmul+0x12>)
10001df2:	689b      	ldr	r3, [r3, #8]
10001df4:	46fc      	mov	ip, pc
10001df6:	9301      	str	r3, [sp, #4]
10001df8:	bd08      	pop	{r3, pc}
10001dfa:	df08      	.short	0xdf08
10001dfc:	10002199 	.word	0x10002199
10001e00:	20001280 	.word	0x20001280
10001e04:	d0000000 	.word	0xd0000000

10001e08 <__wrap___aeabi_cdrcmple>:
10001e08:	b5ff      	push	{r0, r1, r2, r3, r4, r5, r6, r7, lr}
10001e0a:	4050      	eors	r0, r2
10001e0c:	4042      	eors	r2, r0
10001e0e:	4050      	eors	r0, r2
10001e10:	4059      	eors	r1, r3
10001e12:	404b      	eors	r3, r1
10001e14:	4059      	eors	r1, r3
10001e16:	e000      	b.n	10001e1a <__aeabi_dfcmple_guts>

10001e18 <__wrap___aeabi_cdcmpeq>:
10001e18:	b5ff      	push	{r0, r1, r2, r3, r4, r5, r6, r7, lr}

10001e1a <__aeabi_dfcmple_guts>:
10001e1a:	4f15      	ldr	r7, [pc, #84]	@ (10001e70 <__aeabi_dfcmple_guts+0x56>)
10001e1c:	004c      	lsls	r4, r1, #1
10001e1e:	0d64      	lsrs	r4, r4, #21
10001e20:	d003      	beq.n	10001e2a <__aeabi_dfcmple_guts+0x10>
10001e22:	42bc      	cmp	r4, r7
10001e24:	d104      	bne.n	10001e30 <__aeabi_dfcmple_guts+0x16>
10001e26:	030c      	lsls	r4, r1, #12
10001e28:	d814      	bhi.n	10001e54 <__aeabi_dfcmple_guts+0x3a>
10001e2a:	2000      	movs	r0, #0
10001e2c:	0d09      	lsrs	r1, r1, #20
10001e2e:	0509      	lsls	r1, r1, #20
10001e30:	005c      	lsls	r4, r3, #1
10001e32:	0d64      	lsrs	r4, r4, #21
10001e34:	d003      	beq.n	10001e3e <__aeabi_dfcmple_guts+0x24>
10001e36:	42bc      	cmp	r4, r7
10001e38:	d104      	bne.n	10001e44 <__aeabi_dfcmple_guts+0x2a>
10001e3a:	031c      	lsls	r4, r3, #12
10001e3c:	d80a      	bhi.n	10001e54 <__aeabi_dfcmple_guts+0x3a>
10001e3e:	2200      	movs	r2, #0
10001e40:	0d1b      	lsrs	r3, r3, #20
10001e42:	051b      	lsls	r3, r3, #20
10001e44:	2601      	movs	r6, #1
10001e46:	404b      	eors	r3, r1
10001e48:	d409      	bmi.n	10001e5e <__aeabi_dfcmple_guts+0x44>
10001e4a:	404b      	eors	r3, r1
10001e4c:	d503      	bpl.n	10001e56 <__aeabi_dfcmple_guts+0x3c>
10001e4e:	428b      	cmp	r3, r1
10001e50:	d100      	bne.n	10001e54 <__aeabi_dfcmple_guts+0x3a>
10001e52:	4282      	cmp	r2, r0
10001e54:	bdff      	pop	{r0, r1, r2, r3, r4, r5, r6, r7, pc}
10001e56:	4299      	cmp	r1, r3
10001e58:	d1fc      	bne.n	10001e54 <__aeabi_dfcmple_guts+0x3a>
10001e5a:	4290      	cmp	r0, r2
10001e5c:	bdff      	pop	{r0, r1, r2, r3, r4, r5, r6, r7, pc}
10001e5e:	430b      	orrs	r3, r1
10001e60:	18db      	adds	r3, r3, r3
10001e62:	4303      	orrs	r3, r0
10001e64:	4313      	orrs	r3, r2
10001e66:	d0f5      	beq.n	10001e54 <__aeabi_dfcmple_guts+0x3a>
10001e68:	43c9      	mvns	r1, r1
10001e6a:	1849      	adds	r1, r1, r1
10001e6c:	bdff      	pop	{r0, r1, r2, r3, r4, r5, r6, r7, pc}
10001e6e:	0000      	.short	0x0000
10001e70:	000007ff 	.word	0x000007ff

10001e74 <__wrap___aeabi_dcmplt>:
10001e74:	b500      	push	{lr}
10001e76:	f7ff ffcf 	bl	10001e18 <__wrap___aeabi_cdcmpeq>
10001e7a:	4180      	sbcs	r0, r0
10001e7c:	bd00      	pop	{pc}
10001e7e:	46c0      	nop			@ (mov r8, r8)

10001e80 <__wrap___aeabi_dcmple>:
10001e80:	b500      	push	{lr}
10001e82:	f7ff ffc9 	bl	10001e18 <__wrap___aeabi_cdcmpeq>
10001e86:	d901      	bls.n	10001e8c <__wrap___aeabi_dcmple+0xc>
10001e88:	2000      	movs	r0, #0
10001e8a:	bd00      	pop	{pc}
10001e8c:	2001      	movs	r0, #1
10001e8e:	bd00      	pop	{pc}

10001e90 <__wrap___aeabi_dcmpge>:
10001e90:	b500      	push	{lr}
10001e92:	f7ff ffb9 	bl	10001e08 <__wrap___aeabi_cdrcmple>
10001e96:	d901      	bls.n	10001e9c <__wrap___aeabi_dcmpge+0xc>
10001e98:	2000      	movs	r0, #0
10001e9a:	bd00      	pop	{pc}
10001e9c:	2001      	movs	r0, #1
10001e9e:	bd00      	pop	{pc}

10001ea0 <__wrap___aeabi_dcmpgt>:
10001ea0:	b500      	push	{lr}
10001ea2:	f7ff ffb1 	bl	10001e08 <__wrap___aeabi_cdrcmple>
10001ea6:	4180      	sbcs	r0, r0
10001ea8:	bd00      	pop	{pc}

10001eaa <__wrap___aeabi_dcmpun>:
10001eaa:	2001      	movs	r0, #1
10001eac:	0540      	lsls	r0, r0, #21
10001eae:	004a      	lsls	r2, r1, #1
10001eb0:	1812      	adds	r2, r2, r0
10001eb2:	d804      	bhi.n	10001ebe <__wrap___aeabi_dcmpun+0x14>
10001eb4:	005a      	lsls	r2, r3, #1
10001eb6:	1812      	adds	r2, r2, r0
10001eb8:	d801      	bhi.n	10001ebe <__wrap___aeabi_dcmpun+0x14>
10001eba:	2000      	movs	r0, #0
10001ebc:	4770      	bx	lr
10001ebe:	2001      	movs	r0, #1
10001ec0:	4770      	bx	lr
	...

10001ec4 <__wrap___aeabi_ui2d>:
10001ec4:	2100      	movs	r1, #0
10001ec6:	2800      	cmp	r0, #0
10001ec8:	d105      	bne.n	10001ed6 <__wrap___aeabi_i2d+0xa>
10001eca:	4770      	bx	lr

10001ecc <__wrap___aeabi_i2d>:
10001ecc:	17c1      	asrs	r1, r0, #31
10001ece:	4048      	eors	r0, r1
10001ed0:	1a40      	subs	r0, r0, r1
10001ed2:	d0fa      	beq.n	10001eca <__wrap___aeabi_ui2d+0x6>
10001ed4:	07c9      	lsls	r1, r1, #31
10001ed6:	b513      	push	{r0, r1, r4, lr}
10001ed8:	4b06      	ldr	r3, [pc, #24]	@ (10001ef4 <__wrap___aeabi_i2d+0x28>)
10001eda:	681b      	ldr	r3, [r3, #0]
10001edc:	4798      	blx	r3
10001ede:	bc0c      	pop	{r2, r3}
10001ee0:	1c44      	adds	r4, r0, #1
10001ee2:	40a2      	lsls	r2, r4
10001ee4:	0510      	lsls	r0, r2, #20
10001ee6:	0b12      	lsrs	r2, r2, #12
10001ee8:	4903      	ldr	r1, [pc, #12]	@ (10001ef8 <__wrap___aeabi_i2d+0x2c>)
10001eea:	1b09      	subs	r1, r1, r4
10001eec:	0509      	lsls	r1, r1, #20
10001eee:	4319      	orrs	r1, r3
10001ef0:	4311      	orrs	r1, r2
10001ef2:	bd10      	pop	{r4, pc}
10001ef4:	20001c1c 	.word	0x20001c1c
10001ef8:	0000041f 	.word	0x0000041f

10001efc <__wrap___aeabi_d2iz>:
10001efc:	b510      	push	{r4, lr}
10001efe:	004c      	lsls	r4, r1, #1
10001f00:	0d62      	lsrs	r2, r4, #21
10001f02:	2380      	movs	r3, #128	@ 0x80
10001f04:	18d2      	adds	r2, r2, r3
10001f06:	00db      	lsls	r3, r3, #3
10001f08:	1ad2      	subs	r2, r2, r3
10001f0a:	055b      	lsls	r3, r3, #21
10001f0c:	2a7e      	cmp	r2, #126	@ 0x7e
10001f0e:	dd10      	ble.n	10001f32 <__wrap___aeabi_d2iz+0x36>
10001f10:	3a9e      	subs	r2, #158	@ 0x9e
10001f12:	da13      	bge.n	10001f3c <__wrap___aeabi_d2iz+0x40>
10001f14:	17cc      	asrs	r4, r1, #31
10001f16:	0309      	lsls	r1, r1, #12
10001f18:	0849      	lsrs	r1, r1, #1
10001f1a:	4319      	orrs	r1, r3
10001f1c:	4252      	negs	r2, r2
10001f1e:	40d1      	lsrs	r1, r2
10001f20:	0064      	lsls	r4, r4, #1
10001f22:	3401      	adds	r4, #1
10001f24:	3215      	adds	r2, #21
10001f26:	2a20      	cmp	r2, #32
10001f28:	da05      	bge.n	10001f36 <__wrap___aeabi_d2iz+0x3a>
10001f2a:	40d0      	lsrs	r0, r2
10001f2c:	4308      	orrs	r0, r1
10001f2e:	4360      	muls	r0, r4
10001f30:	bd10      	pop	{r4, pc}
10001f32:	2000      	movs	r0, #0
10001f34:	bd10      	pop	{r4, pc}
10001f36:	4608      	mov	r0, r1
10001f38:	4360      	muls	r0, r4
10001f3a:	bd10      	pop	{r4, pc}
10001f3c:	0fc8      	lsrs	r0, r1, #31
10001f3e:	18c0      	adds	r0, r0, r3
10001f40:	3801      	subs	r0, #1
10001f42:	bd10      	pop	{r4, pc}

10001f44 <__wrap___aeabi_d2uiz>:
10001f44:	b418      	push	{r3, r4}
10001f46:	4b04      	ldr	r3, [pc, #16]	@ (10001f58 <__wrap___aeabi_d2uiz+0x14>)
10001f48:	6a5b      	ldr	r3, [r3, #36]	@ 0x24
10001f4a:	46fc      	mov	ip, pc
10001f4c:	9301      	str	r3, [sp, #4]
10001f4e:	bd08      	pop	{r3, pc}
10001f50:	24a5df24 	.word	0x24a5df24
10001f54:	00001000 	.word	0x00001000
10001f58:	20001280 	.word	0x20001280

10001f5c <__aeabi_double_init>:
10001f5c:	2313      	movs	r3, #19
10001f5e:	b570      	push	{r4, r5, r6, lr}
10001f60:	781d      	ldrb	r5, [r3, #0]
10001f62:	2d01      	cmp	r5, #1
10001f64:	d019      	beq.n	10001f9a <__aeabi_double_init+0x3e>
10001f66:	dd14      	ble.n	10001f92 <__aeabi_double_init+0x36>
10001f68:	481f      	ldr	r0, [pc, #124]	@ (10001fe8 <__aeabi_double_init+0x8c>)
10001f6a:	f7ff fb31 	bl	100015d0 <rom_data_lookup>
10001f6e:	0006      	movs	r6, r0
10001f70:	481e      	ldr	r0, [pc, #120]	@ (10001fec <__aeabi_double_init+0x90>)
10001f72:	f7ff fb2d 	bl	100015d0 <rom_data_lookup>
10001f76:	4c1e      	ldr	r4, [pc, #120]	@ (10001ff0 <__aeabi_double_init+0x94>)
10001f78:	2280      	movs	r2, #128	@ 0x80
10001f7a:	0031      	movs	r1, r6
10001f7c:	0020      	movs	r0, r4
10001f7e:	f000 fb61 	bl	10002644 <__wrap___aeabi_memcpy>
10001f82:	2d02      	cmp	r5, #2
10001f84:	d02d      	beq.n	10001fe2 <__aeabi_double_init+0x86>
10001f86:	481b      	ldr	r0, [pc, #108]	@ (10001ff4 <__aeabi_double_init+0x98>)
10001f88:	f7ff fb1a 	bl	100015c0 <rom_func_lookup>
10001f8c:	4b1a      	ldr	r3, [pc, #104]	@ (10001ff8 <__aeabi_double_init+0x9c>)
10001f8e:	6018      	str	r0, [r3, #0]
10001f90:	bd70      	pop	{r4, r5, r6, pc}
10001f92:	4b1a      	ldr	r3, [pc, #104]	@ (10001ffc <__aeabi_double_init+0xa0>)
10001f94:	4c16      	ldr	r4, [pc, #88]	@ (10001ff0 <__aeabi_double_init+0x94>)
10001f96:	64a3      	str	r3, [r4, #72]	@ 0x48
10001f98:	e7f5      	b.n	10001f86 <__aeabi_double_init+0x2a>
10001f9a:	4b18      	ldr	r3, [pc, #96]	@ (10001ffc <__aeabi_double_init+0xa0>)
10001f9c:	4c14      	ldr	r4, [pc, #80]	@ (10001ff0 <__aeabi_double_init+0x94>)
10001f9e:	6023      	str	r3, [r4, #0]
10001fa0:	6063      	str	r3, [r4, #4]
10001fa2:	60a3      	str	r3, [r4, #8]
10001fa4:	60e3      	str	r3, [r4, #12]
10001fa6:	6123      	str	r3, [r4, #16]
10001fa8:	6163      	str	r3, [r4, #20]
10001faa:	61a3      	str	r3, [r4, #24]
10001fac:	61e3      	str	r3, [r4, #28]
10001fae:	6223      	str	r3, [r4, #32]
10001fb0:	6263      	str	r3, [r4, #36]	@ 0x24
10001fb2:	62a3      	str	r3, [r4, #40]	@ 0x28
10001fb4:	62e3      	str	r3, [r4, #44]	@ 0x2c
10001fb6:	6323      	str	r3, [r4, #48]	@ 0x30
10001fb8:	6363      	str	r3, [r4, #52]	@ 0x34
10001fba:	63a3      	str	r3, [r4, #56]	@ 0x38
10001fbc:	63e3      	str	r3, [r4, #60]	@ 0x3c
10001fbe:	6423      	str	r3, [r4, #64]	@ 0x40
10001fc0:	6463      	str	r3, [r4, #68]	@ 0x44
10001fc2:	64a3      	str	r3, [r4, #72]	@ 0x48
10001fc4:	64e3      	str	r3, [r4, #76]	@ 0x4c
10001fc6:	6523      	str	r3, [r4, #80]	@ 0x50
10001fc8:	6563      	str	r3, [r4, #84]	@ 0x54
10001fca:	65a3      	str	r3, [r4, #88]	@ 0x58
10001fcc:	65e3      	str	r3, [r4, #92]	@ 0x5c
10001fce:	6623      	str	r3, [r4, #96]	@ 0x60
10001fd0:	6663      	str	r3, [r4, #100]	@ 0x64
10001fd2:	66a3      	str	r3, [r4, #104]	@ 0x68
10001fd4:	66e3      	str	r3, [r4, #108]	@ 0x6c
10001fd6:	6723      	str	r3, [r4, #112]	@ 0x70
10001fd8:	6763      	str	r3, [r4, #116]	@ 0x74
10001fda:	67a3      	str	r3, [r4, #120]	@ 0x78
10001fdc:	67e3      	str	r3, [r4, #124]	@ 0x7c
10001fde:	64a3      	str	r3, [r4, #72]	@ 0x48
10001fe0:	e7d1      	b.n	10001f86 <__aeabi_double_init+0x2a>
10001fe2:	4b06      	ldr	r3, [pc, #24]	@ (10001ffc <__aeabi_double_init+0xa0>)
10001fe4:	64a3      	str	r3, [r4, #72]	@ 0x48
10001fe6:	e7ce      	b.n	10001f86 <__aeabi_double_init+0x2a>
10001fe8:	00004453 	.word	0x00004453
10001fec:	00004653 	.word	0x00004653
10001ff0:	20001280 	.word	0x20001280
10001ff4:	0000334c 	.word	0x0000334c
10001ff8:	20001c1c 	.word	0x20001c1c
10001ffc:	10002001 	.word	0x10002001

10002000 <double_table_shim_on_use_helper>:
10002000:	b507      	push	{r0, r1, r2, lr}
10002002:	4660      	mov	r0, ip
10002004:	8801      	ldrh	r1, [r0, #0]
10002006:	0a0a      	lsrs	r2, r1, #8
10002008:	3002      	adds	r0, #2
1000200a:	2adf      	cmp	r2, #223	@ 0xdf
1000200c:	d1fa      	bne.n	10002004 <double_table_shim_on_use_helper+0x4>
1000200e:	b2c9      	uxtb	r1, r1
10002010:	0882      	lsrs	r2, r0, #2
10002012:	d304      	bcc.n	1000201e <double_table_shim_on_use_helper+0x1e>
10002014:	8802      	ldrh	r2, [r0, #0]
10002016:	8840      	ldrh	r0, [r0, #2]
10002018:	0400      	lsls	r0, r0, #16
1000201a:	4310      	orrs	r0, r2
1000201c:	e000      	b.n	10002020 <double_table_shim_on_use_helper+0x20>
1000201e:	6800      	ldr	r0, [r0, #0]
10002020:	4a01      	ldr	r2, [pc, #4]	@ (10002028 <double_table_shim_on_use_helper+0x28>)
10002022:	5050      	str	r0, [r2, r1]
10002024:	9003      	str	r0, [sp, #12]
10002026:	bd07      	pop	{r0, r1, r2, pc}
10002028:	20001280 	.word	0x20001280

1000202c <drsub_shim>:
1000202c:	b40f      	push	{r0, r1, r2, r3}
1000202e:	bc03      	pop	{r0, r1}
10002030:	bc0c      	pop	{r2, r3}

10002032 <dsub_shim>:
10002032:	b5f0      	push	{r4, r5, r6, r7, lr}
10002034:	2401      	movs	r4, #1
10002036:	07e4      	lsls	r4, r4, #31
10002038:	4063      	eors	r3, r4
1000203a:	e000      	b.n	1000203e <da_entry>

1000203c <dadd_shim>:
1000203c:	b5f0      	push	{r4, r5, r6, r7, lr}

1000203e <da_entry>:
1000203e:	0d0c      	lsrs	r4, r1, #20
10002040:	0fcf      	lsrs	r7, r1, #31
10002042:	1e66      	subs	r6, r4, #1
10002044:	0536      	lsls	r6, r6, #20
10002046:	1b89      	subs	r1, r1, r6
10002048:	0564      	lsls	r4, r4, #21
1000204a:	d303      	bcc.n	10002054 <l8_1>
1000204c:	43c9      	mvns	r1, r1
1000204e:	4240      	negs	r0, r0
10002050:	d300      	bcc.n	10002054 <l8_1>
10002052:	3101      	adds	r1, #1

10002054 <l8_1>:
10002054:	0d64      	lsrs	r4, r4, #21
10002056:	d003      	beq.n	10002060 <l8_2>
10002058:	1c66      	adds	r6, r4, #1
1000205a:	0af6      	lsrs	r6, r6, #11
1000205c:	d007      	beq.n	1000206e <l8_3>
1000205e:	1be4      	subs	r4, r4, r7

10002060 <l8_2>:
10002060:	2000      	movs	r0, #0
10002062:	007f      	lsls	r7, r7, #1
10002064:	1c79      	adds	r1, r7, #1
10002066:	0789      	lsls	r1, r1, #30
10002068:	1289      	asrs	r1, r1, #10
1000206a:	3c80      	subs	r4, #128	@ 0x80
1000206c:	0324      	lsls	r4, r4, #12

1000206e <l8_3>:
1000206e:	0d1d      	lsrs	r5, r3, #20
10002070:	0fdf      	lsrs	r7, r3, #31
10002072:	1e6e      	subs	r6, r5, #1
10002074:	0536      	lsls	r6, r6, #20
10002076:	1b9b      	subs	r3, r3, r6
10002078:	056d      	lsls	r5, r5, #21
1000207a:	d303      	bcc.n	10002084 <l9_1>
1000207c:	43db      	mvns	r3, r3
1000207e:	4252      	negs	r2, r2
10002080:	d300      	bcc.n	10002084 <l9_1>
10002082:	3301      	adds	r3, #1

10002084 <l9_1>:
10002084:	0d6d      	lsrs	r5, r5, #21
10002086:	d003      	beq.n	10002090 <l9_2>
10002088:	1c6e      	adds	r6, r5, #1
1000208a:	0af6      	lsrs	r6, r6, #11
1000208c:	d007      	beq.n	1000209e <l9_3>
1000208e:	1bed      	subs	r5, r5, r7

10002090 <l9_2>:
10002090:	2200      	movs	r2, #0
10002092:	007f      	lsls	r7, r7, #1
10002094:	1c7b      	adds	r3, r7, #1
10002096:	079b      	lsls	r3, r3, #30
10002098:	129b      	asrs	r3, r3, #10
1000209a:	3d80      	subs	r5, #128	@ 0x80
1000209c:	032d      	lsls	r5, r5, #12

1000209e <l9_3>:
1000209e:	1b2f      	subs	r7, r5, r4
100020a0:	1b66      	subs	r6, r4, r5
100020a2:	d458      	bmi.n	10002156 <da_ygtx>
100020a4:	46a4      	mov	ip, r4
100020a6:	2e20      	cmp	r6, #32
100020a8:	da46      	bge.n	10002138 <da_xrgty>
100020aa:	3720      	adds	r7, #32
100020ac:	0014      	movs	r4, r2
100020ae:	40bc      	lsls	r4, r7

100020b0 <da_xgty0>:
100020b0:	001d      	movs	r5, r3
100020b2:	40bd      	lsls	r5, r7
100020b4:	40f2      	lsrs	r2, r6
100020b6:	4133      	asrs	r3, r6
100020b8:	432a      	orrs	r2, r5

100020ba <da_add>:
100020ba:	1880      	adds	r0, r0, r2
100020bc:	4159      	adcs	r1, r3

100020be <da_pack>:
100020be:	0fcb      	lsrs	r3, r1, #31
100020c0:	d005      	beq.n	100020ce <da_pack+0x10>
100020c2:	43c9      	mvns	r1, r1
100020c4:	43c0      	mvns	r0, r0
100020c6:	2200      	movs	r2, #0
100020c8:	4264      	negs	r4, r4
100020ca:	4150      	adcs	r0, r2
100020cc:	4151      	adcs	r1, r2
100020ce:	4662      	mov	r2, ip
100020d0:	0d4d      	lsrs	r5, r1, #21
100020d2:	d128      	bne.n	10002126 <da_0>
100020d4:	0d0d      	lsrs	r5, r1, #20
100020d6:	d107      	bne.n	100020e8 <da_1>
100020d8:	2800      	cmp	r0, #0
100020da:	d01f      	beq.n	1000211c <da_5>

100020dc <da_2>:
100020dc:	1924      	adds	r4, r4, r4
100020de:	4140      	adcs	r0, r0
100020e0:	4149      	adcs	r1, r1
100020e2:	3a01      	subs	r2, #1
100020e4:	0d0d      	lsrs	r5, r1, #20
100020e6:	d0f9      	beq.n	100020dc <da_2>

100020e8 <da_1>:
100020e8:	0064      	lsls	r4, r4, #1
100020ea:	d306      	bcc.n	100020fa <da_3>

100020ec <da_4>:
100020ec:	3001      	adds	r0, #1
100020ee:	d300      	bcc.n	100020f2 <da_4+0x6>
100020f0:	3101      	adds	r1, #1
100020f2:	2c00      	cmp	r4, #0
100020f4:	d101      	bne.n	100020fa <da_3>
100020f6:	0840      	lsrs	r0, r0, #1
100020f8:	0040      	lsls	r0, r0, #1

100020fa <da_3>:
100020fa:	3a01      	subs	r2, #1
100020fc:	d40b      	bmi.n	10002116 <da_6>
100020fe:	1c94      	adds	r4, r2, #2
10002100:	0ae4      	lsrs	r4, r4, #11
10002102:	d104      	bne.n	1000210e <da_7>
10002104:	0512      	lsls	r2, r2, #20
10002106:	4411      	add	r1, r2
10002108:	07db      	lsls	r3, r3, #31
1000210a:	4419      	add	r1, r3
1000210c:	bdf0      	pop	{r4, r5, r6, r7, pc}

1000210e <da_7>:
1000210e:	07d9      	lsls	r1, r3, #31
10002110:	4b20      	ldr	r3, [pc, #128]	@ (10002194 <da_xmgty+0x4>)
10002112:	4319      	orrs	r1, r3
10002114:	e000      	b.n	10002118 <da_6+0x2>

10002116 <da_6>:
10002116:	07d9      	lsls	r1, r3, #31
10002118:	2000      	movs	r0, #0
1000211a:	bdf0      	pop	{r4, r5, r6, r7, pc}

1000211c <da_5>:
1000211c:	2900      	cmp	r1, #0
1000211e:	d1dd      	bne.n	100020dc <da_2>
10002120:	2c00      	cmp	r4, #0
10002122:	d1db      	bne.n	100020dc <da_2>
10002124:	bdf0      	pop	{r4, r5, r6, r7, pc}

10002126 <da_0>:
10002126:	3201      	adds	r2, #1
10002128:	07c6      	lsls	r6, r0, #31
1000212a:	0840      	lsrs	r0, r0, #1
1000212c:	07cd      	lsls	r5, r1, #31
1000212e:	4328      	orrs	r0, r5
10002130:	0849      	lsrs	r1, r1, #1
10002132:	2e00      	cmp	r6, #0
10002134:	d0e1      	beq.n	100020fa <da_3>
10002136:	e7d9      	b.n	100020ec <da_4>

10002138 <da_xrgty>:
10002138:	2e3c      	cmp	r6, #60	@ 0x3c
1000213a:	da29      	bge.n	10002190 <da_xmgty>
1000213c:	3e20      	subs	r6, #32
1000213e:	3740      	adds	r7, #64	@ 0x40
10002140:	0014      	movs	r4, r2
10002142:	40bc      	lsls	r4, r7
10002144:	d000      	beq.n	10002148 <da_xrgty+0x10>
10002146:	2401      	movs	r4, #1
10002148:	40f2      	lsrs	r2, r6
1000214a:	4314      	orrs	r4, r2
1000214c:	001a      	movs	r2, r3
1000214e:	40bb      	lsls	r3, r7
10002150:	431c      	orrs	r4, r3
10002152:	17d3      	asrs	r3, r2, #31
10002154:	e7ac      	b.n	100020b0 <da_xgty0>

10002156 <da_ygtx>:
10002156:	46ac      	mov	ip, r5
10002158:	2f20      	cmp	r7, #32
1000215a:	da08      	bge.n	1000216e <da_yrgtx>
1000215c:	3620      	adds	r6, #32
1000215e:	0004      	movs	r4, r0
10002160:	40b4      	lsls	r4, r6

10002162 <da_ygtx0>:
10002162:	000d      	movs	r5, r1
10002164:	40b5      	lsls	r5, r6
10002166:	40f8      	lsrs	r0, r7
10002168:	4139      	asrs	r1, r7
1000216a:	4328      	orrs	r0, r5
1000216c:	e7a5      	b.n	100020ba <da_add>

1000216e <da_yrgtx>:
1000216e:	2f3c      	cmp	r7, #60	@ 0x3c
10002170:	da0c      	bge.n	1000218c <da_ymgtx>
10002172:	3f20      	subs	r7, #32
10002174:	3640      	adds	r6, #64	@ 0x40
10002176:	0004      	movs	r4, r0
10002178:	40b4      	lsls	r4, r6
1000217a:	d000      	beq.n	1000217e <da_yrgtx+0x10>
1000217c:	2401      	movs	r4, #1
1000217e:	40f8      	lsrs	r0, r7
10002180:	4304      	orrs	r4, r0
10002182:	0008      	movs	r0, r1
10002184:	40b1      	lsls	r1, r6
10002186:	430c      	orrs	r4, r1
10002188:	17c1      	asrs	r1, r0, #31
1000218a:	e7ea      	b.n	10002162 <da_ygtx0>

1000218c <da_ymgtx>:
1000218c:	0010      	movs	r0, r2
1000218e:	0019      	movs	r1, r3

10002190 <da_xmgty>:
10002190:	2400      	movs	r4, #0
10002192:	e794      	b.n	100020be <da_pack>
10002194:	7ff00000 	.word	0x7ff00000

10002198 <dmul_shim>:
10002198:	b5f0      	push	{r4, r5, r6, r7, lr}
1000219a:	0d0c      	lsrs	r4, r1, #20
1000219c:	1e66      	subs	r6, r4, #1
1000219e:	0536      	lsls	r6, r6, #20
100021a0:	1b89      	subs	r1, r1, r6
100021a2:	0ae6      	lsrs	r6, r4, #11
100021a4:	0564      	lsls	r4, r4, #21
100021a6:	0d64      	lsrs	r4, r4, #21
100021a8:	d002      	beq.n	100021b0 <l12_1>
100021aa:	1c65      	adds	r5, r4, #1
100021ac:	0aed      	lsrs	r5, r5, #11
100021ae:	d004      	beq.n	100021ba <l12_2>

100021b0 <l12_1>:
100021b0:	2000      	movs	r0, #0
100021b2:	2101      	movs	r1, #1
100021b4:	0509      	lsls	r1, r1, #20
100021b6:	3c80      	subs	r4, #128	@ 0x80
100021b8:	0324      	lsls	r4, r4, #12

100021ba <l12_2>:
100021ba:	46a4      	mov	ip, r4
100021bc:	0d1c      	lsrs	r4, r3, #20
100021be:	1e67      	subs	r7, r4, #1
100021c0:	053f      	lsls	r7, r7, #20
100021c2:	1bdb      	subs	r3, r3, r7
100021c4:	0ae7      	lsrs	r7, r4, #11
100021c6:	0564      	lsls	r4, r4, #21
100021c8:	0d64      	lsrs	r4, r4, #21
100021ca:	d002      	beq.n	100021d2 <l13_1>
100021cc:	1c65      	adds	r5, r4, #1
100021ce:	0aed      	lsrs	r5, r5, #11
100021d0:	d004      	beq.n	100021dc <l13_2>

100021d2 <l13_1>:
100021d2:	2200      	movs	r2, #0
100021d4:	2301      	movs	r3, #1
100021d6:	051b      	lsls	r3, r3, #20
100021d8:	3c80      	subs	r4, #128	@ 0x80
100021da:	0324      	lsls	r4, r4, #12

100021dc <l13_2>:
100021dc:	4077      	eors	r7, r6
100021de:	4464      	add	r4, ip
100021e0:	b497      	push	{r0, r1, r2, r4, r7}
100021e2:	b284      	uxth	r4, r0
100021e4:	b296      	uxth	r6, r2
100021e6:	4374      	muls	r4, r6
100021e8:	0c07      	lsrs	r7, r0, #16
100021ea:	437e      	muls	r6, r7
100021ec:	0c15      	lsrs	r5, r2, #16
100021ee:	436f      	muls	r7, r5
100021f0:	b280      	uxth	r0, r0
100021f2:	4368      	muls	r0, r5
100021f4:	1836      	adds	r6, r6, r0
100021f6:	d302      	bcc.n	100021fe <l14_1>
100021f8:	2001      	movs	r0, #1
100021fa:	0400      	lsls	r0, r0, #16
100021fc:	183f      	adds	r7, r7, r0

100021fe <l14_1>:
100021fe:	0430      	lsls	r0, r6, #16
10002200:	0c35      	lsrs	r5, r6, #16
10002202:	1900      	adds	r0, r0, r4
10002204:	417d      	adcs	r5, r7
10002206:	4684      	mov	ip, r0
10002208:	b288      	uxth	r0, r1
1000220a:	b29a      	uxth	r2, r3
1000220c:	4350      	muls	r0, r2
1000220e:	0c0c      	lsrs	r4, r1, #16
10002210:	4362      	muls	r2, r4
10002212:	0c1f      	lsrs	r7, r3, #16
10002214:	437c      	muls	r4, r7
10002216:	b28e      	uxth	r6, r1
10002218:	437e      	muls	r6, r7
1000221a:	1992      	adds	r2, r2, r6
1000221c:	d302      	bcc.n	10002224 <l15_1>
1000221e:	2601      	movs	r6, #1
10002220:	0436      	lsls	r6, r6, #16
10002222:	19a4      	adds	r4, r4, r6

10002224 <l15_1>:
10002224:	0416      	lsls	r6, r2, #16
10002226:	0c17      	lsrs	r7, r2, #16
10002228:	1836      	adds	r6, r6, r0
1000222a:	4167      	adcs	r7, r4
1000222c:	bc01      	pop	{r0}
1000222e:	b281      	uxth	r1, r0
10002230:	b29a      	uxth	r2, r3
10002232:	4351      	muls	r1, r2
10002234:	0c04      	lsrs	r4, r0, #16
10002236:	4362      	muls	r2, r4
10002238:	0c1b      	lsrs	r3, r3, #16
1000223a:	435c      	muls	r4, r3
1000223c:	b280      	uxth	r0, r0
1000223e:	4358      	muls	r0, r3
10002240:	1812      	adds	r2, r2, r0
10002242:	d302      	bcc.n	1000224a <l16_1>
10002244:	2001      	movs	r0, #1
10002246:	0400      	lsls	r0, r0, #16
10002248:	1824      	adds	r4, r4, r0

1000224a <l16_1>:
1000224a:	0410      	lsls	r0, r2, #16
1000224c:	0c13      	lsrs	r3, r2, #16
1000224e:	1840      	adds	r0, r0, r1
10002250:	4163      	adcs	r3, r4
10002252:	182d      	adds	r5, r5, r0
10002254:	415e      	adcs	r6, r3
10002256:	2000      	movs	r0, #0
10002258:	4147      	adcs	r7, r0
1000225a:	bc06      	pop	{r1, r2}
1000225c:	b288      	uxth	r0, r1
1000225e:	b293      	uxth	r3, r2
10002260:	4358      	muls	r0, r3
10002262:	0c0c      	lsrs	r4, r1, #16
10002264:	4363      	muls	r3, r4
10002266:	0c12      	lsrs	r2, r2, #16
10002268:	4354      	muls	r4, r2
1000226a:	b289      	uxth	r1, r1
1000226c:	4351      	muls	r1, r2
1000226e:	185b      	adds	r3, r3, r1
10002270:	d302      	bcc.n	10002278 <l17_1>
10002272:	2101      	movs	r1, #1
10002274:	0409      	lsls	r1, r1, #16
10002276:	1864      	adds	r4, r4, r1

10002278 <l17_1>:
10002278:	0419      	lsls	r1, r3, #16
1000227a:	0c1a      	lsrs	r2, r3, #16
1000227c:	1809      	adds	r1, r1, r0
1000227e:	4162      	adcs	r2, r4
10002280:	186d      	adds	r5, r5, r1
10002282:	4156      	adcs	r6, r2
10002284:	2000      	movs	r0, #0
10002286:	4147      	adcs	r7, r0
10002288:	bc18      	pop	{r3, r4}
1000228a:	02f9      	lsls	r1, r7, #11
1000228c:	0d72      	lsrs	r2, r6, #21
1000228e:	4311      	orrs	r1, r2
10002290:	02f0      	lsls	r0, r6, #11
10002292:	0d6a      	lsrs	r2, r5, #21
10002294:	4310      	orrs	r0, r2
10002296:	02ed      	lsls	r5, r5, #11
10002298:	0d0a      	lsrs	r2, r1, #20
1000229a:	d103      	bne.n	100022a4 <l17_1+0x2c>
1000229c:	196d      	adds	r5, r5, r5
1000229e:	4140      	adcs	r0, r0
100022a0:	4149      	adcs	r1, r1
100022a2:	3b01      	subs	r3, #1
100022a4:	4e12      	ldr	r6, [pc, #72]	@ (100022f0 <dm_1+0xa>)
100022a6:	1b9b      	subs	r3, r3, r6
100022a8:	0076      	lsls	r6, r6, #1
100022aa:	42b3      	cmp	r3, r6
100022ac:	d20e      	bcs.n	100022cc <dm_0>
100022ae:	006d      	lsls	r5, r5, #1
100022b0:	d307      	bcc.n	100022c2 <l17_1+0x4a>
100022b2:	3001      	adds	r0, #1
100022b4:	2600      	movs	r6, #0
100022b6:	4171      	adcs	r1, r6
100022b8:	4666      	mov	r6, ip
100022ba:	4335      	orrs	r5, r6
100022bc:	d101      	bne.n	100022c2 <l17_1+0x4a>
100022be:	0840      	lsrs	r0, r0, #1
100022c0:	0040      	lsls	r0, r0, #1
100022c2:	051b      	lsls	r3, r3, #20
100022c4:	18c9      	adds	r1, r1, r3

100022c6 <dm_2>:
100022c6:	07e4      	lsls	r4, r4, #31
100022c8:	4421      	add	r1, r4
100022ca:	bdf0      	pop	{r4, r5, r6, r7, pc}

100022cc <dm_0>:
100022cc:	da0b      	bge.n	100022e6 <dm_1>
100022ce:	3301      	adds	r3, #1
100022d0:	d106      	bne.n	100022e0 <dm_0+0x14>
100022d2:	3001      	adds	r0, #1
100022d4:	d104      	bne.n	100022e0 <dm_0+0x14>
100022d6:	3101      	adds	r1, #1
100022d8:	0d4f      	lsrs	r7, r1, #21
100022da:	d001      	beq.n	100022e0 <dm_0+0x14>
100022dc:	0849      	lsrs	r1, r1, #1
100022de:	e7f2      	b.n	100022c6 <dm_2>
100022e0:	07e1      	lsls	r1, r4, #31
100022e2:	2000      	movs	r0, #0
100022e4:	bdf0      	pop	{r4, r5, r6, r7, pc}

100022e6 <dm_1>:
100022e6:	3601      	adds	r6, #1
100022e8:	0531      	lsls	r1, r6, #20
100022ea:	2000      	movs	r0, #0
100022ec:	e7eb      	b.n	100022c6 <dm_2>
100022ee:	0000      	.short	0x0000
100022f0:	000003ff 	.word	0x000003ff

100022f4 <ddiv_shim>:
100022f4:	b5f0      	push	{r4, r5, r6, r7, lr}

100022f6 <ddiv0>:
100022f6:	0d1c      	lsrs	r4, r3, #20
100022f8:	1e67      	subs	r7, r4, #1
100022fa:	053f      	lsls	r7, r7, #20
100022fc:	1bdb      	subs	r3, r3, r7
100022fe:	0ae7      	lsrs	r7, r4, #11
10002300:	0564      	lsls	r4, r4, #21
10002302:	0d64      	lsrs	r4, r4, #21
10002304:	d002      	beq.n	1000230c <l20_1>
10002306:	1c66      	adds	r6, r4, #1
10002308:	0af6      	lsrs	r6, r6, #11
1000230a:	d004      	beq.n	10002316 <l20_2>

1000230c <l20_1>:
1000230c:	2200      	movs	r2, #0
1000230e:	2301      	movs	r3, #1
10002310:	051b      	lsls	r3, r3, #20
10002312:	3c80      	subs	r4, #128	@ 0x80
10002314:	0324      	lsls	r4, r4, #12

10002316 <l20_2>:
10002316:	25d0      	movs	r5, #208	@ 0xd0
10002318:	062d      	lsls	r5, r5, #24
1000231a:	2600      	movs	r6, #0
1000231c:	43f6      	mvns	r6, r6
1000231e:	662e      	str	r6, [r5, #96]	@ 0x60
10002320:	091e      	lsrs	r6, r3, #4
10002322:	666e      	str	r6, [r5, #100]	@ 0x64
10002324:	0fce      	lsrs	r6, r1, #31
10002326:	19f6      	adds	r6, r6, r7
10002328:	46b4      	mov	ip, r6
1000232a:	0049      	lsls	r1, r1, #1
1000232c:	0d4f      	lsrs	r7, r1, #21
1000232e:	d002      	beq.n	10002336 <l20_2+0x20>
10002330:	1c7e      	adds	r6, r7, #1
10002332:	0af6      	lsrs	r6, r6, #11
10002334:	d003      	beq.n	1000233e <l20_2+0x28>
10002336:	2000      	movs	r0, #0
10002338:	2100      	movs	r1, #0
1000233a:	3f40      	subs	r7, #64	@ 0x40
1000233c:	033f      	lsls	r7, r7, #12
1000233e:	1b3e      	subs	r6, r7, r4
10002340:	00b6      	lsls	r6, r6, #2
10002342:	44b4      	add	ip, r6
10002344:	3f01      	subs	r7, #1
10002346:	057f      	lsls	r7, r7, #21
10002348:	1bc9      	subs	r1, r1, r7
1000234a:	0849      	lsrs	r1, r1, #1
1000234c:	6f2e      	ldr	r6, [r5, #112]	@ 0x70
1000234e:	3601      	adds	r6, #1
10002350:	0876      	lsrs	r6, r6, #1
10002352:	029c      	lsls	r4, r3, #10
10002354:	0d95      	lsrs	r5, r2, #22
10002356:	4325      	orrs	r5, r4
10002358:	4375      	muls	r5, r6
1000235a:	13ed      	asrs	r5, r5, #15
1000235c:	4375      	muls	r5, r6
1000235e:	13ad      	asrs	r5, r5, #14
10002360:	3501      	adds	r5, #1
10002362:	106d      	asrs	r5, r5, #1
10002364:	03f6      	lsls	r6, r6, #15
10002366:	1b76      	subs	r6, r6, r5
10002368:	b40c      	push	{r2, r3}
1000236a:	02cc      	lsls	r4, r1, #11
1000236c:	0d45      	lsrs	r5, r0, #21
1000236e:	432c      	orrs	r4, r5
10002370:	b2a2      	uxth	r2, r4
10002372:	b2b3      	uxth	r3, r6
10002374:	435a      	muls	r2, r3
10002376:	0c27      	lsrs	r7, r4, #16
10002378:	437b      	muls	r3, r7
1000237a:	0c35      	lsrs	r5, r6, #16
1000237c:	436f      	muls	r7, r5
1000237e:	b2a4      	uxth	r4, r4
10002380:	436c      	muls	r4, r5
10002382:	191b      	adds	r3, r3, r4
10002384:	d302      	bcc.n	1000238c <l21_1>
10002386:	2401      	movs	r4, #1
10002388:	0424      	lsls	r4, r4, #16
1000238a:	193f      	adds	r7, r7, r4

1000238c <l21_1>:
1000238c:	041c      	lsls	r4, r3, #16
1000238e:	0c1d      	lsrs	r5, r3, #16
10002390:	18a4      	adds	r4, r4, r2
10002392:	417d      	adcs	r5, r7
10002394:	1924      	adds	r4, r4, r4
10002396:	416d      	adcs	r5, r5
10002398:	9a00      	ldr	r2, [sp, #0]
1000239a:	b291      	uxth	r1, r2
1000239c:	b2ac      	uxth	r4, r5
1000239e:	4361      	muls	r1, r4
100023a0:	0c17      	lsrs	r7, r2, #16
100023a2:	437c      	muls	r4, r7
100023a4:	0c2b      	lsrs	r3, r5, #16
100023a6:	435f      	muls	r7, r3
100023a8:	b292      	uxth	r2, r2
100023aa:	435a      	muls	r2, r3
100023ac:	18a4      	adds	r4, r4, r2
100023ae:	d302      	bcc.n	100023b6 <l22_1>
100023b0:	2201      	movs	r2, #1
100023b2:	0412      	lsls	r2, r2, #16
100023b4:	18bf      	adds	r7, r7, r2

100023b6 <l22_1>:
100023b6:	0422      	lsls	r2, r4, #16
100023b8:	0c23      	lsrs	r3, r4, #16
100023ba:	1852      	adds	r2, r2, r1
100023bc:	417b      	adcs	r3, r7
100023be:	9c01      	ldr	r4, [sp, #4]
100023c0:	436c      	muls	r4, r5
100023c2:	191b      	adds	r3, r3, r4
100023c4:	0e52      	lsrs	r2, r2, #25
100023c6:	01d9      	lsls	r1, r3, #7
100023c8:	430a      	orrs	r2, r1
100023ca:	0144      	lsls	r4, r0, #5
100023cc:	1aa0      	subs	r0, r4, r2
100023ce:	b281      	uxth	r1, r0
100023d0:	b2b2      	uxth	r2, r6
100023d2:	4351      	muls	r1, r2
100023d4:	1403      	asrs	r3, r0, #16
100023d6:	435a      	muls	r2, r3
100023d8:	0c36      	lsrs	r6, r6, #16
100023da:	4373      	muls	r3, r6
100023dc:	b287      	uxth	r7, r0
100023de:	4377      	muls	r7, r6
100023e0:	17d6      	asrs	r6, r2, #31
100023e2:	19d2      	adds	r2, r2, r7
100023e4:	2700      	movs	r7, #0
100023e6:	417e      	adcs	r6, r7
100023e8:	0436      	lsls	r6, r6, #16
100023ea:	199b      	adds	r3, r3, r6
100023ec:	0417      	lsls	r7, r2, #16
100023ee:	0c16      	lsrs	r6, r2, #16
100023f0:	187f      	adds	r7, r7, r1
100023f2:	415e      	adcs	r6, r3
100023f4:	1673      	asrs	r3, r6, #25
100023f6:	18ed      	adds	r5, r5, r3
100023f8:	01f3      	lsls	r3, r6, #7
100023fa:	2600      	movs	r6, #0
100023fc:	3380      	adds	r3, #128	@ 0x80
100023fe:	4175      	adcs	r5, r6
10002400:	0fa9      	lsrs	r1, r5, #30
10002402:	d106      	bne.n	10002412 <dd_0>
10002404:	0064      	lsls	r4, r4, #1
10002406:	0a69      	lsrs	r1, r5, #9
10002408:	05e8      	lsls	r0, r5, #23
1000240a:	0a5b      	lsrs	r3, r3, #9
1000240c:	4318      	orrs	r0, r3
1000240e:	d209      	bcs.n	10002424 <dd_1>
10002410:	e02f      	b.n	10002472 <dd_2>

10002412 <dd_0>:
10002412:	2204      	movs	r2, #4
10002414:	4494      	add	ip, r2
10002416:	3380      	adds	r3, #128	@ 0x80
10002418:	4175      	adcs	r5, r6
1000241a:	0aa9      	lsrs	r1, r5, #10
1000241c:	05a8      	lsls	r0, r5, #22
1000241e:	0a9b      	lsrs	r3, r3, #10
10002420:	4318      	orrs	r0, r3
10002422:	d326      	bcc.n	10002472 <dd_2>

10002424 <dd_1>:
10002424:	4140      	adcs	r0, r0
10002426:	4149      	adcs	r1, r1
10002428:	0424      	lsls	r4, r4, #16
1000242a:	9a00      	ldr	r2, [sp, #0]
1000242c:	9b01      	ldr	r3, [sp, #4]
1000242e:	000d      	movs	r5, r1
10002430:	4355      	muls	r5, r2
10002432:	1b64      	subs	r4, r4, r5
10002434:	4343      	muls	r3, r0
10002436:	1ae4      	subs	r4, r4, r3
10002438:	b295      	uxth	r5, r2
1000243a:	b286      	uxth	r6, r0
1000243c:	4375      	muls	r5, r6
1000243e:	0c17      	lsrs	r7, r2, #16
10002440:	437e      	muls	r6, r7
10002442:	0c03      	lsrs	r3, r0, #16
10002444:	435f      	muls	r7, r3
10002446:	b292      	uxth	r2, r2
10002448:	435a      	muls	r2, r3
1000244a:	18b6      	adds	r6, r6, r2
1000244c:	d302      	bcc.n	10002454 <l24_1>
1000244e:	2201      	movs	r2, #1
10002450:	0412      	lsls	r2, r2, #16
10002452:	18bf      	adds	r7, r7, r2

10002454 <l24_1>:
10002454:	0432      	lsls	r2, r6, #16
10002456:	0c33      	lsrs	r3, r6, #16
10002458:	1952      	adds	r2, r2, r5
1000245a:	417b      	adcs	r3, r7
1000245c:	4252      	negs	r2, r2
1000245e:	419c      	sbcs	r4, r3
10002460:	2c00      	cmp	r4, #0
10002462:	d402      	bmi.n	1000246a <l24_1+0x16>
10002464:	2200      	movs	r2, #0
10002466:	3001      	adds	r0, #1
10002468:	4151      	adcs	r1, r2
1000246a:	0840      	lsrs	r0, r0, #1
1000246c:	07ca      	lsls	r2, r1, #31
1000246e:	4310      	orrs	r0, r2
10002470:	0849      	lsrs	r1, r1, #1

10002472 <dd_2>:
10002472:	b002      	add	sp, #8
10002474:	4662      	mov	r2, ip
10002476:	07d7      	lsls	r7, r2, #31
10002478:	1092      	asrs	r2, r2, #2
1000247a:	4b08      	ldr	r3, [pc, #32]	@ (1000249c <dd_4+0x6>)
1000247c:	18d2      	adds	r2, r2, r3
1000247e:	4b08      	ldr	r3, [pc, #32]	@ (100024a0 <dd_4+0xa>)
10002480:	429a      	cmp	r2, r3
10002482:	d203      	bcs.n	1000248c <dd_3>
10002484:	0512      	lsls	r2, r2, #20
10002486:	1889      	adds	r1, r1, r2

10002488 <dd_5>:
10002488:	19c9      	adds	r1, r1, r7
1000248a:	bdf0      	pop	{r4, r5, r6, r7, pc}

1000248c <dd_3>:
1000248c:	2000      	movs	r0, #0
1000248e:	2a00      	cmp	r2, #0
10002490:	dc01      	bgt.n	10002496 <dd_4>
10002492:	0039      	movs	r1, r7
10002494:	bdf0      	pop	{r4, r5, r6, r7, pc}

10002496 <dd_4>:
10002496:	3301      	adds	r3, #1
10002498:	0519      	lsls	r1, r3, #20
1000249a:	e7f5      	b.n	10002488 <dd_5>
1000249c:	000003fd 	.word	0x000003fd
100024a0:	000007fe 	.word	0x000007fe

100024a4 <double2uint_shim>:
100024a4:	2200      	movs	r2, #0

100024a6 <double2ufix_shim>:
100024a6:	b500      	push	{lr}
100024a8:	3220      	adds	r2, #32
100024aa:	f000 f804 	bl	100024b6 <double2ufix64_shim>
100024ae:	0008      	movs	r0, r1
100024b0:	bd00      	pop	{pc}
	...

100024b4 <double2uint64_shim>:
100024b4:	2200      	movs	r2, #0

100024b6 <double2ufix64_shim>:
100024b6:	150b      	asrs	r3, r1, #20
100024b8:	d40a      	bmi.n	100024d0 <ret_dzero>

100024ba <d2fix>:
100024ba:	b510      	push	{r4, lr}
100024bc:	4694      	mov	ip, r2
100024be:	f000 f831 	bl	10002524 <dunpacks>
100024c2:	1414      	asrs	r4, r2, #16
100024c4:	3401      	adds	r4, #1
100024c6:	da00      	bge.n	100024ca <d2fix+0x10>
100024c8:	2100      	movs	r1, #0
100024ca:	17cb      	asrs	r3, r1, #31
100024cc:	4c14      	ldr	r4, [pc, #80]	@ (10002520 <d2fix_a+0x4a>)
100024ce:	4720      	bx	r4

100024d0 <ret_dzero>:
100024d0:	2000      	movs	r0, #0
100024d2:	2100      	movs	r1, #0
100024d4:	4770      	bx	lr

100024d6 <d2fix_a>:
100024d6:	4462      	add	r2, ip
100024d8:	3a34      	subs	r2, #52	@ 0x34
100024da:	d40c      	bmi.n	100024f6 <d2fix_a+0x20>
100024dc:	2a0c      	cmp	r2, #12
100024de:	da07      	bge.n	100024f0 <d2fix_a+0x1a>
100024e0:	0004      	movs	r4, r0
100024e2:	4091      	lsls	r1, r2
100024e4:	4090      	lsls	r0, r2
100024e6:	4252      	negs	r2, r2
100024e8:	3220      	adds	r2, #32
100024ea:	40d4      	lsrs	r4, r2
100024ec:	4321      	orrs	r1, r4
100024ee:	bd10      	pop	{r4, pc}
100024f0:	43d8      	mvns	r0, r3
100024f2:	43d9      	mvns	r1, r3
100024f4:	bd10      	pop	{r4, pc}
100024f6:	3220      	adds	r2, #32
100024f8:	d407      	bmi.n	1000250a <d2fix_a+0x34>
100024fa:	460c      	mov	r4, r1
100024fc:	4094      	lsls	r4, r2
100024fe:	4252      	negs	r2, r2
10002500:	3220      	adds	r2, #32
10002502:	4111      	asrs	r1, r2
10002504:	40d0      	lsrs	r0, r2
10002506:	4320      	orrs	r0, r4
10002508:	bd10      	pop	{r4, pc}
1000250a:	0008      	movs	r0, r1
1000250c:	17c9      	asrs	r1, r1, #31
1000250e:	3220      	adds	r2, #32
10002510:	d403      	bmi.n	1000251a <d2fix_a+0x44>
10002512:	4252      	negs	r2, r2
10002514:	3220      	adds	r2, #32
10002516:	4110      	asrs	r0, r2
10002518:	bd10      	pop	{r4, pc}
1000251a:	0018      	movs	r0, r3
1000251c:	0019      	movs	r1, r3
1000251e:	bd10      	pop	{r4, pc}
10002520:	100024d7 	.word	0x100024d7

10002524 <dunpacks>:
10002524:	0d0a      	lsrs	r2, r1, #20
10002526:	0fcc      	lsrs	r4, r1, #31
10002528:	1e53      	subs	r3, r2, #1
1000252a:	051b      	lsls	r3, r3, #20
1000252c:	1ac9      	subs	r1, r1, r3
1000252e:	0552      	lsls	r2, r2, #21
10002530:	d303      	bcc.n	1000253a <l60_1>
10002532:	43c9      	mvns	r1, r1
10002534:	4240      	negs	r0, r0
10002536:	d300      	bcc.n	1000253a <l60_1>
10002538:	3101      	adds	r1, #1

1000253a <l60_1>:
1000253a:	0d52      	lsrs	r2, r2, #21
1000253c:	d003      	beq.n	10002546 <l60_2>
1000253e:	1c53      	adds	r3, r2, #1
10002540:	0adb      	lsrs	r3, r3, #11
10002542:	d007      	beq.n	10002554 <l60_3>
10002544:	1b12      	subs	r2, r2, r4

10002546 <l60_2>:
10002546:	2000      	movs	r0, #0
10002548:	0064      	lsls	r4, r4, #1
1000254a:	1c61      	adds	r1, r4, #1
1000254c:	0789      	lsls	r1, r1, #30
1000254e:	1289      	asrs	r1, r1, #10
10002550:	3a80      	subs	r2, #128	@ 0x80
10002552:	0312      	lsls	r2, r2, #12

10002554 <l60_3>:
10002554:	4b01      	ldr	r3, [pc, #4]	@ (1000255c <l60_3+0x8>)
10002556:	1ad2      	subs	r2, r2, r3
10002558:	4770      	bx	lr
1000255a:	0000      	.short	0x0000
1000255c:	000003ff 	.word	0x000003ff

10002560 <__wrap___aeabi_lmul>:
10002560:	4351      	muls	r1, r2
10002562:	4343      	muls	r3, r0
10002564:	18c9      	adds	r1, r1, r3
10002566:	468c      	mov	ip, r1
10002568:	0c11      	lsrs	r1, r2, #16
1000256a:	b283      	uxth	r3, r0
1000256c:	434b      	muls	r3, r1
1000256e:	b410      	push	{r4}
10002570:	0c04      	lsrs	r4, r0, #16
10002572:	4361      	muls	r1, r4
10002574:	b292      	uxth	r2, r2
10002576:	b280      	uxth	r0, r0
10002578:	4350      	muls	r0, r2
1000257a:	4362      	muls	r2, r4
1000257c:	041c      	lsls	r4, r3, #16
1000257e:	0c1b      	lsrs	r3, r3, #16
10002580:	1900      	adds	r0, r0, r4
10002582:	bc10      	pop	{r4}
10002584:	4159      	adcs	r1, r3
10002586:	0413      	lsls	r3, r2, #16
10002588:	0c12      	lsrs	r2, r2, #16
1000258a:	18c0      	adds	r0, r0, r3
1000258c:	4151      	adcs	r1, r2
1000258e:	4461      	add	r1, ip
10002590:	4770      	bx	lr
	...

10002594 <__aeabi_float_init>:
10002594:	2313      	movs	r3, #19
10002596:	b510      	push	{r4, lr}
10002598:	781c      	ldrb	r4, [r3, #0]
1000259a:	4813      	ldr	r0, [pc, #76]	@ (100025e8 <__aeabi_float_init+0x54>)
1000259c:	f7ff f818 	bl	100015d0 <rom_data_lookup>
100025a0:	2c01      	cmp	r4, #1
100025a2:	d00b      	beq.n	100025bc <__aeabi_float_init+0x28>
100025a4:	dd04      	ble.n	100025b0 <__aeabi_float_init+0x1c>
100025a6:	0001      	movs	r1, r0
100025a8:	2280      	movs	r2, #128	@ 0x80
100025aa:	4810      	ldr	r0, [pc, #64]	@ (100025ec <__aeabi_float_init+0x58>)
100025ac:	f000 f84a 	bl	10002644 <__wrap___aeabi_memcpy>
100025b0:	480f      	ldr	r0, [pc, #60]	@ (100025f0 <__aeabi_float_init+0x5c>)
100025b2:	f7ff f805 	bl	100015c0 <rom_func_lookup>
100025b6:	4b0f      	ldr	r3, [pc, #60]	@ (100025f4 <__aeabi_float_init+0x60>)
100025b8:	6018      	str	r0, [r3, #0]
100025ba:	bd10      	pop	{r4, pc}
100025bc:	4c0b      	ldr	r4, [pc, #44]	@ (100025ec <__aeabi_float_init+0x58>)
100025be:	0001      	movs	r1, r0
100025c0:	2254      	movs	r2, #84	@ 0x54
100025c2:	0020      	movs	r0, r4
100025c4:	f000 f83e 	bl	10002644 <__wrap___aeabi_memcpy>
100025c8:	4b0b      	ldr	r3, [pc, #44]	@ (100025f8 <__aeabi_float_init+0x64>)
100025ca:	6563      	str	r3, [r4, #84]	@ 0x54
100025cc:	65a3      	str	r3, [r4, #88]	@ 0x58
100025ce:	65e3      	str	r3, [r4, #92]	@ 0x5c
100025d0:	6623      	str	r3, [r4, #96]	@ 0x60
100025d2:	6663      	str	r3, [r4, #100]	@ 0x64
100025d4:	66a3      	str	r3, [r4, #104]	@ 0x68
100025d6:	66e3      	str	r3, [r4, #108]	@ 0x6c
100025d8:	6723      	str	r3, [r4, #112]	@ 0x70
100025da:	6763      	str	r3, [r4, #116]	@ 0x74
100025dc:	67a3      	str	r3, [r4, #120]	@ 0x78
100025de:	67e3      	str	r3, [r4, #124]	@ 0x7c
100025e0:	6223      	str	r3, [r4, #32]
100025e2:	61e3      	str	r3, [r4, #28]
100025e4:	e7e4      	b.n	100025b0 <__aeabi_float_init+0x1c>
100025e6:	46c0      	nop			@ (mov r8, r8)
100025e8:	00004653 	.word	0x00004653
100025ec:	20001380 	.word	0x20001380
100025f0:	0000334c 	.word	0x0000334c
100025f4:	20001c1c 	.word	0x20001c1c
100025f8:	100025fd 	.word	0x100025fd

100025fc <float_table_shim_on_use_helper>:
100025fc:	b507      	push	{r0, r1, r2, lr}
100025fe:	4660      	mov	r0, ip
10002600:	8801      	ldrh	r1, [r0, #0]
10002602:	0a0a      	lsrs	r2, r1, #8
10002604:	3002      	adds	r0, #2
10002606:	2adf      	cmp	r2, #223	@ 0xdf
10002608:	d1fa      	bne.n	10002600 <float_table_shim_on_use_helper+0x4>
1000260a:	b2c9      	uxtb	r1, r1
1000260c:	0882      	lsrs	r2, r0, #2
1000260e:	d304      	bcc.n	1000261a <float_table_shim_on_use_helper+0x1e>
10002610:	8802      	ldrh	r2, [r0, #0]
10002612:	8840      	ldrh	r0, [r0, #2]
10002614:	0400      	lsls	r0, r0, #16
10002616:	4310      	orrs	r0, r2
10002618:	e000      	b.n	1000261c <float_table_shim_on_use_helper+0x20>
1000261a:	6800      	ldr	r0, [r0, #0]
1000261c:	4a01      	ldr	r2, [pc, #4]	@ (10002624 <float_table_shim_on_use_helper+0x28>)
1000261e:	5050      	str	r0, [r2, r1]
10002620:	9003      	str	r0, [sp, #12]
10002622:	bd07      	pop	{r0, r1, r2, pc}
10002624:	20001380 	.word	0x20001380

10002628 <__aeabi_mem_init>:
10002628:	4801      	ldr	r0, [pc, #4]	@ (10002630 <__aeabi_mem_init+0x8>)
1000262a:	2104      	movs	r1, #4
1000262c:	4b01      	ldr	r3, [pc, #4]	@ (10002634 <__aeabi_mem_init+0xc>)
1000262e:	4718      	bx	r3
10002630:	20000fe0 	.word	0x20000fe0
10002634:	100015e1 	.word	0x100015e1

10002638 <__wrap_memset>:
10002638:	4b01      	ldr	r3, [pc, #4]	@ (10002640 <__wrap_memset+0x8>)
1000263a:	681b      	ldr	r3, [r3, #0]
1000263c:	4718      	bx	r3
1000263e:	0000      	.short	0x0000
10002640:	20000fe0 	.word	0x20000fe0

10002644 <__wrap___aeabi_memcpy>:
10002644:	4b01      	ldr	r3, [pc, #4]	@ (1000264c <__wrap___aeabi_memcpy+0x8>)
10002646:	685b      	ldr	r3, [r3, #4]
10002648:	4718      	bx	r3
1000264a:	0000      	.short	0x0000
1000264c:	20000fe0 	.word	0x20000fe0

10002650 <_out_null>:
10002650:	4770      	bx	lr
10002652:	46c0      	nop			@ (mov r8, r8)

10002654 <_out_rev>:
10002654:	b5f8      	push	{r3, r4, r5, r6, r7, lr}
10002656:	46de      	mov	lr, fp
10002658:	4657      	mov	r7, sl
1000265a:	464e      	mov	r6, r9
1000265c:	4645      	mov	r5, r8
1000265e:	b5e0      	push	{r5, r6, r7, lr}
10002660:	4699      	mov	r9, r3
10002662:	9b0d      	ldr	r3, [sp, #52]	@ 0x34
10002664:	0007      	movs	r7, r0
10002666:	4688      	mov	r8, r1
10002668:	4693      	mov	fp, r2
1000266a:	079b      	lsls	r3, r3, #30
1000266c:	d028      	beq.n	100026c0 <_out_rev+0x6c>
1000266e:	9b0b      	ldr	r3, [sp, #44]	@ 0x2c
10002670:	2b00      	cmp	r3, #0
10002672:	d03c      	beq.n	100026ee <_out_rev+0x9a>
10002674:	0016      	movs	r6, r2
10002676:	9c0b      	ldr	r4, [sp, #44]	@ 0x2c
10002678:	9d0a      	ldr	r5, [sp, #40]	@ 0x28
1000267a:	1936      	adds	r6, r6, r4
1000267c:	1b32      	subs	r2, r6, r4
1000267e:	3c01      	subs	r4, #1
10002680:	464b      	mov	r3, r9
10002682:	4641      	mov	r1, r8
10002684:	5d28      	ldrb	r0, [r5, r4]
10002686:	47b8      	blx	r7
10002688:	2c00      	cmp	r4, #0
1000268a:	d1f7      	bne.n	1000267c <_out_rev+0x28>
1000268c:	0035      	movs	r5, r6
1000268e:	9b0d      	ldr	r3, [sp, #52]	@ 0x34
10002690:	079b      	lsls	r3, r3, #30
10002692:	d50e      	bpl.n	100026b2 <_out_rev+0x5e>
10002694:	465b      	mov	r3, fp
10002696:	1aec      	subs	r4, r5, r3
10002698:	9b0c      	ldr	r3, [sp, #48]	@ 0x30
1000269a:	42a3      	cmp	r3, r4
1000269c:	d909      	bls.n	100026b2 <_out_rev+0x5e>
1000269e:	001e      	movs	r6, r3
100026a0:	002a      	movs	r2, r5
100026a2:	464b      	mov	r3, r9
100026a4:	4641      	mov	r1, r8
100026a6:	2020      	movs	r0, #32
100026a8:	3401      	adds	r4, #1
100026aa:	47b8      	blx	r7
100026ac:	3501      	adds	r5, #1
100026ae:	42b4      	cmp	r4, r6
100026b0:	d3f6      	bcc.n	100026a0 <_out_rev+0x4c>
100026b2:	0028      	movs	r0, r5
100026b4:	bcf0      	pop	{r4, r5, r6, r7}
100026b6:	46bb      	mov	fp, r7
100026b8:	46b2      	mov	sl, r6
100026ba:	46a9      	mov	r9, r5
100026bc:	46a0      	mov	r8, r4
100026be:	bdf8      	pop	{r3, r4, r5, r6, r7, pc}
100026c0:	9b0b      	ldr	r3, [sp, #44]	@ 0x2c
100026c2:	9a0c      	ldr	r2, [sp, #48]	@ 0x30
100026c4:	4293      	cmp	r3, r2
100026c6:	d214      	bcs.n	100026f2 <_out_rev+0x9e>
100026c8:	0013      	movs	r3, r2
100026ca:	465d      	mov	r5, fp
100026cc:	000c      	movs	r4, r1
100026ce:	9a0b      	ldr	r2, [sp, #44]	@ 0x2c
100026d0:	1a9e      	subs	r6, r3, r2
100026d2:	1976      	adds	r6, r6, r5
100026d4:	002a      	movs	r2, r5
100026d6:	464b      	mov	r3, r9
100026d8:	3501      	adds	r5, #1
100026da:	0021      	movs	r1, r4
100026dc:	2020      	movs	r0, #32
100026de:	47b8      	blx	r7
100026e0:	42b5      	cmp	r5, r6
100026e2:	d1f7      	bne.n	100026d4 <_out_rev+0x80>
100026e4:	9b0b      	ldr	r3, [sp, #44]	@ 0x2c
100026e6:	46a0      	mov	r8, r4
100026e8:	2b00      	cmp	r3, #0
100026ea:	d1c4      	bne.n	10002676 <_out_rev+0x22>
100026ec:	e7e1      	b.n	100026b2 <_out_rev+0x5e>
100026ee:	0015      	movs	r5, r2
100026f0:	e7cd      	b.n	1000268e <_out_rev+0x3a>
100026f2:	465e      	mov	r6, fp
100026f4:	2b00      	cmp	r3, #0
100026f6:	d1be      	bne.n	10002676 <_out_rev+0x22>
100026f8:	465d      	mov	r5, fp
100026fa:	e7da      	b.n	100026b2 <_out_rev+0x5e>

100026fc <_ntoa_format>:
100026fc:	b5f0      	push	{r4, r5, r6, r7, lr}
100026fe:	464f      	mov	r7, r9
10002700:	46d6      	mov	lr, sl
10002702:	4646      	mov	r6, r8
10002704:	b5c0      	push	{r6, r7, lr}
10002706:	b084      	sub	sp, #16
10002708:	469c      	mov	ip, r3
1000270a:	ab0e      	add	r3, sp, #56	@ 0x38
1000270c:	781f      	ldrb	r7, [r3, #0]
1000270e:	9b12      	ldr	r3, [sp, #72]	@ 0x48
10002710:	4691      	mov	r9, r2
10002712:	46ba      	mov	sl, r7
10002714:	9c0d      	ldr	r4, [sp, #52]	@ 0x34
10002716:	9e10      	ldr	r6, [sp, #64]	@ 0x40
10002718:	9d11      	ldr	r5, [sp, #68]	@ 0x44
1000271a:	079b      	lsls	r3, r3, #30
1000271c:	d44c      	bmi.n	100027b8 <_ntoa_format+0xbc>
1000271e:	2d00      	cmp	r5, #0
10002720:	d141      	bne.n	100027a6 <_ntoa_format+0xaa>
10002722:	42b4      	cmp	r4, r6
10002724:	d248      	bcs.n	100027b8 <_ntoa_format+0xbc>
10002726:	2301      	movs	r3, #1
10002728:	9f12      	ldr	r7, [sp, #72]	@ 0x48
1000272a:	401f      	ands	r7, r3
1000272c:	46b8      	mov	r8, r7
1000272e:	9b0c      	ldr	r3, [sp, #48]	@ 0x30
10002730:	1e5f      	subs	r7, r3, #1
10002732:	2330      	movs	r3, #48	@ 0x30
10002734:	e003      	b.n	1000273e <_ntoa_format+0x42>
10002736:	3401      	adds	r4, #1
10002738:	553b      	strb	r3, [r7, r4]
1000273a:	42a6      	cmp	r6, r4
1000273c:	d901      	bls.n	10002742 <_ntoa_format+0x46>
1000273e:	2c20      	cmp	r4, #32
10002740:	d1f9      	bne.n	10002736 <_ntoa_format+0x3a>
10002742:	4643      	mov	r3, r8
10002744:	2b00      	cmp	r3, #0
10002746:	d100      	bne.n	1000274a <_ntoa_format+0x4e>
10002748:	e087      	b.n	1000285a <_ntoa_format+0x15e>
1000274a:	9b0c      	ldr	r3, [sp, #48]	@ 0x30
1000274c:	1e5f      	subs	r7, r3, #1
1000274e:	2330      	movs	r3, #48	@ 0x30
10002750:	42a5      	cmp	r5, r4
10002752:	d804      	bhi.n	1000275e <_ntoa_format+0x62>
10002754:	e030      	b.n	100027b8 <_ntoa_format+0xbc>
10002756:	3401      	adds	r4, #1
10002758:	553b      	strb	r3, [r7, r4]
1000275a:	42ac      	cmp	r4, r5
1000275c:	d02c      	beq.n	100027b8 <_ntoa_format+0xbc>
1000275e:	2c20      	cmp	r4, #32
10002760:	d1f9      	bne.n	10002756 <_ntoa_format+0x5a>
10002762:	9b12      	ldr	r3, [sp, #72]	@ 0x48
10002764:	06db      	lsls	r3, r3, #27
10002766:	d50d      	bpl.n	10002784 <_ntoa_format+0x88>
10002768:	9b12      	ldr	r3, [sp, #72]	@ 0x48
1000276a:	055b      	lsls	r3, r3, #21
1000276c:	d457      	bmi.n	1000281e <_ntoa_format+0x122>
1000276e:	42a6      	cmp	r6, r4
10002770:	d067      	beq.n	10002842 <_ntoa_format+0x146>
10002772:	42a5      	cmp	r5, r4
10002774:	d065      	beq.n	10002842 <_ntoa_format+0x146>
10002776:	9b0f      	ldr	r3, [sp, #60]	@ 0x3c
10002778:	2b10      	cmp	r3, #16
1000277a:	d053      	beq.n	10002824 <_ntoa_format+0x128>
1000277c:	2b02      	cmp	r3, #2
1000277e:	d05b      	beq.n	10002838 <_ntoa_format+0x13c>
10002780:	2c20      	cmp	r4, #32
10002782:	d136      	bne.n	100027f2 <_ntoa_format+0xf6>
10002784:	2320      	movs	r3, #32
10002786:	9c12      	ldr	r4, [sp, #72]	@ 0x48
10002788:	9301      	str	r3, [sp, #4]
1000278a:	9b0c      	ldr	r3, [sp, #48]	@ 0x30
1000278c:	464a      	mov	r2, r9
1000278e:	9300      	str	r3, [sp, #0]
10002790:	9403      	str	r4, [sp, #12]
10002792:	4663      	mov	r3, ip
10002794:	9502      	str	r5, [sp, #8]
10002796:	f7ff ff5d 	bl	10002654 <_out_rev>
1000279a:	b004      	add	sp, #16
1000279c:	bce0      	pop	{r5, r6, r7}
1000279e:	46ba      	mov	sl, r7
100027a0:	46b1      	mov	r9, r6
100027a2:	46a8      	mov	r8, r5
100027a4:	bdf0      	pop	{r4, r5, r6, r7, pc}
100027a6:	2301      	movs	r3, #1
100027a8:	9a12      	ldr	r2, [sp, #72]	@ 0x48
100027aa:	4013      	ands	r3, r2
100027ac:	4698      	mov	r8, r3
100027ae:	2301      	movs	r3, #1
100027b0:	4213      	tst	r3, r2
100027b2:	d12d      	bne.n	10002810 <_ntoa_format+0x114>
100027b4:	42b4      	cmp	r4, r6
100027b6:	d3ba      	bcc.n	1000272e <_ntoa_format+0x32>
100027b8:	9b12      	ldr	r3, [sp, #72]	@ 0x48
100027ba:	06db      	lsls	r3, r3, #27
100027bc:	d51e      	bpl.n	100027fc <_ntoa_format+0x100>
100027be:	9b12      	ldr	r3, [sp, #72]	@ 0x48
100027c0:	055b      	lsls	r3, r3, #21
100027c2:	d4d8      	bmi.n	10002776 <_ntoa_format+0x7a>
100027c4:	2c00      	cmp	r4, #0
100027c6:	d1d2      	bne.n	1000276e <_ntoa_format+0x72>
100027c8:	9b0f      	ldr	r3, [sp, #60]	@ 0x3c
100027ca:	2b10      	cmp	r3, #16
100027cc:	d060      	beq.n	10002890 <_ntoa_format+0x194>
100027ce:	9b0f      	ldr	r3, [sp, #60]	@ 0x3c
100027d0:	2b02      	cmp	r3, #2
100027d2:	d071      	beq.n	100028b8 <_ntoa_format+0x1bc>
100027d4:	2330      	movs	r3, #48	@ 0x30
100027d6:	2401      	movs	r4, #1
100027d8:	9a0c      	ldr	r2, [sp, #48]	@ 0x30
100027da:	7013      	strb	r3, [r2, #0]
100027dc:	4653      	mov	r3, sl
100027de:	2b00      	cmp	r3, #0
100027e0:	d111      	bne.n	10002806 <_ntoa_format+0x10a>
100027e2:	9b12      	ldr	r3, [sp, #72]	@ 0x48
100027e4:	075b      	lsls	r3, r3, #29
100027e6:	d540      	bpl.n	1000286a <_ntoa_format+0x16e>
100027e8:	262b      	movs	r6, #43	@ 0x2b
100027ea:	9a0c      	ldr	r2, [sp, #48]	@ 0x30
100027ec:	1c63      	adds	r3, r4, #1
100027ee:	5516      	strb	r6, [r2, r4]
100027f0:	e7c9      	b.n	10002786 <_ntoa_format+0x8a>
100027f2:	0023      	movs	r3, r4
100027f4:	3401      	adds	r4, #1
100027f6:	2630      	movs	r6, #48	@ 0x30
100027f8:	9a0c      	ldr	r2, [sp, #48]	@ 0x30
100027fa:	54d6      	strb	r6, [r2, r3]
100027fc:	2c20      	cmp	r4, #32
100027fe:	d0c1      	beq.n	10002784 <_ntoa_format+0x88>
10002800:	4653      	mov	r3, sl
10002802:	2b00      	cmp	r3, #0
10002804:	d0ed      	beq.n	100027e2 <_ntoa_format+0xe6>
10002806:	262d      	movs	r6, #45	@ 0x2d
10002808:	9a0c      	ldr	r2, [sp, #48]	@ 0x30
1000280a:	1c63      	adds	r3, r4, #1
1000280c:	5516      	strb	r6, [r2, r4]
1000280e:	e7ba      	b.n	10002786 <_ntoa_format+0x8a>
10002810:	2f00      	cmp	r7, #0
10002812:	d034      	beq.n	1000287e <_ntoa_format+0x182>
10002814:	3d01      	subs	r5, #1
10002816:	42b4      	cmp	r4, r6
10002818:	d200      	bcs.n	1000281c <_ntoa_format+0x120>
1000281a:	e788      	b.n	1000272e <_ntoa_format+0x32>
1000281c:	e795      	b.n	1000274a <_ntoa_format+0x4e>
1000281e:	9b0f      	ldr	r3, [sp, #60]	@ 0x3c
10002820:	2b10      	cmp	r3, #16
10002822:	d1af      	bne.n	10002784 <_ntoa_format+0x88>
10002824:	9b12      	ldr	r3, [sp, #72]	@ 0x48
10002826:	069b      	lsls	r3, r3, #26
10002828:	d53c      	bpl.n	100028a4 <_ntoa_format+0x1a8>
1000282a:	2c20      	cmp	r4, #32
1000282c:	d0aa      	beq.n	10002784 <_ntoa_format+0x88>
1000282e:	2358      	movs	r3, #88	@ 0x58
10002830:	9a0c      	ldr	r2, [sp, #48]	@ 0x30
10002832:	5513      	strb	r3, [r2, r4]
10002834:	3401      	adds	r4, #1
10002836:	e7a3      	b.n	10002780 <_ntoa_format+0x84>
10002838:	2c20      	cmp	r4, #32
1000283a:	d0a3      	beq.n	10002784 <_ntoa_format+0x88>
1000283c:	0023      	movs	r3, r4
1000283e:	3401      	adds	r4, #1
10002840:	e007      	b.n	10002852 <_ntoa_format+0x156>
10002842:	1e63      	subs	r3, r4, #1
10002844:	2c01      	cmp	r4, #1
10002846:	d0bf      	beq.n	100027c8 <_ntoa_format+0xcc>
10002848:	9a0f      	ldr	r2, [sp, #60]	@ 0x3c
1000284a:	2a10      	cmp	r2, #16
1000284c:	d036      	beq.n	100028bc <_ntoa_format+0x1c0>
1000284e:	2a02      	cmp	r2, #2
10002850:	d1d1      	bne.n	100027f6 <_ntoa_format+0xfa>
10002852:	2662      	movs	r6, #98	@ 0x62
10002854:	9a0c      	ldr	r2, [sp, #48]	@ 0x30
10002856:	54d6      	strb	r6, [r2, r3]
10002858:	e792      	b.n	10002780 <_ntoa_format+0x84>
1000285a:	9b12      	ldr	r3, [sp, #72]	@ 0x48
1000285c:	06db      	lsls	r3, r3, #27
1000285e:	d5cd      	bpl.n	100027fc <_ntoa_format+0x100>
10002860:	9b12      	ldr	r3, [sp, #72]	@ 0x48
10002862:	055b      	lsls	r3, r3, #21
10002864:	d400      	bmi.n	10002868 <_ntoa_format+0x16c>
10002866:	e782      	b.n	1000276e <_ntoa_format+0x72>
10002868:	e785      	b.n	10002776 <_ntoa_format+0x7a>
1000286a:	9a12      	ldr	r2, [sp, #72]	@ 0x48
1000286c:	0023      	movs	r3, r4
1000286e:	0716      	lsls	r6, r2, #28
10002870:	d400      	bmi.n	10002874 <_ntoa_format+0x178>
10002872:	e788      	b.n	10002786 <_ntoa_format+0x8a>
10002874:	2620      	movs	r6, #32
10002876:	9a0c      	ldr	r2, [sp, #48]	@ 0x30
10002878:	3301      	adds	r3, #1
1000287a:	5516      	strb	r6, [r2, r4]
1000287c:	e783      	b.n	10002786 <_ntoa_format+0x8a>
1000287e:	230c      	movs	r3, #12
10002880:	4013      	ands	r3, r2
10002882:	1e5f      	subs	r7, r3, #1
10002884:	41bb      	sbcs	r3, r7
10002886:	1aed      	subs	r5, r5, r3
10002888:	42b4      	cmp	r4, r6
1000288a:	d200      	bcs.n	1000288e <_ntoa_format+0x192>
1000288c:	e74f      	b.n	1000272e <_ntoa_format+0x32>
1000288e:	e75c      	b.n	1000274a <_ntoa_format+0x4e>
10002890:	9b12      	ldr	r3, [sp, #72]	@ 0x48
10002892:	069b      	lsls	r3, r3, #26
10002894:	d40e      	bmi.n	100028b4 <_ntoa_format+0x1b8>
10002896:	2378      	movs	r3, #120	@ 0x78
10002898:	9a0c      	ldr	r2, [sp, #48]	@ 0x30
1000289a:	2402      	movs	r4, #2
1000289c:	7013      	strb	r3, [r2, #0]
1000289e:	2330      	movs	r3, #48	@ 0x30
100028a0:	7053      	strb	r3, [r2, #1]
100028a2:	e79b      	b.n	100027dc <_ntoa_format+0xe0>
100028a4:	2c20      	cmp	r4, #32
100028a6:	d100      	bne.n	100028aa <_ntoa_format+0x1ae>
100028a8:	e76c      	b.n	10002784 <_ntoa_format+0x88>
100028aa:	2378      	movs	r3, #120	@ 0x78
100028ac:	9a0c      	ldr	r2, [sp, #48]	@ 0x30
100028ae:	5513      	strb	r3, [r2, r4]
100028b0:	3401      	adds	r4, #1
100028b2:	e765      	b.n	10002780 <_ntoa_format+0x84>
100028b4:	2358      	movs	r3, #88	@ 0x58
100028b6:	e7ef      	b.n	10002898 <_ntoa_format+0x19c>
100028b8:	3360      	adds	r3, #96	@ 0x60
100028ba:	e7ed      	b.n	10002898 <_ntoa_format+0x19c>
100028bc:	9a0c      	ldr	r2, [sp, #48]	@ 0x30
100028be:	1ea6      	subs	r6, r4, #2
100028c0:	18b6      	adds	r6, r6, r2
100028c2:	9a12      	ldr	r2, [sp, #72]	@ 0x48
100028c4:	0692      	lsls	r2, r2, #26
100028c6:	d502      	bpl.n	100028ce <_ntoa_format+0x1d2>
100028c8:	2258      	movs	r2, #88	@ 0x58
100028ca:	7032      	strb	r2, [r6, #0]
100028cc:	e793      	b.n	100027f6 <_ntoa_format+0xfa>
100028ce:	2278      	movs	r2, #120	@ 0x78
100028d0:	7032      	strb	r2, [r6, #0]
100028d2:	e790      	b.n	100027f6 <_ntoa_format+0xfa>

100028d4 <_out_char>:
100028d4:	b510      	push	{r4, lr}
100028d6:	2800      	cmp	r0, #0
100028d8:	d100      	bne.n	100028dc <_out_char+0x8>
100028da:	bd10      	pop	{r4, pc}
100028dc:	f001 fbf4 	bl	100040c8 <__wrap_putchar>
100028e0:	e7fb      	b.n	100028da <_out_char+0x6>
100028e2:	46c0      	nop			@ (mov r8, r8)

100028e4 <_out_fct>:
100028e4:	b510      	push	{r4, lr}
100028e6:	2800      	cmp	r0, #0
100028e8:	d003      	beq.n	100028f2 <_out_fct+0xe>
100028ea:	684a      	ldr	r2, [r1, #4]
100028ec:	680b      	ldr	r3, [r1, #0]
100028ee:	0011      	movs	r1, r2
100028f0:	4798      	blx	r3
100028f2:	bd10      	pop	{r4, pc}

100028f4 <_ftoa>:
100028f4:	b5f0      	push	{r4, r5, r6, r7, lr}
100028f6:	464e      	mov	r6, r9
100028f8:	46de      	mov	lr, fp
100028fa:	4657      	mov	r7, sl
100028fc:	4645      	mov	r5, r8
100028fe:	b5e0      	push	{r5, r6, r7, lr}
10002900:	b095      	sub	sp, #84	@ 0x54
10002902:	4683      	mov	fp, r0
10002904:	4689      	mov	r9, r1
10002906:	4692      	mov	sl, r2
10002908:	4698      	mov	r8, r3
1000290a:	9a1e      	ldr	r2, [sp, #120]	@ 0x78
1000290c:	9b1f      	ldr	r3, [sp, #124]	@ 0x7c
1000290e:	0010      	movs	r0, r2
10002910:	0019      	movs	r1, r3
10002912:	9e20      	ldr	r6, [sp, #128]	@ 0x80
10002914:	f7ff fac9 	bl	10001eaa <__wrap___aeabi_dcmpun>
10002918:	2800      	cmp	r0, #0
1000291a:	d000      	beq.n	1000291e <_ftoa+0x2a>
1000291c:	e1d2      	b.n	10002cc4 <_ftoa+0x3d0>
1000291e:	981e      	ldr	r0, [sp, #120]	@ 0x78
10002920:	991f      	ldr	r1, [sp, #124]	@ 0x7c
10002922:	2201      	movs	r2, #1
10002924:	4bc4      	ldr	r3, [pc, #784]	@ (10002c38 <_ftoa+0x344>)
10002926:	4252      	negs	r2, r2
10002928:	f7ff faa4 	bl	10001e74 <__wrap___aeabi_dcmplt>
1000292c:	2800      	cmp	r0, #0
1000292e:	d000      	beq.n	10002932 <_ftoa+0x3e>
10002930:	e101      	b.n	10002b36 <_ftoa+0x242>
10002932:	981e      	ldr	r0, [sp, #120]	@ 0x78
10002934:	991f      	ldr	r1, [sp, #124]	@ 0x7c
10002936:	2201      	movs	r2, #1
10002938:	4bc0      	ldr	r3, [pc, #768]	@ (10002c3c <_ftoa+0x348>)
1000293a:	4252      	negs	r2, r2
1000293c:	f7ff fab0 	bl	10001ea0 <__wrap___aeabi_dcmpgt>
10002940:	2800      	cmp	r0, #0
10002942:	d000      	beq.n	10002946 <_ftoa+0x52>
10002944:	e0d6      	b.n	10002af4 <_ftoa+0x200>
10002946:	981e      	ldr	r0, [sp, #120]	@ 0x78
10002948:	991f      	ldr	r1, [sp, #124]	@ 0x7c
1000294a:	2200      	movs	r2, #0
1000294c:	4bbc      	ldr	r3, [pc, #752]	@ (10002c40 <_ftoa+0x34c>)
1000294e:	f7ff faa7 	bl	10001ea0 <__wrap___aeabi_dcmpgt>
10002952:	2800      	cmp	r0, #0
10002954:	d000      	beq.n	10002958 <_ftoa+0x64>
10002956:	e0b5      	b.n	10002ac4 <_ftoa+0x1d0>
10002958:	981e      	ldr	r0, [sp, #120]	@ 0x78
1000295a:	991f      	ldr	r1, [sp, #124]	@ 0x7c
1000295c:	2200      	movs	r2, #0
1000295e:	4bb9      	ldr	r3, [pc, #740]	@ (10002c44 <_ftoa+0x350>)
10002960:	f7ff fa88 	bl	10001e74 <__wrap___aeabi_dcmplt>
10002964:	2800      	cmp	r0, #0
10002966:	d000      	beq.n	1000296a <_ftoa+0x76>
10002968:	e0ac      	b.n	10002ac4 <_ftoa+0x1d0>
1000296a:	981e      	ldr	r0, [sp, #120]	@ 0x78
1000296c:	991f      	ldr	r1, [sp, #124]	@ 0x7c
1000296e:	2200      	movs	r2, #0
10002970:	2300      	movs	r3, #0
10002972:	f7ff fa7f 	bl	10001e74 <__wrap___aeabi_dcmplt>
10002976:	2800      	cmp	r0, #0
10002978:	d000      	beq.n	1000297c <_ftoa+0x88>
1000297a:	e0d1      	b.n	10002b20 <_ftoa+0x22c>
1000297c:	2300      	movs	r3, #0
1000297e:	930b      	str	r3, [sp, #44]	@ 0x2c
10002980:	9b22      	ldr	r3, [sp, #136]	@ 0x88
10002982:	055b      	lsls	r3, r3, #21
10002984:	d400      	bmi.n	10002988 <_ftoa+0x94>
10002986:	2606      	movs	r6, #6
10002988:	2400      	movs	r4, #0
1000298a:	2330      	movs	r3, #48	@ 0x30
1000298c:	e006      	b.n	1000299c <_ftoa+0xa8>
1000298e:	aa06      	add	r2, sp, #24
10002990:	3401      	adds	r4, #1
10002992:	3217      	adds	r2, #23
10002994:	5513      	strb	r3, [r2, r4]
10002996:	3e01      	subs	r6, #1
10002998:	2c20      	cmp	r4, #32
1000299a:	d001      	beq.n	100029a0 <_ftoa+0xac>
1000299c:	2e09      	cmp	r6, #9
1000299e:	d8f6      	bhi.n	1000298e <_ftoa+0x9a>
100029a0:	981e      	ldr	r0, [sp, #120]	@ 0x78
100029a2:	991f      	ldr	r1, [sp, #124]	@ 0x7c
100029a4:	f7ff faaa 	bl	10001efc <__wrap___aeabi_d2iz>
100029a8:	4ba7      	ldr	r3, [pc, #668]	@ (10002c48 <_ftoa+0x354>)
100029aa:	00f2      	lsls	r2, r6, #3
100029ac:	189b      	adds	r3, r3, r2
100029ae:	cb0c      	ldmia	r3, {r2, r3}
100029b0:	0005      	movs	r5, r0
100029b2:	9208      	str	r2, [sp, #32]
100029b4:	9309      	str	r3, [sp, #36]	@ 0x24
100029b6:	f7ff fa89 	bl	10001ecc <__wrap___aeabi_i2d>
100029ba:	0002      	movs	r2, r0
100029bc:	000b      	movs	r3, r1
100029be:	981e      	ldr	r0, [sp, #120]	@ 0x78
100029c0:	991f      	ldr	r1, [sp, #124]	@ 0x7c
100029c2:	f7ff f9e4 	bl	10001d8e <__wrap___aeabi_dsub>
100029c6:	9a08      	ldr	r2, [sp, #32]
100029c8:	9b09      	ldr	r3, [sp, #36]	@ 0x24
100029ca:	f7ff fa10 	bl	10001dee <__wrap___aeabi_dmul>
100029ce:	9006      	str	r0, [sp, #24]
100029d0:	9107      	str	r1, [sp, #28]
100029d2:	f7ff fab7 	bl	10001f44 <__wrap___aeabi_d2uiz>
100029d6:	0007      	movs	r7, r0
100029d8:	f7ff fa74 	bl	10001ec4 <__wrap___aeabi_ui2d>
100029dc:	0002      	movs	r2, r0
100029de:	000b      	movs	r3, r1
100029e0:	9806      	ldr	r0, [sp, #24]
100029e2:	9907      	ldr	r1, [sp, #28]
100029e4:	f7ff f9d3 	bl	10001d8e <__wrap___aeabi_dsub>
100029e8:	2200      	movs	r2, #0
100029ea:	4b98      	ldr	r3, [pc, #608]	@ (10002c4c <_ftoa+0x358>)
100029ec:	9006      	str	r0, [sp, #24]
100029ee:	9107      	str	r1, [sp, #28]
100029f0:	f7ff fa56 	bl	10001ea0 <__wrap___aeabi_dcmpgt>
100029f4:	2800      	cmp	r0, #0
100029f6:	d100      	bne.n	100029fa <_ftoa+0x106>
100029f8:	e0e9      	b.n	10002bce <_ftoa+0x2da>
100029fa:	3701      	adds	r7, #1
100029fc:	0038      	movs	r0, r7
100029fe:	f7ff fa61 	bl	10001ec4 <__wrap___aeabi_ui2d>
10002a02:	0002      	movs	r2, r0
10002a04:	000b      	movs	r3, r1
10002a06:	9808      	ldr	r0, [sp, #32]
10002a08:	9909      	ldr	r1, [sp, #36]	@ 0x24
10002a0a:	f7ff fa39 	bl	10001e80 <__wrap___aeabi_dcmple>
10002a0e:	2800      	cmp	r0, #0
10002a10:	d001      	beq.n	10002a16 <_ftoa+0x122>
10002a12:	2700      	movs	r7, #0
10002a14:	3501      	adds	r5, #1
10002a16:	2e00      	cmp	r6, #0
10002a18:	d100      	bne.n	10002a1c <_ftoa+0x128>
10002a1a:	e0b7      	b.n	10002b8c <_ftoa+0x298>
10002a1c:	9506      	str	r5, [sp, #24]
10002a1e:	e013      	b.n	10002a48 <_ftoa+0x154>
10002a20:	2317      	movs	r3, #23
10002a22:	aa06      	add	r2, sp, #24
10002a24:	189b      	adds	r3, r3, r2
10002a26:	210a      	movs	r1, #10
10002a28:	0038      	movs	r0, r7
10002a2a:	3401      	adds	r4, #1
10002a2c:	191d      	adds	r5, r3, r4
10002a2e:	f7fe ff73 	bl	10001918 <__wrap___aeabi_uidiv>
10002a32:	3130      	adds	r1, #48	@ 0x30
10002a34:	7029      	strb	r1, [r5, #0]
10002a36:	0038      	movs	r0, r7
10002a38:	210a      	movs	r1, #10
10002a3a:	3e01      	subs	r6, #1
10002a3c:	f7fe ff6c 	bl	10001918 <__wrap___aeabi_uidiv>
10002a40:	2f09      	cmp	r7, #9
10002a42:	d800      	bhi.n	10002a46 <_ftoa+0x152>
10002a44:	e0e1      	b.n	10002c0a <_ftoa+0x316>
10002a46:	0007      	movs	r7, r0
10002a48:	2c20      	cmp	r4, #32
10002a4a:	d1e9      	bne.n	10002a20 <_ftoa+0x12c>
10002a4c:	9d06      	ldr	r5, [sp, #24]
10002a4e:	2420      	movs	r4, #32
10002a50:	ab0c      	add	r3, sp, #48	@ 0x30
10002a52:	9306      	str	r3, [sp, #24]
10002a54:	2717      	movs	r7, #23
10002a56:	ab06      	add	r3, sp, #24
10002a58:	18ff      	adds	r7, r7, r3
10002a5a:	e00d      	b.n	10002a78 <_ftoa+0x184>
10002a5c:	0028      	movs	r0, r5
10002a5e:	210a      	movs	r1, #10
10002a60:	f7fe ff32 	bl	100018c8 <__wrap___aeabi_idiv>
10002a64:	3401      	adds	r4, #1
10002a66:	3130      	adds	r1, #48	@ 0x30
10002a68:	0028      	movs	r0, r5
10002a6a:	5539      	strb	r1, [r7, r4]
10002a6c:	210a      	movs	r1, #10
10002a6e:	f7fe ff2b 	bl	100018c8 <__wrap___aeabi_idiv>
10002a72:	1e05      	subs	r5, r0, #0
10002a74:	d100      	bne.n	10002a78 <_ftoa+0x184>
10002a76:	e0b7      	b.n	10002be8 <_ftoa+0x2f4>
10002a78:	2c20      	cmp	r4, #32
10002a7a:	d1ef      	bne.n	10002a5c <_ftoa+0x168>
10002a7c:	2303      	movs	r3, #3
10002a7e:	9a22      	ldr	r2, [sp, #136]	@ 0x88
10002a80:	4013      	ands	r3, r2
10002a82:	2b01      	cmp	r3, #1
10002a84:	d117      	bne.n	10002ab6 <_ftoa+0x1c2>
10002a86:	9b21      	ldr	r3, [sp, #132]	@ 0x84
10002a88:	2b00      	cmp	r3, #0
10002a8a:	d014      	beq.n	10002ab6 <_ftoa+0x1c2>
10002a8c:	9b0b      	ldr	r3, [sp, #44]	@ 0x2c
10002a8e:	2b00      	cmp	r3, #0
10002a90:	d100      	bne.n	10002a94 <_ftoa+0x1a0>
10002a92:	e0e3      	b.n	10002c5c <_ftoa+0x368>
10002a94:	9b21      	ldr	r3, [sp, #132]	@ 0x84
10002a96:	3b01      	subs	r3, #1
10002a98:	9321      	str	r3, [sp, #132]	@ 0x84
10002a9a:	2b20      	cmp	r3, #32
10002a9c:	d90b      	bls.n	10002ab6 <_ftoa+0x1c2>
10002a9e:	2330      	movs	r3, #48	@ 0x30
10002aa0:	9a21      	ldr	r2, [sp, #132]	@ 0x84
10002aa2:	e006      	b.n	10002ab2 <_ftoa+0x1be>
10002aa4:	a906      	add	r1, sp, #24
10002aa6:	3401      	adds	r4, #1
10002aa8:	3117      	adds	r1, #23
10002aaa:	550b      	strb	r3, [r1, r4]
10002aac:	4294      	cmp	r4, r2
10002aae:	d300      	bcc.n	10002ab2 <_ftoa+0x1be>
10002ab0:	e0a0      	b.n	10002bf4 <_ftoa+0x300>
10002ab2:	2c20      	cmp	r4, #32
10002ab4:	d1f6      	bne.n	10002aa4 <_ftoa+0x1b0>
10002ab6:	9b22      	ldr	r3, [sp, #136]	@ 0x88
10002ab8:	9401      	str	r4, [sp, #4]
10002aba:	9303      	str	r3, [sp, #12]
10002abc:	9b21      	ldr	r3, [sp, #132]	@ 0x84
10002abe:	9302      	str	r3, [sp, #8]
10002ac0:	9b06      	ldr	r3, [sp, #24]
10002ac2:	e021      	b.n	10002b08 <_ftoa+0x214>
10002ac4:	9b22      	ldr	r3, [sp, #136]	@ 0x88
10002ac6:	4652      	mov	r2, sl
10002ac8:	9304      	str	r3, [sp, #16]
10002aca:	9b21      	ldr	r3, [sp, #132]	@ 0x84
10002acc:	4649      	mov	r1, r9
10002ace:	9303      	str	r3, [sp, #12]
10002ad0:	4658      	mov	r0, fp
10002ad2:	9b1e      	ldr	r3, [sp, #120]	@ 0x78
10002ad4:	9c1f      	ldr	r4, [sp, #124]	@ 0x7c
10002ad6:	9602      	str	r6, [sp, #8]
10002ad8:	9300      	str	r3, [sp, #0]
10002ada:	9401      	str	r4, [sp, #4]
10002adc:	4643      	mov	r3, r8
10002ade:	f000 f943 	bl	10002d68 <_etoa>
10002ae2:	0004      	movs	r4, r0
10002ae4:	0020      	movs	r0, r4
10002ae6:	b015      	add	sp, #84	@ 0x54
10002ae8:	bcf0      	pop	{r4, r5, r6, r7}
10002aea:	46bb      	mov	fp, r7
10002aec:	46b2      	mov	sl, r6
10002aee:	46a9      	mov	r9, r5
10002af0:	46a0      	mov	r8, r4
10002af2:	bdf0      	pop	{r4, r5, r6, r7, pc}
10002af4:	9b22      	ldr	r3, [sp, #136]	@ 0x88
10002af6:	075b      	lsls	r3, r3, #29
10002af8:	d40f      	bmi.n	10002b1a <_ftoa+0x226>
10002afa:	2203      	movs	r2, #3
10002afc:	4b54      	ldr	r3, [pc, #336]	@ (10002c50 <_ftoa+0x35c>)
10002afe:	9922      	ldr	r1, [sp, #136]	@ 0x88
10002b00:	9201      	str	r2, [sp, #4]
10002b02:	9103      	str	r1, [sp, #12]
10002b04:	9921      	ldr	r1, [sp, #132]	@ 0x84
10002b06:	9102      	str	r1, [sp, #8]
10002b08:	9300      	str	r3, [sp, #0]
10002b0a:	4652      	mov	r2, sl
10002b0c:	4643      	mov	r3, r8
10002b0e:	4649      	mov	r1, r9
10002b10:	4658      	mov	r0, fp
10002b12:	f7ff fd9f 	bl	10002654 <_out_rev>
10002b16:	0004      	movs	r4, r0
10002b18:	e7e4      	b.n	10002ae4 <_ftoa+0x1f0>
10002b1a:	2204      	movs	r2, #4
10002b1c:	4b4d      	ldr	r3, [pc, #308]	@ (10002c54 <_ftoa+0x360>)
10002b1e:	e7ee      	b.n	10002afe <_ftoa+0x20a>
10002b20:	9a1e      	ldr	r2, [sp, #120]	@ 0x78
10002b22:	9b1f      	ldr	r3, [sp, #124]	@ 0x7c
10002b24:	2000      	movs	r0, #0
10002b26:	2100      	movs	r1, #0
10002b28:	f7ff f931 	bl	10001d8e <__wrap___aeabi_dsub>
10002b2c:	2301      	movs	r3, #1
10002b2e:	901e      	str	r0, [sp, #120]	@ 0x78
10002b30:	911f      	str	r1, [sp, #124]	@ 0x7c
10002b32:	930b      	str	r3, [sp, #44]	@ 0x2c
10002b34:	e724      	b.n	10002980 <_ftoa+0x8c>
10002b36:	2302      	movs	r3, #2
10002b38:	9a22      	ldr	r2, [sp, #136]	@ 0x88
10002b3a:	4654      	mov	r4, sl
10002b3c:	401a      	ands	r2, r3
10002b3e:	9b22      	ldr	r3, [sp, #136]	@ 0x88
10002b40:	9206      	str	r2, [sp, #24]
10002b42:	079b      	lsls	r3, r3, #30
10002b44:	d100      	bne.n	10002b48 <_ftoa+0x254>
10002b46:	e0ac      	b.n	10002ca2 <_ftoa+0x3ae>
10002b48:	0026      	movs	r6, r4
10002b4a:	4d43      	ldr	r5, [pc, #268]	@ (10002c58 <_ftoa+0x364>)
10002b4c:	9408      	str	r4, [sp, #32]
10002b4e:	1f2f      	subs	r7, r5, #4
10002b50:	0032      	movs	r2, r6
10002b52:	78e8      	ldrb	r0, [r5, #3]
10002b54:	4643      	mov	r3, r8
10002b56:	4649      	mov	r1, r9
10002b58:	3d01      	subs	r5, #1
10002b5a:	47d8      	blx	fp
10002b5c:	3601      	adds	r6, #1
10002b5e:	42bd      	cmp	r5, r7
10002b60:	d1f6      	bne.n	10002b50 <_ftoa+0x25c>
10002b62:	9c08      	ldr	r4, [sp, #32]
10002b64:	9b06      	ldr	r3, [sp, #24]
10002b66:	3404      	adds	r4, #4
10002b68:	2b00      	cmp	r3, #0
10002b6a:	d0bb      	beq.n	10002ae4 <_ftoa+0x1f0>
10002b6c:	4657      	mov	r7, sl
10002b6e:	9a21      	ldr	r2, [sp, #132]	@ 0x84
10002b70:	1be3      	subs	r3, r4, r7
10002b72:	429a      	cmp	r2, r3
10002b74:	d9b6      	bls.n	10002ae4 <_ftoa+0x1f0>
10002b76:	0015      	movs	r5, r2
10002b78:	0022      	movs	r2, r4
10002b7a:	4643      	mov	r3, r8
10002b7c:	4649      	mov	r1, r9
10002b7e:	2020      	movs	r0, #32
10002b80:	3401      	adds	r4, #1
10002b82:	47d8      	blx	fp
10002b84:	1be3      	subs	r3, r4, r7
10002b86:	42ab      	cmp	r3, r5
10002b88:	d3f6      	bcc.n	10002b78 <_ftoa+0x284>
10002b8a:	e7ab      	b.n	10002ae4 <_ftoa+0x1f0>
10002b8c:	0028      	movs	r0, r5
10002b8e:	f7ff f99d 	bl	10001ecc <__wrap___aeabi_i2d>
10002b92:	0002      	movs	r2, r0
10002b94:	000b      	movs	r3, r1
10002b96:	981e      	ldr	r0, [sp, #120]	@ 0x78
10002b98:	991f      	ldr	r1, [sp, #124]	@ 0x7c
10002b9a:	f7ff f8f8 	bl	10001d8e <__wrap___aeabi_dsub>
10002b9e:	4b2b      	ldr	r3, [pc, #172]	@ (10002c4c <_ftoa+0x358>)
10002ba0:	2200      	movs	r2, #0
10002ba2:	0006      	movs	r6, r0
10002ba4:	000f      	movs	r7, r1
10002ba6:	f7ff f965 	bl	10001e74 <__wrap___aeabi_dcmplt>
10002baa:	ab0c      	add	r3, sp, #48	@ 0x30
10002bac:	9306      	str	r3, [sp, #24]
10002bae:	2800      	cmp	r0, #0
10002bb0:	d000      	beq.n	10002bb4 <_ftoa+0x2c0>
10002bb2:	e74f      	b.n	10002a54 <_ftoa+0x160>
10002bb4:	2200      	movs	r2, #0
10002bb6:	0030      	movs	r0, r6
10002bb8:	0039      	movs	r1, r7
10002bba:	4b24      	ldr	r3, [pc, #144]	@ (10002c4c <_ftoa+0x358>)
10002bbc:	f7ff f970 	bl	10001ea0 <__wrap___aeabi_dcmpgt>
10002bc0:	2800      	cmp	r0, #0
10002bc2:	d000      	beq.n	10002bc6 <_ftoa+0x2d2>
10002bc4:	e746      	b.n	10002a54 <_ftoa+0x160>
10002bc6:	2301      	movs	r3, #1
10002bc8:	3501      	adds	r5, #1
10002bca:	439d      	bics	r5, r3
10002bcc:	e742      	b.n	10002a54 <_ftoa+0x160>
10002bce:	2200      	movs	r2, #0
10002bd0:	9806      	ldr	r0, [sp, #24]
10002bd2:	9907      	ldr	r1, [sp, #28]
10002bd4:	4b1d      	ldr	r3, [pc, #116]	@ (10002c4c <_ftoa+0x358>)
10002bd6:	f7ff f94d 	bl	10001e74 <__wrap___aeabi_dcmplt>
10002bda:	2800      	cmp	r0, #0
10002bdc:	d000      	beq.n	10002be0 <_ftoa+0x2ec>
10002bde:	e71a      	b.n	10002a16 <_ftoa+0x122>
10002be0:	2f00      	cmp	r7, #0
10002be2:	d159      	bne.n	10002c98 <_ftoa+0x3a4>
10002be4:	3701      	adds	r7, #1
10002be6:	e716      	b.n	10002a16 <_ftoa+0x122>
10002be8:	2303      	movs	r3, #3
10002bea:	9a22      	ldr	r2, [sp, #136]	@ 0x88
10002bec:	4013      	ands	r3, r2
10002bee:	2b01      	cmp	r3, #1
10002bf0:	d100      	bne.n	10002bf4 <_ftoa+0x300>
10002bf2:	e0a6      	b.n	10002d42 <_ftoa+0x44e>
10002bf4:	2c20      	cmp	r4, #32
10002bf6:	d100      	bne.n	10002bfa <_ftoa+0x306>
10002bf8:	e75d      	b.n	10002ab6 <_ftoa+0x1c2>
10002bfa:	9b0b      	ldr	r3, [sp, #44]	@ 0x2c
10002bfc:	2b00      	cmp	r3, #0
10002bfe:	d03a      	beq.n	10002c76 <_ftoa+0x382>
10002c00:	232d      	movs	r3, #45	@ 0x2d
10002c02:	9a06      	ldr	r2, [sp, #24]
10002c04:	5513      	strb	r3, [r2, r4]
10002c06:	3401      	adds	r4, #1
10002c08:	e755      	b.n	10002ab6 <_ftoa+0x1c2>
10002c0a:	9d06      	ldr	r5, [sp, #24]
10002c0c:	2c20      	cmp	r4, #32
10002c0e:	d100      	bne.n	10002c12 <_ftoa+0x31e>
10002c10:	e71d      	b.n	10002a4e <_ftoa+0x15a>
10002c12:	2330      	movs	r3, #48	@ 0x30
10002c14:	1936      	adds	r6, r6, r4
10002c16:	e006      	b.n	10002c26 <_ftoa+0x332>
10002c18:	aa06      	add	r2, sp, #24
10002c1a:	3401      	adds	r4, #1
10002c1c:	3217      	adds	r2, #23
10002c1e:	5513      	strb	r3, [r2, r4]
10002c20:	2c20      	cmp	r4, #32
10002c22:	d100      	bne.n	10002c26 <_ftoa+0x332>
10002c24:	e713      	b.n	10002a4e <_ftoa+0x15a>
10002c26:	42a6      	cmp	r6, r4
10002c28:	d1f6      	bne.n	10002c18 <_ftoa+0x324>
10002c2a:	232e      	movs	r3, #46	@ 0x2e
10002c2c:	aa0c      	add	r2, sp, #48	@ 0x30
10002c2e:	3401      	adds	r4, #1
10002c30:	9206      	str	r2, [sp, #24]
10002c32:	5593      	strb	r3, [r2, r6]
10002c34:	e70e      	b.n	10002a54 <_ftoa+0x160>
10002c36:	46c0      	nop			@ (mov r8, r8)
10002c38:	ffefffff 	.word	0xffefffff
10002c3c:	7fefffff 	.word	0x7fefffff
10002c40:	41cdcd65 	.word	0x41cdcd65
10002c44:	c1cdcd65 	.word	0xc1cdcd65
10002c48:	10006a68 	.word	0x10006a68
10002c4c:	3fe00000 	.word	0x3fe00000
10002c50:	100067c8 	.word	0x100067c8
10002c54:	100067c0 	.word	0x100067c0
10002c58:	100067d0 	.word	0x100067d0
10002c5c:	230c      	movs	r3, #12
10002c5e:	9a22      	ldr	r2, [sp, #136]	@ 0x88
10002c60:	4213      	tst	r3, r2
10002c62:	d057      	beq.n	10002d14 <_ftoa+0x420>
10002c64:	9b21      	ldr	r3, [sp, #132]	@ 0x84
10002c66:	3b01      	subs	r3, #1
10002c68:	9321      	str	r3, [sp, #132]	@ 0x84
10002c6a:	42a3      	cmp	r3, r4
10002c6c:	d900      	bls.n	10002c70 <_ftoa+0x37c>
10002c6e:	e716      	b.n	10002a9e <_ftoa+0x1aa>
10002c70:	2c20      	cmp	r4, #32
10002c72:	d100      	bne.n	10002c76 <_ftoa+0x382>
10002c74:	e71f      	b.n	10002ab6 <_ftoa+0x1c2>
10002c76:	9b22      	ldr	r3, [sp, #136]	@ 0x88
10002c78:	075b      	lsls	r3, r3, #29
10002c7a:	d504      	bpl.n	10002c86 <_ftoa+0x392>
10002c7c:	232b      	movs	r3, #43	@ 0x2b
10002c7e:	9a06      	ldr	r2, [sp, #24]
10002c80:	5513      	strb	r3, [r2, r4]
10002c82:	3401      	adds	r4, #1
10002c84:	e717      	b.n	10002ab6 <_ftoa+0x1c2>
10002c86:	9b22      	ldr	r3, [sp, #136]	@ 0x88
10002c88:	071b      	lsls	r3, r3, #28
10002c8a:	d400      	bmi.n	10002c8e <_ftoa+0x39a>
10002c8c:	e713      	b.n	10002ab6 <_ftoa+0x1c2>
10002c8e:	2320      	movs	r3, #32
10002c90:	9a06      	ldr	r2, [sp, #24]
10002c92:	5513      	strb	r3, [r2, r4]
10002c94:	3401      	adds	r4, #1
10002c96:	e70e      	b.n	10002ab6 <_ftoa+0x1c2>
10002c98:	07fb      	lsls	r3, r7, #31
10002c9a:	d400      	bmi.n	10002c9e <_ftoa+0x3aa>
10002c9c:	e6bb      	b.n	10002a16 <_ftoa+0x122>
10002c9e:	3701      	adds	r7, #1
10002ca0:	e6b9      	b.n	10002a16 <_ftoa+0x122>
10002ca2:	9b21      	ldr	r3, [sp, #132]	@ 0x84
10002ca4:	2b04      	cmp	r3, #4
10002ca6:	d800      	bhi.n	10002caa <_ftoa+0x3b6>
10002ca8:	e74e      	b.n	10002b48 <_ftoa+0x254>
10002caa:	4655      	mov	r5, sl
10002cac:	464f      	mov	r7, r9
10002cae:	3c04      	subs	r4, #4
10002cb0:	18e4      	adds	r4, r4, r3
10002cb2:	002a      	movs	r2, r5
10002cb4:	4643      	mov	r3, r8
10002cb6:	3501      	adds	r5, #1
10002cb8:	0039      	movs	r1, r7
10002cba:	2020      	movs	r0, #32
10002cbc:	47d8      	blx	fp
10002cbe:	42ac      	cmp	r4, r5
10002cc0:	d1f7      	bne.n	10002cb2 <_ftoa+0x3be>
10002cc2:	e741      	b.n	10002b48 <_ftoa+0x254>
10002cc4:	2702      	movs	r7, #2
10002cc6:	9b22      	ldr	r3, [sp, #136]	@ 0x88
10002cc8:	4655      	mov	r5, sl
10002cca:	401f      	ands	r7, r3
10002ccc:	079b      	lsls	r3, r3, #30
10002cce:	d026      	beq.n	10002d1e <_ftoa+0x42a>
10002cd0:	9706      	str	r7, [sp, #24]
10002cd2:	465f      	mov	r7, fp
10002cd4:	4e23      	ldr	r6, [pc, #140]	@ (10002d64 <_ftoa+0x470>)
10002cd6:	1cec      	adds	r4, r5, #3
10002cd8:	002a      	movs	r2, r5
10002cda:	78b0      	ldrb	r0, [r6, #2]
10002cdc:	4643      	mov	r3, r8
10002cde:	4649      	mov	r1, r9
10002ce0:	3501      	adds	r5, #1
10002ce2:	47b8      	blx	r7
10002ce4:	3e01      	subs	r6, #1
10002ce6:	42ac      	cmp	r4, r5
10002ce8:	d1f6      	bne.n	10002cd8 <_ftoa+0x3e4>
10002cea:	9f06      	ldr	r7, [sp, #24]
10002cec:	2f00      	cmp	r7, #0
10002cee:	d100      	bne.n	10002cf2 <_ftoa+0x3fe>
10002cf0:	e6f8      	b.n	10002ae4 <_ftoa+0x1f0>
10002cf2:	4657      	mov	r7, sl
10002cf4:	9a21      	ldr	r2, [sp, #132]	@ 0x84
10002cf6:	1be3      	subs	r3, r4, r7
10002cf8:	429a      	cmp	r2, r3
10002cfa:	d800      	bhi.n	10002cfe <_ftoa+0x40a>
10002cfc:	e6f2      	b.n	10002ae4 <_ftoa+0x1f0>
10002cfe:	0015      	movs	r5, r2
10002d00:	0022      	movs	r2, r4
10002d02:	4643      	mov	r3, r8
10002d04:	4649      	mov	r1, r9
10002d06:	2020      	movs	r0, #32
10002d08:	3401      	adds	r4, #1
10002d0a:	47d8      	blx	fp
10002d0c:	1be3      	subs	r3, r4, r7
10002d0e:	42ab      	cmp	r3, r5
10002d10:	d3f6      	bcc.n	10002d00 <_ftoa+0x40c>
10002d12:	e6e7      	b.n	10002ae4 <_ftoa+0x1f0>
10002d14:	9b21      	ldr	r3, [sp, #132]	@ 0x84
10002d16:	42a3      	cmp	r3, r4
10002d18:	d900      	bls.n	10002d1c <_ftoa+0x428>
10002d1a:	e6c0      	b.n	10002a9e <_ftoa+0x1aa>
10002d1c:	e6cb      	b.n	10002ab6 <_ftoa+0x1c2>
10002d1e:	9b21      	ldr	r3, [sp, #132]	@ 0x84
10002d20:	2b03      	cmp	r3, #3
10002d22:	d9d5      	bls.n	10002cd0 <_ftoa+0x3dc>
10002d24:	9706      	str	r7, [sp, #24]
10002d26:	4654      	mov	r4, sl
10002d28:	464f      	mov	r7, r9
10002d2a:	3d03      	subs	r5, #3
10002d2c:	18ed      	adds	r5, r5, r3
10002d2e:	0022      	movs	r2, r4
10002d30:	4643      	mov	r3, r8
10002d32:	3401      	adds	r4, #1
10002d34:	0039      	movs	r1, r7
10002d36:	2020      	movs	r0, #32
10002d38:	47d8      	blx	fp
10002d3a:	42a5      	cmp	r5, r4
10002d3c:	d1f7      	bne.n	10002d2e <_ftoa+0x43a>
10002d3e:	9f06      	ldr	r7, [sp, #24]
10002d40:	e7c6      	b.n	10002cd0 <_ftoa+0x3dc>
10002d42:	9b21      	ldr	r3, [sp, #132]	@ 0x84
10002d44:	2b00      	cmp	r3, #0
10002d46:	d100      	bne.n	10002d4a <_ftoa+0x456>
10002d48:	e754      	b.n	10002bf4 <_ftoa+0x300>
10002d4a:	9b0b      	ldr	r3, [sp, #44]	@ 0x2c
10002d4c:	2b00      	cmp	r3, #0
10002d4e:	d085      	beq.n	10002c5c <_ftoa+0x368>
10002d50:	9b21      	ldr	r3, [sp, #132]	@ 0x84
10002d52:	3b01      	subs	r3, #1
10002d54:	9321      	str	r3, [sp, #132]	@ 0x84
10002d56:	429c      	cmp	r4, r3
10002d58:	d200      	bcs.n	10002d5c <_ftoa+0x468>
10002d5a:	e6a0      	b.n	10002a9e <_ftoa+0x1aa>
10002d5c:	2c20      	cmp	r4, #32
10002d5e:	d000      	beq.n	10002d62 <_ftoa+0x46e>
10002d60:	e74e      	b.n	10002c00 <_ftoa+0x30c>
10002d62:	e6a8      	b.n	10002ab6 <_ftoa+0x1c2>
10002d64:	100067cc 	.word	0x100067cc

10002d68 <_etoa>:
10002d68:	b5f0      	push	{r4, r5, r6, r7, lr}
10002d6a:	4645      	mov	r5, r8
10002d6c:	46de      	mov	lr, fp
10002d6e:	4657      	mov	r7, sl
10002d70:	464e      	mov	r6, r9
10002d72:	b5e0      	push	{r5, r6, r7, lr}
10002d74:	b09b      	sub	sp, #108	@ 0x6c
10002d76:	9c24      	ldr	r4, [sp, #144]	@ 0x90
10002d78:	9d25      	ldr	r5, [sp, #148]	@ 0x94
10002d7a:	4682      	mov	sl, r0
10002d7c:	4688      	mov	r8, r1
10002d7e:	4693      	mov	fp, r2
10002d80:	4699      	mov	r9, r3
10002d82:	0022      	movs	r2, r4
10002d84:	002b      	movs	r3, r5
10002d86:	0020      	movs	r0, r4
10002d88:	0029      	movs	r1, r5
10002d8a:	f7ff f88e 	bl	10001eaa <__wrap___aeabi_dcmpun>
10002d8e:	2800      	cmp	r0, #0
10002d90:	d000      	beq.n	10002d94 <_etoa+0x2c>
10002d92:	e0c1      	b.n	10002f18 <_etoa+0x1b0>
10002d94:	2201      	movs	r2, #1
10002d96:	0020      	movs	r0, r4
10002d98:	0029      	movs	r1, r5
10002d9a:	4b7c      	ldr	r3, [pc, #496]	@ (10002f8c <_etoa+0x224>)
10002d9c:	4252      	negs	r2, r2
10002d9e:	f7ff f87f 	bl	10001ea0 <__wrap___aeabi_dcmpgt>
10002da2:	2800      	cmp	r0, #0
10002da4:	d000      	beq.n	10002da8 <_etoa+0x40>
10002da6:	e0b7      	b.n	10002f18 <_etoa+0x1b0>
10002da8:	2201      	movs	r2, #1
10002daa:	0020      	movs	r0, r4
10002dac:	0029      	movs	r1, r5
10002dae:	4b78      	ldr	r3, [pc, #480]	@ (10002f90 <_etoa+0x228>)
10002db0:	4252      	negs	r2, r2
10002db2:	f7ff f85f 	bl	10001e74 <__wrap___aeabi_dcmplt>
10002db6:	2800      	cmp	r0, #0
10002db8:	d000      	beq.n	10002dbc <_etoa+0x54>
10002dba:	e0ad      	b.n	10002f18 <_etoa+0x1b0>
10002dbc:	2200      	movs	r2, #0
10002dbe:	2300      	movs	r3, #0
10002dc0:	0020      	movs	r0, r4
10002dc2:	0029      	movs	r1, r5
10002dc4:	f7ff f856 	bl	10001e74 <__wrap___aeabi_dcmplt>
10002dc8:	2800      	cmp	r0, #0
10002dca:	d000      	beq.n	10002dce <_etoa+0x66>
10002dcc:	e1bb      	b.n	10003146 <_etoa+0x3de>
10002dce:	9408      	str	r4, [sp, #32]
10002dd0:	9509      	str	r5, [sp, #36]	@ 0x24
10002dd2:	9808      	ldr	r0, [sp, #32]
10002dd4:	9909      	ldr	r1, [sp, #36]	@ 0x24
10002dd6:	2380      	movs	r3, #128	@ 0x80
10002dd8:	9a28      	ldr	r2, [sp, #160]	@ 0xa0
10002dda:	00db      	lsls	r3, r3, #3
10002ddc:	401a      	ands	r2, r3
10002dde:	920f      	str	r2, [sp, #60]	@ 0x3c
10002de0:	2280      	movs	r2, #128	@ 0x80
10002de2:	9e28      	ldr	r6, [sp, #160]	@ 0xa0
10002de4:	0112      	lsls	r2, r2, #4
10002de6:	4016      	ands	r6, r2
10002de8:	0032      	movs	r2, r6
10002dea:	960e      	str	r6, [sp, #56]	@ 0x38
10002dec:	9e28      	ldr	r6, [sp, #160]	@ 0xa0
10002dee:	000f      	movs	r7, r1
10002df0:	900a      	str	r0, [sp, #40]	@ 0x28
10002df2:	421e      	tst	r6, r3
10002df4:	d000      	beq.n	10002df8 <_etoa+0x90>
10002df6:	e0a4      	b.n	10002f42 <_etoa+0x1da>
10002df8:	000b      	movs	r3, r1
10002dfa:	4303      	orrs	r3, r0
10002dfc:	d000      	beq.n	10002e00 <_etoa+0x98>
10002dfe:	e0cb      	b.n	10002f98 <_etoa+0x230>
10002e00:	2a00      	cmp	r2, #0
10002e02:	d000      	beq.n	10002e06 <_etoa+0x9e>
10002e04:	e212      	b.n	1000322c <_etoa+0x4c4>
10002e06:	0032      	movs	r2, r6
10002e08:	3306      	adds	r3, #6
10002e0a:	9326      	str	r3, [sp, #152]	@ 0x98
10002e0c:	2302      	movs	r3, #2
10002e0e:	4013      	ands	r3, r2
10002e10:	930c      	str	r3, [sp, #48]	@ 0x30
10002e12:	2302      	movs	r3, #2
10002e14:	4213      	tst	r3, r2
10002e16:	d000      	beq.n	10002e1a <_etoa+0xb2>
10002e18:	e20a      	b.n	10003230 <_etoa+0x4c8>
10002e1a:	9b27      	ldr	r3, [sp, #156]	@ 0x9c
10002e1c:	2b04      	cmp	r3, #4
10002e1e:	d200      	bcs.n	10002e22 <_etoa+0xba>
10002e20:	e215      	b.n	1000324e <_etoa+0x4e6>
10002e22:	2700      	movs	r7, #0
10002e24:	2604      	movs	r6, #4
10002e26:	3b04      	subs	r3, #4
10002e28:	930e      	str	r3, [sp, #56]	@ 0x38
10002e2a:	2200      	movs	r2, #0
10002e2c:	2300      	movs	r3, #0
10002e2e:	0020      	movs	r0, r4
10002e30:	0029      	movs	r1, r5
10002e32:	f7ff f81f 	bl	10001e74 <__wrap___aeabi_dcmplt>
10002e36:	2800      	cmp	r0, #0
10002e38:	d000      	beq.n	10002e3c <_etoa+0xd4>
10002e3a:	e1c8      	b.n	100031ce <_etoa+0x466>
10002e3c:	4b55      	ldr	r3, [pc, #340]	@ (10002f94 <_etoa+0x22c>)
10002e3e:	9a28      	ldr	r2, [sp, #160]	@ 0xa0
10002e40:	4013      	ands	r3, r2
10002e42:	9304      	str	r3, [sp, #16]
10002e44:	9b0e      	ldr	r3, [sp, #56]	@ 0x38
10002e46:	9303      	str	r3, [sp, #12]
10002e48:	9b26      	ldr	r3, [sp, #152]	@ 0x98
10002e4a:	9302      	str	r3, [sp, #8]
10002e4c:	9b08      	ldr	r3, [sp, #32]
10002e4e:	9c09      	ldr	r4, [sp, #36]	@ 0x24
10002e50:	9300      	str	r3, [sp, #0]
10002e52:	9401      	str	r4, [sp, #4]
10002e54:	4641      	mov	r1, r8
10002e56:	464b      	mov	r3, r9
10002e58:	465a      	mov	r2, fp
10002e5a:	4650      	mov	r0, sl
10002e5c:	f7ff fd4a 	bl	100028f4 <_ftoa>
10002e60:	0002      	movs	r2, r0
10002e62:	2020      	movs	r0, #32
10002e64:	9b28      	ldr	r3, [sp, #160]	@ 0xa0
10002e66:	2500      	movs	r5, #0
10002e68:	4003      	ands	r3, r0
10002e6a:	4259      	negs	r1, r3
10002e6c:	414b      	adcs	r3, r1
10002e6e:	425b      	negs	r3, r3
10002e70:	4018      	ands	r0, r3
10002e72:	1c53      	adds	r3, r2, #1
10002e74:	9308      	str	r3, [sp, #32]
10002e76:	4641      	mov	r1, r8
10002e78:	464b      	mov	r3, r9
10002e7a:	3045      	adds	r0, #69	@ 0x45
10002e7c:	47d0      	blx	sl
10002e7e:	17fb      	asrs	r3, r7, #31
10002e80:	18fc      	adds	r4, r7, r3
10002e82:	405c      	eors	r4, r3
10002e84:	0ffb      	lsrs	r3, r7, #31
10002e86:	271f      	movs	r7, #31
10002e88:	930a      	str	r3, [sp, #40]	@ 0x28
10002e8a:	1e73      	subs	r3, r6, #1
10002e8c:	930e      	str	r3, [sp, #56]	@ 0x38
10002e8e:	ab0a      	add	r3, sp, #40	@ 0x28
10002e90:	18ff      	adds	r7, r7, r3
10002e92:	e006      	b.n	10002ea2 <_etoa+0x13a>
10002e94:	0020      	movs	r0, r4
10002e96:	210a      	movs	r1, #10
10002e98:	f7fe fd3e 	bl	10001918 <__wrap___aeabi_uidiv>
10002e9c:	0004      	movs	r4, r0
10002e9e:	2d20      	cmp	r5, #32
10002ea0:	d008      	beq.n	10002eb4 <_etoa+0x14c>
10002ea2:	210a      	movs	r1, #10
10002ea4:	0020      	movs	r0, r4
10002ea6:	f7fe fd37 	bl	10001918 <__wrap___aeabi_uidiv>
10002eaa:	3501      	adds	r5, #1
10002eac:	3130      	adds	r1, #48	@ 0x30
10002eae:	5579      	strb	r1, [r7, r5]
10002eb0:	2c09      	cmp	r4, #9
10002eb2:	d8ef      	bhi.n	10002e94 <_etoa+0x12c>
10002eb4:	2305      	movs	r3, #5
10002eb6:	9306      	str	r3, [sp, #24]
10002eb8:	9b0e      	ldr	r3, [sp, #56]	@ 0x38
10002eba:	4656      	mov	r6, sl
10002ebc:	9305      	str	r3, [sp, #20]
10002ebe:	2300      	movs	r3, #0
10002ec0:	9304      	str	r3, [sp, #16]
10002ec2:	330a      	adds	r3, #10
10002ec4:	9303      	str	r3, [sp, #12]
10002ec6:	9b0a      	ldr	r3, [sp, #40]	@ 0x28
10002ec8:	4641      	mov	r1, r8
10002eca:	9302      	str	r3, [sp, #8]
10002ecc:	ab12      	add	r3, sp, #72	@ 0x48
10002ece:	9300      	str	r3, [sp, #0]
10002ed0:	0030      	movs	r0, r6
10002ed2:	464b      	mov	r3, r9
10002ed4:	9a08      	ldr	r2, [sp, #32]
10002ed6:	9501      	str	r5, [sp, #4]
10002ed8:	f7ff fc10 	bl	100026fc <_ntoa_format>
10002edc:	9b0c      	ldr	r3, [sp, #48]	@ 0x30
10002ede:	2b00      	cmp	r3, #0
10002ee0:	d028      	beq.n	10002f34 <_etoa+0x1cc>
10002ee2:	465f      	mov	r7, fp
10002ee4:	9b27      	ldr	r3, [sp, #156]	@ 0x9c
10002ee6:	1bc4      	subs	r4, r0, r7
10002ee8:	42a3      	cmp	r3, r4
10002eea:	d923      	bls.n	10002f34 <_etoa+0x1cc>
10002eec:	4682      	mov	sl, r0
10002eee:	001d      	movs	r5, r3
10002ef0:	193a      	adds	r2, r7, r4
10002ef2:	464b      	mov	r3, r9
10002ef4:	4641      	mov	r1, r8
10002ef6:	2020      	movs	r0, #32
10002ef8:	3401      	adds	r4, #1
10002efa:	47b0      	blx	r6
10002efc:	42a5      	cmp	r5, r4
10002efe:	d8f7      	bhi.n	10002ef0 <_etoa+0x188>
10002f00:	4650      	mov	r0, sl
10002f02:	4659      	mov	r1, fp
10002f04:	9c27      	ldr	r4, [sp, #156]	@ 0x9c
10002f06:	1a42      	subs	r2, r0, r1
10002f08:	3201      	adds	r2, #1
10002f0a:	2300      	movs	r3, #0
10002f0c:	4294      	cmp	r4, r2
10002f0e:	d300      	bcc.n	10002f12 <_etoa+0x1aa>
10002f10:	e195      	b.n	1000323e <_etoa+0x4d6>
10002f12:	3001      	adds	r0, #1
10002f14:	1818      	adds	r0, r3, r0
10002f16:	e00d      	b.n	10002f34 <_etoa+0x1cc>
10002f18:	9b28      	ldr	r3, [sp, #160]	@ 0xa0
10002f1a:	9400      	str	r4, [sp, #0]
10002f1c:	9501      	str	r5, [sp, #4]
10002f1e:	9304      	str	r3, [sp, #16]
10002f20:	9b27      	ldr	r3, [sp, #156]	@ 0x9c
10002f22:	9303      	str	r3, [sp, #12]
10002f24:	9b26      	ldr	r3, [sp, #152]	@ 0x98
10002f26:	9302      	str	r3, [sp, #8]
10002f28:	464b      	mov	r3, r9
10002f2a:	465a      	mov	r2, fp
10002f2c:	4641      	mov	r1, r8
10002f2e:	4650      	mov	r0, sl
10002f30:	f7ff fce0 	bl	100028f4 <_ftoa>
10002f34:	b01b      	add	sp, #108	@ 0x6c
10002f36:	bcf0      	pop	{r4, r5, r6, r7}
10002f38:	46bb      	mov	fp, r7
10002f3a:	46b2      	mov	sl, r6
10002f3c:	46a9      	mov	r9, r5
10002f3e:	46a0      	mov	r8, r4
10002f40:	bdf0      	pop	{r4, r5, r6, r7, pc}
10002f42:	4301      	orrs	r1, r0
10002f44:	d12a      	bne.n	10002f9c <_etoa+0x234>
10002f46:	9b0e      	ldr	r3, [sp, #56]	@ 0x38
10002f48:	0032      	movs	r2, r6
10002f4a:	2b00      	cmp	r3, #0
10002f4c:	d100      	bne.n	10002f50 <_etoa+0x1e8>
10002f4e:	e75d      	b.n	10002e0c <_etoa+0xa4>
10002f50:	2700      	movs	r7, #0
10002f52:	9b26      	ldr	r3, [sp, #152]	@ 0x98
10002f54:	2600      	movs	r6, #0
10002f56:	42bb      	cmp	r3, r7
10002f58:	dd00      	ble.n	10002f5c <_etoa+0x1f4>
10002f5a:	e182      	b.n	10003262 <_etoa+0x4fa>
10002f5c:	2200      	movs	r2, #0
10002f5e:	2300      	movs	r3, #0
10002f60:	0020      	movs	r0, r4
10002f62:	0029      	movs	r1, r5
10002f64:	f7fe ff86 	bl	10001e74 <__wrap___aeabi_dcmplt>
10002f68:	2800      	cmp	r0, #0
10002f6a:	d000      	beq.n	10002f6e <_etoa+0x206>
10002f6c:	e14b      	b.n	10003206 <_etoa+0x49e>
10002f6e:	9b28      	ldr	r3, [sp, #160]	@ 0xa0
10002f70:	4a08      	ldr	r2, [pc, #32]	@ (10002f94 <_etoa+0x22c>)
10002f72:	9602      	str	r6, [sp, #8]
10002f74:	401a      	ands	r2, r3
10002f76:	2380      	movs	r3, #128	@ 0x80
10002f78:	00db      	lsls	r3, r3, #3
10002f7a:	4313      	orrs	r3, r2
10002f7c:	9304      	str	r3, [sp, #16]
10002f7e:	9b27      	ldr	r3, [sp, #156]	@ 0x9c
10002f80:	9303      	str	r3, [sp, #12]
10002f82:	9b08      	ldr	r3, [sp, #32]
10002f84:	9c09      	ldr	r4, [sp, #36]	@ 0x24
10002f86:	9300      	str	r3, [sp, #0]
10002f88:	9401      	str	r4, [sp, #4]
10002f8a:	e7cd      	b.n	10002f28 <_etoa+0x1c0>
10002f8c:	7fefffff 	.word	0x7fefffff
10002f90:	ffefffff 	.word	0xffefffff
10002f94:	fffff7ff 	.word	0xfffff7ff
10002f98:	2306      	movs	r3, #6
10002f9a:	9326      	str	r3, [sp, #152]	@ 0x98
10002f9c:	4bb2      	ldr	r3, [pc, #712]	@ (10003268 <_etoa+0x500>)
10002f9e:	0078      	lsls	r0, r7, #1
10002fa0:	0d40      	lsrs	r0, r0, #21
10002fa2:	18c0      	adds	r0, r0, r3
10002fa4:	f7fe ff92 	bl	10001ecc <__wrap___aeabi_i2d>
10002fa8:	4ab0      	ldr	r2, [pc, #704]	@ (1000326c <_etoa+0x504>)
10002faa:	4bb1      	ldr	r3, [pc, #708]	@ (10003270 <_etoa+0x508>)
10002fac:	f7fe ff1f 	bl	10001dee <__wrap___aeabi_dmul>
10002fb0:	4ab0      	ldr	r2, [pc, #704]	@ (10003274 <_etoa+0x50c>)
10002fb2:	4bb1      	ldr	r3, [pc, #708]	@ (10003278 <_etoa+0x510>)
10002fb4:	f7fe fef4 	bl	10001da0 <__wrap___aeabi_dadd>
10002fb8:	033f      	lsls	r7, r7, #12
10002fba:	4bb0      	ldr	r3, [pc, #704]	@ (1000327c <_etoa+0x514>)
10002fbc:	0b3f      	lsrs	r7, r7, #12
10002fbe:	433b      	orrs	r3, r7
10002fc0:	900c      	str	r0, [sp, #48]	@ 0x30
10002fc2:	910d      	str	r1, [sp, #52]	@ 0x34
10002fc4:	2200      	movs	r2, #0
10002fc6:	980a      	ldr	r0, [sp, #40]	@ 0x28
10002fc8:	0019      	movs	r1, r3
10002fca:	4bad      	ldr	r3, [pc, #692]	@ (10003280 <_etoa+0x518>)
10002fcc:	f7fe fedf 	bl	10001d8e <__wrap___aeabi_dsub>
10002fd0:	4aac      	ldr	r2, [pc, #688]	@ (10003284 <_etoa+0x51c>)
10002fd2:	4bad      	ldr	r3, [pc, #692]	@ (10003288 <_etoa+0x520>)
10002fd4:	f7fe ff0b 	bl	10001dee <__wrap___aeabi_dmul>
10002fd8:	0002      	movs	r2, r0
10002fda:	000b      	movs	r3, r1
10002fdc:	980c      	ldr	r0, [sp, #48]	@ 0x30
10002fde:	990d      	ldr	r1, [sp, #52]	@ 0x34
10002fe0:	f7fe fede 	bl	10001da0 <__wrap___aeabi_dadd>
10002fe4:	f7fe ff8a 	bl	10001efc <__wrap___aeabi_d2iz>
10002fe8:	0007      	movs	r7, r0
10002fea:	f7fe ff6f 	bl	10001ecc <__wrap___aeabi_i2d>
10002fee:	4aa7      	ldr	r2, [pc, #668]	@ (1000328c <_etoa+0x524>)
10002ff0:	4ba7      	ldr	r3, [pc, #668]	@ (10003290 <_etoa+0x528>)
10002ff2:	900a      	str	r0, [sp, #40]	@ 0x28
10002ff4:	910b      	str	r1, [sp, #44]	@ 0x2c
10002ff6:	f7fe fefa 	bl	10001dee <__wrap___aeabi_dmul>
10002ffa:	2200      	movs	r2, #0
10002ffc:	4ba5      	ldr	r3, [pc, #660]	@ (10003294 <_etoa+0x52c>)
10002ffe:	f7fe fecf 	bl	10001da0 <__wrap___aeabi_dadd>
10003002:	f7fe ff7b 	bl	10001efc <__wrap___aeabi_d2iz>
10003006:	4aa4      	ldr	r2, [pc, #656]	@ (10003298 <_etoa+0x530>)
10003008:	0006      	movs	r6, r0
1000300a:	980a      	ldr	r0, [sp, #40]	@ 0x28
1000300c:	990b      	ldr	r1, [sp, #44]	@ 0x2c
1000300e:	4ba3      	ldr	r3, [pc, #652]	@ (1000329c <_etoa+0x534>)
10003010:	f7fe feed 	bl	10001dee <__wrap___aeabi_dmul>
10003014:	900a      	str	r0, [sp, #40]	@ 0x28
10003016:	910b      	str	r1, [sp, #44]	@ 0x2c
10003018:	0030      	movs	r0, r6
1000301a:	f7fe ff57 	bl	10001ecc <__wrap___aeabi_i2d>
1000301e:	4aa0      	ldr	r2, [pc, #640]	@ (100032a0 <_etoa+0x538>)
10003020:	4ba0      	ldr	r3, [pc, #640]	@ (100032a4 <_etoa+0x53c>)
10003022:	f7fe fee4 	bl	10001dee <__wrap___aeabi_dmul>
10003026:	0002      	movs	r2, r0
10003028:	000b      	movs	r3, r1
1000302a:	980a      	ldr	r0, [sp, #40]	@ 0x28
1000302c:	990b      	ldr	r1, [sp, #44]	@ 0x2c
1000302e:	f7fe feae 	bl	10001d8e <__wrap___aeabi_dsub>
10003032:	0002      	movs	r2, r0
10003034:	000b      	movs	r3, r1
10003036:	900a      	str	r0, [sp, #40]	@ 0x28
10003038:	910b      	str	r1, [sp, #44]	@ 0x2c
1000303a:	f7fe fed8 	bl	10001dee <__wrap___aeabi_dmul>
1000303e:	900c      	str	r0, [sp, #48]	@ 0x30
10003040:	910d      	str	r1, [sp, #52]	@ 0x34
10003042:	980a      	ldr	r0, [sp, #40]	@ 0x28
10003044:	990b      	ldr	r1, [sp, #44]	@ 0x2c
10003046:	0002      	movs	r2, r0
10003048:	000b      	movs	r3, r1
1000304a:	f7fe fea9 	bl	10001da0 <__wrap___aeabi_dadd>
1000304e:	2200      	movs	r2, #0
10003050:	9010      	str	r0, [sp, #64]	@ 0x40
10003052:	9111      	str	r1, [sp, #68]	@ 0x44
10003054:	980c      	ldr	r0, [sp, #48]	@ 0x30
10003056:	990d      	ldr	r1, [sp, #52]	@ 0x34
10003058:	4b93      	ldr	r3, [pc, #588]	@ (100032a8 <_etoa+0x540>)
1000305a:	f7fe feaa 	bl	10001db2 <__wrap___aeabi_ddiv>
1000305e:	2200      	movs	r2, #0
10003060:	4b92      	ldr	r3, [pc, #584]	@ (100032ac <_etoa+0x544>)
10003062:	f7fe fe9d 	bl	10001da0 <__wrap___aeabi_dadd>
10003066:	0002      	movs	r2, r0
10003068:	000b      	movs	r3, r1
1000306a:	980c      	ldr	r0, [sp, #48]	@ 0x30
1000306c:	990d      	ldr	r1, [sp, #52]	@ 0x34
1000306e:	f7fe fea0 	bl	10001db2 <__wrap___aeabi_ddiv>
10003072:	2200      	movs	r2, #0
10003074:	4b8e      	ldr	r3, [pc, #568]	@ (100032b0 <_etoa+0x548>)
10003076:	f7fe fe93 	bl	10001da0 <__wrap___aeabi_dadd>
1000307a:	0002      	movs	r2, r0
1000307c:	000b      	movs	r3, r1
1000307e:	980c      	ldr	r0, [sp, #48]	@ 0x30
10003080:	990d      	ldr	r1, [sp, #52]	@ 0x34
10003082:	f7fe fe96 	bl	10001db2 <__wrap___aeabi_ddiv>
10003086:	9a0a      	ldr	r2, [sp, #40]	@ 0x28
10003088:	9b0b      	ldr	r3, [sp, #44]	@ 0x2c
1000308a:	900c      	str	r0, [sp, #48]	@ 0x30
1000308c:	910d      	str	r1, [sp, #52]	@ 0x34
1000308e:	2180      	movs	r1, #128	@ 0x80
10003090:	2000      	movs	r0, #0
10003092:	05c9      	lsls	r1, r1, #23
10003094:	f7fe fe7b 	bl	10001d8e <__wrap___aeabi_dsub>
10003098:	0002      	movs	r2, r0
1000309a:	000b      	movs	r3, r1
1000309c:	980c      	ldr	r0, [sp, #48]	@ 0x30
1000309e:	990d      	ldr	r1, [sp, #52]	@ 0x34
100030a0:	f7fe fe7e 	bl	10001da0 <__wrap___aeabi_dadd>
100030a4:	0002      	movs	r2, r0
100030a6:	000b      	movs	r3, r1
100030a8:	9810      	ldr	r0, [sp, #64]	@ 0x40
100030aa:	9911      	ldr	r1, [sp, #68]	@ 0x44
100030ac:	f7fe fe81 	bl	10001db2 <__wrap___aeabi_ddiv>
100030b0:	2200      	movs	r2, #0
100030b2:	4b72      	ldr	r3, [pc, #456]	@ (1000327c <_etoa+0x514>)
100030b4:	f7fe fe74 	bl	10001da0 <__wrap___aeabi_dadd>
100030b8:	4b7e      	ldr	r3, [pc, #504]	@ (100032b4 <_etoa+0x54c>)
100030ba:	2200      	movs	r2, #0
100030bc:	18f6      	adds	r6, r6, r3
100030be:	0533      	lsls	r3, r6, #20
100030c0:	f7fe fe95 	bl	10001dee <__wrap___aeabi_dmul>
100030c4:	0002      	movs	r2, r0
100030c6:	000b      	movs	r3, r1
100030c8:	900a      	str	r0, [sp, #40]	@ 0x28
100030ca:	910b      	str	r1, [sp, #44]	@ 0x2c
100030cc:	9808      	ldr	r0, [sp, #32]
100030ce:	9909      	ldr	r1, [sp, #36]	@ 0x24
100030d0:	f7fe fed0 	bl	10001e74 <__wrap___aeabi_dcmplt>
100030d4:	2800      	cmp	r0, #0
100030d6:	d008      	beq.n	100030ea <_etoa+0x382>
100030d8:	980a      	ldr	r0, [sp, #40]	@ 0x28
100030da:	990b      	ldr	r1, [sp, #44]	@ 0x2c
100030dc:	2200      	movs	r2, #0
100030de:	4b73      	ldr	r3, [pc, #460]	@ (100032ac <_etoa+0x544>)
100030e0:	f7fe fe67 	bl	10001db2 <__wrap___aeabi_ddiv>
100030e4:	900a      	str	r0, [sp, #40]	@ 0x28
100030e6:	910b      	str	r1, [sp, #44]	@ 0x2c
100030e8:	3f01      	subs	r7, #1
100030ea:	990a      	ldr	r1, [sp, #40]	@ 0x28
100030ec:	9a0b      	ldr	r2, [sp, #44]	@ 0x2c
100030ee:	000b      	movs	r3, r1
100030f0:	0011      	movs	r1, r2
100030f2:	003a      	movs	r2, r7
100030f4:	3263      	adds	r2, #99	@ 0x63
100030f6:	2ac6      	cmp	r2, #198	@ 0xc6
100030f8:	d812      	bhi.n	10003120 <_etoa+0x3b8>
100030fa:	2202      	movs	r2, #2
100030fc:	9828      	ldr	r0, [sp, #160]	@ 0xa0
100030fe:	2604      	movs	r6, #4
10003100:	4010      	ands	r0, r2
10003102:	9a0e      	ldr	r2, [sp, #56]	@ 0x38
10003104:	900c      	str	r0, [sp, #48]	@ 0x30
10003106:	2a00      	cmp	r2, #0
10003108:	d126      	bne.n	10003158 <_etoa+0x3f0>
1000310a:	9b27      	ldr	r3, [sp, #156]	@ 0x9c
1000310c:	2b04      	cmp	r3, #4
1000310e:	d905      	bls.n	1000311c <_etoa+0x3b4>
10003110:	2800      	cmp	r0, #0
10003112:	d000      	beq.n	10003116 <_etoa+0x3ae>
10003114:	e0a1      	b.n	1000325a <_etoa+0x4f2>
10003116:	9b27      	ldr	r3, [sp, #156]	@ 0x9c
10003118:	3b04      	subs	r3, #4
1000311a:	930e      	str	r3, [sp, #56]	@ 0x38
1000311c:	2604      	movs	r6, #4
1000311e:	e042      	b.n	100031a6 <_etoa+0x43e>
10003120:	2202      	movs	r2, #2
10003122:	9828      	ldr	r0, [sp, #160]	@ 0xa0
10003124:	4010      	ands	r0, r2
10003126:	9a0e      	ldr	r2, [sp, #56]	@ 0x38
10003128:	900c      	str	r0, [sp, #48]	@ 0x30
1000312a:	2a00      	cmp	r2, #0
1000312c:	d113      	bne.n	10003156 <_etoa+0x3ee>
1000312e:	9b27      	ldr	r3, [sp, #156]	@ 0x9c
10003130:	2b05      	cmp	r3, #5
10003132:	d800      	bhi.n	10003136 <_etoa+0x3ce>
10003134:	e089      	b.n	1000324a <_etoa+0x4e2>
10003136:	2800      	cmp	r0, #0
10003138:	d000      	beq.n	1000313c <_etoa+0x3d4>
1000313a:	e084      	b.n	10003246 <_etoa+0x4de>
1000313c:	9b27      	ldr	r3, [sp, #156]	@ 0x9c
1000313e:	2605      	movs	r6, #5
10003140:	3b05      	subs	r3, #5
10003142:	930e      	str	r3, [sp, #56]	@ 0x38
10003144:	e032      	b.n	100031ac <_etoa+0x444>
10003146:	2380      	movs	r3, #128	@ 0x80
10003148:	061b      	lsls	r3, r3, #24
1000314a:	469c      	mov	ip, r3
1000314c:	44ac      	add	ip, r5
1000314e:	4663      	mov	r3, ip
10003150:	9408      	str	r4, [sp, #32]
10003152:	9309      	str	r3, [sp, #36]	@ 0x24
10003154:	e63d      	b.n	10002dd2 <_etoa+0x6a>
10003156:	2605      	movs	r6, #5
10003158:	430b      	orrs	r3, r1
1000315a:	d100      	bne.n	1000315e <_etoa+0x3f6>
1000315c:	e6f9      	b.n	10002f52 <_etoa+0x1ea>
1000315e:	9808      	ldr	r0, [sp, #32]
10003160:	9909      	ldr	r1, [sp, #36]	@ 0x24
10003162:	4a55      	ldr	r2, [pc, #340]	@ (100032b8 <_etoa+0x550>)
10003164:	4b55      	ldr	r3, [pc, #340]	@ (100032bc <_etoa+0x554>)
10003166:	f7fe fe93 	bl	10001e90 <__wrap___aeabi_dcmpge>
1000316a:	2800      	cmp	r0, #0
1000316c:	d008      	beq.n	10003180 <_etoa+0x418>
1000316e:	9808      	ldr	r0, [sp, #32]
10003170:	9909      	ldr	r1, [sp, #36]	@ 0x24
10003172:	2200      	movs	r2, #0
10003174:	4b52      	ldr	r3, [pc, #328]	@ (100032c0 <_etoa+0x558>)
10003176:	f7fe fe7d 	bl	10001e74 <__wrap___aeabi_dcmplt>
1000317a:	2800      	cmp	r0, #0
1000317c:	d000      	beq.n	10003180 <_etoa+0x418>
1000317e:	e6e8      	b.n	10002f52 <_etoa+0x1ea>
10003180:	9b26      	ldr	r3, [sp, #152]	@ 0x98
10003182:	2b00      	cmp	r3, #0
10003184:	d034      	beq.n	100031f0 <_etoa+0x488>
10003186:	9b0f      	ldr	r3, [sp, #60]	@ 0x3c
10003188:	2b00      	cmp	r3, #0
1000318a:	d031      	beq.n	100031f0 <_etoa+0x488>
1000318c:	9b26      	ldr	r3, [sp, #152]	@ 0x98
1000318e:	3b01      	subs	r3, #1
10003190:	9326      	str	r3, [sp, #152]	@ 0x98
10003192:	9b27      	ldr	r3, [sp, #156]	@ 0x9c
10003194:	42b3      	cmp	r3, r6
10003196:	d904      	bls.n	100031a2 <_etoa+0x43a>
10003198:	9b0c      	ldr	r3, [sp, #48]	@ 0x30
1000319a:	2b00      	cmp	r3, #0
1000319c:	d059      	beq.n	10003252 <_etoa+0x4ea>
1000319e:	2302      	movs	r3, #2
100031a0:	930c      	str	r3, [sp, #48]	@ 0x30
100031a2:	2300      	movs	r3, #0
100031a4:	930e      	str	r3, [sp, #56]	@ 0x38
100031a6:	2f00      	cmp	r7, #0
100031a8:	d100      	bne.n	100031ac <_etoa+0x444>
100031aa:	e63e      	b.n	10002e2a <_etoa+0xc2>
100031ac:	9a0a      	ldr	r2, [sp, #40]	@ 0x28
100031ae:	9b0b      	ldr	r3, [sp, #44]	@ 0x2c
100031b0:	9808      	ldr	r0, [sp, #32]
100031b2:	9909      	ldr	r1, [sp, #36]	@ 0x24
100031b4:	f7fe fdfd 	bl	10001db2 <__wrap___aeabi_ddiv>
100031b8:	2200      	movs	r2, #0
100031ba:	9008      	str	r0, [sp, #32]
100031bc:	9109      	str	r1, [sp, #36]	@ 0x24
100031be:	2300      	movs	r3, #0
100031c0:	0020      	movs	r0, r4
100031c2:	0029      	movs	r1, r5
100031c4:	f7fe fe56 	bl	10001e74 <__wrap___aeabi_dcmplt>
100031c8:	2800      	cmp	r0, #0
100031ca:	d100      	bne.n	100031ce <_etoa+0x466>
100031cc:	e636      	b.n	10002e3c <_etoa+0xd4>
100031ce:	9c08      	ldr	r4, [sp, #32]
100031d0:	9d09      	ldr	r5, [sp, #36]	@ 0x24
100031d2:	9a28      	ldr	r2, [sp, #160]	@ 0xa0
100031d4:	2080      	movs	r0, #128	@ 0x80
100031d6:	4b3b      	ldr	r3, [pc, #236]	@ (100032c4 <_etoa+0x55c>)
100031d8:	0600      	lsls	r0, r0, #24
100031da:	4013      	ands	r3, r2
100031dc:	0022      	movs	r2, r4
100031de:	9304      	str	r3, [sp, #16]
100031e0:	9b0e      	ldr	r3, [sp, #56]	@ 0x38
100031e2:	9303      	str	r3, [sp, #12]
100031e4:	9b26      	ldr	r3, [sp, #152]	@ 0x98
100031e6:	9302      	str	r3, [sp, #8]
100031e8:	182b      	adds	r3, r5, r0
100031ea:	9200      	str	r2, [sp, #0]
100031ec:	9301      	str	r3, [sp, #4]
100031ee:	e631      	b.n	10002e54 <_etoa+0xec>
100031f0:	9b27      	ldr	r3, [sp, #156]	@ 0x9c
100031f2:	42b3      	cmp	r3, r6
100031f4:	d9d5      	bls.n	100031a2 <_etoa+0x43a>
100031f6:	9b0c      	ldr	r3, [sp, #48]	@ 0x30
100031f8:	2b00      	cmp	r3, #0
100031fa:	d02a      	beq.n	10003252 <_etoa+0x4ea>
100031fc:	2300      	movs	r3, #0
100031fe:	930e      	str	r3, [sp, #56]	@ 0x38
10003200:	3302      	adds	r3, #2
10003202:	930c      	str	r3, [sp, #48]	@ 0x30
10003204:	e7cf      	b.n	100031a6 <_etoa+0x43e>
10003206:	9b28      	ldr	r3, [sp, #160]	@ 0xa0
10003208:	4a2e      	ldr	r2, [pc, #184]	@ (100032c4 <_etoa+0x55c>)
1000320a:	2080      	movs	r0, #128	@ 0x80
1000320c:	9c08      	ldr	r4, [sp, #32]
1000320e:	9d09      	ldr	r5, [sp, #36]	@ 0x24
10003210:	401a      	ands	r2, r3
10003212:	2380      	movs	r3, #128	@ 0x80
10003214:	00db      	lsls	r3, r3, #3
10003216:	4313      	orrs	r3, r2
10003218:	0022      	movs	r2, r4
1000321a:	9304      	str	r3, [sp, #16]
1000321c:	9b27      	ldr	r3, [sp, #156]	@ 0x9c
1000321e:	0600      	lsls	r0, r0, #24
10003220:	9303      	str	r3, [sp, #12]
10003222:	182b      	adds	r3, r5, r0
10003224:	9200      	str	r2, [sp, #0]
10003226:	9301      	str	r3, [sp, #4]
10003228:	9602      	str	r6, [sp, #8]
1000322a:	e67d      	b.n	10002f28 <_etoa+0x1c0>
1000322c:	2605      	movs	r6, #5
1000322e:	e695      	b.n	10002f5c <_etoa+0x1f4>
10003230:	2300      	movs	r3, #0
10003232:	930e      	str	r3, [sp, #56]	@ 0x38
10003234:	3302      	adds	r3, #2
10003236:	2700      	movs	r7, #0
10003238:	2604      	movs	r6, #4
1000323a:	930c      	str	r3, [sp, #48]	@ 0x30
1000323c:	e5f5      	b.n	10002e2a <_etoa+0xc2>
1000323e:	1e4b      	subs	r3, r1, #1
10003240:	191b      	adds	r3, r3, r4
10003242:	1a1b      	subs	r3, r3, r0
10003244:	e665      	b.n	10002f12 <_etoa+0x1aa>
10003246:	2302      	movs	r3, #2
10003248:	930c      	str	r3, [sp, #48]	@ 0x30
1000324a:	2605      	movs	r6, #5
1000324c:	e7ae      	b.n	100031ac <_etoa+0x444>
1000324e:	2304      	movs	r3, #4
10003250:	e5e7      	b.n	10002e22 <_etoa+0xba>
10003252:	9b27      	ldr	r3, [sp, #156]	@ 0x9c
10003254:	1b9b      	subs	r3, r3, r6
10003256:	930e      	str	r3, [sp, #56]	@ 0x38
10003258:	e7a5      	b.n	100031a6 <_etoa+0x43e>
1000325a:	2302      	movs	r3, #2
1000325c:	2604      	movs	r6, #4
1000325e:	930c      	str	r3, [sp, #48]	@ 0x30
10003260:	e7a1      	b.n	100031a6 <_etoa+0x43e>
10003262:	1bdb      	subs	r3, r3, r7
10003264:	1e5e      	subs	r6, r3, #1
10003266:	e679      	b.n	10002f5c <_etoa+0x1f4>
10003268:	fffffc01 	.word	0xfffffc01
1000326c:	509f79fb 	.word	0x509f79fb
10003270:	3fd34413 	.word	0x3fd34413
10003274:	8b60c8b3 	.word	0x8b60c8b3
10003278:	3fc68a28 	.word	0x3fc68a28
1000327c:	3ff00000 	.word	0x3ff00000
10003280:	3ff80000 	.word	0x3ff80000
10003284:	636f4361 	.word	0x636f4361
10003288:	3fd287a7 	.word	0x3fd287a7
1000328c:	0979a371 	.word	0x0979a371
10003290:	400a934f 	.word	0x400a934f
10003294:	3fe00000 	.word	0x3fe00000
10003298:	bbb55516 	.word	0xbbb55516
1000329c:	40026bb1 	.word	0x40026bb1
100032a0:	fefa39ef 	.word	0xfefa39ef
100032a4:	3fe62e42 	.word	0x3fe62e42
100032a8:	402c0000 	.word	0x402c0000
100032ac:	40240000 	.word	0x40240000
100032b0:	40180000 	.word	0x40180000
100032b4:	000003ff 	.word	0x000003ff
100032b8:	eb1c432d 	.word	0xeb1c432d
100032bc:	3f1a36e2 	.word	0x3f1a36e2
100032c0:	412e8480 	.word	0x412e8480
100032c4:	fffff7ff 	.word	0xfffff7ff

100032c8 <_vsnprintf>:
100032c8:	b5f0      	push	{r4, r5, r6, r7, lr}
100032ca:	4657      	mov	r7, sl
100032cc:	46de      	mov	lr, fp
100032ce:	464e      	mov	r6, r9
100032d0:	4645      	mov	r5, r8
100032d2:	b5e0      	push	{r5, r6, r7, lr}
100032d4:	b0a3      	sub	sp, #140	@ 0x8c
100032d6:	001f      	movs	r7, r3
100032d8:	9b2c      	ldr	r3, [sp, #176]	@ 0xb0
100032da:	4692      	mov	sl, r2
100032dc:	930c      	str	r3, [sp, #48]	@ 0x30
100032de:	4ac9      	ldr	r2, [pc, #804]	@ (10003604 <_vsnprintf+0x33c>)
100032e0:	4bc9      	ldr	r3, [pc, #804]	@ (10003608 <_vsnprintf+0x340>)
100032e2:	468b      	mov	fp, r1
100032e4:	900b      	str	r0, [sp, #44]	@ 0x2c
100032e6:	601a      	str	r2, [r3, #0]
100032e8:	2900      	cmp	r1, #0
100032ea:	d100      	bne.n	100032ee <_vsnprintf+0x26>
100032ec:	e1bf      	b.n	1000366e <_vsnprintf+0x3a6>
100032ee:	2300      	movs	r3, #0
100032f0:	7838      	ldrb	r0, [r7, #0]
100032f2:	4699      	mov	r9, r3
100032f4:	2800      	cmp	r0, #0
100032f6:	d100      	bne.n	100032fa <_vsnprintf+0x32>
100032f8:	e1c1      	b.n	1000367e <_vsnprintf+0x3b6>
100032fa:	4bc4      	ldr	r3, [pc, #784]	@ (1000360c <_vsnprintf+0x344>)
100032fc:	464c      	mov	r4, r9
100032fe:	9309      	str	r3, [sp, #36]	@ 0x24
10003300:	4bc3      	ldr	r3, [pc, #780]	@ (10003610 <_vsnprintf+0x348>)
10003302:	930e      	str	r3, [sp, #56]	@ 0x38
10003304:	465b      	mov	r3, fp
10003306:	930a      	str	r3, [sp, #40]	@ 0x28
10003308:	e008      	b.n	1000331c <_vsnprintf+0x54>
1000330a:	0022      	movs	r2, r4
1000330c:	4653      	mov	r3, sl
1000330e:	990a      	ldr	r1, [sp, #40]	@ 0x28
10003310:	9d0b      	ldr	r5, [sp, #44]	@ 0x2c
10003312:	47a8      	blx	r5
10003314:	3401      	adds	r4, #1
10003316:	7838      	ldrb	r0, [r7, #0]
10003318:	2800      	cmp	r0, #0
1000331a:	d076      	beq.n	1000340a <_vsnprintf+0x142>
1000331c:	3701      	adds	r7, #1
1000331e:	2825      	cmp	r0, #37	@ 0x25
10003320:	d1f3      	bne.n	1000330a <_vsnprintf+0x42>
10003322:	2310      	movs	r3, #16
10003324:	469b      	mov	fp, r3
10003326:	3b08      	subs	r3, #8
10003328:	4699      	mov	r9, r3
1000332a:	3b04      	subs	r3, #4
1000332c:	4698      	mov	r8, r3
1000332e:	3b03      	subs	r3, #3
10003330:	2600      	movs	r6, #0
10003332:	2502      	movs	r5, #2
10003334:	469c      	mov	ip, r3
10003336:	7838      	ldrb	r0, [r7, #0]
10003338:	1c79      	adds	r1, r7, #1
1000333a:	0003      	movs	r3, r0
1000333c:	3b20      	subs	r3, #32
1000333e:	b2db      	uxtb	r3, r3
10003340:	2b10      	cmp	r3, #16
10003342:	d803      	bhi.n	1000334c <_vsnprintf+0x84>
10003344:	9a09      	ldr	r2, [sp, #36]	@ 0x24
10003346:	009b      	lsls	r3, r3, #2
10003348:	58d3      	ldr	r3, [r2, r3]
1000334a:	469f      	mov	pc, r3
1000334c:	0003      	movs	r3, r0
1000334e:	3b30      	subs	r3, #48	@ 0x30
10003350:	2b09      	cmp	r3, #9
10003352:	d936      	bls.n	100033c2 <_vsnprintf+0xfa>
10003354:	2500      	movs	r5, #0
10003356:	282a      	cmp	r0, #42	@ 0x2a
10003358:	d100      	bne.n	1000335c <_vsnprintf+0x94>
1000335a:	e0a7      	b.n	100034ac <_vsnprintf+0x1e4>
1000335c:	2300      	movs	r3, #0
1000335e:	930d      	str	r3, [sp, #52]	@ 0x34
10003360:	282e      	cmp	r0, #46	@ 0x2e
10003362:	d03f      	beq.n	100033e4 <_vsnprintf+0x11c>
10003364:	0003      	movs	r3, r0
10003366:	3b68      	subs	r3, #104	@ 0x68
10003368:	b2db      	uxtb	r3, r3
1000336a:	2b12      	cmp	r3, #18
1000336c:	d81b      	bhi.n	100033a6 <_vsnprintf+0xde>
1000336e:	9a0e      	ldr	r2, [sp, #56]	@ 0x38
10003370:	009b      	lsls	r3, r3, #2
10003372:	58d3      	ldr	r3, [r2, r3]
10003374:	469f      	mov	pc, r3
10003376:	4663      	mov	r3, ip
10003378:	000f      	movs	r7, r1
1000337a:	431e      	orrs	r6, r3
1000337c:	e7db      	b.n	10003336 <_vsnprintf+0x6e>
1000337e:	000f      	movs	r7, r1
10003380:	432e      	orrs	r6, r5
10003382:	e7d8      	b.n	10003336 <_vsnprintf+0x6e>
10003384:	4643      	mov	r3, r8
10003386:	000f      	movs	r7, r1
10003388:	431e      	orrs	r6, r3
1000338a:	e7d4      	b.n	10003336 <_vsnprintf+0x6e>
1000338c:	465b      	mov	r3, fp
1000338e:	000f      	movs	r7, r1
10003390:	431e      	orrs	r6, r3
10003392:	e7d0      	b.n	10003336 <_vsnprintf+0x6e>
10003394:	464b      	mov	r3, r9
10003396:	000f      	movs	r7, r1
10003398:	431e      	orrs	r6, r3
1000339a:	e7cc      	b.n	10003336 <_vsnprintf+0x6e>
1000339c:	2380      	movs	r3, #128	@ 0x80
1000339e:	7878      	ldrb	r0, [r7, #1]
100033a0:	005b      	lsls	r3, r3, #1
100033a2:	431e      	orrs	r6, r3
100033a4:	3101      	adds	r1, #1
100033a6:	000f      	movs	r7, r1
100033a8:	2867      	cmp	r0, #103	@ 0x67
100033aa:	d845      	bhi.n	10003438 <_vsnprintf+0x170>
100033ac:	2824      	cmp	r0, #36	@ 0x24
100033ae:	d9ac      	bls.n	1000330a <_vsnprintf+0x42>
100033b0:	0003      	movs	r3, r0
100033b2:	3b25      	subs	r3, #37	@ 0x25
100033b4:	b2db      	uxtb	r3, r3
100033b6:	2b42      	cmp	r3, #66	@ 0x42
100033b8:	d8a7      	bhi.n	1000330a <_vsnprintf+0x42>
100033ba:	4996      	ldr	r1, [pc, #600]	@ (10003614 <_vsnprintf+0x34c>)
100033bc:	009b      	lsls	r3, r3, #2
100033be:	58cb      	ldr	r3, [r1, r3]
100033c0:	469f      	mov	pc, r3
100033c2:	2500      	movs	r5, #0
100033c4:	00ab      	lsls	r3, r5, #2
100033c6:	195d      	adds	r5, r3, r5
100033c8:	006d      	lsls	r5, r5, #1
100033ca:	182d      	adds	r5, r5, r0
100033cc:	7808      	ldrb	r0, [r1, #0]
100033ce:	000f      	movs	r7, r1
100033d0:	0003      	movs	r3, r0
100033d2:	3b30      	subs	r3, #48	@ 0x30
100033d4:	3d30      	subs	r5, #48	@ 0x30
100033d6:	3101      	adds	r1, #1
100033d8:	2b09      	cmp	r3, #9
100033da:	d9f3      	bls.n	100033c4 <_vsnprintf+0xfc>
100033dc:	2300      	movs	r3, #0
100033de:	930d      	str	r3, [sp, #52]	@ 0x34
100033e0:	282e      	cmp	r0, #46	@ 0x2e
100033e2:	d1bf      	bne.n	10003364 <_vsnprintf+0x9c>
100033e4:	2230      	movs	r2, #48	@ 0x30
100033e6:	2080      	movs	r0, #128	@ 0x80
100033e8:	4252      	negs	r2, r2
100033ea:	4690      	mov	r8, r2
100033ec:	00c0      	lsls	r0, r0, #3
100033ee:	4306      	orrs	r6, r0
100033f0:	7878      	ldrb	r0, [r7, #1]
100033f2:	000b      	movs	r3, r1
100033f4:	4480      	add	r8, r0
100033f6:	4642      	mov	r2, r8
100033f8:	2a09      	cmp	r2, #9
100033fa:	d800      	bhi.n	100033fe <_vsnprintf+0x136>
100033fc:	e151      	b.n	100036a2 <_vsnprintf+0x3da>
100033fe:	282a      	cmp	r0, #42	@ 0x2a
10003400:	d100      	bne.n	10003404 <_vsnprintf+0x13c>
10003402:	e15e      	b.n	100036c2 <_vsnprintf+0x3fa>
10003404:	000f      	movs	r7, r1
10003406:	3101      	adds	r1, #1
10003408:	e7ac      	b.n	10003364 <_vsnprintf+0x9c>
1000340a:	9b0a      	ldr	r3, [sp, #40]	@ 0x28
1000340c:	46a1      	mov	r9, r4
1000340e:	469b      	mov	fp, r3
10003410:	45ca      	cmp	sl, r9
10003412:	d803      	bhi.n	1000341c <_vsnprintf+0x154>
10003414:	2301      	movs	r3, #1
10003416:	425b      	negs	r3, r3
10003418:	4453      	add	r3, sl
1000341a:	4699      	mov	r9, r3
1000341c:	4653      	mov	r3, sl
1000341e:	464a      	mov	r2, r9
10003420:	4659      	mov	r1, fp
10003422:	2000      	movs	r0, #0
10003424:	9d0b      	ldr	r5, [sp, #44]	@ 0x2c
10003426:	47a8      	blx	r5
10003428:	0020      	movs	r0, r4
1000342a:	b023      	add	sp, #140	@ 0x8c
1000342c:	bcf0      	pop	{r4, r5, r6, r7}
1000342e:	46bb      	mov	fp, r7
10003430:	46b2      	mov	sl, r6
10003432:	46a9      	mov	r9, r5
10003434:	46a0      	mov	r8, r4
10003436:	bdf0      	pop	{r4, r5, r6, r7, pc}
10003438:	0003      	movs	r3, r0
1000343a:	3b69      	subs	r3, #105	@ 0x69
1000343c:	b2db      	uxtb	r3, r3
1000343e:	2b0f      	cmp	r3, #15
10003440:	d900      	bls.n	10003444 <_vsnprintf+0x17c>
10003442:	e762      	b.n	1000330a <_vsnprintf+0x42>
10003444:	2101      	movs	r1, #1
10003446:	4099      	lsls	r1, r3
10003448:	4688      	mov	r8, r1
1000344a:	4a73      	ldr	r2, [pc, #460]	@ (10003618 <_vsnprintf+0x350>)
1000344c:	4011      	ands	r1, r2
1000344e:	468b      	mov	fp, r1
10003450:	0011      	movs	r1, r2
10003452:	4642      	mov	r2, r8
10003454:	420a      	tst	r2, r1
10003456:	d000      	beq.n	1000345a <_vsnprintf+0x192>
10003458:	e113      	b.n	10003682 <_vsnprintf+0x3ba>
1000345a:	2b0a      	cmp	r3, #10
1000345c:	d02f      	beq.n	100034be <_vsnprintf+0x1f6>
1000345e:	2b07      	cmp	r3, #7
10003460:	d000      	beq.n	10003464 <_vsnprintf+0x19c>
10003462:	e752      	b.n	1000330a <_vsnprintf+0x42>
10003464:	9d0c      	ldr	r5, [sp, #48]	@ 0x30
10003466:	cd01      	ldmia	r5!, {r0}
10003468:	2800      	cmp	r0, #0
1000346a:	d100      	bne.n	1000346e <_vsnprintf+0x1a6>
1000346c:	e134      	b.n	100036d8 <_vsnprintf+0x410>
1000346e:	2321      	movs	r3, #33	@ 0x21
10003470:	431e      	orrs	r6, r3
10003472:	46b0      	mov	r8, r6
10003474:	261f      	movs	r6, #31
10003476:	9a0d      	ldr	r2, [sp, #52]	@ 0x34
10003478:	ab12      	add	r3, sp, #72	@ 0x48
1000347a:	18f6      	adds	r6, r6, r3
1000347c:	46a1      	mov	r9, r4
1000347e:	4694      	mov	ip, r2
10003480:	4659      	mov	r1, fp
10003482:	0034      	movs	r4, r6
10003484:	e002      	b.n	1000348c <_vsnprintf+0x1c4>
10003486:	0900      	lsrs	r0, r0, #4
10003488:	2920      	cmp	r1, #32
1000348a:	d00a      	beq.n	100034a2 <_vsnprintf+0x1da>
1000348c:	260f      	movs	r6, #15
1000348e:	4006      	ands	r6, r0
10003490:	0032      	movs	r2, r6
10003492:	3237      	adds	r2, #55	@ 0x37
10003494:	2e09      	cmp	r6, #9
10003496:	d800      	bhi.n	1000349a <_vsnprintf+0x1d2>
10003498:	3a07      	subs	r2, #7
1000349a:	3101      	adds	r1, #1
1000349c:	5462      	strb	r2, [r4, r1]
1000349e:	280f      	cmp	r0, #15
100034a0:	d8f1      	bhi.n	10003486 <_vsnprintf+0x1be>
100034a2:	4663      	mov	r3, ip
100034a4:	464c      	mov	r4, r9
100034a6:	468b      	mov	fp, r1
100034a8:	930d      	str	r3, [sp, #52]	@ 0x34
100034aa:	e122      	b.n	100036f2 <_vsnprintf+0x42a>
100034ac:	9b0c      	ldr	r3, [sp, #48]	@ 0x30
100034ae:	cb20      	ldmia	r3!, {r5}
100034b0:	2d00      	cmp	r5, #0
100034b2:	db52      	blt.n	1000355a <_vsnprintf+0x292>
100034b4:	7878      	ldrb	r0, [r7, #1]
100034b6:	930c      	str	r3, [sp, #48]	@ 0x30
100034b8:	000f      	movs	r7, r1
100034ba:	3101      	adds	r1, #1
100034bc:	e74e      	b.n	1000335c <_vsnprintf+0x94>
100034be:	9b0c      	ldr	r3, [sp, #48]	@ 0x30
100034c0:	990d      	ldr	r1, [sp, #52]	@ 0x34
100034c2:	cb04      	ldmia	r3!, {r2}
100034c4:	4690      	mov	r8, r2
100034c6:	469b      	mov	fp, r3
100034c8:	2900      	cmp	r1, #0
100034ca:	d100      	bne.n	100034ce <_vsnprintf+0x206>
100034cc:	e128      	b.n	10003720 <_vsnprintf+0x458>
100034ce:	4643      	mov	r3, r8
100034d0:	7818      	ldrb	r0, [r3, #0]
100034d2:	4441      	add	r1, r8
100034d4:	2800      	cmp	r0, #0
100034d6:	d101      	bne.n	100034dc <_vsnprintf+0x214>
100034d8:	f000 fc29 	bl	10003d2e <_vsnprintf+0xa66>
100034dc:	9a0d      	ldr	r2, [sp, #52]	@ 0x34
100034de:	4694      	mov	ip, r2
100034e0:	000a      	movs	r2, r1
100034e2:	e004      	b.n	100034ee <_vsnprintf+0x226>
100034e4:	7859      	ldrb	r1, [r3, #1]
100034e6:	3301      	adds	r3, #1
100034e8:	2900      	cmp	r1, #0
100034ea:	d100      	bne.n	100034ee <_vsnprintf+0x226>
100034ec:	e195      	b.n	1000381a <_vsnprintf+0x552>
100034ee:	429a      	cmp	r2, r3
100034f0:	d1f8      	bne.n	100034e4 <_vsnprintf+0x21c>
100034f2:	4663      	mov	r3, ip
100034f4:	930d      	str	r3, [sp, #52]	@ 0x34
100034f6:	4643      	mov	r3, r8
100034f8:	1ad3      	subs	r3, r2, r3
100034fa:	930f      	str	r3, [sp, #60]	@ 0x3c
100034fc:	0573      	lsls	r3, r6, #21
100034fe:	d400      	bmi.n	10003502 <_vsnprintf+0x23a>
10003500:	e16c      	b.n	100037dc <_vsnprintf+0x514>
10003502:	9b0f      	ldr	r3, [sp, #60]	@ 0x3c
10003504:	9a0d      	ldr	r2, [sp, #52]	@ 0x34
10003506:	4293      	cmp	r3, r2
10003508:	d900      	bls.n	1000350c <_vsnprintf+0x244>
1000350a:	920f      	str	r2, [sp, #60]	@ 0x3c
1000350c:	2302      	movs	r3, #2
1000350e:	001a      	movs	r2, r3
10003510:	4032      	ands	r2, r6
10003512:	920c      	str	r2, [sp, #48]	@ 0x30
10003514:	4233      	tst	r3, r6
10003516:	d100      	bne.n	1000351a <_vsnprintf+0x252>
10003518:	e291      	b.n	10003a3e <_vsnprintf+0x776>
1000351a:	930c      	str	r3, [sp, #48]	@ 0x30
1000351c:	9b0d      	ldr	r3, [sp, #52]	@ 0x34
1000351e:	46b9      	mov	r9, r7
10003520:	191e      	adds	r6, r3, r4
10003522:	4643      	mov	r3, r8
10003524:	1b1b      	subs	r3, r3, r4
10003526:	46a8      	mov	r8, r5
10003528:	0022      	movs	r2, r4
1000352a:	001f      	movs	r7, r3
1000352c:	9d0b      	ldr	r5, [sp, #44]	@ 0x2c
1000352e:	e008      	b.n	10003542 <_vsnprintf+0x27a>
10003530:	1c54      	adds	r4, r2, #1
10003532:	4653      	mov	r3, sl
10003534:	990a      	ldr	r1, [sp, #40]	@ 0x28
10003536:	47a8      	blx	r5
10003538:	5d38      	ldrb	r0, [r7, r4]
1000353a:	2800      	cmp	r0, #0
1000353c:	d100      	bne.n	10003540 <_vsnprintf+0x278>
1000353e:	e163      	b.n	10003808 <_vsnprintf+0x540>
10003540:	0022      	movs	r2, r4
10003542:	4296      	cmp	r6, r2
10003544:	d1f4      	bne.n	10003530 <_vsnprintf+0x268>
10003546:	4645      	mov	r5, r8
10003548:	464f      	mov	r7, r9
1000354a:	0034      	movs	r4, r6
1000354c:	9b0c      	ldr	r3, [sp, #48]	@ 0x30
1000354e:	2b00      	cmp	r3, #0
10003550:	d000      	beq.n	10003554 <_vsnprintf+0x28c>
10003552:	e197      	b.n	10003884 <_vsnprintf+0x5bc>
10003554:	465b      	mov	r3, fp
10003556:	930c      	str	r3, [sp, #48]	@ 0x30
10003558:	e6dd      	b.n	10003316 <_vsnprintf+0x4e>
1000355a:	2202      	movs	r2, #2
1000355c:	7878      	ldrb	r0, [r7, #1]
1000355e:	4316      	orrs	r6, r2
10003560:	000f      	movs	r7, r1
10003562:	426d      	negs	r5, r5
10003564:	930c      	str	r3, [sp, #48]	@ 0x30
10003566:	3101      	adds	r1, #1
10003568:	e6f8      	b.n	1000335c <_vsnprintf+0x94>
1000356a:	7878      	ldrb	r0, [r7, #1]
1000356c:	286c      	cmp	r0, #108	@ 0x6c
1000356e:	d100      	bne.n	10003572 <_vsnprintf+0x2aa>
10003570:	e159      	b.n	10003826 <_vsnprintf+0x55e>
10003572:	2380      	movs	r3, #128	@ 0x80
10003574:	005b      	lsls	r3, r3, #1
10003576:	431e      	orrs	r6, r3
10003578:	3101      	adds	r1, #1
1000357a:	e714      	b.n	100033a6 <_vsnprintf+0xde>
1000357c:	2380      	movs	r3, #128	@ 0x80
1000357e:	009b      	lsls	r3, r3, #2
10003580:	7878      	ldrb	r0, [r7, #1]
10003582:	431e      	orrs	r6, r3
10003584:	3101      	adds	r1, #1
10003586:	e70e      	b.n	100033a6 <_vsnprintf+0xde>
10003588:	7878      	ldrb	r0, [r7, #1]
1000358a:	2868      	cmp	r0, #104	@ 0x68
1000358c:	d100      	bne.n	10003590 <_vsnprintf+0x2c8>
1000358e:	e150      	b.n	10003832 <_vsnprintf+0x56a>
10003590:	2380      	movs	r3, #128	@ 0x80
10003592:	3101      	adds	r1, #1
10003594:	431e      	orrs	r6, r3
10003596:	e706      	b.n	100033a6 <_vsnprintf+0xde>
10003598:	2867      	cmp	r0, #103	@ 0x67
1000359a:	d100      	bne.n	1000359e <_vsnprintf+0x2d6>
1000359c:	e0c2      	b.n	10003724 <_vsnprintf+0x45c>
1000359e:	2847      	cmp	r0, #71	@ 0x47
100035a0:	d100      	bne.n	100035a4 <_vsnprintf+0x2dc>
100035a2:	e134      	b.n	1000380e <_vsnprintf+0x546>
100035a4:	2845      	cmp	r0, #69	@ 0x45
100035a6:	d100      	bne.n	100035aa <_vsnprintf+0x2e2>
100035a8:	e134      	b.n	10003814 <_vsnprintf+0x54c>
100035aa:	2107      	movs	r1, #7
100035ac:	9b0c      	ldr	r3, [sp, #48]	@ 0x30
100035ae:	9a0d      	ldr	r2, [sp, #52]	@ 0x34
100035b0:	3307      	adds	r3, #7
100035b2:	438b      	bics	r3, r1
100035b4:	0019      	movs	r1, r3
100035b6:	9604      	str	r6, [sp, #16]
100035b8:	9503      	str	r5, [sp, #12]
100035ba:	9202      	str	r2, [sp, #8]
100035bc:	c90c      	ldmia	r1!, {r2, r3}
100035be:	980b      	ldr	r0, [sp, #44]	@ 0x2c
100035c0:	9200      	str	r2, [sp, #0]
100035c2:	9301      	str	r3, [sp, #4]
100035c4:	910c      	str	r1, [sp, #48]	@ 0x30
100035c6:	0022      	movs	r2, r4
100035c8:	4653      	mov	r3, sl
100035ca:	990a      	ldr	r1, [sp, #40]	@ 0x28
100035cc:	f7ff fbcc 	bl	10002d68 <_etoa>
100035d0:	0004      	movs	r4, r0
100035d2:	e6a0      	b.n	10003316 <_vsnprintf+0x4e>
100035d4:	2846      	cmp	r0, #70	@ 0x46
100035d6:	d100      	bne.n	100035da <_vsnprintf+0x312>
100035d8:	e0a8      	b.n	1000372c <_vsnprintf+0x464>
100035da:	2107      	movs	r1, #7
100035dc:	9b0c      	ldr	r3, [sp, #48]	@ 0x30
100035de:	9a0d      	ldr	r2, [sp, #52]	@ 0x34
100035e0:	3307      	adds	r3, #7
100035e2:	438b      	bics	r3, r1
100035e4:	0019      	movs	r1, r3
100035e6:	9604      	str	r6, [sp, #16]
100035e8:	9503      	str	r5, [sp, #12]
100035ea:	9202      	str	r2, [sp, #8]
100035ec:	c90c      	ldmia	r1!, {r2, r3}
100035ee:	980b      	ldr	r0, [sp, #44]	@ 0x2c
100035f0:	9200      	str	r2, [sp, #0]
100035f2:	9301      	str	r3, [sp, #4]
100035f4:	910c      	str	r1, [sp, #48]	@ 0x30
100035f6:	0022      	movs	r2, r4
100035f8:	4653      	mov	r3, sl
100035fa:	990a      	ldr	r1, [sp, #40]	@ 0x28
100035fc:	f7ff f97a 	bl	100028f4 <_ftoa>
10003600:	0004      	movs	r4, r0
10003602:	e688      	b.n	10003316 <_vsnprintf+0x4e>
10003604:	100032c9 	.word	0x100032c9
10003608:	20001bf0 	.word	0x20001bf0
1000360c:	100068c8 	.word	0x100068c8
10003610:	1000690c 	.word	0x1000690c
10003614:	10006958 	.word	0x10006958
10003618:	00009041 	.word	0x00009041
1000361c:	0022      	movs	r2, r4
1000361e:	4653      	mov	r3, sl
10003620:	2025      	movs	r0, #37	@ 0x25
10003622:	990a      	ldr	r1, [sp, #40]	@ 0x28
10003624:	9d0b      	ldr	r5, [sp, #44]	@ 0x2c
10003626:	47a8      	blx	r5
10003628:	3401      	adds	r4, #1
1000362a:	e674      	b.n	10003316 <_vsnprintf+0x4e>
1000362c:	9b0c      	ldr	r3, [sp, #48]	@ 0x30
1000362e:	3304      	adds	r3, #4
10003630:	469b      	mov	fp, r3
10003632:	1c63      	adds	r3, r4, #1
10003634:	4698      	mov	r8, r3
10003636:	07b6      	lsls	r6, r6, #30
10003638:	d400      	bmi.n	1000363c <_vsnprintf+0x374>
1000363a:	e0ff      	b.n	1000383c <_vsnprintf+0x574>
1000363c:	9b0c      	ldr	r3, [sp, #48]	@ 0x30
1000363e:	0022      	movs	r2, r4
10003640:	7818      	ldrb	r0, [r3, #0]
10003642:	990a      	ldr	r1, [sp, #40]	@ 0x28
10003644:	4653      	mov	r3, sl
10003646:	9e0b      	ldr	r6, [sp, #44]	@ 0x2c
10003648:	47b0      	blx	r6
1000364a:	1964      	adds	r4, r4, r5
1000364c:	2d01      	cmp	r5, #1
1000364e:	d800      	bhi.n	10003652 <_vsnprintf+0x38a>
10003650:	e249      	b.n	10003ae6 <_vsnprintf+0x81e>
10003652:	4645      	mov	r5, r8
10003654:	9e0b      	ldr	r6, [sp, #44]	@ 0x2c
10003656:	46b8      	mov	r8, r7
10003658:	9f0a      	ldr	r7, [sp, #40]	@ 0x28
1000365a:	002a      	movs	r2, r5
1000365c:	4653      	mov	r3, sl
1000365e:	3501      	adds	r5, #1
10003660:	0039      	movs	r1, r7
10003662:	2020      	movs	r0, #32
10003664:	47b0      	blx	r6
10003666:	42a5      	cmp	r5, r4
10003668:	d1f7      	bne.n	1000365a <_vsnprintf+0x392>
1000366a:	4647      	mov	r7, r8
1000366c:	e772      	b.n	10003554 <_vsnprintf+0x28c>
1000366e:	4bdb      	ldr	r3, [pc, #876]	@ (100039dc <_vsnprintf+0x714>)
10003670:	7838      	ldrb	r0, [r7, #0]
10003672:	930b      	str	r3, [sp, #44]	@ 0x2c
10003674:	2300      	movs	r3, #0
10003676:	4699      	mov	r9, r3
10003678:	2800      	cmp	r0, #0
1000367a:	d000      	beq.n	1000367e <_vsnprintf+0x3b6>
1000367c:	e63d      	b.n	100032fa <_vsnprintf+0x32>
1000367e:	2400      	movs	r4, #0
10003680:	e6c6      	b.n	10003410 <_vsnprintf+0x148>
10003682:	286f      	cmp	r0, #111	@ 0x6f
10003684:	d055      	beq.n	10003732 <_vsnprintf+0x46a>
10003686:	d800      	bhi.n	1000368a <_vsnprintf+0x3c2>
10003688:	e2bc      	b.n	10003c04 <_vsnprintf+0x93c>
1000368a:	2310      	movs	r3, #16
1000368c:	2878      	cmp	r0, #120	@ 0x78
1000368e:	d100      	bne.n	10003692 <_vsnprintf+0x3ca>
10003690:	e09e      	b.n	100037d0 <_vsnprintf+0x508>
10003692:	439e      	bics	r6, r3
10003694:	230a      	movs	r3, #10
10003696:	469c      	mov	ip, r3
10003698:	2300      	movs	r3, #0
1000369a:	930f      	str	r3, [sp, #60]	@ 0x3c
1000369c:	330a      	adds	r3, #10
1000369e:	469b      	mov	fp, r3
100036a0:	e04d      	b.n	1000373e <_vsnprintf+0x476>
100036a2:	2100      	movs	r1, #0
100036a4:	008a      	lsls	r2, r1, #2
100036a6:	1852      	adds	r2, r2, r1
100036a8:	0052      	lsls	r2, r2, #1
100036aa:	3301      	adds	r3, #1
100036ac:	1811      	adds	r1, r2, r0
100036ae:	7818      	ldrb	r0, [r3, #0]
100036b0:	3930      	subs	r1, #48	@ 0x30
100036b2:	0002      	movs	r2, r0
100036b4:	3a30      	subs	r2, #48	@ 0x30
100036b6:	2a09      	cmp	r2, #9
100036b8:	d9f4      	bls.n	100036a4 <_vsnprintf+0x3dc>
100036ba:	910d      	str	r1, [sp, #52]	@ 0x34
100036bc:	001f      	movs	r7, r3
100036be:	1c59      	adds	r1, r3, #1
100036c0:	e650      	b.n	10003364 <_vsnprintf+0x9c>
100036c2:	9b0c      	ldr	r3, [sp, #48]	@ 0x30
100036c4:	78b8      	ldrb	r0, [r7, #2]
100036c6:	cb04      	ldmia	r3!, {r2}
100036c8:	3702      	adds	r7, #2
100036ca:	43d1      	mvns	r1, r2
100036cc:	17c9      	asrs	r1, r1, #31
100036ce:	400a      	ands	r2, r1
100036d0:	920d      	str	r2, [sp, #52]	@ 0x34
100036d2:	930c      	str	r3, [sp, #48]	@ 0x30
100036d4:	1c79      	adds	r1, r7, #1
100036d6:	e645      	b.n	10003364 <_vsnprintf+0x9c>
100036d8:	2310      	movs	r3, #16
100036da:	0030      	movs	r0, r6
100036dc:	4398      	bics	r0, r3
100036de:	3311      	adds	r3, #17
100036e0:	4318      	orrs	r0, r3
100036e2:	2380      	movs	r3, #128	@ 0x80
100036e4:	4680      	mov	r8, r0
100036e6:	0030      	movs	r0, r6
100036e8:	00db      	lsls	r3, r3, #3
100036ea:	4018      	ands	r0, r3
100036ec:	421e      	tst	r6, r3
100036ee:	d100      	bne.n	100036f2 <_vsnprintf+0x42a>
100036f0:	e6c0      	b.n	10003474 <_vsnprintf+0x1ac>
100036f2:	4643      	mov	r3, r8
100036f4:	9306      	str	r3, [sp, #24]
100036f6:	2308      	movs	r3, #8
100036f8:	9305      	str	r3, [sp, #20]
100036fa:	9b0d      	ldr	r3, [sp, #52]	@ 0x34
100036fc:	0022      	movs	r2, r4
100036fe:	9304      	str	r3, [sp, #16]
10003700:	2310      	movs	r3, #16
10003702:	9303      	str	r3, [sp, #12]
10003704:	2300      	movs	r3, #0
10003706:	9302      	str	r3, [sp, #8]
10003708:	465b      	mov	r3, fp
1000370a:	9301      	str	r3, [sp, #4]
1000370c:	ab1a      	add	r3, sp, #104	@ 0x68
1000370e:	9300      	str	r3, [sp, #0]
10003710:	990a      	ldr	r1, [sp, #40]	@ 0x28
10003712:	4653      	mov	r3, sl
10003714:	980b      	ldr	r0, [sp, #44]	@ 0x2c
10003716:	f7fe fff1 	bl	100026fc <_ntoa_format>
1000371a:	950c      	str	r5, [sp, #48]	@ 0x30
1000371c:	0004      	movs	r4, r0
1000371e:	e5fa      	b.n	10003316 <_vsnprintf+0x4e>
10003720:	3901      	subs	r1, #1
10003722:	e6d4      	b.n	100034ce <_vsnprintf+0x206>
10003724:	2380      	movs	r3, #128	@ 0x80
10003726:	011b      	lsls	r3, r3, #4
10003728:	431e      	orrs	r6, r3
1000372a:	e73e      	b.n	100035aa <_vsnprintf+0x2e2>
1000372c:	2320      	movs	r3, #32
1000372e:	431e      	orrs	r6, r3
10003730:	e753      	b.n	100035da <_vsnprintf+0x312>
10003732:	2308      	movs	r3, #8
10003734:	469c      	mov	ip, r3
10003736:	2300      	movs	r3, #0
10003738:	930f      	str	r3, [sp, #60]	@ 0x3c
1000373a:	3308      	adds	r3, #8
1000373c:	469b      	mov	fp, r3
1000373e:	2380      	movs	r3, #128	@ 0x80
10003740:	0030      	movs	r0, r6
10003742:	00db      	lsls	r3, r3, #3
10003744:	4018      	ands	r0, r3
10003746:	421e      	tst	r6, r3
10003748:	d100      	bne.n	1000374c <_vsnprintf+0x484>
1000374a:	e11a      	b.n	10003982 <_vsnprintf+0x6ba>
1000374c:	230d      	movs	r3, #13
1000374e:	0031      	movs	r1, r6
10003750:	4399      	bics	r1, r3
10003752:	2380      	movs	r3, #128	@ 0x80
10003754:	000a      	movs	r2, r1
10003756:	009b      	lsls	r3, r3, #2
10003758:	401a      	ands	r2, r3
1000375a:	4691      	mov	r9, r2
1000375c:	4219      	tst	r1, r3
1000375e:	d000      	beq.n	10003762 <_vsnprintf+0x49a>
10003760:	e1c3      	b.n	10003aea <_vsnprintf+0x822>
10003762:	2380      	movs	r3, #128	@ 0x80
10003764:	000a      	movs	r2, r1
10003766:	005b      	lsls	r3, r3, #1
10003768:	401a      	ands	r2, r3
1000376a:	4690      	mov	r8, r2
1000376c:	9a0c      	ldr	r2, [sp, #48]	@ 0x30
1000376e:	3204      	adds	r2, #4
10003770:	920f      	str	r2, [sp, #60]	@ 0x3c
10003772:	4219      	tst	r1, r3
10003774:	d000      	beq.n	10003778 <_vsnprintf+0x4b0>
10003776:	e28f      	b.n	10003c98 <_vsnprintf+0x9d0>
10003778:	064b      	lsls	r3, r1, #25
1000377a:	d500      	bpl.n	1000377e <_vsnprintf+0x4b6>
1000377c:	e197      	b.n	10003aae <_vsnprintf+0x7e6>
1000377e:	060b      	lsls	r3, r1, #24
10003780:	d400      	bmi.n	10003784 <_vsnprintf+0x4bc>
10003782:	e2e5      	b.n	10003d50 <_vsnprintf+0xa88>
10003784:	9b0c      	ldr	r3, [sp, #48]	@ 0x30
10003786:	881b      	ldrh	r3, [r3, #0]
10003788:	4699      	mov	r9, r3
1000378a:	464b      	mov	r3, r9
1000378c:	2b00      	cmp	r3, #0
1000378e:	d000      	beq.n	10003792 <_vsnprintf+0x4ca>
10003790:	e205      	b.n	10003b9e <_vsnprintf+0x8d6>
10003792:	3310      	adds	r3, #16
10003794:	4399      	bics	r1, r3
10003796:	2800      	cmp	r0, #0
10003798:	d100      	bne.n	1000379c <_vsnprintf+0x4d4>
1000379a:	e200      	b.n	10003b9e <_vsnprintf+0x8d6>
1000379c:	2300      	movs	r3, #0
1000379e:	4698      	mov	r8, r3
100037a0:	9b0d      	ldr	r3, [sp, #52]	@ 0x34
100037a2:	9106      	str	r1, [sp, #24]
100037a4:	9304      	str	r3, [sp, #16]
100037a6:	465b      	mov	r3, fp
100037a8:	9303      	str	r3, [sp, #12]
100037aa:	2300      	movs	r3, #0
100037ac:	9505      	str	r5, [sp, #20]
100037ae:	9302      	str	r3, [sp, #8]
100037b0:	4643      	mov	r3, r8
100037b2:	e0d9      	b.n	10003968 <_vsnprintf+0x6a0>
100037b4:	2858      	cmp	r0, #88	@ 0x58
100037b6:	d008      	beq.n	100037ca <_vsnprintf+0x502>
100037b8:	2862      	cmp	r0, #98	@ 0x62
100037ba:	d178      	bne.n	100038ae <_vsnprintf+0x5e6>
100037bc:	2302      	movs	r3, #2
100037be:	469c      	mov	ip, r3
100037c0:	2300      	movs	r3, #0
100037c2:	930f      	str	r3, [sp, #60]	@ 0x3c
100037c4:	3302      	adds	r3, #2
100037c6:	469b      	mov	fp, r3
100037c8:	e7b9      	b.n	1000373e <_vsnprintf+0x476>
100037ca:	2320      	movs	r3, #32
100037cc:	431e      	orrs	r6, r3
100037ce:	3b10      	subs	r3, #16
100037d0:	469c      	mov	ip, r3
100037d2:	2300      	movs	r3, #0
100037d4:	930f      	str	r3, [sp, #60]	@ 0x3c
100037d6:	3310      	adds	r3, #16
100037d8:	469b      	mov	fp, r3
100037da:	e7b0      	b.n	1000373e <_vsnprintf+0x476>
100037dc:	2302      	movs	r3, #2
100037de:	001a      	movs	r2, r3
100037e0:	4032      	ands	r2, r6
100037e2:	920c      	str	r2, [sp, #48]	@ 0x30
100037e4:	4233      	tst	r3, r6
100037e6:	d100      	bne.n	100037ea <_vsnprintf+0x522>
100037e8:	e205      	b.n	10003bf6 <_vsnprintf+0x92e>
100037ea:	930c      	str	r3, [sp, #48]	@ 0x30
100037ec:	4643      	mov	r3, r8
100037ee:	46b9      	mov	r9, r7
100037f0:	9e0b      	ldr	r6, [sp, #44]	@ 0x2c
100037f2:	9f0a      	ldr	r7, [sp, #40]	@ 0x28
100037f4:	46a8      	mov	r8, r5
100037f6:	1b1d      	subs	r5, r3, r4
100037f8:	0022      	movs	r2, r4
100037fa:	4653      	mov	r3, sl
100037fc:	0039      	movs	r1, r7
100037fe:	3401      	adds	r4, #1
10003800:	47b0      	blx	r6
10003802:	5d28      	ldrb	r0, [r5, r4]
10003804:	2800      	cmp	r0, #0
10003806:	d1f7      	bne.n	100037f8 <_vsnprintf+0x530>
10003808:	4645      	mov	r5, r8
1000380a:	464f      	mov	r7, r9
1000380c:	e69e      	b.n	1000354c <_vsnprintf+0x284>
1000380e:	2380      	movs	r3, #128	@ 0x80
10003810:	011b      	lsls	r3, r3, #4
10003812:	431e      	orrs	r6, r3
10003814:	2320      	movs	r3, #32
10003816:	431e      	orrs	r6, r3
10003818:	e6c7      	b.n	100035aa <_vsnprintf+0x2e2>
1000381a:	4662      	mov	r2, ip
1000381c:	920d      	str	r2, [sp, #52]	@ 0x34
1000381e:	4642      	mov	r2, r8
10003820:	1a9b      	subs	r3, r3, r2
10003822:	930f      	str	r3, [sp, #60]	@ 0x3c
10003824:	e66a      	b.n	100034fc <_vsnprintf+0x234>
10003826:	23c0      	movs	r3, #192	@ 0xc0
10003828:	009b      	lsls	r3, r3, #2
1000382a:	78b8      	ldrb	r0, [r7, #2]
1000382c:	431e      	orrs	r6, r3
1000382e:	1cf9      	adds	r1, r7, #3
10003830:	e5b9      	b.n	100033a6 <_vsnprintf+0xde>
10003832:	23c0      	movs	r3, #192	@ 0xc0
10003834:	78b8      	ldrb	r0, [r7, #2]
10003836:	431e      	orrs	r6, r3
10003838:	1cf9      	adds	r1, r7, #3
1000383a:	e5b4      	b.n	100033a6 <_vsnprintf+0xde>
1000383c:	2d01      	cmp	r5, #1
1000383e:	d800      	bhi.n	10003842 <_vsnprintf+0x57a>
10003840:	e14a      	b.n	10003ad8 <_vsnprintf+0x810>
10003842:	1e63      	subs	r3, r4, #1
10003844:	4699      	mov	r9, r3
10003846:	44a9      	add	r9, r5
10003848:	464b      	mov	r3, r9
1000384a:	4652      	mov	r2, sl
1000384c:	0026      	movs	r6, r4
1000384e:	46a1      	mov	r9, r4
10003850:	46ba      	mov	sl, r7
10003852:	001c      	movs	r4, r3
10003854:	0017      	movs	r7, r2
10003856:	46a8      	mov	r8, r5
10003858:	9d0b      	ldr	r5, [sp, #44]	@ 0x2c
1000385a:	0032      	movs	r2, r6
1000385c:	003b      	movs	r3, r7
1000385e:	3601      	adds	r6, #1
10003860:	2020      	movs	r0, #32
10003862:	990a      	ldr	r1, [sp, #40]	@ 0x28
10003864:	47a8      	blx	r5
10003866:	42a6      	cmp	r6, r4
10003868:	d1f7      	bne.n	1000385a <_vsnprintf+0x592>
1000386a:	003b      	movs	r3, r7
1000386c:	4657      	mov	r7, sl
1000386e:	469a      	mov	sl, r3
10003870:	464c      	mov	r4, r9
10003872:	9b0c      	ldr	r3, [sp, #48]	@ 0x30
10003874:	0032      	movs	r2, r6
10003876:	7818      	ldrb	r0, [r3, #0]
10003878:	990a      	ldr	r1, [sp, #40]	@ 0x28
1000387a:	4653      	mov	r3, sl
1000387c:	9d0b      	ldr	r5, [sp, #44]	@ 0x2c
1000387e:	4444      	add	r4, r8
10003880:	47a8      	blx	r5
10003882:	e667      	b.n	10003554 <_vsnprintf+0x28c>
10003884:	46a0      	mov	r8, r4
10003886:	9b0f      	ldr	r3, [sp, #60]	@ 0x3c
10003888:	429d      	cmp	r5, r3
1000388a:	d800      	bhi.n	1000388e <_vsnprintf+0x5c6>
1000388c:	e662      	b.n	10003554 <_vsnprintf+0x28c>
1000388e:	192c      	adds	r4, r5, r4
10003890:	9e0b      	ldr	r6, [sp, #44]	@ 0x2c
10003892:	4645      	mov	r5, r8
10003894:	46b8      	mov	r8, r7
10003896:	9f0a      	ldr	r7, [sp, #40]	@ 0x28
10003898:	1ae4      	subs	r4, r4, r3
1000389a:	002a      	movs	r2, r5
1000389c:	4653      	mov	r3, sl
1000389e:	3501      	adds	r5, #1
100038a0:	0039      	movs	r1, r7
100038a2:	2020      	movs	r0, #32
100038a4:	47b0      	blx	r6
100038a6:	42a5      	cmp	r5, r4
100038a8:	d1f7      	bne.n	1000389a <_vsnprintf+0x5d2>
100038aa:	4647      	mov	r7, r8
100038ac:	e652      	b.n	10003554 <_vsnprintf+0x28c>
100038ae:	2380      	movs	r3, #128	@ 0x80
100038b0:	0032      	movs	r2, r6
100038b2:	00db      	lsls	r3, r3, #3
100038b4:	401a      	ands	r2, r3
100038b6:	4690      	mov	r8, r2
100038b8:	421e      	tst	r6, r3
100038ba:	d100      	bne.n	100038be <_vsnprintf+0x5f6>
100038bc:	e0f3      	b.n	10003aa6 <_vsnprintf+0x7de>
100038be:	2111      	movs	r1, #17
100038c0:	438e      	bics	r6, r1
100038c2:	46b4      	mov	ip, r6
100038c4:	4698      	mov	r8, r3
100038c6:	2380      	movs	r3, #128	@ 0x80
100038c8:	4662      	mov	r2, ip
100038ca:	009b      	lsls	r3, r3, #2
100038cc:	401a      	ands	r2, r3
100038ce:	4693      	mov	fp, r2
100038d0:	4662      	mov	r2, ip
100038d2:	421a      	tst	r2, r3
100038d4:	d159      	bne.n	1000398a <_vsnprintf+0x6c2>
100038d6:	2380      	movs	r3, #128	@ 0x80
100038d8:	005b      	lsls	r3, r3, #1
100038da:	401a      	ands	r2, r3
100038dc:	4691      	mov	r9, r2
100038de:	9a0c      	ldr	r2, [sp, #48]	@ 0x30
100038e0:	3204      	adds	r2, #4
100038e2:	920f      	str	r2, [sp, #60]	@ 0x3c
100038e4:	4662      	mov	r2, ip
100038e6:	421a      	tst	r2, r3
100038e8:	d000      	beq.n	100038ec <_vsnprintf+0x624>
100038ea:	e1a0      	b.n	10003c2e <_vsnprintf+0x966>
100038ec:	4663      	mov	r3, ip
100038ee:	065b      	lsls	r3, r3, #25
100038f0:	d500      	bpl.n	100038f4 <_vsnprintf+0x62c>
100038f2:	e0d4      	b.n	10003a9e <_vsnprintf+0x7d6>
100038f4:	4663      	mov	r3, ip
100038f6:	061b      	lsls	r3, r3, #24
100038f8:	d400      	bmi.n	100038fc <_vsnprintf+0x634>
100038fa:	e212      	b.n	10003d22 <_vsnprintf+0xa5a>
100038fc:	9b0c      	ldr	r3, [sp, #48]	@ 0x30
100038fe:	2200      	movs	r2, #0
10003900:	5e9b      	ldrsh	r3, [r3, r2]
10003902:	17d8      	asrs	r0, r3, #31
10003904:	1819      	adds	r1, r3, r0
10003906:	4041      	eors	r1, r0
10003908:	b289      	uxth	r1, r1
1000390a:	0fda      	lsrs	r2, r3, #31
1000390c:	920c      	str	r2, [sp, #48]	@ 0x30
1000390e:	2b00      	cmp	r3, #0
10003910:	d100      	bne.n	10003914 <_vsnprintf+0x64c>
10003912:	e187      	b.n	10003c24 <_vsnprintf+0x95c>
10003914:	4688      	mov	r8, r1
10003916:	261f      	movs	r6, #31
10003918:	ab12      	add	r3, sp, #72	@ 0x48
1000391a:	46bb      	mov	fp, r7
1000391c:	9514      	str	r5, [sp, #80]	@ 0x50
1000391e:	18f7      	adds	r7, r6, r3
10003920:	4645      	mov	r5, r8
10003922:	464e      	mov	r6, r9
10003924:	46e0      	mov	r8, ip
10003926:	46a1      	mov	r9, r4
10003928:	e006      	b.n	10003938 <_vsnprintf+0x670>
1000392a:	0028      	movs	r0, r5
1000392c:	210a      	movs	r1, #10
1000392e:	f7fd fff3 	bl	10001918 <__wrap___aeabi_uidiv>
10003932:	0005      	movs	r5, r0
10003934:	2e20      	cmp	r6, #32
10003936:	d008      	beq.n	1000394a <_vsnprintf+0x682>
10003938:	210a      	movs	r1, #10
1000393a:	0028      	movs	r0, r5
1000393c:	f7fd ffec 	bl	10001918 <__wrap___aeabi_uidiv>
10003940:	3601      	adds	r6, #1
10003942:	3130      	adds	r1, #48	@ 0x30
10003944:	55b9      	strb	r1, [r7, r6]
10003946:	2d09      	cmp	r5, #9
10003948:	d8ef      	bhi.n	1000392a <_vsnprintf+0x662>
1000394a:	464c      	mov	r4, r9
1000394c:	46c4      	mov	ip, r8
1000394e:	46b1      	mov	r9, r6
10003950:	465f      	mov	r7, fp
10003952:	9d14      	ldr	r5, [sp, #80]	@ 0x50
10003954:	4663      	mov	r3, ip
10003956:	9306      	str	r3, [sp, #24]
10003958:	9b0d      	ldr	r3, [sp, #52]	@ 0x34
1000395a:	9505      	str	r5, [sp, #20]
1000395c:	9304      	str	r3, [sp, #16]
1000395e:	230a      	movs	r3, #10
10003960:	9303      	str	r3, [sp, #12]
10003962:	9b0c      	ldr	r3, [sp, #48]	@ 0x30
10003964:	9302      	str	r3, [sp, #8]
10003966:	464b      	mov	r3, r9
10003968:	9301      	str	r3, [sp, #4]
1000396a:	ab1a      	add	r3, sp, #104	@ 0x68
1000396c:	0022      	movs	r2, r4
1000396e:	9300      	str	r3, [sp, #0]
10003970:	990a      	ldr	r1, [sp, #40]	@ 0x28
10003972:	4653      	mov	r3, sl
10003974:	980b      	ldr	r0, [sp, #44]	@ 0x2c
10003976:	f7fe fec1 	bl	100026fc <_ntoa_format>
1000397a:	9b0f      	ldr	r3, [sp, #60]	@ 0x3c
1000397c:	0004      	movs	r4, r0
1000397e:	930c      	str	r3, [sp, #48]	@ 0x30
10003980:	e4c9      	b.n	10003316 <_vsnprintf+0x4e>
10003982:	230c      	movs	r3, #12
10003984:	0031      	movs	r1, r6
10003986:	4399      	bics	r1, r3
10003988:	e6e3      	b.n	10003752 <_vsnprintf+0x48a>
1000398a:	2208      	movs	r2, #8
1000398c:	2107      	movs	r1, #7
1000398e:	4691      	mov	r9, r2
10003990:	9b0c      	ldr	r3, [sp, #48]	@ 0x30
10003992:	3307      	adds	r3, #7
10003994:	438b      	bics	r3, r1
10003996:	4499      	add	r9, r3
10003998:	464a      	mov	r2, r9
1000399a:	cb0a      	ldmia	r3, {r1, r3}
1000399c:	0008      	movs	r0, r1
1000399e:	920c      	str	r2, [sp, #48]	@ 0x30
100039a0:	0fda      	lsrs	r2, r3, #31
100039a2:	4693      	mov	fp, r2
100039a4:	4318      	orrs	r0, r3
100039a6:	d000      	beq.n	100039aa <_vsnprintf+0x6e2>
100039a8:	e085      	b.n	10003ab6 <_vsnprintf+0x7ee>
100039aa:	2300      	movs	r3, #0
100039ac:	4699      	mov	r9, r3
100039ae:	4643      	mov	r3, r8
100039b0:	2b00      	cmp	r3, #0
100039b2:	d12f      	bne.n	10003a14 <_vsnprintf+0x74c>
100039b4:	2200      	movs	r2, #0
100039b6:	2300      	movs	r3, #0
100039b8:	9210      	str	r2, [sp, #64]	@ 0x40
100039ba:	9311      	str	r3, [sp, #68]	@ 0x44
100039bc:	2300      	movs	r3, #0
100039be:	261f      	movs	r6, #31
100039c0:	4699      	mov	r9, r3
100039c2:	ab12      	add	r3, sp, #72	@ 0x48
100039c4:	18f6      	adds	r6, r6, r3
100039c6:	465b      	mov	r3, fp
100039c8:	9514      	str	r5, [sp, #80]	@ 0x50
100039ca:	46bb      	mov	fp, r7
100039cc:	46e0      	mov	r8, ip
100039ce:	0037      	movs	r7, r6
100039d0:	930f      	str	r3, [sp, #60]	@ 0x3c
100039d2:	464e      	mov	r6, r9
100039d4:	46a1      	mov	r9, r4
100039d6:	9c10      	ldr	r4, [sp, #64]	@ 0x40
100039d8:	9d11      	ldr	r5, [sp, #68]	@ 0x44
100039da:	e005      	b.n	100039e8 <_vsnprintf+0x720>
100039dc:	10002651 	.word	0x10002651
100039e0:	0004      	movs	r4, r0
100039e2:	000d      	movs	r5, r1
100039e4:	2e20      	cmp	r6, #32
100039e6:	d00c      	beq.n	10003a02 <_vsnprintf+0x73a>
100039e8:	220a      	movs	r2, #10
100039ea:	2300      	movs	r3, #0
100039ec:	0020      	movs	r0, r4
100039ee:	0029      	movs	r1, r5
100039f0:	f7fd ffd0 	bl	10001994 <__wrap___aeabi_uldivmod>
100039f4:	3601      	adds	r6, #1
100039f6:	3230      	adds	r2, #48	@ 0x30
100039f8:	55ba      	strb	r2, [r7, r6]
100039fa:	2d00      	cmp	r5, #0
100039fc:	d1f0      	bne.n	100039e0 <_vsnprintf+0x718>
100039fe:	2c09      	cmp	r4, #9
10003a00:	d8ee      	bhi.n	100039e0 <_vsnprintf+0x718>
10003a02:	9b0f      	ldr	r3, [sp, #60]	@ 0x3c
10003a04:	9410      	str	r4, [sp, #64]	@ 0x40
10003a06:	9511      	str	r5, [sp, #68]	@ 0x44
10003a08:	465f      	mov	r7, fp
10003a0a:	464c      	mov	r4, r9
10003a0c:	46c4      	mov	ip, r8
10003a0e:	46b1      	mov	r9, r6
10003a10:	469b      	mov	fp, r3
10003a12:	9d14      	ldr	r5, [sp, #80]	@ 0x50
10003a14:	4663      	mov	r3, ip
10003a16:	9306      	str	r3, [sp, #24]
10003a18:	9b0d      	ldr	r3, [sp, #52]	@ 0x34
10003a1a:	9505      	str	r5, [sp, #20]
10003a1c:	9304      	str	r3, [sp, #16]
10003a1e:	230a      	movs	r3, #10
10003a20:	9303      	str	r3, [sp, #12]
10003a22:	465b      	mov	r3, fp
10003a24:	9302      	str	r3, [sp, #8]
10003a26:	464b      	mov	r3, r9
10003a28:	9301      	str	r3, [sp, #4]
10003a2a:	ab1a      	add	r3, sp, #104	@ 0x68
10003a2c:	0022      	movs	r2, r4
10003a2e:	9300      	str	r3, [sp, #0]
10003a30:	990a      	ldr	r1, [sp, #40]	@ 0x28
10003a32:	4653      	mov	r3, sl
10003a34:	980b      	ldr	r0, [sp, #44]	@ 0x2c
10003a36:	f7fe fe61 	bl	100026fc <_ntoa_format>
10003a3a:	0004      	movs	r4, r0
10003a3c:	e46b      	b.n	10003316 <_vsnprintf+0x4e>
10003a3e:	9b0f      	ldr	r3, [sp, #60]	@ 0x3c
10003a40:	429d      	cmp	r5, r3
10003a42:	d800      	bhi.n	10003a46 <_vsnprintf+0x77e>
10003a44:	e196      	b.n	10003d74 <_vsnprintf+0xaac>
10003a46:	2380      	movs	r3, #128	@ 0x80
10003a48:	00db      	lsls	r3, r3, #3
10003a4a:	930c      	str	r3, [sp, #48]	@ 0x30
10003a4c:	9b0f      	ldr	r3, [sp, #60]	@ 0x3c
10003a4e:	192e      	adds	r6, r5, r4
10003a50:	1af6      	subs	r6, r6, r3
10003a52:	4643      	mov	r3, r8
10003a54:	930f      	str	r3, [sp, #60]	@ 0x3c
10003a56:	9b0d      	ldr	r3, [sp, #52]	@ 0x34
10003a58:	46a8      	mov	r8, r5
10003a5a:	4699      	mov	r9, r3
10003a5c:	4653      	mov	r3, sl
10003a5e:	46ba      	mov	sl, r7
10003a60:	001f      	movs	r7, r3
10003a62:	9d0b      	ldr	r5, [sp, #44]	@ 0x2c
10003a64:	0022      	movs	r2, r4
10003a66:	003b      	movs	r3, r7
10003a68:	3401      	adds	r4, #1
10003a6a:	2020      	movs	r0, #32
10003a6c:	990a      	ldr	r1, [sp, #40]	@ 0x28
10003a6e:	47a8      	blx	r5
10003a70:	42b4      	cmp	r4, r6
10003a72:	d1f7      	bne.n	10003a64 <_vsnprintf+0x79c>
10003a74:	9b0f      	ldr	r3, [sp, #60]	@ 0x3c
10003a76:	4645      	mov	r5, r8
10003a78:	4698      	mov	r8, r3
10003a7a:	464b      	mov	r3, r9
10003a7c:	930d      	str	r3, [sp, #52]	@ 0x34
10003a7e:	003b      	movs	r3, r7
10003a80:	4657      	mov	r7, sl
10003a82:	469a      	mov	sl, r3
10003a84:	4643      	mov	r3, r8
10003a86:	7818      	ldrb	r0, [r3, #0]
10003a88:	2800      	cmp	r0, #0
10003a8a:	d100      	bne.n	10003a8e <_vsnprintf+0x7c6>
10003a8c:	e562      	b.n	10003554 <_vsnprintf+0x28c>
10003a8e:	1c6b      	adds	r3, r5, #1
10003a90:	930f      	str	r3, [sp, #60]	@ 0x3c
10003a92:	9b0c      	ldr	r3, [sp, #48]	@ 0x30
10003a94:	2b00      	cmp	r3, #0
10003a96:	d100      	bne.n	10003a9a <_vsnprintf+0x7d2>
10003a98:	e6a8      	b.n	100037ec <_vsnprintf+0x524>
10003a9a:	2300      	movs	r3, #0
10003a9c:	e53d      	b.n	1000351a <_vsnprintf+0x252>
10003a9e:	9b0c      	ldr	r3, [sp, #48]	@ 0x30
10003aa0:	781b      	ldrb	r3, [r3, #0]
10003aa2:	0019      	movs	r1, r3
10003aa4:	e731      	b.n	1000390a <_vsnprintf+0x642>
10003aa6:	2310      	movs	r3, #16
10003aa8:	439e      	bics	r6, r3
10003aaa:	46b4      	mov	ip, r6
10003aac:	e70b      	b.n	100038c6 <_vsnprintf+0x5fe>
10003aae:	9b0c      	ldr	r3, [sp, #48]	@ 0x30
10003ab0:	781b      	ldrb	r3, [r3, #0]
10003ab2:	4699      	mov	r9, r3
10003ab4:	e669      	b.n	1000378a <_vsnprintf+0x4c2>
10003ab6:	17da      	asrs	r2, r3, #31
10003ab8:	9212      	str	r2, [sp, #72]	@ 0x48
10003aba:	9213      	str	r2, [sp, #76]	@ 0x4c
10003abc:	404a      	eors	r2, r1
10003abe:	9210      	str	r2, [sp, #64]	@ 0x40
10003ac0:	9812      	ldr	r0, [sp, #72]	@ 0x48
10003ac2:	9913      	ldr	r1, [sp, #76]	@ 0x4c
10003ac4:	000a      	movs	r2, r1
10003ac6:	405a      	eors	r2, r3
10003ac8:	9211      	str	r2, [sp, #68]	@ 0x44
10003aca:	9a10      	ldr	r2, [sp, #64]	@ 0x40
10003acc:	9b11      	ldr	r3, [sp, #68]	@ 0x44
10003ace:	1a12      	subs	r2, r2, r0
10003ad0:	418b      	sbcs	r3, r1
10003ad2:	9210      	str	r2, [sp, #64]	@ 0x40
10003ad4:	9311      	str	r3, [sp, #68]	@ 0x44
10003ad6:	e771      	b.n	100039bc <_vsnprintf+0x6f4>
10003ad8:	9b0c      	ldr	r3, [sp, #48]	@ 0x30
10003ada:	0022      	movs	r2, r4
10003adc:	7818      	ldrb	r0, [r3, #0]
10003ade:	990a      	ldr	r1, [sp, #40]	@ 0x28
10003ae0:	4653      	mov	r3, sl
10003ae2:	9c0b      	ldr	r4, [sp, #44]	@ 0x2c
10003ae4:	47a0      	blx	r4
10003ae6:	4644      	mov	r4, r8
10003ae8:	e534      	b.n	10003554 <_vsnprintf+0x28c>
10003aea:	2208      	movs	r2, #8
10003aec:	2607      	movs	r6, #7
10003aee:	4690      	mov	r8, r2
10003af0:	9b0c      	ldr	r3, [sp, #48]	@ 0x30
10003af2:	3307      	adds	r3, #7
10003af4:	43b3      	bics	r3, r6
10003af6:	4498      	add	r8, r3
10003af8:	4642      	mov	r2, r8
10003afa:	920c      	str	r2, [sp, #48]	@ 0x30
10003afc:	681a      	ldr	r2, [r3, #0]
10003afe:	685b      	ldr	r3, [r3, #4]
10003b00:	9214      	str	r2, [sp, #80]	@ 0x50
10003b02:	9308      	str	r3, [sp, #32]
10003b04:	0013      	movs	r3, r2
10003b06:	9a08      	ldr	r2, [sp, #32]
10003b08:	4313      	orrs	r3, r2
10003b0a:	d105      	bne.n	10003b18 <_vsnprintf+0x850>
10003b0c:	3310      	adds	r3, #16
10003b0e:	4399      	bics	r1, r3
10003b10:	2300      	movs	r3, #0
10003b12:	4698      	mov	r8, r3
10003b14:	2800      	cmp	r0, #0
10003b16:	d138      	bne.n	10003b8a <_vsnprintf+0x8c2>
10003b18:	2061      	movs	r0, #97	@ 0x61
10003b1a:	068b      	lsls	r3, r1, #26
10003b1c:	d500      	bpl.n	10003b20 <_vsnprintf+0x858>
10003b1e:	2041      	movs	r0, #65	@ 0x41
10003b20:	2300      	movs	r3, #0
10003b22:	261f      	movs	r6, #31
10003b24:	4698      	mov	r8, r3
10003b26:	465a      	mov	r2, fp
10003b28:	ab12      	add	r3, sp, #72	@ 0x48
10003b2a:	18f6      	adds	r6, r6, r3
10003b2c:	0003      	movs	r3, r0
10003b2e:	9218      	str	r2, [sp, #96]	@ 0x60
10003b30:	9a0f      	ldr	r2, [sp, #60]	@ 0x3c
10003b32:	3b0a      	subs	r3, #10
10003b34:	46b1      	mov	r9, r6
10003b36:	9516      	str	r5, [sp, #88]	@ 0x58
10003b38:	9417      	str	r4, [sp, #92]	@ 0x5c
10003b3a:	9719      	str	r7, [sp, #100]	@ 0x64
10003b3c:	4644      	mov	r4, r8
10003b3e:	4666      	mov	r6, ip
10003b40:	4690      	mov	r8, r2
10003b42:	469b      	mov	fp, r3
10003b44:	9f14      	ldr	r7, [sp, #80]	@ 0x50
10003b46:	9d08      	ldr	r5, [sp, #32]
10003b48:	9115      	str	r1, [sp, #84]	@ 0x54
10003b4a:	e003      	b.n	10003b54 <_vsnprintf+0x88c>
10003b4c:	0007      	movs	r7, r0
10003b4e:	000d      	movs	r5, r1
10003b50:	2c20      	cmp	r4, #32
10003b52:	d013      	beq.n	10003b7c <_vsnprintf+0x8b4>
10003b54:	0032      	movs	r2, r6
10003b56:	2300      	movs	r3, #0
10003b58:	0038      	movs	r0, r7
10003b5a:	0029      	movs	r1, r5
10003b5c:	f7fd ff1a 	bl	10001994 <__wrap___aeabi_uldivmod>
10003b60:	465b      	mov	r3, fp
10003b62:	b2d2      	uxtb	r2, r2
10003b64:	18d3      	adds	r3, r2, r3
10003b66:	2a09      	cmp	r2, #9
10003b68:	d801      	bhi.n	10003b6e <_vsnprintf+0x8a6>
10003b6a:	0013      	movs	r3, r2
10003b6c:	3330      	adds	r3, #48	@ 0x30
10003b6e:	464a      	mov	r2, r9
10003b70:	3401      	adds	r4, #1
10003b72:	5513      	strb	r3, [r2, r4]
10003b74:	45a8      	cmp	r8, r5
10003b76:	d1e9      	bne.n	10003b4c <_vsnprintf+0x884>
10003b78:	42be      	cmp	r6, r7
10003b7a:	d9e7      	bls.n	10003b4c <_vsnprintf+0x884>
10003b7c:	9b18      	ldr	r3, [sp, #96]	@ 0x60
10003b7e:	46a0      	mov	r8, r4
10003b80:	469b      	mov	fp, r3
10003b82:	9915      	ldr	r1, [sp, #84]	@ 0x54
10003b84:	9d16      	ldr	r5, [sp, #88]	@ 0x58
10003b86:	9c17      	ldr	r4, [sp, #92]	@ 0x5c
10003b88:	9f19      	ldr	r7, [sp, #100]	@ 0x64
10003b8a:	9b0d      	ldr	r3, [sp, #52]	@ 0x34
10003b8c:	9106      	str	r1, [sp, #24]
10003b8e:	9304      	str	r3, [sp, #16]
10003b90:	465b      	mov	r3, fp
10003b92:	9303      	str	r3, [sp, #12]
10003b94:	2300      	movs	r3, #0
10003b96:	9505      	str	r5, [sp, #20]
10003b98:	9302      	str	r3, [sp, #8]
10003b9a:	4643      	mov	r3, r8
10003b9c:	e744      	b.n	10003a28 <_vsnprintf+0x760>
10003b9e:	2061      	movs	r0, #97	@ 0x61
10003ba0:	068b      	lsls	r3, r1, #26
10003ba2:	d500      	bpl.n	10003ba6 <_vsnprintf+0x8de>
10003ba4:	2041      	movs	r0, #65	@ 0x41
10003ba6:	261f      	movs	r6, #31
10003ba8:	ab12      	add	r3, sp, #72	@ 0x48
10003baa:	18f2      	adds	r2, r6, r3
10003bac:	0003      	movs	r3, r0
10003bae:	3b0a      	subs	r3, #10
10003bb0:	930c      	str	r3, [sp, #48]	@ 0x30
10003bb2:	464b      	mov	r3, r9
10003bb4:	4646      	mov	r6, r8
10003bb6:	46a1      	mov	r9, r4
10003bb8:	46a8      	mov	r8, r5
10003bba:	001c      	movs	r4, r3
10003bbc:	465d      	mov	r5, fp
10003bbe:	9114      	str	r1, [sp, #80]	@ 0x50
10003bc0:	46bb      	mov	fp, r7
10003bc2:	0017      	movs	r7, r2
10003bc4:	e002      	b.n	10003bcc <_vsnprintf+0x904>
10003bc6:	0004      	movs	r4, r0
10003bc8:	2e20      	cmp	r6, #32
10003bca:	d00d      	beq.n	10003be8 <_vsnprintf+0x920>
10003bcc:	0029      	movs	r1, r5
10003bce:	0020      	movs	r0, r4
10003bd0:	f7fd fea2 	bl	10001918 <__wrap___aeabi_uidiv>
10003bd4:	9b0c      	ldr	r3, [sp, #48]	@ 0x30
10003bd6:	18cb      	adds	r3, r1, r3
10003bd8:	2909      	cmp	r1, #9
10003bda:	d801      	bhi.n	10003be0 <_vsnprintf+0x918>
10003bdc:	000b      	movs	r3, r1
10003bde:	3330      	adds	r3, #48	@ 0x30
10003be0:	3601      	adds	r6, #1
10003be2:	55bb      	strb	r3, [r7, r6]
10003be4:	42ac      	cmp	r4, r5
10003be6:	d2ee      	bcs.n	10003bc6 <_vsnprintf+0x8fe>
10003be8:	465f      	mov	r7, fp
10003bea:	464c      	mov	r4, r9
10003bec:	46ab      	mov	fp, r5
10003bee:	9914      	ldr	r1, [sp, #80]	@ 0x50
10003bf0:	4645      	mov	r5, r8
10003bf2:	46b0      	mov	r8, r6
10003bf4:	e5d4      	b.n	100037a0 <_vsnprintf+0x4d8>
10003bf6:	9b0f      	ldr	r3, [sp, #60]	@ 0x3c
10003bf8:	429d      	cmp	r5, r3
10003bfa:	d900      	bls.n	10003bfe <_vsnprintf+0x936>
10003bfc:	e726      	b.n	10003a4c <_vsnprintf+0x784>
10003bfe:	3301      	adds	r3, #1
10003c00:	930f      	str	r3, [sp, #60]	@ 0x3c
10003c02:	e5f3      	b.n	100037ec <_vsnprintf+0x524>
10003c04:	2310      	movs	r3, #16
10003c06:	0032      	movs	r2, r6
10003c08:	439a      	bics	r2, r3
10003c0a:	4694      	mov	ip, r2
10003c0c:	2869      	cmp	r0, #105	@ 0x69
10003c0e:	d000      	beq.n	10003c12 <_vsnprintf+0x94a>
10003c10:	e0a2      	b.n	10003d58 <_vsnprintf+0xa90>
10003c12:	2380      	movs	r3, #128	@ 0x80
10003c14:	0032      	movs	r2, r6
10003c16:	00db      	lsls	r3, r3, #3
10003c18:	401a      	ands	r2, r3
10003c1a:	4690      	mov	r8, r2
10003c1c:	421e      	tst	r6, r3
10003c1e:	d100      	bne.n	10003c22 <_vsnprintf+0x95a>
10003c20:	e651      	b.n	100038c6 <_vsnprintf+0x5fe>
10003c22:	e64c      	b.n	100038be <_vsnprintf+0x5f6>
10003c24:	4643      	mov	r3, r8
10003c26:	2b00      	cmp	r3, #0
10003c28:	d000      	beq.n	10003c2c <_vsnprintf+0x964>
10003c2a:	e693      	b.n	10003954 <_vsnprintf+0x68c>
10003c2c:	e673      	b.n	10003916 <_vsnprintf+0x64e>
10003c2e:	9b0c      	ldr	r3, [sp, #48]	@ 0x30
10003c30:	681b      	ldr	r3, [r3, #0]
10003c32:	0fda      	lsrs	r2, r3, #31
10003c34:	2b00      	cmp	r3, #0
10003c36:	d070      	beq.n	10003d1a <_vsnprintf+0xa52>
10003c38:	17d9      	asrs	r1, r3, #31
10003c3a:	185b      	adds	r3, r3, r1
10003c3c:	404b      	eors	r3, r1
10003c3e:	4698      	mov	r8, r3
10003c40:	261f      	movs	r6, #31
10003c42:	ab12      	add	r3, sp, #72	@ 0x48
10003c44:	18f6      	adds	r6, r6, r3
10003c46:	46a1      	mov	r9, r4
10003c48:	9514      	str	r5, [sp, #80]	@ 0x50
10003c4a:	465c      	mov	r4, fp
10003c4c:	4645      	mov	r5, r8
10003c4e:	46bb      	mov	fp, r7
10003c50:	46e0      	mov	r8, ip
10003c52:	0037      	movs	r7, r6
10003c54:	920c      	str	r2, [sp, #48]	@ 0x30
10003c56:	e006      	b.n	10003c66 <_vsnprintf+0x99e>
10003c58:	0028      	movs	r0, r5
10003c5a:	210a      	movs	r1, #10
10003c5c:	f7fd fe5c 	bl	10001918 <__wrap___aeabi_uidiv>
10003c60:	0005      	movs	r5, r0
10003c62:	2c20      	cmp	r4, #32
10003c64:	d008      	beq.n	10003c78 <_vsnprintf+0x9b0>
10003c66:	210a      	movs	r1, #10
10003c68:	0028      	movs	r0, r5
10003c6a:	f7fd fe55 	bl	10001918 <__wrap___aeabi_uidiv>
10003c6e:	3401      	adds	r4, #1
10003c70:	3130      	adds	r1, #48	@ 0x30
10003c72:	5539      	strb	r1, [r7, r4]
10003c74:	2d09      	cmp	r5, #9
10003c76:	d8ef      	bhi.n	10003c58 <_vsnprintf+0x990>
10003c78:	465f      	mov	r7, fp
10003c7a:	46c4      	mov	ip, r8
10003c7c:	46a3      	mov	fp, r4
10003c7e:	464c      	mov	r4, r9
10003c80:	9d14      	ldr	r5, [sp, #80]	@ 0x50
10003c82:	9a0c      	ldr	r2, [sp, #48]	@ 0x30
10003c84:	4663      	mov	r3, ip
10003c86:	9306      	str	r3, [sp, #24]
10003c88:	9b0d      	ldr	r3, [sp, #52]	@ 0x34
10003c8a:	9505      	str	r5, [sp, #20]
10003c8c:	9304      	str	r3, [sp, #16]
10003c8e:	230a      	movs	r3, #10
10003c90:	9202      	str	r2, [sp, #8]
10003c92:	9303      	str	r3, [sp, #12]
10003c94:	465b      	mov	r3, fp
10003c96:	e667      	b.n	10003968 <_vsnprintf+0x6a0>
10003c98:	9b0c      	ldr	r3, [sp, #48]	@ 0x30
10003c9a:	681b      	ldr	r3, [r3, #0]
10003c9c:	4698      	mov	r8, r3
10003c9e:	2b00      	cmp	r3, #0
10003ca0:	d103      	bne.n	10003caa <_vsnprintf+0x9e2>
10003ca2:	3310      	adds	r3, #16
10003ca4:	4399      	bics	r1, r3
10003ca6:	2800      	cmp	r0, #0
10003ca8:	d12d      	bne.n	10003d06 <_vsnprintf+0xa3e>
10003caa:	2061      	movs	r0, #97	@ 0x61
10003cac:	068b      	lsls	r3, r1, #26
10003cae:	d500      	bpl.n	10003cb2 <_vsnprintf+0x9ea>
10003cb0:	2041      	movs	r0, #65	@ 0x41
10003cb2:	261f      	movs	r6, #31
10003cb4:	ab12      	add	r3, sp, #72	@ 0x48
10003cb6:	18f6      	adds	r6, r6, r3
10003cb8:	0003      	movs	r3, r0
10003cba:	3b0a      	subs	r3, #10
10003cbc:	464a      	mov	r2, r9
10003cbe:	930c      	str	r3, [sp, #48]	@ 0x30
10003cc0:	9114      	str	r1, [sp, #80]	@ 0x50
10003cc2:	4643      	mov	r3, r8
10003cc4:	0031      	movs	r1, r6
10003cc6:	46a8      	mov	r8, r5
10003cc8:	46a1      	mov	r9, r4
10003cca:	465e      	mov	r6, fp
10003ccc:	0014      	movs	r4, r2
10003cce:	46bb      	mov	fp, r7
10003cd0:	001d      	movs	r5, r3
10003cd2:	000f      	movs	r7, r1
10003cd4:	e002      	b.n	10003cdc <_vsnprintf+0xa14>
10003cd6:	0005      	movs	r5, r0
10003cd8:	2c20      	cmp	r4, #32
10003cda:	d00d      	beq.n	10003cf8 <_vsnprintf+0xa30>
10003cdc:	0031      	movs	r1, r6
10003cde:	0028      	movs	r0, r5
10003ce0:	f7fd fe1a 	bl	10001918 <__wrap___aeabi_uidiv>
10003ce4:	9b0c      	ldr	r3, [sp, #48]	@ 0x30
10003ce6:	18cb      	adds	r3, r1, r3
10003ce8:	2909      	cmp	r1, #9
10003cea:	d801      	bhi.n	10003cf0 <_vsnprintf+0xa28>
10003cec:	000b      	movs	r3, r1
10003cee:	3330      	adds	r3, #48	@ 0x30
10003cf0:	3401      	adds	r4, #1
10003cf2:	553b      	strb	r3, [r7, r4]
10003cf4:	42b5      	cmp	r5, r6
10003cf6:	d2ee      	bcs.n	10003cd6 <_vsnprintf+0xa0e>
10003cf8:	0023      	movs	r3, r4
10003cfa:	465f      	mov	r7, fp
10003cfc:	464c      	mov	r4, r9
10003cfe:	4645      	mov	r5, r8
10003d00:	46b3      	mov	fp, r6
10003d02:	4699      	mov	r9, r3
10003d04:	9914      	ldr	r1, [sp, #80]	@ 0x50
10003d06:	9b0d      	ldr	r3, [sp, #52]	@ 0x34
10003d08:	9106      	str	r1, [sp, #24]
10003d0a:	9304      	str	r3, [sp, #16]
10003d0c:	465b      	mov	r3, fp
10003d0e:	9303      	str	r3, [sp, #12]
10003d10:	2300      	movs	r3, #0
10003d12:	9505      	str	r5, [sp, #20]
10003d14:	9302      	str	r3, [sp, #8]
10003d16:	464b      	mov	r3, r9
10003d18:	e626      	b.n	10003968 <_vsnprintf+0x6a0>
10003d1a:	4643      	mov	r3, r8
10003d1c:	2b00      	cmp	r3, #0
10003d1e:	d1b1      	bne.n	10003c84 <_vsnprintf+0x9bc>
10003d20:	e78e      	b.n	10003c40 <_vsnprintf+0x978>
10003d22:	9b0c      	ldr	r3, [sp, #48]	@ 0x30
10003d24:	681b      	ldr	r3, [r3, #0]
10003d26:	17d8      	asrs	r0, r3, #31
10003d28:	1819      	adds	r1, r3, r0
10003d2a:	4041      	eors	r1, r0
10003d2c:	e5ed      	b.n	1000390a <_vsnprintf+0x642>
10003d2e:	2380      	movs	r3, #128	@ 0x80
10003d30:	0032      	movs	r2, r6
10003d32:	00db      	lsls	r3, r3, #3
10003d34:	401a      	ands	r2, r3
10003d36:	920f      	str	r2, [sp, #60]	@ 0x3c
10003d38:	421e      	tst	r6, r3
10003d3a:	d00f      	beq.n	10003d5c <_vsnprintf+0xa94>
10003d3c:	3002      	adds	r0, #2
10003d3e:	0002      	movs	r2, r0
10003d40:	4032      	ands	r2, r6
10003d42:	920f      	str	r2, [sp, #60]	@ 0x3c
10003d44:	4230      	tst	r0, r6
10003d46:	d019      	beq.n	10003d7c <_vsnprintf+0xab4>
10003d48:	2300      	movs	r3, #0
10003d4a:	46a0      	mov	r8, r4
10003d4c:	930f      	str	r3, [sp, #60]	@ 0x3c
10003d4e:	e59a      	b.n	10003886 <_vsnprintf+0x5be>
10003d50:	9b0c      	ldr	r3, [sp, #48]	@ 0x30
10003d52:	681b      	ldr	r3, [r3, #0]
10003d54:	4699      	mov	r9, r3
10003d56:	e518      	b.n	1000378a <_vsnprintf+0x4c2>
10003d58:	0016      	movs	r6, r2
10003d5a:	e49b      	b.n	10003694 <_vsnprintf+0x3cc>
10003d5c:	2302      	movs	r3, #2
10003d5e:	001a      	movs	r2, r3
10003d60:	4032      	ands	r2, r6
10003d62:	920c      	str	r2, [sp, #48]	@ 0x30
10003d64:	4233      	tst	r3, r6
10003d66:	d000      	beq.n	10003d6a <_vsnprintf+0xaa2>
10003d68:	e58c      	b.n	10003884 <_vsnprintf+0x5bc>
10003d6a:	2d00      	cmp	r5, #0
10003d6c:	d000      	beq.n	10003d70 <_vsnprintf+0xaa8>
10003d6e:	e66d      	b.n	10003a4c <_vsnprintf+0x784>
10003d70:	f7ff fbf0 	bl	10003554 <_vsnprintf+0x28c>
10003d74:	3301      	adds	r3, #1
10003d76:	930f      	str	r3, [sp, #60]	@ 0x3c
10003d78:	f7ff fbd0 	bl	1000351c <_vsnprintf+0x254>
10003d7c:	930c      	str	r3, [sp, #48]	@ 0x30
10003d7e:	e7f4      	b.n	10003d6a <_vsnprintf+0xaa2>

10003d80 <vfctprintf>:
10003d80:	b500      	push	{lr}
10003d82:	b085      	sub	sp, #20
10003d84:	9103      	str	r1, [sp, #12]
10003d86:	2101      	movs	r1, #1
10003d88:	9002      	str	r0, [sp, #8]
10003d8a:	9300      	str	r3, [sp, #0]
10003d8c:	4803      	ldr	r0, [pc, #12]	@ (10003d9c <vfctprintf+0x1c>)
10003d8e:	0013      	movs	r3, r2
10003d90:	424a      	negs	r2, r1
10003d92:	a902      	add	r1, sp, #8
10003d94:	f7ff fa98 	bl	100032c8 <_vsnprintf>
10003d98:	b005      	add	sp, #20
10003d9a:	bd00      	pop	{pc}
10003d9c:	100028e5 	.word	0x100028e5

10003da0 <weak_raw_vprintf>:
10003da0:	b510      	push	{r4, lr}
10003da2:	4a09      	ldr	r2, [pc, #36]	@ (10003dc8 <weak_raw_vprintf+0x28>)
10003da4:	0003      	movs	r3, r0
10003da6:	6814      	ldr	r4, [r2, #0]
10003da8:	b084      	sub	sp, #16
10003daa:	2c00      	cmp	r4, #0
10003dac:	d008      	beq.n	10003dc0 <weak_raw_vprintf+0x20>
10003dae:	2201      	movs	r2, #1
10003db0:	9100      	str	r1, [sp, #0]
10003db2:	4806      	ldr	r0, [pc, #24]	@ (10003dcc <weak_raw_vprintf+0x2c>)
10003db4:	4252      	negs	r2, r2
10003db6:	a903      	add	r1, sp, #12
10003db8:	47a0      	blx	r4
10003dba:	2001      	movs	r0, #1
10003dbc:	b004      	add	sp, #16
10003dbe:	bd10      	pop	{r4, pc}
10003dc0:	f000 f9cc 	bl	1000415c <__wrap_puts>
10003dc4:	2000      	movs	r0, #0
10003dc6:	e7f9      	b.n	10003dbc <weak_raw_vprintf+0x1c>
10003dc8:	20001bf0 	.word	0x20001bf0
10003dcc:	100028d5 	.word	0x100028d5

10003dd0 <_exit>:
10003dd0:	be00      	bkpt	0x0000
10003dd2:	e7fd      	b.n	10003dd0 <_exit>

10003dd4 <_fini>:
10003dd4:	4770      	bx	lr
10003dd6:	46c0      	nop			@ (mov r8, r8)

10003dd8 <exit>:
10003dd8:	b510      	push	{r4, lr}
10003dda:	f7ff fff9 	bl	10003dd0 <_exit>
10003dde:	46c0      	nop			@ (mov r8, r8)

10003de0 <runtime_init>:
10003de0:	b570      	push	{r4, r5, r6, lr}
10003de2:	f7fd fc4d 	bl	10001680 <runtime_run_initializers>
10003de6:	4d07      	ldr	r5, [pc, #28]	@ (10003e04 <runtime_init+0x24>)
10003de8:	4e07      	ldr	r6, [pc, #28]	@ (10003e08 <runtime_init+0x28>)
10003dea:	42b5      	cmp	r5, r6
10003dec:	d209      	bcs.n	10003e02 <runtime_init+0x22>
10003dee:	2400      	movs	r4, #0
10003df0:	3e01      	subs	r6, #1
10003df2:	1b76      	subs	r6, r6, r5
10003df4:	08b6      	lsrs	r6, r6, #2
10003df6:	3601      	adds	r6, #1
10003df8:	cd08      	ldmia	r5!, {r3}
10003dfa:	3401      	adds	r4, #1
10003dfc:	4798      	blx	r3
10003dfe:	42b4      	cmp	r4, r6
10003e00:	d1fa      	bne.n	10003df8 <runtime_init+0x18>
10003e02:	bd70      	pop	{r4, r5, r6, pc}
10003e04:	100066d4 	.word	0x100066d4
10003e08:	100066d8 	.word	0x100066d8

10003e0c <stdio_out_chars_no_crlf>:
10003e0c:	0003      	movs	r3, r0
10003e0e:	b510      	push	{r4, lr}
10003e10:	0008      	movs	r0, r1
10003e12:	0011      	movs	r1, r2
10003e14:	681b      	ldr	r3, [r3, #0]
10003e16:	4798      	blx	r3
10003e18:	bd10      	pop	{r4, pc}
10003e1a:	46c0      	nop			@ (mov r8, r8)

10003e1c <stdio_out_chars_crlf>:
10003e1c:	b5f8      	push	{r3, r4, r5, r6, r7, lr}
10003e1e:	7d43      	ldrb	r3, [r0, #21]
10003e20:	0007      	movs	r7, r0
10003e22:	000d      	movs	r5, r1
10003e24:	0016      	movs	r6, r2
10003e26:	2b00      	cmp	r3, #0
10003e28:	d038      	beq.n	10003e9c <stdio_out_chars_crlf+0x80>
10003e2a:	2a00      	cmp	r2, #0
10003e2c:	dd1a      	ble.n	10003e64 <stdio_out_chars_crlf+0x48>
10003e2e:	780b      	ldrb	r3, [r1, #0]
10003e30:	2b0a      	cmp	r3, #10
10003e32:	d018      	beq.n	10003e66 <stdio_out_chars_crlf+0x4a>
10003e34:	2000      	movs	r0, #0
10003e36:	2e01      	cmp	r6, #1
10003e38:	d009      	beq.n	10003e4e <stdio_out_chars_crlf+0x32>
10003e3a:	2401      	movs	r4, #1
10003e3c:	0021      	movs	r1, r4
10003e3e:	5c6b      	ldrb	r3, [r5, r1]
10003e40:	3401      	adds	r4, #1
10003e42:	2b0a      	cmp	r3, #10
10003e44:	d01a      	beq.n	10003e7c <stdio_out_chars_crlf+0x60>
10003e46:	42b4      	cmp	r4, r6
10003e48:	d1f8      	bne.n	10003e3c <stdio_out_chars_crlf+0x20>
10003e4a:	4286      	cmp	r6, r0
10003e4c:	dd03      	ble.n	10003e56 <stdio_out_chars_crlf+0x3a>
10003e4e:	1a31      	subs	r1, r6, r0
10003e50:	683b      	ldr	r3, [r7, #0]
10003e52:	1828      	adds	r0, r5, r0
10003e54:	4798      	blx	r3
10003e56:	19ad      	adds	r5, r5, r6
10003e58:	3d01      	subs	r5, #1
10003e5a:	782b      	ldrb	r3, [r5, #0]
10003e5c:	3b0d      	subs	r3, #13
10003e5e:	425a      	negs	r2, r3
10003e60:	4153      	adcs	r3, r2
10003e62:	753b      	strb	r3, [r7, #20]
10003e64:	bdf8      	pop	{r3, r4, r5, r6, r7, pc}
10003e66:	7d03      	ldrb	r3, [r0, #20]
10003e68:	2b00      	cmp	r3, #0
10003e6a:	d1e3      	bne.n	10003e34 <stdio_out_chars_crlf+0x18>
10003e6c:	2102      	movs	r1, #2
10003e6e:	480e      	ldr	r0, [pc, #56]	@ (10003ea8 <stdio_out_chars_crlf+0x8c>)
10003e70:	683b      	ldr	r3, [r7, #0]
10003e72:	4798      	blx	r3
10003e74:	2e01      	cmp	r6, #1
10003e76:	d0ee      	beq.n	10003e56 <stdio_out_chars_crlf+0x3a>
10003e78:	2001      	movs	r0, #1
10003e7a:	e7de      	b.n	10003e3a <stdio_out_chars_crlf+0x1e>
10003e7c:	1e6b      	subs	r3, r5, #1
10003e7e:	5c5b      	ldrb	r3, [r3, r1]
10003e80:	2b0d      	cmp	r3, #13
10003e82:	d0e0      	beq.n	10003e46 <stdio_out_chars_crlf+0x2a>
10003e84:	4288      	cmp	r0, r1
10003e86:	da03      	bge.n	10003e90 <stdio_out_chars_crlf+0x74>
10003e88:	1a09      	subs	r1, r1, r0
10003e8a:	683b      	ldr	r3, [r7, #0]
10003e8c:	1828      	adds	r0, r5, r0
10003e8e:	4798      	blx	r3
10003e90:	4805      	ldr	r0, [pc, #20]	@ (10003ea8 <stdio_out_chars_crlf+0x8c>)
10003e92:	2102      	movs	r1, #2
10003e94:	683b      	ldr	r3, [r7, #0]
10003e96:	4798      	blx	r3
10003e98:	0020      	movs	r0, r4
10003e9a:	e7d4      	b.n	10003e46 <stdio_out_chars_crlf+0x2a>
10003e9c:	6803      	ldr	r3, [r0, #0]
10003e9e:	0011      	movs	r1, r2
10003ea0:	0028      	movs	r0, r5
10003ea2:	4798      	blx	r3
10003ea4:	e7de      	b.n	10003e64 <stdio_out_chars_crlf+0x48>
10003ea6:	46c0      	nop			@ (mov r8, r8)
10003ea8:	10006ab8 	.word	0x10006ab8

10003eac <stdio_buffered_printer>:
10003eac:	b5f8      	push	{r3, r4, r5, r6, r7, lr}
10003eae:	680b      	ldr	r3, [r1, #0]
10003eb0:	000d      	movs	r5, r1
10003eb2:	1c5a      	adds	r2, r3, #1
10003eb4:	18cb      	adds	r3, r1, r3
10003eb6:	600a      	str	r2, [r1, #0]
10003eb8:	7118      	strb	r0, [r3, #4]
10003eba:	2a80      	cmp	r2, #128	@ 0x80
10003ebc:	d000      	beq.n	10003ec0 <stdio_buffered_printer+0x14>
10003ebe:	bdf8      	pop	{r3, r4, r5, r6, r7, pc}
10003ec0:	4b0e      	ldr	r3, [pc, #56]	@ (10003efc <stdio_buffered_printer+0x50>)
10003ec2:	681c      	ldr	r4, [r3, #0]
10003ec4:	2c00      	cmp	r4, #0
10003ec6:	d015      	beq.n	10003ef4 <stdio_buffered_printer+0x48>
10003ec8:	4e0d      	ldr	r6, [pc, #52]	@ (10003f00 <stdio_buffered_printer+0x54>)
10003eca:	1d0f      	adds	r7, r1, #4
10003ecc:	e002      	b.n	10003ed4 <stdio_buffered_printer+0x28>
10003ece:	6924      	ldr	r4, [r4, #16]
10003ed0:	2c00      	cmp	r4, #0
10003ed2:	d00f      	beq.n	10003ef4 <stdio_buffered_printer+0x48>
10003ed4:	6823      	ldr	r3, [r4, #0]
10003ed6:	2b00      	cmp	r3, #0
10003ed8:	d0f9      	beq.n	10003ece <stdio_buffered_printer+0x22>
10003eda:	6833      	ldr	r3, [r6, #0]
10003edc:	2b00      	cmp	r3, #0
10003ede:	d001      	beq.n	10003ee4 <stdio_buffered_printer+0x38>
10003ee0:	42a3      	cmp	r3, r4
10003ee2:	d1f4      	bne.n	10003ece <stdio_buffered_printer+0x22>
10003ee4:	0020      	movs	r0, r4
10003ee6:	0039      	movs	r1, r7
10003ee8:	682a      	ldr	r2, [r5, #0]
10003eea:	f7ff ff97 	bl	10003e1c <stdio_out_chars_crlf>
10003eee:	6924      	ldr	r4, [r4, #16]
10003ef0:	2c00      	cmp	r4, #0
10003ef2:	d1ef      	bne.n	10003ed4 <stdio_buffered_printer+0x28>
10003ef4:	2300      	movs	r3, #0
10003ef6:	602b      	str	r3, [r5, #0]
10003ef8:	e7e1      	b.n	10003ebe <stdio_buffered_printer+0x12>
10003efa:	46c0      	nop			@ (mov r8, r8)
10003efc:	200017e4 	.word	0x200017e4
10003f00:	200017ec 	.word	0x200017ec

10003f04 <stdio_put_string>:
10003f04:	b5f0      	push	{r4, r5, r6, r7, lr}
10003f06:	4646      	mov	r6, r8
10003f08:	46d6      	mov	lr, sl
10003f0a:	464f      	mov	r7, r9
10003f0c:	b5c0      	push	{r6, r7, lr}
10003f0e:	b082      	sub	sp, #8
10003f10:	4690      	mov	r8, r2
10003f12:	001c      	movs	r4, r3
10003f14:	0006      	movs	r6, r0
10003f16:	000d      	movs	r5, r1
10003f18:	f7fd f968 	bl	100011ec <time_us_64>
10003f1c:	2300      	movs	r3, #0
10003f1e:	4a2f      	ldr	r2, [pc, #188]	@ (10003fdc <stdio_put_string+0xd8>)
10003f20:	1812      	adds	r2, r2, r0
10003f22:	414b      	adcs	r3, r1
10003f24:	2b00      	cmp	r3, #0
10003f26:	da02      	bge.n	10003f2e <stdio_put_string+0x2a>
10003f28:	2201      	movs	r2, #1
10003f2a:	4b2d      	ldr	r3, [pc, #180]	@ (10003fe0 <stdio_put_string+0xdc>)
10003f2c:	4252      	negs	r2, r2
10003f2e:	492d      	ldr	r1, [pc, #180]	@ (10003fe4 <stdio_put_string+0xe0>)
10003f30:	0008      	movs	r0, r1
10003f32:	468a      	mov	sl, r1
10003f34:	f002 fb60 	bl	100065f8 <__mutex_try_enter_block_until_veneer>
10003f38:	4681      	mov	r9, r0
10003f3a:	1c6b      	adds	r3, r5, #1
10003f3c:	d103      	bne.n	10003f46 <stdio_put_string+0x42>
10003f3e:	0030      	movs	r0, r6
10003f40:	f002 fb18 	bl	10006574 <strlen>
10003f44:	0005      	movs	r5, r0
10003f46:	2c00      	cmp	r4, #0
10003f48:	d027      	beq.n	10003f9a <stdio_put_string+0x96>
10003f4a:	4f27      	ldr	r7, [pc, #156]	@ (10003fe8 <stdio_put_string+0xe4>)
10003f4c:	4b27      	ldr	r3, [pc, #156]	@ (10003fec <stdio_put_string+0xe8>)
10003f4e:	681c      	ldr	r4, [r3, #0]
10003f50:	2c00      	cmp	r4, #0
10003f52:	d018      	beq.n	10003f86 <stdio_put_string+0x82>
10003f54:	4643      	mov	r3, r8
10003f56:	2b00      	cmp	r3, #0
10003f58:	d121      	bne.n	10003f9e <stdio_put_string+0x9a>
10003f5a:	4b25      	ldr	r3, [pc, #148]	@ (10003ff0 <stdio_put_string+0xec>)
10003f5c:	4698      	mov	r8, r3
10003f5e:	e002      	b.n	10003f66 <stdio_put_string+0x62>
10003f60:	6924      	ldr	r4, [r4, #16]
10003f62:	2c00      	cmp	r4, #0
10003f64:	d00f      	beq.n	10003f86 <stdio_put_string+0x82>
10003f66:	6823      	ldr	r3, [r4, #0]
10003f68:	2b00      	cmp	r3, #0
10003f6a:	d0f9      	beq.n	10003f60 <stdio_put_string+0x5c>
10003f6c:	4643      	mov	r3, r8
10003f6e:	681b      	ldr	r3, [r3, #0]
10003f70:	2b00      	cmp	r3, #0
10003f72:	d001      	beq.n	10003f78 <stdio_put_string+0x74>
10003f74:	429c      	cmp	r4, r3
10003f76:	d1f3      	bne.n	10003f60 <stdio_put_string+0x5c>
10003f78:	0020      	movs	r0, r4
10003f7a:	002a      	movs	r2, r5
10003f7c:	0031      	movs	r1, r6
10003f7e:	47b8      	blx	r7
10003f80:	6924      	ldr	r4, [r4, #16]
10003f82:	2c00      	cmp	r4, #0
10003f84:	d1ef      	bne.n	10003f66 <stdio_put_string+0x62>
10003f86:	464b      	mov	r3, r9
10003f88:	2b00      	cmp	r3, #0
10003f8a:	d123      	bne.n	10003fd4 <stdio_put_string+0xd0>
10003f8c:	0028      	movs	r0, r5
10003f8e:	b002      	add	sp, #8
10003f90:	bce0      	pop	{r5, r6, r7}
10003f92:	46ba      	mov	sl, r7
10003f94:	46b1      	mov	r9, r6
10003f96:	46a8      	mov	r8, r5
10003f98:	bdf0      	pop	{r4, r5, r6, r7, pc}
10003f9a:	4f16      	ldr	r7, [pc, #88]	@ (10003ff4 <stdio_put_string+0xf0>)
10003f9c:	e7d6      	b.n	10003f4c <stdio_put_string+0x48>
10003f9e:	4b14      	ldr	r3, [pc, #80]	@ (10003ff0 <stdio_put_string+0xec>)
10003fa0:	4698      	mov	r8, r3
10003fa2:	e002      	b.n	10003faa <stdio_put_string+0xa6>
10003fa4:	6924      	ldr	r4, [r4, #16]
10003fa6:	2c00      	cmp	r4, #0
10003fa8:	d0ed      	beq.n	10003f86 <stdio_put_string+0x82>
10003faa:	6823      	ldr	r3, [r4, #0]
10003fac:	2b00      	cmp	r3, #0
10003fae:	d0f9      	beq.n	10003fa4 <stdio_put_string+0xa0>
10003fb0:	4643      	mov	r3, r8
10003fb2:	681b      	ldr	r3, [r3, #0]
10003fb4:	2b00      	cmp	r3, #0
10003fb6:	d001      	beq.n	10003fbc <stdio_put_string+0xb8>
10003fb8:	42a3      	cmp	r3, r4
10003fba:	d1f3      	bne.n	10003fa4 <stdio_put_string+0xa0>
10003fbc:	002a      	movs	r2, r5
10003fbe:	0031      	movs	r1, r6
10003fc0:	0020      	movs	r0, r4
10003fc2:	47b8      	blx	r7
10003fc4:	466b      	mov	r3, sp
10003fc6:	220a      	movs	r2, #10
10003fc8:	0020      	movs	r0, r4
10003fca:	71da      	strb	r2, [r3, #7]
10003fcc:	1dd9      	adds	r1, r3, #7
10003fce:	3a09      	subs	r2, #9
10003fd0:	47b8      	blx	r7
10003fd2:	e7e7      	b.n	10003fa4 <stdio_put_string+0xa0>
10003fd4:	4650      	mov	r0, sl
10003fd6:	f002 fb57 	bl	10006688 <__mutex_exit_veneer>
10003fda:	e7d7      	b.n	10003f8c <stdio_put_string+0x88>
10003fdc:	000f4240 	.word	0x000f4240
10003fe0:	7fffffff 	.word	0x7fffffff
10003fe4:	20001028 	.word	0x20001028
10003fe8:	10003e1d 	.word	0x10003e1d
10003fec:	200017e4 	.word	0x200017e4
10003ff0:	200017ec 	.word	0x200017ec
10003ff4:	10003e0d 	.word	0x10003e0d

10003ff8 <stdio_set_driver_enabled>:
10003ff8:	4a0a      	ldr	r2, [pc, #40]	@ (10004024 <stdio_set_driver_enabled+0x2c>)
10003ffa:	6813      	ldr	r3, [r2, #0]
10003ffc:	2b00      	cmp	r3, #0
10003ffe:	d105      	bne.n	1000400c <stdio_set_driver_enabled+0x14>
10004000:	e00c      	b.n	1000401c <stdio_set_driver_enabled+0x24>
10004002:	001a      	movs	r2, r3
10004004:	691b      	ldr	r3, [r3, #16]
10004006:	3210      	adds	r2, #16
10004008:	2b00      	cmp	r3, #0
1000400a:	d007      	beq.n	1000401c <stdio_set_driver_enabled+0x24>
1000400c:	4283      	cmp	r3, r0
1000400e:	d1f8      	bne.n	10004002 <stdio_set_driver_enabled+0xa>
10004010:	2900      	cmp	r1, #0
10004012:	d102      	bne.n	1000401a <stdio_set_driver_enabled+0x22>
10004014:	6918      	ldr	r0, [r3, #16]
10004016:	6010      	str	r0, [r2, #0]
10004018:	6119      	str	r1, [r3, #16]
1000401a:	4770      	bx	lr
1000401c:	2900      	cmp	r1, #0
1000401e:	d0fc      	beq.n	1000401a <stdio_set_driver_enabled+0x22>
10004020:	6010      	str	r0, [r2, #0]
10004022:	e7fa      	b.n	1000401a <stdio_set_driver_enabled+0x22>
10004024:	200017e4 	.word	0x200017e4

10004028 <stdio_init_all>:
10004028:	b510      	push	{r4, lr}
1000402a:	f000 fab3 	bl	10004594 <stdio_usb_init>
1000402e:	bd10      	pop	{r4, pc}

10004030 <stdio_getchar_timeout_us>:
10004030:	b5f0      	push	{r4, r5, r6, r7, lr}
10004032:	46ce      	mov	lr, r9
10004034:	4647      	mov	r7, r8
10004036:	0004      	movs	r4, r0
10004038:	b580      	push	{r7, lr}
1000403a:	b083      	sub	sp, #12
1000403c:	f7fd f8d6 	bl	100011ec <time_us_64>
10004040:	0026      	movs	r6, r4
10004042:	2700      	movs	r7, #0
10004044:	1836      	adds	r6, r6, r0
10004046:	414f      	adcs	r7, r1
10004048:	2f00      	cmp	r7, #0
1000404a:	da02      	bge.n	10004052 <stdio_getchar_timeout_us+0x22>
1000404c:	2601      	movs	r6, #1
1000404e:	4f1a      	ldr	r7, [pc, #104]	@ (100040b8 <stdio_getchar_timeout_us+0x88>)
10004050:	4276      	negs	r6, r6
10004052:	4b1a      	ldr	r3, [pc, #104]	@ (100040bc <stdio_getchar_timeout_us+0x8c>)
10004054:	4d1a      	ldr	r5, [pc, #104]	@ (100040c0 <stdio_getchar_timeout_us+0x90>)
10004056:	4699      	mov	r9, r3
10004058:	ab01      	add	r3, sp, #4
1000405a:	4698      	mov	r8, r3
1000405c:	464b      	mov	r3, r9
1000405e:	681c      	ldr	r4, [r3, #0]
10004060:	2c00      	cmp	r4, #0
10004062:	d103      	bne.n	1000406c <stdio_getchar_timeout_us+0x3c>
10004064:	e016      	b.n	10004094 <stdio_getchar_timeout_us+0x64>
10004066:	6924      	ldr	r4, [r4, #16]
10004068:	2c00      	cmp	r4, #0
1000406a:	d013      	beq.n	10004094 <stdio_getchar_timeout_us+0x64>
1000406c:	682b      	ldr	r3, [r5, #0]
1000406e:	2b00      	cmp	r3, #0
10004070:	d001      	beq.n	10004076 <stdio_getchar_timeout_us+0x46>
10004072:	429c      	cmp	r4, r3
10004074:	d1f7      	bne.n	10004066 <stdio_getchar_timeout_us+0x36>
10004076:	68a3      	ldr	r3, [r4, #8]
10004078:	2b00      	cmp	r3, #0
1000407a:	d0f4      	beq.n	10004066 <stdio_getchar_timeout_us+0x36>
1000407c:	2101      	movs	r1, #1
1000407e:	4640      	mov	r0, r8
10004080:	4798      	blx	r3
10004082:	2800      	cmp	r0, #0
10004084:	ddef      	ble.n	10004066 <stdio_getchar_timeout_us+0x36>
10004086:	4643      	mov	r3, r8
10004088:	7818      	ldrb	r0, [r3, #0]
1000408a:	b003      	add	sp, #12
1000408c:	bcc0      	pop	{r6, r7}
1000408e:	46b9      	mov	r9, r7
10004090:	46b0      	mov	r8, r6
10004092:	bdf0      	pop	{r4, r5, r6, r7, pc}
10004094:	4b0b      	ldr	r3, [pc, #44]	@ (100040c4 <stdio_getchar_timeout_us+0x94>)
10004096:	6a5a      	ldr	r2, [r3, #36]	@ 0x24
10004098:	4297      	cmp	r7, r2
1000409a:	d807      	bhi.n	100040ac <stdio_getchar_timeout_us+0x7c>
1000409c:	6a9b      	ldr	r3, [r3, #40]	@ 0x28
1000409e:	42b3      	cmp	r3, r6
100040a0:	d302      	bcc.n	100040a8 <stdio_getchar_timeout_us+0x78>
100040a2:	2002      	movs	r0, #2
100040a4:	4240      	negs	r0, r0
100040a6:	e7f0      	b.n	1000408a <stdio_getchar_timeout_us+0x5a>
100040a8:	4297      	cmp	r7, r2
100040aa:	d1fa      	bne.n	100040a2 <stdio_getchar_timeout_us+0x72>
100040ac:	2001      	movs	r0, #1
100040ae:	2100      	movs	r1, #0
100040b0:	f7fd f8a6 	bl	10001200 <busy_wait_us>
100040b4:	e7d2      	b.n	1000405c <stdio_getchar_timeout_us+0x2c>
100040b6:	46c0      	nop			@ (mov r8, r8)
100040b8:	7fffffff 	.word	0x7fffffff
100040bc:	200017e4 	.word	0x200017e4
100040c0:	200017ec 	.word	0x200017ec
100040c4:	40054000 	.word	0x40054000

100040c8 <__wrap_putchar>:
100040c8:	b5f0      	push	{r4, r5, r6, r7, lr}
100040ca:	46ce      	mov	lr, r9
100040cc:	4647      	mov	r7, r8
100040ce:	b580      	push	{r7, lr}
100040d0:	b083      	sub	sp, #12
100040d2:	466b      	mov	r3, sp
100040d4:	0006      	movs	r6, r0
100040d6:	1ddd      	adds	r5, r3, #7
100040d8:	7028      	strb	r0, [r5, #0]
100040da:	f7fd f887 	bl	100011ec <time_us_64>
100040de:	2300      	movs	r3, #0
100040e0:	4a19      	ldr	r2, [pc, #100]	@ (10004148 <__wrap_putchar+0x80>)
100040e2:	1812      	adds	r2, r2, r0
100040e4:	414b      	adcs	r3, r1
100040e6:	2b00      	cmp	r3, #0
100040e8:	da02      	bge.n	100040f0 <__wrap_putchar+0x28>
100040ea:	2201      	movs	r2, #1
100040ec:	4b17      	ldr	r3, [pc, #92]	@ (1000414c <__wrap_putchar+0x84>)
100040ee:	4252      	negs	r2, r2
100040f0:	4917      	ldr	r1, [pc, #92]	@ (10004150 <__wrap_putchar+0x88>)
100040f2:	0008      	movs	r0, r1
100040f4:	4689      	mov	r9, r1
100040f6:	f002 fa7f 	bl	100065f8 <__mutex_try_enter_block_until_veneer>
100040fa:	4b16      	ldr	r3, [pc, #88]	@ (10004154 <__wrap_putchar+0x8c>)
100040fc:	4680      	mov	r8, r0
100040fe:	681c      	ldr	r4, [r3, #0]
10004100:	2c00      	cmp	r4, #0
10004102:	d014      	beq.n	1000412e <__wrap_putchar+0x66>
10004104:	4f14      	ldr	r7, [pc, #80]	@ (10004158 <__wrap_putchar+0x90>)
10004106:	e002      	b.n	1000410e <__wrap_putchar+0x46>
10004108:	6924      	ldr	r4, [r4, #16]
1000410a:	2c00      	cmp	r4, #0
1000410c:	d00f      	beq.n	1000412e <__wrap_putchar+0x66>
1000410e:	6823      	ldr	r3, [r4, #0]
10004110:	2b00      	cmp	r3, #0
10004112:	d0f9      	beq.n	10004108 <__wrap_putchar+0x40>
10004114:	683b      	ldr	r3, [r7, #0]
10004116:	2b00      	cmp	r3, #0
10004118:	d001      	beq.n	1000411e <__wrap_putchar+0x56>
1000411a:	429c      	cmp	r4, r3
1000411c:	d1f4      	bne.n	10004108 <__wrap_putchar+0x40>
1000411e:	0020      	movs	r0, r4
10004120:	2201      	movs	r2, #1
10004122:	0029      	movs	r1, r5
10004124:	f7ff fe7a 	bl	10003e1c <stdio_out_chars_crlf>
10004128:	6924      	ldr	r4, [r4, #16]
1000412a:	2c00      	cmp	r4, #0
1000412c:	d1ef      	bne.n	1000410e <__wrap_putchar+0x46>
1000412e:	4643      	mov	r3, r8
10004130:	2b00      	cmp	r3, #0
10004132:	d105      	bne.n	10004140 <__wrap_putchar+0x78>
10004134:	0030      	movs	r0, r6
10004136:	b003      	add	sp, #12
10004138:	bcc0      	pop	{r6, r7}
1000413a:	46b9      	mov	r9, r7
1000413c:	46b0      	mov	r8, r6
1000413e:	bdf0      	pop	{r4, r5, r6, r7, pc}
10004140:	4648      	mov	r0, r9
10004142:	f002 faa1 	bl	10006688 <__mutex_exit_veneer>
10004146:	e7f5      	b.n	10004134 <__wrap_putchar+0x6c>
10004148:	000f4240 	.word	0x000f4240
1000414c:	7fffffff 	.word	0x7fffffff
10004150:	20001028 	.word	0x20001028
10004154:	200017e4 	.word	0x200017e4
10004158:	200017ec 	.word	0x200017ec

1000415c <__wrap_puts>:
1000415c:	b570      	push	{r4, r5, r6, lr}
1000415e:	0004      	movs	r4, r0
10004160:	f002 fa08 	bl	10006574 <strlen>
10004164:	2301      	movs	r3, #1
10004166:	0001      	movs	r1, r0
10004168:	0005      	movs	r5, r0
1000416a:	2201      	movs	r2, #1
1000416c:	0020      	movs	r0, r4
1000416e:	f7ff fec9 	bl	10003f04 <stdio_put_string>
10004172:	4b08      	ldr	r3, [pc, #32]	@ (10004194 <__wrap_puts+0x38>)
10004174:	681c      	ldr	r4, [r3, #0]
10004176:	2c00      	cmp	r4, #0
10004178:	d006      	beq.n	10004188 <__wrap_puts+0x2c>
1000417a:	6863      	ldr	r3, [r4, #4]
1000417c:	2b00      	cmp	r3, #0
1000417e:	d005      	beq.n	1000418c <__wrap_puts+0x30>
10004180:	4798      	blx	r3
10004182:	6924      	ldr	r4, [r4, #16]
10004184:	2c00      	cmp	r4, #0
10004186:	d1f8      	bne.n	1000417a <__wrap_puts+0x1e>
10004188:	0028      	movs	r0, r5
1000418a:	bd70      	pop	{r4, r5, r6, pc}
1000418c:	6924      	ldr	r4, [r4, #16]
1000418e:	2c00      	cmp	r4, #0
10004190:	d1f3      	bne.n	1000417a <__wrap_puts+0x1e>
10004192:	e7f9      	b.n	10004188 <__wrap_puts+0x2c>
10004194:	200017e4 	.word	0x200017e4

10004198 <__wrap_vprintf>:
10004198:	b5f0      	push	{r4, r5, r6, r7, lr}
1000419a:	46ce      	mov	lr, r9
1000419c:	4647      	mov	r7, r8
1000419e:	b580      	push	{r7, lr}
100041a0:	b0a3      	sub	sp, #140	@ 0x8c
100041a2:	0004      	movs	r4, r0
100041a4:	000e      	movs	r6, r1
100041a6:	f7fd f821 	bl	100011ec <time_us_64>
100041aa:	2300      	movs	r3, #0
100041ac:	4a26      	ldr	r2, [pc, #152]	@ (10004248 <__wrap_vprintf+0xb0>)
100041ae:	1812      	adds	r2, r2, r0
100041b0:	414b      	adcs	r3, r1
100041b2:	2b00      	cmp	r3, #0
100041b4:	da02      	bge.n	100041bc <__wrap_vprintf+0x24>
100041b6:	2201      	movs	r2, #1
100041b8:	4b24      	ldr	r3, [pc, #144]	@ (1000424c <__wrap_vprintf+0xb4>)
100041ba:	4252      	negs	r2, r2
100041bc:	4824      	ldr	r0, [pc, #144]	@ (10004250 <__wrap_vprintf+0xb8>)
100041be:	f002 fa1b 	bl	100065f8 <__mutex_try_enter_block_until_veneer>
100041c2:	2300      	movs	r3, #0
100041c4:	0022      	movs	r2, r4
100041c6:	9301      	str	r3, [sp, #4]
100041c8:	4680      	mov	r8, r0
100041ca:	0033      	movs	r3, r6
100041cc:	4821      	ldr	r0, [pc, #132]	@ (10004254 <__wrap_vprintf+0xbc>)
100041ce:	a901      	add	r1, sp, #4
100041d0:	f7ff fdd6 	bl	10003d80 <vfctprintf>
100041d4:	4f20      	ldr	r7, [pc, #128]	@ (10004258 <__wrap_vprintf+0xc0>)
100041d6:	9b01      	ldr	r3, [sp, #4]
100041d8:	4681      	mov	r9, r0
100041da:	683c      	ldr	r4, [r7, #0]
100041dc:	2b00      	cmp	r3, #0
100041de:	d019      	beq.n	10004214 <__wrap_vprintf+0x7c>
100041e0:	2c00      	cmp	r4, #0
100041e2:	d02f      	beq.n	10004244 <__wrap_vprintf+0xac>
100041e4:	4e1d      	ldr	r6, [pc, #116]	@ (1000425c <__wrap_vprintf+0xc4>)
100041e6:	e002      	b.n	100041ee <__wrap_vprintf+0x56>
100041e8:	6924      	ldr	r4, [r4, #16]
100041ea:	2c00      	cmp	r4, #0
100041ec:	d00f      	beq.n	1000420e <__wrap_vprintf+0x76>
100041ee:	6823      	ldr	r3, [r4, #0]
100041f0:	2b00      	cmp	r3, #0
100041f2:	d0f9      	beq.n	100041e8 <__wrap_vprintf+0x50>
100041f4:	6833      	ldr	r3, [r6, #0]
100041f6:	2b00      	cmp	r3, #0
100041f8:	d001      	beq.n	100041fe <__wrap_vprintf+0x66>
100041fa:	42a3      	cmp	r3, r4
100041fc:	d1f4      	bne.n	100041e8 <__wrap_vprintf+0x50>
100041fe:	0020      	movs	r0, r4
10004200:	9a01      	ldr	r2, [sp, #4]
10004202:	a902      	add	r1, sp, #8
10004204:	f7ff fe0a 	bl	10003e1c <stdio_out_chars_crlf>
10004208:	6924      	ldr	r4, [r4, #16]
1000420a:	2c00      	cmp	r4, #0
1000420c:	d1ef      	bne.n	100041ee <__wrap_vprintf+0x56>
1000420e:	2300      	movs	r3, #0
10004210:	683c      	ldr	r4, [r7, #0]
10004212:	9301      	str	r3, [sp, #4]
10004214:	2c00      	cmp	r4, #0
10004216:	d006      	beq.n	10004226 <__wrap_vprintf+0x8e>
10004218:	6863      	ldr	r3, [r4, #4]
1000421a:	2b00      	cmp	r3, #0
1000421c:	d00c      	beq.n	10004238 <__wrap_vprintf+0xa0>
1000421e:	4798      	blx	r3
10004220:	6924      	ldr	r4, [r4, #16]
10004222:	2c00      	cmp	r4, #0
10004224:	d1f8      	bne.n	10004218 <__wrap_vprintf+0x80>
10004226:	4643      	mov	r3, r8
10004228:	2b00      	cmp	r3, #0
1000422a:	d107      	bne.n	1000423c <__wrap_vprintf+0xa4>
1000422c:	4648      	mov	r0, r9
1000422e:	b023      	add	sp, #140	@ 0x8c
10004230:	bcc0      	pop	{r6, r7}
10004232:	46b9      	mov	r9, r7
10004234:	46b0      	mov	r8, r6
10004236:	bdf0      	pop	{r4, r5, r6, r7, pc}
10004238:	6924      	ldr	r4, [r4, #16]
1000423a:	e7eb      	b.n	10004214 <__wrap_vprintf+0x7c>
1000423c:	4804      	ldr	r0, [pc, #16]	@ (10004250 <__wrap_vprintf+0xb8>)
1000423e:	f002 fa23 	bl	10006688 <__mutex_exit_veneer>
10004242:	e7f3      	b.n	1000422c <__wrap_vprintf+0x94>
10004244:	9401      	str	r4, [sp, #4]
10004246:	e7ee      	b.n	10004226 <__wrap_vprintf+0x8e>
10004248:	000f4240 	.word	0x000f4240
1000424c:	7fffffff 	.word	0x7fffffff
10004250:	20001028 	.word	0x20001028
10004254:	10003ead 	.word	0x10003ead
10004258:	200017e4 	.word	0x200017e4
1000425c:	200017ec 	.word	0x200017ec

10004260 <__wrap_printf>:
10004260:	b40f      	push	{r0, r1, r2, r3}
10004262:	b500      	push	{lr}
10004264:	b083      	sub	sp, #12
10004266:	a904      	add	r1, sp, #16
10004268:	c901      	ldmia	r1!, {r0}
1000426a:	9101      	str	r1, [sp, #4]
1000426c:	f7ff ff94 	bl	10004198 <__wrap_vprintf>
10004270:	b003      	add	sp, #12
10004272:	bc08      	pop	{r3}
10004274:	b004      	add	sp, #16
10004276:	4718      	bx	r3

10004278 <stdio_usb_set_chars_available_callback>:
10004278:	4b02      	ldr	r3, [pc, #8]	@ (10004284 <stdio_usb_set_chars_available_callback+0xc>)
1000427a:	6018      	str	r0, [r3, #0]
1000427c:	4b02      	ldr	r3, [pc, #8]	@ (10004288 <stdio_usb_set_chars_available_callback+0x10>)
1000427e:	6019      	str	r1, [r3, #0]
10004280:	4770      	bx	lr
10004282:	46c0      	nop			@ (mov r8, r8)
10004284:	20001784 	.word	0x20001784
10004288:	20001788 	.word	0x20001788

1000428c <usb_irq>:
1000428c:	b510      	push	{r4, lr}
1000428e:	4b02      	ldr	r3, [pc, #8]	@ (10004298 <usb_irq+0xc>)
10004290:	7818      	ldrb	r0, [r3, #0]
10004292:	f7fc f995 	bl	100005c0 <irq_set_pending>
10004296:	bd10      	pop	{r4, pc}
10004298:	20001c43 	.word	0x20001c43

1000429c <timer_task>:
1000429c:	4b15      	ldr	r3, [pc, #84]	@ (100042f4 <timer_task+0x58>)
1000429e:	b570      	push	{r4, r5, r6, lr}
100042a0:	681a      	ldr	r2, [r3, #0]
100042a2:	2a00      	cmp	r2, #0
100042a4:	d022      	beq.n	100042ec <timer_task+0x50>
100042a6:	f3ef 8110 	mrs	r1, PRIMASK
100042aa:	b672      	cpsid	i
100042ac:	6810      	ldr	r0, [r2, #0]
100042ae:	2800      	cmp	r0, #0
100042b0:	d0fc      	beq.n	100042ac <timer_task+0x10>
100042b2:	f3bf 8f5f 	dmb	sy
100042b6:	2000      	movs	r0, #0
100042b8:	4a0f      	ldr	r2, [pc, #60]	@ (100042f8 <timer_task+0x5c>)
100042ba:	6059      	str	r1, [r3, #4]
100042bc:	7010      	strb	r0, [r2, #0]
100042be:	681b      	ldr	r3, [r3, #0]
100042c0:	f3bf 8f5f 	dmb	sy
100042c4:	6018      	str	r0, [r3, #0]
100042c6:	f381 8810 	msr	PRIMASK, r1
100042ca:	2400      	movs	r4, #0
100042cc:	2500      	movs	r5, #0
100042ce:	4e0b      	ldr	r6, [pc, #44]	@ (100042fc <timer_task+0x60>)
100042d0:	7830      	ldrb	r0, [r6, #0]
100042d2:	f7fc f969 	bl	100005a8 <irq_is_enabled>
100042d6:	2800      	cmp	r0, #0
100042d8:	d104      	bne.n	100042e4 <timer_task+0x48>
100042da:	2400      	movs	r4, #0
100042dc:	2500      	movs	r5, #0
100042de:	0029      	movs	r1, r5
100042e0:	0020      	movs	r0, r4
100042e2:	bd70      	pop	{r4, r5, r6, pc}
100042e4:	7830      	ldrb	r0, [r6, #0]
100042e6:	f7fc f96b 	bl	100005c0 <irq_set_pending>
100042ea:	e7f8      	b.n	100042de <timer_task+0x42>
100042ec:	24fa      	movs	r4, #250	@ 0xfa
100042ee:	2500      	movs	r5, #0
100042f0:	00a4      	lsls	r4, r4, #2
100042f2:	e7ec      	b.n	100042ce <timer_task+0x32>
100042f4:	20001bfc 	.word	0x20001bfc
100042f8:	20001c44 	.word	0x20001c44
100042fc:	20001c43 	.word	0x20001c43

10004300 <stdio_usb_in_chars>:
10004300:	b570      	push	{r4, r5, r6, lr}
10004302:	0005      	movs	r5, r0
10004304:	2000      	movs	r0, #0
10004306:	000e      	movs	r6, r1
10004308:	f001 fb78 	bl	100059fc <tud_cdc_n_connected>
1000430c:	2800      	cmp	r0, #0
1000430e:	d034      	beq.n	1000437a <stdio_usb_in_chars+0x7a>
10004310:	2000      	movs	r0, #0
10004312:	f001 fb89 	bl	10005a28 <tud_cdc_n_available>
10004316:	2800      	cmp	r0, #0
10004318:	d02f      	beq.n	1000437a <stdio_usb_in_chars+0x7a>
1000431a:	f7fc ff67 	bl	100011ec <time_us_64>
1000431e:	2300      	movs	r3, #0
10004320:	4a17      	ldr	r2, [pc, #92]	@ (10004380 <stdio_usb_in_chars+0x80>)
10004322:	1812      	adds	r2, r2, r0
10004324:	414b      	adcs	r3, r1
10004326:	2b00      	cmp	r3, #0
10004328:	db16      	blt.n	10004358 <stdio_usb_in_chars+0x58>
1000432a:	4c16      	ldr	r4, [pc, #88]	@ (10004384 <stdio_usb_in_chars+0x84>)
1000432c:	0020      	movs	r0, r4
1000432e:	f002 f963 	bl	100065f8 <__mutex_try_enter_block_until_veneer>
10004332:	2800      	cmp	r0, #0
10004334:	d021      	beq.n	1000437a <stdio_usb_in_chars+0x7a>
10004336:	2000      	movs	r0, #0
10004338:	f001 fb60 	bl	100059fc <tud_cdc_n_connected>
1000433c:	2800      	cmp	r0, #0
1000433e:	d10f      	bne.n	10004360 <stdio_usb_in_chars+0x60>
10004340:	2001      	movs	r0, #1
10004342:	2100      	movs	r1, #0
10004344:	4240      	negs	r0, r0
10004346:	f000 fd89 	bl	10004e5c <tud_task_ext>
1000434a:	2503      	movs	r5, #3
1000434c:	426d      	negs	r5, r5
1000434e:	0020      	movs	r0, r4
10004350:	f002 f99a 	bl	10006688 <__mutex_exit_veneer>
10004354:	0028      	movs	r0, r5
10004356:	bd70      	pop	{r4, r5, r6, pc}
10004358:	2201      	movs	r2, #1
1000435a:	4b0b      	ldr	r3, [pc, #44]	@ (10004388 <stdio_usb_in_chars+0x88>)
1000435c:	4252      	negs	r2, r2
1000435e:	e7e4      	b.n	1000432a <stdio_usb_in_chars+0x2a>
10004360:	2000      	movs	r0, #0
10004362:	f001 fb61 	bl	10005a28 <tud_cdc_n_available>
10004366:	2800      	cmp	r0, #0
10004368:	d0ea      	beq.n	10004340 <stdio_usb_in_chars+0x40>
1000436a:	0029      	movs	r1, r5
1000436c:	0032      	movs	r2, r6
1000436e:	2000      	movs	r0, #0
10004370:	f001 fb64 	bl	10005a3c <tud_cdc_n_read>
10004374:	1e05      	subs	r5, r0, #0
10004376:	d1ea      	bne.n	1000434e <stdio_usb_in_chars+0x4e>
10004378:	e7e7      	b.n	1000434a <stdio_usb_in_chars+0x4a>
1000437a:	2503      	movs	r5, #3
1000437c:	426d      	negs	r5, r5
1000437e:	e7e9      	b.n	10004354 <stdio_usb_in_chars+0x54>
10004380:	000f4240 	.word	0x000f4240
10004384:	20001c24 	.word	0x20001c24
10004388:	7fffffff 	.word	0x7fffffff

1000438c <stdio_usb_out_flush>:
1000438c:	b510      	push	{r4, lr}
1000438e:	f7fc ff2d 	bl	100011ec <time_us_64>
10004392:	2300      	movs	r3, #0
10004394:	4a0d      	ldr	r2, [pc, #52]	@ (100043cc <stdio_usb_out_flush+0x40>)
10004396:	1812      	adds	r2, r2, r0
10004398:	414b      	adcs	r3, r1
1000439a:	2b00      	cmp	r3, #0
1000439c:	da02      	bge.n	100043a4 <stdio_usb_out_flush+0x18>
1000439e:	2201      	movs	r2, #1
100043a0:	4b0b      	ldr	r3, [pc, #44]	@ (100043d0 <stdio_usb_out_flush+0x44>)
100043a2:	4252      	negs	r2, r2
100043a4:	480b      	ldr	r0, [pc, #44]	@ (100043d4 <stdio_usb_out_flush+0x48>)
100043a6:	f002 f927 	bl	100065f8 <__mutex_try_enter_block_until_veneer>
100043aa:	2800      	cmp	r0, #0
100043ac:	d00c      	beq.n	100043c8 <stdio_usb_out_flush+0x3c>
100043ae:	2001      	movs	r0, #1
100043b0:	2100      	movs	r1, #0
100043b2:	4240      	negs	r0, r0
100043b4:	f000 fd52 	bl	10004e5c <tud_task_ext>
100043b8:	2000      	movs	r0, #0
100043ba:	f001 fb83 	bl	10005ac4 <tud_cdc_n_write_flush>
100043be:	2800      	cmp	r0, #0
100043c0:	d1f5      	bne.n	100043ae <stdio_usb_out_flush+0x22>
100043c2:	4804      	ldr	r0, [pc, #16]	@ (100043d4 <stdio_usb_out_flush+0x48>)
100043c4:	f002 f960 	bl	10006688 <__mutex_exit_veneer>
100043c8:	bd10      	pop	{r4, pc}
100043ca:	46c0      	nop			@ (mov r8, r8)
100043cc:	000f4240 	.word	0x000f4240
100043d0:	7fffffff 	.word	0x7fffffff
100043d4:	20001c24 	.word	0x20001c24

100043d8 <stdio_usb_out_chars>:
100043d8:	b5f8      	push	{r3, r4, r5, r6, r7, lr}
100043da:	46ce      	mov	lr, r9
100043dc:	4647      	mov	r7, r8
100043de:	b580      	push	{r7, lr}
100043e0:	0005      	movs	r5, r0
100043e2:	000c      	movs	r4, r1
100043e4:	f7fc ff02 	bl	100011ec <time_us_64>
100043e8:	2300      	movs	r3, #0
100043ea:	4a34      	ldr	r2, [pc, #208]	@ (100044bc <stdio_usb_out_chars+0xe4>)
100043ec:	1812      	adds	r2, r2, r0
100043ee:	414b      	adcs	r3, r1
100043f0:	2b00      	cmp	r3, #0
100043f2:	da02      	bge.n	100043fa <stdio_usb_out_chars+0x22>
100043f4:	2201      	movs	r2, #1
100043f6:	4b32      	ldr	r3, [pc, #200]	@ (100044c0 <stdio_usb_out_chars+0xe8>)
100043f8:	4252      	negs	r2, r2
100043fa:	4932      	ldr	r1, [pc, #200]	@ (100044c4 <stdio_usb_out_chars+0xec>)
100043fc:	0008      	movs	r0, r1
100043fe:	4688      	mov	r8, r1
10004400:	f002 f8fa 	bl	100065f8 <__mutex_try_enter_block_until_veneer>
10004404:	2800      	cmp	r0, #0
10004406:	d103      	bne.n	10004410 <stdio_usb_out_chars+0x38>
10004408:	bcc0      	pop	{r6, r7}
1000440a:	46b9      	mov	r9, r7
1000440c:	46b0      	mov	r8, r6
1000440e:	bdf8      	pop	{r3, r4, r5, r6, r7, pc}
10004410:	2000      	movs	r0, #0
10004412:	f001 faf3 	bl	100059fc <tud_cdc_n_connected>
10004416:	2800      	cmp	r0, #0
10004418:	d048      	beq.n	100044ac <stdio_usb_out_chars+0xd4>
1000441a:	2600      	movs	r6, #0
1000441c:	2c00      	cmp	r4, #0
1000441e:	dd41      	ble.n	100044a4 <stdio_usb_out_chars+0xcc>
10004420:	4b29      	ldr	r3, [pc, #164]	@ (100044c8 <stdio_usb_out_chars+0xf0>)
10004422:	4699      	mov	r9, r3
10004424:	e013      	b.n	1000444e <stdio_usb_out_chars+0x76>
10004426:	19a9      	adds	r1, r5, r6
10004428:	2000      	movs	r0, #0
1000442a:	f001 fb87 	bl	10005b3c <tud_cdc_n_write>
1000442e:	0007      	movs	r7, r0
10004430:	2001      	movs	r0, #1
10004432:	2100      	movs	r1, #0
10004434:	4240      	negs	r0, r0
10004436:	f000 fd11 	bl	10004e5c <tud_task_ext>
1000443a:	2000      	movs	r0, #0
1000443c:	f001 fb42 	bl	10005ac4 <tud_cdc_n_write_flush>
10004440:	f7fc fed4 	bl	100011ec <time_us_64>
10004444:	4b20      	ldr	r3, [pc, #128]	@ (100044c8 <stdio_usb_out_chars+0xf0>)
10004446:	19f6      	adds	r6, r6, r7
10004448:	c303      	stmia	r3!, {r0, r1}
1000444a:	42b4      	cmp	r4, r6
1000444c:	dd2a      	ble.n	100044a4 <stdio_usb_out_chars+0xcc>
1000444e:	2000      	movs	r0, #0
10004450:	f001 fb94 	bl	10005b7c <tud_cdc_n_write_available>
10004454:	1ba7      	subs	r7, r4, r6
10004456:	0002      	movs	r2, r0
10004458:	42b8      	cmp	r0, r7
1000445a:	dd00      	ble.n	1000445e <stdio_usb_out_chars+0x86>
1000445c:	003a      	movs	r2, r7
1000445e:	2a00      	cmp	r2, #0
10004460:	d1e1      	bne.n	10004426 <stdio_usb_out_chars+0x4e>
10004462:	2001      	movs	r0, #1
10004464:	2100      	movs	r1, #0
10004466:	4240      	negs	r0, r0
10004468:	f000 fcf8 	bl	10004e5c <tud_task_ext>
1000446c:	2000      	movs	r0, #0
1000446e:	f001 fb29 	bl	10005ac4 <tud_cdc_n_write_flush>
10004472:	2000      	movs	r0, #0
10004474:	f001 fac2 	bl	100059fc <tud_cdc_n_connected>
10004478:	2800      	cmp	r0, #0
1000447a:	d013      	beq.n	100044a4 <stdio_usb_out_chars+0xcc>
1000447c:	2000      	movs	r0, #0
1000447e:	f001 fb7d 	bl	10005b7c <tud_cdc_n_write_available>
10004482:	2800      	cmp	r0, #0
10004484:	d1e1      	bne.n	1000444a <stdio_usb_out_chars+0x72>
10004486:	f7fc feb1 	bl	100011ec <time_us_64>
1000448a:	464b      	mov	r3, r9
1000448c:	000f      	movs	r7, r1
1000448e:	cb0c      	ldmia	r3, {r2, r3}
10004490:	2100      	movs	r1, #0
10004492:	4684      	mov	ip, r0
10004494:	480d      	ldr	r0, [pc, #52]	@ (100044cc <stdio_usb_out_chars+0xf4>)
10004496:	1812      	adds	r2, r2, r0
10004498:	414b      	adcs	r3, r1
1000449a:	429f      	cmp	r7, r3
1000449c:	d802      	bhi.n	100044a4 <stdio_usb_out_chars+0xcc>
1000449e:	d1d4      	bne.n	1000444a <stdio_usb_out_chars+0x72>
100044a0:	4594      	cmp	ip, r2
100044a2:	d9d2      	bls.n	1000444a <stdio_usb_out_chars+0x72>
100044a4:	4640      	mov	r0, r8
100044a6:	f002 f8ef 	bl	10006688 <__mutex_exit_veneer>
100044aa:	e7ad      	b.n	10004408 <stdio_usb_out_chars+0x30>
100044ac:	2000      	movs	r0, #0
100044ae:	2100      	movs	r1, #0
100044b0:	4b05      	ldr	r3, [pc, #20]	@ (100044c8 <stdio_usb_out_chars+0xf0>)
100044b2:	c303      	stmia	r3!, {r0, r1}
100044b4:	4640      	mov	r0, r8
100044b6:	f002 f8e7 	bl	10006688 <__mutex_exit_veneer>
100044ba:	e7a5      	b.n	10004408 <stdio_usb_out_chars+0x30>
100044bc:	000f4240 	.word	0x000f4240
100044c0:	7fffffff 	.word	0x7fffffff
100044c4:	20001c24 	.word	0x20001c24
100044c8:	20001278 	.word	0x20001278
100044cc:	0007a120 	.word	0x0007a120

100044d0 <low_priority_worker_irq>:
100044d0:	b530      	push	{r4, r5, lr}
100044d2:	2100      	movs	r1, #0
100044d4:	b085      	sub	sp, #20
100044d6:	4828      	ldr	r0, [pc, #160]	@ (10004578 <low_priority_worker_irq+0xa8>)
100044d8:	f002 f8be 	bl	10006658 <__mutex_try_enter_veneer>
100044dc:	2800      	cmp	r0, #0
100044de:	d11c      	bne.n	1000451a <low_priority_worker_irq+0x4a>
100044e0:	4b26      	ldr	r3, [pc, #152]	@ (1000457c <low_priority_worker_irq+0xac>)
100044e2:	681a      	ldr	r2, [r3, #0]
100044e4:	2a00      	cmp	r2, #0
100044e6:	d016      	beq.n	10004516 <low_priority_worker_irq+0x46>
100044e8:	f3ef 8110 	mrs	r1, PRIMASK
100044ec:	b672      	cpsid	i
100044ee:	6810      	ldr	r0, [r2, #0]
100044f0:	2800      	cmp	r0, #0
100044f2:	d0fc      	beq.n	100044ee <low_priority_worker_irq+0x1e>
100044f4:	f3bf 8f5f 	dmb	sy
100044f8:	2401      	movs	r4, #1
100044fa:	4821      	ldr	r0, [pc, #132]	@ (10004580 <low_priority_worker_irq+0xb0>)
100044fc:	6059      	str	r1, [r3, #4]
100044fe:	7802      	ldrb	r2, [r0, #0]
10004500:	681b      	ldr	r3, [r3, #0]
10004502:	b2d2      	uxtb	r2, r2
10004504:	7004      	strb	r4, [r0, #0]
10004506:	f3bf 8f5f 	dmb	sy
1000450a:	2000      	movs	r0, #0
1000450c:	6018      	str	r0, [r3, #0]
1000450e:	f381 8810 	msr	PRIMASK, r1
10004512:	2a00      	cmp	r2, #0
10004514:	d017      	beq.n	10004546 <low_priority_worker_irq+0x76>
10004516:	b005      	add	sp, #20
10004518:	bd30      	pop	{r4, r5, pc}
1000451a:	2001      	movs	r0, #1
1000451c:	2100      	movs	r1, #0
1000451e:	4240      	negs	r0, r0
10004520:	f000 fc9c 	bl	10004e5c <tud_task_ext>
10004524:	2000      	movs	r0, #0
10004526:	f001 fa7f 	bl	10005a28 <tud_cdc_n_available>
1000452a:	0005      	movs	r5, r0
1000452c:	4812      	ldr	r0, [pc, #72]	@ (10004578 <low_priority_worker_irq+0xa8>)
1000452e:	f002 f8ab 	bl	10006688 <__mutex_exit_veneer>
10004532:	2d00      	cmp	r5, #0
10004534:	d0ef      	beq.n	10004516 <low_priority_worker_irq+0x46>
10004536:	4b13      	ldr	r3, [pc, #76]	@ (10004584 <low_priority_worker_irq+0xb4>)
10004538:	681b      	ldr	r3, [r3, #0]
1000453a:	2b00      	cmp	r3, #0
1000453c:	d0eb      	beq.n	10004516 <low_priority_worker_irq+0x46>
1000453e:	4a12      	ldr	r2, [pc, #72]	@ (10004588 <low_priority_worker_irq+0xb8>)
10004540:	6810      	ldr	r0, [r2, #0]
10004542:	4798      	blx	r3
10004544:	e7e7      	b.n	10004516 <low_priority_worker_irq+0x46>
10004546:	f7fc fc27 	bl	10000d98 <alarm_pool_get_default>
1000454a:	0004      	movs	r4, r0
1000454c:	f7fc fe4e 	bl	100011ec <time_us_64>
10004550:	22fa      	movs	r2, #250	@ 0xfa
10004552:	2300      	movs	r3, #0
10004554:	0092      	lsls	r2, r2, #2
10004556:	1812      	adds	r2, r2, r0
10004558:	414b      	adcs	r3, r1
1000455a:	2b00      	cmp	r3, #0
1000455c:	da02      	bge.n	10004564 <low_priority_worker_irq+0x94>
1000455e:	2201      	movs	r2, #1
10004560:	4b0a      	ldr	r3, [pc, #40]	@ (1000458c <low_priority_worker_irq+0xbc>)
10004562:	4252      	negs	r2, r2
10004564:	2101      	movs	r1, #1
10004566:	9102      	str	r1, [sp, #8]
10004568:	2100      	movs	r1, #0
1000456a:	9101      	str	r1, [sp, #4]
1000456c:	4908      	ldr	r1, [pc, #32]	@ (10004590 <low_priority_worker_irq+0xc0>)
1000456e:	0020      	movs	r0, r4
10004570:	9100      	str	r1, [sp, #0]
10004572:	f7fc fc15 	bl	10000da0 <alarm_pool_add_alarm_at>
10004576:	e7ce      	b.n	10004516 <low_priority_worker_irq+0x46>
10004578:	20001c24 	.word	0x20001c24
1000457c:	20001bfc 	.word	0x20001bfc
10004580:	20001c44 	.word	0x20001c44
10004584:	20001784 	.word	0x20001784
10004588:	20001788 	.word	0x20001788
1000458c:	7fffffff 	.word	0x7fffffff
10004590:	1000429d 	.word	0x1000429d

10004594 <stdio_usb_init>:
10004594:	23d0      	movs	r3, #208	@ 0xd0
10004596:	b510      	push	{r4, lr}
10004598:	061b      	lsls	r3, r3, #24
1000459a:	b084      	sub	sp, #16
1000459c:	681c      	ldr	r4, [r3, #0]
1000459e:	f7fc fbfb 	bl	10000d98 <alarm_pool_get_default>
100045a2:	f7fc fcfb 	bl	10000f9c <alarm_pool_core_num>
100045a6:	42a0      	cmp	r0, r4
100045a8:	d002      	beq.n	100045b0 <stdio_usb_init+0x1c>
100045aa:	2000      	movs	r0, #0
100045ac:	b004      	add	sp, #16
100045ae:	bd10      	pop	{r4, pc}
100045b0:	4b28      	ldr	r3, [pc, #160]	@ (10004654 <stdio_usb_init+0xc0>)
100045b2:	2100      	movs	r1, #0
100045b4:	2000      	movs	r0, #0
100045b6:	781b      	ldrb	r3, [r3, #0]
100045b8:	f001 fca6 	bl	10005f08 <tusb_rhport_init>
100045bc:	4826      	ldr	r0, [pc, #152]	@ (10004658 <stdio_usb_init+0xc4>)
100045be:	6803      	ldr	r3, [r0, #0]
100045c0:	2b00      	cmp	r3, #0
100045c2:	d044      	beq.n	1000464e <stdio_usb_init+0xba>
100045c4:	2001      	movs	r0, #1
100045c6:	f7fc f97f 	bl	100008c8 <user_irq_claim_unused>
100045ca:	23ff      	movs	r3, #255	@ 0xff
100045cc:	4c23      	ldr	r4, [pc, #140]	@ (1000465c <stdio_usb_init+0xc8>)
100045ce:	4924      	ldr	r1, [pc, #144]	@ (10004660 <stdio_usb_init+0xcc>)
100045d0:	7020      	strb	r0, [r4, #0]
100045d2:	4018      	ands	r0, r3
100045d4:	f7fc f80c 	bl	100005f0 <irq_set_exclusive_handler>
100045d8:	7820      	ldrb	r0, [r4, #0]
100045da:	2101      	movs	r1, #1
100045dc:	f7fb ffd2 	bl	10000584 <irq_set_enabled>
100045e0:	2005      	movs	r0, #5
100045e2:	f7fb fff5 	bl	100005d0 <irq_has_shared_handler>
100045e6:	2800      	cmp	r0, #0
100045e8:	d124      	bne.n	10004634 <stdio_usb_init+0xa0>
100045ea:	2208      	movs	r2, #8
100045ec:	2100      	movs	r1, #0
100045ee:	481d      	ldr	r0, [pc, #116]	@ (10004664 <stdio_usb_init+0xd0>)
100045f0:	f7fe f822 	bl	10002638 <__wrap_memset>
100045f4:	f7fc fbd0 	bl	10000d98 <alarm_pool_get_default>
100045f8:	0004      	movs	r4, r0
100045fa:	f7fc fdf7 	bl	100011ec <time_us_64>
100045fe:	22fa      	movs	r2, #250	@ 0xfa
10004600:	2300      	movs	r3, #0
10004602:	0092      	lsls	r2, r2, #2
10004604:	1812      	adds	r2, r2, r0
10004606:	414b      	adcs	r3, r1
10004608:	2b00      	cmp	r3, #0
1000460a:	da02      	bge.n	10004612 <stdio_usb_init+0x7e>
1000460c:	2201      	movs	r2, #1
1000460e:	4b16      	ldr	r3, [pc, #88]	@ (10004668 <stdio_usb_init+0xd4>)
10004610:	4252      	negs	r2, r2
10004612:	2101      	movs	r1, #1
10004614:	9102      	str	r1, [sp, #8]
10004616:	2100      	movs	r1, #0
10004618:	9101      	str	r1, [sp, #4]
1000461a:	4914      	ldr	r1, [pc, #80]	@ (1000466c <stdio_usb_init+0xd8>)
1000461c:	0020      	movs	r0, r4
1000461e:	9100      	str	r1, [sp, #0]
10004620:	f7fc fbbe 	bl	10000da0 <alarm_pool_add_alarm_at>
10004624:	2800      	cmp	r0, #0
10004626:	dbc0      	blt.n	100045aa <stdio_usb_init+0x16>
10004628:	4811      	ldr	r0, [pc, #68]	@ (10004670 <stdio_usb_init+0xdc>)
1000462a:	2101      	movs	r1, #1
1000462c:	f7ff fce4 	bl	10003ff8 <stdio_set_driver_enabled>
10004630:	2001      	movs	r0, #1
10004632:	e7bb      	b.n	100045ac <stdio_usb_init+0x18>
10004634:	2001      	movs	r0, #1
10004636:	f7fb ff63 	bl	10000500 <spin_lock_claim_unused>
1000463a:	0001      	movs	r1, r0
1000463c:	4809      	ldr	r0, [pc, #36]	@ (10004664 <stdio_usb_init+0xd0>)
1000463e:	f7fc f9a3 	bl	10000988 <critical_section_init_with_lock_num>
10004642:	2200      	movs	r2, #0
10004644:	2005      	movs	r0, #5
10004646:	490b      	ldr	r1, [pc, #44]	@ (10004674 <stdio_usb_init+0xe0>)
10004648:	f7fb fffc 	bl	10000644 <irq_add_shared_handler>
1000464c:	e7ec      	b.n	10004628 <stdio_usb_init+0x94>
1000464e:	f7fc f97f 	bl	10000950 <mutex_init>
10004652:	e7b7      	b.n	100045c4 <stdio_usb_init+0x30>
10004654:	10006d18 	.word	0x10006d18
10004658:	20001c24 	.word	0x20001c24
1000465c:	20001c43 	.word	0x20001c43
10004660:	100044d1 	.word	0x100044d1
10004664:	20001bfc 	.word	0x20001bfc
10004668:	7fffffff 	.word	0x7fffffff
1000466c:	1000429d 	.word	0x1000429d
10004670:	20000ff0 	.word	0x20000ff0
10004674:	1000428d 	.word	0x1000428d

10004678 <tud_descriptor_device_cb>:
10004678:	4800      	ldr	r0, [pc, #0]	@ (1000467c <tud_descriptor_device_cb+0x4>)
1000467a:	4770      	bx	lr
1000467c:	10006b34 	.word	0x10006b34

10004680 <tud_descriptor_configuration_cb>:
10004680:	4800      	ldr	r0, [pc, #0]	@ (10004684 <tud_descriptor_configuration_cb+0x4>)
10004682:	4770      	bx	lr
10004684:	10006ae0 	.word	0x10006ae0

10004688 <tud_descriptor_string_cb>:
10004688:	b510      	push	{r4, lr}
1000468a:	0004      	movs	r4, r0
1000468c:	4816      	ldr	r0, [pc, #88]	@ (100046e8 <tud_descriptor_string_cb+0x60>)
1000468e:	7803      	ldrb	r3, [r0, #0]
10004690:	2b00      	cmp	r3, #0
10004692:	d020      	beq.n	100046d6 <tud_descriptor_string_cb+0x4e>
10004694:	2c00      	cmp	r4, #0
10004696:	d106      	bne.n	100046a6 <tud_descriptor_string_cb+0x1e>
10004698:	4b14      	ldr	r3, [pc, #80]	@ (100046ec <tud_descriptor_string_cb+0x64>)
1000469a:	4815      	ldr	r0, [pc, #84]	@ (100046f0 <tud_descriptor_string_cb+0x68>)
1000469c:	8043      	strh	r3, [r0, #2]
1000469e:	3b06      	subs	r3, #6
100046a0:	3bff      	subs	r3, #255	@ 0xff
100046a2:	8003      	strh	r3, [r0, #0]
100046a4:	bd10      	pop	{r4, pc}
100046a6:	2c05      	cmp	r4, #5
100046a8:	d81c      	bhi.n	100046e4 <tud_descriptor_string_cb+0x5c>
100046aa:	4b12      	ldr	r3, [pc, #72]	@ (100046f4 <tud_descriptor_string_cb+0x6c>)
100046ac:	00a4      	lsls	r4, r4, #2
100046ae:	58e4      	ldr	r4, [r4, r3]
100046b0:	480f      	ldr	r0, [pc, #60]	@ (100046f0 <tud_descriptor_string_cb+0x68>)
100046b2:	2301      	movs	r3, #1
100046b4:	1c81      	adds	r1, r0, #2
100046b6:	3c01      	subs	r4, #1
100046b8:	e004      	b.n	100046c4 <tud_descriptor_string_cb+0x3c>
100046ba:	3301      	adds	r3, #1
100046bc:	800a      	strh	r2, [r1, #0]
100046be:	3102      	adds	r1, #2
100046c0:	2b14      	cmp	r3, #20
100046c2:	d00c      	beq.n	100046de <tud_descriptor_string_cb+0x56>
100046c4:	5ce2      	ldrb	r2, [r4, r3]
100046c6:	2a00      	cmp	r2, #0
100046c8:	d1f7      	bne.n	100046ba <tud_descriptor_string_cb+0x32>
100046ca:	22c0      	movs	r2, #192	@ 0xc0
100046cc:	b2db      	uxtb	r3, r3
100046ce:	005b      	lsls	r3, r3, #1
100046d0:	0092      	lsls	r2, r2, #2
100046d2:	4313      	orrs	r3, r2
100046d4:	e7e5      	b.n	100046a2 <tud_descriptor_string_cb+0x1a>
100046d6:	2111      	movs	r1, #17
100046d8:	f000 f816 	bl	10004708 <pico_get_unique_board_id_string>
100046dc:	e7da      	b.n	10004694 <tud_descriptor_string_cb+0xc>
100046de:	23ca      	movs	r3, #202	@ 0xca
100046e0:	009b      	lsls	r3, r3, #2
100046e2:	e7de      	b.n	100046a2 <tud_descriptor_string_cb+0x1a>
100046e4:	2000      	movs	r0, #0
100046e6:	e7dd      	b.n	100046a4 <tud_descriptor_string_cb+0x1c>
100046e8:	20001c2c 	.word	0x20001c2c
100046ec:	00000409 	.word	0x00000409
100046f0:	200017bc 	.word	0x200017bc
100046f4:	10006ac8 	.word	0x10006ac8

100046f8 <_retrieve_unique_id_on_boot>:
100046f8:	b510      	push	{r4, lr}
100046fa:	4802      	ldr	r0, [pc, #8]	@ (10004704 <_retrieve_unique_id_on_boot+0xc>)
100046fc:	f000 f8f4 	bl	100048e8 <flash_get_unique_id>
10004700:	bd10      	pop	{r4, pc}
10004702:	46c0      	nop			@ (mov r8, r8)
10004704:	20001c14 	.word	0x20001c14

10004708 <pico_get_unique_board_id_string>:
10004708:	b530      	push	{r4, r5, lr}
1000470a:	2901      	cmp	r1, #1
1000470c:	d100      	bne.n	10004710 <pico_get_unique_board_id_string+0x8>
1000470e:	e0bb      	b.n	10004888 <pico_get_unique_board_id_string+0x180>
10004710:	4b74      	ldr	r3, [pc, #464]	@ (100048e4 <pico_get_unique_board_id_string+0x1dc>)
10004712:	3901      	subs	r1, #1
10004714:	781a      	ldrb	r2, [r3, #0]
10004716:	1112      	asrs	r2, r2, #4
10004718:	0014      	movs	r4, r2
1000471a:	3430      	adds	r4, #48	@ 0x30
1000471c:	2a09      	cmp	r2, #9
1000471e:	dd00      	ble.n	10004722 <pico_get_unique_board_id_string+0x1a>
10004720:	e0b5      	b.n	1000488e <pico_get_unique_board_id_string+0x186>
10004722:	7004      	strb	r4, [r0, #0]
10004724:	2901      	cmp	r1, #1
10004726:	d100      	bne.n	1000472a <pico_get_unique_board_id_string+0x22>
10004728:	e0da      	b.n	100048e0 <pico_get_unique_board_id_string+0x1d8>
1000472a:	220f      	movs	r2, #15
1000472c:	781c      	ldrb	r4, [r3, #0]
1000472e:	4022      	ands	r2, r4
10004730:	0014      	movs	r4, r2
10004732:	3430      	adds	r4, #48	@ 0x30
10004734:	2a09      	cmp	r2, #9
10004736:	d900      	bls.n	1000473a <pico_get_unique_board_id_string+0x32>
10004738:	e0ac      	b.n	10004894 <pico_get_unique_board_id_string+0x18c>
1000473a:	7044      	strb	r4, [r0, #1]
1000473c:	2902      	cmp	r1, #2
1000473e:	d100      	bne.n	10004742 <pico_get_unique_board_id_string+0x3a>
10004740:	e0ce      	b.n	100048e0 <pico_get_unique_board_id_string+0x1d8>
10004742:	785a      	ldrb	r2, [r3, #1]
10004744:	4694      	mov	ip, r2
10004746:	1112      	asrs	r2, r2, #4
10004748:	0014      	movs	r4, r2
1000474a:	3430      	adds	r4, #48	@ 0x30
1000474c:	2a09      	cmp	r2, #9
1000474e:	dd00      	ble.n	10004752 <pico_get_unique_board_id_string+0x4a>
10004750:	e0a3      	b.n	1000489a <pico_get_unique_board_id_string+0x192>
10004752:	7084      	strb	r4, [r0, #2]
10004754:	2903      	cmp	r1, #3
10004756:	d100      	bne.n	1000475a <pico_get_unique_board_id_string+0x52>
10004758:	e0c2      	b.n	100048e0 <pico_get_unique_board_id_string+0x1d8>
1000475a:	4664      	mov	r4, ip
1000475c:	220f      	movs	r2, #15
1000475e:	4022      	ands	r2, r4
10004760:	0014      	movs	r4, r2
10004762:	3430      	adds	r4, #48	@ 0x30
10004764:	2a09      	cmp	r2, #9
10004766:	d900      	bls.n	1000476a <pico_get_unique_board_id_string+0x62>
10004768:	e09a      	b.n	100048a0 <pico_get_unique_board_id_string+0x198>
1000476a:	70c4      	strb	r4, [r0, #3]
1000476c:	2904      	cmp	r1, #4
1000476e:	d100      	bne.n	10004772 <pico_get_unique_board_id_string+0x6a>
10004770:	e0b6      	b.n	100048e0 <pico_get_unique_board_id_string+0x1d8>
10004772:	789a      	ldrb	r2, [r3, #2]
10004774:	4694      	mov	ip, r2
10004776:	1112      	asrs	r2, r2, #4
10004778:	0014      	movs	r4, r2
1000477a:	3430      	adds	r4, #48	@ 0x30
1000477c:	2a09      	cmp	r2, #9
1000477e:	dd00      	ble.n	10004782 <pico_get_unique_board_id_string+0x7a>
10004780:	e091      	b.n	100048a6 <pico_get_unique_board_id_string+0x19e>
10004782:	7104      	strb	r4, [r0, #4]
10004784:	2905      	cmp	r1, #5
10004786:	d100      	bne.n	1000478a <pico_get_unique_board_id_string+0x82>
10004788:	e0aa      	b.n	100048e0 <pico_get_unique_board_id_string+0x1d8>
1000478a:	4664      	mov	r4, ip
1000478c:	220f      	movs	r2, #15
1000478e:	4022      	ands	r2, r4
10004790:	0014      	movs	r4, r2
10004792:	3430      	adds	r4, #48	@ 0x30
10004794:	2a09      	cmp	r2, #9
10004796:	d900      	bls.n	1000479a <pico_get_unique_board_id_string+0x92>
10004798:	e088      	b.n	100048ac <pico_get_unique_board_id_string+0x1a4>
1000479a:	7144      	strb	r4, [r0, #5]
1000479c:	2906      	cmp	r1, #6
1000479e:	d100      	bne.n	100047a2 <pico_get_unique_board_id_string+0x9a>
100047a0:	e09e      	b.n	100048e0 <pico_get_unique_board_id_string+0x1d8>
100047a2:	2530      	movs	r5, #48	@ 0x30
100047a4:	46ac      	mov	ip, r5
100047a6:	78dc      	ldrb	r4, [r3, #3]
100047a8:	1122      	asrs	r2, r4, #4
100047aa:	4494      	add	ip, r2
100047ac:	2a09      	cmp	r2, #9
100047ae:	dd00      	ble.n	100047b2 <pico_get_unique_board_id_string+0xaa>
100047b0:	e07f      	b.n	100048b2 <pico_get_unique_board_id_string+0x1aa>
100047b2:	4662      	mov	r2, ip
100047b4:	7182      	strb	r2, [r0, #6]
100047b6:	2907      	cmp	r1, #7
100047b8:	d100      	bne.n	100047bc <pico_get_unique_board_id_string+0xb4>
100047ba:	e091      	b.n	100048e0 <pico_get_unique_board_id_string+0x1d8>
100047bc:	220f      	movs	r2, #15
100047be:	4022      	ands	r2, r4
100047c0:	0014      	movs	r4, r2
100047c2:	3430      	adds	r4, #48	@ 0x30
100047c4:	2a09      	cmp	r2, #9
100047c6:	d900      	bls.n	100047ca <pico_get_unique_board_id_string+0xc2>
100047c8:	e077      	b.n	100048ba <pico_get_unique_board_id_string+0x1b2>
100047ca:	71c4      	strb	r4, [r0, #7]
100047cc:	2908      	cmp	r1, #8
100047ce:	d100      	bne.n	100047d2 <pico_get_unique_board_id_string+0xca>
100047d0:	e086      	b.n	100048e0 <pico_get_unique_board_id_string+0x1d8>
100047d2:	2530      	movs	r5, #48	@ 0x30
100047d4:	46ac      	mov	ip, r5
100047d6:	791c      	ldrb	r4, [r3, #4]
100047d8:	1122      	asrs	r2, r4, #4
100047da:	4494      	add	ip, r2
100047dc:	2a09      	cmp	r2, #9
100047de:	dd00      	ble.n	100047e2 <pico_get_unique_board_id_string+0xda>
100047e0:	e06e      	b.n	100048c0 <pico_get_unique_board_id_string+0x1b8>
100047e2:	4662      	mov	r2, ip
100047e4:	7202      	strb	r2, [r0, #8]
100047e6:	2909      	cmp	r1, #9
100047e8:	d100      	bne.n	100047ec <pico_get_unique_board_id_string+0xe4>
100047ea:	e079      	b.n	100048e0 <pico_get_unique_board_id_string+0x1d8>
100047ec:	220f      	movs	r2, #15
100047ee:	4022      	ands	r2, r4
100047f0:	0014      	movs	r4, r2
100047f2:	3430      	adds	r4, #48	@ 0x30
100047f4:	2a09      	cmp	r2, #9
100047f6:	d867      	bhi.n	100048c8 <pico_get_unique_board_id_string+0x1c0>
100047f8:	7244      	strb	r4, [r0, #9]
100047fa:	290a      	cmp	r1, #10
100047fc:	d100      	bne.n	10004800 <pico_get_unique_board_id_string+0xf8>
100047fe:	e06f      	b.n	100048e0 <pico_get_unique_board_id_string+0x1d8>
10004800:	2530      	movs	r5, #48	@ 0x30
10004802:	46ac      	mov	ip, r5
10004804:	795c      	ldrb	r4, [r3, #5]
10004806:	1122      	asrs	r2, r4, #4
10004808:	4494      	add	ip, r2
1000480a:	2a09      	cmp	r2, #9
1000480c:	dc5f      	bgt.n	100048ce <pico_get_unique_board_id_string+0x1c6>
1000480e:	4662      	mov	r2, ip
10004810:	7282      	strb	r2, [r0, #10]
10004812:	290b      	cmp	r1, #11
10004814:	d064      	beq.n	100048e0 <pico_get_unique_board_id_string+0x1d8>
10004816:	220f      	movs	r2, #15
10004818:	4022      	ands	r2, r4
1000481a:	0014      	movs	r4, r2
1000481c:	3430      	adds	r4, #48	@ 0x30
1000481e:	2a09      	cmp	r2, #9
10004820:	d859      	bhi.n	100048d6 <pico_get_unique_board_id_string+0x1ce>
10004822:	72c4      	strb	r4, [r0, #11]
10004824:	290c      	cmp	r1, #12
10004826:	d05b      	beq.n	100048e0 <pico_get_unique_board_id_string+0x1d8>
10004828:	2530      	movs	r5, #48	@ 0x30
1000482a:	46ac      	mov	ip, r5
1000482c:	799c      	ldrb	r4, [r3, #6]
1000482e:	1122      	asrs	r2, r4, #4
10004830:	4494      	add	ip, r2
10004832:	2a09      	cmp	r2, #9
10004834:	dd02      	ble.n	1000483c <pico_get_unique_board_id_string+0x134>
10004836:	3507      	adds	r5, #7
10004838:	46ac      	mov	ip, r5
1000483a:	4494      	add	ip, r2
1000483c:	4662      	mov	r2, ip
1000483e:	7302      	strb	r2, [r0, #12]
10004840:	290d      	cmp	r1, #13
10004842:	d04d      	beq.n	100048e0 <pico_get_unique_board_id_string+0x1d8>
10004844:	220f      	movs	r2, #15
10004846:	4022      	ands	r2, r4
10004848:	0014      	movs	r4, r2
1000484a:	3430      	adds	r4, #48	@ 0x30
1000484c:	2a09      	cmp	r2, #9
1000484e:	d901      	bls.n	10004854 <pico_get_unique_board_id_string+0x14c>
10004850:	3237      	adds	r2, #55	@ 0x37
10004852:	0014      	movs	r4, r2
10004854:	7344      	strb	r4, [r0, #13]
10004856:	290e      	cmp	r1, #14
10004858:	d042      	beq.n	100048e0 <pico_get_unique_board_id_string+0x1d8>
1000485a:	79da      	ldrb	r2, [r3, #7]
1000485c:	1113      	asrs	r3, r2, #4
1000485e:	001c      	movs	r4, r3
10004860:	3430      	adds	r4, #48	@ 0x30
10004862:	2b09      	cmp	r3, #9
10004864:	dd01      	ble.n	1000486a <pico_get_unique_board_id_string+0x162>
10004866:	3337      	adds	r3, #55	@ 0x37
10004868:	001c      	movs	r4, r3
1000486a:	7384      	strb	r4, [r0, #14]
1000486c:	290f      	cmp	r1, #15
1000486e:	d037      	beq.n	100048e0 <pico_get_unique_board_id_string+0x1d8>
10004870:	230f      	movs	r3, #15
10004872:	4013      	ands	r3, r2
10004874:	001a      	movs	r2, r3
10004876:	3237      	adds	r2, #55	@ 0x37
10004878:	2b09      	cmp	r3, #9
1000487a:	d801      	bhi.n	10004880 <pico_get_unique_board_id_string+0x178>
1000487c:	3330      	adds	r3, #48	@ 0x30
1000487e:	001a      	movs	r2, r3
10004880:	73c2      	strb	r2, [r0, #15]
10004882:	2910      	cmp	r1, #16
10004884:	d02c      	beq.n	100048e0 <pico_get_unique_board_id_string+0x1d8>
10004886:	3010      	adds	r0, #16
10004888:	2300      	movs	r3, #0
1000488a:	7003      	strb	r3, [r0, #0]
1000488c:	bd30      	pop	{r4, r5, pc}
1000488e:	3237      	adds	r2, #55	@ 0x37
10004890:	0014      	movs	r4, r2
10004892:	e746      	b.n	10004722 <pico_get_unique_board_id_string+0x1a>
10004894:	3237      	adds	r2, #55	@ 0x37
10004896:	0014      	movs	r4, r2
10004898:	e74f      	b.n	1000473a <pico_get_unique_board_id_string+0x32>
1000489a:	3237      	adds	r2, #55	@ 0x37
1000489c:	0014      	movs	r4, r2
1000489e:	e758      	b.n	10004752 <pico_get_unique_board_id_string+0x4a>
100048a0:	3237      	adds	r2, #55	@ 0x37
100048a2:	0014      	movs	r4, r2
100048a4:	e761      	b.n	1000476a <pico_get_unique_board_id_string+0x62>
100048a6:	3237      	adds	r2, #55	@ 0x37
100048a8:	0014      	movs	r4, r2
100048aa:	e76a      	b.n	10004782 <pico_get_unique_board_id_string+0x7a>
100048ac:	3237      	adds	r2, #55	@ 0x37
100048ae:	0014      	movs	r4, r2
100048b0:	e773      	b.n	1000479a <pico_get_unique_board_id_string+0x92>
100048b2:	3507      	adds	r5, #7
100048b4:	46ac      	mov	ip, r5
100048b6:	4494      	add	ip, r2
100048b8:	e77b      	b.n	100047b2 <pico_get_unique_board_id_string+0xaa>
100048ba:	3237      	adds	r2, #55	@ 0x37
100048bc:	0014      	movs	r4, r2
100048be:	e784      	b.n	100047ca <pico_get_unique_board_id_string+0xc2>
100048c0:	3507      	adds	r5, #7
100048c2:	46ac      	mov	ip, r5
100048c4:	4494      	add	ip, r2
100048c6:	e78c      	b.n	100047e2 <pico_get_unique_board_id_string+0xda>
100048c8:	3237      	adds	r2, #55	@ 0x37
100048ca:	0014      	movs	r4, r2
100048cc:	e794      	b.n	100047f8 <pico_get_unique_board_id_string+0xf0>
100048ce:	3507      	adds	r5, #7
100048d0:	46ac      	mov	ip, r5
100048d2:	4494      	add	ip, r2
100048d4:	e79b      	b.n	1000480e <pico_get_unique_board_id_string+0x106>
100048d6:	3237      	adds	r2, #55	@ 0x37
100048d8:	0014      	movs	r4, r2
100048da:	72c4      	strb	r4, [r0, #11]
100048dc:	290c      	cmp	r1, #12
100048de:	d1a3      	bne.n	10004828 <pico_get_unique_board_id_string+0x120>
100048e0:	1840      	adds	r0, r0, r1
100048e2:	e7d1      	b.n	10004888 <pico_get_unique_board_id_string+0x180>
100048e4:	20001c14 	.word	0x20001c14

100048e8 <flash_get_unique_id>:
100048e8:	b510      	push	{r4, lr}
100048ea:	b088      	sub	sp, #32
100048ec:	0004      	movs	r4, r0
100048ee:	220d      	movs	r2, #13
100048f0:	2100      	movs	r1, #0
100048f2:	4668      	mov	r0, sp
100048f4:	f7fd fea0 	bl	10002638 <__wrap_memset>
100048f8:	220d      	movs	r2, #13
100048fa:	2100      	movs	r1, #0
100048fc:	a804      	add	r0, sp, #16
100048fe:	f7fd fe9b 	bl	10002638 <__wrap_memset>
10004902:	466a      	mov	r2, sp
10004904:	234b      	movs	r3, #75	@ 0x4b
10004906:	4668      	mov	r0, sp
10004908:	7013      	strb	r3, [r2, #0]
1000490a:	a904      	add	r1, sp, #16
1000490c:	2300      	movs	r3, #0
1000490e:	220d      	movs	r2, #13
10004910:	f001 fe92 	bl	10006638 <__flash_do_cmd_cs_veneer>
10004914:	2115      	movs	r1, #21
10004916:	2208      	movs	r2, #8
10004918:	0020      	movs	r0, r4
1000491a:	4469      	add	r1, sp
1000491c:	f7fd fe92 	bl	10002644 <__wrap___aeabi_memcpy>
10004920:	b008      	add	sp, #32
10004922:	bd10      	pop	{r4, pc}

10004924 <usb_reset_interface_init>:
10004924:	4770      	bx	lr
10004926:	46c0      	nop			@ (mov r8, r8)

10004928 <usb_reset_interface_reset>:
10004928:	2200      	movs	r2, #0
1000492a:	4b01      	ldr	r3, [pc, #4]	@ (10004930 <usb_reset_interface_reset+0x8>)
1000492c:	701a      	strb	r2, [r3, #0]
1000492e:	4770      	bx	lr
10004930:	20001c42 	.word	0x20001c42

10004934 <usb_reset_interface_open>:
10004934:	794b      	ldrb	r3, [r1, #5]
10004936:	2000      	movs	r0, #0
10004938:	2bff      	cmp	r3, #255	@ 0xff
1000493a:	d10b      	bne.n	10004954 <usb_reset_interface_open+0x20>
1000493c:	798b      	ldrb	r3, [r1, #6]
1000493e:	2b00      	cmp	r3, #0
10004940:	d108      	bne.n	10004954 <usb_reset_interface_open+0x20>
10004942:	79cb      	ldrb	r3, [r1, #7]
10004944:	2b01      	cmp	r3, #1
10004946:	d105      	bne.n	10004954 <usb_reset_interface_open+0x20>
10004948:	2a08      	cmp	r2, #8
1000494a:	d903      	bls.n	10004954 <usb_reset_interface_open+0x20>
1000494c:	4b02      	ldr	r3, [pc, #8]	@ (10004958 <usb_reset_interface_open+0x24>)
1000494e:	788a      	ldrb	r2, [r1, #2]
10004950:	3009      	adds	r0, #9
10004952:	701a      	strb	r2, [r3, #0]
10004954:	4770      	bx	lr
10004956:	46c0      	nop			@ (mov r8, r8)
10004958:	20001c42 	.word	0x20001c42

1000495c <usb_reset_interface_xfer_cb>:
1000495c:	2001      	movs	r0, #1
1000495e:	4770      	bx	lr

10004960 <usb_reset_interface_control_xfer_cb>:
10004960:	b510      	push	{r4, lr}
10004962:	2901      	cmp	r1, #1
10004964:	d113      	bne.n	1000498e <usb_reset_interface_control_xfer_cb+0x2e>
10004966:	4915      	ldr	r1, [pc, #84]	@ (100049bc <usb_reset_interface_control_xfer_cb+0x5c>)
10004968:	7953      	ldrb	r3, [r2, #5]
1000496a:	7910      	ldrb	r0, [r2, #4]
1000496c:	7809      	ldrb	r1, [r1, #0]
1000496e:	021b      	lsls	r3, r3, #8
10004970:	4303      	orrs	r3, r0
10004972:	2000      	movs	r0, #0
10004974:	4299      	cmp	r1, r3
10004976:	d000      	beq.n	1000497a <usb_reset_interface_control_xfer_cb+0x1a>
10004978:	bd10      	pop	{r4, pc}
1000497a:	7853      	ldrb	r3, [r2, #1]
1000497c:	2b01      	cmp	r3, #1
1000497e:	d008      	beq.n	10004992 <usb_reset_interface_control_xfer_cb+0x32>
10004980:	2b02      	cmp	r3, #2
10004982:	d1f9      	bne.n	10004978 <usb_reset_interface_control_xfer_cb+0x18>
10004984:	2264      	movs	r2, #100	@ 0x64
10004986:	2100      	movs	r1, #0
10004988:	2000      	movs	r0, #0
1000498a:	f7fc fdc3 	bl	10001514 <watchdog_reboot>
1000498e:	2001      	movs	r0, #1
10004990:	e7f2      	b.n	10004978 <usb_reset_interface_control_xfer_cb+0x18>
10004992:	78d1      	ldrb	r1, [r2, #3]
10004994:	7893      	ldrb	r3, [r2, #2]
10004996:	0209      	lsls	r1, r1, #8
10004998:	4319      	orrs	r1, r3
1000499a:	2380      	movs	r3, #128	@ 0x80
1000499c:	000a      	movs	r2, r1
1000499e:	005b      	lsls	r3, r3, #1
100049a0:	401a      	ands	r2, r3
100049a2:	4219      	tst	r1, r3
100049a4:	d006      	beq.n	100049b4 <usb_reset_interface_control_xfer_cb+0x54>
100049a6:	060a      	lsls	r2, r1, #24
100049a8:	0fd2      	lsrs	r2, r2, #31
100049aa:	0a48      	lsrs	r0, r1, #9
100049ac:	2303      	movs	r3, #3
100049ae:	4019      	ands	r1, r3
100049b0:	f7fc fe38 	bl	10001624 <rom_reset_usb_boot_extra>
100049b4:	2001      	movs	r0, #1
100049b6:	4240      	negs	r0, r0
100049b8:	e7f8      	b.n	100049ac <usb_reset_interface_control_xfer_cb+0x4c>
100049ba:	46c0      	nop			@ (mov r8, r8)
100049bc:	20001c42 	.word	0x20001c42

100049c0 <tud_descriptor_bos_cb>:
100049c0:	4800      	ldr	r0, [pc, #0]	@ (100049c4 <tud_descriptor_bos_cb+0x4>)
100049c2:	4770      	bx	lr
100049c4:	10006bf0 	.word	0x10006bf0

100049c8 <tud_vendor_control_xfer_cb>:
100049c8:	4694      	mov	ip, r2
100049ca:	2301      	movs	r3, #1
100049cc:	b510      	push	{r4, lr}
100049ce:	2901      	cmp	r1, #1
100049d0:	d10a      	bne.n	100049e8 <tud_vendor_control_xfer_cb+0x20>
100049d2:	7852      	ldrb	r2, [r2, #1]
100049d4:	2300      	movs	r3, #0
100049d6:	2a01      	cmp	r2, #1
100049d8:	d106      	bne.n	100049e8 <tud_vendor_control_xfer_cb+0x20>
100049da:	4662      	mov	r2, ip
100049dc:	7911      	ldrb	r1, [r2, #4]
100049de:	7952      	ldrb	r2, [r2, #5]
100049e0:	0212      	lsls	r2, r2, #8
100049e2:	430a      	orrs	r2, r1
100049e4:	2a07      	cmp	r2, #7
100049e6:	d001      	beq.n	100049ec <tud_vendor_control_xfer_cb+0x24>
100049e8:	0018      	movs	r0, r3
100049ea:	bd10      	pop	{r4, pc}
100049ec:	33a6      	adds	r3, #166	@ 0xa6
100049ee:	4661      	mov	r1, ip
100049f0:	4a02      	ldr	r2, [pc, #8]	@ (100049fc <tud_vendor_control_xfer_cb+0x34>)
100049f2:	f000 feeb 	bl	100057cc <tud_control_xfer>
100049f6:	0003      	movs	r3, r0
100049f8:	e7f6      	b.n	100049e8 <tud_vendor_control_xfer_cb+0x20>
100049fa:	46c0      	nop			@ (mov r8, r8)
100049fc:	10006b48 	.word	0x10006b48

10004a00 <usbd_app_driver_get_cb>:
10004a00:	2301      	movs	r3, #1
10004a02:	7003      	strb	r3, [r0, #0]
10004a04:	4800      	ldr	r0, [pc, #0]	@ (10004a08 <usbd_app_driver_get_cb+0x8>)
10004a06:	4770      	bx	lr
10004a08:	10006c14 	.word	0x10006c14

10004a0c <tud_cdc_line_coding_cb>:
10004a0c:	784b      	ldrb	r3, [r1, #1]
10004a0e:	780a      	ldrb	r2, [r1, #0]
10004a10:	021b      	lsls	r3, r3, #8
10004a12:	4313      	orrs	r3, r2
10004a14:	788a      	ldrb	r2, [r1, #2]
10004a16:	b510      	push	{r4, lr}
10004a18:	0412      	lsls	r2, r2, #16
10004a1a:	431a      	orrs	r2, r3
10004a1c:	78cb      	ldrb	r3, [r1, #3]
10004a1e:	061b      	lsls	r3, r3, #24
10004a20:	4313      	orrs	r3, r2
10004a22:	2296      	movs	r2, #150	@ 0x96
10004a24:	00d2      	lsls	r2, r2, #3
10004a26:	4293      	cmp	r3, r2
10004a28:	d000      	beq.n	10004a2c <tud_cdc_line_coding_cb+0x20>
10004a2a:	bd10      	pop	{r4, pc}
10004a2c:	2200      	movs	r2, #0
10004a2e:	2001      	movs	r0, #1
10004a30:	0011      	movs	r1, r2
10004a32:	4240      	negs	r0, r0
10004a34:	f7fc fdf6 	bl	10001624 <rom_reset_usb_boot_extra>

10004a38 <dcd_init>:
10004a38:	b5f8      	push	{r3, r4, r5, r6, r7, lr}
10004a3a:	f000 f93b 	bl	10004cb4 <rp2040_usb_init>
10004a3e:	230c      	movs	r3, #12
10004a40:	4d19      	ldr	r5, [pc, #100]	@ (10004aa8 <dcd_init+0x70>)
10004a42:	22ff      	movs	r2, #255	@ 0xff
10004a44:	67ab      	str	r3, [r5, #120]	@ 0x78
10004a46:	2005      	movs	r0, #5
10004a48:	4918      	ldr	r1, [pc, #96]	@ (10004aac <dcd_init+0x74>)
10004a4a:	f7fb fdfb 	bl	10000644 <irq_add_shared_handler>
10004a4e:	4c18      	ldr	r4, [pc, #96]	@ (10004ab0 <dcd_init+0x78>)
10004a50:	2240      	movs	r2, #64	@ 0x40
10004a52:	2100      	movs	r1, #0
10004a54:	0020      	movs	r0, r4
10004a56:	f7fd fdef 	bl	10002638 <__wrap_memset>
10004a5a:	2740      	movs	r7, #64	@ 0x40
10004a5c:	2300      	movs	r3, #0
10004a5e:	2601      	movs	r6, #1
10004a60:	2121      	movs	r1, #33	@ 0x21
10004a62:	4a14      	ldr	r2, [pc, #80]	@ (10004ab4 <dcd_init+0x7c>)
10004a64:	7066      	strb	r6, [r4, #1]
10004a66:	8327      	strh	r7, [r4, #24]
10004a68:	60a2      	str	r2, [r4, #8]
10004a6a:	6013      	str	r3, [r2, #0]
10004a6c:	5463      	strb	r3, [r4, r1]
10004a6e:	315f      	adds	r1, #95	@ 0x5f
10004a70:	8461      	strh	r1, [r4, #34]	@ 0x22
10004a72:	3945      	subs	r1, #69	@ 0x45
10004a74:	5463      	strb	r3, [r4, r1]
10004a76:	4a10      	ldr	r2, [pc, #64]	@ (10004ab8 <dcd_init+0x80>)
10004a78:	4910      	ldr	r1, [pc, #64]	@ (10004abc <dcd_init+0x84>)
10004a7a:	6063      	str	r3, [r4, #4]
10004a7c:	60e2      	str	r2, [r4, #12]
10004a7e:	8727      	strh	r7, [r4, #56]	@ 0x38
10004a80:	62a1      	str	r1, [r4, #40]	@ 0x28
10004a82:	600b      	str	r3, [r1, #0]
10004a84:	6263      	str	r3, [r4, #36]	@ 0x24
10004a86:	62e2      	str	r2, [r4, #44]	@ 0x2c
10004a88:	f001 fdf6 	bl	10006678 <__reset_non_control_endpoints_veneer>
10004a8c:	2380      	movs	r3, #128	@ 0x80
10004a8e:	059b      	lsls	r3, r3, #22
10004a90:	642e      	str	r6, [r5, #64]	@ 0x40
10004a92:	64eb      	str	r3, [r5, #76]	@ 0x4c
10004a94:	2390      	movs	r3, #144	@ 0x90
10004a96:	4a0a      	ldr	r2, [pc, #40]	@ (10004ac0 <dcd_init+0x88>)
10004a98:	2001      	movs	r0, #1
10004a9a:	50ea      	str	r2, [r5, r3]
10004a9c:	2280      	movs	r2, #128	@ 0x80
10004a9e:	4b09      	ldr	r3, [pc, #36]	@ (10004ac4 <dcd_init+0x8c>)
10004aa0:	0252      	lsls	r2, r2, #9
10004aa2:	64da      	str	r2, [r3, #76]	@ 0x4c
10004aa4:	bdf8      	pop	{r3, r4, r5, r6, r7, pc}
10004aa6:	46c0      	nop			@ (mov r8, r8)
10004aa8:	50110000 	.word	0x50110000
10004aac:	200004c1 	.word	0x200004c1
10004ab0:	200017f0 	.word	0x200017f0
10004ab4:	50100084 	.word	0x50100084
10004ab8:	50100100 	.word	0x50100100
10004abc:	50100080 	.word	0x50100080
10004ac0:	0001d010 	.word	0x0001d010
10004ac4:	50112000 	.word	0x50112000

10004ac8 <dcd_int_enable>:
10004ac8:	b510      	push	{r4, lr}
10004aca:	2101      	movs	r1, #1
10004acc:	2005      	movs	r0, #5
10004ace:	f7fb fd59 	bl	10000584 <irq_set_enabled>
10004ad2:	bd10      	pop	{r4, pc}

10004ad4 <dcd_set_address>:
10004ad4:	b510      	push	{r4, lr}
10004ad6:	2200      	movs	r2, #0
10004ad8:	2100      	movs	r1, #0
10004ada:	4802      	ldr	r0, [pc, #8]	@ (10004ae4 <dcd_set_address+0x10>)
10004adc:	f000 f90a 	bl	10004cf4 <hw_endpoint_xfer_start>
10004ae0:	bd10      	pop	{r4, pc}
10004ae2:	46c0      	nop			@ (mov r8, r8)
10004ae4:	20001810 	.word	0x20001810

10004ae8 <dcd_sof_enable>:
10004ae8:	4b04      	ldr	r3, [pc, #16]	@ (10004afc <dcd_sof_enable+0x14>)
10004aea:	7019      	strb	r1, [r3, #0]
10004aec:	2900      	cmp	r1, #0
10004aee:	d004      	beq.n	10004afa <dcd_sof_enable+0x12>
10004af0:	2180      	movs	r1, #128	@ 0x80
10004af2:	2390      	movs	r3, #144	@ 0x90
10004af4:	4a02      	ldr	r2, [pc, #8]	@ (10004b00 <dcd_sof_enable+0x18>)
10004af6:	0289      	lsls	r1, r1, #10
10004af8:	50d1      	str	r1, [r2, r3]
10004afa:	4770      	bx	lr
10004afc:	20001c3e 	.word	0x20001c3e
10004b00:	50112000 	.word	0x50112000

10004b04 <dcd_edpt0_status_complete>:
10004b04:	780b      	ldrb	r3, [r1, #0]
10004b06:	065b      	lsls	r3, r3, #25
10004b08:	d000      	beq.n	10004b0c <dcd_edpt0_status_complete+0x8>
10004b0a:	4770      	bx	lr
10004b0c:	784b      	ldrb	r3, [r1, #1]
10004b0e:	2b05      	cmp	r3, #5
10004b10:	d1fb      	bne.n	10004b0a <dcd_edpt0_status_complete+0x6>
10004b12:	788a      	ldrb	r2, [r1, #2]
10004b14:	4b01      	ldr	r3, [pc, #4]	@ (10004b1c <dcd_edpt0_status_complete+0x18>)
10004b16:	601a      	str	r2, [r3, #0]
10004b18:	e7f7      	b.n	10004b0a <dcd_edpt0_status_complete+0x6>
10004b1a:	46c0      	nop			@ (mov r8, r8)
10004b1c:	50110000 	.word	0x50110000

10004b20 <dcd_edpt_open>:
10004b20:	b5f8      	push	{r3, r4, r5, r6, r7, lr}
10004b22:	46ce      	mov	lr, r9
10004b24:	4647      	mov	r7, r8
10004b26:	78cb      	ldrb	r3, [r1, #3]
10004b28:	b580      	push	{r7, lr}
10004b2a:	079b      	lsls	r3, r3, #30
10004b2c:	0f9a      	lsrs	r2, r3, #30
10004b2e:	0010      	movs	r0, r2
10004b30:	2a01      	cmp	r2, #1
10004b32:	d058      	beq.n	10004be6 <dcd_edpt_open+0xc6>
10004b34:	788c      	ldrb	r4, [r1, #2]
10004b36:	790a      	ldrb	r2, [r1, #4]
10004b38:	794b      	ldrb	r3, [r1, #5]
10004b3a:	217f      	movs	r1, #127	@ 0x7f
10004b3c:	021b      	lsls	r3, r3, #8
10004b3e:	4021      	ands	r1, r4
10004b40:	09e5      	lsrs	r5, r4, #7
10004b42:	4313      	orrs	r3, r2
10004b44:	004a      	lsls	r2, r1, #1
10004b46:	4691      	mov	r9, r2
10004b48:	4e2c      	ldr	r6, [pc, #176]	@ (10004bfc <dcd_edpt_open+0xdc>)
10004b4a:	1952      	adds	r2, r2, r5
10004b4c:	0152      	lsls	r2, r2, #5
10004b4e:	18b2      	adds	r2, r6, r2
10004b50:	7094      	strb	r4, [r2, #2]
10004b52:	2401      	movs	r4, #1
10004b54:	406c      	eors	r4, r5
10004b56:	7054      	strb	r4, [r2, #1]
10004b58:	2400      	movs	r4, #0
10004b5a:	055b      	lsls	r3, r3, #21
10004b5c:	0d5b      	lsrs	r3, r3, #21
10004b5e:	70d4      	strb	r4, [r2, #3]
10004b60:	8313      	strh	r3, [r2, #24]
10004b62:	76d0      	strb	r0, [r2, #27]
10004b64:	00ca      	lsls	r2, r1, #3
10004b66:	2d01      	cmp	r5, #1
10004b68:	d02c      	beq.n	10004bc4 <dcd_edpt_open+0xa4>
10004b6a:	4f25      	ldr	r7, [pc, #148]	@ (10004c00 <dcd_edpt_open+0xe0>)
10004b6c:	19d2      	adds	r2, r2, r7
10004b6e:	018f      	lsls	r7, r1, #6
10004b70:	46bc      	mov	ip, r7
10004b72:	44b4      	add	ip, r6
10004b74:	4667      	mov	r7, ip
10004b76:	60ba      	str	r2, [r7, #8]
10004b78:	6014      	str	r4, [r2, #0]
10004b7a:	2900      	cmp	r1, #0
10004b7c:	d02c      	beq.n	10004bd8 <dcd_edpt_open+0xb8>
10004b7e:	4a21      	ldr	r2, [pc, #132]	@ (10004c04 <dcd_edpt_open+0xe4>)
10004b80:	00c9      	lsls	r1, r1, #3
10004b82:	1889      	adds	r1, r1, r2
10004b84:	6079      	str	r1, [r7, #4]
10004b86:	333f      	adds	r3, #63	@ 0x3f
10004b88:	099b      	lsrs	r3, r3, #6
10004b8a:	2802      	cmp	r0, #2
10004b8c:	d032      	beq.n	10004bf4 <dcd_edpt_open+0xd4>
10004b8e:	019a      	lsls	r2, r3, #6
10004b90:	464b      	mov	r3, r9
10004b92:	4c1d      	ldr	r4, [pc, #116]	@ (10004c08 <dcd_edpt_open+0xe8>)
10004b94:	195b      	adds	r3, r3, r5
10004b96:	6821      	ldr	r1, [r4, #0]
10004b98:	015b      	lsls	r3, r3, #5
10004b9a:	18f6      	adds	r6, r6, r3
10004b9c:	4b1b      	ldr	r3, [pc, #108]	@ (10004c0c <dcd_edpt_open+0xec>)
10004b9e:	188a      	adds	r2, r1, r2
10004ba0:	60f1      	str	r1, [r6, #12]
10004ba2:	6022      	str	r2, [r4, #0]
10004ba4:	429a      	cmp	r2, r3
10004ba6:	d827      	bhi.n	10004bf8 <dcd_edpt_open+0xd8>
10004ba8:	4a19      	ldr	r2, [pc, #100]	@ (10004c10 <dcd_edpt_open+0xf0>)
10004baa:	0683      	lsls	r3, r0, #26
10004bac:	404a      	eors	r2, r1
10004bae:	4313      	orrs	r3, r2
10004bb0:	2280      	movs	r2, #128	@ 0x80
10004bb2:	0612      	lsls	r2, r2, #24
10004bb4:	4313      	orrs	r3, r2
10004bb6:	6872      	ldr	r2, [r6, #4]
10004bb8:	6013      	str	r3, [r2, #0]
10004bba:	2001      	movs	r0, #1
10004bbc:	bcc0      	pop	{r6, r7}
10004bbe:	46b9      	mov	r9, r7
10004bc0:	46b0      	mov	r8, r6
10004bc2:	bdf8      	pop	{r3, r4, r5, r6, r7, pc}
10004bc4:	4f13      	ldr	r7, [pc, #76]	@ (10004c14 <dcd_edpt_open+0xf4>)
10004bc6:	19d2      	adds	r2, r2, r7
10004bc8:	018f      	lsls	r7, r1, #6
10004bca:	46bc      	mov	ip, r7
10004bcc:	44b4      	add	ip, r6
10004bce:	4667      	mov	r7, ip
10004bd0:	62ba      	str	r2, [r7, #40]	@ 0x28
10004bd2:	6014      	str	r4, [r2, #0]
10004bd4:	2900      	cmp	r1, #0
10004bd6:	d108      	bne.n	10004bea <dcd_edpt_open+0xca>
10004bd8:	2300      	movs	r3, #0
10004bda:	016d      	lsls	r5, r5, #5
10004bdc:	1975      	adds	r5, r6, r5
10004bde:	606b      	str	r3, [r5, #4]
10004be0:	4b0d      	ldr	r3, [pc, #52]	@ (10004c18 <dcd_edpt_open+0xf8>)
10004be2:	60eb      	str	r3, [r5, #12]
10004be4:	e7e9      	b.n	10004bba <dcd_edpt_open+0x9a>
10004be6:	2000      	movs	r0, #0
10004be8:	e7e8      	b.n	10004bbc <dcd_edpt_open+0x9c>
10004bea:	4a09      	ldr	r2, [pc, #36]	@ (10004c10 <dcd_edpt_open+0xf0>)
10004bec:	00c9      	lsls	r1, r1, #3
10004bee:	1889      	adds	r1, r1, r2
10004bf0:	6279      	str	r1, [r7, #36]	@ 0x24
10004bf2:	e7c8      	b.n	10004b86 <dcd_edpt_open+0x66>
10004bf4:	01da      	lsls	r2, r3, #7
10004bf6:	e7cb      	b.n	10004b90 <dcd_edpt_open+0x70>
10004bf8:	f7fc fd3c 	bl	10001674 <hard_assertion_failure>
10004bfc:	200017f0 	.word	0x200017f0
10004c00:	50100084 	.word	0x50100084
10004c04:	50100004 	.word	0x50100004
10004c08:	20001bf8 	.word	0x20001bf8
10004c0c:	50100fff 	.word	0x50100fff
10004c10:	50100000 	.word	0x50100000
10004c14:	50100080 	.word	0x50100080
10004c18:	50100100 	.word	0x50100100

10004c1c <dcd_edpt_close_all>:
10004c1c:	b510      	push	{r4, lr}
10004c1e:	f001 fd2b 	bl	10006678 <__reset_non_control_endpoints_veneer>
10004c22:	bd10      	pop	{r4, pc}

10004c24 <dcd_edpt_xfer>:
10004c24:	207f      	movs	r0, #127	@ 0x7f
10004c26:	b510      	push	{r4, lr}
10004c28:	4008      	ands	r0, r1
10004c2a:	0040      	lsls	r0, r0, #1
10004c2c:	09c9      	lsrs	r1, r1, #7
10004c2e:	1840      	adds	r0, r0, r1
10004c30:	0011      	movs	r1, r2
10004c32:	4a04      	ldr	r2, [pc, #16]	@ (10004c44 <dcd_edpt_xfer+0x20>)
10004c34:	0140      	lsls	r0, r0, #5
10004c36:	1880      	adds	r0, r0, r2
10004c38:	001a      	movs	r2, r3
10004c3a:	f000 f85b 	bl	10004cf4 <hw_endpoint_xfer_start>
10004c3e:	2001      	movs	r0, #1
10004c40:	bd10      	pop	{r4, pc}
10004c42:	46c0      	nop			@ (mov r8, r8)
10004c44:	200017f0 	.word	0x200017f0

10004c48 <dcd_edpt_stall>:
10004c48:	237f      	movs	r3, #127	@ 0x7f
10004c4a:	0018      	movs	r0, r3
10004c4c:	b500      	push	{lr}
10004c4e:	4008      	ands	r0, r1
10004c50:	b083      	sub	sp, #12
10004c52:	420b      	tst	r3, r1
10004c54:	d104      	bne.n	10004c60 <dcd_edpt_stall+0x18>
10004c56:	424b      	negs	r3, r1
10004c58:	414b      	adcs	r3, r1
10004c5a:	4a08      	ldr	r2, [pc, #32]	@ (10004c7c <dcd_edpt_stall+0x34>)
10004c5c:	3301      	adds	r3, #1
10004c5e:	6693      	str	r3, [r2, #104]	@ 0x68
10004c60:	2280      	movs	r2, #128	@ 0x80
10004c62:	09c9      	lsrs	r1, r1, #7
10004c64:	0040      	lsls	r0, r0, #1
10004c66:	4b06      	ldr	r3, [pc, #24]	@ (10004c80 <dcd_edpt_stall+0x38>)
10004c68:	1840      	adds	r0, r0, r1
10004c6a:	0140      	lsls	r0, r0, #5
10004c6c:	2100      	movs	r1, #0
10004c6e:	18c0      	adds	r0, r0, r3
10004c70:	0112      	lsls	r2, r2, #4
10004c72:	f001 fcc9 	bl	10006608 <___hw_endpoint_buffer_control_update32_veneer>
10004c76:	b003      	add	sp, #12
10004c78:	bd00      	pop	{pc}
10004c7a:	46c0      	nop			@ (mov r8, r8)
10004c7c:	50112000 	.word	0x50112000
10004c80:	200017f0 	.word	0x200017f0

10004c84 <dcd_edpt_clear_stall>:
10004c84:	227f      	movs	r2, #127	@ 0x7f
10004c86:	0013      	movs	r3, r2
10004c88:	b510      	push	{r4, lr}
10004c8a:	400b      	ands	r3, r1
10004c8c:	420a      	tst	r2, r1
10004c8e:	d100      	bne.n	10004c92 <dcd_edpt_clear_stall+0xe>
10004c90:	bd10      	pop	{r4, pc}
10004c92:	09c9      	lsrs	r1, r1, #7
10004c94:	005b      	lsls	r3, r3, #1
10004c96:	185b      	adds	r3, r3, r1
10004c98:	4804      	ldr	r0, [pc, #16]	@ (10004cac <dcd_edpt_clear_stall+0x28>)
10004c9a:	015b      	lsls	r3, r3, #5
10004c9c:	18c0      	adds	r0, r0, r3
10004c9e:	2300      	movs	r3, #0
10004ca0:	2200      	movs	r2, #0
10004ca2:	4903      	ldr	r1, [pc, #12]	@ (10004cb0 <dcd_edpt_clear_stall+0x2c>)
10004ca4:	70c3      	strb	r3, [r0, #3]
10004ca6:	f001 fcaf 	bl	10006608 <___hw_endpoint_buffer_control_update32_veneer>
10004caa:	e7f1      	b.n	10004c90 <dcd_edpt_clear_stall+0xc>
10004cac:	200017f0 	.word	0x200017f0
10004cb0:	fffff7ff 	.word	0xfffff7ff

10004cb4 <rp2040_usb_init>:
10004cb4:	2280      	movs	r2, #128	@ 0x80
10004cb6:	4b0a      	ldr	r3, [pc, #40]	@ (10004ce0 <rp2040_usb_init+0x2c>)
10004cb8:	0452      	lsls	r2, r2, #17
10004cba:	b510      	push	{r4, lr}
10004cbc:	601a      	str	r2, [r3, #0]
10004cbe:	4b09      	ldr	r3, [pc, #36]	@ (10004ce4 <rp2040_usb_init+0x30>)
10004cc0:	4909      	ldr	r1, [pc, #36]	@ (10004ce8 <rp2040_usb_init+0x34>)
10004cc2:	601a      	str	r2, [r3, #0]
10004cc4:	0010      	movs	r0, r2
10004cc6:	680b      	ldr	r3, [r1, #0]
10004cc8:	4398      	bics	r0, r3
10004cca:	d1fb      	bne.n	10004cc4 <rp2040_usb_init+0x10>
10004ccc:	2280      	movs	r2, #128	@ 0x80
10004cce:	2100      	movs	r1, #0
10004cd0:	0152      	lsls	r2, r2, #5
10004cd2:	4806      	ldr	r0, [pc, #24]	@ (10004cec <rp2040_usb_init+0x38>)
10004cd4:	f7fd fcb0 	bl	10002638 <__wrap_memset>
10004cd8:	2209      	movs	r2, #9
10004cda:	4b05      	ldr	r3, [pc, #20]	@ (10004cf0 <rp2040_usb_init+0x3c>)
10004cdc:	675a      	str	r2, [r3, #116]	@ 0x74
10004cde:	bd10      	pop	{r4, pc}
10004ce0:	4000e000 	.word	0x4000e000
10004ce4:	4000f000 	.word	0x4000f000
10004ce8:	4000c008 	.word	0x4000c008
10004cec:	50100000 	.word	0x50100000
10004cf0:	50110000 	.word	0x50110000

10004cf4 <hw_endpoint_xfer_start>:
10004cf4:	2300      	movs	r3, #0
10004cf6:	b510      	push	{r4, lr}
10004cf8:	82c3      	strh	r3, [r0, #22]
10004cfa:	3301      	adds	r3, #1
10004cfc:	8282      	strh	r2, [r0, #20]
10004cfe:	7683      	strb	r3, [r0, #26]
10004d00:	6101      	str	r1, [r0, #16]
10004d02:	0004      	movs	r4, r0
10004d04:	f001 fca0 	bl	10006648 <__e15_is_bulkin_ep_veneer>
10004d08:	2800      	cmp	r0, #0
10004d0a:	d004      	beq.n	10004d16 <hw_endpoint_xfer_start+0x22>
10004d0c:	2180      	movs	r1, #128	@ 0x80
10004d0e:	2390      	movs	r3, #144	@ 0x90
10004d10:	4a07      	ldr	r2, [pc, #28]	@ (10004d30 <hw_endpoint_xfer_start+0x3c>)
10004d12:	0289      	lsls	r1, r1, #10
10004d14:	50d1      	str	r1, [r2, r3]
10004d16:	0020      	movs	r0, r4
10004d18:	f001 fc7e 	bl	10006618 <__e15_is_critical_frame_period_veneer>
10004d1c:	2800      	cmp	r0, #0
10004d1e:	d002      	beq.n	10004d26 <hw_endpoint_xfer_start+0x32>
10004d20:	2301      	movs	r3, #1
10004d22:	7723      	strb	r3, [r4, #28]
10004d24:	bd10      	pop	{r4, pc}
10004d26:	0020      	movs	r0, r4
10004d28:	f001 fc56 	bl	100065d8 <__hw_endpoint_start_next_buffer_veneer>
10004d2c:	e7fa      	b.n	10004d24 <hw_endpoint_xfer_start+0x30>
10004d2e:	46c0      	nop			@ (mov r8, r8)
10004d30:	50112000 	.word	0x50112000

10004d34 <tud_event_hook_cb>:
10004d34:	4770      	bx	lr
10004d36:	46c0      	nop			@ (mov r8, r8)

10004d38 <tud_sof_cb>:
10004d38:	4770      	bx	lr
10004d3a:	46c0      	nop			@ (mov r8, r8)

10004d3c <tud_descriptor_device_qualifier_cb>:
10004d3c:	2000      	movs	r0, #0
10004d3e:	4770      	bx	lr

10004d40 <tud_descriptor_other_speed_configuration_cb>:
10004d40:	2000      	movs	r0, #0
10004d42:	4770      	bx	lr

10004d44 <tud_mount_cb>:
10004d44:	4770      	bx	lr
10004d46:	46c0      	nop			@ (mov r8, r8)

10004d48 <tud_umount_cb>:
10004d48:	4770      	bx	lr
10004d4a:	46c0      	nop			@ (mov r8, r8)

10004d4c <tud_suspend_cb>:
10004d4c:	4770      	bx	lr
10004d4e:	46c0      	nop			@ (mov r8, r8)

10004d50 <tud_resume_cb>:
10004d50:	4770      	bx	lr
10004d52:	46c0      	nop			@ (mov r8, r8)

10004d54 <tud_mounted>:
10004d54:	4b02      	ldr	r3, [pc, #8]	@ (10004d60 <tud_mounted+0xc>)
10004d56:	7858      	ldrb	r0, [r3, #1]
10004d58:	1e43      	subs	r3, r0, #1
10004d5a:	4198      	sbcs	r0, r3
10004d5c:	b2c0      	uxtb	r0, r0
10004d5e:	4770      	bx	lr
10004d60:	20001568 	.word	0x20001568

10004d64 <tud_suspended>:
10004d64:	4b02      	ldr	r3, [pc, #8]	@ (10004d70 <tud_suspended+0xc>)
10004d66:	7818      	ldrb	r0, [r3, #0]
10004d68:	0740      	lsls	r0, r0, #29
10004d6a:	0fc0      	lsrs	r0, r0, #31
10004d6c:	4770      	bx	lr
10004d6e:	46c0      	nop			@ (mov r8, r8)
10004d70:	20001568 	.word	0x20001568

10004d74 <tud_rhport_init>:
10004d74:	b5f0      	push	{r4, r5, r6, r7, lr}
10004d76:	46d6      	mov	lr, sl
10004d78:	464f      	mov	r7, r9
10004d7a:	4646      	mov	r6, r8
10004d7c:	b5c0      	push	{r6, r7, lr}
10004d7e:	4b2c      	ldr	r3, [pc, #176]	@ (10004e30 <tud_rhport_init+0xbc>)
10004d80:	4681      	mov	r9, r0
10004d82:	4698      	mov	r8, r3
10004d84:	781b      	ldrb	r3, [r3, #0]
10004d86:	468a      	mov	sl, r1
10004d88:	2bff      	cmp	r3, #255	@ 0xff
10004d8a:	d14b      	bne.n	10004e24 <tud_rhport_init+0xb0>
10004d8c:	2900      	cmp	r1, #0
10004d8e:	d03b      	beq.n	10004e08 <tud_rhport_init+0x94>
10004d90:	2100      	movs	r1, #0
10004d92:	2254      	movs	r2, #84	@ 0x54
10004d94:	4827      	ldr	r0, [pc, #156]	@ (10004e34 <tud_rhport_init+0xc0>)
10004d96:	f7fd fc4f 	bl	10002638 <__wrap_memset>
10004d9a:	2200      	movs	r2, #0
10004d9c:	4c26      	ldr	r4, [pc, #152]	@ (10004e38 <tud_rhport_init+0xc4>)
10004d9e:	4b27      	ldr	r3, [pc, #156]	@ (10004e3c <tud_rhport_init+0xc8>)
10004da0:	0020      	movs	r0, r4
10004da2:	701a      	strb	r2, [r3, #0]
10004da4:	f7fb fdd4 	bl	10000950 <mutex_init>
10004da8:	4b25      	ldr	r3, [pc, #148]	@ (10004e40 <tud_rhport_init+0xcc>)
10004daa:	601c      	str	r4, [r3, #0]
10004dac:	4c25      	ldr	r4, [pc, #148]	@ (10004e44 <tud_rhport_init+0xd0>)
10004dae:	0020      	movs	r0, r4
10004db0:	3c14      	subs	r4, #20
10004db2:	f7fb fddb 	bl	1000096c <critical_section_init>
10004db6:	0020      	movs	r0, r4
10004db8:	f001 fb98 	bl	100064ec <tu_fifo_clear>
10004dbc:	4b22      	ldr	r3, [pc, #136]	@ (10004e48 <tud_rhport_init+0xd4>)
10004dbe:	4d23      	ldr	r5, [pc, #140]	@ (10004e4c <tud_rhport_init+0xd8>)
10004dc0:	601c      	str	r4, [r3, #0]
10004dc2:	4b23      	ldr	r3, [pc, #140]	@ (10004e50 <tud_rhport_init+0xdc>)
10004dc4:	2b00      	cmp	r3, #0
10004dc6:	d004      	beq.n	10004dd2 <tud_rhport_init+0x5e>
10004dc8:	0028      	movs	r0, r5
10004dca:	f7ff fe19 	bl	10004a00 <usbd_app_driver_get_cb>
10004dce:	4b21      	ldr	r3, [pc, #132]	@ (10004e54 <tud_rhport_init+0xe0>)
10004dd0:	6018      	str	r0, [r3, #0]
10004dd2:	2400      	movs	r4, #0
10004dd4:	782b      	ldrb	r3, [r5, #0]
10004dd6:	4f20      	ldr	r7, [pc, #128]	@ (10004e58 <tud_rhport_init+0xe4>)
10004dd8:	4e1e      	ldr	r6, [pc, #120]	@ (10004e54 <tud_rhport_init+0xe0>)
10004dda:	e00d      	b.n	10004df8 <tud_rhport_init+0x84>
10004ddc:	6833      	ldr	r3, [r6, #0]
10004dde:	0162      	lsls	r2, r4, #5
10004de0:	189b      	adds	r3, r3, r2
10004de2:	2b00      	cmp	r3, #0
10004de4:	d010      	beq.n	10004e08 <tud_rhport_init+0x94>
10004de6:	685b      	ldr	r3, [r3, #4]
10004de8:	2b00      	cmp	r3, #0
10004dea:	d00d      	beq.n	10004e08 <tud_rhport_init+0x94>
10004dec:	4798      	blx	r3
10004dee:	3401      	adds	r4, #1
10004df0:	782b      	ldrb	r3, [r5, #0]
10004df2:	b2e4      	uxtb	r4, r4
10004df4:	42a3      	cmp	r3, r4
10004df6:	d309      	bcc.n	10004e0c <tud_rhport_init+0x98>
10004df8:	42a3      	cmp	r3, r4
10004dfa:	d8ef      	bhi.n	10004ddc <tud_rhport_init+0x68>
10004dfc:	1ae3      	subs	r3, r4, r3
10004dfe:	015b      	lsls	r3, r3, #5
10004e00:	19db      	adds	r3, r3, r7
10004e02:	685b      	ldr	r3, [r3, #4]
10004e04:	2b00      	cmp	r3, #0
10004e06:	d1f1      	bne.n	10004dec <tud_rhport_init+0x78>
10004e08:	2000      	movs	r0, #0
10004e0a:	e00c      	b.n	10004e26 <tud_rhport_init+0xb2>
10004e0c:	4642      	mov	r2, r8
10004e0e:	464b      	mov	r3, r9
10004e10:	4651      	mov	r1, sl
10004e12:	4648      	mov	r0, r9
10004e14:	7013      	strb	r3, [r2, #0]
10004e16:	f7ff fe0f 	bl	10004a38 <dcd_init>
10004e1a:	2800      	cmp	r0, #0
10004e1c:	d0f4      	beq.n	10004e08 <tud_rhport_init+0x94>
10004e1e:	4648      	mov	r0, r9
10004e20:	f7ff fe52 	bl	10004ac8 <dcd_int_enable>
10004e24:	2001      	movs	r0, #1
10004e26:	bce0      	pop	{r5, r6, r7}
10004e28:	46ba      	mov	sl, r7
10004e2a:	46b1      	mov	r9, r6
10004e2c:	46a8      	mov	r8, r5
10004e2e:	bdf0      	pop	{r4, r5, r6, r7, pc}
10004e30:	20001024 	.word	0x20001024
10004e34:	20001568 	.word	0x20001568
10004e38:	20001560 	.word	0x20001560
10004e3c:	20001c3f 	.word	0x20001c3f
10004e40:	200015bc 	.word	0x200015bc
10004e44:	2000101c 	.word	0x2000101c
10004e48:	200015c0 	.word	0x200015c0
10004e4c:	20001c3d 	.word	0x20001c3d
10004e50:	10004a01 	.word	0x10004a01
10004e54:	20001480 	.word	0x20001480
10004e58:	10006cdc 	.word	0x10006cdc

10004e5c <tud_task_ext>:
10004e5c:	b5f0      	push	{r4, r5, r6, r7, lr}
10004e5e:	46de      	mov	lr, fp
10004e60:	4657      	mov	r7, sl
10004e62:	464e      	mov	r6, r9
10004e64:	4645      	mov	r5, r8
10004e66:	b5e0      	push	{r5, r6, r7, lr}
10004e68:	4bc8      	ldr	r3, [pc, #800]	@ (1000518c <tud_task_ext+0x330>)
10004e6a:	b091      	sub	sp, #68	@ 0x44
10004e6c:	9303      	str	r3, [sp, #12]
10004e6e:	781b      	ldrb	r3, [r3, #0]
10004e70:	2bff      	cmp	r3, #255	@ 0xff
10004e72:	d100      	bne.n	10004e76 <tud_task_ext+0x1a>
10004e74:	e142      	b.n	100050fc <tud_task_ext+0x2a0>
10004e76:	4bc6      	ldr	r3, [pc, #792]	@ (10005190 <tud_task_ext+0x334>)
10004e78:	4ec6      	ldr	r6, [pc, #792]	@ (10005194 <tud_task_ext+0x338>)
10004e7a:	001f      	movs	r7, r3
10004e7c:	4bc6      	ldr	r3, [pc, #792]	@ (10005198 <tud_task_ext+0x33c>)
10004e7e:	ac0d      	add	r4, sp, #52	@ 0x34
10004e80:	9302      	str	r3, [sp, #8]
10004e82:	4bc6      	ldr	r3, [pc, #792]	@ (1000519c <tud_task_ext+0x340>)
10004e84:	9301      	str	r3, [sp, #4]
10004e86:	6835      	ldr	r5, [r6, #0]
10004e88:	696a      	ldr	r2, [r5, #20]
10004e8a:	f3ef 8110 	mrs	r1, PRIMASK
10004e8e:	b672      	cpsid	i
10004e90:	6813      	ldr	r3, [r2, #0]
10004e92:	2b00      	cmp	r3, #0
10004e94:	d0fc      	beq.n	10004e90 <tud_task_ext+0x34>
10004e96:	f3bf 8f5f 	dmb	sy
10004e9a:	61a9      	str	r1, [r5, #24]
10004e9c:	0028      	movs	r0, r5
10004e9e:	0021      	movs	r1, r4
10004ea0:	f001 f95a 	bl	10006158 <tu_fifo_read>
10004ea4:	696a      	ldr	r2, [r5, #20]
10004ea6:	69ab      	ldr	r3, [r5, #24]
10004ea8:	f3bf 8f5f 	dmb	sy
10004eac:	2100      	movs	r1, #0
10004eae:	6011      	str	r1, [r2, #0]
10004eb0:	f383 8810 	msr	PRIMASK, r3
10004eb4:	2800      	cmp	r0, #0
10004eb6:	d100      	bne.n	10004eba <tud_task_ext+0x5e>
10004eb8:	e120      	b.n	100050fc <tud_task_ext+0x2a0>
10004eba:	7863      	ldrb	r3, [r4, #1]
10004ebc:	2b08      	cmp	r3, #8
10004ebe:	d8e2      	bhi.n	10004e86 <tud_task_ext+0x2a>
10004ec0:	009b      	lsls	r3, r3, #2
10004ec2:	58fb      	ldr	r3, [r7, r3]
10004ec4:	469f      	mov	pc, r3
10004ec6:	6863      	ldr	r3, [r4, #4]
10004ec8:	2b00      	cmp	r3, #0
10004eca:	d0dc      	beq.n	10004e86 <tud_task_ext+0x2a>
10004ecc:	68a0      	ldr	r0, [r4, #8]
10004ece:	4798      	blx	r3
10004ed0:	e7d9      	b.n	10004e86 <tud_task_ext+0x2a>
10004ed2:	227f      	movs	r2, #127	@ 0x7f
10004ed4:	7921      	ldrb	r1, [r4, #4]
10004ed6:	4db0      	ldr	r5, [pc, #704]	@ (10005198 <tud_task_ext+0x33c>)
10004ed8:	400a      	ands	r2, r1
10004eda:	0053      	lsls	r3, r2, #1
10004edc:	18eb      	adds	r3, r5, r3
10004ede:	4698      	mov	r8, r3
10004ee0:	09c8      	lsrs	r0, r1, #7
10004ee2:	4480      	add	r8, r0
10004ee4:	4640      	mov	r0, r8
10004ee6:	2301      	movs	r3, #1
10004ee8:	3030      	adds	r0, #48	@ 0x30
10004eea:	7905      	ldrb	r5, [r0, #4]
10004eec:	439d      	bics	r5, r3
10004eee:	7105      	strb	r5, [r0, #4]
10004ef0:	7905      	ldrb	r5, [r0, #4]
10004ef2:	3303      	adds	r3, #3
10004ef4:	439d      	bics	r5, r3
10004ef6:	7105      	strb	r5, [r0, #4]
10004ef8:	2a00      	cmp	r2, #0
10004efa:	d100      	bne.n	10004efe <tud_task_ext+0xa2>
10004efc:	e105      	b.n	1000510a <tud_task_ext+0x2ae>
10004efe:	4643      	mov	r3, r8
10004f00:	4aa7      	ldr	r2, [pc, #668]	@ (100051a0 <tud_task_ext+0x344>)
10004f02:	7d1b      	ldrb	r3, [r3, #20]
10004f04:	7812      	ldrb	r2, [r2, #0]
10004f06:	4293      	cmp	r3, r2
10004f08:	d300      	bcc.n	10004f0c <tud_task_ext+0xb0>
10004f0a:	e0f5      	b.n	100050f8 <tud_task_ext+0x29c>
10004f0c:	4aa5      	ldr	r2, [pc, #660]	@ (100051a4 <tud_task_ext+0x348>)
10004f0e:	015b      	lsls	r3, r3, #5
10004f10:	6815      	ldr	r5, [r2, #0]
10004f12:	18ed      	adds	r5, r5, r3
10004f14:	2d00      	cmp	r5, #0
10004f16:	d100      	bne.n	10004f1a <tud_task_ext+0xbe>
10004f18:	e0f0      	b.n	100050fc <tud_task_ext+0x2a0>
10004f1a:	68a3      	ldr	r3, [r4, #8]
10004f1c:	7962      	ldrb	r2, [r4, #5]
10004f1e:	7820      	ldrb	r0, [r4, #0]
10004f20:	69ad      	ldr	r5, [r5, #24]
10004f22:	47a8      	blx	r5
10004f24:	e7af      	b.n	10004e86 <tud_task_ext+0x2a>
10004f26:	4ba0      	ldr	r3, [pc, #640]	@ (100051a8 <tud_task_ext+0x34c>)
10004f28:	781a      	ldrb	r2, [r3, #0]
10004f2a:	2a00      	cmp	r2, #0
10004f2c:	d100      	bne.n	10004f30 <tud_task_ext+0xd4>
10004f2e:	e0e5      	b.n	100050fc <tud_task_ext+0x2a0>
10004f30:	781a      	ldrb	r2, [r3, #0]
10004f32:	3a01      	subs	r2, #1
10004f34:	701a      	strb	r2, [r3, #0]
10004f36:	781b      	ldrb	r3, [r3, #0]
10004f38:	2b00      	cmp	r3, #0
10004f3a:	d1a4      	bne.n	10004e86 <tud_task_ext+0x2a>
10004f3c:	2201      	movs	r2, #1
10004f3e:	4d96      	ldr	r5, [pc, #600]	@ (10005198 <tud_task_ext+0x33c>)
10004f40:	2101      	movs	r1, #1
10004f42:	782b      	ldrb	r3, [r5, #0]
10004f44:	2004      	movs	r0, #4
10004f46:	4313      	orrs	r3, r2
10004f48:	702b      	strb	r3, [r5, #0]
10004f4a:	2334      	movs	r3, #52	@ 0x34
10004f4c:	5cea      	ldrb	r2, [r5, r3]
10004f4e:	438a      	bics	r2, r1
10004f50:	54ea      	strb	r2, [r5, r3]
10004f52:	5cea      	ldrb	r2, [r5, r3]
10004f54:	4382      	bics	r2, r0
10004f56:	54ea      	strb	r2, [r5, r3]
10004f58:	3301      	adds	r3, #1
10004f5a:	5cea      	ldrb	r2, [r5, r3]
10004f5c:	438a      	bics	r2, r1
10004f5e:	54ea      	strb	r2, [r5, r3]
10004f60:	5cea      	ldrb	r2, [r5, r3]
10004f62:	4382      	bics	r2, r0
10004f64:	54ea      	strb	r2, [r5, r3]
10004f66:	7823      	ldrb	r3, [r4, #0]
10004f68:	2000      	movs	r0, #0
10004f6a:	469b      	mov	fp, r3
10004f6c:	f000 fc88 	bl	10005880 <usbd_control_set_complete_callback>
10004f70:	2260      	movs	r2, #96	@ 0x60
10004f72:	7923      	ldrb	r3, [r4, #4]
10004f74:	401a      	ands	r2, r3
10004f76:	2a60      	cmp	r2, #96	@ 0x60
10004f78:	d100      	bne.n	10004f7c <tud_task_ext+0x120>
10004f7a:	e0f1      	b.n	10005160 <tud_task_ext+0x304>
10004f7c:	2a40      	cmp	r2, #64	@ 0x40
10004f7e:	d100      	bne.n	10004f82 <tud_task_ext+0x126>
10004f80:	e0f7      	b.n	10005172 <tud_task_ext+0x316>
10004f82:	06db      	lsls	r3, r3, #27
10004f84:	0edb      	lsrs	r3, r3, #27
10004f86:	2b01      	cmp	r3, #1
10004f88:	d100      	bne.n	10004f8c <tud_task_ext+0x130>
10004f8a:	e115      	b.n	100051b8 <tud_task_ext+0x35c>
10004f8c:	2b02      	cmp	r3, #2
10004f8e:	d100      	bne.n	10004f92 <tud_task_ext+0x136>
10004f90:	e0ca      	b.n	10005128 <tud_task_ext+0x2cc>
10004f92:	2b00      	cmp	r3, #0
10004f94:	d000      	beq.n	10004f98 <tud_task_ext+0x13c>
10004f96:	e0e3      	b.n	10005160 <tud_task_ext+0x304>
10004f98:	2a20      	cmp	r2, #32
10004f9a:	d100      	bne.n	10004f9e <tud_task_ext+0x142>
10004f9c:	e211      	b.n	100053c2 <tud_task_ext+0x566>
10004f9e:	2a00      	cmp	r2, #0
10004fa0:	d000      	beq.n	10004fa4 <tud_task_ext+0x148>
10004fa2:	e0dd      	b.n	10005160 <tud_task_ext+0x304>
10004fa4:	7963      	ldrb	r3, [r4, #5]
10004fa6:	2b09      	cmp	r3, #9
10004fa8:	d900      	bls.n	10004fac <tud_task_ext+0x150>
10004faa:	e0d9      	b.n	10005160 <tud_task_ext+0x304>
10004fac:	4a7f      	ldr	r2, [pc, #508]	@ (100051ac <tud_task_ext+0x350>)
10004fae:	009b      	lsls	r3, r3, #2
10004fb0:	58d3      	ldr	r3, [r2, r3]
10004fb2:	469f      	mov	pc, r3
10004fb4:	4d78      	ldr	r5, [pc, #480]	@ (10005198 <tud_task_ext+0x33c>)
10004fb6:	782b      	ldrb	r3, [r5, #0]
10004fb8:	07db      	lsls	r3, r3, #31
10004fba:	d400      	bmi.n	10004fbe <tud_task_ext+0x162>
10004fbc:	e763      	b.n	10004e86 <tud_task_ext+0x2a>
10004fbe:	f7ff fec7 	bl	10004d50 <tud_resume_cb>
10004fc2:	e760      	b.n	10004e86 <tud_task_ext+0x2a>
10004fc4:	9b02      	ldr	r3, [sp, #8]
10004fc6:	78db      	ldrb	r3, [r3, #3]
10004fc8:	07db      	lsls	r3, r3, #31
10004fca:	d400      	bmi.n	10004fce <tud_task_ext+0x172>
10004fcc:	e75b      	b.n	10004e86 <tud_task_ext+0x2a>
10004fce:	6860      	ldr	r0, [r4, #4]
10004fd0:	f7ff feb2 	bl	10004d38 <tud_sof_cb>
10004fd4:	e757      	b.n	10004e86 <tud_task_ext+0x2a>
10004fd6:	4d70      	ldr	r5, [pc, #448]	@ (10005198 <tud_task_ext+0x33c>)
10004fd8:	782b      	ldrb	r3, [r5, #0]
10004fda:	07db      	lsls	r3, r3, #31
10004fdc:	d400      	bmi.n	10004fe0 <tud_task_ext+0x184>
10004fde:	e752      	b.n	10004e86 <tud_task_ext+0x2a>
10004fe0:	7828      	ldrb	r0, [r5, #0]
10004fe2:	0700      	lsls	r0, r0, #28
10004fe4:	0fc0      	lsrs	r0, r0, #31
10004fe6:	f7ff feb1 	bl	10004d4c <tud_suspend_cb>
10004fea:	e74c      	b.n	10004e86 <tud_task_ext+0x2a>
10004fec:	7823      	ldrb	r3, [r4, #0]
10004fee:	4a6b      	ldr	r2, [pc, #428]	@ (1000519c <tud_task_ext+0x340>)
10004ff0:	4699      	mov	r9, r3
10004ff2:	4693      	mov	fp, r2
10004ff4:	4b6a      	ldr	r3, [pc, #424]	@ (100051a0 <tud_task_ext+0x344>)
10004ff6:	4a6b      	ldr	r2, [pc, #428]	@ (100051a4 <tud_task_ext+0x348>)
10004ff8:	4698      	mov	r8, r3
10004ffa:	4692      	mov	sl, r2
10004ffc:	003a      	movs	r2, r7
10004ffe:	2500      	movs	r5, #0
10005000:	4647      	mov	r7, r8
10005002:	781b      	ldrb	r3, [r3, #0]
10005004:	46b0      	mov	r8, r6
10005006:	464e      	mov	r6, r9
10005008:	4691      	mov	r9, r2
1000500a:	e00e      	b.n	1000502a <tud_task_ext+0x1ce>
1000500c:	4653      	mov	r3, sl
1000500e:	681b      	ldr	r3, [r3, #0]
10005010:	016a      	lsls	r2, r5, #5
10005012:	189b      	adds	r3, r3, r2
10005014:	2b00      	cmp	r3, #0
10005016:	d100      	bne.n	1000501a <tud_task_ext+0x1be>
10005018:	e07d      	b.n	10005116 <tud_task_ext+0x2ba>
1000501a:	68db      	ldr	r3, [r3, #12]
1000501c:	0030      	movs	r0, r6
1000501e:	4798      	blx	r3
10005020:	3501      	adds	r5, #1
10005022:	783b      	ldrb	r3, [r7, #0]
10005024:	b2ed      	uxtb	r5, r5
10005026:	42ab      	cmp	r3, r5
10005028:	d30c      	bcc.n	10005044 <tud_task_ext+0x1e8>
1000502a:	42ab      	cmp	r3, r5
1000502c:	d8ee      	bhi.n	1000500c <tud_task_ext+0x1b0>
1000502e:	1aeb      	subs	r3, r5, r3
10005030:	015b      	lsls	r3, r3, #5
10005032:	445b      	add	r3, fp
10005034:	68db      	ldr	r3, [r3, #12]
10005036:	0030      	movs	r0, r6
10005038:	4798      	blx	r3
1000503a:	3501      	adds	r5, #1
1000503c:	783b      	ldrb	r3, [r7, #0]
1000503e:	b2ed      	uxtb	r5, r5
10005040:	42ab      	cmp	r3, r5
10005042:	d2f2      	bcs.n	1000502a <tud_task_ext+0x1ce>
10005044:	4d54      	ldr	r5, [pc, #336]	@ (10005198 <tud_task_ext+0x33c>)
10005046:	2254      	movs	r2, #84	@ 0x54
10005048:	2100      	movs	r1, #0
1000504a:	0028      	movs	r0, r5
1000504c:	f7fd faf4 	bl	10002638 <__wrap_memset>
10005050:	2210      	movs	r2, #16
10005052:	21ff      	movs	r1, #255	@ 0xff
10005054:	1d28      	adds	r0, r5, #4
10005056:	f7fd faef 	bl	10002638 <__wrap_memset>
1000505a:	0028      	movs	r0, r5
1000505c:	2220      	movs	r2, #32
1000505e:	21ff      	movs	r1, #255	@ 0xff
10005060:	3014      	adds	r0, #20
10005062:	4646      	mov	r6, r8
10005064:	464f      	mov	r7, r9
10005066:	f7fd fae7 	bl	10002638 <__wrap_memset>
1000506a:	f000 fbff 	bl	1000586c <usbd_control_reset>
1000506e:	7923      	ldrb	r3, [r4, #4]
10005070:	70ab      	strb	r3, [r5, #2]
10005072:	e708      	b.n	10004e86 <tud_task_ext+0x2a>
10005074:	7823      	ldrb	r3, [r4, #0]
10005076:	4a4b      	ldr	r2, [pc, #300]	@ (100051a4 <tud_task_ext+0x348>)
10005078:	4699      	mov	r9, r3
1000507a:	4b49      	ldr	r3, [pc, #292]	@ (100051a0 <tud_task_ext+0x344>)
1000507c:	4692      	mov	sl, r2
1000507e:	4698      	mov	r8, r3
10005080:	0032      	movs	r2, r6
10005082:	46bb      	mov	fp, r7
10005084:	464e      	mov	r6, r9
10005086:	2500      	movs	r5, #0
10005088:	4647      	mov	r7, r8
1000508a:	4691      	mov	r9, r2
1000508c:	781b      	ldrb	r3, [r3, #0]
1000508e:	e00d      	b.n	100050ac <tud_task_ext+0x250>
10005090:	4653      	mov	r3, sl
10005092:	681b      	ldr	r3, [r3, #0]
10005094:	016a      	lsls	r2, r5, #5
10005096:	189b      	adds	r3, r3, r2
10005098:	2b00      	cmp	r3, #0
1000509a:	d040      	beq.n	1000511e <tud_task_ext+0x2c2>
1000509c:	68db      	ldr	r3, [r3, #12]
1000509e:	0030      	movs	r0, r6
100050a0:	4798      	blx	r3
100050a2:	3501      	adds	r5, #1
100050a4:	783b      	ldrb	r3, [r7, #0]
100050a6:	b2ed      	uxtb	r5, r5
100050a8:	42ab      	cmp	r3, r5
100050aa:	d30d      	bcc.n	100050c8 <tud_task_ext+0x26c>
100050ac:	429d      	cmp	r5, r3
100050ae:	d3ef      	bcc.n	10005090 <tud_task_ext+0x234>
100050b0:	9a01      	ldr	r2, [sp, #4]
100050b2:	1aeb      	subs	r3, r5, r3
100050b4:	015b      	lsls	r3, r3, #5
100050b6:	18d3      	adds	r3, r2, r3
100050b8:	68db      	ldr	r3, [r3, #12]
100050ba:	0030      	movs	r0, r6
100050bc:	4798      	blx	r3
100050be:	3501      	adds	r5, #1
100050c0:	783b      	ldrb	r3, [r7, #0]
100050c2:	b2ed      	uxtb	r5, r5
100050c4:	42ab      	cmp	r3, r5
100050c6:	d2f1      	bcs.n	100050ac <tud_task_ext+0x250>
100050c8:	9d02      	ldr	r5, [sp, #8]
100050ca:	2254      	movs	r2, #84	@ 0x54
100050cc:	2100      	movs	r1, #0
100050ce:	0028      	movs	r0, r5
100050d0:	f7fd fab2 	bl	10002638 <__wrap_memset>
100050d4:	2210      	movs	r2, #16
100050d6:	21ff      	movs	r1, #255	@ 0xff
100050d8:	4835      	ldr	r0, [pc, #212]	@ (100051b0 <tud_task_ext+0x354>)
100050da:	f7fd faad 	bl	10002638 <__wrap_memset>
100050de:	0028      	movs	r0, r5
100050e0:	2220      	movs	r2, #32
100050e2:	21ff      	movs	r1, #255	@ 0xff
100050e4:	3014      	adds	r0, #20
100050e6:	464e      	mov	r6, r9
100050e8:	465f      	mov	r7, fp
100050ea:	f7fd faa5 	bl	10002638 <__wrap_memset>
100050ee:	f000 fbbd 	bl	1000586c <usbd_control_reset>
100050f2:	f7ff fe29 	bl	10004d48 <tud_umount_cb>
100050f6:	e6c6      	b.n	10004e86 <tud_task_ext+0x2a>
100050f8:	4293      	cmp	r3, r2
100050fa:	d013      	beq.n	10005124 <tud_task_ext+0x2c8>
100050fc:	b011      	add	sp, #68	@ 0x44
100050fe:	bcf0      	pop	{r4, r5, r6, r7}
10005100:	46bb      	mov	fp, r7
10005102:	46b2      	mov	sl, r6
10005104:	46a9      	mov	r9, r5
10005106:	46a0      	mov	r8, r4
10005108:	bdf0      	pop	{r4, r5, r6, r7, pc}
1000510a:	68a3      	ldr	r3, [r4, #8]
1000510c:	7962      	ldrb	r2, [r4, #5]
1000510e:	7820      	ldrb	r0, [r4, #0]
10005110:	f000 fbca 	bl	100058a8 <usbd_control_xfer_cb>
10005114:	e6b7      	b.n	10004e86 <tud_task_ext+0x2a>
10005116:	4646      	mov	r6, r8
10005118:	464f      	mov	r7, r9
1000511a:	4d1f      	ldr	r5, [pc, #124]	@ (10005198 <tud_task_ext+0x33c>)
1000511c:	e7a5      	b.n	1000506a <tud_task_ext+0x20e>
1000511e:	464e      	mov	r6, r9
10005120:	465f      	mov	r7, fp
10005122:	e7e4      	b.n	100050ee <tud_task_ext+0x292>
10005124:	4d1d      	ldr	r5, [pc, #116]	@ (1000519c <tud_task_ext+0x340>)
10005126:	e6f8      	b.n	10004f1a <tud_task_ext+0xbe>
10005128:	2370      	movs	r3, #112	@ 0x70
1000512a:	7a21      	ldrb	r1, [r4, #8]
1000512c:	420b      	tst	r3, r1
1000512e:	d117      	bne.n	10005160 <tud_task_ext+0x304>
10005130:	09c8      	lsrs	r0, r1, #7
10005132:	4682      	mov	sl, r0
10005134:	330f      	adds	r3, #15
10005136:	400b      	ands	r3, r1
10005138:	005b      	lsls	r3, r3, #1
1000513a:	4698      	mov	r8, r3
1000513c:	4818      	ldr	r0, [pc, #96]	@ (100051a0 <tud_task_ext+0x344>)
1000513e:	18eb      	adds	r3, r5, r3
10005140:	4453      	add	r3, sl
10005142:	7d1b      	ldrb	r3, [r3, #20]
10005144:	7800      	ldrb	r0, [r0, #0]
10005146:	4283      	cmp	r3, r0
10005148:	d264      	bcs.n	10005214 <tud_task_ext+0x3b8>
1000514a:	4816      	ldr	r0, [pc, #88]	@ (100051a4 <tud_task_ext+0x348>)
1000514c:	015b      	lsls	r3, r3, #5
1000514e:	6800      	ldr	r0, [r0, #0]
10005150:	4681      	mov	r9, r0
10005152:	4499      	add	r9, r3
10005154:	2a00      	cmp	r2, #0
10005156:	d100      	bne.n	1000515a <tud_task_ext+0x2fe>
10005158:	e155      	b.n	10005406 <tud_task_ext+0x5aa>
1000515a:	464b      	mov	r3, r9
1000515c:	2b00      	cmp	r3, #0
1000515e:	d161      	bne.n	10005224 <tud_task_ext+0x3c8>
10005160:	7820      	ldrb	r0, [r4, #0]
10005162:	2100      	movs	r1, #0
10005164:	f7ff fd70 	bl	10004c48 <dcd_edpt_stall>
10005168:	2180      	movs	r1, #128	@ 0x80
1000516a:	7820      	ldrb	r0, [r4, #0]
1000516c:	f7ff fd6c 	bl	10004c48 <dcd_edpt_stall>
10005170:	e689      	b.n	10004e86 <tud_task_ext+0x2a>
10005172:	4810      	ldr	r0, [pc, #64]	@ (100051b4 <tud_task_ext+0x358>)
10005174:	f000 fb84 	bl	10005880 <usbd_control_set_complete_callback>
10005178:	2101      	movs	r1, #1
1000517a:	4658      	mov	r0, fp
1000517c:	aa0e      	add	r2, sp, #56	@ 0x38
1000517e:	f7ff fc23 	bl	100049c8 <tud_vendor_control_xfer_cb>
10005182:	2800      	cmp	r0, #0
10005184:	d000      	beq.n	10005188 <tud_task_ext+0x32c>
10005186:	e67e      	b.n	10004e86 <tud_task_ext+0x2a>
10005188:	e7ea      	b.n	10005160 <tud_task_ext+0x304>
1000518a:	46c0      	nop			@ (mov r8, r8)
1000518c:	20001024 	.word	0x20001024
10005190:	10006c34 	.word	0x10006c34
10005194:	200015c0 	.word	0x200015c0
10005198:	20001568 	.word	0x20001568
1000519c:	10006cdc 	.word	0x10006cdc
100051a0:	20001c3d 	.word	0x20001c3d
100051a4:	20001480 	.word	0x20001480
100051a8:	20001c3f 	.word	0x20001c3f
100051ac:	10006c58 	.word	0x10006c58
100051b0:	2000156c 	.word	0x2000156c
100051b4:	100049c9 	.word	0x100049c9
100051b8:	7a23      	ldrb	r3, [r4, #8]
100051ba:	8922      	ldrh	r2, [r4, #8]
100051bc:	2b0f      	cmp	r3, #15
100051be:	d8cf      	bhi.n	10005160 <tud_task_ext+0x304>
100051c0:	23ff      	movs	r3, #255	@ 0xff
100051c2:	4013      	ands	r3, r2
100051c4:	4ad1      	ldr	r2, [pc, #836]	@ (1000550c <tud_task_ext+0x6b0>)
100051c6:	18eb      	adds	r3, r5, r3
100051c8:	791b      	ldrb	r3, [r3, #4]
100051ca:	7812      	ldrb	r2, [r2, #0]
100051cc:	4293      	cmp	r3, r2
100051ce:	d334      	bcc.n	1000523a <tud_task_ext+0x3de>
100051d0:	d1c6      	bne.n	10005160 <tud_task_ext+0x304>
100051d2:	4dcf      	ldr	r5, [pc, #828]	@ (10005510 <tud_task_ext+0x6b4>)
100051d4:	6968      	ldr	r0, [r5, #20]
100051d6:	f000 fb53 	bl	10005880 <usbd_control_set_complete_callback>
100051da:	2101      	movs	r1, #1
100051dc:	4658      	mov	r0, fp
100051de:	696b      	ldr	r3, [r5, #20]
100051e0:	aa0e      	add	r2, sp, #56	@ 0x38
100051e2:	4798      	blx	r3
100051e4:	2800      	cmp	r0, #0
100051e6:	d000      	beq.n	100051ea <tud_task_ext+0x38e>
100051e8:	e64d      	b.n	10004e86 <tud_task_ext+0x2a>
100051ea:	2260      	movs	r2, #96	@ 0x60
100051ec:	0015      	movs	r5, r2
100051ee:	7923      	ldrb	r3, [r4, #4]
100051f0:	401d      	ands	r5, r3
100051f2:	421a      	tst	r2, r3
100051f4:	d1b4      	bne.n	10005160 <tud_task_ext+0x304>
100051f6:	7963      	ldrb	r3, [r4, #5]
100051f8:	3b0a      	subs	r3, #10
100051fa:	2b01      	cmp	r3, #1
100051fc:	d8b0      	bhi.n	10005160 <tud_task_ext+0x304>
100051fe:	f000 fb3f 	bl	10005880 <usbd_control_set_complete_callback>
10005202:	7963      	ldrb	r3, [r4, #5]
10005204:	2b0a      	cmp	r3, #10
10005206:	d100      	bne.n	1000520a <tud_task_ext+0x3ae>
10005208:	e18a      	b.n	10005520 <tud_task_ext+0x6c4>
1000520a:	4658      	mov	r0, fp
1000520c:	a90e      	add	r1, sp, #56	@ 0x38
1000520e:	f000 fac7 	bl	100057a0 <tud_control_status>
10005212:	e638      	b.n	10004e86 <tud_task_ext+0x2a>
10005214:	4283      	cmp	r3, r0
10005216:	d000      	beq.n	1000521a <tud_task_ext+0x3be>
10005218:	e0f0      	b.n	100053fc <tud_task_ext+0x5a0>
1000521a:	4bbd      	ldr	r3, [pc, #756]	@ (10005510 <tud_task_ext+0x6b4>)
1000521c:	4699      	mov	r9, r3
1000521e:	2a00      	cmp	r2, #0
10005220:	d100      	bne.n	10005224 <tud_task_ext+0x3c8>
10005222:	e0f0      	b.n	10005406 <tud_task_ext+0x5aa>
10005224:	464b      	mov	r3, r9
10005226:	6958      	ldr	r0, [r3, #20]
10005228:	f000 fb2a 	bl	10005880 <usbd_control_set_complete_callback>
1000522c:	464b      	mov	r3, r9
1000522e:	2101      	movs	r1, #1
10005230:	4658      	mov	r0, fp
10005232:	695b      	ldr	r3, [r3, #20]
10005234:	aa0e      	add	r2, sp, #56	@ 0x38
10005236:	4798      	blx	r3
10005238:	e7a3      	b.n	10005182 <tud_task_ext+0x326>
1000523a:	4ab6      	ldr	r2, [pc, #728]	@ (10005514 <tud_task_ext+0x6b8>)
1000523c:	015b      	lsls	r3, r3, #5
1000523e:	6815      	ldr	r5, [r2, #0]
10005240:	18ed      	adds	r5, r5, r3
10005242:	2d00      	cmp	r5, #0
10005244:	d1c6      	bne.n	100051d4 <tud_task_ext+0x378>
10005246:	e78b      	b.n	10005160 <tud_task_ext+0x304>
10005248:	79a3      	ldrb	r3, [r4, #6]
1000524a:	4699      	mov	r9, r3
1000524c:	786b      	ldrb	r3, [r5, #1]
1000524e:	4599      	cmp	r9, r3
10005250:	d0db      	beq.n	1000520a <tud_task_ext+0x3ae>
10005252:	786b      	ldrb	r3, [r5, #1]
10005254:	2b00      	cmp	r3, #0
10005256:	d000      	beq.n	1000525a <tud_task_ext+0x3fe>
10005258:	e12c      	b.n	100054b4 <tud_task_ext+0x658>
1000525a:	464b      	mov	r3, r9
1000525c:	706b      	strb	r3, [r5, #1]
1000525e:	2b00      	cmp	r3, #0
10005260:	d100      	bne.n	10005264 <tud_task_ext+0x408>
10005262:	e124      	b.n	100054ae <tud_task_ext+0x652>
10005264:	4648      	mov	r0, r9
10005266:	3801      	subs	r0, #1
10005268:	b2c0      	uxtb	r0, r0
1000526a:	f7ff fa09 	bl	10004680 <tud_descriptor_configuration_cb>
1000526e:	2800      	cmp	r0, #0
10005270:	d100      	bne.n	10005274 <tud_task_ext+0x418>
10005272:	e174      	b.n	1000555e <tud_task_ext+0x702>
10005274:	7843      	ldrb	r3, [r0, #1]
10005276:	9307      	str	r3, [sp, #28]
10005278:	2b02      	cmp	r3, #2
1000527a:	d000      	beq.n	1000527e <tud_task_ext+0x422>
1000527c:	e16f      	b.n	1000555e <tud_task_ext+0x702>
1000527e:	2201      	movs	r2, #1
10005280:	79c1      	ldrb	r1, [r0, #7]
10005282:	46b1      	mov	r9, r6
10005284:	118b      	asrs	r3, r1, #6
10005286:	1149      	asrs	r1, r1, #5
10005288:	4013      	ands	r3, r2
1000528a:	400a      	ands	r2, r1
1000528c:	2130      	movs	r1, #48	@ 0x30
1000528e:	0112      	lsls	r2, r2, #4
10005290:	015b      	lsls	r3, r3, #5
10005292:	4313      	orrs	r3, r2
10005294:	782a      	ldrb	r2, [r5, #0]
10005296:	46a8      	mov	r8, r5
10005298:	438a      	bics	r2, r1
1000529a:	4313      	orrs	r3, r2
1000529c:	702b      	strb	r3, [r5, #0]
1000529e:	2309      	movs	r3, #9
100052a0:	469a      	mov	sl, r3
100052a2:	4482      	add	sl, r0
100052a4:	4656      	mov	r6, sl
100052a6:	46ba      	mov	sl, r7
100052a8:	78c3      	ldrb	r3, [r0, #3]
100052aa:	7882      	ldrb	r2, [r0, #2]
100052ac:	021b      	lsls	r3, r3, #8
100052ae:	4313      	orrs	r3, r2
100052b0:	18c3      	adds	r3, r0, r3
100052b2:	9305      	str	r3, [sp, #20]
100052b4:	4b95      	ldr	r3, [pc, #596]	@ (1000550c <tud_task_ext+0x6b0>)
100052b6:	9304      	str	r3, [sp, #16]
100052b8:	4b95      	ldr	r3, [pc, #596]	@ (10005510 <tud_task_ext+0x6b4>)
100052ba:	9308      	str	r3, [sp, #32]
100052bc:	4b95      	ldr	r3, [pc, #596]	@ (10005514 <tud_task_ext+0x6b8>)
100052be:	9309      	str	r3, [sp, #36]	@ 0x24
100052c0:	4b95      	ldr	r3, [pc, #596]	@ (10005518 <tud_task_ext+0x6bc>)
100052c2:	930a      	str	r3, [sp, #40]	@ 0x28
100052c4:	9b05      	ldr	r3, [sp, #20]
100052c6:	42b3      	cmp	r3, r6
100052c8:	d800      	bhi.n	100052cc <tud_task_ext+0x470>
100052ca:	e14b      	b.n	10005564 <tud_task_ext+0x708>
100052cc:	7873      	ldrb	r3, [r6, #1]
100052ce:	2201      	movs	r2, #1
100052d0:	2b0b      	cmp	r3, #11
100052d2:	d103      	bne.n	100052dc <tud_task_ext+0x480>
100052d4:	7833      	ldrb	r3, [r6, #0]
100052d6:	78f2      	ldrb	r2, [r6, #3]
100052d8:	18f6      	adds	r6, r6, r3
100052da:	7873      	ldrb	r3, [r6, #1]
100052dc:	2b04      	cmp	r3, #4
100052de:	d000      	beq.n	100052e2 <tud_task_ext+0x486>
100052e0:	e13a      	b.n	10005558 <tud_task_ext+0x6fc>
100052e2:	9b05      	ldr	r3, [sp, #20]
100052e4:	2700      	movs	r7, #0
100052e6:	1b9b      	subs	r3, r3, r6
100052e8:	b29b      	uxth	r3, r3
100052ea:	9306      	str	r3, [sp, #24]
100052ec:	9b04      	ldr	r3, [sp, #16]
100052ee:	920b      	str	r2, [sp, #44]	@ 0x2c
100052f0:	781d      	ldrb	r5, [r3, #0]
100052f2:	e019      	b.n	10005328 <tud_task_ext+0x4cc>
100052f4:	9a09      	ldr	r2, [sp, #36]	@ 0x24
100052f6:	017b      	lsls	r3, r7, #5
100052f8:	6815      	ldr	r5, [r2, #0]
100052fa:	18ed      	adds	r5, r5, r3
100052fc:	2d00      	cmp	r5, #0
100052fe:	d100      	bne.n	10005302 <tud_task_ext+0x4a6>
10005300:	e12a      	b.n	10005558 <tud_task_ext+0x6fc>
10005302:	0031      	movs	r1, r6
10005304:	4658      	mov	r0, fp
10005306:	692b      	ldr	r3, [r5, #16]
10005308:	9a06      	ldr	r2, [sp, #24]
1000530a:	4798      	blx	r3
1000530c:	4684      	mov	ip, r0
1000530e:	2808      	cmp	r0, #8
10005310:	d903      	bls.n	1000531a <tud_task_ext+0x4be>
10005312:	9a06      	ldr	r2, [sp, #24]
10005314:	4282      	cmp	r2, r0
10005316:	d300      	bcc.n	1000531a <tud_task_ext+0x4be>
10005318:	e10b      	b.n	10005532 <tud_task_ext+0x6d6>
1000531a:	9b04      	ldr	r3, [sp, #16]
1000531c:	3701      	adds	r7, #1
1000531e:	781d      	ldrb	r5, [r3, #0]
10005320:	b2ff      	uxtb	r7, r7
10005322:	42bd      	cmp	r5, r7
10005324:	d200      	bcs.n	10005328 <tud_task_ext+0x4cc>
10005326:	e117      	b.n	10005558 <tud_task_ext+0x6fc>
10005328:	42bd      	cmp	r5, r7
1000532a:	d8e3      	bhi.n	100052f4 <tud_task_ext+0x498>
1000532c:	9b08      	ldr	r3, [sp, #32]
1000532e:	1b7d      	subs	r5, r7, r5
10005330:	016d      	lsls	r5, r5, #5
10005332:	195d      	adds	r5, r3, r5
10005334:	e7e5      	b.n	10005302 <tud_task_ext+0x4a6>
10005336:	786b      	ldrb	r3, [r5, #1]
10005338:	aa0c      	add	r2, sp, #48	@ 0x30
1000533a:	3202      	adds	r2, #2
1000533c:	7013      	strb	r3, [r2, #0]
1000533e:	4658      	mov	r0, fp
10005340:	2301      	movs	r3, #1
10005342:	a90e      	add	r1, sp, #56	@ 0x38
10005344:	f000 fa42 	bl	100057cc <tud_control_xfer>
10005348:	e59d      	b.n	10004e86 <tud_task_ext+0x2a>
1000534a:	88e0      	ldrh	r0, [r4, #6]
1000534c:	0a03      	lsrs	r3, r0, #8
1000534e:	b2c0      	uxtb	r0, r0
10005350:	2b0f      	cmp	r3, #15
10005352:	d900      	bls.n	10005356 <tud_task_ext+0x4fa>
10005354:	e704      	b.n	10005160 <tud_task_ext+0x304>
10005356:	4971      	ldr	r1, [pc, #452]	@ (1000551c <tud_task_ext+0x6c0>)
10005358:	009a      	lsls	r2, r3, #2
1000535a:	588a      	ldr	r2, [r1, r2]
1000535c:	4697      	mov	pc, r2
1000535e:	a80e      	add	r0, sp, #56	@ 0x38
10005360:	f000 fa94 	bl	1000588c <usbd_control_set_request>
10005364:	4658      	mov	r0, fp
10005366:	79a1      	ldrb	r1, [r4, #6]
10005368:	f7ff fbb4 	bl	10004ad4 <dcd_set_address>
1000536c:	2202      	movs	r2, #2
1000536e:	782b      	ldrb	r3, [r5, #0]
10005370:	4313      	orrs	r3, r2
10005372:	702b      	strb	r3, [r5, #0]
10005374:	e587      	b.n	10004e86 <tud_task_ext+0x2a>
10005376:	88e3      	ldrh	r3, [r4, #6]
10005378:	2b01      	cmp	r3, #1
1000537a:	d000      	beq.n	1000537e <tud_task_ext+0x522>
1000537c:	e6f0      	b.n	10005160 <tud_task_ext+0x304>
1000537e:	2208      	movs	r2, #8
10005380:	782b      	ldrb	r3, [r5, #0]
10005382:	4658      	mov	r0, fp
10005384:	4393      	bics	r3, r2
10005386:	a90e      	add	r1, sp, #56	@ 0x38
10005388:	702b      	strb	r3, [r5, #0]
1000538a:	f000 fa09 	bl	100057a0 <tud_control_status>
1000538e:	e57a      	b.n	10004e86 <tud_task_ext+0x2a>
10005390:	2002      	movs	r0, #2
10005392:	7829      	ldrb	r1, [r5, #0]
10005394:	ab0c      	add	r3, sp, #48	@ 0x30
10005396:	1c9a      	adds	r2, r3, #2
10005398:	068b      	lsls	r3, r1, #26
1000539a:	0889      	lsrs	r1, r1, #2
1000539c:	0fdb      	lsrs	r3, r3, #31
1000539e:	4001      	ands	r1, r0
100053a0:	430b      	orrs	r3, r1
100053a2:	8013      	strh	r3, [r2, #0]
100053a4:	4658      	mov	r0, fp
100053a6:	2302      	movs	r3, #2
100053a8:	a90e      	add	r1, sp, #56	@ 0x38
100053aa:	f000 fa0f 	bl	100057cc <tud_control_xfer>
100053ae:	e56a      	b.n	10004e86 <tud_task_ext+0x2a>
100053b0:	88e3      	ldrh	r3, [r4, #6]
100053b2:	2b01      	cmp	r3, #1
100053b4:	d000      	beq.n	100053b8 <tud_task_ext+0x55c>
100053b6:	e6d3      	b.n	10005160 <tud_task_ext+0x304>
100053b8:	2208      	movs	r2, #8
100053ba:	782b      	ldrb	r3, [r5, #0]
100053bc:	4313      	orrs	r3, r2
100053be:	702b      	strb	r3, [r5, #0]
100053c0:	e723      	b.n	1000520a <tud_task_ext+0x3ae>
100053c2:	7a23      	ldrb	r3, [r4, #8]
100053c4:	8922      	ldrh	r2, [r4, #8]
100053c6:	2b0f      	cmp	r3, #15
100053c8:	d900      	bls.n	100053cc <tud_task_ext+0x570>
100053ca:	e6c9      	b.n	10005160 <tud_task_ext+0x304>
100053cc:	23ff      	movs	r3, #255	@ 0xff
100053ce:	4013      	ands	r3, r2
100053d0:	4a4e      	ldr	r2, [pc, #312]	@ (1000550c <tud_task_ext+0x6b0>)
100053d2:	18eb      	adds	r3, r5, r3
100053d4:	791b      	ldrb	r3, [r3, #4]
100053d6:	7812      	ldrb	r2, [r2, #0]
100053d8:	4293      	cmp	r3, r2
100053da:	d228      	bcs.n	1000542e <tud_task_ext+0x5d2>
100053dc:	4a4d      	ldr	r2, [pc, #308]	@ (10005514 <tud_task_ext+0x6b8>)
100053de:	015b      	lsls	r3, r3, #5
100053e0:	6815      	ldr	r5, [r2, #0]
100053e2:	18ed      	adds	r5, r5, r3
100053e4:	2d00      	cmp	r5, #0
100053e6:	d100      	bne.n	100053ea <tud_task_ext+0x58e>
100053e8:	e6ba      	b.n	10005160 <tud_task_ext+0x304>
100053ea:	6968      	ldr	r0, [r5, #20]
100053ec:	f000 fa48 	bl	10005880 <usbd_control_set_complete_callback>
100053f0:	2101      	movs	r1, #1
100053f2:	4658      	mov	r0, fp
100053f4:	696b      	ldr	r3, [r5, #20]
100053f6:	aa0e      	add	r2, sp, #56	@ 0x38
100053f8:	4798      	blx	r3
100053fa:	e6c2      	b.n	10005182 <tud_task_ext+0x326>
100053fc:	2a00      	cmp	r2, #0
100053fe:	d000      	beq.n	10005402 <tud_task_ext+0x5a6>
10005400:	e6ae      	b.n	10005160 <tud_task_ext+0x304>
10005402:	2300      	movs	r3, #0
10005404:	4699      	mov	r9, r3
10005406:	7962      	ldrb	r2, [r4, #5]
10005408:	2002      	movs	r0, #2
1000540a:	0013      	movs	r3, r2
1000540c:	9204      	str	r2, [sp, #16]
1000540e:	4383      	bics	r3, r0
10005410:	2b01      	cmp	r3, #1
10005412:	d011      	beq.n	10005438 <tud_task_ext+0x5dc>
10005414:	2a00      	cmp	r2, #0
10005416:	d000      	beq.n	1000541a <tud_task_ext+0x5be>
10005418:	e6a2      	b.n	10005160 <tud_task_ext+0x304>
1000541a:	002b      	movs	r3, r5
1000541c:	4443      	add	r3, r8
1000541e:	4453      	add	r3, sl
10005420:	3330      	adds	r3, #48	@ 0x30
10005422:	791b      	ldrb	r3, [r3, #4]
10005424:	aa0c      	add	r2, sp, #48	@ 0x30
10005426:	079b      	lsls	r3, r3, #30
10005428:	0fdb      	lsrs	r3, r3, #31
1000542a:	3202      	adds	r2, #2
1000542c:	e7b9      	b.n	100053a2 <tud_task_ext+0x546>
1000542e:	4293      	cmp	r3, r2
10005430:	d000      	beq.n	10005434 <tud_task_ext+0x5d8>
10005432:	e695      	b.n	10005160 <tud_task_ext+0x304>
10005434:	4d36      	ldr	r5, [pc, #216]	@ (10005510 <tud_task_ext+0x6b4>)
10005436:	e7d8      	b.n	100053ea <tud_task_ext+0x58e>
10005438:	88e3      	ldrh	r3, [r4, #6]
1000543a:	2b00      	cmp	r3, #0
1000543c:	d112      	bne.n	10005464 <tud_task_ext+0x608>
1000543e:	9b03      	ldr	r3, [sp, #12]
10005440:	7818      	ldrb	r0, [r3, #0]
10005442:	9b04      	ldr	r3, [sp, #16]
10005444:	2b01      	cmp	r3, #1
10005446:	d023      	beq.n	10005490 <tud_task_ext+0x634>
10005448:	f7ff fbfe 	bl	10004c48 <dcd_edpt_stall>
1000544c:	4643      	mov	r3, r8
1000544e:	2102      	movs	r1, #2
10005450:	18eb      	adds	r3, r5, r3
10005452:	4453      	add	r3, sl
10005454:	3330      	adds	r3, #48	@ 0x30
10005456:	791a      	ldrb	r2, [r3, #4]
10005458:	430a      	orrs	r2, r1
1000545a:	2101      	movs	r1, #1
1000545c:	711a      	strb	r2, [r3, #4]
1000545e:	791a      	ldrb	r2, [r3, #4]
10005460:	430a      	orrs	r2, r1
10005462:	711a      	strb	r2, [r3, #4]
10005464:	464b      	mov	r3, r9
10005466:	2b00      	cmp	r3, #0
10005468:	d100      	bne.n	1000546c <tud_task_ext+0x610>
1000546a:	e50c      	b.n	10004e86 <tud_task_ext+0x2a>
1000546c:	6958      	ldr	r0, [r3, #20]
1000546e:	f000 fa07 	bl	10005880 <usbd_control_set_complete_callback>
10005472:	464b      	mov	r3, r9
10005474:	2101      	movs	r1, #1
10005476:	695b      	ldr	r3, [r3, #20]
10005478:	aa0e      	add	r2, sp, #56	@ 0x38
1000547a:	4658      	mov	r0, fp
1000547c:	4798      	blx	r3
1000547e:	2000      	movs	r0, #0
10005480:	f000 f9fe 	bl	10005880 <usbd_control_set_complete_callback>
10005484:	2335      	movs	r3, #53	@ 0x35
10005486:	5ceb      	ldrb	r3, [r5, r3]
10005488:	07db      	lsls	r3, r3, #31
1000548a:	d500      	bpl.n	1000548e <tud_task_ext+0x632>
1000548c:	e4fb      	b.n	10004e86 <tud_task_ext+0x2a>
1000548e:	e6bc      	b.n	1000520a <tud_task_ext+0x3ae>
10005490:	f7ff fbf8 	bl	10004c84 <dcd_edpt_clear_stall>
10005494:	4643      	mov	r3, r8
10005496:	2102      	movs	r1, #2
10005498:	18eb      	adds	r3, r5, r3
1000549a:	4453      	add	r3, sl
1000549c:	3330      	adds	r3, #48	@ 0x30
1000549e:	791a      	ldrb	r2, [r3, #4]
100054a0:	438a      	bics	r2, r1
100054a2:	711a      	strb	r2, [r3, #4]
100054a4:	791a      	ldrb	r2, [r3, #4]
100054a6:	9904      	ldr	r1, [sp, #16]
100054a8:	438a      	bics	r2, r1
100054aa:	711a      	strb	r2, [r3, #4]
100054ac:	e7da      	b.n	10005464 <tud_task_ext+0x608>
100054ae:	f7ff fc4b 	bl	10004d48 <tud_umount_cb>
100054b2:	e6aa      	b.n	1000520a <tud_task_ext+0x3ae>
100054b4:	2100      	movs	r1, #0
100054b6:	4658      	mov	r0, fp
100054b8:	f7ff fb16 	bl	10004ae8 <dcd_sof_enable>
100054bc:	4658      	mov	r0, fp
100054be:	f7ff fbad 	bl	10004c1c <dcd_edpt_close_all>
100054c2:	2200      	movs	r2, #0
100054c4:	4692      	mov	sl, r2
100054c6:	4a12      	ldr	r2, [pc, #72]	@ (10005510 <tud_task_ext+0x6b4>)
100054c8:	78ab      	ldrb	r3, [r5, #2]
100054ca:	9205      	str	r2, [sp, #20]
100054cc:	4a11      	ldr	r2, [pc, #68]	@ (10005514 <tud_task_ext+0x6b8>)
100054ce:	9304      	str	r3, [sp, #16]
100054d0:	9206      	str	r2, [sp, #24]
100054d2:	002a      	movs	r2, r5
100054d4:	4b0d      	ldr	r3, [pc, #52]	@ (1000550c <tud_task_ext+0x6b0>)
100054d6:	4655      	mov	r5, sl
100054d8:	4698      	mov	r8, r3
100054da:	4692      	mov	sl, r2
100054dc:	781b      	ldrb	r3, [r3, #0]
100054de:	e00e      	b.n	100054fe <tud_task_ext+0x6a2>
100054e0:	9b06      	ldr	r3, [sp, #24]
100054e2:	016a      	lsls	r2, r5, #5
100054e4:	681b      	ldr	r3, [r3, #0]
100054e6:	189b      	adds	r3, r3, r2
100054e8:	2b00      	cmp	r3, #0
100054ea:	d054      	beq.n	10005596 <tud_task_ext+0x73a>
100054ec:	68db      	ldr	r3, [r3, #12]
100054ee:	4658      	mov	r0, fp
100054f0:	4798      	blx	r3
100054f2:	4643      	mov	r3, r8
100054f4:	3501      	adds	r5, #1
100054f6:	781b      	ldrb	r3, [r3, #0]
100054f8:	b2ed      	uxtb	r5, r5
100054fa:	42ab      	cmp	r3, r5
100054fc:	d337      	bcc.n	1000556e <tud_task_ext+0x712>
100054fe:	42ab      	cmp	r3, r5
10005500:	d8ee      	bhi.n	100054e0 <tud_task_ext+0x684>
10005502:	9a05      	ldr	r2, [sp, #20]
10005504:	1aeb      	subs	r3, r5, r3
10005506:	015b      	lsls	r3, r3, #5
10005508:	18d3      	adds	r3, r2, r3
1000550a:	e7ef      	b.n	100054ec <tud_task_ext+0x690>
1000550c:	20001c3d 	.word	0x20001c3d
10005510:	10006cdc 	.word	0x10006cdc
10005514:	20001480 	.word	0x20001480
10005518:	2000157c 	.word	0x2000157c
1000551c:	10006c80 	.word	0x10006c80
10005520:	ab0c      	add	r3, sp, #48	@ 0x30
10005522:	1c9a      	adds	r2, r3, #2
10005524:	4658      	mov	r0, fp
10005526:	2301      	movs	r3, #1
10005528:	a90e      	add	r1, sp, #56	@ 0x38
1000552a:	7015      	strb	r5, [r2, #0]
1000552c:	f000 f94e 	bl	100057cc <tud_control_xfer>
10005530:	e4a9      	b.n	10004e86 <tud_task_ext+0x2a>
10005532:	9a0b      	ldr	r2, [sp, #44]	@ 0x2c
10005534:	2a01      	cmp	r2, #1
10005536:	d04c      	beq.n	100055d2 <tud_task_ext+0x776>
10005538:	2a00      	cmp	r2, #0
1000553a:	d03c      	beq.n	100055b6 <tud_task_ext+0x75a>
1000553c:	2300      	movs	r3, #0
1000553e:	78b0      	ldrb	r0, [r6, #2]
10005540:	e004      	b.n	1000554c <tud_task_ext+0x6f0>
10005542:	3301      	adds	r3, #1
10005544:	b2db      	uxtb	r3, r3
10005546:	710f      	strb	r7, [r1, #4]
10005548:	4293      	cmp	r3, r2
1000554a:	d234      	bcs.n	100055b6 <tud_task_ext+0x75a>
1000554c:	18c1      	adds	r1, r0, r3
1000554e:	b2c9      	uxtb	r1, r1
10005550:	4441      	add	r1, r8
10005552:	790d      	ldrb	r5, [r1, #4]
10005554:	2dff      	cmp	r5, #255	@ 0xff
10005556:	d0f4      	beq.n	10005542 <tud_task_ext+0x6e6>
10005558:	464e      	mov	r6, r9
1000555a:	4645      	mov	r5, r8
1000555c:	4657      	mov	r7, sl
1000555e:	2300      	movs	r3, #0
10005560:	706b      	strb	r3, [r5, #1]
10005562:	e5fd      	b.n	10005160 <tud_task_ext+0x304>
10005564:	464e      	mov	r6, r9
10005566:	4657      	mov	r7, sl
10005568:	f7ff fbec 	bl	10004d44 <tud_mount_cb>
1000556c:	e64d      	b.n	1000520a <tud_task_ext+0x3ae>
1000556e:	4655      	mov	r5, sl
10005570:	2254      	movs	r2, #84	@ 0x54
10005572:	2100      	movs	r1, #0
10005574:	0028      	movs	r0, r5
10005576:	f7fd f85f 	bl	10002638 <__wrap_memset>
1000557a:	2210      	movs	r2, #16
1000557c:	21ff      	movs	r1, #255	@ 0xff
1000557e:	1d28      	adds	r0, r5, #4
10005580:	f7fd f85a 	bl	10002638 <__wrap_memset>
10005584:	0028      	movs	r0, r5
10005586:	2220      	movs	r2, #32
10005588:	21ff      	movs	r1, #255	@ 0xff
1000558a:	3014      	adds	r0, #20
1000558c:	f7fd f854 	bl	10002638 <__wrap_memset>
10005590:	9b04      	ldr	r3, [sp, #16]
10005592:	70ab      	strb	r3, [r5, #2]
10005594:	e661      	b.n	1000525a <tud_task_ext+0x3fe>
10005596:	4655      	mov	r5, sl
10005598:	e7fa      	b.n	10005590 <tud_task_ext+0x734>
1000559a:	f7ff fa11 	bl	100049c0 <tud_descriptor_bos_cb>
1000559e:	1e02      	subs	r2, r0, #0
100055a0:	d100      	bne.n	100055a4 <tud_task_ext+0x748>
100055a2:	e5dd      	b.n	10005160 <tud_task_ext+0x304>
100055a4:	78d3      	ldrb	r3, [r2, #3]
100055a6:	7891      	ldrb	r1, [r2, #2]
100055a8:	021b      	lsls	r3, r3, #8
100055aa:	430b      	orrs	r3, r1
100055ac:	4658      	mov	r0, fp
100055ae:	a90e      	add	r1, sp, #56	@ 0x38
100055b0:	f000 f90c 	bl	100057cc <tud_control_xfer>
100055b4:	e5e5      	b.n	10005182 <tud_task_ext+0x326>
100055b6:	4665      	mov	r5, ip
100055b8:	003b      	movs	r3, r7
100055ba:	0031      	movs	r1, r6
100055bc:	002a      	movs	r2, r5
100055be:	980a      	ldr	r0, [sp, #40]	@ 0x28
100055c0:	f000 fd46 	bl	10006050 <tu_edpt_bind_driver>
100055c4:	9b04      	ldr	r3, [sp, #16]
100055c6:	1976      	adds	r6, r6, r5
100055c8:	781b      	ldrb	r3, [r3, #0]
100055ca:	42bb      	cmp	r3, r7
100055cc:	d300      	bcc.n	100055d0 <tud_task_ext+0x774>
100055ce:	e679      	b.n	100052c4 <tud_task_ext+0x468>
100055d0:	e7c2      	b.n	10005558 <tud_task_ext+0x6fc>
100055d2:	4b17      	ldr	r3, [pc, #92]	@ (10005630 <tud_task_ext+0x7d4>)
100055d4:	6929      	ldr	r1, [r5, #16]
100055d6:	4299      	cmp	r1, r3
100055d8:	d1b0      	bne.n	1000553c <tud_task_ext+0x6e0>
100055da:	9a07      	ldr	r2, [sp, #28]
100055dc:	e7ae      	b.n	1000553c <tud_task_ext+0x6e0>
100055de:	f7ff fbad 	bl	10004d3c <tud_descriptor_device_qualifier_cb>
100055e2:	1e02      	subs	r2, r0, #0
100055e4:	d100      	bne.n	100055e8 <tud_task_ext+0x78c>
100055e6:	e5bb      	b.n	10005160 <tud_task_ext+0x304>
100055e8:	4658      	mov	r0, fp
100055ea:	7813      	ldrb	r3, [r2, #0]
100055ec:	a90e      	add	r1, sp, #56	@ 0x38
100055ee:	f000 f8ed 	bl	100057cc <tud_control_xfer>
100055f2:	e5c6      	b.n	10005182 <tud_task_ext+0x326>
100055f4:	8921      	ldrh	r1, [r4, #8]
100055f6:	f7ff f847 	bl	10004688 <tud_descriptor_string_cb>
100055fa:	1e02      	subs	r2, r0, #0
100055fc:	d1f4      	bne.n	100055e8 <tud_task_ext+0x78c>
100055fe:	e5af      	b.n	10005160 <tud_task_ext+0x304>
10005600:	2b02      	cmp	r3, #2
10005602:	d00f      	beq.n	10005624 <tud_task_ext+0x7c8>
10005604:	f7ff fb9c 	bl	10004d40 <tud_descriptor_other_speed_configuration_cb>
10005608:	1e02      	subs	r2, r0, #0
1000560a:	d1cb      	bne.n	100055a4 <tud_task_ext+0x748>
1000560c:	e5a8      	b.n	10005160 <tud_task_ext+0x304>
1000560e:	f7ff f833 	bl	10004678 <tud_descriptor_device_cb>
10005612:	1e02      	subs	r2, r0, #0
10005614:	d100      	bne.n	10005618 <tud_task_ext+0x7bc>
10005616:	e5a3      	b.n	10005160 <tud_task_ext+0x304>
10005618:	2312      	movs	r3, #18
1000561a:	4658      	mov	r0, fp
1000561c:	a90e      	add	r1, sp, #56	@ 0x38
1000561e:	f000 f8d5 	bl	100057cc <tud_control_xfer>
10005622:	e5ae      	b.n	10005182 <tud_task_ext+0x326>
10005624:	f7ff f82c 	bl	10004680 <tud_descriptor_configuration_cb>
10005628:	1e02      	subs	r2, r0, #0
1000562a:	d1bb      	bne.n	100055a4 <tud_task_ext+0x748>
1000562c:	e598      	b.n	10005160 <tud_task_ext+0x304>
1000562e:	46c0      	nop			@ (mov r8, r8)
10005630:	10005c79 	.word	0x10005c79

10005634 <usbd_open_edpt_pair>:
10005634:	b5f0      	push	{r4, r5, r6, r7, lr}
10005636:	464f      	mov	r7, r9
10005638:	4646      	mov	r6, r8
1000563a:	46d6      	mov	lr, sl
1000563c:	b5c0      	push	{r6, r7, lr}
1000563e:	000c      	movs	r4, r1
10005640:	0016      	movs	r6, r2
10005642:	001f      	movs	r7, r3
10005644:	b082      	sub	sp, #8
10005646:	2a00      	cmp	r2, #0
10005648:	d03a      	beq.n	100056c0 <usbd_open_edpt_pair+0x8c>
1000564a:	2370      	movs	r3, #112	@ 0x70
1000564c:	4698      	mov	r8, r3
1000564e:	4b1d      	ldr	r3, [pc, #116]	@ (100056c4 <usbd_open_edpt_pair+0x90>)
10005650:	2500      	movs	r5, #0
10005652:	4699      	mov	r9, r3
10005654:	4b1c      	ldr	r3, [pc, #112]	@ (100056c8 <usbd_open_edpt_pair+0x94>)
10005656:	469a      	mov	sl, r3
10005658:	e01a      	b.n	10005690 <usbd_open_edpt_pair+0x5c>
1000565a:	464b      	mov	r3, r9
1000565c:	781b      	ldrb	r3, [r3, #0]
1000565e:	0020      	movs	r0, r4
10005660:	9301      	str	r3, [sp, #4]
10005662:	4653      	mov	r3, sl
10005664:	7899      	ldrb	r1, [r3, #2]
10005666:	f000 fcb9 	bl	10005fdc <tu_edpt_validate>
1000566a:	2800      	cmp	r0, #0
1000566c:	d01c      	beq.n	100056a8 <usbd_open_edpt_pair+0x74>
1000566e:	0021      	movs	r1, r4
10005670:	9801      	ldr	r0, [sp, #4]
10005672:	f7ff fa55 	bl	10004b20 <dcd_edpt_open>
10005676:	2800      	cmp	r0, #0
10005678:	d016      	beq.n	100056a8 <usbd_open_edpt_pair+0x74>
1000567a:	78a3      	ldrb	r3, [r4, #2]
1000567c:	09da      	lsrs	r2, r3, #7
1000567e:	2a01      	cmp	r2, #1
10005680:	d019      	beq.n	100056b6 <usbd_open_edpt_pair+0x82>
10005682:	9a0a      	ldr	r2, [sp, #40]	@ 0x28
10005684:	3501      	adds	r5, #1
10005686:	7013      	strb	r3, [r2, #0]
10005688:	42b5      	cmp	r5, r6
1000568a:	da19      	bge.n	100056c0 <usbd_open_edpt_pair+0x8c>
1000568c:	7823      	ldrb	r3, [r4, #0]
1000568e:	18e4      	adds	r4, r4, r3
10005690:	7863      	ldrb	r3, [r4, #1]
10005692:	2b05      	cmp	r3, #5
10005694:	d108      	bne.n	100056a8 <usbd_open_edpt_pair+0x74>
10005696:	78e3      	ldrb	r3, [r4, #3]
10005698:	079b      	lsls	r3, r3, #30
1000569a:	0f9b      	lsrs	r3, r3, #30
1000569c:	42bb      	cmp	r3, r7
1000569e:	d103      	bne.n	100056a8 <usbd_open_edpt_pair+0x74>
100056a0:	4642      	mov	r2, r8
100056a2:	78a3      	ldrb	r3, [r4, #2]
100056a4:	421a      	tst	r2, r3
100056a6:	d0d8      	beq.n	1000565a <usbd_open_edpt_pair+0x26>
100056a8:	2000      	movs	r0, #0
100056aa:	b002      	add	sp, #8
100056ac:	bce0      	pop	{r5, r6, r7}
100056ae:	46ba      	mov	sl, r7
100056b0:	46b1      	mov	r9, r6
100056b2:	46a8      	mov	r8, r5
100056b4:	bdf0      	pop	{r4, r5, r6, r7, pc}
100056b6:	9a0b      	ldr	r2, [sp, #44]	@ 0x2c
100056b8:	3501      	adds	r5, #1
100056ba:	7013      	strb	r3, [r2, #0]
100056bc:	42b5      	cmp	r5, r6
100056be:	dbe5      	blt.n	1000568c <usbd_open_edpt_pair+0x58>
100056c0:	2001      	movs	r0, #1
100056c2:	e7f2      	b.n	100056aa <usbd_open_edpt_pair+0x76>
100056c4:	20001024 	.word	0x20001024
100056c8:	20001568 	.word	0x20001568

100056cc <usbd_edpt_open>:
100056cc:	2270      	movs	r2, #112	@ 0x70
100056ce:	b570      	push	{r4, r5, r6, lr}
100056d0:	788b      	ldrb	r3, [r1, #2]
100056d2:	000c      	movs	r4, r1
100056d4:	421a      	tst	r2, r3
100056d6:	d001      	beq.n	100056dc <usbd_edpt_open+0x10>
100056d8:	2000      	movs	r0, #0
100056da:	bd70      	pop	{r4, r5, r6, pc}
100056dc:	4b06      	ldr	r3, [pc, #24]	@ (100056f8 <usbd_edpt_open+0x2c>)
100056de:	0020      	movs	r0, r4
100056e0:	781d      	ldrb	r5, [r3, #0]
100056e2:	4b06      	ldr	r3, [pc, #24]	@ (100056fc <usbd_edpt_open+0x30>)
100056e4:	7899      	ldrb	r1, [r3, #2]
100056e6:	f000 fc79 	bl	10005fdc <tu_edpt_validate>
100056ea:	2800      	cmp	r0, #0
100056ec:	d0f4      	beq.n	100056d8 <usbd_edpt_open+0xc>
100056ee:	0021      	movs	r1, r4
100056f0:	0028      	movs	r0, r5
100056f2:	f7ff fa15 	bl	10004b20 <dcd_edpt_open>
100056f6:	e7f0      	b.n	100056da <usbd_edpt_open+0xe>
100056f8:	20001024 	.word	0x20001024
100056fc:	20001568 	.word	0x20001568

10005700 <usbd_edpt_claim>:
10005700:	207f      	movs	r0, #127	@ 0x7f
10005702:	4b07      	ldr	r3, [pc, #28]	@ (10005720 <usbd_edpt_claim+0x20>)
10005704:	b510      	push	{r4, lr}
10005706:	681a      	ldr	r2, [r3, #0]
10005708:	4008      	ands	r0, r1
1000570a:	09cb      	lsrs	r3, r1, #7
1000570c:	3334      	adds	r3, #52	@ 0x34
1000570e:	0040      	lsls	r0, r0, #1
10005710:	18c0      	adds	r0, r0, r3
10005712:	4b04      	ldr	r3, [pc, #16]	@ (10005724 <usbd_edpt_claim+0x24>)
10005714:	0011      	movs	r1, r2
10005716:	18c0      	adds	r0, r0, r3
10005718:	f000 fc1c 	bl	10005f54 <tu_edpt_claim>
1000571c:	bd10      	pop	{r4, pc}
1000571e:	46c0      	nop			@ (mov r8, r8)
10005720:	200015bc 	.word	0x200015bc
10005724:	20001568 	.word	0x20001568

10005728 <usbd_edpt_release>:
10005728:	207f      	movs	r0, #127	@ 0x7f
1000572a:	4b07      	ldr	r3, [pc, #28]	@ (10005748 <usbd_edpt_release+0x20>)
1000572c:	b510      	push	{r4, lr}
1000572e:	681a      	ldr	r2, [r3, #0]
10005730:	4008      	ands	r0, r1
10005732:	09cb      	lsrs	r3, r1, #7
10005734:	3334      	adds	r3, #52	@ 0x34
10005736:	0040      	lsls	r0, r0, #1
10005738:	18c0      	adds	r0, r0, r3
1000573a:	4b04      	ldr	r3, [pc, #16]	@ (1000574c <usbd_edpt_release+0x24>)
1000573c:	0011      	movs	r1, r2
1000573e:	18c0      	adds	r0, r0, r3
10005740:	f000 fc30 	bl	10005fa4 <tu_edpt_release>
10005744:	bd10      	pop	{r4, pc}
10005746:	46c0      	nop			@ (mov r8, r8)
10005748:	200015bc 	.word	0x200015bc
1000574c:	20001568 	.word	0x20001568

10005750 <usbd_edpt_xfer>:
10005750:	b570      	push	{r4, r5, r6, lr}
10005752:	247f      	movs	r4, #127	@ 0x7f
10005754:	09c8      	lsrs	r0, r1, #7
10005756:	4684      	mov	ip, r0
10005758:	400c      	ands	r4, r1
1000575a:	480f      	ldr	r0, [pc, #60]	@ (10005798 <usbd_edpt_xfer+0x48>)
1000575c:	0064      	lsls	r4, r4, #1
1000575e:	1904      	adds	r4, r0, r4
10005760:	4464      	add	r4, ip
10005762:	3430      	adds	r4, #48	@ 0x30
10005764:	7920      	ldrb	r0, [r4, #4]
10005766:	07c0      	lsls	r0, r0, #31
10005768:	d501      	bpl.n	1000576e <usbd_edpt_xfer+0x1e>
1000576a:	2000      	movs	r0, #0
1000576c:	bd70      	pop	{r4, r5, r6, pc}
1000576e:	480b      	ldr	r0, [pc, #44]	@ (1000579c <usbd_edpt_xfer+0x4c>)
10005770:	2501      	movs	r5, #1
10005772:	7800      	ldrb	r0, [r0, #0]
10005774:	4684      	mov	ip, r0
10005776:	7920      	ldrb	r0, [r4, #4]
10005778:	4328      	orrs	r0, r5
1000577a:	7120      	strb	r0, [r4, #4]
1000577c:	4660      	mov	r0, ip
1000577e:	f7ff fa51 	bl	10004c24 <dcd_edpt_xfer>
10005782:	2800      	cmp	r0, #0
10005784:	d1f2      	bne.n	1000576c <usbd_edpt_xfer+0x1c>
10005786:	2201      	movs	r2, #1
10005788:	7923      	ldrb	r3, [r4, #4]
1000578a:	4393      	bics	r3, r2
1000578c:	7123      	strb	r3, [r4, #4]
1000578e:	7923      	ldrb	r3, [r4, #4]
10005790:	3203      	adds	r2, #3
10005792:	4393      	bics	r3, r2
10005794:	7123      	strb	r3, [r4, #4]
10005796:	e7e8      	b.n	1000576a <usbd_edpt_xfer+0x1a>
10005798:	20001568 	.word	0x20001568
1000579c:	20001024 	.word	0x20001024

100057a0 <tud_control_status>:
100057a0:	b570      	push	{r4, r5, r6, lr}
100057a2:	4c09      	ldr	r4, [pc, #36]	@ (100057c8 <tud_control_status+0x28>)
100057a4:	0006      	movs	r6, r0
100057a6:	2208      	movs	r2, #8
100057a8:	0020      	movs	r0, r4
100057aa:	000d      	movs	r5, r1
100057ac:	f7fc ff4a 	bl	10002644 <__wrap___aeabi_memcpy>
100057b0:	2300      	movs	r3, #0
100057b2:	2180      	movs	r1, #128	@ 0x80
100057b4:	60e3      	str	r3, [r4, #12]
100057b6:	60a3      	str	r3, [r4, #8]
100057b8:	782b      	ldrb	r3, [r5, #0]
100057ba:	0030      	movs	r0, r6
100057bc:	4399      	bics	r1, r3
100057be:	2200      	movs	r2, #0
100057c0:	2300      	movs	r3, #0
100057c2:	f7ff ffc5 	bl	10005750 <usbd_edpt_xfer>
100057c6:	bd70      	pop	{r4, r5, r6, pc}
100057c8:	20001548 	.word	0x20001548

100057cc <tud_control_xfer>:
100057cc:	b5f0      	push	{r4, r5, r6, r7, lr}
100057ce:	46c6      	mov	lr, r8
100057d0:	4c24      	ldr	r4, [pc, #144]	@ (10005864 <tud_control_xfer+0x98>)
100057d2:	0017      	movs	r7, r2
100057d4:	4680      	mov	r8, r0
100057d6:	2208      	movs	r2, #8
100057d8:	0020      	movs	r0, r4
100057da:	b500      	push	{lr}
100057dc:	000d      	movs	r5, r1
100057de:	001e      	movs	r6, r3
100057e0:	f7fc ff30 	bl	10002644 <__wrap___aeabi_memcpy>
100057e4:	2300      	movs	r3, #0
100057e6:	60a7      	str	r7, [r4, #8]
100057e8:	81e3      	strh	r3, [r4, #14]
100057ea:	79eb      	ldrb	r3, [r5, #7]
100057ec:	79aa      	ldrb	r2, [r5, #6]
100057ee:	021b      	lsls	r3, r3, #8
100057f0:	4313      	orrs	r3, r2
100057f2:	1c1a      	adds	r2, r3, #0
100057f4:	42b3      	cmp	r3, r6
100057f6:	d900      	bls.n	100057fa <tud_control_xfer+0x2e>
100057f8:	1c32      	adds	r2, r6, #0
100057fa:	b296      	uxth	r6, r2
100057fc:	81a2      	strh	r2, [r4, #12]
100057fe:	2b00      	cmp	r3, #0
10005800:	d00c      	beq.n	1000581c <tud_control_xfer+0x50>
10005802:	2e00      	cmp	r6, #0
10005804:	d015      	beq.n	10005832 <tud_control_xfer+0x66>
10005806:	2f00      	cmp	r7, #0
10005808:	d02a      	beq.n	10005860 <tud_control_xfer+0x94>
1000580a:	2e40      	cmp	r6, #64	@ 0x40
1000580c:	d81a      	bhi.n	10005844 <tud_control_xfer+0x78>
1000580e:	7823      	ldrb	r3, [r4, #0]
10005810:	b296      	uxth	r6, r2
10005812:	2b7f      	cmp	r3, #127	@ 0x7f
10005814:	d81b      	bhi.n	1000584e <tud_control_xfer+0x82>
10005816:	2100      	movs	r1, #0
10005818:	4a13      	ldr	r2, [pc, #76]	@ (10005868 <tud_control_xfer+0x9c>)
1000581a:	e00e      	b.n	1000583a <tud_control_xfer+0x6e>
1000581c:	2180      	movs	r1, #128	@ 0x80
1000581e:	782b      	ldrb	r3, [r5, #0]
10005820:	2200      	movs	r2, #0
10005822:	4399      	bics	r1, r3
10005824:	4640      	mov	r0, r8
10005826:	2300      	movs	r3, #0
10005828:	f7ff ff92 	bl	10005750 <usbd_edpt_xfer>
1000582c:	bc80      	pop	{r7}
1000582e:	46b8      	mov	r8, r7
10005830:	bdf0      	pop	{r4, r5, r6, r7, pc}
10005832:	237f      	movs	r3, #127	@ 0x7f
10005834:	2200      	movs	r2, #0
10005836:	7821      	ldrb	r1, [r4, #0]
10005838:	4399      	bics	r1, r3
1000583a:	0033      	movs	r3, r6
1000583c:	4640      	mov	r0, r8
1000583e:	f7ff ff87 	bl	10005750 <usbd_edpt_xfer>
10005842:	e7f3      	b.n	1000582c <tud_control_xfer+0x60>
10005844:	2240      	movs	r2, #64	@ 0x40
10005846:	7823      	ldrb	r3, [r4, #0]
10005848:	b296      	uxth	r6, r2
1000584a:	2b7f      	cmp	r3, #127	@ 0x7f
1000584c:	d9e3      	bls.n	10005816 <tud_control_xfer+0x4a>
1000584e:	4c06      	ldr	r4, [pc, #24]	@ (10005868 <tud_control_xfer+0x9c>)
10005850:	0032      	movs	r2, r6
10005852:	0039      	movs	r1, r7
10005854:	0020      	movs	r0, r4
10005856:	f7fc fef5 	bl	10002644 <__wrap___aeabi_memcpy>
1000585a:	2180      	movs	r1, #128	@ 0x80
1000585c:	0022      	movs	r2, r4
1000585e:	e7ec      	b.n	1000583a <tud_control_xfer+0x6e>
10005860:	2000      	movs	r0, #0
10005862:	e7e3      	b.n	1000582c <tud_control_xfer+0x60>
10005864:	20001548 	.word	0x20001548
10005868:	20001508 	.word	0x20001508

1000586c <usbd_control_reset>:
1000586c:	b510      	push	{r4, lr}
1000586e:	2214      	movs	r2, #20
10005870:	2100      	movs	r1, #0
10005872:	4802      	ldr	r0, [pc, #8]	@ (1000587c <usbd_control_reset+0x10>)
10005874:	f7fc fee0 	bl	10002638 <__wrap_memset>
10005878:	bd10      	pop	{r4, pc}
1000587a:	46c0      	nop			@ (mov r8, r8)
1000587c:	20001548 	.word	0x20001548

10005880 <usbd_control_set_complete_callback>:
10005880:	4b01      	ldr	r3, [pc, #4]	@ (10005888 <usbd_control_set_complete_callback+0x8>)
10005882:	6118      	str	r0, [r3, #16]
10005884:	4770      	bx	lr
10005886:	46c0      	nop			@ (mov r8, r8)
10005888:	20001548 	.word	0x20001548

1000588c <usbd_control_set_request>:
1000588c:	b510      	push	{r4, lr}
1000588e:	4c05      	ldr	r4, [pc, #20]	@ (100058a4 <usbd_control_set_request+0x18>)
10005890:	0001      	movs	r1, r0
10005892:	2208      	movs	r2, #8
10005894:	0020      	movs	r0, r4
10005896:	f7fc fed5 	bl	10002644 <__wrap___aeabi_memcpy>
1000589a:	2300      	movs	r3, #0
1000589c:	60a3      	str	r3, [r4, #8]
1000589e:	60e3      	str	r3, [r4, #12]
100058a0:	bd10      	pop	{r4, pc}
100058a2:	46c0      	nop			@ (mov r8, r8)
100058a4:	20001548 	.word	0x20001548

100058a8 <usbd_control_xfer_cb>:
100058a8:	b570      	push	{r4, r5, r6, lr}
100058aa:	4c37      	ldr	r4, [pc, #220]	@ (10005988 <usbd_control_xfer_cb+0xe0>)
100058ac:	001d      	movs	r5, r3
100058ae:	7823      	ldrb	r3, [r4, #0]
100058b0:	0006      	movs	r6, r0
100058b2:	09da      	lsrs	r2, r3, #7
100058b4:	09c9      	lsrs	r1, r1, #7
100058b6:	428a      	cmp	r2, r1
100058b8:	d010      	beq.n	100058dc <usbd_control_xfer_cb+0x34>
100058ba:	2000      	movs	r0, #0
100058bc:	2d00      	cmp	r5, #0
100058be:	d000      	beq.n	100058c2 <usbd_control_xfer_cb+0x1a>
100058c0:	bd70      	pop	{r4, r5, r6, pc}
100058c2:	0021      	movs	r1, r4
100058c4:	0030      	movs	r0, r6
100058c6:	f7ff f91d 	bl	10004b04 <dcd_edpt0_status_complete>
100058ca:	6923      	ldr	r3, [r4, #16]
100058cc:	2b00      	cmp	r3, #0
100058ce:	d003      	beq.n	100058d8 <usbd_control_xfer_cb+0x30>
100058d0:	0022      	movs	r2, r4
100058d2:	2103      	movs	r1, #3
100058d4:	0030      	movs	r0, r6
100058d6:	4798      	blx	r3
100058d8:	2001      	movs	r0, #1
100058da:	e7f1      	b.n	100058c0 <usbd_control_xfer_cb+0x18>
100058dc:	2b7f      	cmp	r3, #127	@ 0x7f
100058de:	d806      	bhi.n	100058ee <usbd_control_xfer_cb+0x46>
100058e0:	68a0      	ldr	r0, [r4, #8]
100058e2:	2800      	cmp	r0, #0
100058e4:	d0ec      	beq.n	100058c0 <usbd_control_xfer_cb+0x18>
100058e6:	002a      	movs	r2, r5
100058e8:	4928      	ldr	r1, [pc, #160]	@ (1000598c <usbd_control_xfer_cb+0xe4>)
100058ea:	f7fc feab 	bl	10002644 <__wrap___aeabi_memcpy>
100058ee:	89e2      	ldrh	r2, [r4, #14]
100058f0:	68a1      	ldr	r1, [r4, #8]
100058f2:	1952      	adds	r2, r2, r5
100058f4:	88e3      	ldrh	r3, [r4, #6]
100058f6:	b292      	uxth	r2, r2
100058f8:	1949      	adds	r1, r1, r5
100058fa:	81e2      	strh	r2, [r4, #14]
100058fc:	60a1      	str	r1, [r4, #8]
100058fe:	4293      	cmp	r3, r2
10005900:	d014      	beq.n	1000592c <usbd_control_xfer_cb+0x84>
10005902:	2d3f      	cmp	r5, #63	@ 0x3f
10005904:	d912      	bls.n	1000592c <usbd_control_xfer_cb+0x84>
10005906:	89a3      	ldrh	r3, [r4, #12]
10005908:	1a98      	subs	r0, r3, r2
1000590a:	1c05      	adds	r5, r0, #0
1000590c:	b280      	uxth	r0, r0
1000590e:	2840      	cmp	r0, #64	@ 0x40
10005910:	d828      	bhi.n	10005964 <usbd_control_xfer_cb+0xbc>
10005912:	7820      	ldrb	r0, [r4, #0]
10005914:	b2ad      	uxth	r5, r5
10005916:	287f      	cmp	r0, #127	@ 0x7f
10005918:	d826      	bhi.n	10005968 <usbd_control_xfer_cb+0xc0>
1000591a:	2100      	movs	r1, #0
1000591c:	429a      	cmp	r2, r3
1000591e:	d030      	beq.n	10005982 <usbd_control_xfer_cb+0xda>
10005920:	4a1a      	ldr	r2, [pc, #104]	@ (1000598c <usbd_control_xfer_cb+0xe4>)
10005922:	002b      	movs	r3, r5
10005924:	0030      	movs	r0, r6
10005926:	f7ff ff13 	bl	10005750 <usbd_edpt_xfer>
1000592a:	e7c9      	b.n	100058c0 <usbd_control_xfer_cb+0x18>
1000592c:	6923      	ldr	r3, [r4, #16]
1000592e:	2b00      	cmp	r3, #0
10005930:	d005      	beq.n	1000593e <usbd_control_xfer_cb+0x96>
10005932:	0022      	movs	r2, r4
10005934:	2102      	movs	r1, #2
10005936:	0030      	movs	r0, r6
10005938:	4798      	blx	r3
1000593a:	2800      	cmp	r0, #0
1000593c:	d008      	beq.n	10005950 <usbd_control_xfer_cb+0xa8>
1000593e:	2180      	movs	r1, #128	@ 0x80
10005940:	7823      	ldrb	r3, [r4, #0]
10005942:	2200      	movs	r2, #0
10005944:	4399      	bics	r1, r3
10005946:	0030      	movs	r0, r6
10005948:	2300      	movs	r3, #0
1000594a:	f7ff ff01 	bl	10005750 <usbd_edpt_xfer>
1000594e:	e7b7      	b.n	100058c0 <usbd_control_xfer_cb+0x18>
10005950:	2100      	movs	r1, #0
10005952:	0030      	movs	r0, r6
10005954:	f7ff f978 	bl	10004c48 <dcd_edpt_stall>
10005958:	0030      	movs	r0, r6
1000595a:	2180      	movs	r1, #128	@ 0x80
1000595c:	f7ff f974 	bl	10004c48 <dcd_edpt_stall>
10005960:	2001      	movs	r0, #1
10005962:	e7ad      	b.n	100058c0 <usbd_control_xfer_cb+0x18>
10005964:	2540      	movs	r5, #64	@ 0x40
10005966:	e7d4      	b.n	10005912 <usbd_control_xfer_cb+0x6a>
10005968:	429a      	cmp	r2, r3
1000596a:	d007      	beq.n	1000597c <usbd_control_xfer_cb+0xd4>
1000596c:	4c07      	ldr	r4, [pc, #28]	@ (1000598c <usbd_control_xfer_cb+0xe4>)
1000596e:	002a      	movs	r2, r5
10005970:	0020      	movs	r0, r4
10005972:	f7fc fe67 	bl	10002644 <__wrap___aeabi_memcpy>
10005976:	2180      	movs	r1, #128	@ 0x80
10005978:	0022      	movs	r2, r4
1000597a:	e7d2      	b.n	10005922 <usbd_control_xfer_cb+0x7a>
1000597c:	2180      	movs	r1, #128	@ 0x80
1000597e:	2200      	movs	r2, #0
10005980:	e7cf      	b.n	10005922 <usbd_control_xfer_cb+0x7a>
10005982:	2200      	movs	r2, #0
10005984:	e7cd      	b.n	10005922 <usbd_control_xfer_cb+0x7a>
10005986:	46c0      	nop			@ (mov r8, r8)
10005988:	20001548 	.word	0x20001548
1000598c:	20001508 	.word	0x20001508

10005990 <_prep_out_transaction.isra.0>:
10005990:	b570      	push	{r4, r5, r6, lr}
10005992:	0004      	movs	r4, r0
10005994:	f7ff f9de 	bl	10004d54 <tud_mounted>
10005998:	2800      	cmp	r0, #0
1000599a:	d100      	bne.n	1000599e <_prep_out_transaction.isra.0+0xe>
1000599c:	bd70      	pop	{r4, r5, r6, pc}
1000599e:	f7ff f9e1 	bl	10004d64 <tud_suspended>
100059a2:	2800      	cmp	r0, #0
100059a4:	d1fa      	bne.n	1000599c <_prep_out_transaction.isra.0+0xc>
100059a6:	23c8      	movs	r3, #200	@ 0xc8
100059a8:	4363      	muls	r3, r4
100059aa:	4a12      	ldr	r2, [pc, #72]	@ (100059f4 <_prep_out_transaction.isra.0+0x64>)
100059ac:	0025      	movs	r5, r4
100059ae:	18d4      	adds	r4, r2, r3
100059b0:	78e1      	ldrb	r1, [r4, #3]
100059b2:	2900      	cmp	r1, #0
100059b4:	d0f2      	beq.n	1000599c <_prep_out_transaction.isra.0+0xc>
100059b6:	3310      	adds	r3, #16
100059b8:	189e      	adds	r6, r3, r2
100059ba:	0030      	movs	r0, r6
100059bc:	f000 fbb6 	bl	1000612c <tu_fifo_remaining>
100059c0:	283f      	cmp	r0, #63	@ 0x3f
100059c2:	d9eb      	bls.n	1000599c <_prep_out_transaction.isra.0+0xc>
100059c4:	2000      	movs	r0, #0
100059c6:	78e1      	ldrb	r1, [r4, #3]
100059c8:	f7ff fe9a 	bl	10005700 <usbd_edpt_claim>
100059cc:	2800      	cmp	r0, #0
100059ce:	d0e5      	beq.n	1000599c <_prep_out_transaction.isra.0+0xc>
100059d0:	0030      	movs	r0, r6
100059d2:	f000 fbab 	bl	1000612c <tu_fifo_remaining>
100059d6:	78e1      	ldrb	r1, [r4, #3]
100059d8:	283f      	cmp	r0, #63	@ 0x3f
100059da:	d907      	bls.n	100059ec <_prep_out_transaction.isra.0+0x5c>
100059dc:	4b06      	ldr	r3, [pc, #24]	@ (100059f8 <_prep_out_transaction.isra.0+0x68>)
100059de:	01ea      	lsls	r2, r5, #7
100059e0:	18d2      	adds	r2, r2, r3
100059e2:	2000      	movs	r0, #0
100059e4:	2340      	movs	r3, #64	@ 0x40
100059e6:	f7ff feb3 	bl	10005750 <usbd_edpt_xfer>
100059ea:	e7d7      	b.n	1000599c <_prep_out_transaction.isra.0+0xc>
100059ec:	2000      	movs	r0, #0
100059ee:	f7ff fe9b 	bl	10005728 <usbd_edpt_release>
100059f2:	e7d3      	b.n	1000599c <_prep_out_transaction.isra.0+0xc>
100059f4:	20001030 	.word	0x20001030
100059f8:	20001484 	.word	0x20001484

100059fc <tud_cdc_n_connected>:
100059fc:	b510      	push	{r4, lr}
100059fe:	0004      	movs	r4, r0
10005a00:	f7ff f9a8 	bl	10004d54 <tud_mounted>
10005a04:	2800      	cmp	r0, #0
10005a06:	d101      	bne.n	10005a0c <tud_cdc_n_connected+0x10>
10005a08:	2000      	movs	r0, #0
10005a0a:	bd10      	pop	{r4, pc}
10005a0c:	f7ff f9aa 	bl	10004d64 <tud_suspended>
10005a10:	2800      	cmp	r0, #0
10005a12:	d1f9      	bne.n	10005a08 <tud_cdc_n_connected+0xc>
10005a14:	22c8      	movs	r2, #200	@ 0xc8
10005a16:	4362      	muls	r2, r4
10005a18:	4b02      	ldr	r3, [pc, #8]	@ (10005a24 <tud_cdc_n_connected+0x28>)
10005a1a:	3001      	adds	r0, #1
10005a1c:	189b      	adds	r3, r3, r2
10005a1e:	791b      	ldrb	r3, [r3, #4]
10005a20:	4018      	ands	r0, r3
10005a22:	e7f2      	b.n	10005a0a <tud_cdc_n_connected+0xe>
10005a24:	20001030 	.word	0x20001030

10005a28 <tud_cdc_n_available>:
10005a28:	23c8      	movs	r3, #200	@ 0xc8
10005a2a:	b510      	push	{r4, lr}
10005a2c:	4343      	muls	r3, r0
10005a2e:	4802      	ldr	r0, [pc, #8]	@ (10005a38 <tud_cdc_n_available+0x10>)
10005a30:	1818      	adds	r0, r3, r0
10005a32:	f000 fb5d 	bl	100060f0 <tu_fifo_count>
10005a36:	bd10      	pop	{r4, pc}
10005a38:	20001040 	.word	0x20001040

10005a3c <tud_cdc_n_read>:
10005a3c:	b5f8      	push	{r3, r4, r5, r6, r7, lr}
10005a3e:	23c8      	movs	r3, #200	@ 0xc8
10005a40:	4343      	muls	r3, r0
10005a42:	4d1d      	ldr	r5, [pc, #116]	@ (10005ab8 <tud_cdc_n_read+0x7c>)
10005a44:	3310      	adds	r3, #16
10005a46:	18ee      	adds	r6, r5, r3
10005a48:	2380      	movs	r3, #128	@ 0x80
10005a4a:	0004      	movs	r4, r0
10005a4c:	025b      	lsls	r3, r3, #9
10005a4e:	429a      	cmp	r2, r3
10005a50:	d300      	bcc.n	10005a54 <tud_cdc_n_read+0x18>
10005a52:	4a1a      	ldr	r2, [pc, #104]	@ (10005abc <tud_cdc_n_read+0x80>)
10005a54:	0030      	movs	r0, r6
10005a56:	b292      	uxth	r2, r2
10005a58:	f000 fbcc 	bl	100061f4 <tu_fifo_read_n>
10005a5c:	0007      	movs	r7, r0
10005a5e:	f7ff f979 	bl	10004d54 <tud_mounted>
10005a62:	2800      	cmp	r0, #0
10005a64:	d101      	bne.n	10005a6a <tud_cdc_n_read+0x2e>
10005a66:	0038      	movs	r0, r7
10005a68:	bdf8      	pop	{r3, r4, r5, r6, r7, pc}
10005a6a:	f7ff f97b 	bl	10004d64 <tud_suspended>
10005a6e:	2800      	cmp	r0, #0
10005a70:	d1f9      	bne.n	10005a66 <tud_cdc_n_read+0x2a>
10005a72:	23c8      	movs	r3, #200	@ 0xc8
10005a74:	4363      	muls	r3, r4
10005a76:	18ed      	adds	r5, r5, r3
10005a78:	78eb      	ldrb	r3, [r5, #3]
10005a7a:	2b00      	cmp	r3, #0
10005a7c:	d0f3      	beq.n	10005a66 <tud_cdc_n_read+0x2a>
10005a7e:	0030      	movs	r0, r6
10005a80:	f000 fb54 	bl	1000612c <tu_fifo_remaining>
10005a84:	283f      	cmp	r0, #63	@ 0x3f
10005a86:	d9ee      	bls.n	10005a66 <tud_cdc_n_read+0x2a>
10005a88:	2000      	movs	r0, #0
10005a8a:	78e9      	ldrb	r1, [r5, #3]
10005a8c:	f7ff fe38 	bl	10005700 <usbd_edpt_claim>
10005a90:	2800      	cmp	r0, #0
10005a92:	d0e8      	beq.n	10005a66 <tud_cdc_n_read+0x2a>
10005a94:	0030      	movs	r0, r6
10005a96:	f000 fb49 	bl	1000612c <tu_fifo_remaining>
10005a9a:	78e9      	ldrb	r1, [r5, #3]
10005a9c:	283f      	cmp	r0, #63	@ 0x3f
10005a9e:	d907      	bls.n	10005ab0 <tud_cdc_n_read+0x74>
10005aa0:	4b07      	ldr	r3, [pc, #28]	@ (10005ac0 <tud_cdc_n_read+0x84>)
10005aa2:	01e2      	lsls	r2, r4, #7
10005aa4:	18d2      	adds	r2, r2, r3
10005aa6:	2000      	movs	r0, #0
10005aa8:	2340      	movs	r3, #64	@ 0x40
10005aaa:	f7ff fe51 	bl	10005750 <usbd_edpt_xfer>
10005aae:	e7da      	b.n	10005a66 <tud_cdc_n_read+0x2a>
10005ab0:	2000      	movs	r0, #0
10005ab2:	f7ff fe39 	bl	10005728 <usbd_edpt_release>
10005ab6:	e7d6      	b.n	10005a66 <tud_cdc_n_read+0x2a>
10005ab8:	20001030 	.word	0x20001030
10005abc:	0000ffff 	.word	0x0000ffff
10005ac0:	20001484 	.word	0x20001484

10005ac4 <tud_cdc_n_write_flush>:
10005ac4:	b5f8      	push	{r3, r4, r5, r6, r7, lr}
10005ac6:	0004      	movs	r4, r0
10005ac8:	f7ff f944 	bl	10004d54 <tud_mounted>
10005acc:	2800      	cmp	r0, #0
10005ace:	d101      	bne.n	10005ad4 <tud_cdc_n_write_flush+0x10>
10005ad0:	2000      	movs	r0, #0
10005ad2:	bdf8      	pop	{r3, r4, r5, r6, r7, pc}
10005ad4:	f7ff f946 	bl	10004d64 <tud_suspended>
10005ad8:	2800      	cmp	r0, #0
10005ada:	d1f9      	bne.n	10005ad0 <tud_cdc_n_write_flush+0xc>
10005adc:	23c8      	movs	r3, #200	@ 0xc8
10005ade:	0025      	movs	r5, r4
10005ae0:	435d      	muls	r5, r3
10005ae2:	002b      	movs	r3, r5
10005ae4:	4e13      	ldr	r6, [pc, #76]	@ (10005b34 <tud_cdc_n_write_flush+0x70>)
10005ae6:	3324      	adds	r3, #36	@ 0x24
10005ae8:	18f7      	adds	r7, r6, r3
10005aea:	0038      	movs	r0, r7
10005aec:	f000 fb00 	bl	100060f0 <tu_fifo_count>
10005af0:	2800      	cmp	r0, #0
10005af2:	d0ed      	beq.n	10005ad0 <tud_cdc_n_write_flush+0xc>
10005af4:	1975      	adds	r5, r6, r5
10005af6:	2000      	movs	r0, #0
10005af8:	78a9      	ldrb	r1, [r5, #2]
10005afa:	f7ff fe01 	bl	10005700 <usbd_edpt_claim>
10005afe:	2800      	cmp	r0, #0
10005b00:	d0e6      	beq.n	10005ad0 <tud_cdc_n_write_flush+0xc>
10005b02:	4a0d      	ldr	r2, [pc, #52]	@ (10005b38 <tud_cdc_n_write_flush+0x74>)
10005b04:	01e3      	lsls	r3, r4, #7
10005b06:	189c      	adds	r4, r3, r2
10005b08:	0021      	movs	r1, r4
10005b0a:	2240      	movs	r2, #64	@ 0x40
10005b0c:	0038      	movs	r0, r7
10005b0e:	f000 fb71 	bl	100061f4 <tu_fifo_read_n>
10005b12:	78a9      	ldrb	r1, [r5, #2]
10005b14:	0003      	movs	r3, r0
10005b16:	1e05      	subs	r5, r0, #0
10005b18:	d007      	beq.n	10005b2a <tud_cdc_n_write_flush+0x66>
10005b1a:	0022      	movs	r2, r4
10005b1c:	2000      	movs	r0, #0
10005b1e:	f7ff fe17 	bl	10005750 <usbd_edpt_xfer>
10005b22:	2800      	cmp	r0, #0
10005b24:	d0d4      	beq.n	10005ad0 <tud_cdc_n_write_flush+0xc>
10005b26:	0028      	movs	r0, r5
10005b28:	e7d3      	b.n	10005ad2 <tud_cdc_n_write_flush+0xe>
10005b2a:	2000      	movs	r0, #0
10005b2c:	f7ff fdfc 	bl	10005728 <usbd_edpt_release>
10005b30:	e7ce      	b.n	10005ad0 <tud_cdc_n_write_flush+0xc>
10005b32:	46c0      	nop			@ (mov r8, r8)
10005b34:	20001030 	.word	0x20001030
10005b38:	200014c4 	.word	0x200014c4

10005b3c <tud_cdc_n_write>:
10005b3c:	b570      	push	{r4, r5, r6, lr}
10005b3e:	24c8      	movs	r4, #200	@ 0xc8
10005b40:	4344      	muls	r4, r0
10005b42:	4b0c      	ldr	r3, [pc, #48]	@ (10005b74 <tud_cdc_n_write+0x38>)
10005b44:	0005      	movs	r5, r0
10005b46:	18e4      	adds	r4, r4, r3
10005b48:	2380      	movs	r3, #128	@ 0x80
10005b4a:	025b      	lsls	r3, r3, #9
10005b4c:	429a      	cmp	r2, r3
10005b4e:	d300      	bcc.n	10005b52 <tud_cdc_n_write+0x16>
10005b50:	4a09      	ldr	r2, [pc, #36]	@ (10005b78 <tud_cdc_n_write+0x3c>)
10005b52:	0020      	movs	r0, r4
10005b54:	b292      	uxth	r2, r2
10005b56:	f000 fc15 	bl	10006384 <tu_fifo_write_n>
10005b5a:	0006      	movs	r6, r0
10005b5c:	0020      	movs	r0, r4
10005b5e:	f000 fac7 	bl	100060f0 <tu_fifo_count>
10005b62:	283f      	cmp	r0, #63	@ 0x3f
10005b64:	d801      	bhi.n	10005b6a <tud_cdc_n_write+0x2e>
10005b66:	0030      	movs	r0, r6
10005b68:	bd70      	pop	{r4, r5, r6, pc}
10005b6a:	0028      	movs	r0, r5
10005b6c:	f7ff ffaa 	bl	10005ac4 <tud_cdc_n_write_flush>
10005b70:	e7f9      	b.n	10005b66 <tud_cdc_n_write+0x2a>
10005b72:	46c0      	nop			@ (mov r8, r8)
10005b74:	20001054 	.word	0x20001054
10005b78:	0000ffff 	.word	0x0000ffff

10005b7c <tud_cdc_n_write_available>:
10005b7c:	23c8      	movs	r3, #200	@ 0xc8
10005b7e:	b510      	push	{r4, lr}
10005b80:	4343      	muls	r3, r0
10005b82:	4802      	ldr	r0, [pc, #8]	@ (10005b8c <tud_cdc_n_write_available+0x10>)
10005b84:	1818      	adds	r0, r3, r0
10005b86:	f000 fad1 	bl	1000612c <tu_fifo_remaining>
10005b8a:	bd10      	pop	{r4, pc}
10005b8c:	20001054 	.word	0x20001054

10005b90 <cdcd_init>:
10005b90:	b5f0      	push	{r4, r5, r6, r7, lr}
10005b92:	2500      	movs	r5, #0
10005b94:	4c18      	ldr	r4, [pc, #96]	@ (10005bf8 <cdcd_init+0x68>)
10005b96:	b083      	sub	sp, #12
10005b98:	22c8      	movs	r2, #200	@ 0xc8
10005b9a:	2100      	movs	r1, #0
10005b9c:	0020      	movs	r0, r4
10005b9e:	f7fc fd4b 	bl	10002638 <__wrap_memset>
10005ba2:	4b16      	ldr	r3, [pc, #88]	@ (10005bfc <cdcd_init+0x6c>)
10005ba4:	0021      	movs	r1, r4
10005ba6:	701d      	strb	r5, [r3, #0]
10005ba8:	23ff      	movs	r3, #255	@ 0xff
10005baa:	7163      	strb	r3, [r4, #5]
10005bac:	23e1      	movs	r3, #225	@ 0xe1
10005bae:	025b      	lsls	r3, r3, #9
10005bb0:	60a3      	str	r3, [r4, #8]
10005bb2:	0020      	movs	r0, r4
10005bb4:	2308      	movs	r3, #8
10005bb6:	2240      	movs	r2, #64	@ 0x40
10005bb8:	73a3      	strb	r3, [r4, #14]
10005bba:	3138      	adds	r1, #56	@ 0x38
10005bbc:	9500      	str	r5, [sp, #0]
10005bbe:	3b07      	subs	r3, #7
10005bc0:	3010      	adds	r0, #16
10005bc2:	f000 fa5f 	bl	10006084 <tu_fifo_config>
10005bc6:	0027      	movs	r7, r4
10005bc8:	2301      	movs	r3, #1
10005bca:	0021      	movs	r1, r4
10005bcc:	0020      	movs	r0, r4
10005bce:	0026      	movs	r6, r4
10005bd0:	2240      	movs	r2, #64	@ 0x40
10005bd2:	3178      	adds	r1, #120	@ 0x78
10005bd4:	9300      	str	r3, [sp, #0]
10005bd6:	37b8      	adds	r7, #184	@ 0xb8
10005bd8:	3024      	adds	r0, #36	@ 0x24
10005bda:	f000 fa53 	bl	10006084 <tu_fifo_config>
10005bde:	36c0      	adds	r6, #192	@ 0xc0
10005be0:	0038      	movs	r0, r7
10005be2:	f7fa feb5 	bl	10000950 <mutex_init>
10005be6:	0030      	movs	r0, r6
10005be8:	f7fa feb2 	bl	10000950 <mutex_init>
10005bec:	61e5      	str	r5, [r4, #28]
10005bee:	6227      	str	r7, [r4, #32]
10005bf0:	6326      	str	r6, [r4, #48]	@ 0x30
10005bf2:	6365      	str	r5, [r4, #52]	@ 0x34
10005bf4:	b003      	add	sp, #12
10005bf6:	bdf0      	pop	{r4, r5, r6, r7, pc}
10005bf8:	20001030 	.word	0x20001030
10005bfc:	20001504 	.word	0x20001504

10005c00 <cdcd_deinit>:
10005c00:	4b0a      	ldr	r3, [pc, #40]	@ (10005c2c <cdcd_deinit+0x2c>)
10005c02:	6b19      	ldr	r1, [r3, #48]	@ 0x30
10005c04:	6a1a      	ldr	r2, [r3, #32]
10005c06:	2900      	cmp	r1, #0
10005c08:	d00c      	beq.n	10005c24 <cdcd_deinit+0x24>
10005c0a:	2a00      	cmp	r2, #0
10005c0c:	d007      	beq.n	10005c1e <cdcd_deinit+0x1e>
10005c0e:	2200      	movs	r2, #0
10005c10:	61da      	str	r2, [r3, #28]
10005c12:	635a      	str	r2, [r3, #52]	@ 0x34
10005c14:	631a      	str	r2, [r3, #48]	@ 0x30
10005c16:	2200      	movs	r2, #0
10005c18:	621a      	str	r2, [r3, #32]
10005c1a:	2001      	movs	r0, #1
10005c1c:	4770      	bx	lr
10005c1e:	635a      	str	r2, [r3, #52]	@ 0x34
10005c20:	631a      	str	r2, [r3, #48]	@ 0x30
10005c22:	e7fa      	b.n	10005c1a <cdcd_deinit+0x1a>
10005c24:	2a00      	cmp	r2, #0
10005c26:	d0f8      	beq.n	10005c1a <cdcd_deinit+0x1a>
10005c28:	61d9      	str	r1, [r3, #28]
10005c2a:	e7f4      	b.n	10005c16 <cdcd_deinit+0x16>
10005c2c:	20001030 	.word	0x20001030

10005c30 <cdcd_reset>:
10005c30:	b570      	push	{r4, r5, r6, lr}
10005c32:	2205      	movs	r2, #5
10005c34:	2100      	movs	r1, #0
10005c36:	480d      	ldr	r0, [pc, #52]	@ (10005c6c <cdcd_reset+0x3c>)
10005c38:	f7fc fcfe 	bl	10002638 <__wrap_memset>
10005c3c:	4d0c      	ldr	r5, [pc, #48]	@ (10005c70 <cdcd_reset+0x40>)
10005c3e:	782b      	ldrb	r3, [r5, #0]
10005c40:	07da      	lsls	r2, r3, #31
10005c42:	d507      	bpl.n	10005c54 <cdcd_reset+0x24>
10005c44:	4c0b      	ldr	r4, [pc, #44]	@ (10005c74 <cdcd_reset+0x44>)
10005c46:	079b      	lsls	r3, r3, #30
10005c48:	d50c      	bpl.n	10005c64 <cdcd_reset+0x34>
10005c4a:	2101      	movs	r1, #1
10005c4c:	0020      	movs	r0, r4
10005c4e:	f000 fc6d 	bl	1000652c <tu_fifo_set_overwritable>
10005c52:	bd70      	pop	{r4, r5, r6, pc}
10005c54:	4805      	ldr	r0, [pc, #20]	@ (10005c6c <cdcd_reset+0x3c>)
10005c56:	3010      	adds	r0, #16
10005c58:	f000 fc48 	bl	100064ec <tu_fifo_clear>
10005c5c:	782b      	ldrb	r3, [r5, #0]
10005c5e:	4c05      	ldr	r4, [pc, #20]	@ (10005c74 <cdcd_reset+0x44>)
10005c60:	079b      	lsls	r3, r3, #30
10005c62:	d4f2      	bmi.n	10005c4a <cdcd_reset+0x1a>
10005c64:	0020      	movs	r0, r4
10005c66:	f000 fc41 	bl	100064ec <tu_fifo_clear>
10005c6a:	e7ee      	b.n	10005c4a <cdcd_reset+0x1a>
10005c6c:	20001030 	.word	0x20001030
10005c70:	20001504 	.word	0x20001504
10005c74:	20001054 	.word	0x20001054

10005c78 <cdcd_open>:
10005c78:	b5f0      	push	{r4, r5, r6, r7, lr}
10005c7a:	794b      	ldrb	r3, [r1, #5]
10005c7c:	0007      	movs	r7, r0
10005c7e:	b083      	sub	sp, #12
10005c80:	2b02      	cmp	r3, #2
10005c82:	d102      	bne.n	10005c8a <cdcd_open+0x12>
10005c84:	798b      	ldrb	r3, [r1, #6]
10005c86:	2b02      	cmp	r3, #2
10005c88:	d003      	beq.n	10005c92 <cdcd_open+0x1a>
10005c8a:	2400      	movs	r4, #0
10005c8c:	0020      	movs	r0, r4
10005c8e:	b003      	add	sp, #12
10005c90:	bdf0      	pop	{r4, r5, r6, r7, pc}
10005c92:	4b21      	ldr	r3, [pc, #132]	@ (10005d18 <cdcd_open+0xa0>)
10005c94:	001e      	movs	r6, r3
10005c96:	789b      	ldrb	r3, [r3, #2]
10005c98:	2b00      	cmp	r3, #0
10005c9a:	d1f6      	bne.n	10005c8a <cdcd_open+0x12>
10005c9c:	788b      	ldrb	r3, [r1, #2]
10005c9e:	2409      	movs	r4, #9
10005ca0:	7033      	strb	r3, [r6, #0]
10005ca2:	780d      	ldrb	r5, [r1, #0]
10005ca4:	194d      	adds	r5, r1, r5
10005ca6:	786b      	ldrb	r3, [r5, #1]
10005ca8:	2b24      	cmp	r3, #36	@ 0x24
10005caa:	d007      	beq.n	10005cbc <cdcd_open+0x44>
10005cac:	e00c      	b.n	10005cc8 <cdcd_open+0x50>
10005cae:	782b      	ldrb	r3, [r5, #0]
10005cb0:	18ed      	adds	r5, r5, r3
10005cb2:	191c      	adds	r4, r3, r4
10005cb4:	786b      	ldrb	r3, [r5, #1]
10005cb6:	b2a4      	uxth	r4, r4
10005cb8:	2b24      	cmp	r3, #36	@ 0x24
10005cba:	d105      	bne.n	10005cc8 <cdcd_open+0x50>
10005cbc:	42a2      	cmp	r2, r4
10005cbe:	d2f6      	bcs.n	10005cae <cdcd_open+0x36>
10005cc0:	2000      	movs	r0, #0
10005cc2:	f7ff fe65 	bl	10005990 <_prep_out_transaction.isra.0>
10005cc6:	e7e1      	b.n	10005c8c <cdcd_open+0x14>
10005cc8:	001a      	movs	r2, r3
10005cca:	2b05      	cmp	r3, #5
10005ccc:	d015      	beq.n	10005cfa <cdcd_open+0x82>
10005cce:	2a04      	cmp	r2, #4
10005cd0:	d1f6      	bne.n	10005cc0 <cdcd_open+0x48>
10005cd2:	796b      	ldrb	r3, [r5, #5]
10005cd4:	2b0a      	cmp	r3, #10
10005cd6:	d1f3      	bne.n	10005cc0 <cdcd_open+0x48>
10005cd8:	4b10      	ldr	r3, [pc, #64]	@ (10005d1c <cdcd_open+0xa4>)
10005cda:	782e      	ldrb	r6, [r5, #0]
10005cdc:	9301      	str	r3, [sp, #4]
10005cde:	3301      	adds	r3, #1
10005ce0:	9300      	str	r3, [sp, #0]
10005ce2:	0038      	movs	r0, r7
10005ce4:	2302      	movs	r3, #2
10005ce6:	19a9      	adds	r1, r5, r6
10005ce8:	3a02      	subs	r2, #2
10005cea:	f7ff fca3 	bl	10005634 <usbd_open_edpt_pair>
10005cee:	2800      	cmp	r0, #0
10005cf0:	d0cb      	beq.n	10005c8a <cdcd_open+0x12>
10005cf2:	340e      	adds	r4, #14
10005cf4:	19a4      	adds	r4, r4, r6
10005cf6:	b2a4      	uxth	r4, r4
10005cf8:	e7e2      	b.n	10005cc0 <cdcd_open+0x48>
10005cfa:	0029      	movs	r1, r5
10005cfc:	0038      	movs	r0, r7
10005cfe:	f7ff fce5 	bl	100056cc <usbd_edpt_open>
10005d02:	2800      	cmp	r0, #0
10005d04:	d0c1      	beq.n	10005c8a <cdcd_open+0x12>
10005d06:	78ab      	ldrb	r3, [r5, #2]
10005d08:	7073      	strb	r3, [r6, #1]
10005d0a:	782b      	ldrb	r3, [r5, #0]
10005d0c:	191c      	adds	r4, r3, r4
10005d0e:	18ed      	adds	r5, r5, r3
10005d10:	786a      	ldrb	r2, [r5, #1]
10005d12:	b2a4      	uxth	r4, r4
10005d14:	e7db      	b.n	10005cce <cdcd_open+0x56>
10005d16:	46c0      	nop			@ (mov r8, r8)
10005d18:	20001030 	.word	0x20001030
10005d1c:	20001032 	.word	0x20001032

10005d20 <cdcd_control_xfer_cb>:
10005d20:	2360      	movs	r3, #96	@ 0x60
10005d22:	468c      	mov	ip, r1
10005d24:	0011      	movs	r1, r2
10005d26:	7812      	ldrb	r2, [r2, #0]
10005d28:	b570      	push	{r4, r5, r6, lr}
10005d2a:	4013      	ands	r3, r2
10005d2c:	2200      	movs	r2, #0
10005d2e:	2b20      	cmp	r3, #32
10005d30:	d108      	bne.n	10005d44 <cdcd_control_xfer_cb+0x24>
10005d32:	4c32      	ldr	r4, [pc, #200]	@ (10005dfc <cdcd_control_xfer_cb+0xdc>)
10005d34:	794b      	ldrb	r3, [r1, #5]
10005d36:	0026      	movs	r6, r4
10005d38:	790d      	ldrb	r5, [r1, #4]
10005d3a:	7824      	ldrb	r4, [r4, #0]
10005d3c:	021b      	lsls	r3, r3, #8
10005d3e:	432b      	orrs	r3, r5
10005d40:	429c      	cmp	r4, r3
10005d42:	d001      	beq.n	10005d48 <cdcd_control_xfer_cb+0x28>
10005d44:	0010      	movs	r0, r2
10005d46:	bd70      	pop	{r4, r5, r6, pc}
10005d48:	784b      	ldrb	r3, [r1, #1]
10005d4a:	2b22      	cmp	r3, #34	@ 0x22
10005d4c:	d01c      	beq.n	10005d88 <cdcd_control_xfer_cb+0x68>
10005d4e:	d808      	bhi.n	10005d62 <cdcd_control_xfer_cb+0x42>
10005d50:	2b20      	cmp	r3, #32
10005d52:	d039      	beq.n	10005dc8 <cdcd_control_xfer_cb+0xa8>
10005d54:	2b21      	cmp	r3, #33	@ 0x21
10005d56:	d1f5      	bne.n	10005d44 <cdcd_control_xfer_cb+0x24>
10005d58:	4663      	mov	r3, ip
10005d5a:	2b01      	cmp	r3, #1
10005d5c:	d043      	beq.n	10005de6 <cdcd_control_xfer_cb+0xc6>
10005d5e:	2201      	movs	r2, #1
10005d60:	e7f0      	b.n	10005d44 <cdcd_control_xfer_cb+0x24>
10005d62:	2b23      	cmp	r3, #35	@ 0x23
10005d64:	d1ee      	bne.n	10005d44 <cdcd_control_xfer_cb+0x24>
10005d66:	4663      	mov	r3, ip
10005d68:	2b01      	cmp	r3, #1
10005d6a:	d042      	beq.n	10005df2 <cdcd_control_xfer_cb+0xd2>
10005d6c:	2b03      	cmp	r3, #3
10005d6e:	d1f6      	bne.n	10005d5e <cdcd_control_xfer_cb+0x3e>
10005d70:	4b23      	ldr	r3, [pc, #140]	@ (10005e00 <cdcd_control_xfer_cb+0xe0>)
10005d72:	2b00      	cmp	r3, #0
10005d74:	d0f3      	beq.n	10005d5e <cdcd_control_xfer_cb+0x3e>
10005d76:	788b      	ldrb	r3, [r1, #2]
10005d78:	78c9      	ldrb	r1, [r1, #3]
10005d7a:	2000      	movs	r0, #0
10005d7c:	0209      	lsls	r1, r1, #8
10005d7e:	4319      	orrs	r1, r3
10005d80:	e000      	b.n	10005d84 <cdcd_control_xfer_cb+0x64>
10005d82:	bf00      	nop
10005d84:	2201      	movs	r2, #1
10005d86:	e7dd      	b.n	10005d44 <cdcd_control_xfer_cb+0x24>
10005d88:	4663      	mov	r3, ip
10005d8a:	2b01      	cmp	r3, #1
10005d8c:	d031      	beq.n	10005df2 <cdcd_control_xfer_cb+0xd2>
10005d8e:	2b03      	cmp	r3, #3
10005d90:	d1e5      	bne.n	10005d5e <cdcd_control_xfer_cb+0x3e>
10005d92:	2501      	movs	r5, #1
10005d94:	78cb      	ldrb	r3, [r1, #3]
10005d96:	788a      	ldrb	r2, [r1, #2]
10005d98:	021b      	lsls	r3, r3, #8
10005d9a:	4313      	orrs	r3, r2
10005d9c:	001c      	movs	r4, r3
10005d9e:	401d      	ands	r5, r3
10005da0:	0033      	movs	r3, r6
10005da2:	2101      	movs	r1, #1
10005da4:	3324      	adds	r3, #36	@ 0x24
10005da6:	0018      	movs	r0, r3
10005da8:	4069      	eors	r1, r5
10005daa:	7134      	strb	r4, [r6, #4]
10005dac:	f000 fbbe 	bl	1000652c <tu_fifo_set_overwritable>
10005db0:	4b14      	ldr	r3, [pc, #80]	@ (10005e04 <cdcd_control_xfer_cb+0xe4>)
10005db2:	2b00      	cmp	r3, #0
10005db4:	d0d3      	beq.n	10005d5e <cdcd_control_xfer_cb+0x3e>
10005db6:	2301      	movs	r3, #1
10005db8:	0862      	lsrs	r2, r4, #1
10005dba:	401a      	ands	r2, r3
10005dbc:	0029      	movs	r1, r5
10005dbe:	2000      	movs	r0, #0
10005dc0:	e000      	b.n	10005dc4 <cdcd_control_xfer_cb+0xa4>
10005dc2:	bf00      	nop
10005dc4:	2201      	movs	r2, #1
10005dc6:	e7bd      	b.n	10005d44 <cdcd_control_xfer_cb+0x24>
10005dc8:	4663      	mov	r3, ip
10005dca:	2b01      	cmp	r3, #1
10005dcc:	d00b      	beq.n	10005de6 <cdcd_control_xfer_cb+0xc6>
10005dce:	2b03      	cmp	r3, #3
10005dd0:	d1c5      	bne.n	10005d5e <cdcd_control_xfer_cb+0x3e>
10005dd2:	4b0d      	ldr	r3, [pc, #52]	@ (10005e08 <cdcd_control_xfer_cb+0xe8>)
10005dd4:	2b00      	cmp	r3, #0
10005dd6:	d0c2      	beq.n	10005d5e <cdcd_control_xfer_cb+0x3e>
10005dd8:	0031      	movs	r1, r6
10005dda:	2000      	movs	r0, #0
10005ddc:	3108      	adds	r1, #8
10005dde:	f7fe fe15 	bl	10004a0c <tud_cdc_line_coding_cb>
10005de2:	2201      	movs	r2, #1
10005de4:	e7ae      	b.n	10005d44 <cdcd_control_xfer_cb+0x24>
10005de6:	4a09      	ldr	r2, [pc, #36]	@ (10005e0c <cdcd_control_xfer_cb+0xec>)
10005de8:	2307      	movs	r3, #7
10005dea:	f7ff fcef 	bl	100057cc <tud_control_xfer>
10005dee:	2201      	movs	r2, #1
10005df0:	e7a8      	b.n	10005d44 <cdcd_control_xfer_cb+0x24>
10005df2:	f7ff fcd5 	bl	100057a0 <tud_control_status>
10005df6:	2201      	movs	r2, #1
10005df8:	e7a4      	b.n	10005d44 <cdcd_control_xfer_cb+0x24>
10005dfa:	46c0      	nop			@ (mov r8, r8)
10005dfc:	20001030 	.word	0x20001030
	...
10005e08:	10004a0d 	.word	0x10004a0d
10005e0c:	20001038 	.word	0x20001038

10005e10 <cdcd_xfer_cb>:
10005e10:	b5f8      	push	{r3, r4, r5, r6, r7, lr}
10005e12:	4647      	mov	r7, r8
10005e14:	46ce      	mov	lr, r9
10005e16:	b580      	push	{r7, lr}
10005e18:	4c34      	ldr	r4, [pc, #208]	@ (10005eec <cdcd_xfer_cb+0xdc>)
10005e1a:	001f      	movs	r7, r3
10005e1c:	78e3      	ldrb	r3, [r4, #3]
10005e1e:	4680      	mov	r8, r0
10005e20:	000d      	movs	r5, r1
10005e22:	428b      	cmp	r3, r1
10005e24:	d03b      	beq.n	10005e9e <cdcd_xfer_cb+0x8e>
10005e26:	78a3      	ldrb	r3, [r4, #2]
10005e28:	2000      	movs	r0, #0
10005e2a:	428b      	cmp	r3, r1
10005e2c:	d011      	beq.n	10005e52 <cdcd_xfer_cb+0x42>
10005e2e:	bcc0      	pop	{r6, r7}
10005e30:	46b9      	mov	r9, r7
10005e32:	46b0      	mov	r8, r6
10005e34:	bdf8      	pop	{r3, r4, r5, r6, r7, pc}
10005e36:	4b2e      	ldr	r3, [pc, #184]	@ (10005ef0 <cdcd_xfer_cb+0xe0>)
10005e38:	2b00      	cmp	r3, #0
10005e3a:	d004      	beq.n	10005e46 <cdcd_xfer_cb+0x36>
10005e3c:	482d      	ldr	r0, [pc, #180]	@ (10005ef4 <cdcd_xfer_cb+0xe4>)
10005e3e:	f000 f96d 	bl	1000611c <tu_fifo_empty>
10005e42:	2800      	cmp	r0, #0
10005e44:	d04f      	beq.n	10005ee6 <cdcd_xfer_cb+0xd6>
10005e46:	2000      	movs	r0, #0
10005e48:	f7ff fda2 	bl	10005990 <_prep_out_transaction.isra.0>
10005e4c:	78a3      	ldrb	r3, [r4, #2]
10005e4e:	42ab      	cmp	r3, r5
10005e50:	d10a      	bne.n	10005e68 <cdcd_xfer_cb+0x58>
10005e52:	4b29      	ldr	r3, [pc, #164]	@ (10005ef8 <cdcd_xfer_cb+0xe8>)
10005e54:	2b00      	cmp	r3, #0
10005e56:	d002      	beq.n	10005e5e <cdcd_xfer_cb+0x4e>
10005e58:	2000      	movs	r0, #0
10005e5a:	e000      	b.n	10005e5e <cdcd_xfer_cb+0x4e>
10005e5c:	bf00      	nop
10005e5e:	2000      	movs	r0, #0
10005e60:	f7ff fe30 	bl	10005ac4 <tud_cdc_n_write_flush>
10005e64:	2800      	cmp	r0, #0
10005e66:	d001      	beq.n	10005e6c <cdcd_xfer_cb+0x5c>
10005e68:	2001      	movs	r0, #1
10005e6a:	e7e0      	b.n	10005e2e <cdcd_xfer_cb+0x1e>
10005e6c:	4c23      	ldr	r4, [pc, #140]	@ (10005efc <cdcd_xfer_cb+0xec>)
10005e6e:	0020      	movs	r0, r4
10005e70:	f000 f93e 	bl	100060f0 <tu_fifo_count>
10005e74:	2800      	cmp	r0, #0
10005e76:	d1f7      	bne.n	10005e68 <cdcd_xfer_cb+0x58>
10005e78:	2f00      	cmp	r7, #0
10005e7a:	d0f5      	beq.n	10005e68 <cdcd_xfer_cb+0x58>
10005e7c:	06bb      	lsls	r3, r7, #26
10005e7e:	d1f3      	bne.n	10005e68 <cdcd_xfer_cb+0x58>
10005e80:	3c24      	subs	r4, #36	@ 0x24
10005e82:	4640      	mov	r0, r8
10005e84:	78a1      	ldrb	r1, [r4, #2]
10005e86:	f7ff fc3b 	bl	10005700 <usbd_edpt_claim>
10005e8a:	2800      	cmp	r0, #0
10005e8c:	d0ec      	beq.n	10005e68 <cdcd_xfer_cb+0x58>
10005e8e:	2300      	movs	r3, #0
10005e90:	2200      	movs	r2, #0
10005e92:	4640      	mov	r0, r8
10005e94:	78a1      	ldrb	r1, [r4, #2]
10005e96:	f7ff fc5b 	bl	10005750 <usbd_edpt_xfer>
10005e9a:	2001      	movs	r0, #1
10005e9c:	e7c7      	b.n	10005e2e <cdcd_xfer_cb+0x1e>
10005e9e:	4e18      	ldr	r6, [pc, #96]	@ (10005f00 <cdcd_xfer_cb+0xf0>)
10005ea0:	4814      	ldr	r0, [pc, #80]	@ (10005ef4 <cdcd_xfer_cb+0xe4>)
10005ea2:	0031      	movs	r1, r6
10005ea4:	b2ba      	uxth	r2, r7
10005ea6:	f000 fa6d 	bl	10006384 <tu_fifo_write_n>
10005eaa:	4b16      	ldr	r3, [pc, #88]	@ (10005f04 <cdcd_xfer_cb+0xf4>)
10005eac:	2b00      	cmp	r3, #0
10005eae:	d0c2      	beq.n	10005e36 <cdcd_xfer_cb+0x26>
10005eb0:	7963      	ldrb	r3, [r4, #5]
10005eb2:	2bff      	cmp	r3, #255	@ 0xff
10005eb4:	d0bf      	beq.n	10005e36 <cdcd_xfer_cb+0x26>
10005eb6:	2f00      	cmp	r7, #0
10005eb8:	d0bd      	beq.n	10005e36 <cdcd_xfer_cb+0x26>
10005eba:	46bc      	mov	ip, r7
10005ebc:	44b4      	add	ip, r6
10005ebe:	46e1      	mov	r9, ip
10005ec0:	e003      	b.n	10005eca <cdcd_xfer_cb+0xba>
10005ec2:	3601      	adds	r6, #1
10005ec4:	454e      	cmp	r6, r9
10005ec6:	d0b6      	beq.n	10005e36 <cdcd_xfer_cb+0x26>
10005ec8:	7963      	ldrb	r3, [r4, #5]
10005eca:	7832      	ldrb	r2, [r6, #0]
10005ecc:	429a      	cmp	r2, r3
10005ece:	d1f8      	bne.n	10005ec2 <cdcd_xfer_cb+0xb2>
10005ed0:	4808      	ldr	r0, [pc, #32]	@ (10005ef4 <cdcd_xfer_cb+0xe4>)
10005ed2:	f000 f923 	bl	1000611c <tu_fifo_empty>
10005ed6:	2800      	cmp	r0, #0
10005ed8:	d1f3      	bne.n	10005ec2 <cdcd_xfer_cb+0xb2>
10005eda:	4b06      	ldr	r3, [pc, #24]	@ (10005ef4 <cdcd_xfer_cb+0xe4>)
10005edc:	3b10      	subs	r3, #16
10005ede:	7959      	ldrb	r1, [r3, #5]
10005ee0:	e000      	b.n	10005ee4 <cdcd_xfer_cb+0xd4>
10005ee2:	bf00      	nop
10005ee4:	e7ed      	b.n	10005ec2 <cdcd_xfer_cb+0xb2>
10005ee6:	e000      	b.n	10005eea <cdcd_xfer_cb+0xda>
10005ee8:	bf00      	nop
10005eea:	e7ac      	b.n	10005e46 <cdcd_xfer_cb+0x36>
10005eec:	20001030 	.word	0x20001030
10005ef0:	00000000 	.word	0x00000000
10005ef4:	20001040 	.word	0x20001040
10005ef8:	00000000 	.word	0x00000000
10005efc:	20001054 	.word	0x20001054
10005f00:	20001484 	.word	0x20001484
10005f04:	00000000 	.word	0x00000000

10005f08 <tusb_rhport_init>:
10005f08:	b500      	push	{lr}
10005f0a:	0003      	movs	r3, r0
10005f0c:	b083      	sub	sp, #12
10005f0e:	2900      	cmp	r1, #0
10005f10:	d010      	beq.n	10005f34 <tusb_rhport_init+0x2c>
10005f12:	2000      	movs	r0, #0
10005f14:	2b01      	cmp	r3, #1
10005f16:	d807      	bhi.n	10005f28 <tusb_rhport_init+0x20>
10005f18:	780a      	ldrb	r2, [r1, #0]
10005f1a:	2a00      	cmp	r2, #0
10005f1c:	d004      	beq.n	10005f28 <tusb_rhport_init+0x20>
10005f1e:	480c      	ldr	r0, [pc, #48]	@ (10005f50 <tusb_rhport_init+0x48>)
10005f20:	54c2      	strb	r2, [r0, r3]
10005f22:	2001      	movs	r0, #1
10005f24:	2a01      	cmp	r2, #1
10005f26:	d001      	beq.n	10005f2c <tusb_rhport_init+0x24>
10005f28:	b003      	add	sp, #12
10005f2a:	bd00      	pop	{pc}
10005f2c:	0018      	movs	r0, r3
10005f2e:	f7fe ff21 	bl	10004d74 <tud_rhport_init>
10005f32:	e7f9      	b.n	10005f28 <tusb_rhport_init+0x20>
10005f34:	2301      	movs	r3, #1
10005f36:	466a      	mov	r2, sp
10005f38:	2000      	movs	r0, #0
10005f3a:	a901      	add	r1, sp, #4
10005f3c:	8093      	strh	r3, [r2, #4]
10005f3e:	f7fe ff19 	bl	10004d74 <tud_rhport_init>
10005f42:	2800      	cmp	r0, #0
10005f44:	d0f0      	beq.n	10005f28 <tusb_rhport_init+0x20>
10005f46:	2201      	movs	r2, #1
10005f48:	4b01      	ldr	r3, [pc, #4]	@ (10005f50 <tusb_rhport_init+0x48>)
10005f4a:	701a      	strb	r2, [r3, #0]
10005f4c:	e7ec      	b.n	10005f28 <tusb_rhport_init+0x20>
10005f4e:	46c0      	nop			@ (mov r8, r8)
10005f50:	2000155c 	.word	0x2000155c

10005f54 <tu_edpt_claim>:
10005f54:	b570      	push	{r4, r5, r6, lr}
10005f56:	0004      	movs	r4, r0
10005f58:	7823      	ldrb	r3, [r4, #0]
10005f5a:	0008      	movs	r0, r1
10005f5c:	07db      	lsls	r3, r3, #31
10005f5e:	000e      	movs	r6, r1
10005f60:	0fdd      	lsrs	r5, r3, #31
10005f62:	2b00      	cmp	r3, #0
10005f64:	d116      	bne.n	10005f94 <tu_edpt_claim+0x40>
10005f66:	7823      	ldrb	r3, [r4, #0]
10005f68:	075b      	lsls	r3, r3, #29
10005f6a:	d501      	bpl.n	10005f70 <tu_edpt_claim+0x1c>
10005f6c:	0028      	movs	r0, r5
10005f6e:	bd70      	pop	{r4, r5, r6, pc}
10005f70:	2101      	movs	r1, #1
10005f72:	4249      	negs	r1, r1
10005f74:	f000 fb78 	bl	10006668 <__mutex_enter_timeout_ms_veneer>
10005f78:	7823      	ldrb	r3, [r4, #0]
10005f7a:	07db      	lsls	r3, r3, #31
10005f7c:	0fdd      	lsrs	r5, r3, #31
10005f7e:	2b00      	cmp	r3, #0
10005f80:	d10a      	bne.n	10005f98 <tu_edpt_claim+0x44>
10005f82:	7823      	ldrb	r3, [r4, #0]
10005f84:	075b      	lsls	r3, r3, #29
10005f86:	d408      	bmi.n	10005f9a <tu_edpt_claim+0x46>
10005f88:	2204      	movs	r2, #4
10005f8a:	7823      	ldrb	r3, [r4, #0]
10005f8c:	2501      	movs	r5, #1
10005f8e:	4313      	orrs	r3, r2
10005f90:	7023      	strb	r3, [r4, #0]
10005f92:	e002      	b.n	10005f9a <tu_edpt_claim+0x46>
10005f94:	2500      	movs	r5, #0
10005f96:	e7e9      	b.n	10005f6c <tu_edpt_claim+0x18>
10005f98:	2500      	movs	r5, #0
10005f9a:	0030      	movs	r0, r6
10005f9c:	f000 fb74 	bl	10006688 <__mutex_exit_veneer>
10005fa0:	e7e4      	b.n	10005f6c <tu_edpt_claim+0x18>
10005fa2:	46c0      	nop			@ (mov r8, r8)

10005fa4 <tu_edpt_release>:
10005fa4:	b570      	push	{r4, r5, r6, lr}
10005fa6:	000d      	movs	r5, r1
10005fa8:	2101      	movs	r1, #1
10005faa:	0004      	movs	r4, r0
10005fac:	4249      	negs	r1, r1
10005fae:	0028      	movs	r0, r5
10005fb0:	f000 fb5a 	bl	10006668 <__mutex_enter_timeout_ms_veneer>
10005fb4:	7823      	ldrb	r3, [r4, #0]
10005fb6:	075b      	lsls	r3, r3, #29
10005fb8:	0fde      	lsrs	r6, r3, #31
10005fba:	2b00      	cmp	r3, #0
10005fbc:	db04      	blt.n	10005fc8 <tu_edpt_release+0x24>
10005fbe:	0028      	movs	r0, r5
10005fc0:	f000 fb62 	bl	10006688 <__mutex_exit_veneer>
10005fc4:	0030      	movs	r0, r6
10005fc6:	bd70      	pop	{r4, r5, r6, pc}
10005fc8:	7823      	ldrb	r3, [r4, #0]
10005fca:	07db      	lsls	r3, r3, #31
10005fcc:	d404      	bmi.n	10005fd8 <tu_edpt_release+0x34>
10005fce:	2204      	movs	r2, #4
10005fd0:	7823      	ldrb	r3, [r4, #0]
10005fd2:	4393      	bics	r3, r2
10005fd4:	7023      	strb	r3, [r4, #0]
10005fd6:	e7f2      	b.n	10005fbe <tu_edpt_release+0x1a>
10005fd8:	2600      	movs	r6, #0
10005fda:	e7f0      	b.n	10005fbe <tu_edpt_release+0x1a>

10005fdc <tu_edpt_validate>:
10005fdc:	7943      	ldrb	r3, [r0, #5]
10005fde:	7902      	ldrb	r2, [r0, #4]
10005fe0:	021b      	lsls	r3, r3, #8
10005fe2:	4313      	orrs	r3, r2
10005fe4:	78c2      	ldrb	r2, [r0, #3]
10005fe6:	055b      	lsls	r3, r3, #21
10005fe8:	0792      	lsls	r2, r2, #30
10005fea:	0d5b      	lsrs	r3, r3, #21
10005fec:	0f92      	lsrs	r2, r2, #30
10005fee:	2a02      	cmp	r2, #2
10005ff0:	d01a      	beq.n	10006028 <tu_edpt_validate+0x4c>
10005ff2:	2a03      	cmp	r2, #3
10005ff4:	d00b      	beq.n	1000600e <tu_edpt_validate+0x32>
10005ff6:	2000      	movs	r0, #0
10005ff8:	2a01      	cmp	r2, #1
10005ffa:	d107      	bne.n	1000600c <tu_edpt_validate+0x30>
10005ffc:	3902      	subs	r1, #2
10005ffe:	424a      	negs	r2, r1
10006000:	4151      	adcs	r1, r2
10006002:	4a10      	ldr	r2, [pc, #64]	@ (10006044 <tu_edpt_validate+0x68>)
10006004:	1889      	adds	r1, r1, r2
10006006:	4299      	cmp	r1, r3
10006008:	4140      	adcs	r0, r0
1000600a:	b2c0      	uxtb	r0, r0
1000600c:	4770      	bx	lr
1000600e:	3902      	subs	r1, #2
10006010:	1e4a      	subs	r2, r1, #1
10006012:	4191      	sbcs	r1, r2
10006014:	4a0c      	ldr	r2, [pc, #48]	@ (10006048 <tu_edpt_validate+0x6c>)
10006016:	4249      	negs	r1, r1
10006018:	4011      	ands	r1, r2
1000601a:	2280      	movs	r2, #128	@ 0x80
1000601c:	2000      	movs	r0, #0
1000601e:	00d2      	lsls	r2, r2, #3
10006020:	1889      	adds	r1, r1, r2
10006022:	4299      	cmp	r1, r3
10006024:	4140      	adcs	r0, r0
10006026:	e7f1      	b.n	1000600c <tu_edpt_validate+0x30>
10006028:	2902      	cmp	r1, #2
1000602a:	d004      	beq.n	10006036 <tu_edpt_validate+0x5a>
1000602c:	2000      	movs	r0, #0
1000602e:	2240      	movs	r2, #64	@ 0x40
10006030:	429a      	cmp	r2, r3
10006032:	4140      	adcs	r0, r0
10006034:	e7ea      	b.n	1000600c <tu_edpt_validate+0x30>
10006036:	4a05      	ldr	r2, [pc, #20]	@ (1000604c <tu_edpt_validate+0x70>)
10006038:	1898      	adds	r0, r3, r2
1000603a:	4243      	negs	r3, r0
1000603c:	4158      	adcs	r0, r3
1000603e:	b2c0      	uxtb	r0, r0
10006040:	e7e4      	b.n	1000600c <tu_edpt_validate+0x30>
10006042:	46c0      	nop			@ (mov r8, r8)
10006044:	000003ff 	.word	0x000003ff
10006048:	fffffc40 	.word	0xfffffc40
1000604c:	fffffe00 	.word	0xfffffe00

10006050 <tu_edpt_bind_driver>:
10006050:	4684      	mov	ip, r0
10006052:	1888      	adds	r0, r1, r2
10006054:	b530      	push	{r4, r5, lr}
10006056:	001c      	movs	r4, r3
10006058:	4281      	cmp	r1, r0
1000605a:	d206      	bcs.n	1000606a <tu_edpt_bind_driver+0x1a>
1000605c:	784a      	ldrb	r2, [r1, #1]
1000605e:	2a05      	cmp	r2, #5
10006060:	d004      	beq.n	1000606c <tu_edpt_bind_driver+0x1c>
10006062:	780a      	ldrb	r2, [r1, #0]
10006064:	1889      	adds	r1, r1, r2
10006066:	4288      	cmp	r0, r1
10006068:	d8f8      	bhi.n	1000605c <tu_edpt_bind_driver+0xc>
1000606a:	bd30      	pop	{r4, r5, pc}
1000606c:	227f      	movs	r2, #127	@ 0x7f
1000606e:	788b      	ldrb	r3, [r1, #2]
10006070:	401a      	ands	r2, r3
10006072:	0052      	lsls	r2, r2, #1
10006074:	4462      	add	r2, ip
10006076:	09db      	lsrs	r3, r3, #7
10006078:	54d4      	strb	r4, [r2, r3]
1000607a:	780a      	ldrb	r2, [r1, #0]
1000607c:	1889      	adds	r1, r1, r2
1000607e:	4288      	cmp	r0, r1
10006080:	d8ec      	bhi.n	1000605c <tu_edpt_bind_driver+0xc>
10006082:	e7f2      	b.n	1000606a <tu_edpt_bind_driver+0x1a>

10006084 <tu_fifo_config>:
10006084:	b5f0      	push	{r4, r5, r6, r7, lr}
10006086:	46c6      	mov	lr, r8
10006088:	b500      	push	{lr}
1000608a:	4698      	mov	r8, r3
1000608c:	466b      	mov	r3, sp
1000608e:	7e1e      	ldrb	r6, [r3, #24]
10006090:	2380      	movs	r3, #128	@ 0x80
10006092:	0004      	movs	r4, r0
10006094:	000f      	movs	r7, r1
10006096:	0015      	movs	r5, r2
10006098:	021b      	lsls	r3, r3, #8
1000609a:	429a      	cmp	r2, r3
1000609c:	d826      	bhi.n	100060ec <tu_fifo_config+0x68>
1000609e:	68c0      	ldr	r0, [r0, #12]
100060a0:	2800      	cmp	r0, #0
100060a2:	d003      	beq.n	100060ac <tu_fifo_config+0x28>
100060a4:	2101      	movs	r1, #1
100060a6:	4249      	negs	r1, r1
100060a8:	f000 fade 	bl	10006668 <__mutex_enter_timeout_ms_veneer>
100060ac:	6920      	ldr	r0, [r4, #16]
100060ae:	2800      	cmp	r0, #0
100060b0:	d003      	beq.n	100060ba <tu_fifo_config+0x36>
100060b2:	2101      	movs	r1, #1
100060b4:	4249      	negs	r1, r1
100060b6:	f000 fad7 	bl	10006668 <__mutex_enter_timeout_ms_veneer>
100060ba:	4642      	mov	r2, r8
100060bc:	0452      	lsls	r2, r2, #17
100060be:	03f3      	lsls	r3, r6, #15
100060c0:	0c52      	lsrs	r2, r2, #17
100060c2:	4313      	orrs	r3, r2
100060c4:	80e3      	strh	r3, [r4, #6]
100060c6:	2300      	movs	r3, #0
100060c8:	68e0      	ldr	r0, [r4, #12]
100060ca:	8163      	strh	r3, [r4, #10]
100060cc:	6027      	str	r7, [r4, #0]
100060ce:	80a5      	strh	r5, [r4, #4]
100060d0:	8123      	strh	r3, [r4, #8]
100060d2:	2800      	cmp	r0, #0
100060d4:	d001      	beq.n	100060da <tu_fifo_config+0x56>
100060d6:	f000 fad7 	bl	10006688 <__mutex_exit_veneer>
100060da:	6920      	ldr	r0, [r4, #16]
100060dc:	2800      	cmp	r0, #0
100060de:	d001      	beq.n	100060e4 <tu_fifo_config+0x60>
100060e0:	f000 fad2 	bl	10006688 <__mutex_exit_veneer>
100060e4:	2001      	movs	r0, #1
100060e6:	bc80      	pop	{r7}
100060e8:	46b8      	mov	r8, r7
100060ea:	bdf0      	pop	{r4, r5, r6, r7, pc}
100060ec:	2000      	movs	r0, #0
100060ee:	e7fa      	b.n	100060e6 <tu_fifo_config+0x62>

100060f0 <tu_fifo_count>:
100060f0:	8903      	ldrh	r3, [r0, #8]
100060f2:	8941      	ldrh	r1, [r0, #10]
100060f4:	469c      	mov	ip, r3
100060f6:	8882      	ldrh	r2, [r0, #4]
100060f8:	b29b      	uxth	r3, r3
100060fa:	b288      	uxth	r0, r1
100060fc:	458c      	cmp	ip, r1
100060fe:	d307      	bcc.n	10006110 <tu_fifo_count+0x20>
10006100:	1a1b      	subs	r3, r3, r0
10006102:	b29b      	uxth	r3, r3
10006104:	1c10      	adds	r0, r2, #0
10006106:	429a      	cmp	r2, r3
10006108:	d900      	bls.n	1000610c <tu_fifo_count+0x1c>
1000610a:	1c18      	adds	r0, r3, #0
1000610c:	b280      	uxth	r0, r0
1000610e:	4770      	bx	lr
10006110:	0051      	lsls	r1, r2, #1
10006112:	1a09      	subs	r1, r1, r0
10006114:	185b      	adds	r3, r3, r1
10006116:	b29b      	uxth	r3, r3
10006118:	e7f4      	b.n	10006104 <tu_fifo_count+0x14>
1000611a:	46c0      	nop			@ (mov r8, r8)

1000611c <tu_fifo_empty>:
1000611c:	8903      	ldrh	r3, [r0, #8]
1000611e:	8940      	ldrh	r0, [r0, #10]
10006120:	1a18      	subs	r0, r3, r0
10006122:	4243      	negs	r3, r0
10006124:	4158      	adcs	r0, r3
10006126:	b2c0      	uxtb	r0, r0
10006128:	4770      	bx	lr
1000612a:	46c0      	nop			@ (mov r8, r8)

1000612c <tu_fifo_remaining>:
1000612c:	8903      	ldrh	r3, [r0, #8]
1000612e:	8941      	ldrh	r1, [r0, #10]
10006130:	469c      	mov	ip, r3
10006132:	8882      	ldrh	r2, [r0, #4]
10006134:	b29b      	uxth	r3, r3
10006136:	b288      	uxth	r0, r1
10006138:	458c      	cmp	ip, r1
1000613a:	d307      	bcc.n	1000614c <tu_fifo_remaining+0x20>
1000613c:	1a1b      	subs	r3, r3, r0
1000613e:	b29b      	uxth	r3, r3
10006140:	2000      	movs	r0, #0
10006142:	429a      	cmp	r2, r3
10006144:	d901      	bls.n	1000614a <tu_fifo_remaining+0x1e>
10006146:	1ad2      	subs	r2, r2, r3
10006148:	b290      	uxth	r0, r2
1000614a:	4770      	bx	lr
1000614c:	0051      	lsls	r1, r2, #1
1000614e:	1a09      	subs	r1, r1, r0
10006150:	185b      	adds	r3, r3, r1
10006152:	b29b      	uxth	r3, r3
10006154:	e7f4      	b.n	10006140 <tu_fifo_remaining+0x14>
10006156:	46c0      	nop			@ (mov r8, r8)

10006158 <tu_fifo_read>:
10006158:	b570      	push	{r4, r5, r6, lr}
1000615a:	0004      	movs	r4, r0
1000615c:	6900      	ldr	r0, [r0, #16]
1000615e:	000d      	movs	r5, r1
10006160:	2800      	cmp	r0, #0
10006162:	d003      	beq.n	1000616c <tu_fifo_read+0x14>
10006164:	2101      	movs	r1, #1
10006166:	4249      	negs	r1, r1
10006168:	f000 fa7e 	bl	10006668 <__mutex_enter_timeout_ms_veneer>
1000616c:	8923      	ldrh	r3, [r4, #8]
1000616e:	8962      	ldrh	r2, [r4, #10]
10006170:	469c      	mov	ip, r3
10006172:	b298      	uxth	r0, r3
10006174:	b291      	uxth	r1, r2
10006176:	88a3      	ldrh	r3, [r4, #4]
10006178:	4594      	cmp	ip, r2
1000617a:	d332      	bcc.n	100061e2 <tu_fifo_read+0x8a>
1000617c:	1a42      	subs	r2, r0, r1
1000617e:	b292      	uxth	r2, r2
10006180:	2a00      	cmp	r2, #0
10006182:	d027      	beq.n	100061d4 <tu_fifo_read+0x7c>
10006184:	4293      	cmp	r3, r2
10006186:	d208      	bcs.n	1000619a <tu_fifo_read+0x42>
10006188:	4298      	cmp	r0, r3
1000618a:	d32f      	bcc.n	100061ec <tu_fifo_read+0x94>
1000618c:	1ac0      	subs	r0, r0, r3
1000618e:	b281      	uxth	r1, r0
10006190:	8161      	strh	r1, [r4, #10]
10006192:	428b      	cmp	r3, r1
10006194:	d803      	bhi.n	1000619e <tu_fifo_read+0x46>
10006196:	1ac9      	subs	r1, r1, r3
10006198:	b289      	uxth	r1, r1
1000619a:	428b      	cmp	r3, r1
1000619c:	d9fb      	bls.n	10006196 <tu_fifo_read+0x3e>
1000619e:	88e2      	ldrh	r2, [r4, #6]
100061a0:	6823      	ldr	r3, [r4, #0]
100061a2:	0452      	lsls	r2, r2, #17
100061a4:	0c52      	lsrs	r2, r2, #17
100061a6:	4351      	muls	r1, r2
100061a8:	0028      	movs	r0, r5
100061aa:	1859      	adds	r1, r3, r1
100061ac:	f7fc fa4a 	bl	10002644 <__wrap___aeabi_memcpy>
100061b0:	8961      	ldrh	r1, [r4, #10]
100061b2:	2501      	movs	r5, #1
100061b4:	1c4a      	adds	r2, r1, #1
100061b6:	b292      	uxth	r2, r2
100061b8:	88a3      	ldrh	r3, [r4, #4]
100061ba:	4291      	cmp	r1, r2
100061bc:	d90d      	bls.n	100061da <tu_fifo_read+0x82>
100061be:	2200      	movs	r2, #0
100061c0:	005b      	lsls	r3, r3, #1
100061c2:	1ad2      	subs	r2, r2, r3
100061c4:	6920      	ldr	r0, [r4, #16]
100061c6:	8162      	strh	r2, [r4, #10]
100061c8:	2800      	cmp	r0, #0
100061ca:	d001      	beq.n	100061d0 <tu_fifo_read+0x78>
100061cc:	f000 fa5c 	bl	10006688 <__mutex_exit_veneer>
100061d0:	0028      	movs	r0, r5
100061d2:	bd70      	pop	{r4, r5, r6, pc}
100061d4:	2500      	movs	r5, #0
100061d6:	8962      	ldrh	r2, [r4, #10]
100061d8:	b292      	uxth	r2, r2
100061da:	005b      	lsls	r3, r3, #1
100061dc:	429a      	cmp	r2, r3
100061de:	dbf1      	blt.n	100061c4 <tu_fifo_read+0x6c>
100061e0:	e7ef      	b.n	100061c2 <tu_fifo_read+0x6a>
100061e2:	005a      	lsls	r2, r3, #1
100061e4:	1a52      	subs	r2, r2, r1
100061e6:	1882      	adds	r2, r0, r2
100061e8:	b292      	uxth	r2, r2
100061ea:	e7c9      	b.n	10006180 <tu_fifo_read+0x28>
100061ec:	18c0      	adds	r0, r0, r3
100061ee:	b281      	uxth	r1, r0
100061f0:	8161      	strh	r1, [r4, #10]
100061f2:	e7ce      	b.n	10006192 <tu_fifo_read+0x3a>

100061f4 <tu_fifo_read_n>:
100061f4:	b5f0      	push	{r4, r5, r6, r7, lr}
100061f6:	4646      	mov	r6, r8
100061f8:	46d6      	mov	lr, sl
100061fa:	464f      	mov	r7, r9
100061fc:	b5c0      	push	{r6, r7, lr}
100061fe:	0006      	movs	r6, r0
10006200:	6900      	ldr	r0, [r0, #16]
10006202:	468a      	mov	sl, r1
10006204:	4690      	mov	r8, r2
10006206:	b082      	sub	sp, #8
10006208:	2800      	cmp	r0, #0
1000620a:	d003      	beq.n	10006214 <tu_fifo_read_n+0x20>
1000620c:	2101      	movs	r1, #1
1000620e:	4249      	negs	r1, r1
10006210:	f000 fa2a 	bl	10006668 <__mutex_enter_timeout_ms_veneer>
10006214:	8931      	ldrh	r1, [r6, #8]
10006216:	8972      	ldrh	r2, [r6, #10]
10006218:	88b5      	ldrh	r5, [r6, #4]
1000621a:	b28b      	uxth	r3, r1
1000621c:	b294      	uxth	r4, r2
1000621e:	4291      	cmp	r1, r2
10006220:	d355      	bcc.n	100062ce <tu_fifo_read_n+0xda>
10006222:	1b1f      	subs	r7, r3, r4
10006224:	b2bf      	uxth	r7, r7
10006226:	2f00      	cmp	r7, #0
10006228:	d04b      	beq.n	100062c2 <tu_fifo_read_n+0xce>
1000622a:	42bd      	cmp	r5, r7
1000622c:	d205      	bcs.n	1000623a <tu_fifo_read_n+0x46>
1000622e:	42ab      	cmp	r3, r5
10006230:	d252      	bcs.n	100062d8 <tu_fifo_read_n+0xe4>
10006232:	195b      	adds	r3, r3, r5
10006234:	b29c      	uxth	r4, r3
10006236:	002f      	movs	r7, r5
10006238:	8174      	strh	r4, [r6, #10]
1000623a:	4643      	mov	r3, r8
1000623c:	45b8      	cmp	r8, r7
1000623e:	d83e      	bhi.n	100062be <tu_fifo_read_n+0xca>
10006240:	b29f      	uxth	r7, r3
10006242:	42a5      	cmp	r5, r4
10006244:	d803      	bhi.n	1000624e <tu_fifo_read_n+0x5a>
10006246:	1b64      	subs	r4, r4, r5
10006248:	b2a4      	uxth	r4, r4
1000624a:	42a5      	cmp	r5, r4
1000624c:	d9fb      	bls.n	10006246 <tu_fifo_read_n+0x52>
1000624e:	88f2      	ldrh	r2, [r6, #6]
10006250:	6831      	ldr	r1, [r6, #0]
10006252:	0452      	lsls	r2, r2, #17
10006254:	0c50      	lsrs	r0, r2, #17
10006256:	0002      	movs	r2, r0
10006258:	4362      	muls	r2, r4
1000625a:	1b2b      	subs	r3, r5, r4
1000625c:	b29b      	uxth	r3, r3
1000625e:	1889      	adds	r1, r1, r2
10006260:	9001      	str	r0, [sp, #4]
10006262:	0002      	movs	r2, r0
10006264:	429f      	cmp	r7, r3
10006266:	d925      	bls.n	100062b4 <tu_fifo_read_n+0xc0>
10006268:	4343      	muls	r3, r0
1000626a:	b29b      	uxth	r3, r3
1000626c:	001a      	movs	r2, r3
1000626e:	4650      	mov	r0, sl
10006270:	4699      	mov	r9, r3
10006272:	f7fc f9e7 	bl	10002644 <__wrap___aeabi_memcpy>
10006276:	4650      	mov	r0, sl
10006278:	9a01      	ldr	r2, [sp, #4]
1000627a:	1b7d      	subs	r5, r7, r5
1000627c:	1964      	adds	r4, r4, r5
1000627e:	4354      	muls	r4, r2
10006280:	6831      	ldr	r1, [r6, #0]
10006282:	4448      	add	r0, r9
10006284:	b2a2      	uxth	r2, r4
10006286:	f7fc f9dd 	bl	10002644 <__wrap___aeabi_memcpy>
1000628a:	8971      	ldrh	r1, [r6, #10]
1000628c:	88b5      	ldrh	r5, [r6, #4]
1000628e:	19cb      	adds	r3, r1, r7
10006290:	b29b      	uxth	r3, r3
10006292:	006a      	lsls	r2, r5, #1
10006294:	4299      	cmp	r1, r3
10006296:	d916      	bls.n	100062c6 <tu_fifo_read_n+0xd2>
10006298:	1a9b      	subs	r3, r3, r2
1000629a:	6930      	ldr	r0, [r6, #16]
1000629c:	8173      	strh	r3, [r6, #10]
1000629e:	2800      	cmp	r0, #0
100062a0:	d001      	beq.n	100062a6 <tu_fifo_read_n+0xb2>
100062a2:	f000 f9f1 	bl	10006688 <__mutex_exit_veneer>
100062a6:	0038      	movs	r0, r7
100062a8:	b002      	add	sp, #8
100062aa:	bce0      	pop	{r5, r6, r7}
100062ac:	46ba      	mov	sl, r7
100062ae:	46b1      	mov	r9, r6
100062b0:	46a8      	mov	r8, r5
100062b2:	bdf0      	pop	{r4, r5, r6, r7, pc}
100062b4:	4650      	mov	r0, sl
100062b6:	437a      	muls	r2, r7
100062b8:	f7fc f9c4 	bl	10002644 <__wrap___aeabi_memcpy>
100062bc:	e7e5      	b.n	1000628a <tu_fifo_read_n+0x96>
100062be:	1c3b      	adds	r3, r7, #0
100062c0:	e7be      	b.n	10006240 <tu_fifo_read_n+0x4c>
100062c2:	8973      	ldrh	r3, [r6, #10]
100062c4:	b29b      	uxth	r3, r3
100062c6:	006a      	lsls	r2, r5, #1
100062c8:	4293      	cmp	r3, r2
100062ca:	dbe6      	blt.n	1000629a <tu_fifo_read_n+0xa6>
100062cc:	e7e4      	b.n	10006298 <tu_fifo_read_n+0xa4>
100062ce:	006f      	lsls	r7, r5, #1
100062d0:	1b3f      	subs	r7, r7, r4
100062d2:	19df      	adds	r7, r3, r7
100062d4:	b2bf      	uxth	r7, r7
100062d6:	e7a6      	b.n	10006226 <tu_fifo_read_n+0x32>
100062d8:	1b5b      	subs	r3, r3, r5
100062da:	b29c      	uxth	r4, r3
100062dc:	e7ab      	b.n	10006236 <tu_fifo_read_n+0x42>
100062de:	46c0      	nop			@ (mov r8, r8)

100062e0 <tu_fifo_write>:
100062e0:	b5f8      	push	{r3, r4, r5, r6, r7, lr}
100062e2:	0004      	movs	r4, r0
100062e4:	68c0      	ldr	r0, [r0, #12]
100062e6:	000f      	movs	r7, r1
100062e8:	2800      	cmp	r0, #0
100062ea:	d003      	beq.n	100062f4 <tu_fifo_write+0x14>
100062ec:	2101      	movs	r1, #1
100062ee:	4249      	negs	r1, r1
100062f0:	f000 f9ba 	bl	10006668 <__mutex_enter_timeout_ms_veneer>
100062f4:	8925      	ldrh	r5, [r4, #8]
100062f6:	8920      	ldrh	r0, [r4, #8]
100062f8:	8961      	ldrh	r1, [r4, #10]
100062fa:	88a2      	ldrh	r2, [r4, #4]
100062fc:	b2ad      	uxth	r5, r5
100062fe:	b283      	uxth	r3, r0
10006300:	b28e      	uxth	r6, r1
10006302:	4288      	cmp	r0, r1
10006304:	d328      	bcc.n	10006358 <tu_fifo_write+0x78>
10006306:	1b9b      	subs	r3, r3, r6
10006308:	b29b      	uxth	r3, r3
1000630a:	429a      	cmp	r2, r3
1000630c:	d809      	bhi.n	10006322 <tu_fifo_write+0x42>
1000630e:	79e6      	ldrb	r6, [r4, #7]
10006310:	09f6      	lsrs	r6, r6, #7
10006312:	d106      	bne.n	10006322 <tu_fifo_write+0x42>
10006314:	68e0      	ldr	r0, [r4, #12]
10006316:	2800      	cmp	r0, #0
10006318:	d001      	beq.n	1000631e <tu_fifo_write+0x3e>
1000631a:	f000 f9b5 	bl	10006688 <__mutex_exit_veneer>
1000631e:	0030      	movs	r0, r6
10006320:	bdf8      	pop	{r3, r4, r5, r6, r7, pc}
10006322:	002b      	movs	r3, r5
10006324:	4295      	cmp	r5, r2
10006326:	d31c      	bcc.n	10006362 <tu_fifo_write+0x82>
10006328:	1a9b      	subs	r3, r3, r2
1000632a:	b29b      	uxth	r3, r3
1000632c:	4293      	cmp	r3, r2
1000632e:	d2fb      	bcs.n	10006328 <tu_fifo_write+0x48>
10006330:	88e2      	ldrh	r2, [r4, #6]
10006332:	6820      	ldr	r0, [r4, #0]
10006334:	0452      	lsls	r2, r2, #17
10006336:	0c52      	lsrs	r2, r2, #17
10006338:	4353      	muls	r3, r2
1000633a:	0039      	movs	r1, r7
1000633c:	18c0      	adds	r0, r0, r3
1000633e:	f7fc f981 	bl	10002644 <__wrap___aeabi_memcpy>
10006342:	1c6b      	adds	r3, r5, #1
10006344:	b29b      	uxth	r3, r3
10006346:	88a2      	ldrh	r2, [r4, #4]
10006348:	429d      	cmp	r5, r3
1000634a:	d916      	bls.n	1000637a <tu_fifo_write+0x9a>
1000634c:	2300      	movs	r3, #0
1000634e:	0052      	lsls	r2, r2, #1
10006350:	1a9b      	subs	r3, r3, r2
10006352:	2601      	movs	r6, #1
10006354:	8123      	strh	r3, [r4, #8]
10006356:	e7dd      	b.n	10006314 <tu_fifo_write+0x34>
10006358:	0051      	lsls	r1, r2, #1
1000635a:	1b89      	subs	r1, r1, r6
1000635c:	185b      	adds	r3, r3, r1
1000635e:	b29b      	uxth	r3, r3
10006360:	e7d3      	b.n	1000630a <tu_fifo_write+0x2a>
10006362:	88e2      	ldrh	r2, [r4, #6]
10006364:	6820      	ldr	r0, [r4, #0]
10006366:	0452      	lsls	r2, r2, #17
10006368:	0c52      	lsrs	r2, r2, #17
1000636a:	4353      	muls	r3, r2
1000636c:	0039      	movs	r1, r7
1000636e:	18c0      	adds	r0, r0, r3
10006370:	f7fc f968 	bl	10002644 <__wrap___aeabi_memcpy>
10006374:	3501      	adds	r5, #1
10006376:	88a2      	ldrh	r2, [r4, #4]
10006378:	b2ab      	uxth	r3, r5
1000637a:	0052      	lsls	r2, r2, #1
1000637c:	4293      	cmp	r3, r2
1000637e:	dbe8      	blt.n	10006352 <tu_fifo_write+0x72>
10006380:	e7e6      	b.n	10006350 <tu_fifo_write+0x70>
10006382:	46c0      	nop			@ (mov r8, r8)

10006384 <tu_fifo_write_n>:
10006384:	b5f0      	push	{r4, r5, r6, r7, lr}
10006386:	464e      	mov	r6, r9
10006388:	4645      	mov	r5, r8
1000638a:	46de      	mov	lr, fp
1000638c:	4657      	mov	r7, sl
1000638e:	b5e0      	push	{r5, r6, r7, lr}
10006390:	4689      	mov	r9, r1
10006392:	0005      	movs	r5, r0
10006394:	0016      	movs	r6, r2
10006396:	b083      	sub	sp, #12
10006398:	2a00      	cmp	r2, #0
1000639a:	d06b      	beq.n	10006474 <tu_fifo_write_n+0xf0>
1000639c:	68c0      	ldr	r0, [r0, #12]
1000639e:	2800      	cmp	r0, #0
100063a0:	d003      	beq.n	100063aa <tu_fifo_write_n+0x26>
100063a2:	2101      	movs	r1, #1
100063a4:	4249      	negs	r1, r1
100063a6:	f000 f95f 	bl	10006668 <__mutex_enter_timeout_ms_veneer>
100063aa:	892f      	ldrh	r7, [r5, #8]
100063ac:	79ea      	ldrb	r2, [r5, #7]
100063ae:	b2bb      	uxth	r3, r7
100063b0:	4698      	mov	r8, r3
100063b2:	896b      	ldrh	r3, [r5, #10]
100063b4:	88af      	ldrh	r7, [r5, #4]
100063b6:	b29b      	uxth	r3, r3
100063b8:	09d2      	lsrs	r2, r2, #7
100063ba:	d13d      	bne.n	10006438 <tu_fifo_write_n+0xb4>
100063bc:	4598      	cmp	r8, r3
100063be:	d262      	bcs.n	10006486 <tu_fifo_write_n+0x102>
100063c0:	007a      	lsls	r2, r7, #1
100063c2:	1ad3      	subs	r3, r2, r3
100063c4:	4443      	add	r3, r8
100063c6:	b29b      	uxth	r3, r3
100063c8:	42bb      	cmp	r3, r7
100063ca:	d261      	bcs.n	10006490 <tu_fifo_write_n+0x10c>
100063cc:	1afb      	subs	r3, r7, r3
100063ce:	1c1a      	adds	r2, r3, #0
100063d0:	b29b      	uxth	r3, r3
100063d2:	42b3      	cmp	r3, r6
100063d4:	d900      	bls.n	100063d8 <tu_fifo_write_n+0x54>
100063d6:	1c32      	adds	r2, r6, #0
100063d8:	b296      	uxth	r6, r2
100063da:	1bf3      	subs	r3, r6, r7
100063dc:	9301      	str	r3, [sp, #4]
100063de:	4643      	mov	r3, r8
100063e0:	18f3      	adds	r3, r6, r3
100063e2:	b29b      	uxth	r3, r3
100063e4:	469b      	mov	fp, r3
100063e6:	88ea      	ldrh	r2, [r5, #6]
100063e8:	4644      	mov	r4, r8
100063ea:	45b8      	cmp	r8, r7
100063ec:	d303      	bcc.n	100063f6 <tu_fifo_write_n+0x72>
100063ee:	1be4      	subs	r4, r4, r7
100063f0:	b2a4      	uxth	r4, r4
100063f2:	42bc      	cmp	r4, r7
100063f4:	d2fb      	bcs.n	100063ee <tu_fifo_write_n+0x6a>
100063f6:	0452      	lsls	r2, r2, #17
100063f8:	1b3b      	subs	r3, r7, r4
100063fa:	0c57      	lsrs	r7, r2, #17
100063fc:	003a      	movs	r2, r7
100063fe:	4362      	muls	r2, r4
10006400:	6828      	ldr	r0, [r5, #0]
10006402:	b29b      	uxth	r3, r3
10006404:	1880      	adds	r0, r0, r2
10006406:	42b3      	cmp	r3, r6
10006408:	d356      	bcc.n	100064b8 <tu_fifo_write_n+0x134>
1000640a:	003a      	movs	r2, r7
1000640c:	4649      	mov	r1, r9
1000640e:	4372      	muls	r2, r6
10006410:	f7fc f918 	bl	10002644 <__wrap___aeabi_memcpy>
10006414:	88ab      	ldrh	r3, [r5, #4]
10006416:	005b      	lsls	r3, r3, #1
10006418:	45d8      	cmp	r8, fp
1000641a:	d801      	bhi.n	10006420 <tu_fifo_write_n+0x9c>
1000641c:	459b      	cmp	fp, r3
1000641e:	db02      	blt.n	10006426 <tu_fifo_write_n+0xa2>
10006420:	465a      	mov	r2, fp
10006422:	1ad3      	subs	r3, r2, r3
10006424:	469b      	mov	fp, r3
10006426:	465b      	mov	r3, fp
10006428:	0037      	movs	r7, r6
1000642a:	812b      	strh	r3, [r5, #8]
1000642c:	68e8      	ldr	r0, [r5, #12]
1000642e:	2800      	cmp	r0, #0
10006430:	d021      	beq.n	10006476 <tu_fifo_write_n+0xf2>
10006432:	f000 f929 	bl	10006688 <__mutex_exit_veneer>
10006436:	e01e      	b.n	10006476 <tu_fifo_write_n+0xf2>
10006438:	42be      	cmp	r6, r7
1000643a:	d22b      	bcs.n	10006494 <tu_fifo_write_n+0x110>
1000643c:	4598      	cmp	r8, r3
1000643e:	d34c      	bcc.n	100064da <tu_fifo_write_n+0x156>
10006440:	4642      	mov	r2, r8
10006442:	1ad2      	subs	r2, r2, r3
10006444:	b292      	uxth	r2, r2
10006446:	0079      	lsls	r1, r7, #1
10006448:	1bf0      	subs	r0, r6, r7
1000644a:	1992      	adds	r2, r2, r6
1000644c:	9001      	str	r0, [sp, #4]
1000644e:	428a      	cmp	r2, r1
10006450:	dbc5      	blt.n	100063de <tu_fifo_write_n+0x5a>
10006452:	19da      	adds	r2, r3, r7
10006454:	b292      	uxth	r2, r2
10006456:	4693      	mov	fp, r2
10006458:	1b92      	subs	r2, r2, r6
1000645a:	b292      	uxth	r2, r2
1000645c:	4690      	mov	r8, r2
1000645e:	4293      	cmp	r3, r2
10006460:	d940      	bls.n	100064e4 <tu_fifo_write_n+0x160>
10006462:	4643      	mov	r3, r8
10006464:	1a59      	subs	r1, r3, r1
10006466:	b28b      	uxth	r3, r1
10006468:	4698      	mov	r8, r3
1000646a:	18f3      	adds	r3, r6, r3
1000646c:	b29b      	uxth	r3, r3
1000646e:	469b      	mov	fp, r3
10006470:	88ea      	ldrh	r2, [r5, #6]
10006472:	e7b9      	b.n	100063e8 <tu_fifo_write_n+0x64>
10006474:	2700      	movs	r7, #0
10006476:	0038      	movs	r0, r7
10006478:	b003      	add	sp, #12
1000647a:	bcf0      	pop	{r4, r5, r6, r7}
1000647c:	46bb      	mov	fp, r7
1000647e:	46b2      	mov	sl, r6
10006480:	46a9      	mov	r9, r5
10006482:	46a0      	mov	r8, r4
10006484:	bdf0      	pop	{r4, r5, r6, r7, pc}
10006486:	4642      	mov	r2, r8
10006488:	1ad3      	subs	r3, r2, r3
1000648a:	b29b      	uxth	r3, r3
1000648c:	42bb      	cmp	r3, r7
1000648e:	d39d      	bcc.n	100063cc <tu_fifo_write_n+0x48>
10006490:	2700      	movs	r7, #0
10006492:	e7cb      	b.n	1000642c <tu_fifo_write_n+0xa8>
10006494:	2f00      	cmp	r7, #0
10006496:	d0c9      	beq.n	1000642c <tu_fifo_write_n+0xa8>
10006498:	46cc      	mov	ip, r9
1000649a:	88ea      	ldrh	r2, [r5, #6]
1000649c:	1bf6      	subs	r6, r6, r7
1000649e:	0451      	lsls	r1, r2, #17
100064a0:	0c49      	lsrs	r1, r1, #17
100064a2:	4371      	muls	r1, r6
100064a4:	4698      	mov	r8, r3
100064a6:	448c      	add	ip, r1
100064a8:	19d9      	adds	r1, r3, r7
100064aa:	2300      	movs	r3, #0
100064ac:	b289      	uxth	r1, r1
100064ae:	46e1      	mov	r9, ip
100064b0:	468b      	mov	fp, r1
100064b2:	003e      	movs	r6, r7
100064b4:	9301      	str	r3, [sp, #4]
100064b6:	e797      	b.n	100063e8 <tu_fifo_write_n+0x64>
100064b8:	437b      	muls	r3, r7
100064ba:	b29b      	uxth	r3, r3
100064bc:	001a      	movs	r2, r3
100064be:	4649      	mov	r1, r9
100064c0:	469a      	mov	sl, r3
100064c2:	f7fc f8bf 	bl	10002644 <__wrap___aeabi_memcpy>
100064c6:	4649      	mov	r1, r9
100064c8:	9b01      	ldr	r3, [sp, #4]
100064ca:	6828      	ldr	r0, [r5, #0]
100064cc:	18e2      	adds	r2, r4, r3
100064ce:	437a      	muls	r2, r7
100064d0:	4451      	add	r1, sl
100064d2:	b292      	uxth	r2, r2
100064d4:	f7fc f8b6 	bl	10002644 <__wrap___aeabi_memcpy>
100064d8:	e79c      	b.n	10006414 <tu_fifo_write_n+0x90>
100064da:	0079      	lsls	r1, r7, #1
100064dc:	1aca      	subs	r2, r1, r3
100064de:	4442      	add	r2, r8
100064e0:	b292      	uxth	r2, r2
100064e2:	e7b1      	b.n	10006448 <tu_fifo_write_n+0xc4>
100064e4:	4291      	cmp	r1, r2
100064e6:	ddbc      	ble.n	10006462 <tu_fifo_write_n+0xde>
100064e8:	e7c2      	b.n	10006470 <tu_fifo_write_n+0xec>
100064ea:	46c0      	nop			@ (mov r8, r8)

100064ec <tu_fifo_clear>:
100064ec:	b510      	push	{r4, lr}
100064ee:	0004      	movs	r4, r0
100064f0:	68c0      	ldr	r0, [r0, #12]
100064f2:	2800      	cmp	r0, #0
100064f4:	d003      	beq.n	100064fe <tu_fifo_clear+0x12>
100064f6:	2101      	movs	r1, #1
100064f8:	4249      	negs	r1, r1
100064fa:	f000 f8b5 	bl	10006668 <__mutex_enter_timeout_ms_veneer>
100064fe:	6920      	ldr	r0, [r4, #16]
10006500:	2800      	cmp	r0, #0
10006502:	d003      	beq.n	1000650c <tu_fifo_clear+0x20>
10006504:	2101      	movs	r1, #1
10006506:	4249      	negs	r1, r1
10006508:	f000 f8ae 	bl	10006668 <__mutex_enter_timeout_ms_veneer>
1000650c:	2300      	movs	r3, #0
1000650e:	68e0      	ldr	r0, [r4, #12]
10006510:	8163      	strh	r3, [r4, #10]
10006512:	8123      	strh	r3, [r4, #8]
10006514:	2800      	cmp	r0, #0
10006516:	d001      	beq.n	1000651c <tu_fifo_clear+0x30>
10006518:	f000 f8b6 	bl	10006688 <__mutex_exit_veneer>
1000651c:	6920      	ldr	r0, [r4, #16]
1000651e:	2800      	cmp	r0, #0
10006520:	d001      	beq.n	10006526 <tu_fifo_clear+0x3a>
10006522:	f000 f8b1 	bl	10006688 <__mutex_exit_veneer>
10006526:	2001      	movs	r0, #1
10006528:	bd10      	pop	{r4, pc}
1000652a:	46c0      	nop			@ (mov r8, r8)

1000652c <tu_fifo_set_overwritable>:
1000652c:	b570      	push	{r4, r5, r6, lr}
1000652e:	0004      	movs	r4, r0
10006530:	68c0      	ldr	r0, [r0, #12]
10006532:	000d      	movs	r5, r1
10006534:	2800      	cmp	r0, #0
10006536:	d003      	beq.n	10006540 <tu_fifo_set_overwritable+0x14>
10006538:	2101      	movs	r1, #1
1000653a:	4249      	negs	r1, r1
1000653c:	f000 f894 	bl	10006668 <__mutex_enter_timeout_ms_veneer>
10006540:	6920      	ldr	r0, [r4, #16]
10006542:	2800      	cmp	r0, #0
10006544:	d003      	beq.n	1000654e <tu_fifo_set_overwritable+0x22>
10006546:	2101      	movs	r1, #1
10006548:	4249      	negs	r1, r1
1000654a:	f000 f88d 	bl	10006668 <__mutex_enter_timeout_ms_veneer>
1000654e:	217f      	movs	r1, #127	@ 0x7f
10006550:	79e2      	ldrb	r2, [r4, #7]
10006552:	01eb      	lsls	r3, r5, #7
10006554:	4011      	ands	r1, r2
10006556:	68e0      	ldr	r0, [r4, #12]
10006558:	4319      	orrs	r1, r3
1000655a:	71e1      	strb	r1, [r4, #7]
1000655c:	2800      	cmp	r0, #0
1000655e:	d001      	beq.n	10006564 <tu_fifo_set_overwritable+0x38>
10006560:	f000 f892 	bl	10006688 <__mutex_exit_veneer>
10006564:	6920      	ldr	r0, [r4, #16]
10006566:	2800      	cmp	r0, #0
10006568:	d001      	beq.n	1000656e <tu_fifo_set_overwritable+0x42>
1000656a:	f000 f88d 	bl	10006688 <__mutex_exit_veneer>
1000656e:	2001      	movs	r0, #1
10006570:	bd70      	pop	{r4, r5, r6, pc}
10006572:	46c0      	nop			@ (mov r8, r8)

10006574 <strlen>:
10006574:	0003      	movs	r3, r0
10006576:	4684      	mov	ip, r0
10006578:	079b      	lsls	r3, r3, #30
1000657a:	d00b      	beq.n	10006594 <strlen+0x20>
1000657c:	0003      	movs	r3, r0
1000657e:	2103      	movs	r1, #3
10006580:	e002      	b.n	10006588 <strlen+0x14>
10006582:	3301      	adds	r3, #1
10006584:	420b      	tst	r3, r1
10006586:	d006      	beq.n	10006596 <strlen+0x22>
10006588:	781a      	ldrb	r2, [r3, #0]
1000658a:	2a00      	cmp	r2, #0
1000658c:	d1f9      	bne.n	10006582 <strlen+0xe>
1000658e:	4662      	mov	r2, ip
10006590:	1a98      	subs	r0, r3, r2
10006592:	4770      	bx	lr
10006594:	0003      	movs	r3, r0
10006596:	6819      	ldr	r1, [r3, #0]
10006598:	4a0c      	ldr	r2, [pc, #48]	@ (100065cc <strlen+0x58>)
1000659a:	480d      	ldr	r0, [pc, #52]	@ (100065d0 <strlen+0x5c>)
1000659c:	188a      	adds	r2, r1, r2
1000659e:	438a      	bics	r2, r1
100065a0:	4202      	tst	r2, r0
100065a2:	d10f      	bne.n	100065c4 <strlen+0x50>
100065a4:	6859      	ldr	r1, [r3, #4]
100065a6:	4a09      	ldr	r2, [pc, #36]	@ (100065cc <strlen+0x58>)
100065a8:	3304      	adds	r3, #4
100065aa:	188a      	adds	r2, r1, r2
100065ac:	438a      	bics	r2, r1
100065ae:	4202      	tst	r2, r0
100065b0:	d108      	bne.n	100065c4 <strlen+0x50>
100065b2:	6859      	ldr	r1, [r3, #4]
100065b4:	4a05      	ldr	r2, [pc, #20]	@ (100065cc <strlen+0x58>)
100065b6:	3304      	adds	r3, #4
100065b8:	188a      	adds	r2, r1, r2
100065ba:	438a      	bics	r2, r1
100065bc:	4202      	tst	r2, r0
100065be:	d0f1      	beq.n	100065a4 <strlen+0x30>
100065c0:	e000      	b.n	100065c4 <strlen+0x50>
100065c2:	3301      	adds	r3, #1
100065c4:	781a      	ldrb	r2, [r3, #0]
100065c6:	2a00      	cmp	r2, #0
100065c8:	d1fb      	bne.n	100065c2 <strlen+0x4e>
100065ca:	e7e0      	b.n	1000658e <strlen+0x1a>
100065cc:	fefefeff 	.word	0xfefefeff
100065d0:	80808080 	.word	0x80808080
100065d4:	00000000 	.word	0x00000000

100065d8 <__hw_endpoint_start_next_buffer_veneer>:
100065d8:	b401      	push	{r0}
100065da:	4802      	ldr	r0, [pc, #8]	@ (100065e4 <__hw_endpoint_start_next_buffer_veneer+0xc>)
100065dc:	4684      	mov	ip, r0
100065de:	bc01      	pop	{r0}
100065e0:	4760      	bx	ip
100065e2:	bf00      	nop
100065e4:	20000c3d 	.word	0x20000c3d

100065e8 <____aeabi_ldiv0_veneer>:
100065e8:	b401      	push	{r0}
100065ea:	4802      	ldr	r0, [pc, #8]	@ (100065f4 <____aeabi_ldiv0_veneer+0xc>)
100065ec:	4684      	mov	ip, r0
100065ee:	bc01      	pop	{r0}
100065f0:	4760      	bx	ip
100065f2:	bf00      	nop
100065f4:	20000eb9 	.word	0x20000eb9

100065f8 <__mutex_try_enter_block_until_veneer>:
100065f8:	b401      	push	{r0}
100065fa:	4802      	ldr	r0, [pc, #8]	@ (10006604 <__mutex_try_enter_block_until_veneer+0xc>)
100065fc:	4684      	mov	ip, r0
100065fe:	bc01      	pop	{r0}
10006600:	4760      	bx	ip
10006602:	bf00      	nop
10006604:	20000165 	.word	0x20000165

10006608 <___hw_endpoint_buffer_control_update32_veneer>:
10006608:	b401      	push	{r0}
1000660a:	4802      	ldr	r0, [pc, #8]	@ (10006614 <___hw_endpoint_buffer_control_update32_veneer+0xc>)
1000660c:	4684      	mov	ip, r0
1000660e:	bc01      	pop	{r0}
10006610:	4760      	bx	ip
10006612:	bf00      	nop
10006614:	20000bed 	.word	0x20000bed

10006618 <__e15_is_critical_frame_period_veneer>:
10006618:	b401      	push	{r0}
1000661a:	4802      	ldr	r0, [pc, #8]	@ (10006624 <__e15_is_critical_frame_period_veneer+0xc>)
1000661c:	4684      	mov	ip, r0
1000661e:	bc01      	pop	{r0}
10006620:	4760      	bx	ip
10006622:	bf00      	nop
10006624:	20000bb1 	.word	0x20000bb1

10006628 <____aeabi_idiv0_veneer>:
10006628:	b401      	push	{r0}
1000662a:	4802      	ldr	r0, [pc, #8]	@ (10006634 <____aeabi_idiv0_veneer+0xc>)
1000662c:	4684      	mov	ip, r0
1000662e:	bc01      	pop	{r0}
10006630:	4760      	bx	ip
10006632:	bf00      	nop
10006634:	20000eb9 	.word	0x20000eb9

10006638 <__flash_do_cmd_cs_veneer>:
10006638:	b401      	push	{r0}
1000663a:	4802      	ldr	r0, [pc, #8]	@ (10006644 <__flash_do_cmd_cs_veneer+0xc>)
1000663c:	4684      	mov	ip, r0
1000663e:	bc01      	pop	{r0}
10006640:	4760      	bx	ip
10006642:	bf00      	nop
10006644:	20000289 	.word	0x20000289

10006648 <__e15_is_bulkin_ep_veneer>:
10006648:	b401      	push	{r0}
1000664a:	4802      	ldr	r0, [pc, #8]	@ (10006654 <__e15_is_bulkin_ep_veneer+0xc>)
1000664c:	4684      	mov	ip, r0
1000664e:	bc01      	pop	{r0}
10006650:	4760      	bx	ip
10006652:	bf00      	nop
10006654:	20000b89 	.word	0x20000b89

10006658 <__mutex_try_enter_veneer>:
10006658:	b401      	push	{r0}
1000665a:	4802      	ldr	r0, [pc, #8]	@ (10006664 <__mutex_try_enter_veneer+0xc>)
1000665c:	4684      	mov	ip, r0
1000665e:	bc01      	pop	{r0}
10006660:	4760      	bx	ip
10006662:	bf00      	nop
10006664:	200000c1 	.word	0x200000c1

10006668 <__mutex_enter_timeout_ms_veneer>:
10006668:	b401      	push	{r0}
1000666a:	4802      	ldr	r0, [pc, #8]	@ (10006674 <__mutex_enter_timeout_ms_veneer+0xc>)
1000666c:	4684      	mov	ip, r0
1000666e:	bc01      	pop	{r0}
10006670:	4760      	bx	ip
10006672:	bf00      	nop
10006674:	20000199 	.word	0x20000199

10006678 <__reset_non_control_endpoints_veneer>:
10006678:	b401      	push	{r0}
1000667a:	4802      	ldr	r0, [pc, #8]	@ (10006684 <__reset_non_control_endpoints_veneer+0xc>)
1000667c:	4684      	mov	ip, r0
1000667e:	bc01      	pop	{r0}
10006680:	4760      	bx	ip
10006682:	bf00      	nop
10006684:	200003d1 	.word	0x200003d1

10006688 <__mutex_exit_veneer>:
10006688:	b401      	push	{r0}
1000668a:	4802      	ldr	r0, [pc, #8]	@ (10006694 <__mutex_exit_veneer+0xc>)
1000668c:	4684      	mov	ip, r0
1000668e:	bc01      	pop	{r0}
10006690:	4760      	bx	ip
10006692:	bf00      	nop
10006694:	200001d5 	.word	0x200001d5

10006698 <__pre_init_runtime_init_early_resets>:
10006698:	100016a9                                ....

1000669c <__pre_init_runtime_init_usb_power_down>:
1000669c:	100016d5 100018b9 10002629 10001f5d     ........)&..]...
100066ac:	10002595                                .%..

100066b0 <__pre_init_runtime_init_clocks>:
100066b0:	100017e1                                ....

100066b4 <__pre_init_runtime_init_post_clock_resets>:
100066b4:	100016f1                                ....

100066b8 <__pre_init_runtime_init_rp2040_gpio_ie_disable>:
100066b8:	10001711                                ....

100066bc <__pre_init_runtime_init_spin_locks_reset>:
100066bc:	10001725                                %...

100066c0 <__pre_init_runtime_init_mutex>:
100066c0:	10000901                                ....

100066c4 <__pre_init_runtime_init_install_ram_vector_table>:
100066c4:	1000172d                                -...

100066c8 <__pre_init_runtime_init_default_alarm_pool>:
100066c8:	10000cc1                                ....

100066cc <__pre_init_first_per_core_initializer>:
100066cc:	10001671                                q...

100066d0 <__pre_init_runtime_init_per_core_irq_priorities>:
100066d0:	1000053d                                =...

100066d4 <__init_array_start>:
100066d4:	100046f9 	.word	0x100046f9

Disassembly of section .data:

200000c0 <mutex_try_enter>:
200000c0:	0003      	movs	r3, r0
200000c2:	6800      	ldr	r0, [r0, #0]
200000c4:	f3ef 8c10 	mrs	ip, PRIMASK
200000c8:	b672      	cpsid	i
200000ca:	6802      	ldr	r2, [r0, #0]
200000cc:	2a00      	cmp	r2, #0
200000ce:	d0fc      	beq.n	200000ca <mutex_try_enter+0xa>
200000d0:	f3bf 8f5f 	dmb	sy
200000d4:	2204      	movs	r2, #4
200000d6:	569a      	ldrsb	r2, [r3, r2]
200000d8:	2a00      	cmp	r2, #0
200000da:	db0b      	blt.n	200000f4 <mutex_try_enter+0x34>
200000dc:	2900      	cmp	r1, #0
200000de:	d000      	beq.n	200000e2 <mutex_try_enter+0x22>
200000e0:	600a      	str	r2, [r1, #0]
200000e2:	2000      	movs	r0, #0
200000e4:	681b      	ldr	r3, [r3, #0]
200000e6:	f3bf 8f5f 	dmb	sy
200000ea:	2200      	movs	r2, #0
200000ec:	601a      	str	r2, [r3, #0]
200000ee:	f38c 8810 	msr	PRIMASK, ip
200000f2:	4770      	bx	lr
200000f4:	22d0      	movs	r2, #208	@ 0xd0
200000f6:	0612      	lsls	r2, r2, #24
200000f8:	6812      	ldr	r2, [r2, #0]
200000fa:	2001      	movs	r0, #1
200000fc:	711a      	strb	r2, [r3, #4]
200000fe:	e7f1      	b.n	200000e4 <mutex_try_enter+0x24>

20000100 <mutex_enter_block_until>:
20000100:	b5f0      	push	{r4, r5, r6, r7, lr}
20000102:	001f      	movs	r7, r3
20000104:	23d0      	movs	r3, #208	@ 0xd0
20000106:	46c6      	mov	lr, r8
20000108:	061b      	lsls	r3, r3, #24
2000010a:	681b      	ldr	r3, [r3, #0]
2000010c:	0004      	movs	r4, r0
2000010e:	0016      	movs	r6, r2
20000110:	4698      	mov	r8, r3
20000112:	2500      	movs	r5, #0
20000114:	b500      	push	{lr}
20000116:	e00a      	b.n	2000012e <mutex_enter_block_until+0x2e>
20000118:	f3bf 8f5f 	dmb	sy
2000011c:	6015      	str	r5, [r2, #0]
2000011e:	f381 8810 	msr	PRIMASK, r1
20000122:	0030      	movs	r0, r6
20000124:	0039      	movs	r1, r7
20000126:	f000 fedb 	bl	20000ee0 <__best_effort_wfe_or_timeout_veneer>
2000012a:	2800      	cmp	r0, #0
2000012c:	d118      	bne.n	20000160 <mutex_enter_block_until+0x60>
2000012e:	6822      	ldr	r2, [r4, #0]
20000130:	f3ef 8110 	mrs	r1, PRIMASK
20000134:	b672      	cpsid	i
20000136:	6813      	ldr	r3, [r2, #0]
20000138:	2b00      	cmp	r3, #0
2000013a:	d0fc      	beq.n	20000136 <mutex_enter_block_until+0x36>
2000013c:	f3bf 8f5f 	dmb	sy
20000140:	7923      	ldrb	r3, [r4, #4]
20000142:	6822      	ldr	r2, [r4, #0]
20000144:	2b7f      	cmp	r3, #127	@ 0x7f
20000146:	d9e7      	bls.n	20000118 <mutex_enter_block_until+0x18>
20000148:	4643      	mov	r3, r8
2000014a:	7123      	strb	r3, [r4, #4]
2000014c:	f3bf 8f5f 	dmb	sy
20000150:	2300      	movs	r3, #0
20000152:	6013      	str	r3, [r2, #0]
20000154:	f381 8810 	msr	PRIMASK, r1
20000158:	2001      	movs	r0, #1
2000015a:	bc80      	pop	{r7}
2000015c:	46b8      	mov	r8, r7
2000015e:	bdf0      	pop	{r4, r5, r6, r7, pc}
20000160:	2000      	movs	r0, #0
20000162:	e7fa      	b.n	2000015a <mutex_enter_block_until+0x5a>

20000164 <mutex_try_enter_block_until>:
20000164:	b570      	push	{r4, r5, r6, lr}
20000166:	b082      	sub	sp, #8
20000168:	a901      	add	r1, sp, #4
2000016a:	0006      	movs	r6, r0
2000016c:	0014      	movs	r4, r2
2000016e:	001d      	movs	r5, r3
20000170:	f7ff ffa6 	bl	200000c0 <mutex_try_enter>
20000174:	2800      	cmp	r0, #0
20000176:	d107      	bne.n	20000188 <mutex_try_enter_block_until+0x24>
20000178:	22d0      	movs	r2, #208	@ 0xd0
2000017a:	0612      	lsls	r2, r2, #24
2000017c:	9b01      	ldr	r3, [sp, #4]
2000017e:	7812      	ldrb	r2, [r2, #0]
20000180:	b25b      	sxtb	r3, r3
20000182:	b252      	sxtb	r2, r2
20000184:	4293      	cmp	r3, r2
20000186:	d101      	bne.n	2000018c <mutex_try_enter_block_until+0x28>
20000188:	b002      	add	sp, #8
2000018a:	bd70      	pop	{r4, r5, r6, pc}
2000018c:	0022      	movs	r2, r4
2000018e:	002b      	movs	r3, r5
20000190:	0030      	movs	r0, r6
20000192:	f7ff ffb5 	bl	20000100 <mutex_enter_block_until>
20000196:	e7f7      	b.n	20000188 <mutex_try_enter_block_until+0x24>

20000198 <mutex_enter_timeout_ms>:
20000198:	b5f8      	push	{r3, r4, r5, r6, r7, lr}
2000019a:	000e      	movs	r6, r1
2000019c:	0007      	movs	r7, r0
2000019e:	f000 febf 	bl	20000f20 <__time_us_64_veneer>
200001a2:	22fa      	movs	r2, #250	@ 0xfa
200001a4:	0004      	movs	r4, r0
200001a6:	000d      	movs	r5, r1
200001a8:	2300      	movs	r3, #0
200001aa:	0092      	lsls	r2, r2, #2
200001ac:	0030      	movs	r0, r6
200001ae:	2100      	movs	r1, #0
200001b0:	f000 feae 	bl	20000f10 <____wrap___aeabi_lmul_veneer>
200001b4:	0022      	movs	r2, r4
200001b6:	002b      	movs	r3, r5
200001b8:	1812      	adds	r2, r2, r0
200001ba:	414b      	adcs	r3, r1
200001bc:	2b00      	cmp	r3, #0
200001be:	da02      	bge.n	200001c6 <mutex_enter_timeout_ms+0x2e>
200001c0:	2201      	movs	r2, #1
200001c2:	4b03      	ldr	r3, [pc, #12]	@ (200001d0 <mutex_enter_timeout_ms+0x38>)
200001c4:	4252      	negs	r2, r2
200001c6:	0038      	movs	r0, r7
200001c8:	f7ff ff9a 	bl	20000100 <mutex_enter_block_until>
200001cc:	bdf8      	pop	{r3, r4, r5, r6, r7, pc}
200001ce:	46c0      	nop			@ (mov r8, r8)
200001d0:	7fffffff 	.word	0x7fffffff

200001d4 <mutex_exit>:
200001d4:	6802      	ldr	r2, [r0, #0]
200001d6:	f3ef 8110 	mrs	r1, PRIMASK
200001da:	b672      	cpsid	i
200001dc:	6813      	ldr	r3, [r2, #0]
200001de:	2b00      	cmp	r3, #0
200001e0:	d0fc      	beq.n	200001dc <mutex_exit+0x8>
200001e2:	f3bf 8f5f 	dmb	sy
200001e6:	23ff      	movs	r3, #255	@ 0xff
200001e8:	7103      	strb	r3, [r0, #4]
200001ea:	6803      	ldr	r3, [r0, #0]
200001ec:	f3bf 8f5f 	dmb	sy
200001f0:	2200      	movs	r2, #0
200001f2:	601a      	str	r2, [r3, #0]
200001f4:	f381 8810 	msr	PRIMASK, r1
200001f8:	bf40      	sev
200001fa:	4770      	bx	lr

200001fc <flash_init_boot2_copyout>:
200001fc:	4b08      	ldr	r3, [pc, #32]	@ (20000220 <flash_init_boot2_copyout+0x24>)
200001fe:	469c      	mov	ip, r3
20000200:	781b      	ldrb	r3, [r3, #0]
20000202:	2b00      	cmp	r3, #0
20000204:	d10b      	bne.n	2000021e <flash_init_boot2_copyout+0x22>
20000206:	2380      	movs	r3, #128	@ 0x80
20000208:	4806      	ldr	r0, [pc, #24]	@ (20000224 <flash_init_boot2_copyout+0x28>)
2000020a:	4907      	ldr	r1, [pc, #28]	@ (20000228 <flash_init_boot2_copyout+0x2c>)
2000020c:	055b      	lsls	r3, r3, #21
2000020e:	681a      	ldr	r2, [r3, #0]
20000210:	50c2      	str	r2, [r0, r3]
20000212:	3304      	adds	r3, #4
20000214:	428b      	cmp	r3, r1
20000216:	d1fa      	bne.n	2000020e <flash_init_boot2_copyout+0x12>
20000218:	2301      	movs	r3, #1
2000021a:	4662      	mov	r2, ip
2000021c:	7013      	strb	r3, [r2, #0]
2000021e:	4770      	bx	lr
20000220:	20001c40 	.word	0x20001c40
20000224:	10001684 	.word	0x10001684
20000228:	10000100 	.word	0x10000100

2000022c <flash_enable_xip_via_boot2>:
2000022c:	b510      	push	{r4, lr}
2000022e:	4b01      	ldr	r3, [pc, #4]	@ (20000234 <flash_enable_xip_via_boot2+0x8>)
20000230:	4798      	blx	r3
20000232:	bd10      	pop	{r4, pc}
20000234:	20001685 	.word	0x20001685

20000238 <flash_save_hardware_state>:
20000238:	4b08      	ldr	r3, [pc, #32]	@ (2000025c <flash_save_hardware_state+0x24>)
2000023a:	685a      	ldr	r2, [r3, #4]
2000023c:	6042      	str	r2, [r0, #4]
2000023e:	689a      	ldr	r2, [r3, #8]
20000240:	6082      	str	r2, [r0, #8]
20000242:	68da      	ldr	r2, [r3, #12]
20000244:	60c2      	str	r2, [r0, #12]
20000246:	691a      	ldr	r2, [r3, #16]
20000248:	6102      	str	r2, [r0, #16]
2000024a:	695a      	ldr	r2, [r3, #20]
2000024c:	6142      	str	r2, [r0, #20]
2000024e:	699b      	ldr	r3, [r3, #24]
20000250:	6183      	str	r3, [r0, #24]
20000252:	23a0      	movs	r3, #160	@ 0xa0
20000254:	055b      	lsls	r3, r3, #21
20000256:	681b      	ldr	r3, [r3, #0]
20000258:	6003      	str	r3, [r0, #0]
2000025a:	4770      	bx	lr
2000025c:	40020000 	.word	0x40020000

20000260 <flash_restore_hardware_state>:
20000260:	6842      	ldr	r2, [r0, #4]
20000262:	4b08      	ldr	r3, [pc, #32]	@ (20000284 <flash_restore_hardware_state+0x24>)
20000264:	605a      	str	r2, [r3, #4]
20000266:	6882      	ldr	r2, [r0, #8]
20000268:	609a      	str	r2, [r3, #8]
2000026a:	68c2      	ldr	r2, [r0, #12]
2000026c:	60da      	str	r2, [r3, #12]
2000026e:	6902      	ldr	r2, [r0, #16]
20000270:	611a      	str	r2, [r3, #16]
20000272:	6942      	ldr	r2, [r0, #20]
20000274:	615a      	str	r2, [r3, #20]
20000276:	6982      	ldr	r2, [r0, #24]
20000278:	619a      	str	r2, [r3, #24]
2000027a:	23a0      	movs	r3, #160	@ 0xa0
2000027c:	6802      	ldr	r2, [r0, #0]
2000027e:	055b      	lsls	r3, r3, #21
20000280:	601a      	str	r2, [r3, #0]
20000282:	4770      	bx	lr
20000284:	40020000 	.word	0x40020000

20000288 <flash_do_cmd_cs>:
20000288:	b5f0      	push	{r4, r5, r6, r7, lr}
2000028a:	46d6      	mov	lr, sl
2000028c:	464f      	mov	r7, r9
2000028e:	4646      	mov	r6, r8
20000290:	2300      	movs	r3, #0
20000292:	b5c0      	push	{r6, r7, lr}
20000294:	2718      	movs	r7, #24
20000296:	b088      	sub	sp, #32
20000298:	001e      	movs	r6, r3
2000029a:	4681      	mov	r9, r0
2000029c:	000d      	movs	r5, r1
2000029e:	8a98      	ldrh	r0, [r3, #20]
200002a0:	4946      	ldr	r1, [pc, #280]	@ (200003bc <flash_do_cmd_cs+0x134>)
200002a2:	883b      	ldrh	r3, [r7, #0]
200002a4:	0014      	movs	r4, r2
200002a6:	4798      	blx	r3
200002a8:	883b      	ldrh	r3, [r7, #0]
200002aa:	4680      	mov	r8, r0
200002ac:	4944      	ldr	r1, [pc, #272]	@ (200003c0 <flash_do_cmd_cs+0x138>)
200002ae:	8ab0      	ldrh	r0, [r6, #20]
200002b0:	4798      	blx	r3
200002b2:	2300      	movs	r3, #0
200002b4:	4943      	ldr	r1, [pc, #268]	@ (200003c4 <flash_do_cmd_cs+0x13c>)
200002b6:	0006      	movs	r6, r0
200002b8:	8a98      	ldrh	r0, [r3, #20]
200002ba:	883b      	ldrh	r3, [r7, #0]
200002bc:	4798      	blx	r3
200002be:	4682      	mov	sl, r0
200002c0:	f7ff ff9c 	bl	200001fc <flash_init_boot2_copyout>
200002c4:	a801      	add	r0, sp, #4
200002c6:	f7ff ffb7 	bl	20000238 <flash_save_hardware_state>
200002ca:	47c0      	blx	r8
200002cc:	47b0      	blx	r6
200002ce:	4b3e      	ldr	r3, [pc, #248]	@ (200003c8 <flash_do_cmd_cs+0x140>)
200002d0:	0021      	movs	r1, r4
200002d2:	681a      	ldr	r2, [r3, #0]
200002d4:	2380      	movs	r3, #128	@ 0x80
200002d6:	009b      	lsls	r3, r3, #2
200002d8:	4053      	eors	r3, r2
200002da:	22c0      	movs	r2, #192	@ 0xc0
200002dc:	0092      	lsls	r2, r2, #2
200002de:	4013      	ands	r3, r2
200002e0:	4a3a      	ldr	r2, [pc, #232]	@ (200003cc <flash_do_cmd_cs+0x144>)
200002e2:	6013      	str	r3, [r2, #0]
200002e4:	2c00      	cmp	r4, #0
200002e6:	d01c      	beq.n	20000322 <flash_do_cmd_cs+0x9a>
200002e8:	2308      	movs	r3, #8
200002ea:	20c0      	movs	r0, #192	@ 0xc0
200002ec:	469c      	mov	ip, r3
200002ee:	0540      	lsls	r0, r0, #21
200002f0:	3f16      	subs	r7, #22
200002f2:	4662      	mov	r2, ip
200002f4:	6a83      	ldr	r3, [r0, #40]	@ 0x28
200002f6:	401a      	ands	r2, r3
200002f8:	421f      	tst	r7, r3
200002fa:	d039      	beq.n	20000370 <flash_do_cmd_cs+0xe8>
200002fc:	1a63      	subs	r3, r4, r1
200002fe:	2900      	cmp	r1, #0
20000300:	d12b      	bne.n	2000035a <flash_do_cmd_cs+0xd2>
20000302:	2a00      	cmp	r2, #0
20000304:	d10b      	bne.n	2000031e <flash_do_cmd_cs+0x96>
20000306:	2c00      	cmp	r4, #0
20000308:	d00b      	beq.n	20000322 <flash_do_cmd_cs+0x9a>
2000030a:	23c0      	movs	r3, #192	@ 0xc0
2000030c:	2208      	movs	r2, #8
2000030e:	2602      	movs	r6, #2
20000310:	055b      	lsls	r3, r3, #21
20000312:	6a9b      	ldr	r3, [r3, #40]	@ 0x28
20000314:	401a      	ands	r2, r3
20000316:	421e      	tst	r6, r3
20000318:	d042      	beq.n	200003a0 <flash_do_cmd_cs+0x118>
2000031a:	2a00      	cmp	r2, #0
2000031c:	d0f5      	beq.n	2000030a <flash_do_cmd_cs+0x82>
2000031e:	2c00      	cmp	r4, #0
20000320:	d130      	bne.n	20000384 <flash_do_cmd_cs+0xfc>
20000322:	4b29      	ldr	r3, [pc, #164]	@ (200003c8 <flash_do_cmd_cs+0x140>)
20000324:	681a      	ldr	r2, [r3, #0]
20000326:	23c0      	movs	r3, #192	@ 0xc0
20000328:	009b      	lsls	r3, r3, #2
2000032a:	4393      	bics	r3, r2
2000032c:	4a27      	ldr	r2, [pc, #156]	@ (200003cc <flash_do_cmd_cs+0x144>)
2000032e:	6013      	str	r3, [r2, #0]
20000330:	47d0      	blx	sl
20000332:	f7ff ff7b 	bl	2000022c <flash_enable_xip_via_boot2>
20000336:	a801      	add	r0, sp, #4
20000338:	f7ff ff92 	bl	20000260 <flash_restore_hardware_state>
2000033c:	b008      	add	sp, #32
2000033e:	bce0      	pop	{r5, r6, r7}
20000340:	46ba      	mov	sl, r7
20000342:	46b1      	mov	r9, r6
20000344:	46a8      	mov	r8, r5
20000346:	bdf0      	pop	{r4, r5, r6, r7, pc}
20000348:	2c00      	cmp	r4, #0
2000034a:	d12b      	bne.n	200003a4 <flash_do_cmd_cs+0x11c>
2000034c:	22c0      	movs	r2, #192	@ 0xc0
2000034e:	0552      	lsls	r2, r2, #21
20000350:	6a96      	ldr	r6, [r2, #40]	@ 0x28
20000352:	2208      	movs	r2, #8
20000354:	4032      	ands	r2, r6
20000356:	07b6      	lsls	r6, r6, #30
20000358:	d52b      	bpl.n	200003b2 <flash_do_cmd_cs+0x12a>
2000035a:	2b0d      	cmp	r3, #13
2000035c:	d919      	bls.n	20000392 <flash_do_cmd_cs+0x10a>
2000035e:	2a00      	cmp	r2, #0
20000360:	d1f2      	bne.n	20000348 <flash_do_cmd_cs+0xc0>
20000362:	22c0      	movs	r2, #192	@ 0xc0
20000364:	0552      	lsls	r2, r2, #21
20000366:	6a96      	ldr	r6, [r2, #40]	@ 0x28
20000368:	2208      	movs	r2, #8
2000036a:	4032      	ands	r2, r6
2000036c:	07b6      	lsls	r6, r6, #30
2000036e:	d4f4      	bmi.n	2000035a <flash_do_cmd_cs+0xd2>
20000370:	2a00      	cmp	r2, #0
20000372:	d104      	bne.n	2000037e <flash_do_cmd_cs+0xf6>
20000374:	000b      	movs	r3, r1
20000376:	4323      	orrs	r3, r4
20000378:	2b00      	cmp	r3, #0
2000037a:	d1ba      	bne.n	200002f2 <flash_do_cmd_cs+0x6a>
2000037c:	e7d1      	b.n	20000322 <flash_do_cmd_cs+0x9a>
2000037e:	000b      	movs	r3, r1
20000380:	2c00      	cmp	r4, #0
20000382:	d0f9      	beq.n	20000378 <flash_do_cmd_cs+0xf0>
20000384:	6e03      	ldr	r3, [r0, #96]	@ 0x60
20000386:	3c01      	subs	r4, #1
20000388:	702b      	strb	r3, [r5, #0]
2000038a:	0023      	movs	r3, r4
2000038c:	3501      	adds	r5, #1
2000038e:	430b      	orrs	r3, r1
20000390:	e7f2      	b.n	20000378 <flash_do_cmd_cs+0xf0>
20000392:	464b      	mov	r3, r9
20000394:	781b      	ldrb	r3, [r3, #0]
20000396:	3901      	subs	r1, #1
20000398:	6603      	str	r3, [r0, #96]	@ 0x60
2000039a:	2301      	movs	r3, #1
2000039c:	4499      	add	r9, r3
2000039e:	e7e7      	b.n	20000370 <flash_do_cmd_cs+0xe8>
200003a0:	2100      	movs	r1, #0
200003a2:	e7e5      	b.n	20000370 <flash_do_cmd_cs+0xe8>
200003a4:	23c0      	movs	r3, #192	@ 0xc0
200003a6:	055b      	lsls	r3, r3, #21
200003a8:	6e1b      	ldr	r3, [r3, #96]	@ 0x60
200003aa:	3c01      	subs	r4, #1
200003ac:	702b      	strb	r3, [r5, #0]
200003ae:	3501      	adds	r5, #1
200003b0:	e79f      	b.n	200002f2 <flash_do_cmd_cs+0x6a>
200003b2:	000b      	movs	r3, r1
200003b4:	42a2      	cmp	r2, r4
200003b6:	d1df      	bne.n	20000378 <flash_do_cmd_cs+0xf0>
200003b8:	e7dc      	b.n	20000374 <flash_do_cmd_cs+0xec>
200003ba:	46c0      	nop			@ (mov r8, r8)
200003bc:	00004649 	.word	0x00004649
200003c0:	00005845 	.word	0x00005845
200003c4:	00004346 	.word	0x00004346
200003c8:	4001800c 	.word	0x4001800c
200003cc:	4001900c 	.word	0x4001900c

200003d0 <reset_non_control_endpoints>:
200003d0:	2200      	movs	r2, #0
200003d2:	4b15      	ldr	r3, [pc, #84]	@ (20000428 <reset_non_control_endpoints+0x58>)
200003d4:	b510      	push	{r4, lr}
200003d6:	609a      	str	r2, [r3, #8]
200003d8:	60da      	str	r2, [r3, #12]
200003da:	611a      	str	r2, [r3, #16]
200003dc:	615a      	str	r2, [r3, #20]
200003de:	619a      	str	r2, [r3, #24]
200003e0:	61da      	str	r2, [r3, #28]
200003e2:	621a      	str	r2, [r3, #32]
200003e4:	625a      	str	r2, [r3, #36]	@ 0x24
200003e6:	629a      	str	r2, [r3, #40]	@ 0x28
200003e8:	62da      	str	r2, [r3, #44]	@ 0x2c
200003ea:	631a      	str	r2, [r3, #48]	@ 0x30
200003ec:	635a      	str	r2, [r3, #52]	@ 0x34
200003ee:	639a      	str	r2, [r3, #56]	@ 0x38
200003f0:	63da      	str	r2, [r3, #60]	@ 0x3c
200003f2:	641a      	str	r2, [r3, #64]	@ 0x40
200003f4:	645a      	str	r2, [r3, #68]	@ 0x44
200003f6:	649a      	str	r2, [r3, #72]	@ 0x48
200003f8:	64da      	str	r2, [r3, #76]	@ 0x4c
200003fa:	651a      	str	r2, [r3, #80]	@ 0x50
200003fc:	655a      	str	r2, [r3, #84]	@ 0x54
200003fe:	659a      	str	r2, [r3, #88]	@ 0x58
20000400:	65da      	str	r2, [r3, #92]	@ 0x5c
20000402:	661a      	str	r2, [r3, #96]	@ 0x60
20000404:	665a      	str	r2, [r3, #100]	@ 0x64
20000406:	669a      	str	r2, [r3, #104]	@ 0x68
20000408:	66da      	str	r2, [r3, #108]	@ 0x6c
2000040a:	671a      	str	r2, [r3, #112]	@ 0x70
2000040c:	675a      	str	r2, [r3, #116]	@ 0x74
2000040e:	679a      	str	r2, [r3, #120]	@ 0x78
20000410:	67da      	str	r2, [r3, #124]	@ 0x7c
20000412:	32f0      	adds	r2, #240	@ 0xf0
20000414:	0092      	lsls	r2, r2, #2
20000416:	2100      	movs	r1, #0
20000418:	4804      	ldr	r0, [pc, #16]	@ (2000042c <reset_non_control_endpoints+0x5c>)
2000041a:	f000 fd69 	bl	20000ef0 <____wrap_memset_veneer>
2000041e:	4b04      	ldr	r3, [pc, #16]	@ (20000430 <reset_non_control_endpoints+0x60>)
20000420:	4a04      	ldr	r2, [pc, #16]	@ (20000434 <reset_non_control_endpoints+0x64>)
20000422:	601a      	str	r2, [r3, #0]
20000424:	bd10      	pop	{r4, pc}
20000426:	46c0      	nop			@ (mov r8, r8)
20000428:	50100000 	.word	0x50100000
2000042c:	20001830 	.word	0x20001830
20000430:	20001bf8 	.word	0x20001bf8
20000434:	50100180 	.word	0x50100180

20000438 <hw_handle_buff_status>:
20000438:	b5f0      	push	{r4, r5, r6, r7, lr}
2000043a:	4647      	mov	r7, r8
2000043c:	46ce      	mov	lr, r9
2000043e:	b580      	push	{r7, lr}
20000440:	4b1c      	ldr	r3, [pc, #112]	@ (200004b4 <hw_handle_buff_status+0x7c>)
20000442:	2400      	movs	r4, #0
20000444:	6d9f      	ldr	r7, [r3, #88]	@ 0x58
20000446:	2601      	movs	r6, #1
20000448:	b085      	sub	sp, #20
2000044a:	2f00      	cmp	r7, #0
2000044c:	d01b      	beq.n	20000486 <hw_handle_buff_status+0x4e>
2000044e:	4b1a      	ldr	r3, [pc, #104]	@ (200004b8 <hw_handle_buff_status+0x80>)
20000450:	4698      	mov	r8, r3
20000452:	4b1a      	ldr	r3, [pc, #104]	@ (200004bc <hw_handle_buff_status+0x84>)
20000454:	4699      	mov	r9, r3
20000456:	e004      	b.n	20000462 <hw_handle_buff_status+0x2a>
20000458:	3401      	adds	r4, #1
2000045a:	b2e4      	uxtb	r4, r4
2000045c:	0076      	lsls	r6, r6, #1
2000045e:	2c20      	cmp	r4, #32
20000460:	d011      	beq.n	20000486 <hw_handle_buff_status+0x4e>
20000462:	423e      	tst	r6, r7
20000464:	d0f8      	beq.n	20000458 <hw_handle_buff_status+0x20>
20000466:	4643      	mov	r3, r8
20000468:	659e      	str	r6, [r3, #88]	@ 0x58
2000046a:	2301      	movs	r3, #1
2000046c:	0865      	lsrs	r5, r4, #1
2000046e:	006d      	lsls	r5, r5, #1
20000470:	43a3      	bics	r3, r4
20000472:	18ed      	adds	r5, r5, r3
20000474:	016d      	lsls	r5, r5, #5
20000476:	444d      	add	r5, r9
20000478:	0028      	movs	r0, r5
2000047a:	f000 fc13 	bl	20000ca4 <hw_endpoint_xfer_continue>
2000047e:	2800      	cmp	r0, #0
20000480:	d106      	bne.n	20000490 <hw_handle_buff_status+0x58>
20000482:	43b7      	bics	r7, r6
20000484:	d1e8      	bne.n	20000458 <hw_handle_buff_status+0x20>
20000486:	b005      	add	sp, #20
20000488:	bcc0      	pop	{r6, r7}
2000048a:	46b9      	mov	r9, r7
2000048c:	46b0      	mov	r8, r6
2000048e:	bdf0      	pop	{r4, r5, r6, r7, pc}
20000490:	8aeb      	ldrh	r3, [r5, #22]
20000492:	21e0      	movs	r1, #224	@ 0xe0
20000494:	9303      	str	r3, [sp, #12]
20000496:	2300      	movs	r3, #0
20000498:	a801      	add	r0, sp, #4
2000049a:	78aa      	ldrb	r2, [r5, #2]
2000049c:	00c9      	lsls	r1, r1, #3
2000049e:	8001      	strh	r1, [r0, #0]
200004a0:	2101      	movs	r1, #1
200004a2:	7102      	strb	r2, [r0, #4]
200004a4:	7143      	strb	r3, [r0, #5]
200004a6:	f000 fc1d 	bl	20000ce4 <dcd_event_handler>
200004aa:	0028      	movs	r0, r5
200004ac:	f000 fb98 	bl	20000be0 <hw_endpoint_reset_transfer>
200004b0:	e7e7      	b.n	20000482 <hw_handle_buff_status+0x4a>
200004b2:	46c0      	nop			@ (mov r8, r8)
200004b4:	50110000 	.word	0x50110000
200004b8:	50113000 	.word	0x50113000
200004bc:	200017f0 	.word	0x200017f0

200004c0 <dcd_rp2040_irq>:
200004c0:	2398      	movs	r3, #152	@ 0x98
200004c2:	4ac6      	ldr	r2, [pc, #792]	@ (200007dc <dcd_rp2040_irq+0x31c>)
200004c4:	b5f0      	push	{r4, r5, r6, r7, lr}
200004c6:	58d5      	ldr	r5, [r2, r3]
200004c8:	2380      	movs	r3, #128	@ 0x80
200004ca:	002e      	movs	r6, r5
200004cc:	029b      	lsls	r3, r3, #10
200004ce:	2410      	movs	r4, #16
200004d0:	b085      	sub	sp, #20
200004d2:	401e      	ands	r6, r3
200004d4:	421d      	tst	r5, r3
200004d6:	d074      	beq.n	200005c2 <dcd_rp2040_irq+0x102>
200004d8:	4bc1      	ldr	r3, [pc, #772]	@ (200007e0 <dcd_rp2040_irq+0x320>)
200004da:	4cc2      	ldr	r4, [pc, #776]	@ (200007e4 <dcd_rp2040_irq+0x324>)
200004dc:	6a9a      	ldr	r2, [r3, #40]	@ 0x28
200004de:	4bc2      	ldr	r3, [pc, #776]	@ (200007e8 <dcd_rp2040_irq+0x328>)
200004e0:	2600      	movs	r6, #0
200004e2:	601a      	str	r2, [r3, #0]
200004e4:	233b      	movs	r3, #59	@ 0x3b
200004e6:	5ce3      	ldrb	r3, [r4, r3]
200004e8:	2b02      	cmp	r3, #2
200004ea:	d100      	bne.n	200004ee <dcd_rp2040_irq+0x2e>
200004ec:	e14b      	b.n	20000786 <dcd_rp2040_irq+0x2c6>
200004ee:	237b      	movs	r3, #123	@ 0x7b
200004f0:	5ce3      	ldrb	r3, [r4, r3]
200004f2:	2b02      	cmp	r3, #2
200004f4:	d100      	bne.n	200004f8 <dcd_rp2040_irq+0x38>
200004f6:	e0ef      	b.n	200006d8 <dcd_rp2040_irq+0x218>
200004f8:	23bb      	movs	r3, #187	@ 0xbb
200004fa:	5ce3      	ldrb	r3, [r4, r3]
200004fc:	2b02      	cmp	r3, #2
200004fe:	d100      	bne.n	20000502 <dcd_rp2040_irq+0x42>
20000500:	e0f6      	b.n	200006f0 <dcd_rp2040_irq+0x230>
20000502:	23fb      	movs	r3, #251	@ 0xfb
20000504:	5ce3      	ldrb	r3, [r4, r3]
20000506:	2b02      	cmp	r3, #2
20000508:	d100      	bne.n	2000050c <dcd_rp2040_irq+0x4c>
2000050a:	e0fd      	b.n	20000708 <dcd_rp2040_irq+0x248>
2000050c:	233c      	movs	r3, #60	@ 0x3c
2000050e:	33ff      	adds	r3, #255	@ 0xff
20000510:	5ce3      	ldrb	r3, [r4, r3]
20000512:	2b02      	cmp	r3, #2
20000514:	d100      	bne.n	20000518 <dcd_rp2040_irq+0x58>
20000516:	e129      	b.n	2000076c <dcd_rp2040_irq+0x2ac>
20000518:	237c      	movs	r3, #124	@ 0x7c
2000051a:	33ff      	adds	r3, #255	@ 0xff
2000051c:	5ce3      	ldrb	r3, [r4, r3]
2000051e:	2b02      	cmp	r3, #2
20000520:	d100      	bne.n	20000524 <dcd_rp2040_irq+0x64>
20000522:	e10a      	b.n	2000073a <dcd_rp2040_irq+0x27a>
20000524:	23bc      	movs	r3, #188	@ 0xbc
20000526:	33ff      	adds	r3, #255	@ 0xff
20000528:	5ce3      	ldrb	r3, [r4, r3]
2000052a:	2b02      	cmp	r3, #2
2000052c:	d100      	bne.n	20000530 <dcd_rp2040_irq+0x70>
2000052e:	e13b      	b.n	200007a8 <dcd_rp2040_irq+0x2e8>
20000530:	23fc      	movs	r3, #252	@ 0xfc
20000532:	33ff      	adds	r3, #255	@ 0xff
20000534:	5ce3      	ldrb	r3, [r4, r3]
20000536:	2b02      	cmp	r3, #2
20000538:	d100      	bne.n	2000053c <dcd_rp2040_irq+0x7c>
2000053a:	e0f1      	b.n	20000720 <dcd_rp2040_irq+0x260>
2000053c:	4bab      	ldr	r3, [pc, #684]	@ (200007ec <dcd_rp2040_irq+0x32c>)
2000053e:	5ce3      	ldrb	r3, [r4, r3]
20000540:	2b02      	cmp	r3, #2
20000542:	d100      	bne.n	20000546 <dcd_rp2040_irq+0x86>
20000544:	e170      	b.n	20000828 <dcd_rp2040_irq+0x368>
20000546:	4baa      	ldr	r3, [pc, #680]	@ (200007f0 <dcd_rp2040_irq+0x330>)
20000548:	5ce3      	ldrb	r3, [r4, r3]
2000054a:	2b02      	cmp	r3, #2
2000054c:	d100      	bne.n	20000550 <dcd_rp2040_irq+0x90>
2000054e:	e101      	b.n	20000754 <dcd_rp2040_irq+0x294>
20000550:	4ba8      	ldr	r3, [pc, #672]	@ (200007f4 <dcd_rp2040_irq+0x334>)
20000552:	5ce3      	ldrb	r3, [r4, r3]
20000554:	2b02      	cmp	r3, #2
20000556:	d100      	bne.n	2000055a <dcd_rp2040_irq+0x9a>
20000558:	e171      	b.n	2000083e <dcd_rp2040_irq+0x37e>
2000055a:	4ba7      	ldr	r3, [pc, #668]	@ (200007f8 <dcd_rp2040_irq+0x338>)
2000055c:	5ce3      	ldrb	r3, [r4, r3]
2000055e:	2b02      	cmp	r3, #2
20000560:	d100      	bne.n	20000564 <dcd_rp2040_irq+0xa4>
20000562:	e12e      	b.n	200007c2 <dcd_rp2040_irq+0x302>
20000564:	4ba5      	ldr	r3, [pc, #660]	@ (200007fc <dcd_rp2040_irq+0x33c>)
20000566:	5ce3      	ldrb	r3, [r4, r3]
20000568:	2b02      	cmp	r3, #2
2000056a:	d100      	bne.n	2000056e <dcd_rp2040_irq+0xae>
2000056c:	e19c      	b.n	200008a8 <dcd_rp2040_irq+0x3e8>
2000056e:	4ba4      	ldr	r3, [pc, #656]	@ (20000800 <dcd_rp2040_irq+0x340>)
20000570:	5ce3      	ldrb	r3, [r4, r3]
20000572:	2b02      	cmp	r3, #2
20000574:	d100      	bne.n	20000578 <dcd_rp2040_irq+0xb8>
20000576:	e16d      	b.n	20000854 <dcd_rp2040_irq+0x394>
20000578:	4ba2      	ldr	r3, [pc, #648]	@ (20000804 <dcd_rp2040_irq+0x344>)
2000057a:	5ce3      	ldrb	r3, [r4, r3]
2000057c:	2b02      	cmp	r3, #2
2000057e:	d100      	bne.n	20000582 <dcd_rp2040_irq+0xc2>
20000580:	e19d      	b.n	200008be <dcd_rp2040_irq+0x3fe>
20000582:	4ba1      	ldr	r3, [pc, #644]	@ (20000808 <dcd_rp2040_irq+0x348>)
20000584:	5ce3      	ldrb	r3, [r4, r3]
20000586:	2b02      	cmp	r3, #2
20000588:	d100      	bne.n	2000058c <dcd_rp2040_irq+0xcc>
2000058a:	e17b      	b.n	20000884 <dcd_rp2040_irq+0x3c4>
2000058c:	2e00      	cmp	r6, #0
2000058e:	d108      	bne.n	200005a2 <dcd_rp2040_irq+0xe2>
20000590:	4b9e      	ldr	r3, [pc, #632]	@ (2000080c <dcd_rp2040_irq+0x34c>)
20000592:	781b      	ldrb	r3, [r3, #0]
20000594:	2b00      	cmp	r3, #0
20000596:	d104      	bne.n	200005a2 <dcd_rp2040_irq+0xe2>
20000598:	2180      	movs	r1, #128	@ 0x80
2000059a:	4a9d      	ldr	r2, [pc, #628]	@ (20000810 <dcd_rp2040_irq+0x350>)
2000059c:	3390      	adds	r3, #144	@ 0x90
2000059e:	0289      	lsls	r1, r1, #10
200005a0:	50d1      	str	r1, [r2, r3]
200005a2:	22c0      	movs	r2, #192	@ 0xc0
200005a4:	4669      	mov	r1, sp
200005a6:	4b8d      	ldr	r3, [pc, #564]	@ (200007dc <dcd_rp2040_irq+0x31c>)
200005a8:	0092      	lsls	r2, r2, #2
200005aa:	6c9b      	ldr	r3, [r3, #72]	@ 0x48
200005ac:	2680      	movs	r6, #128	@ 0x80
200005ae:	055b      	lsls	r3, r3, #21
200005b0:	808a      	strh	r2, [r1, #4]
200005b2:	0d5b      	lsrs	r3, r3, #21
200005b4:	2101      	movs	r1, #1
200005b6:	a801      	add	r0, sp, #4
200005b8:	9302      	str	r3, [sp, #8]
200005ba:	f000 fb93 	bl	20000ce4 <dcd_event_handler>
200005be:	4c95      	ldr	r4, [pc, #596]	@ (20000814 <dcd_rp2040_irq+0x354>)
200005c0:	02b6      	lsls	r6, r6, #10
200005c2:	06eb      	lsls	r3, r5, #27
200005c4:	d500      	bpl.n	200005c8 <dcd_rp2040_irq+0x108>
200005c6:	e07b      	b.n	200006c0 <dcd_rp2040_irq+0x200>
200005c8:	2380      	movs	r3, #128	@ 0x80
200005ca:	025b      	lsls	r3, r3, #9
200005cc:	421d      	tst	r5, r3
200005ce:	d02f      	beq.n	20000630 <dcd_rp2040_irq+0x170>
200005d0:	2402      	movs	r4, #2
200005d2:	4f84      	ldr	r7, [pc, #528]	@ (200007e4 <dcd_rp2040_irq+0x324>)
200005d4:	431e      	orrs	r6, r3
200005d6:	7ebb      	ldrb	r3, [r7, #26]
200005d8:	2b00      	cmp	r3, #0
200005da:	d014      	beq.n	20000606 <dcd_rp2040_irq+0x146>
200005dc:	f000 fca8 	bl	20000f30 <__rp2040_chip_version_veneer>
200005e0:	2801      	cmp	r0, #1
200005e2:	d900      	bls.n	200005e6 <dcd_rp2040_irq+0x126>
200005e4:	e070      	b.n	200006c8 <dcd_rp2040_irq+0x208>
200005e6:	22c0      	movs	r2, #192	@ 0xc0
200005e8:	2100      	movs	r1, #0
200005ea:	0038      	movs	r0, r7
200005ec:	0192      	lsls	r2, r2, #6
200005ee:	f000 fafd 	bl	20000bec <_hw_endpoint_buffer_control_update32>
200005f2:	0038      	movs	r0, r7
200005f4:	f000 faf4 	bl	20000be0 <hw_endpoint_reset_transfer>
200005f8:	f000 fc9a 	bl	20000f30 <__rp2040_chip_version_veneer>
200005fc:	2801      	cmp	r0, #1
200005fe:	d902      	bls.n	20000606 <dcd_rp2040_irq+0x146>
20000600:	4b83      	ldr	r3, [pc, #524]	@ (20000810 <dcd_rp2040_irq+0x350>)
20000602:	665c      	str	r4, [r3, #100]	@ 0x64
20000604:	661c      	str	r4, [r3, #96]	@ 0x60
20000606:	2301      	movs	r3, #1
20000608:	70fb      	strb	r3, [r7, #3]
2000060a:	3720      	adds	r7, #32
2000060c:	2c01      	cmp	r4, #1
2000060e:	d120      	bne.n	20000652 <dcd_rp2040_irq+0x192>
20000610:	23c0      	movs	r3, #192	@ 0xc0
20000612:	466a      	mov	r2, sp
20000614:	00db      	lsls	r3, r3, #3
20000616:	8093      	strh	r3, [r2, #4]
20000618:	4a7f      	ldr	r2, [pc, #508]	@ (20000818 <dcd_rp2040_irq+0x358>)
2000061a:	ab02      	add	r3, sp, #8
2000061c:	ca03      	ldmia	r2!, {r0, r1}
2000061e:	c303      	stmia	r3!, {r0, r1}
20000620:	2101      	movs	r1, #1
20000622:	a801      	add	r0, sp, #4
20000624:	f000 fb5e 	bl	20000ce4 <dcd_event_handler>
20000628:	2280      	movs	r2, #128	@ 0x80
2000062a:	4b79      	ldr	r3, [pc, #484]	@ (20000810 <dcd_rp2040_irq+0x350>)
2000062c:	0292      	lsls	r2, r2, #10
2000062e:	651a      	str	r2, [r3, #80]	@ 0x50
20000630:	2380      	movs	r3, #128	@ 0x80
20000632:	015b      	lsls	r3, r3, #5
20000634:	421d      	tst	r5, r3
20000636:	d10e      	bne.n	20000656 <dcd_rp2040_irq+0x196>
20000638:	2380      	movs	r3, #128	@ 0x80
2000063a:	01db      	lsls	r3, r3, #7
2000063c:	421d      	tst	r5, r3
2000063e:	d121      	bne.n	20000684 <dcd_rp2040_irq+0x1c4>
20000640:	2380      	movs	r3, #128	@ 0x80
20000642:	021b      	lsls	r3, r3, #8
20000644:	421d      	tst	r5, r3
20000646:	d12d      	bne.n	200006a4 <dcd_rp2040_irq+0x1e4>
20000648:	42ae      	cmp	r6, r5
2000064a:	d000      	beq.n	2000064e <dcd_rp2040_irq+0x18e>
2000064c:	e1be      	b.n	200009cc <dcd_rp2040_irq+0x50c>
2000064e:	b005      	add	sp, #20
20000650:	bdf0      	pop	{r4, r5, r6, r7, pc}
20000652:	2401      	movs	r4, #1
20000654:	e7bf      	b.n	200005d6 <dcd_rp2040_irq+0x116>
20000656:	2400      	movs	r4, #0
20000658:	431e      	orrs	r6, r3
2000065a:	4b60      	ldr	r3, [pc, #384]	@ (200007dc <dcd_rp2040_irq+0x31c>)
2000065c:	601c      	str	r4, [r3, #0]
2000065e:	f7ff feb7 	bl	200003d0 <reset_non_control_endpoints>
20000662:	2380      	movs	r3, #128	@ 0x80
20000664:	466a      	mov	r2, sp
20000666:	005b      	lsls	r3, r3, #1
20000668:	8093      	strh	r3, [r2, #4]
2000066a:	7214      	strb	r4, [r2, #8]
2000066c:	2101      	movs	r1, #1
2000066e:	a801      	add	r0, sp, #4
20000670:	f000 fb38 	bl	20000ce4 <dcd_event_handler>
20000674:	2280      	movs	r2, #128	@ 0x80
20000676:	4b66      	ldr	r3, [pc, #408]	@ (20000810 <dcd_rp2040_irq+0x350>)
20000678:	0312      	lsls	r2, r2, #12
2000067a:	651a      	str	r2, [r3, #80]	@ 0x50
2000067c:	2380      	movs	r3, #128	@ 0x80
2000067e:	01db      	lsls	r3, r3, #7
20000680:	421d      	tst	r5, r3
20000682:	d0dd      	beq.n	20000640 <dcd_rp2040_irq+0x180>
20000684:	431e      	orrs	r6, r3
20000686:	2380      	movs	r3, #128	@ 0x80
20000688:	466a      	mov	r2, sp
2000068a:	00db      	lsls	r3, r3, #3
2000068c:	8093      	strh	r3, [r2, #4]
2000068e:	2101      	movs	r1, #1
20000690:	a801      	add	r0, sp, #4
20000692:	f000 fb27 	bl	20000ce4 <dcd_event_handler>
20000696:	2210      	movs	r2, #16
20000698:	4b5d      	ldr	r3, [pc, #372]	@ (20000810 <dcd_rp2040_irq+0x350>)
2000069a:	651a      	str	r2, [r3, #80]	@ 0x50
2000069c:	2380      	movs	r3, #128	@ 0x80
2000069e:	021b      	lsls	r3, r3, #8
200006a0:	421d      	tst	r5, r3
200006a2:	d0d1      	beq.n	20000648 <dcd_rp2040_irq+0x188>
200006a4:	431e      	orrs	r6, r3
200006a6:	23a0      	movs	r3, #160	@ 0xa0
200006a8:	466a      	mov	r2, sp
200006aa:	00db      	lsls	r3, r3, #3
200006ac:	8093      	strh	r3, [r2, #4]
200006ae:	2101      	movs	r1, #1
200006b0:	a801      	add	r0, sp, #4
200006b2:	f000 fb17 	bl	20000ce4 <dcd_event_handler>
200006b6:	2280      	movs	r2, #128	@ 0x80
200006b8:	4b55      	ldr	r3, [pc, #340]	@ (20000810 <dcd_rp2040_irq+0x350>)
200006ba:	0112      	lsls	r2, r2, #4
200006bc:	651a      	str	r2, [r3, #80]	@ 0x50
200006be:	e7c3      	b.n	20000648 <dcd_rp2040_irq+0x188>
200006c0:	f7ff feba 	bl	20000438 <hw_handle_buff_status>
200006c4:	0026      	movs	r6, r4
200006c6:	e77f      	b.n	200005c8 <dcd_rp2040_irq+0x108>
200006c8:	4b54      	ldr	r3, [pc, #336]	@ (2000081c <dcd_rp2040_irq+0x35c>)
200006ca:	4a44      	ldr	r2, [pc, #272]	@ (200007dc <dcd_rp2040_irq+0x31c>)
200006cc:	661c      	str	r4, [r3, #96]	@ 0x60
200006ce:	6e53      	ldr	r3, [r2, #100]	@ 0x64
200006d0:	4023      	ands	r3, r4
200006d2:	42a3      	cmp	r3, r4
200006d4:	d1fb      	bne.n	200006ce <dcd_rp2040_irq+0x20e>
200006d6:	e786      	b.n	200005e6 <dcd_rp2040_irq+0x126>
200006d8:	3378      	adds	r3, #120	@ 0x78
200006da:	5ce7      	ldrb	r7, [r4, r3]
200006dc:	2f00      	cmp	r7, #0
200006de:	d100      	bne.n	200006e2 <dcd_rp2040_irq+0x222>
200006e0:	e70a      	b.n	200004f8 <dcd_rp2040_irq+0x38>
200006e2:	3302      	adds	r3, #2
200006e4:	5ce2      	ldrb	r2, [r4, r3]
200006e6:	2a00      	cmp	r2, #0
200006e8:	d000      	beq.n	200006ec <dcd_rp2040_irq+0x22c>
200006ea:	e10d      	b.n	20000908 <dcd_rp2040_irq+0x448>
200006ec:	003e      	movs	r6, r7
200006ee:	e703      	b.n	200004f8 <dcd_rp2040_irq+0x38>
200006f0:	33b8      	adds	r3, #184	@ 0xb8
200006f2:	5ce7      	ldrb	r7, [r4, r3]
200006f4:	2f00      	cmp	r7, #0
200006f6:	d100      	bne.n	200006fa <dcd_rp2040_irq+0x23a>
200006f8:	e703      	b.n	20000502 <dcd_rp2040_irq+0x42>
200006fa:	3302      	adds	r3, #2
200006fc:	5ce2      	ldrb	r2, [r4, r3]
200006fe:	2a00      	cmp	r2, #0
20000700:	d000      	beq.n	20000704 <dcd_rp2040_irq+0x244>
20000702:	e0f9      	b.n	200008f8 <dcd_rp2040_irq+0x438>
20000704:	003e      	movs	r6, r7
20000706:	e6fc      	b.n	20000502 <dcd_rp2040_irq+0x42>
20000708:	33f8      	adds	r3, #248	@ 0xf8
2000070a:	5ce7      	ldrb	r7, [r4, r3]
2000070c:	2f00      	cmp	r7, #0
2000070e:	d100      	bne.n	20000712 <dcd_rp2040_irq+0x252>
20000710:	e6fc      	b.n	2000050c <dcd_rp2040_irq+0x4c>
20000712:	3302      	adds	r3, #2
20000714:	5ce2      	ldrb	r2, [r4, r3]
20000716:	2a00      	cmp	r2, #0
20000718:	d000      	beq.n	2000071c <dcd_rp2040_irq+0x25c>
2000071a:	e141      	b.n	200009a0 <dcd_rp2040_irq+0x4e0>
2000071c:	003e      	movs	r6, r7
2000071e:	e6f5      	b.n	2000050c <dcd_rp2040_irq+0x4c>
20000720:	33f9      	adds	r3, #249	@ 0xf9
20000722:	33ff      	adds	r3, #255	@ 0xff
20000724:	5ce7      	ldrb	r7, [r4, r3]
20000726:	2f00      	cmp	r7, #0
20000728:	d100      	bne.n	2000072c <dcd_rp2040_irq+0x26c>
2000072a:	e707      	b.n	2000053c <dcd_rp2040_irq+0x7c>
2000072c:	3302      	adds	r3, #2
2000072e:	5ce2      	ldrb	r2, [r4, r3]
20000730:	2a00      	cmp	r2, #0
20000732:	d000      	beq.n	20000736 <dcd_rp2040_irq+0x276>
20000734:	e12b      	b.n	2000098e <dcd_rp2040_irq+0x4ce>
20000736:	003e      	movs	r6, r7
20000738:	e700      	b.n	2000053c <dcd_rp2040_irq+0x7c>
2000073a:	3379      	adds	r3, #121	@ 0x79
2000073c:	33ff      	adds	r3, #255	@ 0xff
2000073e:	5ce7      	ldrb	r7, [r4, r3]
20000740:	2f00      	cmp	r7, #0
20000742:	d100      	bne.n	20000746 <dcd_rp2040_irq+0x286>
20000744:	e6ee      	b.n	20000524 <dcd_rp2040_irq+0x64>
20000746:	3302      	adds	r3, #2
20000748:	5ce2      	ldrb	r2, [r4, r3]
2000074a:	2a00      	cmp	r2, #0
2000074c:	d000      	beq.n	20000750 <dcd_rp2040_irq+0x290>
2000074e:	e115      	b.n	2000097c <dcd_rp2040_irq+0x4bc>
20000750:	003e      	movs	r6, r7
20000752:	e6e7      	b.n	20000524 <dcd_rp2040_irq+0x64>
20000754:	4b32      	ldr	r3, [pc, #200]	@ (20000820 <dcd_rp2040_irq+0x360>)
20000756:	5ce7      	ldrb	r7, [r4, r3]
20000758:	2f00      	cmp	r7, #0
2000075a:	d100      	bne.n	2000075e <dcd_rp2040_irq+0x29e>
2000075c:	e6f8      	b.n	20000550 <dcd_rp2040_irq+0x90>
2000075e:	3302      	adds	r3, #2
20000760:	5ce2      	ldrb	r2, [r4, r3]
20000762:	2a00      	cmp	r2, #0
20000764:	d000      	beq.n	20000768 <dcd_rp2040_irq+0x2a8>
20000766:	e101      	b.n	2000096c <dcd_rp2040_irq+0x4ac>
20000768:	003e      	movs	r6, r7
2000076a:	e6f1      	b.n	20000550 <dcd_rp2040_irq+0x90>
2000076c:	3339      	adds	r3, #57	@ 0x39
2000076e:	33ff      	adds	r3, #255	@ 0xff
20000770:	5ce7      	ldrb	r7, [r4, r3]
20000772:	2f00      	cmp	r7, #0
20000774:	d100      	bne.n	20000778 <dcd_rp2040_irq+0x2b8>
20000776:	e6cf      	b.n	20000518 <dcd_rp2040_irq+0x58>
20000778:	3302      	adds	r3, #2
2000077a:	5ce2      	ldrb	r2, [r4, r3]
2000077c:	2a00      	cmp	r2, #0
2000077e:	d000      	beq.n	20000782 <dcd_rp2040_irq+0x2c2>
20000780:	e0eb      	b.n	2000095a <dcd_rp2040_irq+0x49a>
20000782:	003e      	movs	r6, r7
20000784:	e6c8      	b.n	20000518 <dcd_rp2040_irq+0x58>
20000786:	3338      	adds	r3, #56	@ 0x38
20000788:	5ce6      	ldrb	r6, [r4, r3]
2000078a:	2e00      	cmp	r6, #0
2000078c:	d100      	bne.n	20000790 <dcd_rp2040_irq+0x2d0>
2000078e:	e6ae      	b.n	200004ee <dcd_rp2040_irq+0x2e>
20000790:	3302      	adds	r3, #2
20000792:	5ce2      	ldrb	r2, [r4, r3]
20000794:	2a00      	cmp	r2, #0
20000796:	d100      	bne.n	2000079a <dcd_rp2040_irq+0x2da>
20000798:	e6a9      	b.n	200004ee <dcd_rp2040_irq+0x2e>
2000079a:	0020      	movs	r0, r4
2000079c:	2200      	movs	r2, #0
2000079e:	3020      	adds	r0, #32
200007a0:	54e2      	strb	r2, [r4, r3]
200007a2:	f000 fa4b 	bl	20000c3c <hw_endpoint_start_next_buffer>
200007a6:	e6a2      	b.n	200004ee <dcd_rp2040_irq+0x2e>
200007a8:	33b9      	adds	r3, #185	@ 0xb9
200007aa:	33ff      	adds	r3, #255	@ 0xff
200007ac:	5ce7      	ldrb	r7, [r4, r3]
200007ae:	2f00      	cmp	r7, #0
200007b0:	d100      	bne.n	200007b4 <dcd_rp2040_irq+0x2f4>
200007b2:	e6bd      	b.n	20000530 <dcd_rp2040_irq+0x70>
200007b4:	3302      	adds	r3, #2
200007b6:	5ce2      	ldrb	r2, [r4, r3]
200007b8:	2a00      	cmp	r2, #0
200007ba:	d000      	beq.n	200007be <dcd_rp2040_irq+0x2fe>
200007bc:	e0c4      	b.n	20000948 <dcd_rp2040_irq+0x488>
200007be:	003e      	movs	r6, r7
200007c0:	e6b6      	b.n	20000530 <dcd_rp2040_irq+0x70>
200007c2:	4b18      	ldr	r3, [pc, #96]	@ (20000824 <dcd_rp2040_irq+0x364>)
200007c4:	5ce7      	ldrb	r7, [r4, r3]
200007c6:	2f00      	cmp	r7, #0
200007c8:	d100      	bne.n	200007cc <dcd_rp2040_irq+0x30c>
200007ca:	e6cb      	b.n	20000564 <dcd_rp2040_irq+0xa4>
200007cc:	3302      	adds	r3, #2
200007ce:	5ce2      	ldrb	r2, [r4, r3]
200007d0:	2a00      	cmp	r2, #0
200007d2:	d000      	beq.n	200007d6 <dcd_rp2040_irq+0x316>
200007d4:	e0b0      	b.n	20000938 <dcd_rp2040_irq+0x478>
200007d6:	003e      	movs	r6, r7
200007d8:	e6c4      	b.n	20000564 <dcd_rp2040_irq+0xa4>
200007da:	46c0      	nop			@ (mov r8, r8)
200007dc:	50110000 	.word	0x50110000
200007e0:	40054000 	.word	0x40054000
200007e4:	200017f0 	.word	0x200017f0
200007e8:	200017e8 	.word	0x200017e8
200007ec:	0000023b 	.word	0x0000023b
200007f0:	0000027b 	.word	0x0000027b
200007f4:	000002bb 	.word	0x000002bb
200007f8:	000002fb 	.word	0x000002fb
200007fc:	0000033b 	.word	0x0000033b
20000800:	0000037b 	.word	0x0000037b
20000804:	000003bb 	.word	0x000003bb
20000808:	000003fb 	.word	0x000003fb
2000080c:	20001c3e 	.word	0x20001c3e
20000810:	50113000 	.word	0x50113000
20000814:	00020010 	.word	0x00020010
20000818:	50100000 	.word	0x50100000
2000081c:	50112000 	.word	0x50112000
20000820:	0000027a 	.word	0x0000027a
20000824:	000002fa 	.word	0x000002fa
20000828:	4b6b      	ldr	r3, [pc, #428]	@ (200009d8 <dcd_rp2040_irq+0x518>)
2000082a:	5ce7      	ldrb	r7, [r4, r3]
2000082c:	2f00      	cmp	r7, #0
2000082e:	d100      	bne.n	20000832 <dcd_rp2040_irq+0x372>
20000830:	e689      	b.n	20000546 <dcd_rp2040_irq+0x86>
20000832:	3302      	adds	r3, #2
20000834:	5ce2      	ldrb	r2, [r4, r3]
20000836:	2a00      	cmp	r2, #0
20000838:	d176      	bne.n	20000928 <dcd_rp2040_irq+0x468>
2000083a:	003e      	movs	r6, r7
2000083c:	e683      	b.n	20000546 <dcd_rp2040_irq+0x86>
2000083e:	4b67      	ldr	r3, [pc, #412]	@ (200009dc <dcd_rp2040_irq+0x51c>)
20000840:	5ce7      	ldrb	r7, [r4, r3]
20000842:	2f00      	cmp	r7, #0
20000844:	d100      	bne.n	20000848 <dcd_rp2040_irq+0x388>
20000846:	e688      	b.n	2000055a <dcd_rp2040_irq+0x9a>
20000848:	3302      	adds	r3, #2
2000084a:	5ce2      	ldrb	r2, [r4, r3]
2000084c:	2a00      	cmp	r2, #0
2000084e:	d163      	bne.n	20000918 <dcd_rp2040_irq+0x458>
20000850:	003e      	movs	r6, r7
20000852:	e682      	b.n	2000055a <dcd_rp2040_irq+0x9a>
20000854:	4b62      	ldr	r3, [pc, #392]	@ (200009e0 <dcd_rp2040_irq+0x520>)
20000856:	5ce7      	ldrb	r7, [r4, r3]
20000858:	2f00      	cmp	r7, #0
2000085a:	d100      	bne.n	2000085e <dcd_rp2040_irq+0x39e>
2000085c:	e68c      	b.n	20000578 <dcd_rp2040_irq+0xb8>
2000085e:	3302      	adds	r3, #2
20000860:	5ce2      	ldrb	r2, [r4, r3]
20000862:	2a00      	cmp	r2, #0
20000864:	d000      	beq.n	20000868 <dcd_rp2040_irq+0x3a8>
20000866:	e0a3      	b.n	200009b0 <dcd_rp2040_irq+0x4f0>
20000868:	4b5e      	ldr	r3, [pc, #376]	@ (200009e4 <dcd_rp2040_irq+0x524>)
2000086a:	5ce3      	ldrb	r3, [r4, r3]
2000086c:	2b02      	cmp	r3, #2
2000086e:	d130      	bne.n	200008d2 <dcd_rp2040_irq+0x412>
20000870:	4b5d      	ldr	r3, [pc, #372]	@ (200009e8 <dcd_rp2040_irq+0x528>)
20000872:	5ce3      	ldrb	r3, [r4, r3]
20000874:	2b00      	cmp	r3, #0
20000876:	d127      	bne.n	200008c8 <dcd_rp2040_irq+0x408>
20000878:	4b5c      	ldr	r3, [pc, #368]	@ (200009ec <dcd_rp2040_irq+0x52c>)
2000087a:	5ce3      	ldrb	r3, [r4, r3]
2000087c:	2b02      	cmp	r3, #2
2000087e:	d000      	beq.n	20000882 <dcd_rp2040_irq+0x3c2>
20000880:	e68f      	b.n	200005a2 <dcd_rp2040_irq+0xe2>
20000882:	003e      	movs	r6, r7
20000884:	4b5a      	ldr	r3, [pc, #360]	@ (200009f0 <dcd_rp2040_irq+0x530>)
20000886:	5ce3      	ldrb	r3, [r4, r3]
20000888:	2b00      	cmp	r3, #0
2000088a:	d100      	bne.n	2000088e <dcd_rp2040_irq+0x3ce>
2000088c:	e67e      	b.n	2000058c <dcd_rp2040_irq+0xcc>
2000088e:	23ff      	movs	r3, #255	@ 0xff
20000890:	009b      	lsls	r3, r3, #2
20000892:	5ce2      	ldrb	r2, [r4, r3]
20000894:	2a00      	cmp	r2, #0
20000896:	d100      	bne.n	2000089a <dcd_rp2040_irq+0x3da>
20000898:	e683      	b.n	200005a2 <dcd_rp2040_irq+0xe2>
2000089a:	2200      	movs	r2, #0
2000089c:	54e2      	strb	r2, [r4, r3]
2000089e:	3b1c      	subs	r3, #28
200008a0:	18e0      	adds	r0, r4, r3
200008a2:	f000 f9cb 	bl	20000c3c <hw_endpoint_start_next_buffer>
200008a6:	e67c      	b.n	200005a2 <dcd_rp2040_irq+0xe2>
200008a8:	4b52      	ldr	r3, [pc, #328]	@ (200009f4 <dcd_rp2040_irq+0x534>)
200008aa:	5ce7      	ldrb	r7, [r4, r3]
200008ac:	2f00      	cmp	r7, #0
200008ae:	d100      	bne.n	200008b2 <dcd_rp2040_irq+0x3f2>
200008b0:	e65d      	b.n	2000056e <dcd_rp2040_irq+0xae>
200008b2:	3302      	adds	r3, #2
200008b4:	5ce2      	ldrb	r2, [r4, r3]
200008b6:	2a00      	cmp	r2, #0
200008b8:	d116      	bne.n	200008e8 <dcd_rp2040_irq+0x428>
200008ba:	003e      	movs	r6, r7
200008bc:	e657      	b.n	2000056e <dcd_rp2040_irq+0xae>
200008be:	4b4a      	ldr	r3, [pc, #296]	@ (200009e8 <dcd_rp2040_irq+0x528>)
200008c0:	5ce3      	ldrb	r3, [r4, r3]
200008c2:	2b00      	cmp	r3, #0
200008c4:	d100      	bne.n	200008c8 <dcd_rp2040_irq+0x408>
200008c6:	e65c      	b.n	20000582 <dcd_rp2040_irq+0xc2>
200008c8:	23ef      	movs	r3, #239	@ 0xef
200008ca:	009b      	lsls	r3, r3, #2
200008cc:	5ce2      	ldrb	r2, [r4, r3]
200008ce:	2a00      	cmp	r2, #0
200008d0:	d175      	bne.n	200009be <dcd_rp2040_irq+0x4fe>
200008d2:	4b46      	ldr	r3, [pc, #280]	@ (200009ec <dcd_rp2040_irq+0x52c>)
200008d4:	5ce3      	ldrb	r3, [r4, r3]
200008d6:	2b02      	cmp	r3, #2
200008d8:	d000      	beq.n	200008dc <dcd_rp2040_irq+0x41c>
200008da:	e662      	b.n	200005a2 <dcd_rp2040_irq+0xe2>
200008dc:	4b44      	ldr	r3, [pc, #272]	@ (200009f0 <dcd_rp2040_irq+0x530>)
200008de:	5ce3      	ldrb	r3, [r4, r3]
200008e0:	2b00      	cmp	r3, #0
200008e2:	d100      	bne.n	200008e6 <dcd_rp2040_irq+0x426>
200008e4:	e65d      	b.n	200005a2 <dcd_rp2040_irq+0xe2>
200008e6:	e7d2      	b.n	2000088e <dcd_rp2040_irq+0x3ce>
200008e8:	2200      	movs	r2, #0
200008ea:	54e2      	strb	r2, [r4, r3]
200008ec:	3b1c      	subs	r3, #28
200008ee:	18e0      	adds	r0, r4, r3
200008f0:	f000 f9a4 	bl	20000c3c <hw_endpoint_start_next_buffer>
200008f4:	003e      	movs	r6, r7
200008f6:	e63a      	b.n	2000056e <dcd_rp2040_irq+0xae>
200008f8:	0020      	movs	r0, r4
200008fa:	2200      	movs	r2, #0
200008fc:	30a0      	adds	r0, #160	@ 0xa0
200008fe:	54e2      	strb	r2, [r4, r3]
20000900:	003e      	movs	r6, r7
20000902:	f000 f99b 	bl	20000c3c <hw_endpoint_start_next_buffer>
20000906:	e5fc      	b.n	20000502 <dcd_rp2040_irq+0x42>
20000908:	0020      	movs	r0, r4
2000090a:	2200      	movs	r2, #0
2000090c:	3060      	adds	r0, #96	@ 0x60
2000090e:	54e2      	strb	r2, [r4, r3]
20000910:	003e      	movs	r6, r7
20000912:	f000 f993 	bl	20000c3c <hw_endpoint_start_next_buffer>
20000916:	e5ef      	b.n	200004f8 <dcd_rp2040_irq+0x38>
20000918:	2200      	movs	r2, #0
2000091a:	54e2      	strb	r2, [r4, r3]
2000091c:	3b1c      	subs	r3, #28
2000091e:	18e0      	adds	r0, r4, r3
20000920:	f000 f98c 	bl	20000c3c <hw_endpoint_start_next_buffer>
20000924:	003e      	movs	r6, r7
20000926:	e618      	b.n	2000055a <dcd_rp2040_irq+0x9a>
20000928:	2200      	movs	r2, #0
2000092a:	54e2      	strb	r2, [r4, r3]
2000092c:	3b1c      	subs	r3, #28
2000092e:	18e0      	adds	r0, r4, r3
20000930:	f000 f984 	bl	20000c3c <hw_endpoint_start_next_buffer>
20000934:	003e      	movs	r6, r7
20000936:	e606      	b.n	20000546 <dcd_rp2040_irq+0x86>
20000938:	2200      	movs	r2, #0
2000093a:	54e2      	strb	r2, [r4, r3]
2000093c:	3b1c      	subs	r3, #28
2000093e:	18e0      	adds	r0, r4, r3
20000940:	f000 f97c 	bl	20000c3c <hw_endpoint_start_next_buffer>
20000944:	003e      	movs	r6, r7
20000946:	e60d      	b.n	20000564 <dcd_rp2040_irq+0xa4>
20000948:	0020      	movs	r0, r4
2000094a:	2200      	movs	r2, #0
2000094c:	30a1      	adds	r0, #161	@ 0xa1
2000094e:	30ff      	adds	r0, #255	@ 0xff
20000950:	54e2      	strb	r2, [r4, r3]
20000952:	003e      	movs	r6, r7
20000954:	f000 f972 	bl	20000c3c <hw_endpoint_start_next_buffer>
20000958:	e5ea      	b.n	20000530 <dcd_rp2040_irq+0x70>
2000095a:	0020      	movs	r0, r4
2000095c:	2200      	movs	r2, #0
2000095e:	3021      	adds	r0, #33	@ 0x21
20000960:	30ff      	adds	r0, #255	@ 0xff
20000962:	54e2      	strb	r2, [r4, r3]
20000964:	003e      	movs	r6, r7
20000966:	f000 f969 	bl	20000c3c <hw_endpoint_start_next_buffer>
2000096a:	e5d5      	b.n	20000518 <dcd_rp2040_irq+0x58>
2000096c:	2200      	movs	r2, #0
2000096e:	54e2      	strb	r2, [r4, r3]
20000970:	3b1c      	subs	r3, #28
20000972:	18e0      	adds	r0, r4, r3
20000974:	f000 f962 	bl	20000c3c <hw_endpoint_start_next_buffer>
20000978:	003e      	movs	r6, r7
2000097a:	e5e9      	b.n	20000550 <dcd_rp2040_irq+0x90>
2000097c:	0020      	movs	r0, r4
2000097e:	2200      	movs	r2, #0
20000980:	3061      	adds	r0, #97	@ 0x61
20000982:	30ff      	adds	r0, #255	@ 0xff
20000984:	54e2      	strb	r2, [r4, r3]
20000986:	003e      	movs	r6, r7
20000988:	f000 f958 	bl	20000c3c <hw_endpoint_start_next_buffer>
2000098c:	e5ca      	b.n	20000524 <dcd_rp2040_irq+0x64>
2000098e:	0020      	movs	r0, r4
20000990:	2200      	movs	r2, #0
20000992:	30e1      	adds	r0, #225	@ 0xe1
20000994:	30ff      	adds	r0, #255	@ 0xff
20000996:	54e2      	strb	r2, [r4, r3]
20000998:	003e      	movs	r6, r7
2000099a:	f000 f94f 	bl	20000c3c <hw_endpoint_start_next_buffer>
2000099e:	e5cd      	b.n	2000053c <dcd_rp2040_irq+0x7c>
200009a0:	0020      	movs	r0, r4
200009a2:	2200      	movs	r2, #0
200009a4:	30e0      	adds	r0, #224	@ 0xe0
200009a6:	54e2      	strb	r2, [r4, r3]
200009a8:	003e      	movs	r6, r7
200009aa:	f000 f947 	bl	20000c3c <hw_endpoint_start_next_buffer>
200009ae:	e5ad      	b.n	2000050c <dcd_rp2040_irq+0x4c>
200009b0:	2200      	movs	r2, #0
200009b2:	54e2      	strb	r2, [r4, r3]
200009b4:	3b1c      	subs	r3, #28
200009b6:	18e0      	adds	r0, r4, r3
200009b8:	f000 f940 	bl	20000c3c <hw_endpoint_start_next_buffer>
200009bc:	e754      	b.n	20000868 <dcd_rp2040_irq+0x3a8>
200009be:	2200      	movs	r2, #0
200009c0:	54e2      	strb	r2, [r4, r3]
200009c2:	3b1c      	subs	r3, #28
200009c4:	18e0      	adds	r0, r4, r3
200009c6:	f000 f939 	bl	20000c3c <hw_endpoint_start_next_buffer>
200009ca:	e782      	b.n	200008d2 <dcd_rp2040_irq+0x412>
200009cc:	0031      	movs	r1, r6
200009ce:	480a      	ldr	r0, [pc, #40]	@ (200009f8 <dcd_rp2040_irq+0x538>)
200009d0:	4069      	eors	r1, r5
200009d2:	f000 fa95 	bl	20000f00 <__panic_veneer>
200009d6:	46c0      	nop			@ (mov r8, r8)
200009d8:	0000023a 	.word	0x0000023a
200009dc:	000002ba 	.word	0x000002ba
200009e0:	0000037a 	.word	0x0000037a
200009e4:	000003bb 	.word	0x000003bb
200009e8:	000003ba 	.word	0x000003ba
200009ec:	000003fb 	.word	0x000003fb
200009f0:	000003fa 	.word	0x000003fa
200009f4:	0000033a 	.word	0x0000033a
200009f8:	10006818 	.word	0x10006818

200009fc <prepare_ep_buffer>:
200009fc:	b5f0      	push	{r4, r5, r6, r7, lr}
200009fe:	468c      	mov	ip, r1
20000a00:	8a83      	ldrh	r3, [r0, #20]
20000a02:	8b01      	ldrh	r1, [r0, #24]
20000a04:	0002      	movs	r2, r0
20000a06:	b083      	sub	sp, #12
20000a08:	1c0e      	adds	r6, r1, #0
20000a0a:	4299      	cmp	r1, r3
20000a0c:	d900      	bls.n	20000a10 <prepare_ep_buffer+0x14>
20000a0e:	1c1e      	adds	r6, r3, #0
20000a10:	b2b6      	uxth	r6, r6
20000a12:	1b9b      	subs	r3, r3, r6
20000a14:	b29c      	uxth	r4, r3
20000a16:	78d3      	ldrb	r3, [r2, #3]
20000a18:	2180      	movs	r1, #128	@ 0x80
20000a1a:	0018      	movs	r0, r3
20000a1c:	1e45      	subs	r5, r0, #1
20000a1e:	41a8      	sbcs	r0, r5
20000a20:	00c9      	lsls	r1, r1, #3
20000a22:	4331      	orrs	r1, r6
20000a24:	0340      	lsls	r0, r0, #13
20000a26:	4308      	orrs	r0, r1
20000a28:	2101      	movs	r1, #1
20000a2a:	404b      	eors	r3, r1
20000a2c:	70d3      	strb	r3, [r2, #3]
20000a2e:	7853      	ldrb	r3, [r2, #1]
20000a30:	8294      	strh	r4, [r2, #20]
20000a32:	2b00      	cmp	r3, #0
20000a34:	d132      	bne.n	20000a9c <prepare_ep_buffer+0xa0>
20000a36:	6911      	ldr	r1, [r2, #16]
20000a38:	2e00      	cmp	r6, #0
20000a3a:	d02a      	beq.n	20000a92 <prepare_ep_buffer+0x96>
20000a3c:	4663      	mov	r3, ip
20000a3e:	68d4      	ldr	r4, [r2, #12]
20000a40:	019b      	lsls	r3, r3, #6
20000a42:	18e4      	adds	r4, r4, r3
20000a44:	1e73      	subs	r3, r6, #1
20000a46:	9301      	str	r3, [sp, #4]
20000a48:	2b06      	cmp	r3, #6
20000a4a:	d932      	bls.n	20000ab2 <prepare_ep_buffer+0xb6>
20000a4c:	0023      	movs	r3, r4
20000a4e:	430b      	orrs	r3, r1
20000a50:	079b      	lsls	r3, r3, #30
20000a52:	d12e      	bne.n	20000ab2 <prepare_ep_buffer+0xb6>
20000a54:	1a63      	subs	r3, r4, r1
20000a56:	3b01      	subs	r3, #1
20000a58:	2b02      	cmp	r3, #2
20000a5a:	d92a      	bls.n	20000ab2 <prepare_ep_buffer+0xb6>
20000a5c:	2300      	movs	r3, #0
20000a5e:	08b7      	lsrs	r7, r6, #2
20000a60:	00bf      	lsls	r7, r7, #2
20000a62:	58cd      	ldr	r5, [r1, r3]
20000a64:	50e5      	str	r5, [r4, r3]
20000a66:	3304      	adds	r3, #4
20000a68:	42bb      	cmp	r3, r7
20000a6a:	d1fa      	bne.n	20000a62 <prepare_ep_buffer+0x66>
20000a6c:	429e      	cmp	r6, r3
20000a6e:	d00e      	beq.n	20000a8e <prepare_ep_buffer+0x92>
20000a70:	9d01      	ldr	r5, [sp, #4]
20000a72:	18e4      	adds	r4, r4, r3
20000a74:	1aef      	subs	r7, r5, r3
20000a76:	18cd      	adds	r5, r1, r3
20000a78:	5cc9      	ldrb	r1, [r1, r3]
20000a7a:	7021      	strb	r1, [r4, #0]
20000a7c:	9901      	ldr	r1, [sp, #4]
20000a7e:	4299      	cmp	r1, r3
20000a80:	d005      	beq.n	20000a8e <prepare_ep_buffer+0x92>
20000a82:	786b      	ldrb	r3, [r5, #1]
20000a84:	7063      	strb	r3, [r4, #1]
20000a86:	2f01      	cmp	r7, #1
20000a88:	d001      	beq.n	20000a8e <prepare_ep_buffer+0x92>
20000a8a:	78ab      	ldrb	r3, [r5, #2]
20000a8c:	70a3      	strb	r3, [r4, #2]
20000a8e:	6911      	ldr	r1, [r2, #16]
20000a90:	8a94      	ldrh	r4, [r2, #20]
20000a92:	2380      	movs	r3, #128	@ 0x80
20000a94:	1989      	adds	r1, r1, r6
20000a96:	021b      	lsls	r3, r3, #8
20000a98:	6111      	str	r1, [r2, #16]
20000a9a:	4318      	orrs	r0, r3
20000a9c:	2c00      	cmp	r4, #0
20000a9e:	d102      	bne.n	20000aa6 <prepare_ep_buffer+0xaa>
20000aa0:	2380      	movs	r3, #128	@ 0x80
20000aa2:	01db      	lsls	r3, r3, #7
20000aa4:	4318      	orrs	r0, r3
20000aa6:	4663      	mov	r3, ip
20000aa8:	2b00      	cmp	r3, #0
20000aaa:	d000      	beq.n	20000aae <prepare_ep_buffer+0xb2>
20000aac:	0400      	lsls	r0, r0, #16
20000aae:	b003      	add	sp, #12
20000ab0:	bdf0      	pop	{r4, r5, r6, r7, pc}
20000ab2:	2300      	movs	r3, #0
20000ab4:	5ccd      	ldrb	r5, [r1, r3]
20000ab6:	54e5      	strb	r5, [r4, r3]
20000ab8:	3301      	adds	r3, #1
20000aba:	429e      	cmp	r6, r3
20000abc:	d1fa      	bne.n	20000ab4 <prepare_ep_buffer+0xb8>
20000abe:	e7e6      	b.n	20000a8e <prepare_ep_buffer+0x92>

20000ac0 <sync_ep_buffer>:
20000ac0:	6883      	ldr	r3, [r0, #8]
20000ac2:	b5f0      	push	{r4, r5, r6, r7, lr}
20000ac4:	681a      	ldr	r2, [r3, #0]
20000ac6:	2900      	cmp	r1, #0
20000ac8:	d000      	beq.n	20000acc <sync_ep_buffer+0xc>
20000aca:	0c12      	lsrs	r2, r2, #16
20000acc:	7843      	ldrb	r3, [r0, #1]
20000ace:	0592      	lsls	r2, r2, #22
20000ad0:	0d95      	lsrs	r5, r2, #22
20000ad2:	2b00      	cmp	r3, #0
20000ad4:	d109      	bne.n	20000aea <sync_ep_buffer+0x2a>
20000ad6:	8ac3      	ldrh	r3, [r0, #22]
20000ad8:	18eb      	adds	r3, r5, r3
20000ada:	82c3      	strh	r3, [r0, #22]
20000adc:	8b03      	ldrh	r3, [r0, #24]
20000ade:	42ab      	cmp	r3, r5
20000ae0:	d901      	bls.n	20000ae6 <sync_ep_buffer+0x26>
20000ae2:	2300      	movs	r3, #0
20000ae4:	8283      	strh	r3, [r0, #20]
20000ae6:	0028      	movs	r0, r5
20000ae8:	bdf0      	pop	{r4, r5, r6, r7, pc}
20000aea:	6904      	ldr	r4, [r0, #16]
20000aec:	2d00      	cmp	r5, #0
20000aee:	d028      	beq.n	20000b42 <sync_ep_buffer+0x82>
20000af0:	68c3      	ldr	r3, [r0, #12]
20000af2:	0189      	lsls	r1, r1, #6
20000af4:	1e6f      	subs	r7, r5, #1
20000af6:	46bc      	mov	ip, r7
20000af8:	185e      	adds	r6, r3, r1
20000afa:	2f06      	cmp	r7, #6
20000afc:	d927      	bls.n	20000b4e <sync_ep_buffer+0x8e>
20000afe:	3101      	adds	r1, #1
20000b00:	185b      	adds	r3, r3, r1
20000b02:	1ae3      	subs	r3, r4, r3
20000b04:	2b02      	cmp	r3, #2
20000b06:	d922      	bls.n	20000b4e <sync_ep_buffer+0x8e>
20000b08:	0023      	movs	r3, r4
20000b0a:	4333      	orrs	r3, r6
20000b0c:	079b      	lsls	r3, r3, #30
20000b0e:	d11e      	bne.n	20000b4e <sync_ep_buffer+0x8e>
20000b10:	2300      	movs	r3, #0
20000b12:	0e12      	lsrs	r2, r2, #24
20000b14:	0092      	lsls	r2, r2, #2
20000b16:	58f1      	ldr	r1, [r6, r3]
20000b18:	50e1      	str	r1, [r4, r3]
20000b1a:	3304      	adds	r3, #4
20000b1c:	429a      	cmp	r2, r3
20000b1e:	d1fa      	bne.n	20000b16 <sync_ep_buffer+0x56>
20000b20:	4295      	cmp	r5, r2
20000b22:	d00d      	beq.n	20000b40 <sync_ep_buffer+0x80>
20000b24:	4663      	mov	r3, ip
20000b26:	1a9f      	subs	r7, r3, r2
20000b28:	18a3      	adds	r3, r4, r2
20000b2a:	5cb4      	ldrb	r4, [r6, r2]
20000b2c:	18b1      	adds	r1, r6, r2
20000b2e:	701c      	strb	r4, [r3, #0]
20000b30:	4594      	cmp	ip, r2
20000b32:	d005      	beq.n	20000b40 <sync_ep_buffer+0x80>
20000b34:	784a      	ldrb	r2, [r1, #1]
20000b36:	705a      	strb	r2, [r3, #1]
20000b38:	2f01      	cmp	r7, #1
20000b3a:	d001      	beq.n	20000b40 <sync_ep_buffer+0x80>
20000b3c:	788a      	ldrb	r2, [r1, #2]
20000b3e:	709a      	strb	r2, [r3, #2]
20000b40:	6904      	ldr	r4, [r0, #16]
20000b42:	8ac3      	ldrh	r3, [r0, #22]
20000b44:	1964      	adds	r4, r4, r5
20000b46:	18eb      	adds	r3, r5, r3
20000b48:	82c3      	strh	r3, [r0, #22]
20000b4a:	6104      	str	r4, [r0, #16]
20000b4c:	e7c6      	b.n	20000adc <sync_ep_buffer+0x1c>
20000b4e:	2200      	movs	r2, #0
20000b50:	5cb3      	ldrb	r3, [r6, r2]
20000b52:	54a3      	strb	r3, [r4, r2]
20000b54:	3201      	adds	r2, #1
20000b56:	4295      	cmp	r5, r2
20000b58:	d1fa      	bne.n	20000b50 <sync_ep_buffer+0x90>
20000b5a:	6904      	ldr	r4, [r0, #16]
20000b5c:	e7f1      	b.n	20000b42 <sync_ep_buffer+0x82>
20000b5e:	46c0      	nop			@ (mov r8, r8)

20000b60 <_hw_endpoint_xfer_sync>:
20000b60:	b510      	push	{r4, lr}
20000b62:	0004      	movs	r4, r0
20000b64:	6883      	ldr	r3, [r0, #8]
20000b66:	2100      	movs	r1, #0
20000b68:	681b      	ldr	r3, [r3, #0]
20000b6a:	f7ff ffa9 	bl	20000ac0 <sync_ep_buffer>
20000b6e:	6863      	ldr	r3, [r4, #4]
20000b70:	681b      	ldr	r3, [r3, #0]
20000b72:	005b      	lsls	r3, r3, #1
20000b74:	d502      	bpl.n	20000b7c <_hw_endpoint_xfer_sync+0x1c>
20000b76:	8b23      	ldrh	r3, [r4, #24]
20000b78:	4283      	cmp	r3, r0
20000b7a:	d000      	beq.n	20000b7e <_hw_endpoint_xfer_sync+0x1e>
20000b7c:	bd10      	pop	{r4, pc}
20000b7e:	2101      	movs	r1, #1
20000b80:	0020      	movs	r0, r4
20000b82:	f7ff ff9d 	bl	20000ac0 <sync_ep_buffer>
20000b86:	e7f9      	b.n	20000b7c <_hw_endpoint_xfer_sync+0x1c>

20000b88 <e15_is_bulkin_ep>:
20000b88:	4b08      	ldr	r3, [pc, #32]	@ (20000bac <e15_is_bulkin_ep+0x24>)
20000b8a:	6c1a      	ldr	r2, [r3, #64]	@ 0x40
20000b8c:	2300      	movs	r3, #0
20000b8e:	0792      	lsls	r2, r2, #30
20000b90:	d403      	bmi.n	20000b9a <e15_is_bulkin_ep+0x12>
20000b92:	7882      	ldrb	r2, [r0, #2]
20000b94:	09d2      	lsrs	r2, r2, #7
20000b96:	2a01      	cmp	r2, #1
20000b98:	d001      	beq.n	20000b9e <e15_is_bulkin_ep+0x16>
20000b9a:	0018      	movs	r0, r3
20000b9c:	4770      	bx	lr
20000b9e:	7ec3      	ldrb	r3, [r0, #27]
20000ba0:	3b02      	subs	r3, #2
20000ba2:	425a      	negs	r2, r3
20000ba4:	4153      	adcs	r3, r2
20000ba6:	b2db      	uxtb	r3, r3
20000ba8:	e7f7      	b.n	20000b9a <e15_is_bulkin_ep+0x12>
20000baa:	46c0      	nop			@ (mov r8, r8)
20000bac:	50110000 	.word	0x50110000

20000bb0 <e15_is_critical_frame_period>:
20000bb0:	b510      	push	{r4, lr}
20000bb2:	f7ff ffe9 	bl	20000b88 <e15_is_bulkin_ep>
20000bb6:	2800      	cmp	r0, #0
20000bb8:	d00a      	beq.n	20000bd0 <e15_is_critical_frame_period+0x20>
20000bba:	4b06      	ldr	r3, [pc, #24]	@ (20000bd4 <e15_is_critical_frame_period+0x24>)
20000bbc:	4a06      	ldr	r2, [pc, #24]	@ (20000bd8 <e15_is_critical_frame_period+0x28>)
20000bbe:	6a9b      	ldr	r3, [r3, #40]	@ 0x28
20000bc0:	4906      	ldr	r1, [pc, #24]	@ (20000bdc <e15_is_critical_frame_period+0x2c>)
20000bc2:	6812      	ldr	r2, [r2, #0]
20000bc4:	185b      	adds	r3, r3, r1
20000bc6:	1a9b      	subs	r3, r3, r2
20000bc8:	2000      	movs	r0, #0
20000bca:	22c6      	movs	r2, #198	@ 0xc6
20000bcc:	429a      	cmp	r2, r3
20000bce:	4140      	adcs	r0, r0
20000bd0:	bd10      	pop	{r4, pc}
20000bd2:	46c0      	nop			@ (mov r8, r8)
20000bd4:	40054000 	.word	0x40054000
20000bd8:	200017e8 	.word	0x200017e8
20000bdc:	fffffce0 	.word	0xfffffce0

20000be0 <hw_endpoint_reset_transfer>:
20000be0:	2300      	movs	r3, #0
20000be2:	7683      	strb	r3, [r0, #26]
20000be4:	6143      	str	r3, [r0, #20]
20000be6:	6103      	str	r3, [r0, #16]
20000be8:	4770      	bx	lr
20000bea:	46c0      	nop			@ (mov r8, r8)

20000bec <_hw_endpoint_buffer_control_update32>:
20000bec:	b510      	push	{r4, lr}
20000bee:	6883      	ldr	r3, [r0, #8]
20000bf0:	2900      	cmp	r1, #0
20000bf2:	d001      	beq.n	20000bf8 <_hw_endpoint_buffer_control_update32+0xc>
20000bf4:	681c      	ldr	r4, [r3, #0]
20000bf6:	4021      	ands	r1, r4
20000bf8:	2a00      	cmp	r2, #0
20000bfa:	d012      	beq.n	20000c22 <_hw_endpoint_buffer_control_update32+0x36>
20000bfc:	2480      	movs	r4, #128	@ 0x80
20000bfe:	00e4      	lsls	r4, r4, #3
20000c00:	4311      	orrs	r1, r2
20000c02:	4222      	tst	r2, r4
20000c04:	d00d      	beq.n	20000c22 <_hw_endpoint_buffer_control_update32+0x36>
20000c06:	681a      	ldr	r2, [r3, #0]
20000c08:	4222      	tst	r2, r4
20000c0a:	d10c      	bne.n	20000c26 <_hw_endpoint_buffer_control_update32+0x3a>
20000c0c:	4a08      	ldr	r2, [pc, #32]	@ (20000c30 <_hw_endpoint_buffer_control_update32+0x44>)
20000c0e:	400a      	ands	r2, r1
20000c10:	601a      	str	r2, [r3, #0]
20000c12:	4a08      	ldr	r2, [pc, #32]	@ (20000c34 <_hw_endpoint_buffer_control_update32+0x48>)
20000c14:	6c12      	ldr	r2, [r2, #64]	@ 0x40
20000c16:	0792      	lsls	r2, r2, #30
20000c18:	d403      	bmi.n	20000c22 <_hw_endpoint_buffer_control_update32+0x36>
20000c1a:	230c      	movs	r3, #12
20000c1c:	3b03      	subs	r3, #3
20000c1e:	d2fd      	bcs.n	20000c1c <_hw_endpoint_buffer_control_update32+0x30>
20000c20:	6883      	ldr	r3, [r0, #8]
20000c22:	6019      	str	r1, [r3, #0]
20000c24:	bd10      	pop	{r4, pc}
20000c26:	7881      	ldrb	r1, [r0, #2]
20000c28:	4803      	ldr	r0, [pc, #12]	@ (20000c38 <_hw_endpoint_buffer_control_update32+0x4c>)
20000c2a:	f000 f969 	bl	20000f00 <__panic_veneer>
20000c2e:	46c0      	nop			@ (mov r8, r8)
20000c30:	fffffbff 	.word	0xfffffbff
20000c34:	50110000 	.word	0x50110000
20000c38:	1000682c 	.word	0x1000682c

20000c3c <hw_endpoint_start_next_buffer>:
20000c3c:	6843      	ldr	r3, [r0, #4]
20000c3e:	b570      	push	{r4, r5, r6, lr}
20000c40:	2100      	movs	r1, #0
20000c42:	2580      	movs	r5, #128	@ 0x80
20000c44:	0004      	movs	r4, r0
20000c46:	681e      	ldr	r6, [r3, #0]
20000c48:	f7ff fed8 	bl	200009fc <prepare_ep_buffer>
20000c4c:	4b12      	ldr	r3, [pc, #72]	@ (20000c98 <hw_endpoint_start_next_buffer+0x5c>)
20000c4e:	016d      	lsls	r5, r5, #5
20000c50:	6c1a      	ldr	r2, [r3, #64]	@ 0x40
20000c52:	4305      	orrs	r5, r0
20000c54:	78a3      	ldrb	r3, [r4, #2]
20000c56:	0792      	lsls	r2, r2, #30
20000c58:	d50e      	bpl.n	20000c78 <hw_endpoint_start_next_buffer+0x3c>
20000c5a:	065b      	lsls	r3, r3, #25
20000c5c:	d00e      	beq.n	20000c7c <hw_endpoint_start_next_buffer+0x40>
20000c5e:	4b0f      	ldr	r3, [pc, #60]	@ (20000c9c <hw_endpoint_start_next_buffer+0x60>)
20000c60:	401e      	ands	r6, r3
20000c62:	2380      	movs	r3, #128	@ 0x80
20000c64:	059b      	lsls	r3, r3, #22
20000c66:	4333      	orrs	r3, r6
20000c68:	6862      	ldr	r2, [r4, #4]
20000c6a:	2100      	movs	r1, #0
20000c6c:	6013      	str	r3, [r2, #0]
20000c6e:	0020      	movs	r0, r4
20000c70:	002a      	movs	r2, r5
20000c72:	f7ff ffbb 	bl	20000bec <_hw_endpoint_buffer_control_update32>
20000c76:	bd70      	pop	{r4, r5, r6, pc}
20000c78:	09db      	lsrs	r3, r3, #7
20000c7a:	d0f0      	beq.n	20000c5e <hw_endpoint_start_next_buffer+0x22>
20000c7c:	8aa3      	ldrh	r3, [r4, #20]
20000c7e:	2b00      	cmp	r3, #0
20000c80:	d0ed      	beq.n	20000c5e <hw_endpoint_start_next_buffer+0x22>
20000c82:	2101      	movs	r1, #1
20000c84:	0020      	movs	r0, r4
20000c86:	f7ff feb9 	bl	200009fc <prepare_ep_buffer>
20000c8a:	23a0      	movs	r3, #160	@ 0xa0
20000c8c:	4a04      	ldr	r2, [pc, #16]	@ (20000ca0 <hw_endpoint_start_next_buffer+0x64>)
20000c8e:	05db      	lsls	r3, r3, #23
20000c90:	4032      	ands	r2, r6
20000c92:	4305      	orrs	r5, r0
20000c94:	4313      	orrs	r3, r2
20000c96:	e7e7      	b.n	20000c68 <hw_endpoint_start_next_buffer+0x2c>
20000c98:	50110000 	.word	0x50110000
20000c9c:	afffffff 	.word	0xafffffff
20000ca0:	dfffffff 	.word	0xdfffffff

20000ca4 <hw_endpoint_xfer_continue>:
20000ca4:	b570      	push	{r4, r5, r6, lr}
20000ca6:	7e85      	ldrb	r5, [r0, #26]
20000ca8:	0004      	movs	r4, r0
20000caa:	2d00      	cmp	r5, #0
20000cac:	d014      	beq.n	20000cd8 <hw_endpoint_xfer_continue+0x34>
20000cae:	f7ff ff57 	bl	20000b60 <_hw_endpoint_xfer_sync>
20000cb2:	8aa3      	ldrh	r3, [r4, #20]
20000cb4:	2b00      	cmp	r3, #0
20000cb6:	d101      	bne.n	20000cbc <hw_endpoint_xfer_continue+0x18>
20000cb8:	0028      	movs	r0, r5
20000cba:	bd70      	pop	{r4, r5, r6, pc}
20000cbc:	0020      	movs	r0, r4
20000cbe:	f7ff ff77 	bl	20000bb0 <e15_is_critical_frame_period>
20000cc2:	2800      	cmp	r0, #0
20000cc4:	d003      	beq.n	20000cce <hw_endpoint_xfer_continue+0x2a>
20000cc6:	2301      	movs	r3, #1
20000cc8:	2500      	movs	r5, #0
20000cca:	7723      	strb	r3, [r4, #28]
20000ccc:	e7f4      	b.n	20000cb8 <hw_endpoint_xfer_continue+0x14>
20000cce:	0020      	movs	r0, r4
20000cd0:	f7ff ffb4 	bl	20000c3c <hw_endpoint_start_next_buffer>
20000cd4:	2500      	movs	r5, #0
20000cd6:	e7ef      	b.n	20000cb8 <hw_endpoint_xfer_continue+0x14>
20000cd8:	7881      	ldrb	r1, [r0, #2]
20000cda:	4801      	ldr	r0, [pc, #4]	@ (20000ce0 <hw_endpoint_xfer_continue+0x3c>)
20000cdc:	f000 f910 	bl	20000f00 <__panic_veneer>
20000ce0:	1000684c 	.word	0x1000684c

20000ce4 <dcd_event_handler>:
20000ce4:	b5f0      	push	{r4, r5, r6, r7, lr}
20000ce6:	4647      	mov	r7, r8
20000ce8:	46ce      	mov	lr, r9
20000cea:	b580      	push	{r7, lr}
20000cec:	7843      	ldrb	r3, [r0, #1]
20000cee:	0005      	movs	r5, r0
20000cf0:	000f      	movs	r7, r1
20000cf2:	b085      	sub	sp, #20
20000cf4:	2b06      	cmp	r3, #6
20000cf6:	d807      	bhi.n	20000d08 <dcd_event_handler+0x24>
20000cf8:	4a68      	ldr	r2, [pc, #416]	@ (20000e9c <dcd_event_handler+0x1b8>)
20000cfa:	009b      	lsls	r3, r3, #2
20000cfc:	58d3      	ldr	r3, [r2, r3]
20000cfe:	469f      	mov	pc, r3
20000d00:	4a67      	ldr	r2, [pc, #412]	@ (20000ea0 <dcd_event_handler+0x1bc>)
20000d02:	7813      	ldrb	r3, [r2, #0]
20000d04:	3301      	adds	r3, #1
20000d06:	7013      	strb	r3, [r2, #0]
20000d08:	4b66      	ldr	r3, [pc, #408]	@ (20000ea4 <dcd_event_handler+0x1c0>)
20000d0a:	681c      	ldr	r4, [r3, #0]
20000d0c:	6962      	ldr	r2, [r4, #20]
20000d0e:	f3ef 8110 	mrs	r1, PRIMASK
20000d12:	b672      	cpsid	i
20000d14:	6813      	ldr	r3, [r2, #0]
20000d16:	2b00      	cmp	r3, #0
20000d18:	d0fc      	beq.n	20000d14 <dcd_event_handler+0x30>
20000d1a:	f3bf 8f5f 	dmb	sy
20000d1e:	61a1      	str	r1, [r4, #24]
20000d20:	0020      	movs	r0, r4
20000d22:	0029      	movs	r1, r5
20000d24:	f000 f8d4 	bl	20000ed0 <__tu_fifo_write_veneer>
20000d28:	6962      	ldr	r2, [r4, #20]
20000d2a:	69a3      	ldr	r3, [r4, #24]
20000d2c:	f3bf 8f5f 	dmb	sy
20000d30:	2100      	movs	r1, #0
20000d32:	6011      	str	r1, [r2, #0]
20000d34:	f383 8810 	msr	PRIMASK, r3
20000d38:	2800      	cmp	r0, #0
20000d3a:	d104      	bne.n	20000d46 <dcd_event_handler+0x62>
20000d3c:	b005      	add	sp, #20
20000d3e:	bcc0      	pop	{r6, r7}
20000d40:	46b9      	mov	r9, r7
20000d42:	46b0      	mov	r8, r6
20000d44:	bdf0      	pop	{r4, r5, r6, r7, pc}
20000d46:	003a      	movs	r2, r7
20000d48:	7869      	ldrb	r1, [r5, #1]
20000d4a:	7828      	ldrb	r0, [r5, #0]
20000d4c:	f000 f8b8 	bl	20000ec0 <__tud_event_hook_cb_veneer>
20000d50:	e7f4      	b.n	20000d3c <dcd_event_handler+0x58>
20000d52:	2101      	movs	r1, #1
20000d54:	4b54      	ldr	r3, [pc, #336]	@ (20000ea8 <dcd_event_handler+0x1c4>)
20000d56:	781a      	ldrb	r2, [r3, #0]
20000d58:	438a      	bics	r2, r1
20000d5a:	701a      	strb	r2, [r3, #0]
20000d5c:	781a      	ldrb	r2, [r3, #0]
20000d5e:	3101      	adds	r1, #1
20000d60:	438a      	bics	r2, r1
20000d62:	701a      	strb	r2, [r3, #0]
20000d64:	2200      	movs	r2, #0
20000d66:	705a      	strb	r2, [r3, #1]
20000d68:	781a      	ldrb	r2, [r3, #0]
20000d6a:	3102      	adds	r1, #2
20000d6c:	438a      	bics	r2, r1
20000d6e:	701a      	strb	r2, [r3, #0]
20000d70:	e7ca      	b.n	20000d08 <dcd_event_handler+0x24>
20000d72:	4b4e      	ldr	r3, [pc, #312]	@ (20000eac <dcd_event_handler+0x1c8>)
20000d74:	2400      	movs	r4, #0
20000d76:	001e      	movs	r6, r3
20000d78:	781a      	ldrb	r2, [r3, #0]
20000d7a:	4b4d      	ldr	r3, [pc, #308]	@ (20000eb0 <dcd_event_handler+0x1cc>)
20000d7c:	4698      	mov	r8, r3
20000d7e:	4b4d      	ldr	r3, [pc, #308]	@ (20000eb4 <dcd_event_handler+0x1d0>)
20000d80:	4699      	mov	r9, r3
20000d82:	e010      	b.n	20000da6 <dcd_event_handler+0xc2>
20000d84:	464b      	mov	r3, r9
20000d86:	681b      	ldr	r3, [r3, #0]
20000d88:	0161      	lsls	r1, r4, #5
20000d8a:	185b      	adds	r3, r3, r1
20000d8c:	2b00      	cmp	r3, #0
20000d8e:	d006      	beq.n	20000d9e <dcd_event_handler+0xba>
20000d90:	69db      	ldr	r3, [r3, #28]
20000d92:	2b00      	cmp	r3, #0
20000d94:	d003      	beq.n	20000d9e <dcd_event_handler+0xba>
20000d96:	6869      	ldr	r1, [r5, #4]
20000d98:	7828      	ldrb	r0, [r5, #0]
20000d9a:	4798      	blx	r3
20000d9c:	7832      	ldrb	r2, [r6, #0]
20000d9e:	3401      	adds	r4, #1
20000da0:	b2e4      	uxtb	r4, r4
20000da2:	4294      	cmp	r4, r2
20000da4:	d817      	bhi.n	20000dd6 <dcd_event_handler+0xf2>
20000da6:	42a2      	cmp	r2, r4
20000da8:	d8ec      	bhi.n	20000d84 <dcd_event_handler+0xa0>
20000daa:	1aa3      	subs	r3, r4, r2
20000dac:	015b      	lsls	r3, r3, #5
20000dae:	4443      	add	r3, r8
20000db0:	e7ee      	b.n	20000d90 <dcd_event_handler+0xac>
20000db2:	4b3d      	ldr	r3, [pc, #244]	@ (20000ea8 <dcd_event_handler+0x1c4>)
20000db4:	781a      	ldrb	r2, [r3, #0]
20000db6:	07d2      	lsls	r2, r2, #31
20000db8:	d5c0      	bpl.n	20000d3c <dcd_event_handler+0x58>
20000dba:	2104      	movs	r1, #4
20000dbc:	781a      	ldrb	r2, [r3, #0]
20000dbe:	430a      	orrs	r2, r1
20000dc0:	701a      	strb	r2, [r3, #0]
20000dc2:	e7a1      	b.n	20000d08 <dcd_event_handler+0x24>
20000dc4:	4b38      	ldr	r3, [pc, #224]	@ (20000ea8 <dcd_event_handler+0x1c4>)
20000dc6:	781a      	ldrb	r2, [r3, #0]
20000dc8:	07d2      	lsls	r2, r2, #31
20000dca:	d5b7      	bpl.n	20000d3c <dcd_event_handler+0x58>
20000dcc:	2104      	movs	r1, #4
20000dce:	781a      	ldrb	r2, [r3, #0]
20000dd0:	438a      	bics	r2, r1
20000dd2:	701a      	strb	r2, [r3, #0]
20000dd4:	e798      	b.n	20000d08 <dcd_event_handler+0x24>
20000dd6:	4a34      	ldr	r2, [pc, #208]	@ (20000ea8 <dcd_event_handler+0x1c4>)
20000dd8:	7813      	ldrb	r3, [r2, #0]
20000dda:	4690      	mov	r8, r2
20000ddc:	0011      	movs	r1, r2
20000dde:	075b      	lsls	r3, r3, #29
20000de0:	d528      	bpl.n	20000e34 <dcd_event_handler+0x150>
20000de2:	7813      	ldrb	r3, [r2, #0]
20000de4:	2204      	movs	r2, #4
20000de6:	ac01      	add	r4, sp, #4
20000de8:	4393      	bics	r3, r2
20000dea:	700b      	strb	r3, [r1, #0]
20000dec:	0020      	movs	r0, r4
20000dee:	2100      	movs	r1, #0
20000df0:	3208      	adds	r2, #8
20000df2:	f000 f87d 	bl	20000ef0 <____wrap_memset_veneer>
20000df6:	782b      	ldrb	r3, [r5, #0]
20000df8:	7023      	strb	r3, [r4, #0]
20000dfa:	2305      	movs	r3, #5
20000dfc:	7063      	strb	r3, [r4, #1]
20000dfe:	4b29      	ldr	r3, [pc, #164]	@ (20000ea4 <dcd_event_handler+0x1c0>)
20000e00:	681b      	ldr	r3, [r3, #0]
20000e02:	0018      	movs	r0, r3
20000e04:	695a      	ldr	r2, [r3, #20]
20000e06:	f3ef 8110 	mrs	r1, PRIMASK
20000e0a:	b672      	cpsid	i
20000e0c:	6813      	ldr	r3, [r2, #0]
20000e0e:	2b00      	cmp	r3, #0
20000e10:	d0fc      	beq.n	20000e0c <dcd_event_handler+0x128>
20000e12:	f3bf 8f5f 	dmb	sy
20000e16:	0006      	movs	r6, r0
20000e18:	6181      	str	r1, [r0, #24]
20000e1a:	0021      	movs	r1, r4
20000e1c:	f000 f858 	bl	20000ed0 <__tu_fifo_write_veneer>
20000e20:	6972      	ldr	r2, [r6, #20]
20000e22:	69b3      	ldr	r3, [r6, #24]
20000e24:	f3bf 8f5f 	dmb	sy
20000e28:	2100      	movs	r1, #0
20000e2a:	6011      	str	r1, [r2, #0]
20000e2c:	f383 8810 	msr	PRIMASK, r3
20000e30:	2800      	cmp	r0, #0
20000e32:	d12c      	bne.n	20000e8e <dcd_event_handler+0x1aa>
20000e34:	4643      	mov	r3, r8
20000e36:	78db      	ldrb	r3, [r3, #3]
20000e38:	07db      	lsls	r3, r3, #31
20000e3a:	d400      	bmi.n	20000e3e <dcd_event_handler+0x15a>
20000e3c:	e77e      	b.n	20000d3c <dcd_event_handler+0x58>
20000e3e:	782b      	ldrb	r3, [r5, #0]
20000e40:	ac01      	add	r4, sp, #4
20000e42:	7023      	strb	r3, [r4, #0]
20000e44:	2303      	movs	r3, #3
20000e46:	7063      	strb	r3, [r4, #1]
20000e48:	686b      	ldr	r3, [r5, #4]
20000e4a:	6063      	str	r3, [r4, #4]
20000e4c:	4b15      	ldr	r3, [pc, #84]	@ (20000ea4 <dcd_event_handler+0x1c0>)
20000e4e:	681d      	ldr	r5, [r3, #0]
20000e50:	696a      	ldr	r2, [r5, #20]
20000e52:	f3ef 8110 	mrs	r1, PRIMASK
20000e56:	b672      	cpsid	i
20000e58:	6813      	ldr	r3, [r2, #0]
20000e5a:	2b00      	cmp	r3, #0
20000e5c:	d0fc      	beq.n	20000e58 <dcd_event_handler+0x174>
20000e5e:	f3bf 8f5f 	dmb	sy
20000e62:	61a9      	str	r1, [r5, #24]
20000e64:	0028      	movs	r0, r5
20000e66:	0021      	movs	r1, r4
20000e68:	f000 f832 	bl	20000ed0 <__tu_fifo_write_veneer>
20000e6c:	696a      	ldr	r2, [r5, #20]
20000e6e:	69ab      	ldr	r3, [r5, #24]
20000e70:	f3bf 8f5f 	dmb	sy
20000e74:	2100      	movs	r1, #0
20000e76:	6011      	str	r1, [r2, #0]
20000e78:	f383 8810 	msr	PRIMASK, r3
20000e7c:	2800      	cmp	r0, #0
20000e7e:	d100      	bne.n	20000e82 <dcd_event_handler+0x19e>
20000e80:	e75c      	b.n	20000d3c <dcd_event_handler+0x58>
20000e82:	003a      	movs	r2, r7
20000e84:	7861      	ldrb	r1, [r4, #1]
20000e86:	7820      	ldrb	r0, [r4, #0]
20000e88:	f000 f81a 	bl	20000ec0 <__tud_event_hook_cb_veneer>
20000e8c:	e756      	b.n	20000d3c <dcd_event_handler+0x58>
20000e8e:	003a      	movs	r2, r7
20000e90:	7861      	ldrb	r1, [r4, #1]
20000e92:	7820      	ldrb	r0, [r4, #0]
20000e94:	f000 f814 	bl	20000ec0 <__tud_event_hook_cb_veneer>
20000e98:	e7cc      	b.n	20000e34 <dcd_event_handler+0x150>
20000e9a:	46c0      	nop			@ (mov r8, r8)
20000e9c:	10006cc0 	.word	0x10006cc0
20000ea0:	20001c3f 	.word	0x20001c3f
20000ea4:	200015c0 	.word	0x200015c0
20000ea8:	20001568 	.word	0x20001568
20000eac:	20001c3d 	.word	0x20001c3d
20000eb0:	10006cdc 	.word	0x10006cdc
20000eb4:	20001480 	.word	0x20001480

20000eb8 <__aeabi_idiv0>:
20000eb8:	4770      	bx	lr
20000eba:	46c0      	nop			@ (mov r8, r8)
20000ebc:	0000      	movs	r0, r0
	...

20000ec0 <__tud_event_hook_cb_veneer>:
20000ec0:	b401      	push	{r0}
20000ec2:	4802      	ldr	r0, [pc, #8]	@ (20000ecc <__tud_event_hook_cb_veneer+0xc>)
20000ec4:	4684      	mov	ip, r0
20000ec6:	bc01      	pop	{r0}
20000ec8:	4760      	bx	ip
20000eca:	bf00      	nop
20000ecc:	10004d35 	.word	0x10004d35

20000ed0 <__tu_fifo_write_veneer>:
20000ed0:	b401      	push	{r0}
20000ed2:	4802      	ldr	r0, [pc, #8]	@ (20000edc <__tu_fifo_write_veneer+0xc>)
20000ed4:	4684      	mov	ip, r0
20000ed6:	bc01      	pop	{r0}
20000ed8:	4760      	bx	ip
20000eda:	bf00      	nop
20000edc:	100062e1 	.word	0x100062e1

20000ee0 <__best_effort_wfe_or_timeout_veneer>:
20000ee0:	b401      	push	{r0}
20000ee2:	4802      	ldr	r0, [pc, #8]	@ (20000eec <__best_effort_wfe_or_timeout_veneer+0xc>)
20000ee4:	4684      	mov	ip, r0
20000ee6:	bc01      	pop	{r0}
20000ee8:	4760      	bx	ip
20000eea:	bf00      	nop
20000eec:	1000109d 	.word	0x1000109d

20000ef0 <____wrap_memset_veneer>:
20000ef0:	b401      	push	{r0}
20000ef2:	4802      	ldr	r0, [pc, #8]	@ (20000efc <____wrap_memset_veneer+0xc>)
20000ef4:	4684      	mov	ip, r0
20000ef6:	bc01      	pop	{r0}
20000ef8:	4760      	bx	ip
20000efa:	bf00      	nop
20000efc:	10002639 	.word	0x10002639

20000f00 <__panic_veneer>:
20000f00:	b401      	push	{r0}
20000f02:	4802      	ldr	r0, [pc, #8]	@ (20000f0c <__panic_veneer+0xc>)
20000f04:	4684      	mov	ip, r0
20000f06:	bc01      	pop	{r0}
20000f08:	4760      	bx	ip
20000f0a:	bf00      	nop
20000f0c:	100003e1 	.word	0x100003e1

20000f10 <____wrap___aeabi_lmul_veneer>:
20000f10:	b401      	push	{r0}
20000f12:	4802      	ldr	r0, [pc, #8]	@ (20000f1c <____wrap___aeabi_lmul_veneer+0xc>)
20000f14:	4684      	mov	ip, r0
20000f16:	bc01      	pop	{r0}
20000f18:	4760      	bx	ip
20000f1a:	bf00      	nop
20000f1c:	10002561 	.word	0x10002561

20000f20 <__time_us_64_veneer>:
20000f20:	b401      	push	{r0}
20000f22:	4802      	ldr	r0, [pc, #8]	@ (20000f2c <__time_us_64_veneer+0xc>)
20000f24:	4684      	mov	ip, r0
20000f26:	bc01      	pop	{r0}
20000f28:	4760      	bx	ip
20000f2a:	bf00      	nop
20000f2c:	100011ed 	.word	0x100011ed

20000f30 <__rp2040_chip_version_veneer>:
20000f30:	b401      	push	{r0}
20000f32:	4802      	ldr	r0, [pc, #8]	@ (20000f3c <__rp2040_chip_version_veneer+0xc>)
20000f34:	4684      	mov	ip, r0
20000f36:	bc01      	pop	{r0}
20000f38:	4760      	bx	ip
20000f3a:	bf00      	nop
20000f3c:	100003d5 	.word	0x100003d5

20000f40 <striped_spin_lock_num>:
20000f40:	00000010                                ....

20000f44 <irq_handler_chain_slots>:
20000f44:	00000000 	.word	0x00000000
20000f48:	00010000 	.word	0x00010000
	...
20000f54:	00020000 	.word	0x00020000
	...
20000f60:	00030000 	.word	0x00030000
	...
20000f6c:	00040000 	.word	0x00040000
	...
20000f78:	00050000 	.word	0x00050000
	...
20000f84:	00ff0000 	.word	0x00ff0000
20000f88:	00000000 	.word	0x00000000

20000f8c <irq_handler_chain_first_slot>:
20000f8c:	b501      	push	{r0, lr}
20000f8e:	6848      	ldr	r0, [r1, #4]
20000f90:	3101      	adds	r1, #1
20000f92:	468e      	mov	lr, r1
20000f94:	4700      	bx	r0

20000f96 <irq_handler_chain_remove_tail>:
20000f96:	4670      	mov	r0, lr
20000f98:	3809      	subs	r0, #9
20000f9a:	4901      	ldr	r1, [pc, #4]	@ (20000fa0 <irq_handler_chain_remove_tail+0xa>)
20000f9c:	4788      	blx	r1
20000f9e:	bd01      	pop	{r0, pc}
20000fa0:	100007fd 	.word	0x100007fd
20000fa4:	00000000 	.word	0x00000000

20000fa8 <last_added.0>:
20000fa8:	ffffffff 7fffffff                       ........

20000fb0 <default_alarm_pool>:
	...
20000fc4:	200010f8 00000000 00000000              ... ........

20000fd0 <aeabi_bits_funcs>:
20000fd0:	00003350 	.word	0x00003350
20000fd4:	0000334c 	.word	0x0000334c
20000fd8:	00003354 	.word	0x00003354
20000fdc:	00003352 	.word	0x00003352

20000fe0 <aeabi_bits_funcs_end>:
20000fe0:	0000534d 	.word	0x0000534d
20000fe4:	0000434d 	.word	0x0000434d
20000fe8:	00003453 	.word	0x00003453
20000fec:	00003443 	.word	0x00003443

20000ff0 <stdio_usb>:
20000ff0:	100043d9 1000438d 10004301 10004279     .C...C...C..yB..
20001000:	00000000 00000100                       ........

20001008 <_usbd_qdef>:
20001008:	200015c4 000c0010 00000000 00000000     ... ............
	...

20001024 <_usbd_rhport>:
20001024:	000000ff                                ....

20001028 <print_mutex>:
	...
