:020000041000EA
:1000000000B5324B212058609868022188439860DF
:10001000D860186158612E4B002199600221596106
:100020000121F02299502B49196001219960352056
:1000300000F044F80222904214D00621196600F024
:1000400034F8196E01211966002018661A6600F04E
:100050002CF8196E196E196E052000F02FF8012189
:100060000842F9D1002199601B49196000215960AB
:100070001A491B48016001219960EB211966A021F2
:10008000196600F012F800219960164914480160C1
:100090000121996001BC002800D000471248134993
:1000A000086003C880F30888084703B5996A0420EC
:1000B0000142FBD001200142F8D103BD02B5186610
:1000C0001866FFF7F2FF186E186E02BD00000240BE
:1000D000000000180000070000035F00212200005C
:1000E000F4000018222000A00001001008ED00E03C
:1000F00000000000000000000000000074B24E7A12
:1001000000200420F7010010CB010010CD010010E9
:10011000C9010010C9010010C9010010C901001077
:10012000C9010010C9010010C9010010CF01001061
:10013000C9010010C9010010D1010010D301001045
:10014000C1010010C1010010C1010010C101001067
:10015000C1010010C1010010C1010010C101001057
:10016000C1010010C1010010C1010010C101001047
:10017000C1010010C1010010C1010010C101001037
:10018000C1010010C1010010C1010010C101001027
:10019000C1010010C1010010C1010010C101001017
:1001A000C1010010C1010010C1010010C101001007
:1001B000C1010010C1010010C1010010C1010010F7
:1001C000EFF30580103800BE00BE00BE00BE00BECA
:1001D00000BE00BEF2EB88718C810010AC81001073
:1001E0003802001090A31AE700201E49086006C8D4
:1001F00081F3088810471C480068002801D00020BF
:10020000F3E70DA40ECC002902D000F012F8F9E7B4
:100210001649174A002000E001C19142FCD115495E
:100220008847154988471549884700BEFDE701C939
:1002300001C29A42FBD37047AC810010C00000207D
:1002400058160020449700100000042000000420ED
:10025000449700100010042000100420000000004B
:100260007047000008ED00E0000000D058160020A4
:1002700010240020F143001039030010E94300105E
:1002800010B5012000F05AF915220749074800F07F
:1002900081F900F061F9002804D00549054804F00F
:1002A000E7FA10BD0449F9E7B07C00107075001042
:1002B00068750010747500106C75001010B5002082
:1002C00000F03CF916220749074800F063F900F0F6
:1002D00043F9002804D00549054804F0C9FA10BDC7
:1002E0000449F9E7A47C00107075001068750010CF
:1002F000747500106C75001010B500F057F910BD42
:1003000010B500F02FF910BD10B5024804F02EFA18
:1003100010BDC0467C75001010B500F06DFA10BD20
:1003200010B500F0C9F910BD10B500F07BF910BD93
:1003300010B500F043FB10BDF0B5DE4657464E4603
:100340004546E0B585B004F077F900F0E7F80F20F6
:1003500000F088FBD02380221B0612029A62012142
:1003600000220F2000F06CFB544B554D9A46554B24
:10037000554C9946554B564F9846564B564E0393FF
:10038000564B0093564B0193564B0293564B9B464C
:10039000002004F055F9831CFAD00D280AD00A2851
:1003A00008D02A68531C1F2BF2D8A0542B6004F0ED
:1003B00093F9EDE70A2004F08FF900222B68E2544C
:1003C000002B02D100232B60E2E7514648464F3212
:1003D00000F0E0F82100404604F04AFA2368BB42EE
:1003E00027D023685B4533D02368B34236D03F4BD8
:1003F00022689A4237D03E4B22689A4239D03D4B10
:1004000022689A423AD03C4B22689A423ED03B4BFB
:1004100022689A4240D03A4B22689A4244D00099CE
:1004200001983C2200F0B6F82100029804F020FA6E
:10043000C8E7344BA2889A42D3D1A379002BD0D1FC
:10044000039ADB00D3185B68002BBBD09847B9E751
:100450002D4B62689A42C7D10123F1E72379002B23
:10046000C5D10223ECE7294B62689A42C3D103232A
:10047000E6E72379002BC2D10423E1E76368B342A6
:10048000C1D1237A002BBED10523D9E7204B626866
:100490009A42BCD10623D3E76368B342BBD1237A27
:1004A000002BB8D10723CBE71A4B62689A42B6D12A
:1004B00023896F2BB3D1673BC2E7C046887C00100D
:1004C000B8230020EC75001098230020F075001070
:1004D000656E6162C07C0010696E666F947C00106E
:1004E000D0750010D47500106469736176657273FD
:1004F00070696E676D656D5F66775F696465765F6D
:10050000626F6F746C650000626C6500696F6E00ED
:100510006E666F005F696E6619207047192010B50E
:1005200000F0A0FAD02280210020034B120689049B
:1005300051621870916110BD0B240020054B802280
:100540001870D02392041B06002801D05A6170470E
:100550009A61FCE70B240020014B18787047C046D5
:100560000B24002010B5032482B00194044C054BE9
:10057000054A06490094064804F07AF902B010BD15
:1005800044760010F8750010047600100C76001008
:1005900018760010844610B513000A000248614620
:1005A00004F066F910BDC0465076001010B586B054
:1005B00001A8112104F0B0FB80231049DB0510488D
:1005C0001C6804F055F90F490F4804F051F90F4920
:1005D0000F4804F04DF901A90E4804F049F9220131
:1005E0002105230F120C090D0B4804F041F90B49AA
:1005F0000B4804F03DF906B010BDC0465C76001013
:100600006C7600107C760010A4760010B076001096
:10061000B8760010C4760010D0760010087700106D
:1006200010770010802330B5DB051B68194C83B0B0
:100630001B0F1948237104F099F821001422174860
:1006400004F016F92368164D01930023220000934D
:1006500028001449043304F00BF96379621D0193F7
:100660000523114900931148083304F001F9237957
:10067000221D01930423280000930D49033B04F03D
:10068000F7F80223142212210A4804F0F1F803B00B
:1006900030BDC046400F002020770010507700107A
:1006A0007077001094750010907700109877001004
:1006B000B8770010C47700103A4BF0B5DE469B4681
:1006C00057464E4645465A46E0B51B6883B001334F
:1006D0001360354B04209A4652461B680133136061
:1006E000324B019302F078FA314D324C01232E0047
:1006F000270081469E439F43002801D02E4B036074
:100700002E4804F033F83288290001262C48314362
:1007100004F0AEF821003A8831432A4804F0A8F8E2
:10072000294C2A48210004F0A3F8294B1E68002E0A
:100730000DD0284B00259846012762682168404665
:10074000BA43013504F094F80834AE42F5D1224999
:1007500022480A0004F08CF8214922480A0004F0DB
:1007600087F85B4659461A681F4804F081F85346DB
:1007700051461A681D4804F07BF8019A01A91C48EB
:1007800004F076F84B4649461A681A4804F070F8A7
:10079000484602F033FA03B0F0BCBB46B246A94665
:1007A000A046F0BD540F00201C1F00209A07000037
:1007B00039030010B90600109F070000E877001009
:1007C0000C7800102C780010C07C00104C780010C1
:1007D000BC7C0010647800105C7600107878001003
:1007E000B076001098780010B8780010D478001017
:1007F000F07800100C790010F0B5CE46474680B571
:100800004E4889B003F0B2FF8126802380224C4CF1
:1008100076059B030093200033004A49520504F0FB
:1008200027F884238022DB02009320004649474BAF
:10083000920504F01DF88023DB01009300222000C4
:10084000434904F015F8434D434A2000AB1A07937F
:10085000009342492B0004F00BF8721B3300069200
:10086000009220002A003E4904F002F83D4D3E4A25
:100870002000AB1A00933D492B0003F0F9FF3C4EDA
:100880002A00701B3300059000903A49200003F0C5
:10089000EFFF394F394D32000295ED1BAB192000A7
:1008A0003749009503F0E4FF029B3A009946200087
:1008B0003449009503F0DCFFB846334E334F330024
:1008C000F01B3A00049000903149200003F0D0FF63
:1008D000304B20009A1B039200922F49320003F004
:1008E000C7FF2E4A2E4B2F49981A029000902000E5
:1008F00003F0BEFF2C4803F039FF2B00059A07993F
:100900002A4803F0B5FF80224C46069992032848F6
:1009100003F0AEFFA1194446091B2A00049BC91B22
:10092000244803F0A5FF029A0399234803F0A0FF8F
:1009300009B0C0BCB946B046F0BDC0462879001029
:1009400058790010507900107479001000200420AC
:100950007C7900104497001000000010807900108E
:10096000887900100001001000000010907900103C
:10097000AC81001098790010C000002058160020AB
:10098000A0790010AC790010102400205816002027
:10099000B879001000000420BC7900100018042071
:1009A00000200420C4790010CC790010D479001004
:1009B000087A0010247A00104C7A0010F8B5164E10
:1009C000164C3568FFF7A8FD07002100144803F016
:1009D0004FFF2168134C144803F04AFF2168134865
:1009E00003F046FF216801241148A14303F040FFB2
:1009F0003100104803F03CFFFD4021000E48294023
:100A000003F036FFD0231B0659680C488901C90F33
:100A100003F02EFFF8BDC046040000D00001001016
:100A20007C7A001004010010947A0010AC7A001057
:100A3000C47A0010DC7A0010F47A00100C7B0010ED
:100A4000064B8000C3181B68C90092000A435A4035
:100A50000C231340024A80180360704704C0014011
:100A600004D001400123D022834012069362936197
:100A7000084A83009A1811684022514080320A4087
:100A80000549C0005B181A60044BC0180523436079
:100A90007047C04604C0014004D0014000400140FE
:100AA0008023DB051868000F7047C0460FB400B5FF
:100AB000084883B003F05AFE049B002B07D005A919
:100AC0001800019103F05AFC034803F04FFE012087
:100AD00003F06CFC247B0010787A001070B58C4613
:100AE0001600EFF3108472B60F490B68002BFCD090
:100AF000BFF35F8F6346DB08C5180722C05C6346FF
:100B00001A40012393401A000240034207D11843C0
:100B10002870BFF35F8F0A6084F3108870BD614650
:100B20003000FFF7C3FFC0462C0100D0F8B5CE4619
:100B300047468C4680B51C00EFF3108872B61C49FE
:100B40000B68002BFCD0BFF35F8FA24221D8072394
:100B5000994602E00132944218D3494601261140D9
:100B60008E40D308C718C35C1E42F3D11000334334
:100B70003B70BFF35F8F00220D4B1A6088F3108823
:100B800000280EDBC0BCB946B046F8BD012040428B
:100B9000EFE7BFF35F8F00230B6088F3108801201D
:100BA00040426346002BEDD00898FFF77FFFC04618
:100BB0002C0100D0044A1078431CDBB2172B00D95B
:100BC000102313707047C046580F002000B5054B26
:100BD00083B00100009318221F230348FFF7A6FFEC
:100BE00003B000BD347B0010281F00200021044BFF
:100BF000044ABFF35F8F02C39342FAD17047C046E5
:100C0000000100D0800100D0084B094A1360094A56
:100C10001360094A1360094A1360094A1360094ABC
:100C20001360094A1360094A13607047808080800E
:100C300000E400E004E400E008E400E00CE400E08C
:100C400010E400E014E400E018E400E01CE400E03C
:100C50001F2318401E3B8340002905D0C021044AB1
:100C60004900535013607047802201498B50FAE7C6
:100C700000E100E001228240034B1B6813405A1E32
:100C80009341D8B27047C04600E100E001238340A1
:100C9000014A13607047C04600E200E0054B103087
:100CA0009B688000C358044A00209B1A47229A423E
:100CB0004041704700ED00E05C0F002010B5EFF3FD
:100CC000108C72B60F4A1368002BFCD0BFF35F8FF5
:100CD0000D4B10309B6880001B580C4A934201D08A
:100CE00099420CD1084B9B681950BFF35F8FBFF33B
:100CF0005F8F0022034B1A608CF3108810BD00F048
:100D000091FFC046240100D000ED00E0C1010010B9
:100D1000F0B5DE4657464E464546E0B58B4685B0B3
:100D2000EFF3108872B616005B4A1368002BFCD0F4
:100D3000B246BFF35F8F002558494D57002D00DAAA
:100D4000A8E06B00564A01935B199B00D418A77961
:100D500010300F7053498000896884460F58B91AC3
:100D6000472933D8012039008143CE79564500D830
:100D70006AE0A1465646039307E05800C018800079
:100D80001018C479B4424DD901000623CB56002B6C
:100D9000F3DA081D4C46B24681460293424B4E465A
:100DA000043CA41B2405414E640D34438C808D719A
:100DB00001994919890052189380029B3C4993710B
:100DC0005346D3715B461160936017E039498F42F7
:100DD00060D139490127D15238490233D318043937
:100DE000CB1A324A1B055B0D13436380344BE6710B
:100DF000A380FF23A3715B462743A3606246294B70
:100E00009B689F50BFF35F8FBFF35F8F0022224B21
:100E10001A6088F3108805B0F0BCBB46B246A946FC
:100E2000A046F0BDB2460E1D4C46B14688880293DE
:100E3000039B4005001504334844D318C31A1B050F
:100E40001A485B0D0343AAE79E1CB14691444E46E7
:100E50000F001C4DBF1A7F417D432D0D164FA5710C
:100E6000D752164F0433043FD318BF1BCB1A3F058C
:100E7000043B7E0D1B050D4F5B0D3E431F43534648
:100E8000E3715B46A3600A4BA7806680044327009A
:100E90000B60B3E700F0C6FE240100D00924002057
:100EA0005C0F002000ED00E001BD000000E0FFFF4E
:100EB00001488047C101001000A1FFFFA40F0020DE
:100EC00001BDFFFFAAAA00000123034370B59C46A1
:100ED000EFF30581EFF3108572B6274A1368002BF4
:100EE000FCD0BFF35F8F254A0400254BA41A644150
:100EF00063431B0D234C8900A6685BB27658664598
:100F000024D006215156994224D01221515699429B
:100F10002AD01E215156994228D02A215156994251
:100F200026D036215156994224D0422151560524CB
:100F3000994210D0144A117813708171BFF35F8FFA
:100F400000220D4B1A6085F3108870BDA2680F4C0B
:100F50005450EFE700246100091989005218FF215D
:100F600091710B499180E5E70124F4E70224F2E74F
:100F70000324F0E70424EEE7240100D05C0F0020F6
:100F8000AAAA000000ED00E009240020C101001021
:100F900001BDFFFF00B5074B83B0010000930022A5
:100FA00005230548FFF7C2FD002801DB1F23181A9F
:100FB00003B000BD507B00100E240020024BC91866
:100FC000890001607047C0464000003470B5114C84
:100FD000114DAC420FD2FF262368002B0CD0FFF737
:100FE000E9FD01002000FFF7E9FFA680BFF35F8F56
:100FF0000834AC42F0D370BDFFF7DCFD01002000E7
:10100000FFF7DCFF2671BFF35F8F0834AC42E3D3F8
:10101000F1E7C046501600205816002010B5040015
:10102000FFF7C8FD01002000FFF7C8FFFF23237171
:10103000BFF35F8F10BDC04610B504000120FFF75D
:10104000C5FD034BC01880002060BFF35F8F10BD4B
:1010500040000034034BC91889000160BFF35F8F63
:101060007047C046400000340A4B1968EFF3108007
:1010700072B60A68002AFCD0BFF35F8F1B68BFF30B
:101080005F8F00221A6080F3108840BF002000218B
:101090007047C046E8230020F0B5DE4657464E466E
:1010A0004546E0B585B0EFF3058303221A40B34B04
:1010B00091005F58012393409B4602925A4688460E
:1010C000AF4B1A60AF4B03935B46AF4843630823B3
:1010D000FE5E002E37DABB881BB2002B00DBA4E0DB
:1010E000BB79002B00D0E5E00823F95E002920DB66
:1010F0004B007A695B18DB00D3189D68DC686B1CB9
:1011000000D104E1A04801004144826A0B69AE1A93
:101110009B1A9E4215D30123026A029883401A4209
:101120000FD0994800F042FB8C4202DCCCD18542C2
:10113000CAD940BF05B0F0BCBB46B246A946A046DE
:10114000F0BD0D61EDE77A69730091469B19DB00F4
:1011500099444B469C68DD6800F028FB8D42BADC60
:1011600000D1F6E0002D00DADBE04A464B4652693A
:101170001B699246039A934200D1CCE04A4608216B
:10118000785E5288000451461043984700900191C0
:101190000099019A0B00134300D1C2E013000A002A
:1011A000002B00DBD9E020002900801A99414B4632
:1011B0009860D96000229B5E002B00DA8BE75D000F
:1011C0007C69EA18D200A21800949468D268A246FA
:1011D0008A4200DD7FE702D1844200D97BE7082400
:1011E000A4463B81BC44009C00972F006546B44652
:1011F0003E0006E05E00F218D200A2189768D2689E
:10120000BA468A4207DC00D1B4E0F318DB00E518E7
:10121000E35E002BEEDA66464A46009F13802E807E
:10122000BB881BB2002B00DA5AE73A69EFF3108152
:1012300072B61368002BFCD0BFF35F8F0123BE880A
:101240005B42BB8036B23B69BFF35F8F00221A60FE
:1012500081F31088002E00DA42E73B0008333A00A1
:1012600099467D6973009B190824115FDB0048468D
:10127000EB18002913DB9C680093A446DC6806E0A9
:10128000A34240D00023F95E3800002906DB4F005E
:101290007F18FF00EF19FB68A342F1DD009B068079
:1012A00000201E5E1980002EDCDA1700BB79002BAF
:1012B00000D119E70023BB710823F95E4B1C00D154
:1012C00037E73D000835AC467C6903E084464B1C9B
:1012D00000D109E74B005B18DB00E0180A00E15E73
:1012E00043881BB2002BF1DA01256D42EE178560B1
:1012F000C66008257B5F9342E9D0634619803B892D
:1013000003803A81E3E7BB686345BBD9C6E7631C4A
:1013100000D0F7E605E7534650461B69984700287A
:1013200023D14B461B883A693B81EFF3108372B699
:1013300011680029FCD0BFF35F8F49467A880A8084
:101340003A697E80BFF35F8F0021116083F31088BC
:10135000C1E6844200D805E7BDE60B4800F026FA56
:10136000009B019CC018614121E753460CCB0092C1
:1013700001930DE7824500D847E74CE7CC230020D6
:101380003C700540991000100040054070B52D4C90
:101390002569002D04D00A212B48FFF70FFE70BDF0
:1013A0002A4E0321294800F0F7F9E660FFF702FC16
:1013B000274B0322C018D02322701B061B68012173
:1013C0006370244B8000A3600F23206102206380A0
:1013D00063694942A18019800231198647311D8312
:1013E000585218315A5275325C39995218320131BB
:1013F00099521832013199521832013199520835F7
:1014000018329D52023118329952183201319952D4
:101410001832013199521832013199521832013182
:1014200099521832013199520B4B0C49DC60013052
:101430003562FFF743FC01210320FFF709FC084B4D
:101440001D60A8E7C80F0020E823002000400540E9
:1014500040000034FFFF1000CC2300209910001042
:101460003860054000487047C80F0020F8B51F00DD
:1014700008AB1B7804001600002B07D100F09EF982
:1014800032003B00121A8B41002B51DB2269EFF333
:10149000108C72B61368002BFCD0BFF35F8F022351
:1014A000E15E256900293ADB4B0060695B18DB00CF
:1014B000C218C35A6380BFF35F8F00232B608CF385
:1014C0001088069B9660D7601361079B5361538811
:1014D00001335B045B0C181C002B1ED083B25080C0
:1014E000080418432569EFF3108672B62B68002BA9
:1014F000FCD0BFF35F8FA3881380A1802369BFF363
:101500005F8F00221A6086F31088237801329A4098
:101510000849E3685B181A60F8BD0120DEE7BFF3F5
:101520005F8F00232B608CF3108801204042F3E78B
:101530000020F1E73C20000070B582B000920193DA
:1015400001000269EFF3108472B61368002BFCD01F
:10155000BFF35F8F0223C85E0D6900283FDB4A6935
:10156000430016001B18DB00D218F35A4B80BFF360
:101570005F8F00232B6084F31088069B1361079B09
:101580005361009B019C9360D460538801335B04DA
:101590005B0C1D1C002B20D0ACB2030455802343F0
:1015A0000D69EFF3108C72B62C68002CFCD0BFF3E1
:1015B0005F8F8C88148088800A69BFF35F8F00205A
:1015C00010608CF310880A7801309040CA6808498E
:1015D00052181060180002B070BD0125DCE7BFF39F
:1015E0005F8F00232B6084F31088013BF2E7C04635
:1015F0003C20000010B543890A1493421ADD5300C1
:101600009B184269DB00D3180469EFF3108C72B6A3
:101610002268002AFCD0BFF35F8F5A88090494B275
:10162000090C8A4208D00369BFF35F8F00221A6059
:101630008CF31088002010BD094A22435A800123F0
:1016400002698371BFF35F8F002111608CF31088F2
:10165000027804499340C268012052181360EAE7F7
:101660000080FFFF3C20000040787047F0B5CE4678
:10167000474680B504000D0085B0EFF30583894629
:10168000002B32D1404E336883422AD03F4FFB6853
:101690003A7898461800039200F088F8039A131DD0
:1016A00042469B009B5822001B1A9C462B00121A94
:1016B0008B411900002310008B4225DC22D020BF73
:1016C000334B586A48452BD3401B9A6A431E9841B6
:1016D0000023A2425B41184305B0C0BCB946B046E6
:1016E000F0BD73688B42D1D1E9E7294900204B6AEC
:1016F000AB42F1D38A6A5B1B591E8B41A242404127
:101700001843E9E78445DAD900F058F822002B00A5
:10171000121A8B41002B05DA1D4A536A4B4529D218
:101720000020D9E7002301931A4B220000933800D0
:101730002B00FFF701FF0028EEDD154B30C65A6A7B
:101740004A4515D39B6AA34210D301003800FFF726
:1017500051FF0F4A0020536A4B45BDD3926A5B1B71
:10176000591E8B41A24240411843B5E74A45ECD18E
:1017700020BFEAE70020926A5B1BA24240415A1E4A
:1017800093411843A8E7C046C00F0020C80F0020AF
:10179000004005406910001010B5024A0248FFF7EA
:1017A0009DF910BD6C7B00102C1F00200300416AC6
:1017B0000A00986A596A8A42FAD17047034B596AFB
:1017C0000A00986A596A9142FAD170470040054070
:1017D00070B505000E00184A536A1900946A536ADE
:1017E0008B42FAD1200019002C00350024184D41FD
:1017F000AB4216D813D0104B2A005B6A9D4203D926
:101800000D494B6A9342FCD3934207D10A4A02E046
:10181000516A994202D1916AA142F9D370BDA042A6
:10182000E9D9054B5B6A1C005A1CEFD00122012448
:101830006442E5175242E3E700400540F8B5DE4652
:101840004E4645465746E0B505008B4618000A99B6
:10185000914600F039FB0A9B6C001E026419304B64
:10186000A400E418636880469E4200D966602F1F7A
:10187000FBB29A46012B2FD9C0238022294FAD00FD
:101880009B0179591201E3181A6000291BD14B46BC
:1018900022685B015340E022134080225201A218CB
:1018A00013605346012B2FD9802380229B01E3181C
:1018B00012011A60434666607B51F0BCBB46B246DB
:1018C000A946A046F8BD786900F0FEFA0130430051
:1018D0001B18033BFDD2DAE75B46012BCCD1C023BA
:1018E00003229B01E3181A60023AA3681A42FCD053
:1018F0004A46236852015A40E02313408022520195
:10190000A218084F1360AD005846032321684140D8
:101910000B40136001228240A3681A42FCD0C3E747
:1019200000800040301F0020F0B5D6464F464646A6
:10193000440098462418324BA400E41863688A4691
:101940009146C0B5FF2B02D880235B006360061F61
:10195000F6B2012E2FD9C02380222A4F85009B0189
:1019600079591201E3181A6000291BD14B462268ED
:101970005B015340E022134080225201A218136001
:10198000012E30D9802380229B01E31812011A60B6
:1019900080235B00636043467B51E0BCBA46B1469E
:1019A000A846F0BD786900F08FFA013043001B189B
:1019B000033BFDD2DAE75346012BCCD1C0230322EF
:1019C0009B01E3181A60023AA3681A42FCD04A4607
:1019D000236852015A40E023134080225201A2188A
:1019E000084F1360850050460323216841400B4097
:1019F000136001228240A3681A42FCD0C2E7C046AD
:101A000000800040301F0020014B8000C05870470C
:101A1000301F0020F0B5C646040000B5234816006C
:101A200098460D0000F050FA0100300000F04CFA2A
:101A30004346069A1B04120313439C462368060080
:101A4000002B22DB1A4B1B48E218531E9A418023BD
:101A50005242120B9B011203D218174B1A60174BFC
:101A60001A60130001688B43FBD12122144B2560BF
:101A7000E318A6601A602268002AFCDA6246E26077
:101A800008221A6080BCB846F0BD3F23226813408C
:101A9000AB42D7D1A3681B051B0D8342D2D1EE22E6
:101AA000E368D20213406345CCD1EBE7001BB700DB
:101AB0000040FDBF08C0004000E0004000F00040D2
:101AC0000430000010B580241C4BE4051C60002885
:101AD0001AD001231A4C18431A4BDC611A4C4440AB
:101AE0001C62596298628021144BC905196017481D
:101AF00017490860E021C9041960002A07D1802233
:101B0000144B12061A6010BD0E4BD861EBE753015F
:101B10009B1A9B009A18802312015B049A4209D2F7
:101B200013000D490B60074B5A608022094BD20508
:101B30001A60E8E7094B1A00F3E7C04600B0054019
:101B4000D3C007B0008005402D3FF84FFCFF0100D7
:101B50000820014000A00540BC230020FFFFFF003B
:101B60008023024A9B000B43D362704700800540EC
:101B7000002310B50100988A1B8B984710BDC04602
:101B8000162310B5010018885B88984710BDC04621
:101B9000F8B54746CE4680B50F1E18D01423994697
:101BA000043304000025012698464B461888434616
:101BB00021681B88984701C4431E9841013506409F
:101BC000AF42F2D13000C0BCB946B046F8BD0126E4
:101BD000F8E7C046002370B504000D00988A054957
:101BE0001B8B984703000020002C01DB0130A04034
:101BF0002900984755420000AA23064A1B0113609A
:101C00008D235B00D3600449044B19605368002B9B
:101C1000FCDA70470040024000B0FA000060024069
:101C20007047C04610B50148FEF740FF907B00109A
:101C300070B5074D074EB54209D20024013E761B10
:101C4000B608013608CD01349847B442FAD170BDC8
:101C50002875001064750010054B064A06491A6085
:101C6000064A074B1A6010000B689843FBD1704777
:101C700000E00040BFCDFBFE08C00040FE7F3C00FE
:101C800000F00040044BDB6C002B03D18022034B9F
:101C9000D2021A607047C046000011504C2011500B
:101CA000044A054B1A60054A1368DB018033FBD1F7
:101CB0007047C046FFFFFF0100F0004008C0004031
:101CC0004022034B9A675A671A67DA667047C04624
:101CD00000F0014010B5FEF789FF10BD70B527492F
:101CE000274E284D761AB4082200302C00D9302215
:101CF0002800920000F094FF2F2C3BD823002A3BB1
:101D0000214A052B1BD93020AE197107001B260074
:101D1000CB0F002902DAA1006A50661CC01AE31832
:101D20009B004108EB18C900C9181A605A600833B3
:101D30008B42FAD1012303421CD098438419A3009B
:101D4000EA50631C2F2C15D09B00EA50A31C2E2CAC
:101D500010D09B00EA50E31C2D2C0BD09B00EA50C6
:101D6000231D2C2C06D09B00EA50631D2B2C01D088
:101D70009B00EA50054B9D6070BDC04600010010FD
:101D8000C001001000000020C101001000ED00E0C3
:101D9000002310B5294C82B0A367FFF72DFF012265
:101DA000274B1A60636C012BFCD10322254B1A6070
:101DB000224A936B012BFCD1013300930121224A6B
:101DC00022480433FFF726FE052301210093204A11
:101DD0002048FFF71FFE0022022104201E4BFFF7C0
:101DE000A3FD0022012105201C4BFFF79DFD0022D1
:101DF000002107201A4BFFF797FD00220021082041
:101E0000174BFFF791FD8023DB0000930022002198
:101E10000920134BFFF712FD0022104B0021062072
:101E2000FFF782FD0420FFF7EFFD0E4900F04CF8AC
:101E300001000020FFF794FE02B010BD00800040BA
:101E40003CB0004030B00040002F68590080024094
:101E5000008C864700C00240001BB7004059730742
:101E6000006CDC0240420F0001480421014B18477E
:101E7000E00F0020911B0010124A936F9B0815D2AF
:101E80009066D166002905D0FFE7FFE7FFE7516FB5
:101E9000106F704704B580210906C2175140002811
:101EA00000D0C84305F028FB002104BDF0B5146E36
:101EB000556E576F166FFFF7E3FF14665566576749
:101EC0001667F0BD000000D0114A936F9B0813D233
:101ED00010665166002905D0FFE7FFE7FFE7516F65
:101EE000106F704704B5002801D00020C04305F0F2
:101EF00003FB002104BDC046F0B5146E556E576F4C
:101F0000166FFFF7E5FF1466556657671667F0BD55
:101F1000000000D094464A4A926F9208624601D26D
:101F200028E0C046F0B5464E346E756E776F366F5A
:101F300000F020F89446424A1466556657671667C3
:101F40006246F0BD94463E4A926F9208624601D2C4
:101F500054E0C046F0B53A4E346E756E776F366F0A
:101F600000F04CF89446364A146655665767166773
:101F70006246F0BD002B24DB11D000293EDA00B50B
:101F8000C943404200D1013100F038F8C943404212
:101F900000D10131DB43524200D1013300BD002AA0
:101FA000EBD1002801D1002905D00020C90FC907B5
:101FB00001D1C043410800B505F0A6FA0022002374
:101FC00000BD00B500290ADBDB43524200D10133DA
:101FD00000F014F8C943404200D1013100BDC943AB
:101FE000404200D10131DB43524200D1013300F0C5
:101FF00005F8DB43524200D1013300BD002923D153
:10200000002B18D1002A0CD0BC460D4F38667A66DA
:1020100000210023FFE7FFE7FFE77A6F386F67468D
:102020007047002801D00748010000B505F06CFAA0
:102030000022002300BD02000B0000200021704799
:10204000000000D0FFFFFFFF002B00D0BFE0130C0B
:1020500028D1002AE7D080B4114F39667A66FFE7AD
:10206000FFE730B4040C7B6F396F1B0423433B66DE
:102070007A66FFE7FFE7FFE7C04684B27B6F3D6FFC
:102080001B0423433B667A66FFE7FFE7C046002355
:102090002C042D0C7A6F386F00196941B0BC704761
:1020A000000000D0F0B594460025140E01D11202B4
:1020B0000835140F01D112010435940F01D192009B
:1020C0000235D40F01D152000135D40B0134254F14
:1020D0007C66254C3C660E0C93B2FFE7FFE7FFE7FA
:1020E0003C6F6643360C7703BE467343DF0B5B04DD
:1020F000C01AB941130C7343DB18C91ACE086643E2
:10210000360CB64493B273431F0F1B01C01AB9417A
:10211000130C73431F0B1B05C01AB941860D8F02A8
:102120003E436643360C092D24DB520A7243801A63
:102130007703460A6643360C16235B1BDE40DF40FE
:10214000BF1964466643821B70460435063301009E
:10215000D940A840C01900D30131A24206D20023C1
:10216000F0BD0000000000D0FFFFFFFF121B013098
:10217000F3D3F1E709277F1BFE406446A2B2724306
:10218000801A00D20139220C7243130C1204821AF5
:1021900099410B007046043513370100F940A840FF
:1021A000801900D30131002B02D1A2420AD2F0BD26
:1021B000013000D30131121BFAD2013BF8D1A24207
:1021C00000D2F0BD013000D30131121BF7E7F0B5AA
:1021D0001C0C00D080E00CB400251C0A04D11B02AA
:1021E000160E3343120208351C0B04D11B01160FC7
:1021F0003343120104359C0B04D19B00960F3343EB
:1022000092000235DC0B02D192185B4101351C00B3
:10221000971864410134464F7C66464C3C660E0C70
:10222000FFE7FFE7FFE7C0463C6F6643360C7703E6
:10223000BE4697B27743C01B00D20139C01B00D203
:1022400001399FB27743C91BC91B170C77437E0422
:10225000FF0B801BB941CE086643360C0C2D33DBD7
:10226000B644120B1F053A431B0B97B27743C01BB2
:1022700000D201399FB27743C91B170C77433E0444
:102280003F0C801BB941860D8F023E4366432927D0
:102290007F1BFE400C3D7746AF40BF1930BCA2B259
:1022A000ABB272437343801A9941220C7243130CF0
:1022B0001204801A994102000B000137001BA9414A
:1022C000F9D2781E0021F0BD0C277F1BFE40774617
:1022D0007F0BAF40FF19E0E700245D1C07D0144FCF
:1022E0007D663966FFE7FFE7FFE7FFE73C6F95B2E2
:1022F0009EB265436643401BB141150C1E0C6543FD
:10230000664336042F0C3E432D04401BB1419942D5
:1023100004D202000B0020000021F0BD01D1904248
:10232000F7D3801A994101349942F2D3F6E70000BD
:10233000000000D0FFFFFFFF48404140484018B474
:102340001B4B5B68FC46019308BD04DFE3250010CE
:1023500018B4174B1B68FC46019308BD00DFED2540
:1023600000109446134A926F920809D2624618B43C
:102370000F4BDB68FC46019308BD0CDFA52800105D
:102380000C4AF0B5146E556E576F166F6246FFF724
:10239000EEFF084A1466556657671667F0BD18B415
:1023A000034B9B68FC46019308BD08DF49270010DA
:1023B000A8180020000000D0FFB550404240504017
:1023C00059404B40594000E0FFB5154F4C00640D9B
:1023D00003D0BC4204D10C0314D80020090D090518
:1023E0005C00640D03D0BC4204D11C030AD8002257
:1023F0001B0D1B0501264B4009D44B4003D58B42D6
:1024000000D18242FFBD9942FCD19042FFBD0B43F7
:10241000DB1803431343F5D0C9434918FFBD00003F
:10242000FF07000000B5FFF7CFFF804100BDC046A9
:1024300000B5FFF7C9FF01D9002000BD012000BD94
:1024400000B5FFF7B9FF01D9002000BD012000BD94
:1024500000B5FFF7B1FF804100BD012040054A00F3
:10246000121804D85A00121801D800207047012011
:10247000704700000021002805D17047C11748406F
:10248000401AFAD0C90713B5064B1B6898470CBC15
:10249000441CA2401005120B0349091B09051943EE
:1024A000114310BDE42300201F04000010B54C00B0
:1024B000620D8023D218DB00D21A5B057E2A10DD64
:1024C0009E3A13DACC170903490819435242D14006
:1024D000640001341532202A05DAD04008436043F5
:1024E00010BD002010BD0846604310BDC80FC018C5
:1024F000013810BD18B4044B5B6AFC46019308BD5B
:1025000024DF552A00100000A8180020132370B5FE
:102510001D78012D19D014DD1F48FFF731FB06008F
:102520001E48FFF72DFB1E4C80223100200000F0DA
:1025300077FB022D2DD01B48FFF71AFB1A4B1860B2
:1025400070BD1A4B164CA364F5E7184B144C23606E
:102550006360A360E36023616361A361E36123625D
:102560006362A362E36223636363A363E36323643D
:102570006364A364E36423656365A365E36523661D
:102580006366A366E36623676367A367E367A36481
:10259000D1E7064BA364CEE7534400005346000046
:1025A000A81800204C330000E4230020B1250010BF
:1025B00007B5604601880A0A0230DF2AFAD1C9B29B
:1025C000820804D3028840880004104300E00068B9
:1025D000014A5050039007BDA81800200FB403BC57
:1025E0000CBCF0B50124E407634000E0F0B50C0D2D
:1025F000CF0F661E3605891B640503D3C9434042CD
:1026000000D30131640D03D0661CF60A07D0E41B29
:1026100000207F00791C89078912803C24031D0D4E
:10262000DF0F6E1E36059B1B6D0503D3DB43524245
:1026300000D301336D0D03D06E1CF60A07D0ED1BDD
:1026400000227F007B1C9B079B12803D2D032F1BCC
:10265000661B58D4A446202E46DA20371400BC400E
:102660001D00BD40F24033412A4380185941CB0F31
:1026700005D0C943C04300226442504151416246E3
:102680004D0D28D10D0D07D100281FD02419404130
:102690004941013A0D0DF9D0640006D3013000D351
:1026A0000131002C01D140084000013A0BD4941CA8
:1026B000E40A04D112051144DB071944F0BDD9071F
:1026C000204B194300E0D9070020F0BD0029DDD1DF
:1026D000002CDBD1F0BD0132C6074008CD072843EE
:1026E0004908002EE1D0D9E73C2E29DA203E4037B8
:1026F0001400BC4000D00124F24014431A00BB4037
:102700001C43D317ACE7AC46202F08DA2036040070
:10271000B4400D00B540F84039412843A5E73C2FAF
:102720000CDA203F40360400B44000D00124F840C9
:1027300004430800B1400C43C117EAE71000190038
:10274000002494E70000F07FF0B50C0D661E3605FE
:10275000891BE60A6405640D02D0651CED0A04D0ED
:10276000002001210905803C2403A4461C0D671E9E
:102770003F05DB1BE70A6405640D02D0651CED0A0A
:1027800004D0002201231B05803C240377406444CD
:1027900097B484B296B27443070C7E43150C6F4312
:1027A00080B26843361802D3012000043F18300479
:1027B000350C00197D41844688B29AB250430C0C06
:1027C00062431F0C7C438EB27E43921902D30126D2
:1027D0003604A4191604170C3618674101BC81B2DF
:1027E0009AB25143040C62431B0C5C4380B25843C1
:1027F000121802D30120000424181004130C4018EE
:1028000063412D185E410020474106BC88B293B257
:1028100058430C0C6343120C544389B251435B1868
:1028200002D301210904641819041A0C0918624121
:102830006D1856410020474118BCF902720D114332
:10284000F0026A0D1043ED020A0D03D16D194041EB
:102850004941013B124E9B1B7600B3420ED26D00E4
:1028600007D30130002671416646354301D1400847
:1028700040001B05C918E4072144F0BD0BDA013301
:1028800006D1013004D101314F0D01D04908F2E7E2
:10289000E1070020F0BD013631050020EBE7000024
:1028A000FF030000F0B51C0D671E3F05DB1BE70AA8
:1028B0006405640D02D0661CF60A04D000220123D0
:1028C0001B05803C2403D0252D060026F6432E66EA
:1028D0001E096E66CE0FF619B44649004F0D02D0A0
:1028E0007E1CF60A03D000200021403F3F033E1B20
:1028F000B600B444013F7F05C91B49082E6F01365D
:1029000076089C02950D25437543ED137543AD1371
:1029100001356D10F603761B0CB4CC02450D2C432B
:10292000A2B2B3B25A43270C7B43350C6F43A4B217
:102930006C431B1902D3012424043F191C041D0CF1
:10294000A4187D4124196D41009A91B2ACB2614343
:10295000170C7C432B0C5F4392B25A43A41802D34A
:1029600001221204BF182204230C52187B41019C3F
:102970006C431B19520ED9010A434401A01A81B2BB
:10298000B2B2514303145A43360C734387B27743B0
:10299000D617D21900277E4136049B191704160C4E
:1029A0007F185E417316ED18F301002680337541E0
:1029B000A90F06D16400690AE8055B0A184309D229
:1029C0002FE00422944480337541A90AA8059B0A8C
:1029D000184326D3404149412404009A019B0D002D
:1029E0005543641B4343E41A95B286B27543170CF2
:1029F0007E43030C5F4392B25A43B61802D30122BE
:102A00001204BF183204330C52197B4152429C41CC
:102A1000002C02D40022013051414008CA07104363
:102A2000490802B06246D7079210084BD218084BEB
:102A30009A4203D212058918C919F0BD0020002A54
:102A400001DC3900F0BD01331905F5E7FD03000095
:102A5000FE070000002200B5203200F004F8080054
:102A600000BD000000220B150AD410B5944600F0FA
:102A700031F81414013400DA0021CB17144C20472C
:102A80000020002170476244343A0CD40C2A07DA43
:102A900004009140904052422032D440214310BD66
:102AA000D843D94310BD203207D40C46944052423B
:102AB00020321141D040204310BD0800C9172032F8
:102AC00003D452422032104110BD1800190010BD2D
:102AD000872A00100A0DCC0F531E1B05C91A520578
:102AE00003D3C943404200D30131520D03D0531CDC
:102AF000DB0A07D0121B00206400611C89078912C1
:102B0000803A1203014BD21A70470000FF03000005
:102B100051434343C9188C46110C83B24B4310B444
:102B2000040C614392B280B2504362431C041B0CFC
:102B3000001910BC59411304120CC01851416144D2
:102B400070470000132310B51C781348FFF718F8DE
:102B5000012C0BD004DD01008022104800F060F849
:102B60000F48FFF705F80F4B186010BD0B4C010024
:102B70005422200000F054F80B4B6365A365E36515
:102B800023666366A366E36623676367A367E367F9
:102B90002362E361E4E7C04653460000A819002021
:102BA0004C330000E4230020AD2B001007B5604635
:102BB00001880A0A0230DF2AFAD1C9B2820804D396
:102BC000028840880004104300E00068014A505029
:102BD000039007BDA819002010B5040003F0D2FF30
:102BE000002804D0034B04199C4200D810BD0248B1
:102BF000FDF75CFF000004209C7B001010B503F083
:102C0000CBFF10BD01480421014B1847F00F0020F5
:102C1000911B0010014B1B6818470000F00F0020AB
:102C2000014B5B6818470000F00F00207047C0465A
:102C3000F8B5DE4657464E464546E0B599460D9BEB
:102C40000700884693469B0728D00B9B002B3CD05F
:102C500016000B9C0A9D3619321B013C4B4641461F
:102C6000285DB847002CF7D135000D9B9B070ED58A
:102C70005B46EC1A0C9BA34209D91E002A004B4666
:102C8000414620200134B8470135B442F6D328002C
:102C9000F0BCBB46B246A946A046F8BD0B9B0C9AB9
:102CA000934214D213005D460C000B9A9E1A7619BB
:102CB0002A004B46013521002020B847B542F7D104
:102CC0000B9BA046002BC4D1E1E71500CDE75E4683
:102CD000002BBED15D46DAE7F0B54F46D6464646F4
:102CE000C0B584B09C460EAB1F78129B9146BA4685
:102CF0000D9C109E119D9B074CD4002D41D1B442D8
:102D000048D20123129F1F40B8460C9B5F1E302300
:102D100003E001343B55A64201D9202CF9D14346AA
:102D2000002B00D187E00C9B5F1E3023A54204D806
:102D300030E001343B55AC422CD0202CF9D1129B11
:102D4000DB060DD5129B5B0557D4A64267D0A54282
:102D500065D00F9B102B53D0022B5BD0202C36D18B
:102D60002023129C01930C9B4A46009303946346D4
:102D70000295FFF75DFF04B0E0BCBA46B146A84635
:102D8000F0BD0123129A13409846012313422DD11E
:102D9000B442BAD3129BDB061ED5129B5B05D8D476
:102DA000002CD2D10F9B102B60D00F9B022B71D027
:102DB000302301240C9A13705346002B11D1129B1F
:102DC0005B0740D52B260C9A631C1655C9E72300D8
:102DD000013430260C9AD654202CC1D05346002BF7
:102DE000EDD02D260C9A631C1655BAE7002F34D06F
:102DF000013DB44200D288E795E70F9B102BAFD17D
:102E0000129B9B063CD5202CAAD058230C9A135514
:102E10000134A3E7202CA3D02300013407E0631E74
:102E2000012CBFD00F9A102A36D0022AD1D16226A7
:102E30000C9AD65492E7129BDB06CDD5129B5B050C
:102E400000D482E785E7129A2300160700D488E7AA
:102E500020260C9A0133165583E70C2313405F1E7E
:102E6000BB41ED1AB44200D24FE75CE7129B9B06D0
:102E70000ED478230C9A02241370302353709BE7EE
:102E8000202C00D16CE778230C9A1355013465E7A8
:102E90005823EFE76033EDE70C9AA61EB618129A96
:102EA000920602D55822327093E77822327090E76A
:102EB00010B5002800D110BD01F00EFCFBE7C046A4
:102EC00010B5002803D04A680B681100984710BD60
:102ED000F0B54E46DE4657464546E0B595B08346CA
:102EE0008946924698461E9A1F9B10001900209E04
:102EF000FFF7B3FA002800D0D2E11E981F990122F3
:102F0000C44B5242FFF78EFA002800D001E11E9810
:102F10001F990122C04B5242FFF79AFA002800D0B5
:102F2000D6E01E981F990022BC4BFFF791FA0028AB
:102F300000D0B5E01E981F990022B94BFFF772FA36
:102F4000002800D0ACE01E981F9900220023FFF754
:102F500069FA002800D0D1E000230B93229B5B0587
:102F600000D406260024302306E006AA01341732D6
:102F70001355013E202C01D0092EF6D81E981F991A
:102F8000FFF794FAA74BF2009B180CCB05000892B0
:102F90000993FFF773FA02000B001E981F99FFF7C1
:102FA000CEF9089A099BFFF7FAF906900791FFF707
:102FB000A1FA0700FFF75EFA02000B0006980799D6
:102FC000FFF7BDF90022984B06900791FFF740FAF2
:102FD000002800D1E9E001373800FFF74BFA020082
:102FE0000B0008980999FFF723FA002801D0002761
:102FF0000135002E00D1B7E0069513E0172306AA8D
:103000009B180A21380001341D19FEF75DFF30318D
:10301000297038000A21013EFEF756FF092F00D81B
:10302000E1E00700202CE9D1069D20240CAB06939B
:10303000172706ABFF180DE028000A21FEF71CFF3A
:1030400001343031280039550A21FEF715FF051EDD
:1030500000D1B7E0202CEFD10323229A1340012B9B
:1030600017D1219B002B14D00B9B002B00D1E3E048
:10307000219B013B2193202B0BD93023219A06E081
:1030800006A9013417310B55944200D3A0E0202C3F
:10309000F6D1229B01940393219B0293069B21E08E
:1030A000229B52460493219B4946039358461E9BFC
:1030B0001F9C029600930194434600F043F90400DC
:1030C000200015B0F0BCBB46B246A946A046F0BDF4
:1030D000229B5B070FD40322544B22990192039148
:1030E0002199029100935246434649465846FFF7BC
:1030F0009FFD0400E4E704224D4BEEE71E9A1F9B60
:1031000000200021FFF71BF901231E901F910B9354
:1031100024E70223229A54461A40229B06929B07D8
:1031200000D1ACE02600434D08942F1F3200E87810
:1031300043464946013DD8470136BD42F6D1089C79
:10314000069B0434002BBBD05746219AE31B9A42BE
:10315000B6D9150022004346494620200134D847FD
:10316000E31BAB42F6D3ABE72800FFF787F9020079
:103170000B001E981F99FFF7E2F82B4B0022060068
:103180000F00FFF74FF90CAB0693002800D04FE774
:10319000002230003900244BFFF75AF9002800D0F4
:1031A00046E7012301359D4342E70022069807992F
:1031B0001D4BFFF737F9002800D01AE7002F59D12F
:1031C000013716E70323229A1340012B00D1A6E012
:1031D000202C00D15DE70B9B002B3AD02D23069AC3
:1031E0001355013455E7069D202C00D11DE73023EF
:1031F000361906E006AA013417321355202C00D1E7
:1032000013E7A642F6D12E230CAA01340692935559
:103210000EE7C046FFFFEFFFFFFFEF7F65CDCD411B
:1032200065CDCDC1F87E00100000E03FDC7B0010D2
:10323000D47B0010E47B00100C23229A134257D059
:10324000219B013B2193A34200D916E7202C00D1FA
:103250001FE7229B5B0704D52B23069A13550134E5
:1032600017E7229B1B0700D413E72023069A135568
:1032700001340EE7FB0700D4BBE60137B9E6219B1A
:10328000042B00D84EE755464F46043CE4182A006C
:103290004346013539002020D847AC42F7D141E7F9
:1032A0000227229B55461F409B0726D006975F4664
:1032B000234EEC1C2A00B078434649460135B847F6
:1032C000013EAC42F6D1069F002F00D1F8E65746EA
:1032D000219AE31B9A4200D8F2E6150022004346E9
:1032E000494620200134D847E31BAB42F6D3E7E63A
:1032F000219BA34200D9C0E6CBE6219B032BD5D965
:10330000069754464F46033DED18220043460134CC
:1033100039002020D847A542F7D1069FC6E7219B58
:10332000002B00D154E70B9B002B85D0219B013B48
:1033300021939C4200D2A0E6202C00D04EE7A8E6C4
:10334000E07B0010F0B54546DE4657464E46E0B5F8
:103350009BB0249C259D8246884693469946220030
:103360002B0020002900FFF778F8002800D0C1E0EA
:103370000122200029007C4B5242FFF769F8002807
:1033800000D0B7E0012220002900784B5242FFF71D
:1033900049F8002800D0ADE00022002320002900D9
:1033A000FFF740F8002800D0BBE108940995089881
:1033B00009998023289ADB001A400F928022289EC8
:1033C0001201164032000E96289E0F000A901E42EF
:1033D00000D0A4E00B00034300D0CBE0002A00D0D3
:1033E00012E2320006332693022313400C93022389
:1033F000134200D00AE2279B042B00D215E20027DB
:103400000426043B0E930022002320002900FFF72E
:1034100009F8002800D0C8E1554B289A13400493BE
:103420000E9B0393269B0293089B099C0093019497
:1034300041464B465A465046FFF74AFD02002020BF
:10344000289B0025034059424B415B421840531CC6
:10345000089341464B464530D047FB17FC185C406B
:10346000FB0F1F270A93731E0E930AABFF1806E08B
:1034700020000A21FEF728FD0400202D08D00A2193
:103480002000FEF721FD013530317955092CEFD8A8
:10349000052306930E9B56460593002304930A3397
:1034A00003930A9B4146029312AB009330004B46B4
:1034B000089A0195FFF710FC0C9B002B28D05F4663
:1034C000279BC41BA34223D982461D003A194B46B1
:1034D000414620200134B047A542F7D8504659460E
:1034E000279C421A01320023944200D395E1013017
:1034F00018180DE0289B009401950493279B0393D3
:10350000269B02934B465A4641465046FFF7E0FC45
:103510001BB0F0BCBB46B246A946A046F0BD014375
:103520002AD10E9B3200002B00D15DE70027269B9D
:103530000026BB4200DD82E100220023200029009A
:10354000FEF770FF002800D04BE1289B084A029646
:103550001A408023DB0013430493279B0393089BAB
:10356000099C00930194CDE7FFFFEF7FFFFFEFFF82
:10357000FFF7FFFF06232693B24B7800400DC018DB
:10358000FEF77CFFB04AB14BFEF709FFB04AB14BE2
:10359000FEF7DEFE3F03B04B3F0B3B430C900D911B
:1035A00000220A981900AD4BFEF7C9FEAC4AAD4B9C
:1035B000FEF7F5FE02000B000C980D99FEF7C8FE11
:1035C000FEF774FF0700FEF759FFA74AA74B0A90C2
:1035D0000B91FEF7E4FE0022A54BFEF7B9FEFEF7C5
:1035E00065FFA44A06000A980B99A34BFEF7D7FE85
:1035F0000A900B913000FEF741FFA04AA04BFEF766
:10360000CEFE02000B000A980B99FEF798FE02000E
:103610000B000A900B91FEF7C2FE0C900D910A98D8
:103620000B9902000B00FEF793FE002210901191FF
:103630000C980D99934BFEF794FE0022924BFEF7E7
:1036400087FE02000B000C980D99FEF78AFE0022FF
:103650008E4BFEF77DFE02000B000C980D99FEF7D5
:1036600080FE0A9A0B9B0C900D9180210020C905C9
:10367000FEF765FE02000B000C980D99FEF768FE40
:1036800002000B0010981199FEF76BFE0022724B9E
:10369000FEF75EFE7E4B0022F6183305FEF77FFE36
:1036A00002000B000A900B9108980999FEF7BAFEE8
:1036B000002808D00A980B990022734BFEF751FEA0
:1036C0000A900B91013F0A990B9A0B0011003A00E6
:1036D0006332C62A12D802222898042610400E9A75
:1036E0000C90002A26D1279B042B05D9002800D056
:1036F000A1E0279B043B0E93042642E00222289877
:1037000010400E9A0C90002A13D1279B052B00D84D
:1037100089E0002800D084E0279B0526053B0E9316
:1037200032E080231B069C46AC4463460894099310
:103730003DE605260B4300D1F9E608980999554A5C
:10374000554BFEF77DFE002808D008980999002205
:10375000524BFEF767FE002800D0E8E6269B002BC0
:1037600034D00F9B002B31D0269B013B2693279B07
:10377000B34204D90C9B002B59D002230C93002395
:103780000E93002F00D13EE60A9A0B9B08980999E8
:10379000FEF7E7FD00220890099100232000290090
:1037A000FEF740FE002800D136E6089C099D289AC5
:1037B00080203B4B00061340220004930E9B039392
:1037C000269B02932B180092019331E6279BB3426C
:1037D000D5D90C9B002B2AD000230E9302330C93D7
:1037E000CFE7289B2E4A8020089C099D1A40802301
:1037F000DB00134322000493279B000603932B183E
:103800000092019302967DE6052695E600230E932D
:103810000233002704260C93F5E54B1E1B191B1AD7
:1038200065E602230C930526AEE70423E7E5279B14
:103830009B1B0E93A5E7022304260C93A1E7DB1B39
:103840005E1E79E601FCFFFFFB799F501344D33FD6
:10385000B3C8608B288AC63F0000F03F0000F83FE5
:1038600061436F63A787D23F71A379094F930A40E1
:103870000000E03F1655B5BBB16B0240EF39FAFED0
:10388000422EE63F00002C4000002440000018407B
:10389000FF0300002D431CEBE2361A3F80842E41CB
:1038A000FFF7FFFFF0B55746DE464E464546E0B50A
:1038B000A3B01F002C9B92460C93C94AC94B8B4660
:1038C0000B901A60002900D1BFE100233878994697
:1038D000002800D1C1E1C44B4C460993C34B0E9361
:1038E0005B460A9308E0220053460A990B9DA847BD
:1038F00001343878002876D001372528F3D11023F9
:103900009B46083B9946043B9846033B002602250C
:103910009C463878791C0300203BDBB2102B03D87F
:10392000099A9B00D3589F460300303B092B36D998
:1039300000252A2800D1A7E000230D932E283FD090
:103940000300683BDBB2122B1BD80E9A9B00D358A6
:103950009F4663460F001E43DBE70F002E43D8E768
:1039600043460F001E43D4E75B460F001E43D0E7DB
:103970004B460F001E43CCE7802378785B001E4344
:1039800001310F00672845D82428ACD90300253B16
:10399000DBB2422BA7D896499B00CB589F46002507
:1039A000AB005D196D002D1808780F000300303B47
:1039B000303D0131092BF3D900230D932E28BFD1BF
:1039C0003022802052429046C000064378780B0097
:1039D00080444246092A00D851E12A2800D15EE1FC
:1039E0000F000131ACE70A9BA1469B46CA4503D8AC
:1039F00001235B425344994653464A4659460020A8
:103A00000B9DA847200023B0F0BCBB46B246A94698
:103A1000A046F0BD0300693BDBB20F2B00D962E783
:103A2000012199408846734A11408B461100424655
:103A30000A4200D013E10A2B2FD0072B00D052E707
:103A40000C9D01CD002800D134E121231E43B04656
:103A50001F260D9A12ABF618A1469446594634001B
:103A600002E0000920290AD00F2606403200373232
:103A7000092E00D8073A013162540F28F1D8634665
:103A80004C468B460D9322E10C9B20CB002D52DB44
:103A900078780C930F0001314EE70C9B0D9904CB05
:103AA00090469B46002900D128E1434618784144BE
:103AB000002801D100F029FC0D9A94460A0004E088
:103AC00059780133002900D195E19A42F8D1634633
:103AD0000D934346D31A0F93730500D46CE10F9BEB
:103AE0000D9A934200D90F9202231A0032400C9291
:103AF000334200D191E20C930D9BB9461E19434607
:103B00001B1BA84622001F000B9D08E0541C5346B7
:103B10000A99A847385D002800D163E12200964247
:103B2000F4D145464F4634000C9B002B00D097E162
:103B30005B460C93DDE60222787816430F006D4257
:103B40000C930131F8E678786C2800D159E1802394
:103B50005B001E43013114E780239B0078781E43ED
:103B600001310EE77878682800D150E180230131D7
:103B70001E4306E7672800D1C2E0472800D134E1A0
:103B8000452800D134E107210C9B0D9A07338B4364
:103B900019000496039502920CC90B9800920193A8
:103BA0000C91220053460A99FFF7CCFB0400A0E6D3
:103BB000462800D1A8E007210C9B0D9A07338B43C0
:103BC00019000496039502920CC90B980092019378
:103BD0000C91220053460A99FFF77AF9040088E60F
:103BE000A5380010942300205C7D0010A07D0010FB
:103BF000EC7D0010419000002200534625200A99D8
:103C00000B9DA847013474E60C9B04339B46631C50
:103C10009846B60700D4FFE00C9B220018780A995A
:103C200053460B9EB0476419012D00D849E2454622
:103C30000B9EB8460A9F2A005346013539002020C2
:103C4000B047A542F7D1474672E7DB4B38780B9374
:103C500000239946002800D03DE60024C6E66F28E0
:103C600055D000D8BCE21023782800D19EE09E43B6
:103C70000A239C4600230F930A339B464DE0002104
:103C80008A00521852000133111818783039020096
:103C9000303A092AF4D90D911F00591C50E60C9BAB
:103CA000B87804CB0237D143C9170A400D920C9360
:103CB000791C45E6102330009843113318438023C4
:103CC00080463000DB0018401E4200D1C0E643466B
:103CD0000693082305930D9B22000493102303935E
:103CE000002302935B4601931AAB00930A99534653
:103CF0000B98FEF7F1FF0C950400FAE50139D4E6C4
:103D000080231B011E433EE720231E4353E7082365
:103D10009C4600230F9308339B4680233000DB0032
:103D200018401E4200D11AE10D233100994380232F
:103D30000A009B001A409146194200D0C3E180233B
:103D40000A005B001A4090460C9A04320F92194206
:103D500000D08FE24B0600D597E10B0600D4E5E2D8
:103D60000C9B1B8899464B46002B00D005E2103374
:103D70009943002800D100E2002398460D9B06914C
:103D800004935B4603930023059502934346D9E0D1
:103D9000582808D0622878D102239C4600230F932C
:103DA00002339B46B9E720231E43103B9C46002369
:103DB0000F9310339B46B0E702231A0032400C9257
:103DC000334200D105E20C934346B9460B9E0A9F4D
:103DD000A8461D1B2200534639000134B047285D18
:103DE0000028F7D145464F469EE680231B011E431F
:103DF00020231E43C7E662460D9242469B1A0F934C
:103E00006AE6C0239B00B8781E43F91CB9E5C023BD
:103E1000B8781E43F91CB4E5012D00D84AE1631EB1
:103E20009946A9444B4652462600A146BA461C0074
:103E30001700A8460B9D32003B00013620200A994E
:103E4000A847A642F7D13B0057469A464C460C9BE2
:103E5000320018780A9953460B9D4444A84767E6F8
:103E6000A0460F9B9D4200D862E62C190B9E45464A
:103E7000B8460A9FE41A2A0053460135390020202B
:103E8000B047A542F7D1474652E680233200DB0017
:103E90001A4090461E4200D1F3E011218E43B446F1
:103EA0009846802362469B001A40934662461A4217
:103EB00059D180235B001A4091460C9A04320F922C
:103EC00062461A4200D0A0E163465B0600D5D4E00A
:103ED00063461B0600D412E20C9B00229B5ED8179F
:103EE0001918414089B2DA0F0C92002B00D187E1FA
:103EF00088461F2612ABBB461495F71845464E461A
:103F0000E046A14606E028000A21FDF7DDFF050096
:103F1000202E08D00A212800FDF7D6FF01363031C7
:103F2000B955092DEFD84C46C446B1465F46149D9D
:103F3000634606930D9B059504930A2303930C9BFC
:103F400002934B4601931AAB220000930A99534601
:103F50000B98FEF7C1FE0F9B04000C93C9E40C23E1
:103F600031009943E3E60822072191460C9B073371
:103F70008B4399444A460ACB08000C92DA0F9346C9
:103F8000184300D085E0002399464346002B2FD1EB
:103F9000002200231092119300231F26994612AB92
:103FA000F6185B461495BB46E04637000F934E4625
:103FB000A146109C119D05E02D2C001004000D0061
:103FC000202E0CD00A22002320002900FDF7BAFF82
:103FD00001363032BA55002DF0D1092CEED80F9BA6
:103FE000109411955F464C46C446B1469B46149DBD
:103FF000634606930D9B059504930A2303935B4642
:1040000002934B4601931AAB220000930A99534640
:104010000B98FEF761FE04006BE40F9B9D4200D8F5
:1040200096E18023DB000C930F9B2E19F61A434672
:104030000F930D9BA84699465346BA461F000B9D09
:1040400022003B00013420200A99A847B442F7D14E
:104050000F9B454698464B460D933B0057469A4664
:1040600043461878002800D162E56B1C0F930C9B27
:10407000002B00D1A8E600233DE50C9B1B7819001E
:1040800031E710239E43B4460BE70C9B1B789946FF
:1040900069E6DA17129213924A4010921298139915
:1040A0000A005A401192109A119B121A8B411092D9
:1040B000119371E70C9B220018780A9953460B9CC8
:1040C000A047444634E50822072690460C9B073358
:1040D000B343984442460C921A685B681492089362
:1040E0001300089A134305D11033994300239846CF
:1040F000002838D161208B0600D5412000231F26DF
:1041000098465A4612ABF618030018920F9A0A3BCB
:10411000B1461695179419974446664690469B46B5
:10412000149F089D159103E007000D00202C13D06B
:104130003200002338002900FDF704FF5B46D2B2AD
:10414000D318092A01D8130030334A4601341355D5
:10415000A845E9D1BE42E7D9189BA0469B461599D0
:10416000169D179C199F0D9B069104935B46039324
:10417000002305950293434644E761208B0600D552
:1041800041201F2612ABF21803000A3B0C934B464A
:104190004646A146A8461C005D461491BB46170042
:1041A00002E00400202E0DD029002000FDF78CFE37
:1041B0000C9BCB18092901D80B0030330136BB55B5
:1041C000AC42EED25F464C46AB4614994546B046EB
:1041D000D4E50F9B9D4200D926E701330F93F3E509
:1041E000102332009A439446692800D0A2E080232D
:1041F0003200DB001A4090461E4200D151E64CE6E8
:104200004346002B00D093E673E60C9B1B68DA0F45
:10421000002B70D0D9175B184B4098461F2612AB65
:10422000F618A14614955C464546BB46E046370065
:104230000C9206E028000A21FDF746FE0500202C1E
:1042400008D00A212800FDF73FFE013430313955EE
:10425000092DEFD85F46C446A3464C46149D0C9AE0
:10426000634606930D9B059504930A2302920393DC
:104270005B4667E60C9B1B689846002B03D1103306
:10428000994300282DD161208B0600D541201F269F
:1042900012ABF61803000A3B4A460C9314914346AE
:1042A0003100A846A1465E461400BB461D000F0023
:1042B00002E00500202C0DD031002800FDF704FE9F
:1042C0000C9BCB18092901D80B00303301343B5526
:1042D000B542EED223005F464C464546B34699466A
:1042E00014990D9B069104935B4603930023059557
:1042F00002934B4626E64346002BB1D18EE70C9B3A
:104300001B68D81719184140EDE580233200DB0007
:104310001A400F921E420FD00230020032400F921C
:10432000304219D00023A0460F939AE50C9B1B68DE
:10433000994618E516009BE402231A0032400C92BD
:10434000334200D08CE5002D00D06DE6FFF7F0FB86
:1043500001330F93FFF7D0FB0C93F4E700B585B062
:104360000391012102900093034813004A4202A9DD
:10437000FFF798FA05B000BDC12E001010B5094A2C
:104380000300146884B0002C08D001220091064874
:10439000524203A9A047012004B010BD00F0E6F985
:1043A0000020F9E794230020B12E001000BEFDE7A5
:1043B0007047C046094A1368002B06D008491818F0
:1043C000884208D8106018007047064B0449181836
:1043D00013608842F6D901235B42F4E7901F002066
:1043E000000004201024002010B5FFF7DFFFC046B6
:1043F00070B5FDF71DFC074D074EB54209D20024EC
:10440000013E761BB608013608CD01349847B44208
:10441000FAD170BD6475001068750010030010B506
:10442000080011001B68984710BDC046F8B5437DD1
:1044300007000D001600002B38D0002A1ADD0B787B
:104440000A2B18D00020012E09D0012421006B5C1A
:1044500001340A2B1AD0B442F8D1864203DD311A56
:104460003B6828189847AD19013D2B780D3B5A42FF
:1044700053413B75F8BD037D002BE3D102210E486B
:104480003B689847012EEED00120DEE76B1E5B5C97
:104490000D2BE0D0884203DA091A3B6828189847A8
:1044A000054802213B6898472000D4E703681100C3
:1044B00028009847DEE7C046487F0010F8B50B6833
:1044C0000D005A1CCB180A601871802A00D0F8BD64
:1044D0000E4B1C68002C15D00D4E0F1D02E02469F8
:1044E000002C0FD02368002BF9D03368002B01D0AB
:1044F000A342F4D1200039002A68FFF797FF24690E
:10450000002CEFD100232B60E1E7C046801F002084
:104510008C1F0020F0B54646D6464F46C0B582B047
:1045200090461C0006000D00FDF748F900232F4AB5
:1045300012184B41002B02DA01222D4B52422D4919
:1045400008008A4602F0B0FF81466B1C03D13000A0
:1045500002F018FE0500002C27D0274F274B1C68BF
:10456000002C18D04346002B21D1254B984602E061
:104570002469002C0FD02368002BF9D043461B6818
:10458000002B01D09C42F3D120002A003100B84713
:104590002469002CEFD14B46002B23D1280002B018
:1045A000E0BCBA46B146A846F0BD164FD6E7144B5C
:1045B000984602E02469002CEDD02368002BF9D046
:1045C00043461B68002B01D0A342F3D12A003100DF
:1045D0002000B8476B460A222000DA71D91D093A3B
:1045E000B847E7E7504602F057FFD7E740420F00D1
:1045F000FFFFFF7F501600202D440010801F002079
:104600008C1F00201D4400100A4A1368002B05D19E
:104610000CE01A001B691032002B07D08342F8D13E
:10462000002902D118691060196170470029FCD077
:104630001060FAE7801F002010B500F0B3FA10BD3B
:10464000F0B5CE464746040080B583B0FDF7B6F816
:104650002600002736184F41002F02DA01261A4F94
:1046600076421A4B1A4D994601AB98464B461C6848
:10467000002C03D116E02469002C13D02B68002BEA
:1046800001D09C42F7D1A368002BF4D00121404611
:1046900098470028EFDD4346187803B0C0BCB94600
:1046A000B046F0BD0B4B5A6A974207D89B6AB3429B
:1046B00002D302204042F0E79742FAD101200021C4
:1046C000FDF786F8D2E7C046FFFFFF7F801F00207E
:1046D0008C1F002000400540F0B5CE46474680B50F
:1046E00083B06B460600DD1D2870FDF767F80023D8
:1046F000194A12184B41002B02DA0122174B524281
:1047000017490800894602F0CFFE164B80461C6808
:10471000002C14D0144F02E02469002C0FD0236821
:10472000002BF9D03B68002B01D09C42F4D1200033
:1047300001222900FFF77AFE2469002CEFD14346BD
:10474000002B05D1300003B0C0BCB946B046F0BD67
:10475000484602F0A1FEF5E740420F00FFFFFF7F51
:1047600050160020801F00208C1F002070B5040010
:1047700002F008FD01230100050001222000FFF7DF
:10478000C9FE084B1C68002C06D06368002B05D0BE
:1047900098472469002CF8D1280070BD2469002CAA
:1047A000F3D1F9E7801F0020F0B5CE46474680B52B
:1047B000A3B004000E00FDF701F80023264A1218EA
:1047C0004B41002B02DA0122244B5242244802F0D2
:1047D0006BFE00232200019380463300214801A98B
:1047E000FFF7BCFD204F019B81463C68002B19D090
:1047F000002C2FD01D4E02E02469002C0FD023681E
:10480000002BF9D03368002B01D0A342F4D1200053
:10481000019A02A9FFF70AFE2469002CEFD10023B8
:104820003C680193002C06D06368002B0CD098479D
:104830002469002CF8D14346002B07D1484623B009
:10484000C0BCB946B046F0BD2469EBE7044802F0AD
:1048500023FEF3E70194EEE740420F00FFFFFF7FE6
:1048600050160020BD440010801F00208C1F002027
:104870000FB400B583B004A901C90191FFF794FFFB
:1048800003B008BC04B01847024B1860024B196013
:104890007047C046201F0020241F002010B5024B87
:1048A0001878FCF7F3F910BD0C240020154B70B5F7
:1048B0001A68002A22D0EFF3108172B6106800281F
:1048C000FCD0BFF35F8F00200F4A596010701B6847
:1048D000BFF35F8F186081F31088002400250B4E12
:1048E0003078FCF7C7F9002804D1002400252900FE
:1048F000200070BD3078FCF7C9F9F8E7FA240025EC
:10490000A400ECE7C42300200D2400200C24002088
:1049100070B5050000200E0001F078FB002834D0AF
:10492000002001F089FB00282FD0FCF747FF00236F
:10493000174A12184B41002B16DB164C200002F0D0
:10494000B3FD002821D0002001F060FB00280FD12A
:1049500001200021404200F089FD03256D42200026
:1049600002F09AFD280070BD01220B4B5242E4E791
:10497000002001F061FB0028EAD02900320000206D
:1049800001F064FB051EEAD1E7E703256D42E9E784
:1049900040420F00EC230020FFFFFF7F10B5FCF723
:1049A0000DFF00230D4A12184B41002B02DA0122A1
:1049B0000B4B52420B4802F077FD00280CD001202F
:1049C0000021404200F052FD002001F083FB00284E
:1049D000F5D1044802F060FD10BDC04640420F0012
:1049E000FFFFFF7FEC230020F8B5CE46474680B599
:1049F00005000C00FCF7E2FE0023344A12184B417C
:104A0000002B02DA0122324B52423249080088461A
:104A100002F04AFD002803D1C0BCB946B046F8BD3B
:104A2000002001F0F3FA002848D00026002C41DDD8
:104A3000294B994613E0A919002001F087FB0700D4
:104A400001200021404200F011FD002001F042FB56
:104A5000FCF7B4FE204BF61903C3B4422ADD002054
:104A600001F094FBA71B0200B84200DD3A00002AC7
:104A7000E1D101200021404200F0F8FC002001F0CB
:104A800029FB002001F0C2FA002813D0002001F019
:104A90007DFB0028E1D1FCF791FE4B460F000CCBCB
:104AA000002184460D4812184B419F4202D8D4D1B0
:104AB0009445D2D9404602F0EFFCADE7002000213A
:104AC000054B03C3404602F0E7FCA5E740420F0058
:104AD000FFFFFF7FEC230020A018002020A107008B
:104AE00030B5002185B0284802F0CEFC00281CD14A
:104AF000264B1A68002A16D0EFF3108172B61068A0
:104B00000028FCD0BFF35F8F012421485960027850
:104B10001B68D2B20470BFF35F8F0020186081F36E
:104B20001088002A17D005B030BD01200021404276
:104B300000F09CFC002001F07FFA0500124802F012
:104B4000ABFC002DEFD0134B1B68002BEBD0124AAF
:104B500010689847E7E7FCF785FC0400FCF72EFE99
:104B6000FA220023920012184B41002B02DA012294
:104B70000A4B524201210291002101910849200073
:104B80000091FCF773FCCEE7EC230020C423002047
:104B90000D240020201F0020241F0020FFFFFF7F86
:104BA000AD480010D02310B51B0684B01C68FCF77C
:104BB00059FCFCF759FDA04202D0002004B010BD02
:104BC000284B002100201B7801F0A6FC2648036832
:104BD000002B44D00120FCF7DDF9FF23234C2449AE
:104BE00020701840FCF76AF820780121FCF730F8B3
:104BF0000520FCF753F8002824D1082200211D4885
:104C0000FEF708F8FCF72EFC0400FCF7D7FDFA22AB
:104C10000023920012184B41002B02DA0122164B9E
:104C2000524201210291002101911449200000917A
:104C3000FCF71CFC0028C0DB11480121FFF7E4FC55
:104C40000120BBE70120FBF7C1FF01000948FCF789
:104C500001FA002205200B49FCF75AF8ECE7FCF7B3
:104C6000DDF9B7E7A8810010EC2300200C24002018
:104C7000E14A0010C4230020FFFFFF7FAD48001071
:104C8000001000209D48001000487047C47F0010AD
:104C900000487047707F001010B504001648037874
:104CA000002B20D0002C06D1144B15484380063B26
:104CB000FF3B038010BD052C1CD8124BA400E45808
:104CC0000F480123811C013C04E001330A800231BA
:104CD000142B0CD0E25C002AF7D1C022DBB25B00BF
:104CE00092001343E5E7112100F016F8DAE7CA2332
:104CF0009B00DEE70020DDE7F4230020090400002C
:104D0000581F0020587F001010B5024800F0F4F83A
:104D100010BDC046DC23002030B5012900D1BBE026
:104D2000744B01391A78121114003034092A00DD4D
:104D3000B5E00470012900D1DAE00F221C7822408E
:104D400014003034092A00D9ACE04470022900D1A3
:104D5000CEE05A789446121114003034092A00DD4E
:104D6000A3E08470032900D1C2E064460F222240F0
:104D700014003034092A00D99AE0C470042900D103
:104D8000B6E09A789446121114003034092A00DDF6
:104D900091E00471052900D1AAE064460F22224067
:104DA00014003034092A00D988E04471062900D162
:104DB0009EE03025AC46DC7822119444092A00DDBF
:104DC0007FE062468271072900D191E00F222240E4
:104DD00014003034092A00D977E0C471082900D1C1
:104DE00086E03025AC461C7922119444092A00DD66
:104DF0006EE062460272092900D179E00F2222405A
:104E000014003034092A67D844720A2900D16FE0AF
:104E10003025AC465C7922119444092A5FDC624655
:104E200082720B2964D00F22224014003034092AE8
:104E300059D8C4720C295BD03025AC469C7922111C
:104E40009444092A02DD0735AC4694446246027355
:104E50000D294DD00F22224014003034092A01D9E7
:104E60003732140044730E2942D0DA7913111C0032
:104E70003034092B01DD37331C0084730F2937D000
:104E80000F2313401A003732092B01D830331A0090
:104E9000C27310292CD010300023037030BD37327C
:104EA000140046E7373214004FE73732140058E752
:104EB0003732140061E7373214006AE737321400E2
:104EC00073E70735AC4694447BE73732140084E738
:104ED0000735AC4694448CE73732140094E7073525
:104EE000AC4694449BE737321400C4720C29A3D11A
:104EF0004018D1E7DC23002010B588B004000D2253
:104F000000216846FDF786FE0D22002104A8FDF76A
:104F100081FE6A464B236846137004A900230D22C4
:104F200002F0A2FA1521082220006944FDF778FE5C
:104F300008B010BD7047C0460022014B1A70704780
:104F40000A2400204B790020FF2B0BD18B79002BFA
:104F500008D1CB79012B05D1082A03D9024B8A78D5
:104F600009301A707047C0460A240020012070479B
:104F700010B5012913D115495379107909781B020D
:104F800003430020994200D010BD5378012B08D074
:104F9000022BF9D1642200210020FCF793FD0120AF
:104FA000F2E7D17893780902194380230A005B0065
:104FB0001A40194206D00A06D20F480A03231940A4
:104FC000FCF708FE01204042F8E7C0460A24002012
:104FD00000487047808000109446012310B50129D5
:104FE0000AD152780023012A06D1624611795279FA
:104FF00012020A43072A01D0180010BDA6336146E9
:10500000024A00F0EBFE0300F6E7C046D87F00102E
:105010000123037000487047A48000104B780A7881
:105020001B0213438A7810B512041A43CB781B066F
:1050300013439622D200934200D010BD00220120DB
:1050400011004042FCF7C6FDF8B500F03BF90C2317
:10505000194DFF22AB6705201849FBF759FE184C84
:10506000402200212000FDF7D5FD40270023012626
:105070002121144A66702783A260136063545F3154
:10508000618445396354104A10496360E2602787A0
:10509000A1620B606362E26202F03EFA80239B052C
:1050A0002E64EB6490230A4A0120EA508022094BC7
:1050B0005202DA64F8BDC04600001150C10400205D
:1050C000941F0020840010500001105080001050E8
:1050D00010D001000020115010B501210520FBF770
:1050E000B7FD10BD10B500220021024800F00AF9FA
:1050F00010BDC046B41F0020044B1970002904D015
:1051000080219023024A8902D15070470624002052
:10511000002011500B785B0600D070474B78052BB0
:10512000FBD18A78014B1A60F7E7C04600001150A6
:10513000F8B5CE464746CB7880B59B079A0F10004E
:10514000012A58D08C780A794B797F211B022140A3
:10515000E50913434A0091462C4E52195201B218E8
:10516000947001246C40547000245B055B0DD47076
:105170001383D076CA00012D2CD0254FD2198F0170
:10518000BC46B4446746BA60146000292CD0214A5A
:10519000C900891879603F339B09022832D09A01EF
:1051A0004B461D4C5B1921685B01F6181B4B8A1896
:1051B000F16022609A4227D8194A83064A40134375
:1051C000802212061343726813600120C0BCB946E6
:1051D000B046F8BD134FD2198F01BC46B4446746A0
:1051E000BA621460002908D100236D0175196B6043
:1051F0000D4BEB60E9E70020E8E7094AC900891890
:105200007962C8E7DA01CBE7FCF70CFD941F0020B8
:105210008400105004001050C0230020FF0F1050D5
:1052200000001050800010500001105010B502F026
:1052300073F910BD7F2010B508404000C90940181F
:105240001100044A400180181A0000F05BF80120A8
:1052500010BDC046941F00207F23180000B50840F1
:1052600083B00B4204D14B424B41084A0133936651
:105270008022C9094000064B401840010021C01897
:10528000120102F029F903B000BDC0460020115000
:10529000941F00207F22130010B50B400A4200D15A
:1052A00010BDC9095B005B1804485B01C0180023EE
:1052B00000220349C37002F00FF9F1E7941F0020A8
:1052C000FFF7FFFF80220A4B520410B51A60094B0A
:1052D00009491A6010000B689843FBD18022002115
:1052E00052010648FDF796FC0922054B5A6710BD8E
:1052F00000E0004000F0004008C0004000001050F6
:1053000000001150002310B5C382013382828376DE
:105310000161040002F0D0F8002804D0802190231D
:10532000074A8902D150200002F0A6F8002802D0D6
:105330000123237710BD200002F0C6F8FAE7C0462B
:10534000002011507047C0467047C046002070478B
:10535000002070477047C0467047C0467047C0463F
:105360007047C046024B5878431E9841C0B2704700
:10537000001D0020024B18784007C00F7047C04640
:10538000001D0020F0B5D6464F464646C0B52C4B12
:10539000814698461B788A46FF2B4BD100293BD08B
:1053A000002154222748FDF735FC0022264C274BCC
:1053B00020001A70FBF732FE254B1C60254C2000A4
:1053C000143CFBF739FE200001F098FB224B234DE3
:1053D0001C60234B002B04D02800FFF719FE214B43
:1053E000186000242B78204F1E4E0DE033686201B8
:1053F0009B18002B10D05B68002B0DD09847013410
:105400002B78E4B2A34209D3A342EFD8E31A5B019D
:10541000DB195B68002BF1D100200CE042464B46C3
:10542000514648461370FFF70FFE0028F4D0484657
:10543000FFF752FE0120E0BCBA46B146A846F0BDD7
:1054400034100020001D0020F81C0020072400203C
:10545000541D00202C100020581D00200524002081
:1054600011500010181C00206C810010F0B5DE46B1
:1054700057464E464546E0B5C84B91B003931B785E
:10548000FF2B00D142E1C64BC64E1F00C64B0DACF0
:105490000293C64B019335686A69EFF3108172B6C7
:1054A0001368002BFCD0BFF35F8FA9612800210097
:1054B00001F05AF96A69AB69BFF35F8F002111608F
:1054C00083F31088002800D120E16378082BE2D80C
:1054D0009B00FB589F466368002BDCD0A068984770
:1054E000D9E77F222179B04D0A405300EB18984646
:1054F000C809804440460123303005799D43057139
:10550000057903339D430571002A00D105E1434627
:10551000A74A1B7D1278934200D3F5E0A54A5B01B0
:105520001568ED18002D00D1F0E0A36862792078AD
:10553000AD69A847AFE7A04B1A78002A00D1E5E093
:105540001A78013A1A701B78002BA4D10122964DCB
:1055500001212B78042013432B703423EA5C8A4307
:10556000EA54EA5C8243EA540133EA5C8A43EA542F
:10557000EA5C8243EA54237800209B4600F088FCD2
:10558000602223791A40602A00D1F1E0402A00D13C
:10559000F7E0DB06DB0E012B00D115E1022B00D179
:1055A000CAE0002B00D0E3E0202A00D111E2002A5B
:1055B00000D0DDE06379092B00D9D9E07F4A9B0058
:1055C000D3589F46784D2B78DB0700D463E7FFF76D
:1055D000C7FE60E7029BDB78DB0700D45BE760680F
:1055E000FFF7B2FE57E7704D2B78DB0700D452E788
:1055F00028780007C00FFFF7B1FE4CE723786B4A0D
:10560000994693466A4B6B4A984692463A00002563
:1056100047461B78B0464E4691460EE053461B68FF
:105620006A019B18002B00D17DE0DB6830009847B1
:1056300001353B78EDB2AB420CD3AB42EED8EB1A5E
:105640005B015B44DB683000984701353B78EDB285
:10565000AB42F2D2544D542200212800FDF7DAFA71
:105660001022FF21281DFDF7D5FA28002022FF2156
:10567000143046464F46FDF7CDFA00F0FFFB237984
:10568000AB7008E723784B4A9946494B92469846B7
:105690003200BB464E460025474691461B780DE03A
:1056A00053461B686A019B18002B40D0DB68300012
:1056B000984701353B78EDB2AB420DD39D42EFD315
:1056C000019AEB1A5B01D318DB683000984701356B
:1056D0003B78EDB2AB42F1D2029D5422002128006A
:1056E000FDF798FA1022FF213548FDF793FA2800BC
:1056F0002022FF2114304E465F46FDF78BFA00F062
:10570000BDFBFFF729FEC6E6934213D011B0F0BCF3
:10571000BB46B246A946A046F0BDA3686279207890
:1057200000F0CAFBB7E646464F461F4DA5E74E467A
:105730005F46E4E71D4DF8E67023217A0B4217D14E
:10574000C80982460F330B405B0098461848EB1897
:1057500053441B7D0078834264D216485B01006885
:1057600081469944002A00D155E14B46002B61D176
:1057700020780021FFF770FD80212078FFF76CFD75
:1057800089E6104800F084FB012158460EAAFFF775
:1057900023FC002800D07EE6EAE7C0463410002053
:1057A000C4800010581D0020001D00206C810010D6
:1057B00005240020181C002007240020E880001089
:1057C000041D0020D94F0010237A22890F2BCFD837
:1057D000FF231340D14AEB181B791278934234D33C
:1057E000C6D1CF4D686900F053FB012158466B6963
:1057F0000EAA9847002800D04DE6602215002379B4
:105800001D401A42B4D163790A3B012BB0D800F095
:105810003FFB63790A2B00D18AE158460EA900F0BC
:10582000C7FA38E6834200D0F0E0BD4B9946002A23
:1058300000D1F0E04B46586900F02AFB4B460121AD
:1058400058465B690EAA9847A3E7B64A5B011568FC
:10585000ED18002DC6D18BE7A37999466B78994551
:10586000DBD06B78002B00D02CE14B466B70002B0B
:1058700000D124E148460138C0B2FFF709FA0028F8
:1058800000D174E143780793022B00D06FE101222D
:10589000C179B1468B11491113400A4030211201E0
:1058A0005B0113432A78A8468A4313432B700923CC
:1058B0009A4682445646BA46C37882781B021343FE
:1058C000C3180593954B0493954B0893954B0993F7
:1058D000954B0A93059BB34200D84BE173780122A4
:1058E0000B2B03D13378F278F6187378042B00D0A1
:1058F0003AE1059B00279B1B9BB20693049B0B92EE
:105900001D7819E0099A7B011568ED18002D00D16A
:105910002AE1310058462B69069A984784460828A0
:1059200003D9069A824200D30BE1049B01371D780C
:10593000FFB2BD4200D217E1BD42E3D8089B7D1BF8
:105940006D015D19E5E76B780CAA023213705846B9
:1059500001230EA900F042FA9DE5E088030AC0B2D7
:105960000F2B00D904E771499A008A5897460EA870
:1059700000F094FA5846A179FFF7B4FB02222B7885
:1059800013432B7087E5E388012B00D0F0E6082253
:105990002B78584693430EA92B7000F009FA7AE54C
:1059A000022029780CAB9A1C8B068908DB0F01407A
:1059B0000B431380584602230EA900F00FFA6AE544
:1059C000E388012B00D0D3E608222B7813432B70F9
:1059D00023E7237A22890F2B00D9C9E6FF2313403E
:1059E0004E4AEB181B791278934228D24D4A5B013C
:1059F0001568ED18002D00D1BAE6686900F048FA84
:105A0000012158466B690EAA9847C2E6002A00D0C9
:105A1000AEE6002399466279022013000492834384
:105A2000012B11D0002A00D0A2E62B00434453449E
:105A300030331B790CAA9B07DB0F0232B9E7934284
:105A400000D095E6364DD8E7E388002B12D1039BB2
:105A50001878049B012B23D0FFF7FEFB434602215D
:105A6000EB18534430331A790A4301211A711A7919
:105A70000A431A714B46002B00D10CE5586900F01F
:105A800007FA4B4601215B690EAA58469847002049
:105A900000F0FEF93523EB5CDB0700D5FBE4BCE648
:105AA000FFF7F8FB43460221EB18534430331A79D1
:105AB0008A431A711A7904998A431A71DAE7FFF74F
:105AC0004BFCAAE600215846FFF716FB5846FFF7A5
:105AD000ADFB00229246124AAB780592114A04931C
:105AE00006922A000D4B5546984692461B780EE0CA
:105AF000069B6A011B689B18002B54D0DB68584634
:105B00009847434601351B78EDB2AB4237D3AB42E1
:105B1000EED8059AEB1A5B01D318EFE705240020B5
:105B20006C810010181C0020141D00201081001032
:105B30000CAB9A1C584601230EA9157000F04EF9C3
:105B4000A9E40B9A012A4CD0002A3CD00023B0785B
:105B500004E00133DBB20F71934234D2C118C9B2F1
:105B600041440D79FF2DF4D04E464546574600235B
:105B70006B70FDE54E465746FFF7ECFB4DE655468C
:105B8000542200212800FDF745F81022FF21281D8E
:105B9000FDF740F828002022FF211430FDF73AF8E5
:105BA000049BAB7061E65546FAE7FFF711FA021E57
:105BB00000D1DDE5D37891781B020B4358460EA93E
:105BC00000F00CF9E5E565463B0031002A000A9833
:105BD00000F046FD049B76191B78BB4200D379E6A2
:105BE000C2E7174B29699942B0D1079AAEE7FFF790
:105BF000ADFB021E00D1BBE5584613780EA900F09C
:105C0000EDF8C6E52189FFF747F8021EF4D1AFE5AC
:105C1000022B0FD0FFF79CFB021ECBD1A8E5FFF7AC
:105C200033F8021E00D1A3E5122358460EA900F056
:105C3000D5F8AEE5FFF72CF8021EBBD198E5C046BB
:105C400089620010F0B54F464646D646C0B50C00F6
:105C500016001F0082B0002A3AD0702398461D4BD0
:105C6000002599461C4B9A461AE04B461B782000AB
:105C700001935346997800F0B9FC00281CD021000C
:105C80000198FFF755FA002816D0A378DA09012AFF
:105C900019D00A9A01351370B54219DA2378E4183D
:105CA0006378052B08D1E3789B079B0FBB4203D198
:105CB0004246A3781A42D8D0002002B0E0BCBA46CF
:105CC000B146A846F0BD0B9A01351370B542E5DB2D
:105CD0000120F2E734100020001D0020702270B572
:105CE0008B780C001A4201D0002070BD064B2000BA
:105CF0001D78064B997800F079FC0028F4D021003B
:105D00002800FFF715FAF0E734100020001D0020EE
:105D10007F20074B10B51A680840CB093433400088
:105D2000C018044B1100C01800F01CFC10BDC04688
:105D3000541D0020001D00207F20074B10B51A685D
:105D40000840CB0934334000C018044B1100C01880
:105D500000F030FC10BDC046541D0020001D002086
:105D600070B57F24C80984460C400F4864000419AC
:105D7000644430342079C00701D5002070BD0B4841
:105D80000125007884462079284320716046FFF77A
:105D900051FA0028F2D10122237993432371237908
:105DA000033293432371E8E7001D002034100020E4
:105DB00070B5094C0600082220000D00FCF730FFEA
:105DC00000238021E360A3602B78300099430022F8
:105DD0000023FFF7C5FF70BDE01C0020F0B5C646EC
:105DE000244C170080460822200000B50D001E003C
:105DF000FCF716FF0023A760E381EB79AA791B0269
:105E000013431A1CB34200D9321C96B2A281002B54
:105E10000CD0002E15D0002F2AD0402E1AD823786F
:105E200096B27F2B1BD80021134A0EE080212B78DD
:105E30000022994340460023FFF792FF80BCB846FA
:105E4000F0BD7F2300222178994333004046FFF7BD
:105E500087FFF3E74022237896B27F2BE3D9064CE5
:105E6000320039002000FCF7DBFE80212200ECE745
:105E70000020E3E7E01C0020A01C002010B5142245
:105E800000210248FCF7C6FE10BDC046E01C002001
:105E9000014B18617047C046E01C002010B5054C4E
:105EA000010008222000FCF7BBFE0023A360E36092
:105EB00010BDC046E01C002070B5374C1D00237893
:105EC0000600DA09C9098A4210D00020002D00D04E
:105ED00070BD21003000FFF71DF92369002B03D0AE
:105EE00022000321300098470120F1E77F2B06D8DC
:105EF000A0680028ECD02A002849FCF791FEE2892E
:105F0000A1685219E38892B24919E281A1609342D3
:105F100014D03F2D12D9A389981A051C80B24028AD
:105F200028D82078ADB27F2826D800219A4230D0D8
:105F30001A4A2B003000FFF713FFC9E72369002B33
:105F400005D02200022130009847002808D0802187
:105F500023780022994330000023FFF701FFB7E7C1
:105F600000213000FFF778F930008021FFF774F945
:105F70000120ADE74025D4E79A4207D0074C2A001C
:105F80002000FCF74DFE80212200D2E78021002274
:105F9000CFE70022CDE7C046E01C0020A01C002077
:105FA00070B50400FFF7DEF9002800D170BDFFF7DF
:105FB000E1F90028FAD1C8236343124A2500D41816
:105FC000E1780029F2D010339E18300000F0B6FBC3
:105FD0003F28EBD90020E178FFF79AFE0028E5D0B2
:105FE000300000F0ABFBE1783F2807D9064BEA010F
:105FF000D21800204023FFF7B3FED7E70020FFF7B9
:106000009BFED3E7581600201C1C002010B504008E
:10601000FFF7A8F9002801D1002010BDFFF7AAF969
:106020000028F9D1C8226243024B01309B181B792A
:106030001840F2E758160020C82310B54343024821
:10604000181800F05DFB10BD68160020F8B5C823D5
:1060500043431D4D1033EE18802304005B029A4227
:1060600000D31A4A300092B200F0CCFB0700FFF7D1
:1060700079F9002801D13800F8BDFFF77BF9002835
:10608000F9D1C8236343ED18EB78002BF3D030002F
:1060900000F054FB3F28EED90020E978FFF738FEE6
:1060A0000028E8D0300000F049FBE9783F2807D904
:1060B000074BE201D21800204023FFF751FEDAE738
:1060C0000020FFF739FED6E758160020FFFF00003A
:1060D0001C1C0020F8B50400FFF744F9002801D18A
:1060E0000020F8BDFFF746F90028F9D1C8232500A4
:1060F0005D432B00134E2433F718380000F000FBEB
:106100000028EDD075190020A978FFF701FE0028BE
:10611000E6D00D4AE3019C1821004022380000F02F
:1061200071FBA9780300051E07D022000020FFF7AD
:1061300017FE0028D4D02800D3E70020FFF7FCFD8D
:10614000CEE7C046581600205C1C002070B5C8245D
:1061500044430C4B0500E41880235B029A4200D3B1
:10616000094A200092B200F015FC0600200000F061
:10617000C7FA3F2801D8300070BD2800FFF7AAFFFA
:10618000F9E7C0467C160020FFFF0000C82310B5C9
:1061900043430248181800F0D1FA10BD7C160020C5
:1061A000F0B50025184C83B0C82200212000FCF770
:1061B00031FD164B21001D70FF236371E1235B024B
:1061C000A360200008234022A37338310095073BC9
:1061D000103000F05FFA2700012321002000260084
:1061E000402278310093B837243000F053FAC0369B
:1061F0003800FAF713FF3000FAF710FFE561276265
:106200002663656303B0F0BD581600209C1C002077
:106210000A4B196B1A6A00290CD0002A07D00022F9
:10622000DA615A631A6300221A62012070475A63C6
:106230001A63FAE7002AF8D0D961F4E7581600206B
:1062400070B5052200210D48FCF7E4FC0C4D2B78BD
:10625000DA0707D50B4C9B070CD50121200000F075
:106260006DFC70BD0548103000F048FC2B78054CE3
:106270009B07F2D4200000F041FCEEE75816002006
:106280009C1C00207C160020F0B54B79070083B0E1
:10629000022B02D18B79022B03D00024200003B003
:1062A000F0BD214B1E009B78002BF6D18B78092482
:1062B00033700D784D196B78242B07D00CE02B78B8
:1062C000ED181C196B78A4B2242B05D1A242F6D28A
:1062D0000020FFF765FEE1E71A00052B15D0042A20
:1062E000F6D16B790A2BF3D1104B2E780193013341
:1062F000009338000223A919023AFFF7A3FC0028F3
:10630000CBD00E34A419A4B2E2E729003800FFF77D
:10631000E5FC0028C1D0AB7873702B781C19ED1800
:106320006A78A4B2DBE7C046581600205A1600204F
:1063300060238C461100127870B513400022202B88
:1063400008D1324C4B7926000D7924781B022B435F
:106350009C4201D0100070BD4B78222B1CD008D875
:10636000202B39D0212BF5D16346012B43D00122BC
:10637000F0E7232BEED16346012B42D0032BF6D15D
:10638000234B002BF3D08B78C978002009021943E6
:1063900000E000BF0122DDE76346012B31D0032B73
:1063A000E5D10125CB788A781B0213431C001D40E0
:1063B00033000121243318006940347100F0BEFB22
:1063C000144B002BD3D0012362081A40290000206F
:1063D00000E000BF0122BDE76346012B0BD0032B79
:1063E000C5D10D4B002BC2D0310000200831FEF783
:1063F00015FE0122AEE7094A0723FFF7EFFC012251
:10640000A8E7FFF7D5FC0122A4E7C04658160020F4
:1064100000000000000000001D5000106016002069
:10642000F8B54746CE4680B5344C1F00E378804629
:106430000D008B423BD0A37800208B4211D0C0BC12
:10644000B946B046F8BD2E4B002B04D02D4800F0C5
:106450006DF900284FD00020FFF7A2FDA378AB42D2
:106460000AD1294B002B02D0002000E000BF002001
:10647000FFF730FE002801D00120E0E7234C200088
:1064800000F03EF90028F7D1002FF5D0BB06F3D17C
:10649000243C4046A178FFF73BFC0028ECD00023C9
:1064A00000224046A178FFF75BFC0120C7E7184EA9
:1064B00014483100BAB200F06DFA164B002BC2D06E
:1064C0006379FF2BBFD0002FBDD0BC46B444E1465A
:1064D00003E001364E45B6D0637932789A42F8D15E
:1064E000084800F023F90028F3D1064B103B5979F6
:1064F00000E000BFEDE700E000BFACE75816002069
:106500000000000068160020000000007C1600203B
:106510001C1C00200000000000B5030083B000290F
:1065200010D00020012B07D80A78002A04D00C488C
:10653000C2540120012A01D003B000BD1800FEF7AB
:1065400021FFF9E701236A46002001A99380FEF7A5
:1065500019FF0028F0D00122014B1A70ECE7C04669
:10656000F41C002070B5040023780800DB070E003F
:10657000DD0F002B16D123785B0701D5280070BDF5
:106580000121494200F0B0FF2378DB07DD0F002B2B
:106590000AD123785B0708D404222378012513430A
:1065A000237002E00025E9E70025300000F074FFC9
:1065B000E4E7C04670B50D000121040049422800FF
:1065C00000F092FF23785B07DE0F002B04DB28002E
:1065D00000F062FF300070BD2378DB0704D4042292
:1065E000237893432370F2E70026F0E7437902799A
:1065F0001B021343C2785B0592075B0D920F022AC0
:106600001AD0032A0BD00020012A07D102394A42AE
:106610005141104A891899424041C0B2704702392D
:106620004A1E91410C4A4942114080220020D2006A
:10663000891899424041F1E7022904D00020402204
:106640009A424041EAE7054A981843425841C0B28D
:10665000E4E7C046FF03000040FCFFFF00FEFFFF31
:106660008446881830B51C00814206D24A78052A33
:1066700004D00A7889188842F8D830BD7F228B78F8
:106680001A4052006244DB09D4540A7889188842BF
:10669000ECD8F2E7F0B5C64600B598466B461E7ECC
:1066A000802304000F0015001B029A4226D8C06800
:1066B000002803D00121494200F016FF206900287C
:1066C00003D00121494200F00FFF42465204F30378
:1066D000520C1343E3800023E06863812760A580A8
:1066E0002381002801D000F0D7FE2069002801D0C6
:1066F00000F0D2FE012080BCB846F0BD0020FAE7D1
:10670000038941899C4682889BB288B28C4507D315
:106710001B1A9BB2101C9A4200D9181C80B27047F9
:106720005100091A5B189BB2F4E7C04603894089FF
:10673000181A43425841C0B27047C0460389418984
:106740009C4682889BB288B28C4507D31B1A9BB2A9
:1067500000209A4201D9D21A90B270475100091A0A
:106760005B189BB2F4E7C04670B5040000690D00E9
:10677000002803D00121494200F0B6FE2389628936
:106780009C4698B291B2A388944532D3421A92B2F1
:10679000002A27D0934208D298422FD3C01A81B240
:1067A00061818B4203D8C91A89B28B42FBD9E28836
:1067B00023685204520C514328005918FCF730FA50
:1067C000618901254A1C92B2A38891420DD9002209
:1067D0005B00D21A20696281002801D000F05CFEC3
:1067E000280070BD0025628992B25B009A42F1DBFD
:1067F000EFE75A00521A821892B2C9E7C01881B264
:106800006181CEE7F0B54646D6464F46C0B5060094
:1068100000698A46904682B0002803D0012149428F
:1068200000F062FE31897289B5888BB294B29142D0
:1068300055D31F1BBFB2002F4BD0BD4205D2AB4278
:1068400052D25B199CB22F0074814346B8453ED8A2
:106850009FB2A54203D8641BA4B2A542FBD9F2881B
:1068600031685204500C020062432B1B9BB2891802
:10687000019002009F4225D943439BB21A00504623
:106880009946FCF7CDF95046019A7D1B6419544393
:1068900031684844A2B2FCF7C3F97189B588CB19B5
:1068A0009BB26A00994216D99B1A306973810028FD
:1068B00001D000F0F1FD380002B0E0BCBA46B146AC
:1068C000A846F0BD50467A43FCF7AAF9E5E73B1C21
:1068D000BEE773899BB26A009342E6DBE4E76F0090
:1068E0003F1BDF19BFB2A6E75B1B9CB2ABE7C046FC
:1068F000F8B50400C0680F00002803D00121494208
:1069000000F0F2FD258920896189A288ADB283B2A9
:106910008EB2884228D39B1B9BB29A4209D8E67953
:10692000F60906D1E068002801D000F0B5FD30007E
:10693000F8BD2B0095421CD39B1A9BB29342FBD20D
:10694000E28820685204520C53433900C018FCF707
:1069500067F96B1C9BB2A2889D4216D90023520096
:106960009B1A01262381DDE75100891B5B189BB22E
:10697000D3E7E28820685204520C53433900C01810
:10698000FCF74EF90135A288ABB252009342E8DB26
:10699000E6E7C046F0B54E464546DE465746E0B50A
:1069A00089460500160083B0002A6BD0C068002815
:1069B00003D00121494200F097FD2F89EA79BBB24B
:1069C00098466B89AF889BB2D2093DD1984562D277
:1069D0007A00D31A43449BB2BB4261D2FB1A1A1C01
:1069E0009BB2B34200D9321C96B2F31B01934346CB
:1069F000F3189BB29B46EA884446B84503D3E41B90
:106A0000A4B2BC42FBD252043B1B570C3A00624377
:106A100028689BB28018B34256D33A004946724365
:106A2000FCF7FEF8AB885B00D84501D89B4502DB3C
:106A30005A46D31A9B465B4637002B81E8680028EC
:106A400021D000F029FD1EE0BE422BD298454CD348
:106A50004246D21A92B27900F01B921901908A42F2
:106A6000C5DBDA1992B29346921B92B290469342DA
:106A700040D94346591A8BB29846F3189BB29B46AD
:106A8000EA88B9E70027380003B0F0BCBB46B2463D
:106A9000A946A046F0BD4246D31A9BB2BB429DD345
:106AA0000027CBE7002FC9D0CC46EA88F61B51045B
:106AB000490C714398468C44D919002389B2E146A8
:106AC0008B463E00019397E77B439BB21A004946F1
:106AD0009A46FCF7A5F84946019B2868E2187A43D4
:106AE000514492B2FCF79CF89CE77900CA1A4244E0
:106AF00092B2B1E79142BCDDC2E7C04610B50400D6
:106B0000C068002803D00121494200F0EDFC206953
:106B1000002803D00121494200F0E6FC0023E06890
:106B200063812381002801D000F0B6FC2069002891
:106B300001D000F0B1FC012010BDC04670B50400CA
:106B4000C0680D00002803D00121494200F0CCFCB0
:106B50002069002803D00121494200F0C5FC7F21B3
:106B6000E279EB011140E0681943E171002801D09E
:106B700000F092FC2069002801D000F08DFC01207B
:106B800070BDC04610B5034B0100186800F00EF848
:106B900010BDC0464814002010B5034B0100186812
:106BA00000F078FB10BDC04648140020F0B54E46FA
:106BB000DE46574645460C00E0B50B34814685B0AD
:106BC000162C21D8102900D9D0E000F0A1FA102409
:106BD00018230221C94DEB181A005F68083A974242
:106BE00000D172E103227B68B9689343FA68CA60F6
:106BF00091600121FB185A6848460A435A6000F028
:106C00008FFA38000830B5E007239C4300D5ADE08B
:106C1000A14200D9AAE000F07BFAFC235B009C4271
:106C200000D2B9E1610A00D1ABE0042900D980E1CA
:106C300038239C46A1098C44E0463931CB00082218
:106C400052429446AD4DEB189C446346DF68BC4508
:106C500012D00B00032661469C4607E0F868002A24
:106C600000DB2CE1814200D12DE107007B68B343BA
:106C70001A1B0F2AF2DD41462A002F69083297427B
:106C800000D10BE103207B688343181B0F2800DD34
:106C900086E12A616A610028ABDA6A68944680223C
:106CA0009200934200D316E1DA0858090123834089
:106CB000604618438446D3005B199A686860FB609D
:106CC000BA609F60D76001208B10984060455FD804
:106CD000634603420AD103239943634640000431CB
:106CE000034203D1400004310342FBD00323A846F2
:106CF0009C4683460D00E80040440600AA46F3681F
:106D00000BE061465A688A43171B1900DB680F2F96
:106D100000DD1BE1002F00DB2FE19E42F1D1534645
:106D200001339A4608369B07E9D1032205E0036840
:106D30000838013D834200D0E2E12A42F7D14246C1
:106D4000594653688B4353605A46520093469A42C1
:106D50001DD8002A06D11AE05246043292465A46FD
:106D6000520093461342F7D05546C4E70C234A46D7
:106D70001360002005B0F0BCBB46B246A946A04651
:106D8000F0BD80233F22402190469B0057E74546B7
:106D90000322AF687B6893439A46A34202D31B1B2E
:106DA0000F2B7EDC564B08201B6810331E1900F099
:106DB000DBF9544B834601931B68013304D0731EE7
:106DC0001B18424213401E003100484600F0B0F943
:106DD0008046431C00D1FDE05346FB18834200D996
:106DE000F6E0494A11680292891911605A46013A3F
:106DF000834200D139E101980068013000D13FE1C0
:106E00004046C31A5B1802990B60414607230800ED
:106E100018400190194200D1F9E0C4463100013315
:106E20001B1A9C44614403915B4411405B1A1A4055
:106E300011004846E046160000F07AF9431C00D1E4
:106E40003AE1029B1968891919604346C21A012068
:106E500092190243AB605A60AF4213D053460F2BD6
:106E600000D811E107220C3B93437A6802400520C9
:106E70001A437A60FA18506090600F2B00D921E114
:106E800043465A68214B1868884200D21960204B4B
:106E90001868884200D2196047469DE06B689C469E
:106EA00011E701222100134311433C197960484640
:106EB000AC60636000F034F9380008305AE7BA6813
:106EC000D060826095E66146D6E6DF680231BB425B
:106ED00000D1D1E686E65A0A042A73D9142A00D9C9
:106EE000A7E010005C325B30D200AA18083A160006
:106EF00092688846964210D181E0C046401000203A
:106F0000DC1A002038100020AC1A0020D41A00200F
:106F1000D81A00209268964204D003215068884312
:106F20009842F7D84146D668FE60BA60B760D7602D
:106F3000C9E614295CD9542900D982E06E239C4605
:106F4000210B8C446F31E046CB0078E601200E0027
:106F50004546091904437460B4680835E360384352
:106F60009C60A960E9604860CD6048468D60B7507C
:106F700000F0D6F830000830FCE601200C008A183A
:106F8000516808340143516022684846D3609A60D2
:106F900000F0C6F82000EDE62300E108083319E60A
:106FA0000126391934437C6029616961CA608A60AD
:106FB000320002434A60F850484600F0B1F8380009
:106FC0000830D7E69A09100039323830D2008CE701
:106FD000AF4242D0AF687A6803239A43131BA242A0
:106FE00002D30F2B00DD5CE7484600F099F8C0E6BD
:106FF0005B239C468C445C31E046CB001FE60123BA
:107000008010834060461843844668608CE73300F4
:107010005946434401931340CB1A1A401100484685
:10702000160000F085F8431C00D00AE700260198FE
:1070300007E7542A2BD81A0B10006F326E30D2009B
:1070400053E7AA235B0099422BD8DD3B9C46E10B1A
:107050008C447831E046CB00F1E52B4A116802926E
:10706000891911605A46013AC5E6104200D0C2E6BD
:1070700052460123A86892191A438046426001E7EC
:107080004146019B1960C0E643465860ACE7AA2020
:107090004000824221D8DA0B100078327730D200DB
:1070A00023E71A4B994221D87C239C46A10C8C449F
:1070B0007D31E046CB00C2E50198039B08380026ED
:1070C0001818BEE639004846083100F0E3F8029B84
:1070D0001968AB6898465A68D4E60C4882420BD8C7
:1070E0009A0C10007D327C30D200FEE6FE237E2218
:1070F0007F2190469B00A2E5FE227E209200F4E6CE
:1071000043465B6820E6C046AC1A002054050000E8
:1071100010B5024800F024F810BDC046A81A00209F
:1071200010B5024800F01EF810BDC046A81A002095
:10713000002370B5064C050008002360FDF73AF9FE
:10714000431C00D070BD2368002BFBD02B60F9E7F7
:10715000881F0020014B18687047C0464814002063
:107160007047C0467047C046802310B55B010828B1
:1071700001D1180010BDFFF7EDFF16230360173B88
:10718000F7E7C046030084469B070BD003000321AA
:1071900002E001330B4206D01A78002AF9D1624688
:1071A000981A7047030019680C4A0D488A188A43D8
:1071B00002420FD15968094A04338A188A430242AD
:1071C00008D15968054A04338A188A430242F1D02B
:1071D00000E001331A78002AFBD1E0E7FFFEFEFE53
:1071E00080808080F0B5C646050000B58046082046
:1071F0000C00FFF7B9FF06002800FFF789FF224FB8
:107200003100BB685D6803239D4328001138001BD3
:107210008019FAF759FE441E7443A64207DC002188
:107220004046FFF785FFBB685B19984206D0404691
:10723000FFF776FF002080BCB846F0BD40466142B3
:10724000FFF776FF01300DD001222D1BBB681543DF
:107250000E4A5D60136840461B1B1360FFF760FF1A
:107260000120E8E700214046FFF762FFBA68831A71
:107270000F2BDCDD064C05492468001B086001214A
:107280000B435360D3E7C04640100020AC1A0020E7
:1072900038100020F0B5C6460C00804600B5002925
:1072A00040D0FFF735FF210008394E680125330033
:1072B0000320AB43CA1894465268824328003040EA
:1072C000070064488468644500D171E064466260E8
:1072D000A41864682C40002F27D10E685E4F891BCC
:1072E0009B198E68BE4256D0CF68F760BE60002CF6
:1072F0001DD062461D434D60136080229200934270
:107300002DD2DA085C090123A3404468234343607B
:10731000D3001B189A68CB608A609960D1604046A0
:10732000FFF7FEFE80BCB846F0BD002C0FD19B18C5
:10733000624601249268484D1C43CE18AA4259D097
:107340006546ED68D560AA604C603360D5E762465B
:1073500035434D601360802292009342D1D35A0A84
:10736000042A3DD89A09140039323834D6008619D7
:107370003268083E0325964203D14CE0926896425B
:1073800003D05068A8439842F8D8D668CE608A6087
:10739000B160D160C3E7002C33D1D2186046634698
:1073A0008068DB681543C36098604D608A50B6E71B
:1073B0009A18002F06D10B68C91A8C68D218CB68AE
:1073C000E3609C60012313434B60244B81601B6886
:1073D0009342A4D8224B40461968FFF703FF9EE76B
:1073E000142A13D9542A1DD81A0B14006F326E3484
:1073F000D600BCE7D1609160CA608A604C6033609F
:107400008DE762461D434D60136088E714005C32CF
:107410005B34D600ABE70123A410A34044682343A8
:107420004360B3E7AA246400A24205D8DA0B140033
:1074300078327734D6009AE70A4CA24205D89A0CE3
:1074400014007D327C34D60091E7FE267E24B600FF
:107450008DE7C04640100020481000203C1000205E
:10746000DC1A00205405000001B40248844601BC27
:10747000604700BF8902002001B40248844601BC75
:10748000604700BFB10B002001B40248844601BC34
:10749000604700BFC100002001B40248844601BC1F
:1074A000604700BFD501002001B40248844601BCFA
:1074B000604700BF6501002001B40248844601BC5A
:1074C000604700BF890B002001B40248844601BC1C
:1074D000604700BF3D0C002001B40248844601BC57
:1074E000604700BFED0B002001B40248844601BC98
:1074F000604700BF9901002001B40248844601BCE6
:10750000604700BFB90E002001B40248844601BCA8
:10751000604700BFB90E002001B40248844601BC98
:10752000604700BFD1030020591C0010851C0010CB
:10753000691E0010052C00100D250010452B0010B1
:10754000911D0010A11C0010C11C0010D51C0010C2
:10755000CD0F0010DD1C00108D130010211C001039
:08756000090C0010094D001098
:107568006F6E00006F666600696E66006C65642069
:1075780025730A00706F6E6700000000656E616217
:107588006C65000064697361626C6500766572738E
:10759800696F6E0070696E67000000006D656D5F51
:1075A800696E666F0000000066775F696E666F003F
:1075B8006465765F696E666F00000000626F6F74C5
:1075C8005F696E666F00000065727200756E6B6EA3
:1075D8006F776E20636F6D6D616E643A2025730A54
:1075E8000000000064626700676F742025730A005A
:1075F8004F6374203130203230323600312E302E35
:107608003000000065732D636D642D757362000092
:107618006465766963653A2025732025732C20629A
:1076280075696C742025732025732C206C6F672076
:107638006C6576656C2025640A00000032313A31A9
:10764800383A32380000000025732025733A256443
:10765800200000003231312D636F6D6D616E642D35
:107668007573620070726F6A6563743A2025730AD5
:107678000000000068747470733A2F2F676974688B
:1076880075622E636F6D2F676F637573742F6573E3
:107698002D73747564656E74000000007265706FF8
:1076A8003A2025730A0000007069636F000000002B
:1076B800626F6172643A2025730A0000736572690B
:1076C800616C3A2025730A00636869703A206D611D
:1076D8006E75666163747572657220307825303313
:1076E800782C2070617274203078253034782C2002
:1076F8007265766973696F6E2025750A000000004F
:10770800322E332E300000007069636F2D73646B66
:107718003A2025730A000000737472756374202080
:10772800202020202020202061646472657373204B
:107738002020202073697A65206F6666736574203F
:1077480076616C75650000006465766963655F63E2
:10775800617264202020202030782530387820205D
:10776800202025750A0000002D20252D3133732097
:107778003078253038782025357520253675203025
:1077880078253038780A00006E616D6500000000C9
:107798002D20252D31337320307825303878202559
:1077A80035752025367520252D3130730A000000E7
:1077B8007265766973696F6E000000006669656CB2
:1077C80064732025752C2073697A656F662025758A
:1077D8002C2070616464696E672025750A000000BA
:1077E8006F626A6563742020202020202020206199
:1077F800646472657373202020202076616C75653F
:10780800000000006D61696E2020202020202020CB
:10781800202020307825303878203078253034788A
:107828000A00000066775F696E666F2020202020BE
:10783800202020307825303878203078253034786A
:107848000A000000636F6D6D616E64732020202054
:107858002020203078253038780A00002D20252D6A
:1078680030387320202020203078253038780A00DE
:107878004445564943455F50524F4A45435420308A
:10788800782530387820252D3130730A0000000023
:107898004445564943455F424F41524420202030D9
:1078A800782530387820252D3130730A0000000003
:1078B800646174615F7661726961626C6520203011
:1078C80078253038782025750A0000006273735FC8
:1078D8007661726961626C652020203078253038C5
:1078E800782025750A000000737461636B5F766108
:1078F800726961626C65203078253038782025758A
:107908000A000000686561705F7661726961626C87
:107918006520203078253038782025750A00000049
:1079280061726561202020202020207374617274A8
:10793800202020202020656E642020202020202068
:107948002073697A65000000666C61736800000046
:10795800252D31307320307825303878203078253F
:10796800303878202538750A000000007372616D80
:1079780000000000726F6D00696D616765000000AE
:107988006672656500000000626F6F743200000067
:1079980074657874000000006461746120666C612D
:1079A80073680000646174612072616D00000000FA
:1079B800627373006865617000000000737461632E
:1079C8006B0000000A746F74616C00002020666C04
:1079D80061736820696D61676520253875203D20D1
:1079E800626F6F743220323536202B2074657874BC
:1079F800202575202B20646174612025750A0000FC
:107A08002020666C617368206672656520202538C1
:107A180075206F662025750A00000000202072611D
:107A28006D207573656420202020253875203D2041
:107A380064617461202575202B206273732025757D
:107A48000A000000202072616D20667265652020A2
:107A5800202025387520666F722068656170206166
:107A68006E6420257520666F7220737461636B0ADB
:107A780000000000766563746F72207461626C6543
:107A88002020203078253038780A000020207374B0
:107A980061636B20746F7020202020307825303887
:107AA800780A000020207265736574202020202049
:107AB8002020203078253038780A00002020726590
:107AC80073657420286576656E29203078253038EE
:107AD800780A00006770696F20696E2020202020D6
:107AE8002020203078253038780A000020206C6566
:107AF80064206269742020202020203078253031CD
:107B0800780A000020206770696F5F67657420201D
:107B18002020203078253031780A00000A2A2A2AC5
:107B28002050414E4943202A2A2A0A004E6F2073CA
:107B380070696E6C6F636B7320617265206176612A
:107B4800696C61626C6500004E6F20757365722008
:107B5800495251732061726520617661696C616276
:107B68006C650000486172647761726520616C61C0
:107B7800726D20256420616C726561647920636C84
:107B880061696D6564000000486172642061737307
:107B9800657274004F7574206F66206D656D6F7225
:107BA8007900000052656C6561736500626F6F74DF
:107BB800325F773235713038300000003231315F52
:107BC800636F6D6D616E645F75736200666E692BBD
:107BD80000000000666E69006E616E00666E692DB9
:107BE8000000000055534220737464696E202F20F2
:107BF8007374646F75740000526173706265727299
:107C080079205069000000005069636F000000008F
:107C1800426F6172642043444300000052657365FB
:107C280074000000556E68616E646C65642049528A
:107C38005120307825780A00657020253032582088
:107C480077617320616C726561647920617661691E
:107C58006C61626C6500000043616E277420636F7D
:107C68006E74696E75652078666572206F6E20691E
:107C78006E6163746976652065702025303258001E
:107C8800726561645F6C696E6500000068616E64AE
:107C98006C655F636F6D6D616E640000636D645F3A
:107CA80064697361626C6500636D645F656E6162CF
:107CB8006C65000009000000847500108102001046
:107CC8008C750010BD020010A8750010F902001094
:107CD80094750010010300109C7500100903001032
:107CE800A475001019030010B075001021030010CE
:107CF800B875001029030010C47500103103001076
:107D080006005250D3F07542AC7B0010060052506A
:107D1800E182887FB47B001006005250ABB36053F9
:107D28000877001006005250BBFF3CB6B076001032
:107D380006005250861C0302C47B001006005250F5
:107D48005422A29DF875001005005250DE65F468B3
:107D58004497001070390010283900102839001095
:107D68006839001028390010283900102839001007
:107D78002839001028390010283900102839001037
:107D880060390010283900105A39001028390010BD
:107D98002839001052390010643B00108239001055
:107DA800583B001082390010463B00108239001001
:107DB800823900108239001082390010823900108F
:107DC8008239001082390010783900108239001089
:107DD800823900108239001082390010823900106F
:107DE80078390010F83B0010E6380010E63800102B
:107DF800E6380010E6380010E6380010E6380010C3
:107E0800E6380010E6380010E6380010E6380010B2
:107E1800E6380010E6380010E6380010E6380010A2
:107E2800E6380010E6380010E6380010E638001092
:107E3800E6380010E6380010E6380010E638001082
:107E4800E6380010E6380010E6380010E638001072
:107E5800E6380010E6380010E6380010E638001062
:107E6800E6380010743B0010B03B0010743B001063
:107E7800E6380010E6380010E6380010E638001042
:107E8800E6380010E6380010E6380010E638001032
:107E9800E6380010E6380010E6380010E638001022
:107EA800E6380010E6380010E6380010E638001012
:107EB800903D0010E6380010E6380010E638001053
:107EC800E6380010E6380010E6380010E6380010F2
:107ED800E6380010E6380010903D0010083C00100D
:107EE800903D0010743B0010B03B0010743B001034
:107EF800000000000000F03F0000000000002440E7
:107F080000000000000059400000000000408F40C1
:107F1800000000000088C34000000000006AF8402C
:107F28000000000080842E4100000000D012634150
:107F38000000000084D797410000000065CDCD41C6
:107F48000D0A00000600525053B4F4A1EC7B001057
:107F580000000000007C0010107C0010F4230020BA
:107F6800187C0010247C00100902540003010080D2
:107F78007D080B0002020200000904000001020251
:107F88000004052400200105240100010424020640
:107F980005240600010705810308001009040100F3
:107FA800020A0000000705020240000007058202DD
:107FB8004000000904020000FF0001051201100240
:107FC800EF0201408A2E0A000001010203010000AD
:107FD8000A00000000000306A600080002000200D4
:107FE8009C001400030057494E55534200000000FE
:107FF8000000000000008000040001002800440088
:108008006500760069006300650049006E00740031
:108018006500720066006100630065004700550056
:108028004900440000004E007B00620063003700F6
:10803800330039003800630031002D003700330069
:10804800630064002D0034006300620037002D00D7
:1080580039003800620038002D0039003100330043
:108068006100380066006300610037006200660046
:1080780036007D0000000000050F2100011C1005DE
:1080880000DF60DDD88945C74C9CD2659D9E648A17
:108098009F00000306A60001000000000000000089
:1080A800354F001000000000394F0010454F0010F8
:1080B800714F00106D4F0010000000009654001022
:1080C800FC55001084560010D4550010E6550010D9
:1080D800C455001036550010E2540010D654001054
:1080E800A05900108659001070570010C059001090
:1080F800705700106E5900105A5900107057001030
:108108004659001058580010705700101E5C001097
:10811800105C0010045C00107057001070570010BD
:10812800EE5B0010105C00107057001070570010C4
:1081380070570010705700107057001070570010DB
:1081480070570010AA5B0010080D0020080D0020D1
:10815800520D0020720D0020B20D0020C40D002029
:10816800000D002000000000A16100101162001045
:108178004162001089620010316300102164001010
:0481880000000000F3
:10818C00087D0010147D0010207D00102C7D001047
:10819C00387D0010447D0010507D00104C7F001085
:1081AC0003000068EFF3108C72B60268002AFCD052
:1081BC00BFF35F8F04229A56002A0BDB002900D0F4
:1081CC000A6000201B68BFF35F8F00221A608CF3DB
:1081DC0010887047D0221206126801201A71F1E73C
:1081EC00F0B51F00D023C6461B061B680400160002
:1081FC009846002500B50AE0BFF35F8F156081F348
:10820C0010883000390000F0EBFE002818D12268ED
:10821C00EFF3108172B61368002BFCD0BFF35F8FA5
:10822C00237922687F2BE7D943462371BFF35F8FF5
:10823C000023136081F31088012080BCB846F0BD88
:10824C000020FAE770B582B001A9060014001D00E9
:10825C00FFF7A6FF002807D1D0221206019B127847
:10826C005BB252B2934201D102B070BD22002B001E
:10827C003000FFF7B5FFF7E7F8B50E00070000F088
:10828C009FFEFA2204000D00002392003000002112
:10829C0000F0BEFE22002B0012184B41002B02DA1C
:1082AC000122034B52423800FFF79AFFF8BDC0463B
:1082BC00FFFFFF7F0268EFF3108172B61368002B8B
:1082CC00FCD0BFF35F8FFF2303710368BFF35F8F95
:1082DC0000221A6081F3108840BF7047084B9C46FF
:1082EC001B78002B0BD18023064807495B051A68C5
:1082FC00C25004338B42FAD101236246137070478B
:10830C00082400201C1E00100001001010B5014BA9
:10831C00984710BD1D1E0020084B5A6842609A6891
:10832C008260DA68C2601A6902615A6942619B69AB
:10833C008361A0235B051B6803607047000002404B
:10834C004268084B5A6082689A60C268DA600269B7
:10835C001A6142695A6182699A61A02302685B05BD
:10836C001A60704700000240F0B5D6464F464646AC
:10837C000023C0B5182788B01E0081460D00988ACE
:10838C0046493B88140098473B8880464449B08A4C
:10839C009847002343490600988A3B8898478246B1
:1083AC00FFF79CFF01A8FFF7B7FFC047B0473E4B54
:1083BC0021001A6880239B005340C0229200134076
:1083CC003A4A1360002C1CD00823C0209C46400560
:1083DC00163F6246836A1A401F4239D0631A00293D
:1083EC002BD1002A0BD1002C0BD0C0230822022643
:1083FC005B059B6A1A401E4242D0002AF5D0002C25
:10840C0030D1294B1A68C0239B009343274A136031
:10841C00D047FFF77BFF01A8FFF792FF08B0E0BC45
:10842C00BA46B146A846F0BD002C2BD1C02252054D
:10843C00966A08223240B6072BD50D2B19D9002A83
:10844C00F2D1C0225205966A08223240B607F4D403
:10845C00002A04D10B002343002BBAD1D1E70B0027
:10846C00002CF9D0036E013C2B70230001350B431B
:10847C00F2E74B461B780139036601239944E7E781
:10848C000021E5E7C0235B051B6E013C2B70013519
:10849C009FE70B00A242DFD1DCE7C0464946000053
:1084AC0045580000464300000C8001400C900140F0
:1084BC000022154B10B59A60DA601A615A619A6104
:1084CC00DA611A625A629A62DA621A635A639A63BE
:1084DC00DA631A645A649A64DA641A655A659A659E
:1084EC00DA651A665A669A66DA661A675A679A677E
:1084FC00DA67F03292000021044800F059FD044B79
:10850C00044A1A6010BDC04600001050D41F002051
:10851C00C023002080011050F0B54746CE4680B5F0
:10852C001C4B00249F6D012685B0002F1BD01A4BCD
:10853C0098461A4B994604E00134E4B27600202C9C
:10854C0011D03E42F8D043469E65012365086D006C
:10855C00A343ED186D014D44280000F013FC0028D6
:10856C0006D1B743E8D105B0C0BCB946B046F0BDA2
:10857C00EB8AE0210393002301A8AA78C9000180AB
:10858C0001210271437100F01DFC280000F098FBE2
:10859C00E7E7C0460000115000301150941F002036
:1085AC009823C64AF0B5D55880232E009B02102480
:1085BC0085B01E401D4274D0C14BC24C9A6AC24B4E
:1085CC0000261A603B23E35C022B00D14BE17B239A
:1085DC00E35C022B00D1EFE0BB23E35C022B00D168
:1085EC00F6E0FB23E35C022B00D1FDE03C23FF33E0
:1085FC00E35C022B00D129E17C23FF33E35C022BEB
:10860C0000D10AE1BC23FF33E35C022B00D13BE138
:10861C00FC23FF33E35C022B00D1F1E0AB4BE35CBA
:10862C00022B00D170E1AA4BE35C022B00D101E1DB
:10863C00A84BE35C022B00D171E1A74BE35C022B4E
:10864C0000D12EE1A54BE35C022B00D19CE1A44BA5
:10865C00E35C022B00D16DE1A24BE35C022B00D159
:10866C009DE1A14BE35C022B00D17BE1002E08D1F4
:10867C009E4B1B78002B04D180219D4A903389029C
:10868C00D150C02269468D4B92009B6C80265B05B5
:10869C008A805B0D012101A8029300F093FB954C9D
:1086AC00B602EB0600D57BE080235B021D422FD087
:1086BC000224844F1E43BB7E002B14D000F070FCB0
:1086CC00012800D970E0C02200213800920100F08E
:1086DC00FDFA380000F0F4FA00F062FC012802D92F
:1086EC00834B5C661C660123FB702037012C20D168
:1086FC00C0236A46DB0093807F4A02AB03CA03C3E4
:10870C00012101A800F05EFB8022794B92021A65D0
:10871C0080235B011D420ED18023DB011D4221D140
:10872C0080231B021D422DD1AE4200D0BEE105B00C
:10873C00F0BD0124BFE700241E43604B1C60FFF713
:10874C00B7FE80236A465B0093801472012101A856
:10875C0000F038FB8022664B12031A658023DB0184
:10876C001D42DDD01E4380236A46DB00938001212D
:10877C0001A800F027FB10225D4B1A6580231B0219
:10878C001D42D1D01E43A0236A46DB0093800121F9
:10879C0001A800F017FB8022554B12011A65C3E7A4
:1087AC00FFF7BAFE26007FE7544B444A1C66536E13
:1087BC002340A342FBD186E77833E75C002F00D13E
:1087CC000AE70233E25C002A00D00DE13E0003E729
:1087DC00B833E75C002F00D103E70233E25C002AD8
:1087EC0000D0F9E03E00FCE6F833E75C002F00D146
:1087FC00FCE60233E25C002A00D041E13E00F5E6E3
:10880C00F933FF33E75C002F00D107E70233E25C5A
:10881C00002A00D02BE13E0000E77933FF33E75C00
:10882C00002F00D1EEE60233E25C002A00D015E105
:10883C003E00E7E6324BE75C002F00D1F8E602334E
:10884C00E25C002A00D001E13E00F1E63933FF334F
:10885C00E75C002F00D1CFE60233E25C002A00D0A7
:10886C00EBE03E00C8E63833E65C002E00D1AEE605
:10887C000233E25C002A00D1A9E62000002220305D
:10888C00E25400F04BFAA2E6B933FF33E75C002F59
:10889C0000D1BDE60233E25C002A00D0C4E03E0009
:1088AC00B6E6184BE75C002F00D1CBE60233E25C56
:1088BC00002A00D0B0E03E00C4E6C04600001150D3
:1088CC0000400540941F0020841F00203B02000044
:1088DC007B020000BB020000FB0200003B03000017
:1088EC007B030000BB030000FB03000006240020F8
:1088FC0000301150100002000000105000201150E8
:10890C007A020000FA0200006B4BE75C002F00D1EA
:10891C0089E60233E25C002A76D13E0083E6674B9F
:10892C00E75C002F00D188E60233E25C002A63D1B9
:10893C003E0082E6624BE75C002F00D18CE60233EE
:10894C00E25C002A00D0A3E05E4BE35C022B30D14A
:10895C005D4BE35C002B27D15C4BE35C022B00D01E
:10896C008FE63E005A4BE35C002B00D17EE6FF23E2
:10897C009B00E25C002A00D183E60022E2541C3BFF
:10898C00E01800F0CBF97CE6524BE75C002F00D1ED
:10899C005DE60233E25C002A16D13E0057E64A4BF4
:1089AC00E35C002B00D15CE6EF239B00E25C002A29
:1089BC0075D1464BE35C022B00D062E6444BE35C82
:1089CC00002B00D15DE6D2E70022E2541C3BE018FC
:1089DC0000F0A4F93E003AE620000022A030E25458
:1089EC003E0000F09BF9FCE5200000226030E254D0
:1089FC003E0000F093F9EFE50022E2541C3BE01836
:108A0C0000F08CF93E0018E60022E2541C3BE01802
:108A1C0000F084F93E0006E60022E2541C3BE0180C
:108A2C0000F07CF93E000DE620000022A130FF3062
:108A3C00E2543E0000F072F9EAE5200000222130F9
:108A4C00FF30E2543E0000F069F9D5E50022E25413
:108A5C001C3BE01800F062F93E00E9E52000002222
:108A6C006130FF30E2543E0000F058F9CAE52000B6
:108A7C000022E130FF30E2543E0000F04FF9CDE52A
:108A8C0020000022E030E2543E0000F047F9ADE552
:108A9C000022E2541C3BE01800F040F954E700229D
:108AAC00E2541C3BE01800F039F982E731000A4827
:108ABC00694000F09DFAC0463A020000BA0200007C
:108ACC007A030000BB030000BA030000FB030000A4
:108ADC00FA0300003A0300002C7C0010F0B58C4621
:108AEC00838A018B020083B00E1C994200D91E1C94
:108AFC00B6B29B1B9CB2D37880211800451EA841AE
:108B0C00C90031434003084301214B40D3705378D3
:108B1C009482002B32D11169002E2AD06346D4687E
:108B2C009B01E418731E0193062B32D923000B43CF
:108B3C009B072ED1631A013B022B2AD90023B708BD
:108B4C00BF00CD58E5500433BB42FAD19E420ED043
:108B5C00019DE418EF1ACD18C95C21700199994256
:108B6C0005D06B786370012F01D0AB78A3701169BD
:108B7C00948A802389191B0211611843002C02D19D
:108B8C008023DB0118436346002B00D0000403B0A4
:108B9C00F0BD0023CD5CE55401339E42FAD1E6E7EB
:108BAC008368F0B51A68002900D0120C437892053E
:108BBC00950D002B09D1C38AEB18C382038BAB42F2
:108BCC0001D9002383822800F0BD0469002D28D030
:108BDC00C36889016F1EBC465E18062F27D9013168
:108BEC005B18E31A022B22D9230033439B071ED1B7
:108BFC000023120E9200F158E15004339A42FAD13C
:108C0C0095420DD063469F1AA318B45CB1181C7022
:108C1C00944505D04A785A70012F01D08A789A7001
:108C2C000469C38A6419EB18C3820461C6E7002285
:108C3C00B35CA35401329542FAD10469F1E7C04602
:108C4C0010B50400836800211B68FFF7A9FF636857
:108C5C001B685B0002D5238B834200D010BD012121
:108C6C002000FFF79DFFF9E7084B1A6C00239207D1
:108C7C0003D48278D209012A01D018007047C37E30
:108C8C00023B5A425341DBB2F7E7C0460000115099
:108C9C0010B5FFF7E9FF00280AD0064B064A9B6A7D
:108CAC00064912685B189B1A0020C6229A42404162
:108CBC0010BDC04600400540841F0020E0FCFFFFB3
:108CCC0000238376436103617047C04610B5836807
:108CDC00002901D01C682140002A12D08024E40015
:108CEC00114322420DD01A6822420CD1084A0A4084
:108CFC001A60084A126C920703D40C23033BFDD272
:108D0C008368196010BD8178034800F071F9C04682
:108D1C00FFFBFFFF00001150407C0010436870B552
:108D2C000021802504001E68FFF7D8FE124B6D0150
:108D3C001A6C0543A37892070ED55B060ED00F4B29
:108D4C001E4080239B053343626800211360200082
:108D5C002A00FFF7BBFF70BDDB09F0D0A38A002B04
:108D6C00EDD001212000FFF7B9FEA023044ADB055A
:108D7C00324005431343E7E700001150FFFFFFAFFC
:108D8C00FFFFFFDF70B5857E0400002D14D0FFF7C8
:108D9C0057FFA38A002B01D1280070BD2000FFF7DC
:108DAC0077FF002803D0012300252377F4E7200068
:108DBC00FFF7B4FF0025EFE78178014800F018F9C0
:108DCC00607C0010F0B54746CE4680B54378050070
:108DDC000F0085B0062B07D8684A9B00D3589F46D6
:108DEC00674A137801331370664B1C686269EFF3A2
:108DFC00108172B61368002BFCD0BFF35F8FA1619A
:108E0C002000290000F0FCF86269A369BFF35F8FB2
:108E1C000021116083F31088002804D105B0C0BC78
:108E2C00B946B046F0BD3A006978287800F0D0F821
:108E3C00F4E70121544B1A788A431A701A780131DD
:108E4C008A431A7000225A701A7802318A431A70B7
:108E5C00CAE74E4B00241E001A784D4B98464D4BDA
:108E6C00994610E04B461B6861015B18002B06D03D
:108E7C00DB69002B03D06968287898473278013475
:108E8C00E4B2944217D8A242ECD8A31A5B01434433
:108E9C00EEE73D4B1A78D207C0D504211A780A4365
:108EAC001A70A1E7384B1A78D207B7D504211A7873
:108EBC008A431A7098E7344A1378904611005B077E
:108ECC0028D51378042201AC93430B7020000021A9
:108EDC00083200F06DF82B78237005236370294B52
:108EEC001B6818005A69EFF3108172B61368002BD7
:108EFC00FCD0BFF35F8F06008161210000F080F889
:108F0C007269B369BFF35F8F0021116083F310881E
:108F1C0000282CD14346DB78DB0700D47EE72B7886
:108F2C0001AC2370032363706B686360154B1D6881
:108F3C006A69EFF3108172B61368002BFCD0BFF393
:108F4C005F8FA9612800210000F05AF86A69AB69AB
:108F5C00BFF35F8F0021116083F31088002800D1CC
:108F6C005CE73A006178207800F032F856E73A0076
:108F7C006178207800F02CF8CCE7C04650810010C6
:108F8C0007240020581D0020001D0020052400206F
:108F9C006C810010181C00207047C04600000000B7
:108FAC0001B40248844601BC604700BFA10A00100E
:108FBC0001B40248844601BC604700BF152C001068
:108FCC0001B40248844601BC604700BFBD170010C5
:108FDC0001B40248844601BC604700BF45530010F1
:108FEC0001B40248844601BC604700BF6D160010F6
:108FFC0001B40248844601BC604700BFAD0A0010B2
:10900C0001B40248844601BC604700BFF1680010FF
:10901C0001B40248844601BC604700BF112B00100C
:10902C00000000000165732D636D642D7573620083
:10903C0000000000640000001000000000000000B0
:10904C000000010000000000000000000000020011
:10905C000000000000000000000003000000000001
:10906C0000000000000004000000000000000000F0
:10907C000000050000000000000000000000FF00E0
:10908C000000000001B5486801318E46004770466B
:10909C0009380149884701BDC90E001000000000C5
:1090AC00FFFFFFFFFFFFFF7F00000000000000003C
:1090BC00000000000000000000000000201700204D
:1090CC00503300004C330000543300005233000086
:1090DC004D5300004D430000533400004334000056
:1090EC00E94900109D4900101149001089480010F1
:1090FC0000000000000100005C1D002010000C00AE
:10910C000000000000000000000000000000000053
:10911C0000000000FF000000FFFFFFFF0000020046
:10912C000000000000000000401000204010002053
:10913C004810002048100020501000205010002033
:10914C0058100020581000206010002060100020E3
:10915C006810002068100020701000207010002093
:10916C007810002078100020801000208010002043
:10917C0088100020881000209010002090100020F3
:10918C009810002098100020A0100020A0100020A3
:10919C00A8100020A8100020B0100020B010002053
:1091AC00B8100020B8100020C0100020C010002003
:1091BC00C8100020C8100020D0100020D0100020B3
:1091CC00D8100020D8100020E0100020E010002063
:1091DC00E8100020E8100020F0100020F010002013
:1091EC00F8100020F81000200011002000110020C1
:1091FC00081100200811002010110020101100206F
:10920C00181100201811002020110020201100201E
:10921C0028110020281100203011002030110020CE
:10922C00381100203811002040110020401100207E
:10923C00481100204811002050110020501100202E
:10924C0058110020581100206011002060110020DE
:10925C00681100206811002070110020701100208E
:10926C00781100207811002080110020801100203E
:10927C0088110020881100209011002090110020EE
:10928C009811002098110020A0110020A01100209E
:10929C00A8110020A8110020B0110020B01100204E
:1092AC00B8110020B8110020C0110020C0110020FE
:1092BC00C8110020C8110020D0110020D0110020AE
:1092CC00D8110020D8110020E0110020E01100205E
:1092DC00E8110020E8110020F0110020F01100200E
:1092EC00F8110020F81100200012002000120020BC
:1092FC00081200200812002010120020101200206A
:10930C001812002018120020201200202012002019
:10931C0028120020281200203012002030120020C9
:10932C003812002038120020401200204012002079
:10933C004812002048120020501200205012002029
:10934C0058120020581200206012002060120020D9
:10935C006812002068120020701200207012002089
:10936C007812002078120020801200208012002039
:10937C0088120020881200209012002090120020E9
:10938C009812002098120020A0120020A012002099
:10939C00A8120020A8120020B0120020B012002049
:1093AC00B8120020B8120020C0120020C0120020F9
:1093BC00C8120020C8120020D0120020D0120020A9
:1093CC00D8120020D8120020E0120020E012002059
:1093DC00E8120020E8120020F0120020F012002009
:1093EC00F8120020F81200200013002000130020B7
:1093FC000813002008130020101300201013002065
:10940C001813002018130020201300202013002014
:10941C0028130020281300203013002030130020C4
:10942C003813002038130020401300204013002074
:10943C004813002048130020501300205013002024
:10944C0058130020581300206013002060130020D4
:10945C006813002068130020701300207013002084
:10946C007813002078130020801300208013002034
:10947C0088130020881300209013002090130020E4
:10948C009813002098130020A0130020A013002094
:10949C00A8130020A8130020B0130020B013002044
:1094AC00B8130020B8130020C0130020C0130020F4
:1094BC00C8130020C8130020D0130020D0130020A4
:1094CC00D8130020D8130020E0130020E013002054
:1094DC00E8130020E8130020F0130020F013002004
:1094EC00F8130020F81300200014002000140020B2
:1094FC000814002008140020101400201014002060
:10950C00181400201814002020140020201400200F
:10951C0028140020281400203014002030140020BF
:10952C0038140020381400205014002000000000D3
:10953C0000000000E01A0020481B0020B01B002097
:10954C00000000000000000000000000000000000F
:10955C0000000000000000000000000000000000FF
:10956C0000000000000000000000000000000000EF
:10957C0000000000000000000000000000000000DF
:10958C0000000000000000000000000000000000CF
:10959C0000000000000000000000000000000000BF
:1095AC0000000000000000000000000000000000AF
:1095BC00000000000000000000000000000000009F
:1095CC00000000000000000001000000000000008E
:1095DC000E33CDAB34126DE6ECDE05000B00000053
:1095EC00000000000000000000000000000000006F
:1095FC00000000000000000000000000000000005F
:10960C00000000000000000000000000000000004E
:10961C00000000000000000000000000000000003E
:10962C00000000000000000000000000000000002E
:10963C00000000000000000000000000000000001E
:10964C00000000000000000000000000000000000E
:10965C0000000000000000000000000000000000FE
:10966C0000000000000000000000000000000000EE
:10967C0000000000000000000000000000000000DE
:10968C0000000000000000000000000000000000CE
:10969C0000000000000000000000000000000000BE
:1096AC0000000000000000000000000000000000AE
:1096BC00000000000000000000000000000000009E
:1096CC00000000000000000000000000000000008E
:1096DC00000000000000000000000000000000007E
:1096EC00000000000000000000000000000000006E
:1096FC00000000000000000000000000000000005E
:10970C00000000000000000000000000000000004D
:10971C00000000000000000000000000000000003D
:10972C00000000000000000000000000000000002D
:08973C00000000000000000025
:04000005100001E9FD
:00000001FF
