
C:/Repositories/pico/es-student/211-command-usb/build/211_command_usb.elf:     file format elf32-littlearm

Sections:
Idx Name          Size      VMA       LMA       File off  Algn
  0 .boot2        00000100  10000000  10000000  00001000  2**0
                  CONTENTS, ALLOC, LOAD, READONLY, CODE
  1 .text         000066d0  10000100  10000100  00001100  2**3
                  CONTENTS, ALLOC, LOAD, READONLY, CODE
  2 .rodata       000007cc  100067d0  100067d0  000077d0  2**3
                  CONTENTS, ALLOC, LOAD, READONLY, DATA
  3 .binary_info  00000020  10006f9c  10006f9c  00007f9c  2**2
                  CONTENTS, ALLOC, LOAD, READONLY, DATA
  4 .xip_ram      00000000  15000000  15000000  00009030  2**0
                  CONTENTS
  5 .ram_vector_table 000000c0  20000000  20000000  0000a000  2**2
                  ALLOC
  6 .uninitialized_data 00000000  200000c0  200000c0  00009030  2**0
                  CONTENTS
  7 .data         00000f70  200000c0  10006fbc  000080c0  2**4
                  CONTENTS, ALLOC, LOAD, READONLY, CODE
  8 .tdata        00000000  20001030  20001030  00009030  2**0
                  CONTENTS, ALLOC, LOAD, DATA, THREAD_LOCAL
  9 .tbss         00000000  20001030  20001030  00000000  2**0
                  ALLOC, THREAD_LOCAL
 10 .tbss_space   00000000  20001030  20001030  00009030  2**0
                  CONTENTS
 11 .bss          00000c3c  20001030  10007f2c  00009030  2**3
                  ALLOC
 12 .tls0         00000000  20001c6c  20001c6c  00009030  2**0
                  CONTENTS
 13 .tls1         00000000  20001c6c  20001c6c  00009030  2**0
                  CONTENTS
 14 .persistent_data 00000000  20001c6c  20001c6c  00009030  2**0
                  CONTENTS
 15 .dummy_pre_heap 00000000  20001c6c  20001c6c  00009030  2**0
                  CONTENTS
 16 .heap         00000800  20001c6c  20001c6c  0000a000  2**2
                  ALLOC, READONLY
 17 .scratch_x    00000000  20040000  20040000  00009030  2**0
                  CONTENTS
 18 .scratch_y    00000000  20041000  20041000  00009030  2**0
                  CONTENTS
 19 .stack_dummy  00000800  20041000  20041000  0000a000  2**5
                  ALLOC, READONLY
 20 .debug_info   00030125  00000000  00000000  00009030  2**0
                  CONTENTS, READONLY, DEBUGGING, OCTETS
 21 .debug_abbrev 00008c60  00000000  00000000  00039155  2**0
                  CONTENTS, READONLY, DEBUGGING, OCTETS
 22 .debug_loclists 00019db8  00000000  00000000  00041db5  2**0
                  CONTENTS, READONLY, DEBUGGING, OCTETS
 23 .debug_aranges 000016e8  00000000  00000000  0005bb70  2**3
                  CONTENTS, READONLY, DEBUGGING, OCTETS
 24 .debug_rnglists 00004449  00000000  00000000  0005d258  2**0
                  CONTENTS, READONLY, DEBUGGING, OCTETS
 25 .debug_line   00023aa7  00000000  00000000  000616a1  2**0
                  CONTENTS, READONLY, DEBUGGING, OCTETS
 26 .debug_str    00008c9a  00000000  00000000  00085148  2**0
                  CONTENTS, READONLY, DEBUGGING, OCTETS
 27 .comment      00000046  00000000  00000000  0008dde2  2**0
                  CONTENTS, READONLY
 28 .ARM.attributes 0000002a  00000000  00000000  0008de28  2**0
                  CONTENTS, READONLY
 29 .debug_frame  00002e70  00000000  00000000  0008de54  2**2
                  CONTENTS, READONLY, DEBUGGING, OCTETS
 30 .debug_line_str 00000362  00000000  00000000  00090cc4  2**0
                  CONTENTS, READONLY, DEBUGGING, OCTETS

C:/Repositories/pico/es-student/211-command-usb/build/211_command_usb.elf:     file format elf32-littlearm


Disassembly of section .boot2:

10000000 <__boot2_start__>:
10000000:	4b32b500 	.word	0x4b32b500
10000004:	60582021 	.word	0x60582021
10000008:	21026898 	.word	0x21026898
1000000c:	60984388 	.word	0x60984388
10000010:	611860d8 	.word	0x611860d8
10000014:	4b2e6158 	.word	0x4b2e6158
10000018:	60992100 	.word	0x60992100
1000001c:	61592102 	.word	0x61592102
10000020:	22f02101 	.word	0x22f02101
10000024:	492b5099 	.word	0x492b5099
10000028:	21016019 	.word	0x21016019
1000002c:	20356099 	.word	0x20356099
10000030:	f844f000 	.word	0xf844f000
10000034:	42902202 	.word	0x42902202
10000038:	2106d014 	.word	0x2106d014
1000003c:	f0006619 	.word	0xf0006619
10000040:	6e19f834 	.word	0x6e19f834
10000044:	66192101 	.word	0x66192101
10000048:	66182000 	.word	0x66182000
1000004c:	f000661a 	.word	0xf000661a
10000050:	6e19f82c 	.word	0x6e19f82c
10000054:	6e196e19 	.word	0x6e196e19
10000058:	f0002005 	.word	0xf0002005
1000005c:	2101f82f 	.word	0x2101f82f
10000060:	d1f94208 	.word	0xd1f94208
10000064:	60992100 	.word	0x60992100
10000068:	6019491b 	.word	0x6019491b
1000006c:	60592100 	.word	0x60592100
10000070:	481b491a 	.word	0x481b491a
10000074:	21016001 	.word	0x21016001
10000078:	21eb6099 	.word	0x21eb6099
1000007c:	21a06619 	.word	0x21a06619
10000080:	f0006619 	.word	0xf0006619
10000084:	2100f812 	.word	0x2100f812
10000088:	49166099 	.word	0x49166099
1000008c:	60014814 	.word	0x60014814
10000090:	60992101 	.word	0x60992101
10000094:	2800bc01 	.word	0x2800bc01
10000098:	4700d000 	.word	0x4700d000
1000009c:	49134812 	.word	0x49134812
100000a0:	c8036008 	.word	0xc8036008
100000a4:	8808f380 	.word	0x8808f380
100000a8:	b5034708 	.word	0xb5034708
100000ac:	20046a99 	.word	0x20046a99
100000b0:	d0fb4201 	.word	0xd0fb4201
100000b4:	42012001 	.word	0x42012001
100000b8:	bd03d1f8 	.word	0xbd03d1f8
100000bc:	6618b502 	.word	0x6618b502
100000c0:	f7ff6618 	.word	0xf7ff6618
100000c4:	6e18fff2 	.word	0x6e18fff2
100000c8:	bd026e18 	.word	0xbd026e18
100000cc:	40020000 	.word	0x40020000
100000d0:	18000000 	.word	0x18000000
100000d4:	00070000 	.word	0x00070000
100000d8:	005f0300 	.word	0x005f0300
100000dc:	00002221 	.word	0x00002221
100000e0:	180000f4 	.word	0x180000f4
100000e4:	a0002022 	.word	0xa0002022
100000e8:	10000100 	.word	0x10000100
100000ec:	e000ed08 	.word	0xe000ed08
	...
100000fc:	7a4eb274 	.word	0x7a4eb274

Disassembly of section .text:

10000100 <__VECTOR_TABLE>:
10000100:	20042000 	.word	0x20042000
10000104:	100001f7 	.word	0x100001f7
10000108:	100001cb 	.word	0x100001cb
1000010c:	100001cd 	.word	0x100001cd
10000110:	100001c9 	.word	0x100001c9
10000114:	100001c9 	.word	0x100001c9
10000118:	100001c9 	.word	0x100001c9
1000011c:	100001c9 	.word	0x100001c9
10000120:	100001c9 	.word	0x100001c9
10000124:	100001c9 	.word	0x100001c9
10000128:	100001c9 	.word	0x100001c9
1000012c:	100001cf 	.word	0x100001cf
10000130:	100001c9 	.word	0x100001c9
10000134:	100001c9 	.word	0x100001c9
10000138:	100001d1 	.word	0x100001d1
1000013c:	100001d3 	.word	0x100001d3
10000140:	100001c1 	.word	0x100001c1
10000144:	100001c1 	.word	0x100001c1
10000148:	100001c1 	.word	0x100001c1
1000014c:	100001c1 	.word	0x100001c1
10000150:	100001c1 	.word	0x100001c1
10000154:	100001c1 	.word	0x100001c1
10000158:	100001c1 	.word	0x100001c1
1000015c:	100001c1 	.word	0x100001c1
10000160:	100001c1 	.word	0x100001c1
10000164:	100001c1 	.word	0x100001c1
10000168:	100001c1 	.word	0x100001c1
1000016c:	100001c1 	.word	0x100001c1
10000170:	100001c1 	.word	0x100001c1
10000174:	100001c1 	.word	0x100001c1
10000178:	100001c1 	.word	0x100001c1
1000017c:	100001c1 	.word	0x100001c1
10000180:	100001c1 	.word	0x100001c1
10000184:	100001c1 	.word	0x100001c1
10000188:	100001c1 	.word	0x100001c1
1000018c:	100001c1 	.word	0x100001c1
10000190:	100001c1 	.word	0x100001c1
10000194:	100001c1 	.word	0x100001c1
10000198:	100001c1 	.word	0x100001c1
1000019c:	100001c1 	.word	0x100001c1
100001a0:	100001c1 	.word	0x100001c1
100001a4:	100001c1 	.word	0x100001c1
100001a8:	100001c1 	.word	0x100001c1
100001ac:	100001c1 	.word	0x100001c1
100001b0:	100001c1 	.word	0x100001c1
100001b4:	100001c1 	.word	0x100001c1
100001b8:	100001c1 	.word	0x100001c1
100001bc:	100001c1 	.word	0x100001c1

100001c0 <__unhandled_user_irq>:
100001c0:	f3ef 8005 	mrs	r0, IPSR
100001c4:	3810      	subs	r0, #16

100001c6 <unhandled_user_irq_num_in_r0>:
100001c6:	be00      	bkpt	0x0000

100001c8 <isr_invalid>:
100001c8:	be00      	bkpt	0x0000

100001ca <isr_nmi>:
100001ca:	be00      	bkpt	0x0000

100001cc <isr_hardfault>:
100001cc:	be00      	bkpt	0x0000

100001ce <isr_svcall>:
100001ce:	be00      	bkpt	0x0000

100001d0 <isr_pendsv>:
100001d0:	be00      	bkpt	0x0000

100001d2 <isr_systick>:
100001d2:	be00      	bkpt	0x0000

100001d4 <__default_isrs_end>:
100001d4:	7188ebf2 	.word	0x7188ebf2
100001d8:	10006f9c 	.word	0x10006f9c
100001dc:	10006fbc 	.word	0x10006fbc
100001e0:	10000238 	.word	0x10000238
100001e4:	e71aa390 	.word	0xe71aa390

100001e8 <_entry_point>:
100001e8:	2000      	movs	r0, #0

100001ea <_enter_vtable_in_r0>:
100001ea:	491e      	ldr	r1, [pc, #120]	@ (10000264 <data_cpy_table+0x2c>)
100001ec:	6008      	str	r0, [r1, #0]
100001ee:	c806      	ldmia	r0!, {r1, r2}
100001f0:	f381 8808 	msr	MSP, r1
100001f4:	4710      	bx	r2

100001f6 <_reset_handler>:
100001f6:	481c      	ldr	r0, [pc, #112]	@ (10000268 <data_cpy_table+0x30>)
100001f8:	6800      	ldr	r0, [r0, #0]
100001fa:	2800      	cmp	r0, #0
100001fc:	d001      	beq.n	10000202 <hold_non_core0_in_bootrom+0x4>

100001fe <hold_non_core0_in_bootrom>:
100001fe:	2000      	movs	r0, #0
10000200:	e7f3      	b.n	100001ea <_enter_vtable_in_r0>
10000202:	a40d      	add	r4, pc, #52	@ (adr r4, 10000238 <data_cpy_table>)
10000204:	cc0e      	ldmia	r4!, {r1, r2, r3}
10000206:	2900      	cmp	r1, #0
10000208:	d002      	beq.n	10000210 <hold_non_core0_in_bootrom+0x12>
1000020a:	f000 f812 	bl	10000232 <data_cpy>
1000020e:	e7f9      	b.n	10000204 <hold_non_core0_in_bootrom+0x6>
10000210:	4916      	ldr	r1, [pc, #88]	@ (1000026c <data_cpy_table+0x34>)
10000212:	4a17      	ldr	r2, [pc, #92]	@ (10000270 <data_cpy_table+0x38>)
10000214:	2000      	movs	r0, #0
10000216:	e000      	b.n	1000021a <bss_fill_test>

10000218 <bss_fill_loop>:
10000218:	c101      	stmia	r1!, {r0}

1000021a <bss_fill_test>:
1000021a:	4291      	cmp	r1, r2
1000021c:	d1fc      	bne.n	10000218 <bss_fill_loop>

1000021e <platform_entry>:
1000021e:	4915      	ldr	r1, [pc, #84]	@ (10000274 <data_cpy_table+0x3c>)
10000220:	4788      	blx	r1
10000222:	4915      	ldr	r1, [pc, #84]	@ (10000278 <data_cpy_table+0x40>)
10000224:	4788      	blx	r1
10000226:	4915      	ldr	r1, [pc, #84]	@ (1000027c <data_cpy_table+0x44>)
10000228:	4788      	blx	r1
1000022a:	be00      	bkpt	0x0000
1000022c:	e7fd      	b.n	1000022a <platform_entry+0xc>

1000022e <data_cpy_loop>:
1000022e:	c901      	ldmia	r1!, {r0}
10000230:	c201      	stmia	r2!, {r0}

10000232 <data_cpy>:
10000232:	429a      	cmp	r2, r3
10000234:	d3fb      	bcc.n	1000022e <data_cpy_loop>

10000236 <data_cpy_done>:
10000236:	4770      	bx	lr

10000238 <data_cpy_table>:
10000238:	10006fbc 	.word	0x10006fbc
1000023c:	200000c0 	.word	0x200000c0
10000240:	20001030 	.word	0x20001030
10000244:	10007f2c 	.word	0x10007f2c
10000248:	20040000 	.word	0x20040000
1000024c:	20040000 	.word	0x20040000
10000250:	10007f2c 	.word	0x10007f2c
10000254:	20041000 	.word	0x20041000
10000258:	20041000 	.word	0x20041000
1000025c:	00000000 	.word	0x00000000
10000260:	4770      	bx	lr
10000262:	0000      	.short	0x0000
10000264:	e000ed08 	.word	0xe000ed08
10000268:	d0000000 	.word	0xd0000000
1000026c:	20001030 	.word	0x20001030
10000270:	20001c6c 	.word	0x20001c6c
10000274:	10003ed9 	.word	0x10003ed9
10000278:	10000319 	.word	0x10000319
1000027c:	10003ed1 	.word	0x10003ed1

10000280 <cmd_enable>:
10000280:	b510      	push	{r4, lr}
10000282:	2001      	movs	r0, #1
10000284:	f000 f90c 	bl	100004a0 <led_set>
10000288:	2214      	movs	r2, #20
1000028a:	4907      	ldr	r1, [pc, #28]	@ (100002a8 <cmd_enable+0x28>)
1000028c:	4807      	ldr	r0, [pc, #28]	@ (100002ac <cmd_enable+0x2c>)
1000028e:	f000 f933 	bl	100004f8 <log_prefix>
10000292:	f000 f913 	bl	100004bc <led_is_on>
10000296:	2800      	cmp	r0, #0
10000298:	d004      	beq.n	100002a4 <cmd_enable+0x24>
1000029a:	4905      	ldr	r1, [pc, #20]	@ (100002b0 <cmd_enable+0x30>)
1000029c:	4805      	ldr	r0, [pc, #20]	@ (100002b4 <cmd_enable+0x34>)
1000029e:	f004 f85b 	bl	10004358 <__wrap_printf>
100002a2:	bd10      	pop	{r4, pc}
100002a4:	4904      	ldr	r1, [pc, #16]	@ (100002b8 <cmd_enable+0x38>)
100002a6:	e7f9      	b.n	1000029c <cmd_enable+0x1c>
100002a8:	10006ae4 	.word	0x10006ae4
100002ac:	100067d8 	.word	0x100067d8
100002b0:	100067d0 	.word	0x100067d0
100002b4:	100067dc 	.word	0x100067dc
100002b8:	100067d4 	.word	0x100067d4

100002bc <cmd_disable>:
100002bc:	b510      	push	{r4, lr}
100002be:	2000      	movs	r0, #0
100002c0:	f000 f8ee 	bl	100004a0 <led_set>
100002c4:	2215      	movs	r2, #21
100002c6:	4907      	ldr	r1, [pc, #28]	@ (100002e4 <cmd_disable+0x28>)
100002c8:	4807      	ldr	r0, [pc, #28]	@ (100002e8 <cmd_disable+0x2c>)
100002ca:	f000 f915 	bl	100004f8 <log_prefix>
100002ce:	f000 f8f5 	bl	100004bc <led_is_on>
100002d2:	2800      	cmp	r0, #0
100002d4:	d004      	beq.n	100002e0 <cmd_disable+0x24>
100002d6:	4905      	ldr	r1, [pc, #20]	@ (100002ec <cmd_disable+0x30>)
100002d8:	4805      	ldr	r0, [pc, #20]	@ (100002f0 <cmd_disable+0x34>)
100002da:	f004 f83d 	bl	10004358 <__wrap_printf>
100002de:	bd10      	pop	{r4, pc}
100002e0:	4904      	ldr	r1, [pc, #16]	@ (100002f4 <cmd_disable+0x38>)
100002e2:	e7f9      	b.n	100002d8 <cmd_disable+0x1c>
100002e4:	10006ad8 	.word	0x10006ad8
100002e8:	100067d8 	.word	0x100067d8
100002ec:	100067d0 	.word	0x100067d0
100002f0:	100067dc 	.word	0x100067dc
100002f4:	100067d4 	.word	0x100067d4

100002f8 <cmd_info>:
100002f8:	b510      	push	{r4, lr}
100002fa:	f000 f909 	bl	10000510 <device_info>
100002fe:	bd10      	pop	{r4, pc}

10000300 <cmd_version>:
10000300:	b510      	push	{r4, lr}
10000302:	f000 f8e1 	bl	100004c8 <log_version>
10000306:	bd10      	pop	{r4, pc}

10000308 <cmd_pong>:
10000308:	b510      	push	{r4, lr}
1000030a:	4802      	ldr	r0, [pc, #8]	@ (10000314 <cmd_pong+0xc>)
1000030c:	f003 ffa2 	bl	10004254 <__wrap_puts>
10000310:	bd10      	pop	{r4, pc}
10000312:	46c0      	nop			@ (mov r8, r8)
10000314:	100067e4 	.word	0x100067e4

10000318 <main>:
10000318:	b5f0      	push	{r4, r5, r6, r7, lr}
1000031a:	46de      	mov	lr, fp
1000031c:	4657      	mov	r7, sl
1000031e:	464e      	mov	r6, r9
10000320:	4645      	mov	r5, r8
10000322:	b5e0      	push	{r5, r6, r7, lr}
10000324:	b085      	sub	sp, #20
10000326:	f003 fefb 	bl	10004120 <stdio_init_all>
1000032a:	f000 f8a9 	bl	10000480 <led_init>
1000032e:	200f      	movs	r0, #15
10000330:	f000 f93c 	bl	100005ac <gpio_init>
10000334:	23d0      	movs	r3, #208	@ 0xd0
10000336:	2280      	movs	r2, #128	@ 0x80
10000338:	061b      	lsls	r3, r3, #24
1000033a:	0212      	lsls	r2, r2, #8
1000033c:	629a      	str	r2, [r3, #40]	@ 0x28
1000033e:	2101      	movs	r1, #1
10000340:	2200      	movs	r2, #0
10000342:	200f      	movs	r0, #15
10000344:	f000 f920 	bl	10000588 <gpio_set_pulls>
10000348:	4b3c      	ldr	r3, [pc, #240]	@ (1000043c <main+0x124>)
1000034a:	4c3d      	ldr	r4, [pc, #244]	@ (10000440 <main+0x128>)
1000034c:	4699      	mov	r9, r3
1000034e:	4b3d      	ldr	r3, [pc, #244]	@ (10000444 <main+0x12c>)
10000350:	4d3d      	ldr	r5, [pc, #244]	@ (10000448 <main+0x130>)
10000352:	4698      	mov	r8, r3
10000354:	4b3d      	ldr	r3, [pc, #244]	@ (1000044c <main+0x134>)
10000356:	4e3e      	ldr	r6, [pc, #248]	@ (10000450 <main+0x138>)
10000358:	469b      	mov	fp, r3
1000035a:	4b3e      	ldr	r3, [pc, #248]	@ (10000454 <main+0x13c>)
1000035c:	4f3e      	ldr	r7, [pc, #248]	@ (10000458 <main+0x140>)
1000035e:	9303      	str	r3, [sp, #12]
10000360:	4b3e      	ldr	r3, [pc, #248]	@ (1000045c <main+0x144>)
10000362:	9302      	str	r3, [sp, #8]
10000364:	4b3e      	ldr	r3, [pc, #248]	@ (10000460 <main+0x148>)
10000366:	9300      	str	r3, [sp, #0]
10000368:	4b3e      	ldr	r3, [pc, #248]	@ (10000464 <main+0x14c>)
1000036a:	9301      	str	r3, [sp, #4]
1000036c:	4b3e      	ldr	r3, [pc, #248]	@ (10000468 <main+0x150>)
1000036e:	469a      	mov	sl, r3
10000370:	2000      	movs	r0, #0
10000372:	f003 fed9 	bl	10004128 <stdio_getchar_timeout_us>
10000376:	1c83      	adds	r3, r0, #2
10000378:	d0fa      	beq.n	10000370 <main+0x58>
1000037a:	280d      	cmp	r0, #13
1000037c:	d00a      	beq.n	10000394 <main+0x7c>
1000037e:	280a      	cmp	r0, #10
10000380:	d008      	beq.n	10000394 <main+0x7c>
10000382:	6822      	ldr	r2, [r4, #0]
10000384:	1c53      	adds	r3, r2, #1
10000386:	2b1f      	cmp	r3, #31
10000388:	d8f2      	bhi.n	10000370 <main+0x58>
1000038a:	54a8      	strb	r0, [r5, r2]
1000038c:	6023      	str	r3, [r4, #0]
1000038e:	f003 ff17 	bl	100041c0 <__wrap_putchar>
10000392:	e7ed      	b.n	10000370 <main+0x58>
10000394:	200a      	movs	r0, #10
10000396:	f003 ff13 	bl	100041c0 <__wrap_putchar>
1000039a:	2200      	movs	r2, #0
1000039c:	6823      	ldr	r3, [r4, #0]
1000039e:	54ea      	strb	r2, [r5, r3]
100003a0:	2b00      	cmp	r3, #0
100003a2:	d102      	bne.n	100003aa <main+0x92>
100003a4:	2300      	movs	r3, #0
100003a6:	6023      	str	r3, [r4, #0]
100003a8:	e7e2      	b.n	10000370 <main+0x58>
100003aa:	4649      	mov	r1, r9
100003ac:	4640      	mov	r0, r8
100003ae:	324c      	adds	r2, #76	@ 0x4c
100003b0:	f000 f8a2 	bl	100004f8 <log_prefix>
100003b4:	0029      	movs	r1, r5
100003b6:	4658      	mov	r0, fp
100003b8:	f003 ffce 	bl	10004358 <__wrap_printf>
100003bc:	682b      	ldr	r3, [r5, #0]
100003be:	42b3      	cmp	r3, r6
100003c0:	d017      	beq.n	100003f2 <main+0xda>
100003c2:	682b      	ldr	r3, [r5, #0]
100003c4:	4553      	cmp	r3, sl
100003c6:	d023      	beq.n	10000410 <main+0xf8>
100003c8:	682b      	ldr	r3, [r5, #0]
100003ca:	42bb      	cmp	r3, r7
100003cc:	d026      	beq.n	1000041c <main+0x104>
100003ce:	4b27      	ldr	r3, [pc, #156]	@ (1000046c <main+0x154>)
100003d0:	682a      	ldr	r2, [r5, #0]
100003d2:	429a      	cmp	r2, r3
100003d4:	d027      	beq.n	10000426 <main+0x10e>
100003d6:	4b26      	ldr	r3, [pc, #152]	@ (10000470 <main+0x158>)
100003d8:	682a      	ldr	r2, [r5, #0]
100003da:	429a      	cmp	r2, r3
100003dc:	d029      	beq.n	10000432 <main+0x11a>
100003de:	9902      	ldr	r1, [sp, #8]
100003e0:	9800      	ldr	r0, [sp, #0]
100003e2:	2239      	movs	r2, #57	@ 0x39
100003e4:	f000 f888 	bl	100004f8 <log_prefix>
100003e8:	0029      	movs	r1, r5
100003ea:	9801      	ldr	r0, [sp, #4]
100003ec:	f003 ffb4 	bl	10004358 <__wrap_printf>
100003f0:	e7d8      	b.n	100003a4 <main+0x8c>
100003f2:	4b20      	ldr	r3, [pc, #128]	@ (10000474 <main+0x15c>)
100003f4:	88aa      	ldrh	r2, [r5, #4]
100003f6:	429a      	cmp	r2, r3
100003f8:	d1e3      	bne.n	100003c2 <main+0xaa>
100003fa:	79ab      	ldrb	r3, [r5, #6]
100003fc:	2b00      	cmp	r3, #0
100003fe:	d1e0      	bne.n	100003c2 <main+0xaa>
10000400:	9a03      	ldr	r2, [sp, #12]
10000402:	00db      	lsls	r3, r3, #3
10000404:	18d3      	adds	r3, r2, r3
10000406:	685b      	ldr	r3, [r3, #4]
10000408:	2b00      	cmp	r3, #0
1000040a:	d0cb      	beq.n	100003a4 <main+0x8c>
1000040c:	4798      	blx	r3
1000040e:	e7c9      	b.n	100003a4 <main+0x8c>
10000410:	4b19      	ldr	r3, [pc, #100]	@ (10000478 <main+0x160>)
10000412:	686a      	ldr	r2, [r5, #4]
10000414:	429a      	cmp	r2, r3
10000416:	d1d7      	bne.n	100003c8 <main+0xb0>
10000418:	2301      	movs	r3, #1
1000041a:	e7f1      	b.n	10000400 <main+0xe8>
1000041c:	792b      	ldrb	r3, [r5, #4]
1000041e:	2b00      	cmp	r3, #0
10000420:	d1d5      	bne.n	100003ce <main+0xb6>
10000422:	2302      	movs	r3, #2
10000424:	e7ec      	b.n	10000400 <main+0xe8>
10000426:	4b15      	ldr	r3, [pc, #84]	@ (1000047c <main+0x164>)
10000428:	686a      	ldr	r2, [r5, #4]
1000042a:	429a      	cmp	r2, r3
1000042c:	d1d3      	bne.n	100003d6 <main+0xbe>
1000042e:	2303      	movs	r3, #3
10000430:	e7e6      	b.n	10000400 <main+0xe8>
10000432:	792b      	ldrb	r3, [r5, #4]
10000434:	2b00      	cmp	r3, #0
10000436:	d1d2      	bne.n	100003de <main+0xc6>
10000438:	3304      	adds	r3, #4
1000043a:	e7e1      	b.n	10000400 <main+0xe8>
1000043c:	10006abc 	.word	0x10006abc
10000440:	20001c14 	.word	0x20001c14
10000444:	10006830 	.word	0x10006830
10000448:	20001bf4 	.word	0x20001bf4
1000044c:	10006834 	.word	0x10006834
10000450:	62616e65 	.word	0x62616e65
10000454:	10006af0 	.word	0x10006af0
10000458:	6f666e69 	.word	0x6f666e69
1000045c:	10006ac8 	.word	0x10006ac8
10000460:	10006814 	.word	0x10006814
10000464:	10006818 	.word	0x10006818
10000468:	61736964 	.word	0x61736964
1000046c:	73726576 	.word	0x73726576
10000470:	676e6970 	.word	0x676e6970
10000474:	0000656c 	.word	0x0000656c
10000478:	00656c62 	.word	0x00656c62
1000047c:	006e6f69 	.word	0x006e6f69

10000480 <led_init>:
10000480:	2019      	movs	r0, #25
10000482:	b510      	push	{r4, lr}
10000484:	f000 f892 	bl	100005ac <gpio_init>
10000488:	22d0      	movs	r2, #208	@ 0xd0
1000048a:	2180      	movs	r1, #128	@ 0x80
1000048c:	2000      	movs	r0, #0
1000048e:	4b03      	ldr	r3, [pc, #12]	@ (1000049c <led_init+0x1c>)
10000490:	0612      	lsls	r2, r2, #24
10000492:	0489      	lsls	r1, r1, #18
10000494:	6251      	str	r1, [r2, #36]	@ 0x24
10000496:	7018      	strb	r0, [r3, #0]
10000498:	6191      	str	r1, [r2, #24]
1000049a:	bd10      	pop	{r4, pc}
1000049c:	20001c67 	.word	0x20001c67

100004a0 <led_set>:
100004a0:	4b05      	ldr	r3, [pc, #20]	@ (100004b8 <led_set+0x18>)
100004a2:	2280      	movs	r2, #128	@ 0x80
100004a4:	7018      	strb	r0, [r3, #0]
100004a6:	23d0      	movs	r3, #208	@ 0xd0
100004a8:	0492      	lsls	r2, r2, #18
100004aa:	061b      	lsls	r3, r3, #24
100004ac:	2800      	cmp	r0, #0
100004ae:	d001      	beq.n	100004b4 <led_set+0x14>
100004b0:	615a      	str	r2, [r3, #20]
100004b2:	4770      	bx	lr
100004b4:	619a      	str	r2, [r3, #24]
100004b6:	e7fc      	b.n	100004b2 <led_set+0x12>
100004b8:	20001c67 	.word	0x20001c67

100004bc <led_is_on>:
100004bc:	4b01      	ldr	r3, [pc, #4]	@ (100004c4 <led_is_on+0x8>)
100004be:	7818      	ldrb	r0, [r3, #0]
100004c0:	4770      	bx	lr
100004c2:	46c0      	nop			@ (mov r8, r8)
100004c4:	20001c67 	.word	0x20001c67

100004c8 <log_version>:
100004c8:	b510      	push	{r4, lr}
100004ca:	2403      	movs	r4, #3
100004cc:	b082      	sub	sp, #8
100004ce:	9401      	str	r4, [sp, #4]
100004d0:	4c04      	ldr	r4, [pc, #16]	@ (100004e4 <log_version+0x1c>)
100004d2:	4b05      	ldr	r3, [pc, #20]	@ (100004e8 <log_version+0x20>)
100004d4:	4a05      	ldr	r2, [pc, #20]	@ (100004ec <log_version+0x24>)
100004d6:	4906      	ldr	r1, [pc, #24]	@ (100004f0 <log_version+0x28>)
100004d8:	9400      	str	r4, [sp, #0]
100004da:	4806      	ldr	r0, [pc, #24]	@ (100004f4 <log_version+0x2c>)
100004dc:	f003 ff3c 	bl	10004358 <__wrap_printf>
100004e0:	b002      	add	sp, #8
100004e2:	bd10      	pop	{r4, pc}
100004e4:	1000688c 	.word	0x1000688c
100004e8:	1000683c 	.word	0x1000683c
100004ec:	10006848 	.word	0x10006848
100004f0:	10006850 	.word	0x10006850
100004f4:	10006860 	.word	0x10006860

100004f8 <log_prefix>:
100004f8:	4684      	mov	ip, r0
100004fa:	b510      	push	{r4, lr}
100004fc:	0013      	movs	r3, r2
100004fe:	000a      	movs	r2, r1
10000500:	4802      	ldr	r0, [pc, #8]	@ (1000050c <log_prefix+0x14>)
10000502:	4661      	mov	r1, ip
10000504:	f003 ff28 	bl	10004358 <__wrap_printf>
10000508:	bd10      	pop	{r4, pc}
1000050a:	46c0      	nop			@ (mov r8, r8)
1000050c:	10006898 	.word	0x10006898

10000510 <device_info>:
10000510:	b510      	push	{r4, lr}
10000512:	b086      	sub	sp, #24
10000514:	a801      	add	r0, sp, #4
10000516:	2111      	movs	r1, #17
10000518:	f004 f972 	bl	10004800 <pico_get_unique_board_id_string>
1000051c:	2380      	movs	r3, #128	@ 0x80
1000051e:	4910      	ldr	r1, [pc, #64]	@ (10000560 <device_info+0x50>)
10000520:	05db      	lsls	r3, r3, #23
10000522:	4810      	ldr	r0, [pc, #64]	@ (10000564 <device_info+0x54>)
10000524:	681c      	ldr	r4, [r3, #0]
10000526:	f003 ff17 	bl	10004358 <__wrap_printf>
1000052a:	490f      	ldr	r1, [pc, #60]	@ (10000568 <device_info+0x58>)
1000052c:	480f      	ldr	r0, [pc, #60]	@ (1000056c <device_info+0x5c>)
1000052e:	f003 ff13 	bl	10004358 <__wrap_printf>
10000532:	490f      	ldr	r1, [pc, #60]	@ (10000570 <device_info+0x60>)
10000534:	480f      	ldr	r0, [pc, #60]	@ (10000574 <device_info+0x64>)
10000536:	f003 ff0f 	bl	10004358 <__wrap_printf>
1000053a:	a901      	add	r1, sp, #4
1000053c:	480e      	ldr	r0, [pc, #56]	@ (10000578 <device_info+0x68>)
1000053e:	f003 ff0b 	bl	10004358 <__wrap_printf>
10000542:	0122      	lsls	r2, r4, #4
10000544:	0521      	lsls	r1, r4, #20
10000546:	0f23      	lsrs	r3, r4, #28
10000548:	0c12      	lsrs	r2, r2, #16
1000054a:	0d09      	lsrs	r1, r1, #20
1000054c:	480b      	ldr	r0, [pc, #44]	@ (1000057c <device_info+0x6c>)
1000054e:	f003 ff03 	bl	10004358 <__wrap_printf>
10000552:	490b      	ldr	r1, [pc, #44]	@ (10000580 <device_info+0x70>)
10000554:	480b      	ldr	r0, [pc, #44]	@ (10000584 <device_info+0x74>)
10000556:	f003 feff 	bl	10004358 <__wrap_printf>
1000055a:	b006      	add	sp, #24
1000055c:	bd10      	pop	{r4, pc}
1000055e:	46c0      	nop			@ (mov r8, r8)
10000560:	100068a4 	.word	0x100068a4
10000564:	100068b4 	.word	0x100068b4
10000568:	100068c4 	.word	0x100068c4
1000056c:	100068ec 	.word	0x100068ec
10000570:	100068f8 	.word	0x100068f8
10000574:	10006900 	.word	0x10006900
10000578:	1000690c 	.word	0x1000690c
1000057c:	10006918 	.word	0x10006918
10000580:	10006950 	.word	0x10006950
10000584:	10006958 	.word	0x10006958

10000588 <gpio_set_pulls>:
10000588:	4b06      	ldr	r3, [pc, #24]	@ (100005a4 <gpio_set_pulls+0x1c>)
1000058a:	0080      	lsls	r0, r0, #2
1000058c:	18c3      	adds	r3, r0, r3
1000058e:	681b      	ldr	r3, [r3, #0]
10000590:	00c9      	lsls	r1, r1, #3
10000592:	0092      	lsls	r2, r2, #2
10000594:	430a      	orrs	r2, r1
10000596:	405a      	eors	r2, r3
10000598:	230c      	movs	r3, #12
1000059a:	4013      	ands	r3, r2
1000059c:	4a02      	ldr	r2, [pc, #8]	@ (100005a8 <gpio_set_pulls+0x20>)
1000059e:	1880      	adds	r0, r0, r2
100005a0:	6003      	str	r3, [r0, #0]
100005a2:	4770      	bx	lr
100005a4:	4001c004 	.word	0x4001c004
100005a8:	4001d004 	.word	0x4001d004

100005ac <gpio_init>:
100005ac:	2301      	movs	r3, #1
100005ae:	22d0      	movs	r2, #208	@ 0xd0
100005b0:	4083      	lsls	r3, r0
100005b2:	0612      	lsls	r2, r2, #24
100005b4:	6293      	str	r3, [r2, #40]	@ 0x28
100005b6:	6193      	str	r3, [r2, #24]
100005b8:	4a08      	ldr	r2, [pc, #32]	@ (100005dc <gpio_init+0x30>)
100005ba:	0083      	lsls	r3, r0, #2
100005bc:	189a      	adds	r2, r3, r2
100005be:	6811      	ldr	r1, [r2, #0]
100005c0:	2240      	movs	r2, #64	@ 0x40
100005c2:	4051      	eors	r1, r2
100005c4:	3280      	adds	r2, #128	@ 0x80
100005c6:	400a      	ands	r2, r1
100005c8:	4905      	ldr	r1, [pc, #20]	@ (100005e0 <gpio_init+0x34>)
100005ca:	00c0      	lsls	r0, r0, #3
100005cc:	185b      	adds	r3, r3, r1
100005ce:	601a      	str	r2, [r3, #0]
100005d0:	4b04      	ldr	r3, [pc, #16]	@ (100005e4 <gpio_init+0x38>)
100005d2:	18c0      	adds	r0, r0, r3
100005d4:	2305      	movs	r3, #5
100005d6:	6043      	str	r3, [r0, #4]
100005d8:	4770      	bx	lr
100005da:	46c0      	nop			@ (mov r8, r8)
100005dc:	4001c004 	.word	0x4001c004
100005e0:	4001d004 	.word	0x4001d004
100005e4:	40014000 	.word	0x40014000

100005e8 <rp2040_chip_version>:
100005e8:	2380      	movs	r3, #128	@ 0x80
100005ea:	05db      	lsls	r3, r3, #23
100005ec:	6818      	ldr	r0, [r3, #0]
100005ee:	0f00      	lsrs	r0, r0, #28
100005f0:	4770      	bx	lr
100005f2:	46c0      	nop			@ (mov r8, r8)

100005f4 <panic>:
100005f4:	b40f      	push	{r0, r1, r2, r3}
100005f6:	b500      	push	{lr}
100005f8:	4808      	ldr	r0, [pc, #32]	@ (1000061c <panic+0x28>)
100005fa:	b083      	sub	sp, #12
100005fc:	f003 fe2a 	bl	10004254 <__wrap_puts>
10000600:	9b04      	ldr	r3, [sp, #16]
10000602:	2b00      	cmp	r3, #0
10000604:	d007      	beq.n	10000616 <panic+0x22>
10000606:	a905      	add	r1, sp, #20
10000608:	0018      	movs	r0, r3
1000060a:	9101      	str	r1, [sp, #4]
1000060c:	f003 fc44 	bl	10003e98 <weak_raw_vprintf>
10000610:	4803      	ldr	r0, [pc, #12]	@ (10000620 <panic+0x2c>)
10000612:	f003 fe1f 	bl	10004254 <__wrap_puts>
10000616:	2001      	movs	r0, #1
10000618:	f003 fc56 	bl	10003ec8 <_exit>
1000061c:	10006968 	.word	0x10006968
10000620:	1000682c 	.word	0x1000682c

10000624 <hw_claim_or_assert>:
10000624:	b570      	push	{r4, r5, r6, lr}
10000626:	468c      	mov	ip, r1
10000628:	0016      	movs	r6, r2
1000062a:	f3ef 8410 	mrs	r4, PRIMASK
1000062e:	b672      	cpsid	i
10000630:	490f      	ldr	r1, [pc, #60]	@ (10000670 <hw_claim_or_assert+0x4c>)
10000632:	680b      	ldr	r3, [r1, #0]
10000634:	2b00      	cmp	r3, #0
10000636:	d0fc      	beq.n	10000632 <hw_claim_or_assert+0xe>
10000638:	f3bf 8f5f 	dmb	sy
1000063c:	4663      	mov	r3, ip
1000063e:	08db      	lsrs	r3, r3, #3
10000640:	18c5      	adds	r5, r0, r3
10000642:	2207      	movs	r2, #7
10000644:	5cc0      	ldrb	r0, [r0, r3]
10000646:	4663      	mov	r3, ip
10000648:	401a      	ands	r2, r3
1000064a:	2301      	movs	r3, #1
1000064c:	4093      	lsls	r3, r2
1000064e:	001a      	movs	r2, r3
10000650:	4002      	ands	r2, r0
10000652:	4203      	tst	r3, r0
10000654:	d107      	bne.n	10000666 <hw_claim_or_assert+0x42>
10000656:	4318      	orrs	r0, r3
10000658:	7028      	strb	r0, [r5, #0]
1000065a:	f3bf 8f5f 	dmb	sy
1000065e:	600a      	str	r2, [r1, #0]
10000660:	f384 8810 	msr	PRIMASK, r4
10000664:	bd70      	pop	{r4, r5, r6, pc}
10000666:	4661      	mov	r1, ip
10000668:	0030      	movs	r0, r6
1000066a:	f7ff ffc3 	bl	100005f4 <panic>
1000066e:	46c0      	nop			@ (mov r8, r8)
10000670:	d000012c 	.word	0xd000012c

10000674 <hw_claim_unused_from_range>:
10000674:	b5f8      	push	{r3, r4, r5, r6, r7, lr}
10000676:	46ce      	mov	lr, r9
10000678:	4647      	mov	r7, r8
1000067a:	468c      	mov	ip, r1
1000067c:	b580      	push	{r7, lr}
1000067e:	001c      	movs	r4, r3
10000680:	f3ef 8810 	mrs	r8, PRIMASK
10000684:	b672      	cpsid	i
10000686:	491c      	ldr	r1, [pc, #112]	@ (100006f8 <hw_claim_unused_from_range+0x84>)
10000688:	680b      	ldr	r3, [r1, #0]
1000068a:	2b00      	cmp	r3, #0
1000068c:	d0fc      	beq.n	10000688 <hw_claim_unused_from_range+0x14>
1000068e:	f3bf 8f5f 	dmb	sy
10000692:	42a2      	cmp	r2, r4
10000694:	d821      	bhi.n	100006da <hw_claim_unused_from_range+0x66>
10000696:	2307      	movs	r3, #7
10000698:	4699      	mov	r9, r3
1000069a:	e002      	b.n	100006a2 <hw_claim_unused_from_range+0x2e>
1000069c:	3201      	adds	r2, #1
1000069e:	4294      	cmp	r4, r2
100006a0:	d318      	bcc.n	100006d4 <hw_claim_unused_from_range+0x60>
100006a2:	4649      	mov	r1, r9
100006a4:	2601      	movs	r6, #1
100006a6:	4011      	ands	r1, r2
100006a8:	408e      	lsls	r6, r1
100006aa:	08d3      	lsrs	r3, r2, #3
100006ac:	18c7      	adds	r7, r0, r3
100006ae:	5cc3      	ldrb	r3, [r0, r3]
100006b0:	421e      	tst	r6, r3
100006b2:	d1f3      	bne.n	1000069c <hw_claim_unused_from_range+0x28>
100006b4:	0010      	movs	r0, r2
100006b6:	4333      	orrs	r3, r6
100006b8:	703b      	strb	r3, [r7, #0]
100006ba:	f3bf 8f5f 	dmb	sy
100006be:	2200      	movs	r2, #0
100006c0:	4b0d      	ldr	r3, [pc, #52]	@ (100006f8 <hw_claim_unused_from_range+0x84>)
100006c2:	601a      	str	r2, [r3, #0]
100006c4:	f388 8810 	msr	PRIMASK, r8
100006c8:	2800      	cmp	r0, #0
100006ca:	db0e      	blt.n	100006ea <hw_claim_unused_from_range+0x76>
100006cc:	bcc0      	pop	{r6, r7}
100006ce:	46b9      	mov	r9, r7
100006d0:	46b0      	mov	r8, r6
100006d2:	bdf8      	pop	{r3, r4, r5, r6, r7, pc}
100006d4:	2001      	movs	r0, #1
100006d6:	4240      	negs	r0, r0
100006d8:	e7ef      	b.n	100006ba <hw_claim_unused_from_range+0x46>
100006da:	f3bf 8f5f 	dmb	sy
100006de:	2300      	movs	r3, #0
100006e0:	600b      	str	r3, [r1, #0]
100006e2:	f388 8810 	msr	PRIMASK, r8
100006e6:	2001      	movs	r0, #1
100006e8:	4240      	negs	r0, r0
100006ea:	4663      	mov	r3, ip
100006ec:	2b00      	cmp	r3, #0
100006ee:	d0ed      	beq.n	100006cc <hw_claim_unused_from_range+0x58>
100006f0:	9808      	ldr	r0, [sp, #32]
100006f2:	f7ff ff7f 	bl	100005f4 <panic>
100006f6:	46c0      	nop			@ (mov r8, r8)
100006f8:	d000012c 	.word	0xd000012c

100006fc <next_striped_spin_lock_num>:
100006fc:	4a04      	ldr	r2, [pc, #16]	@ (10000710 <next_striped_spin_lock_num+0x14>)
100006fe:	7810      	ldrb	r0, [r2, #0]
10000700:	1c43      	adds	r3, r0, #1
10000702:	b2db      	uxtb	r3, r3
10000704:	2b17      	cmp	r3, #23
10000706:	d900      	bls.n	1000070a <next_striped_spin_lock_num+0xe>
10000708:	2310      	movs	r3, #16
1000070a:	7013      	strb	r3, [r2, #0]
1000070c:	4770      	bx	lr
1000070e:	46c0      	nop			@ (mov r8, r8)
10000710:	20000f40 	.word	0x20000f40

10000714 <spin_lock_claim_unused>:
10000714:	b500      	push	{lr}
10000716:	4b05      	ldr	r3, [pc, #20]	@ (1000072c <spin_lock_claim_unused+0x18>)
10000718:	b083      	sub	sp, #12
1000071a:	0001      	movs	r1, r0
1000071c:	9300      	str	r3, [sp, #0]
1000071e:	2218      	movs	r2, #24
10000720:	231f      	movs	r3, #31
10000722:	4803      	ldr	r0, [pc, #12]	@ (10000730 <spin_lock_claim_unused+0x1c>)
10000724:	f7ff ffa6 	bl	10000674 <hw_claim_unused_from_range>
10000728:	b003      	add	sp, #12
1000072a:	bd00      	pop	{pc}
1000072c:	10006978 	.word	0x10006978
10000730:	2000178c 	.word	0x2000178c

10000734 <spin_locks_reset>:
10000734:	2100      	movs	r1, #0
10000736:	4b04      	ldr	r3, [pc, #16]	@ (10000748 <spin_locks_reset+0x14>)
10000738:	4a04      	ldr	r2, [pc, #16]	@ (1000074c <spin_locks_reset+0x18>)
1000073a:	f3bf 8f5f 	dmb	sy
1000073e:	c302      	stmia	r3!, {r1}
10000740:	4293      	cmp	r3, r2
10000742:	d1fa      	bne.n	1000073a <spin_locks_reset+0x6>
10000744:	4770      	bx	lr
10000746:	46c0      	nop			@ (mov r8, r8)
10000748:	d0000100 	.word	0xd0000100
1000074c:	d0000180 	.word	0xd0000180

10000750 <runtime_init_per_core_irq_priorities>:
10000750:	4b08      	ldr	r3, [pc, #32]	@ (10000774 <runtime_init_per_core_irq_priorities+0x24>)
10000752:	4a09      	ldr	r2, [pc, #36]	@ (10000778 <runtime_init_per_core_irq_priorities+0x28>)
10000754:	6013      	str	r3, [r2, #0]
10000756:	4a09      	ldr	r2, [pc, #36]	@ (1000077c <runtime_init_per_core_irq_priorities+0x2c>)
10000758:	6013      	str	r3, [r2, #0]
1000075a:	4a09      	ldr	r2, [pc, #36]	@ (10000780 <runtime_init_per_core_irq_priorities+0x30>)
1000075c:	6013      	str	r3, [r2, #0]
1000075e:	4a09      	ldr	r2, [pc, #36]	@ (10000784 <runtime_init_per_core_irq_priorities+0x34>)
10000760:	6013      	str	r3, [r2, #0]
10000762:	4a09      	ldr	r2, [pc, #36]	@ (10000788 <runtime_init_per_core_irq_priorities+0x38>)
10000764:	6013      	str	r3, [r2, #0]
10000766:	4a09      	ldr	r2, [pc, #36]	@ (1000078c <runtime_init_per_core_irq_priorities+0x3c>)
10000768:	6013      	str	r3, [r2, #0]
1000076a:	4a09      	ldr	r2, [pc, #36]	@ (10000790 <runtime_init_per_core_irq_priorities+0x40>)
1000076c:	6013      	str	r3, [r2, #0]
1000076e:	4a09      	ldr	r2, [pc, #36]	@ (10000794 <runtime_init_per_core_irq_priorities+0x44>)
10000770:	6013      	str	r3, [r2, #0]
10000772:	4770      	bx	lr
10000774:	80808080 	.word	0x80808080
10000778:	e000e400 	.word	0xe000e400
1000077c:	e000e404 	.word	0xe000e404
10000780:	e000e408 	.word	0xe000e408
10000784:	e000e40c 	.word	0xe000e40c
10000788:	e000e410 	.word	0xe000e410
1000078c:	e000e414 	.word	0xe000e414
10000790:	e000e418 	.word	0xe000e418
10000794:	e000e41c 	.word	0xe000e41c

10000798 <irq_set_enabled>:
10000798:	231f      	movs	r3, #31
1000079a:	4018      	ands	r0, r3
1000079c:	3b1e      	subs	r3, #30
1000079e:	4083      	lsls	r3, r0
100007a0:	2900      	cmp	r1, #0
100007a2:	d005      	beq.n	100007b0 <irq_set_enabled+0x18>
100007a4:	21c0      	movs	r1, #192	@ 0xc0
100007a6:	4a04      	ldr	r2, [pc, #16]	@ (100007b8 <irq_set_enabled+0x20>)
100007a8:	0049      	lsls	r1, r1, #1
100007aa:	5053      	str	r3, [r2, r1]
100007ac:	6013      	str	r3, [r2, #0]
100007ae:	4770      	bx	lr
100007b0:	2280      	movs	r2, #128	@ 0x80
100007b2:	4901      	ldr	r1, [pc, #4]	@ (100007b8 <irq_set_enabled+0x20>)
100007b4:	508b      	str	r3, [r1, r2]
100007b6:	e7fa      	b.n	100007ae <irq_set_enabled+0x16>
100007b8:	e000e100 	.word	0xe000e100

100007bc <irq_is_enabled>:
100007bc:	2201      	movs	r2, #1
100007be:	4082      	lsls	r2, r0
100007c0:	4b03      	ldr	r3, [pc, #12]	@ (100007d0 <irq_is_enabled+0x14>)
100007c2:	681b      	ldr	r3, [r3, #0]
100007c4:	4013      	ands	r3, r2
100007c6:	1e5a      	subs	r2, r3, #1
100007c8:	4193      	sbcs	r3, r2
100007ca:	b2d8      	uxtb	r0, r3
100007cc:	4770      	bx	lr
100007ce:	46c0      	nop			@ (mov r8, r8)
100007d0:	e000e100 	.word	0xe000e100

100007d4 <irq_set_pending>:
100007d4:	2301      	movs	r3, #1
100007d6:	4083      	lsls	r3, r0
100007d8:	4a01      	ldr	r2, [pc, #4]	@ (100007e0 <irq_set_pending+0xc>)
100007da:	6013      	str	r3, [r2, #0]
100007dc:	4770      	bx	lr
100007de:	46c0      	nop			@ (mov r8, r8)
100007e0:	e000e200 	.word	0xe000e200

100007e4 <irq_has_shared_handler>:
100007e4:	4b05      	ldr	r3, [pc, #20]	@ (100007fc <irq_has_shared_handler+0x18>)
100007e6:	3010      	adds	r0, #16
100007e8:	689b      	ldr	r3, [r3, #8]
100007ea:	0080      	lsls	r0, r0, #2
100007ec:	58c3      	ldr	r3, [r0, r3]
100007ee:	4a04      	ldr	r2, [pc, #16]	@ (10000800 <irq_has_shared_handler+0x1c>)
100007f0:	2000      	movs	r0, #0
100007f2:	1a9b      	subs	r3, r3, r2
100007f4:	2247      	movs	r2, #71	@ 0x47
100007f6:	429a      	cmp	r2, r3
100007f8:	4140      	adcs	r0, r0
100007fa:	4770      	bx	lr
100007fc:	e000ed00 	.word	0xe000ed00
10000800:	20000f44 	.word	0x20000f44

10000804 <irq_set_exclusive_handler>:
10000804:	b510      	push	{r4, lr}
10000806:	f3ef 8c10 	mrs	ip, PRIMASK
1000080a:	b672      	cpsid	i
1000080c:	4a0f      	ldr	r2, [pc, #60]	@ (1000084c <irq_set_exclusive_handler+0x48>)
1000080e:	6813      	ldr	r3, [r2, #0]
10000810:	2b00      	cmp	r3, #0
10000812:	d0fc      	beq.n	1000080e <irq_set_exclusive_handler+0xa>
10000814:	f3bf 8f5f 	dmb	sy
10000818:	4b0d      	ldr	r3, [pc, #52]	@ (10000850 <irq_set_exclusive_handler+0x4c>)
1000081a:	3010      	adds	r0, #16
1000081c:	689b      	ldr	r3, [r3, #8]
1000081e:	0080      	lsls	r0, r0, #2
10000820:	581b      	ldr	r3, [r3, r0]
10000822:	4a0c      	ldr	r2, [pc, #48]	@ (10000854 <irq_set_exclusive_handler+0x50>)
10000824:	4293      	cmp	r3, r2
10000826:	d001      	beq.n	1000082c <irq_set_exclusive_handler+0x28>
10000828:	4299      	cmp	r1, r3
1000082a:	d10c      	bne.n	10000846 <irq_set_exclusive_handler+0x42>
1000082c:	4b08      	ldr	r3, [pc, #32]	@ (10000850 <irq_set_exclusive_handler+0x4c>)
1000082e:	689b      	ldr	r3, [r3, #8]
10000830:	5019      	str	r1, [r3, r0]
10000832:	f3bf 8f5f 	dmb	sy
10000836:	f3bf 8f5f 	dmb	sy
1000083a:	2200      	movs	r2, #0
1000083c:	4b03      	ldr	r3, [pc, #12]	@ (1000084c <irq_set_exclusive_handler+0x48>)
1000083e:	601a      	str	r2, [r3, #0]
10000840:	f38c 8810 	msr	PRIMASK, ip
10000844:	bd10      	pop	{r4, pc}
10000846:	f000 ff91 	bl	1000176c <hard_assertion_failure>
1000084a:	46c0      	nop			@ (mov r8, r8)
1000084c:	d0000124 	.word	0xd0000124
10000850:	e000ed00 	.word	0xe000ed00
10000854:	100001c1 	.word	0x100001c1

10000858 <irq_add_shared_handler>:
10000858:	b5f0      	push	{r4, r5, r6, r7, lr}
1000085a:	46de      	mov	lr, fp
1000085c:	4657      	mov	r7, sl
1000085e:	464e      	mov	r6, r9
10000860:	4645      	mov	r5, r8
10000862:	b5e0      	push	{r5, r6, r7, lr}
10000864:	468b      	mov	fp, r1
10000866:	b085      	sub	sp, #20
10000868:	f3ef 8810 	mrs	r8, PRIMASK
1000086c:	b672      	cpsid	i
1000086e:	0016      	movs	r6, r2
10000870:	4a5b      	ldr	r2, [pc, #364]	@ (100009e0 <irq_add_shared_handler+0x188>)
10000872:	6813      	ldr	r3, [r2, #0]
10000874:	2b00      	cmp	r3, #0
10000876:	d0fc      	beq.n	10000872 <irq_add_shared_handler+0x1a>
10000878:	46b2      	mov	sl, r6
1000087a:	f3bf 8f5f 	dmb	sy
1000087e:	2500      	movs	r5, #0
10000880:	4958      	ldr	r1, [pc, #352]	@ (100009e4 <irq_add_shared_handler+0x18c>)
10000882:	574d      	ldrsb	r5, [r1, r5]
10000884:	2d00      	cmp	r5, #0
10000886:	da00      	bge.n	1000088a <irq_add_shared_handler+0x32>
10000888:	e0a8      	b.n	100009dc <irq_add_shared_handler+0x184>
1000088a:	006b      	lsls	r3, r5, #1
1000088c:	4a56      	ldr	r2, [pc, #344]	@ (100009e8 <irq_add_shared_handler+0x190>)
1000088e:	9301      	str	r3, [sp, #4]
10000890:	195b      	adds	r3, r3, r5
10000892:	009b      	lsls	r3, r3, #2
10000894:	18d4      	adds	r4, r2, r3
10000896:	79a7      	ldrb	r7, [r4, #6]
10000898:	3010      	adds	r0, #16
1000089a:	700f      	strb	r7, [r1, #0]
1000089c:	4953      	ldr	r1, [pc, #332]	@ (100009ec <irq_add_shared_handler+0x194>)
1000089e:	0080      	lsls	r0, r0, #2
100008a0:	6889      	ldr	r1, [r1, #8]
100008a2:	4684      	mov	ip, r0
100008a4:	580f      	ldr	r7, [r1, r0]
100008a6:	1ab9      	subs	r1, r7, r2
100008a8:	2947      	cmp	r1, #71	@ 0x47
100008aa:	d833      	bhi.n	10000914 <irq_add_shared_handler+0xbc>
100008ac:	2001      	movs	r0, #1
100008ae:	0039      	movs	r1, r7
100008b0:	4381      	bics	r1, r0
100008b2:	79ce      	ldrb	r6, [r1, #7]
100008b4:	4556      	cmp	r6, sl
100008b6:	d800      	bhi.n	100008ba <irq_add_shared_handler+0x62>
100008b8:	e06a      	b.n	10000990 <irq_add_shared_handler+0x138>
100008ba:	46a1      	mov	r9, r4
100008bc:	4656      	mov	r6, sl
100008be:	9303      	str	r3, [sp, #12]
100008c0:	e007      	b.n	100008d2 <irq_add_shared_handler+0x7a>
100008c2:	0058      	lsls	r0, r3, #1
100008c4:	18c0      	adds	r0, r0, r3
100008c6:	0080      	lsls	r0, r0, #2
100008c8:	1810      	adds	r0, r2, r0
100008ca:	79c4      	ldrb	r4, [r0, #7]
100008cc:	42b4      	cmp	r4, r6
100008ce:	d94d      	bls.n	1000096c <irq_add_shared_handler+0x114>
100008d0:	0001      	movs	r1, r0
100008d2:	2306      	movs	r3, #6
100008d4:	56cb      	ldrsb	r3, [r1, r3]
100008d6:	2b00      	cmp	r3, #0
100008d8:	daf3      	bge.n	100008c2 <irq_add_shared_handler+0x6a>
100008da:	1d08      	adds	r0, r1, #4
100008dc:	464c      	mov	r4, r9
100008de:	46b2      	mov	sl, r6
100008e0:	4681      	mov	r9, r0
100008e2:	9302      	str	r3, [sp, #8]
100008e4:	4b42      	ldr	r3, [pc, #264]	@ (100009f0 <irq_add_shared_handler+0x198>)
100008e6:	464e      	mov	r6, r9
100008e8:	3c04      	subs	r4, #4
100008ea:	1ba4      	subs	r4, r4, r6
100008ec:	0524      	lsls	r4, r4, #20
100008ee:	4e41      	ldr	r6, [pc, #260]	@ (100009f4 <irq_add_shared_handler+0x19c>)
100008f0:	0d64      	lsrs	r4, r4, #21
100008f2:	4334      	orrs	r4, r6
100008f4:	808c      	strh	r4, [r1, #4]
100008f6:	718d      	strb	r5, [r1, #6]
100008f8:	9901      	ldr	r1, [sp, #4]
100008fa:	1949      	adds	r1, r1, r5
100008fc:	0089      	lsls	r1, r1, #2
100008fe:	1852      	adds	r2, r2, r1
10000900:	8093      	strh	r3, [r2, #4]
10000902:	9b02      	ldr	r3, [sp, #8]
10000904:	493c      	ldr	r1, [pc, #240]	@ (100009f8 <irq_add_shared_handler+0x1a0>)
10000906:	7193      	strb	r3, [r2, #6]
10000908:	4653      	mov	r3, sl
1000090a:	71d3      	strb	r3, [r2, #7]
1000090c:	465b      	mov	r3, fp
1000090e:	6011      	str	r1, [r2, #0]
10000910:	6093      	str	r3, [r2, #8]
10000912:	e017      	b.n	10000944 <irq_add_shared_handler+0xec>
10000914:	4939      	ldr	r1, [pc, #228]	@ (100009fc <irq_add_shared_handler+0x1a4>)
10000916:	428f      	cmp	r7, r1
10000918:	d160      	bne.n	100009dc <irq_add_shared_handler+0x184>
1000091a:	4939      	ldr	r1, [pc, #228]	@ (10000a00 <irq_add_shared_handler+0x1a8>)
1000091c:	2701      	movs	r7, #1
1000091e:	52d1      	strh	r1, [r2, r3]
10000920:	4938      	ldr	r1, [pc, #224]	@ (10000a04 <irq_add_shared_handler+0x1ac>)
10000922:	3302      	adds	r3, #2
10000924:	18d3      	adds	r3, r2, r3
10000926:	3904      	subs	r1, #4
10000928:	1acb      	subs	r3, r1, r3
1000092a:	4a32      	ldr	r2, [pc, #200]	@ (100009f4 <irq_add_shared_handler+0x19c>)
1000092c:	051b      	lsls	r3, r3, #20
1000092e:	0d5b      	lsrs	r3, r3, #21
10000930:	4313      	orrs	r3, r2
10000932:	8063      	strh	r3, [r4, #2]
10000934:	4b34      	ldr	r3, [pc, #208]	@ (10000a08 <irq_add_shared_handler+0x1b0>)
10000936:	71e6      	strb	r6, [r4, #7]
10000938:	80a3      	strh	r3, [r4, #4]
1000093a:	23ff      	movs	r3, #255	@ 0xff
1000093c:	71a3      	strb	r3, [r4, #6]
1000093e:	465b      	mov	r3, fp
10000940:	4327      	orrs	r7, r4
10000942:	60a3      	str	r3, [r4, #8]
10000944:	4662      	mov	r2, ip
10000946:	4b29      	ldr	r3, [pc, #164]	@ (100009ec <irq_add_shared_handler+0x194>)
10000948:	689b      	ldr	r3, [r3, #8]
1000094a:	509f      	str	r7, [r3, r2]
1000094c:	f3bf 8f5f 	dmb	sy
10000950:	f3bf 8f5f 	dmb	sy
10000954:	2200      	movs	r2, #0
10000956:	4b22      	ldr	r3, [pc, #136]	@ (100009e0 <irq_add_shared_handler+0x188>)
10000958:	601a      	str	r2, [r3, #0]
1000095a:	f388 8810 	msr	PRIMASK, r8
1000095e:	b005      	add	sp, #20
10000960:	bcf0      	pop	{r4, r5, r6, r7}
10000962:	46bb      	mov	fp, r7
10000964:	46b2      	mov	sl, r6
10000966:	46a9      	mov	r9, r5
10000968:	46a0      	mov	r8, r4
1000096a:	bdf0      	pop	{r4, r5, r6, r7, pc}
1000096c:	46b2      	mov	sl, r6
1000096e:	1d0e      	adds	r6, r1, #4
10000970:	464c      	mov	r4, r9
10000972:	46b1      	mov	r9, r6
10000974:	8888      	ldrh	r0, [r1, #4]
10000976:	9302      	str	r3, [sp, #8]
10000978:	9b03      	ldr	r3, [sp, #12]
1000097a:	0540      	lsls	r0, r0, #21
1000097c:	1500      	asrs	r0, r0, #20
1000097e:	3304      	adds	r3, #4
10000980:	4448      	add	r0, r9
10000982:	18d3      	adds	r3, r2, r3
10000984:	1ac3      	subs	r3, r0, r3
10000986:	051b      	lsls	r3, r3, #20
10000988:	481a      	ldr	r0, [pc, #104]	@ (100009f4 <irq_add_shared_handler+0x19c>)
1000098a:	0d5b      	lsrs	r3, r3, #21
1000098c:	4303      	orrs	r3, r0
1000098e:	e7aa      	b.n	100008e6 <irq_add_shared_handler+0x8e>
10000990:	1c9e      	adds	r6, r3, #2
10000992:	46b1      	mov	r9, r6
10000994:	4491      	add	r9, r2
10000996:	464e      	mov	r6, r9
10000998:	000f      	movs	r7, r1
1000099a:	4d1c      	ldr	r5, [pc, #112]	@ (10000a0c <irq_add_shared_handler+0x1b4>)
1000099c:	1abf      	subs	r7, r7, r2
1000099e:	417f      	adcs	r7, r7
100009a0:	437d      	muls	r5, r7
100009a2:	0d2d      	lsrs	r5, r5, #20
100009a4:	4f16      	ldr	r7, [pc, #88]	@ (10000a00 <irq_add_shared_handler+0x1a8>)
100009a6:	71a5      	strb	r5, [r4, #6]
100009a8:	52d7      	strh	r7, [r2, r3]
100009aa:	4f16      	ldr	r7, [pc, #88]	@ (10000a04 <irq_add_shared_handler+0x1ac>)
100009ac:	3304      	adds	r3, #4
100009ae:	3f04      	subs	r7, #4
100009b0:	18d3      	adds	r3, r2, r3
100009b2:	1bbf      	subs	r7, r7, r6
100009b4:	1acb      	subs	r3, r1, r3
100009b6:	053f      	lsls	r7, r7, #20
100009b8:	3b04      	subs	r3, #4
100009ba:	0d7e      	lsrs	r6, r7, #21
100009bc:	051b      	lsls	r3, r3, #20
100009be:	4f0d      	ldr	r7, [pc, #52]	@ (100009f4 <irq_add_shared_handler+0x19c>)
100009c0:	0d5b      	lsrs	r3, r3, #21
100009c2:	433e      	orrs	r6, r7
100009c4:	431f      	orrs	r7, r3
100009c6:	4653      	mov	r3, sl
100009c8:	71e3      	strb	r3, [r4, #7]
100009ca:	465b      	mov	r3, fp
100009cc:	60a3      	str	r3, [r4, #8]
100009ce:	4b0a      	ldr	r3, [pc, #40]	@ (100009f8 <irq_add_shared_handler+0x1a0>)
100009d0:	80a7      	strh	r7, [r4, #4]
100009d2:	8066      	strh	r6, [r4, #2]
100009d4:	4304      	orrs	r4, r0
100009d6:	0027      	movs	r7, r4
100009d8:	600b      	str	r3, [r1, #0]
100009da:	e7b3      	b.n	10000944 <irq_add_shared_handler+0xec>
100009dc:	f000 fec6 	bl	1000176c <hard_assertion_failure>
100009e0:	d0000124 	.word	0xd0000124
100009e4:	20001c65 	.word	0x20001c65
100009e8:	20000f44 	.word	0x20000f44
100009ec:	e000ed00 	.word	0xe000ed00
100009f0:	0000bd01 	.word	0x0000bd01
100009f4:	ffffe000 	.word	0xffffe000
100009f8:	47804801 	.word	0x47804801
100009fc:	100001c1 	.word	0x100001c1
10000a00:	ffffa100 	.word	0xffffa100
10000a04:	20000f8c 	.word	0x20000f8c
10000a08:	ffffbd01 	.word	0xffffbd01
10000a0c:	0000aaaa 	.word	0x0000aaaa

10000a10 <irq_add_tail_to_free_list>:
10000a10:	2301      	movs	r3, #1
10000a12:	4303      	orrs	r3, r0
10000a14:	b570      	push	{r4, r5, r6, lr}
10000a16:	469c      	mov	ip, r3
10000a18:	f3ef 8105 	mrs	r1, IPSR
10000a1c:	f3ef 8510 	mrs	r5, PRIMASK
10000a20:	b672      	cpsid	i
10000a22:	4a27      	ldr	r2, [pc, #156]	@ (10000ac0 <irq_add_tail_to_free_list+0xb0>)
10000a24:	6813      	ldr	r3, [r2, #0]
10000a26:	2b00      	cmp	r3, #0
10000a28:	d0fc      	beq.n	10000a24 <irq_add_tail_to_free_list+0x14>
10000a2a:	f3bf 8f5f 	dmb	sy
10000a2e:	4a25      	ldr	r2, [pc, #148]	@ (10000ac4 <irq_add_tail_to_free_list+0xb4>)
10000a30:	0004      	movs	r4, r0
10000a32:	4b25      	ldr	r3, [pc, #148]	@ (10000ac8 <irq_add_tail_to_free_list+0xb8>)
10000a34:	1aa4      	subs	r4, r4, r2
10000a36:	4164      	adcs	r4, r4
10000a38:	4363      	muls	r3, r4
10000a3a:	0d1b      	lsrs	r3, r3, #20
10000a3c:	4c23      	ldr	r4, [pc, #140]	@ (10000acc <irq_add_tail_to_free_list+0xbc>)
10000a3e:	0089      	lsls	r1, r1, #2
10000a40:	68a6      	ldr	r6, [r4, #8]
10000a42:	b25b      	sxtb	r3, r3
10000a44:	5876      	ldr	r6, [r6, r1]
10000a46:	4566      	cmp	r6, ip
10000a48:	d024      	beq.n	10000a94 <irq_add_tail_to_free_list+0x84>
10000a4a:	2106      	movs	r1, #6
10000a4c:	5651      	ldrsb	r1, [r2, r1]
10000a4e:	4299      	cmp	r1, r3
10000a50:	d024      	beq.n	10000a9c <irq_add_tail_to_free_list+0x8c>
10000a52:	2112      	movs	r1, #18
10000a54:	5651      	ldrsb	r1, [r2, r1]
10000a56:	4299      	cmp	r1, r3
10000a58:	d02a      	beq.n	10000ab0 <irq_add_tail_to_free_list+0xa0>
10000a5a:	211e      	movs	r1, #30
10000a5c:	5651      	ldrsb	r1, [r2, r1]
10000a5e:	4299      	cmp	r1, r3
10000a60:	d028      	beq.n	10000ab4 <irq_add_tail_to_free_list+0xa4>
10000a62:	212a      	movs	r1, #42	@ 0x2a
10000a64:	5651      	ldrsb	r1, [r2, r1]
10000a66:	4299      	cmp	r1, r3
10000a68:	d026      	beq.n	10000ab8 <irq_add_tail_to_free_list+0xa8>
10000a6a:	2136      	movs	r1, #54	@ 0x36
10000a6c:	5651      	ldrsb	r1, [r2, r1]
10000a6e:	4299      	cmp	r1, r3
10000a70:	d024      	beq.n	10000abc <irq_add_tail_to_free_list+0xac>
10000a72:	2142      	movs	r1, #66	@ 0x42
10000a74:	5651      	ldrsb	r1, [r2, r1]
10000a76:	2405      	movs	r4, #5
10000a78:	4299      	cmp	r1, r3
10000a7a:	d010      	beq.n	10000a9e <irq_add_tail_to_free_list+0x8e>
10000a7c:	4a14      	ldr	r2, [pc, #80]	@ (10000ad0 <irq_add_tail_to_free_list+0xc0>)
10000a7e:	7811      	ldrb	r1, [r2, #0]
10000a80:	7013      	strb	r3, [r2, #0]
10000a82:	7181      	strb	r1, [r0, #6]
10000a84:	f3bf 8f5f 	dmb	sy
10000a88:	2200      	movs	r2, #0
10000a8a:	4b0d      	ldr	r3, [pc, #52]	@ (10000ac0 <irq_add_tail_to_free_list+0xb0>)
10000a8c:	601a      	str	r2, [r3, #0]
10000a8e:	f385 8810 	msr	PRIMASK, r5
10000a92:	bd70      	pop	{r4, r5, r6, pc}
10000a94:	68a2      	ldr	r2, [r4, #8]
10000a96:	4c0f      	ldr	r4, [pc, #60]	@ (10000ad4 <irq_add_tail_to_free_list+0xc4>)
10000a98:	5054      	str	r4, [r2, r1]
10000a9a:	e7ef      	b.n	10000a7c <irq_add_tail_to_free_list+0x6c>
10000a9c:	2400      	movs	r4, #0
10000a9e:	0061      	lsls	r1, r4, #1
10000aa0:	1909      	adds	r1, r1, r4
10000aa2:	0089      	lsls	r1, r1, #2
10000aa4:	1852      	adds	r2, r2, r1
10000aa6:	21ff      	movs	r1, #255	@ 0xff
10000aa8:	7191      	strb	r1, [r2, #6]
10000aaa:	490b      	ldr	r1, [pc, #44]	@ (10000ad8 <irq_add_tail_to_free_list+0xc8>)
10000aac:	8091      	strh	r1, [r2, #4]
10000aae:	e7e5      	b.n	10000a7c <irq_add_tail_to_free_list+0x6c>
10000ab0:	2401      	movs	r4, #1
10000ab2:	e7f4      	b.n	10000a9e <irq_add_tail_to_free_list+0x8e>
10000ab4:	2402      	movs	r4, #2
10000ab6:	e7f2      	b.n	10000a9e <irq_add_tail_to_free_list+0x8e>
10000ab8:	2403      	movs	r4, #3
10000aba:	e7f0      	b.n	10000a9e <irq_add_tail_to_free_list+0x8e>
10000abc:	2404      	movs	r4, #4
10000abe:	e7ee      	b.n	10000a9e <irq_add_tail_to_free_list+0x8e>
10000ac0:	d0000124 	.word	0xd0000124
10000ac4:	20000f44 	.word	0x20000f44
10000ac8:	0000aaaa 	.word	0x0000aaaa
10000acc:	e000ed00 	.word	0xe000ed00
10000ad0:	20001c65 	.word	0x20001c65
10000ad4:	100001c1 	.word	0x100001c1
10000ad8:	ffffbd01 	.word	0xffffbd01

10000adc <user_irq_claim_unused>:
10000adc:	b500      	push	{lr}
10000ade:	4b07      	ldr	r3, [pc, #28]	@ (10000afc <user_irq_claim_unused+0x20>)
10000ae0:	b083      	sub	sp, #12
10000ae2:	0001      	movs	r1, r0
10000ae4:	9300      	str	r3, [sp, #0]
10000ae6:	2200      	movs	r2, #0
10000ae8:	2305      	movs	r3, #5
10000aea:	4805      	ldr	r0, [pc, #20]	@ (10000b00 <user_irq_claim_unused+0x24>)
10000aec:	f7ff fdc2 	bl	10000674 <hw_claim_unused_from_range>
10000af0:	2800      	cmp	r0, #0
10000af2:	db01      	blt.n	10000af8 <user_irq_claim_unused+0x1c>
10000af4:	231f      	movs	r3, #31
10000af6:	1a18      	subs	r0, r3, r0
10000af8:	b003      	add	sp, #12
10000afa:	bd00      	pop	{pc}
10000afc:	10006994 	.word	0x10006994
10000b00:	20001c6a 	.word	0x20001c6a

10000b04 <lock_init>:
10000b04:	4b02      	ldr	r3, [pc, #8]	@ (10000b10 <lock_init+0xc>)
10000b06:	18c9      	adds	r1, r1, r3
10000b08:	0089      	lsls	r1, r1, #2
10000b0a:	6001      	str	r1, [r0, #0]
10000b0c:	4770      	bx	lr
10000b0e:	46c0      	nop			@ (mov r8, r8)
10000b10:	34000040 	.word	0x34000040

10000b14 <runtime_init_mutex>:
10000b14:	b570      	push	{r4, r5, r6, lr}
10000b16:	4c11      	ldr	r4, [pc, #68]	@ (10000b5c <runtime_init_mutex+0x48>)
10000b18:	4d11      	ldr	r5, [pc, #68]	@ (10000b60 <runtime_init_mutex+0x4c>)
10000b1a:	42ac      	cmp	r4, r5
10000b1c:	d20f      	bcs.n	10000b3e <runtime_init_mutex+0x2a>
10000b1e:	26ff      	movs	r6, #255	@ 0xff
10000b20:	6823      	ldr	r3, [r4, #0]
10000b22:	2b00      	cmp	r3, #0
10000b24:	d00c      	beq.n	10000b40 <runtime_init_mutex+0x2c>
10000b26:	f7ff fde9 	bl	100006fc <next_striped_spin_lock_num>
10000b2a:	0001      	movs	r1, r0
10000b2c:	0020      	movs	r0, r4
10000b2e:	f7ff ffe9 	bl	10000b04 <lock_init>
10000b32:	80a6      	strh	r6, [r4, #4]
10000b34:	f3bf 8f5f 	dmb	sy
10000b38:	3408      	adds	r4, #8
10000b3a:	42ac      	cmp	r4, r5
10000b3c:	d3f0      	bcc.n	10000b20 <runtime_init_mutex+0xc>
10000b3e:	bd70      	pop	{r4, r5, r6, pc}
10000b40:	f7ff fddc 	bl	100006fc <next_striped_spin_lock_num>
10000b44:	0001      	movs	r1, r0
10000b46:	0020      	movs	r0, r4
10000b48:	f7ff ffdc 	bl	10000b04 <lock_init>
10000b4c:	7126      	strb	r6, [r4, #4]
10000b4e:	f3bf 8f5f 	dmb	sy
10000b52:	3408      	adds	r4, #8
10000b54:	42ac      	cmp	r4, r5
10000b56:	d3e3      	bcc.n	10000b20 <runtime_init_mutex+0xc>
10000b58:	e7f1      	b.n	10000b3e <runtime_init_mutex+0x2a>
10000b5a:	46c0      	nop			@ (mov r8, r8)
10000b5c:	20001028 	.word	0x20001028
10000b60:	20001030 	.word	0x20001030

10000b64 <mutex_init>:
10000b64:	b510      	push	{r4, lr}
10000b66:	0004      	movs	r4, r0
10000b68:	f7ff fdc8 	bl	100006fc <next_striped_spin_lock_num>
10000b6c:	0001      	movs	r1, r0
10000b6e:	0020      	movs	r0, r4
10000b70:	f7ff ffc8 	bl	10000b04 <lock_init>
10000b74:	23ff      	movs	r3, #255	@ 0xff
10000b76:	7123      	strb	r3, [r4, #4]
10000b78:	f3bf 8f5f 	dmb	sy
10000b7c:	bd10      	pop	{r4, pc}
10000b7e:	46c0      	nop			@ (mov r8, r8)

10000b80 <critical_section_init>:
10000b80:	b510      	push	{r4, lr}
10000b82:	0004      	movs	r4, r0
10000b84:	2001      	movs	r0, #1
10000b86:	f7ff fdc5 	bl	10000714 <spin_lock_claim_unused>
10000b8a:	4b03      	ldr	r3, [pc, #12]	@ (10000b98 <critical_section_init+0x18>)
10000b8c:	18c0      	adds	r0, r0, r3
10000b8e:	0080      	lsls	r0, r0, #2
10000b90:	6020      	str	r0, [r4, #0]
10000b92:	f3bf 8f5f 	dmb	sy
10000b96:	bd10      	pop	{r4, pc}
10000b98:	34000040 	.word	0x34000040

10000b9c <critical_section_init_with_lock_num>:
10000b9c:	4b03      	ldr	r3, [pc, #12]	@ (10000bac <critical_section_init_with_lock_num+0x10>)
10000b9e:	18c9      	adds	r1, r1, r3
10000ba0:	0089      	lsls	r1, r1, #2
10000ba2:	6001      	str	r1, [r0, #0]
10000ba4:	f3bf 8f5f 	dmb	sy
10000ba8:	4770      	bx	lr
10000baa:	46c0      	nop			@ (mov r8, r8)
10000bac:	34000040 	.word	0x34000040

10000bb0 <sleep_until_callback>:
10000bb0:	4b0a      	ldr	r3, [pc, #40]	@ (10000bdc <sleep_until_callback+0x2c>)
10000bb2:	6819      	ldr	r1, [r3, #0]
10000bb4:	f3ef 8010 	mrs	r0, PRIMASK
10000bb8:	b672      	cpsid	i
10000bba:	680a      	ldr	r2, [r1, #0]
10000bbc:	2a00      	cmp	r2, #0
10000bbe:	d0fc      	beq.n	10000bba <sleep_until_callback+0xa>
10000bc0:	f3bf 8f5f 	dmb	sy
10000bc4:	681b      	ldr	r3, [r3, #0]
10000bc6:	f3bf 8f5f 	dmb	sy
10000bca:	2200      	movs	r2, #0
10000bcc:	601a      	str	r2, [r3, #0]
10000bce:	f380 8810 	msr	PRIMASK, r0
10000bd2:	bf40      	sev
10000bd4:	2000      	movs	r0, #0
10000bd6:	2100      	movs	r1, #0
10000bd8:	4770      	bx	lr
10000bda:	46c0      	nop			@ (mov r8, r8)
10000bdc:	20001c44 	.word	0x20001c44

10000be0 <alarm_pool_irq_handler>:
10000be0:	b5f0      	push	{r4, r5, r6, r7, lr}
10000be2:	46de      	mov	lr, fp
10000be4:	4657      	mov	r7, sl
10000be6:	464e      	mov	r6, r9
10000be8:	4645      	mov	r5, r8
10000bea:	b5e0      	push	{r5, r6, r7, lr}
10000bec:	b085      	sub	sp, #20
10000bee:	f3ef 8305 	mrs	r3, IPSR
10000bf2:	2203      	movs	r2, #3
10000bf4:	401a      	ands	r2, r3
10000bf6:	4bb3      	ldr	r3, [pc, #716]	@ (10000ec4 <alarm_pool_irq_handler+0x2e4>)
10000bf8:	0091      	lsls	r1, r2, #2
10000bfa:	585f      	ldr	r7, [r3, r1]
10000bfc:	2301      	movs	r3, #1
10000bfe:	4093      	lsls	r3, r2
10000c00:	469b      	mov	fp, r3
10000c02:	9202      	str	r2, [sp, #8]
10000c04:	465a      	mov	r2, fp
10000c06:	4688      	mov	r8, r1
10000c08:	4baf      	ldr	r3, [pc, #700]	@ (10000ec8 <alarm_pool_irq_handler+0x2e8>)
10000c0a:	601a      	str	r2, [r3, #0]
10000c0c:	4baf      	ldr	r3, [pc, #700]	@ (10000ecc <alarm_pool_irq_handler+0x2ec>)
10000c0e:	9303      	str	r3, [sp, #12]
10000c10:	465b      	mov	r3, fp
10000c12:	48af      	ldr	r0, [pc, #700]	@ (10000ed0 <alarm_pool_irq_handler+0x2f0>)
10000c14:	6343      	str	r3, [r0, #52]	@ 0x34
10000c16:	2308      	movs	r3, #8
10000c18:	5efe      	ldrsh	r6, [r7, r3]
10000c1a:	2e00      	cmp	r6, #0
10000c1c:	da37      	bge.n	10000c8e <alarm_pool_irq_handler+0xae>
10000c1e:	88bb      	ldrh	r3, [r7, #4]
10000c20:	b21b      	sxth	r3, r3
10000c22:	2b00      	cmp	r3, #0
10000c24:	db00      	blt.n	10000c28 <alarm_pool_irq_handler+0x48>
10000c26:	e0a4      	b.n	10000d72 <alarm_pool_irq_handler+0x192>
10000c28:	79bb      	ldrb	r3, [r7, #6]
10000c2a:	2b00      	cmp	r3, #0
10000c2c:	d000      	beq.n	10000c30 <alarm_pool_irq_handler+0x50>
10000c2e:	e0e5      	b.n	10000dfc <alarm_pool_irq_handler+0x21c>
10000c30:	2308      	movs	r3, #8
10000c32:	5ef9      	ldrsh	r1, [r7, r3]
10000c34:	2900      	cmp	r1, #0
10000c36:	db20      	blt.n	10000c7a <alarm_pool_irq_handler+0x9a>
10000c38:	004b      	lsls	r3, r1, #1
10000c3a:	697a      	ldr	r2, [r7, #20]
10000c3c:	185b      	adds	r3, r3, r1
10000c3e:	00db      	lsls	r3, r3, #3
10000c40:	18d3      	adds	r3, r2, r3
10000c42:	689d      	ldr	r5, [r3, #8]
10000c44:	68dc      	ldr	r4, [r3, #12]
10000c46:	1c6b      	adds	r3, r5, #1
10000c48:	d100      	bne.n	10000c4c <alarm_pool_irq_handler+0x6c>
10000c4a:	e104      	b.n	10000e56 <alarm_pool_irq_handler+0x276>
10000c4c:	48a0      	ldr	r0, [pc, #640]	@ (10000ed0 <alarm_pool_irq_handler+0x2f0>)
10000c4e:	0001      	movs	r1, r0
10000c50:	4441      	add	r1, r8
10000c52:	6a82      	ldr	r2, [r0, #40]	@ 0x28
10000c54:	690b      	ldr	r3, [r1, #16]
10000c56:	1aae      	subs	r6, r5, r2
10000c58:	1a9b      	subs	r3, r3, r2
10000c5a:	429e      	cmp	r6, r3
10000c5c:	d315      	bcc.n	10000c8a <alarm_pool_irq_handler+0xaa>
10000c5e:	2301      	movs	r3, #1
10000c60:	6a02      	ldr	r2, [r0, #32]
10000c62:	9802      	ldr	r0, [sp, #8]
10000c64:	4083      	lsls	r3, r0
10000c66:	421a      	tst	r2, r3
10000c68:	d00f      	beq.n	10000c8a <alarm_pool_irq_handler+0xaa>
10000c6a:	4899      	ldr	r0, [pc, #612]	@ (10000ed0 <alarm_pool_irq_handler+0x2f0>)
10000c6c:	f000 fb42 	bl	100012f4 <timer_time_us_64>
10000c70:	428c      	cmp	r4, r1
10000c72:	dc02      	bgt.n	10000c7a <alarm_pool_irq_handler+0x9a>
10000c74:	d1cc      	bne.n	10000c10 <alarm_pool_irq_handler+0x30>
10000c76:	4285      	cmp	r5, r0
10000c78:	d9ca      	bls.n	10000c10 <alarm_pool_irq_handler+0x30>
10000c7a:	bf40      	sev
10000c7c:	b005      	add	sp, #20
10000c7e:	bcf0      	pop	{r4, r5, r6, r7}
10000c80:	46bb      	mov	fp, r7
10000c82:	46b2      	mov	sl, r6
10000c84:	46a9      	mov	r9, r5
10000c86:	46a0      	mov	r8, r4
10000c88:	bdf0      	pop	{r4, r5, r6, r7, pc}
10000c8a:	610d      	str	r5, [r1, #16]
10000c8c:	e7ed      	b.n	10000c6a <alarm_pool_irq_handler+0x8a>
10000c8e:	697a      	ldr	r2, [r7, #20]
10000c90:	0073      	lsls	r3, r6, #1
10000c92:	4691      	mov	r9, r2
10000c94:	199b      	adds	r3, r3, r6
10000c96:	00db      	lsls	r3, r3, #3
10000c98:	4499      	add	r9, r3
10000c9a:	464b      	mov	r3, r9
10000c9c:	689c      	ldr	r4, [r3, #8]
10000c9e:	68dd      	ldr	r5, [r3, #12]
10000ca0:	f000 fb28 	bl	100012f4 <timer_time_us_64>
10000ca4:	428d      	cmp	r5, r1
10000ca6:	dcba      	bgt.n	10000c1e <alarm_pool_irq_handler+0x3e>
10000ca8:	d100      	bne.n	10000cac <alarm_pool_irq_handler+0xcc>
10000caa:	e0f6      	b.n	10000e9a <alarm_pool_irq_handler+0x2ba>
10000cac:	2d00      	cmp	r5, #0
10000cae:	da00      	bge.n	10000cb2 <alarm_pool_irq_handler+0xd2>
10000cb0:	e0db      	b.n	10000e6a <alarm_pool_irq_handler+0x28a>
10000cb2:	464a      	mov	r2, r9
10000cb4:	464b      	mov	r3, r9
10000cb6:	6952      	ldr	r2, [r2, #20]
10000cb8:	691b      	ldr	r3, [r3, #16]
10000cba:	4692      	mov	sl, r2
10000cbc:	9a03      	ldr	r2, [sp, #12]
10000cbe:	4293      	cmp	r3, r2
10000cc0:	d100      	bne.n	10000cc4 <alarm_pool_irq_handler+0xe4>
10000cc2:	e0cc      	b.n	10000e5e <alarm_pool_irq_handler+0x27e>
10000cc4:	464a      	mov	r2, r9
10000cc6:	2108      	movs	r1, #8
10000cc8:	5e78      	ldrsh	r0, [r7, r1]
10000cca:	8852      	ldrh	r2, [r2, #2]
10000ccc:	0400      	lsls	r0, r0, #16
10000cce:	4651      	mov	r1, sl
10000cd0:	4310      	orrs	r0, r2
10000cd2:	4798      	blx	r3
10000cd4:	9000      	str	r0, [sp, #0]
10000cd6:	9101      	str	r1, [sp, #4]
10000cd8:	9900      	ldr	r1, [sp, #0]
10000cda:	9a01      	ldr	r2, [sp, #4]
10000cdc:	000b      	movs	r3, r1
10000cde:	4313      	orrs	r3, r2
10000ce0:	d100      	bne.n	10000ce4 <alarm_pool_irq_handler+0x104>
10000ce2:	e0c2      	b.n	10000e6a <alarm_pool_irq_handler+0x28a>
10000ce4:	0013      	movs	r3, r2
10000ce6:	000a      	movs	r2, r1
10000ce8:	2b00      	cmp	r3, #0
10000cea:	db00      	blt.n	10000cee <alarm_pool_irq_handler+0x10e>
10000cec:	e0d9      	b.n	10000ea2 <alarm_pool_irq_handler+0x2c2>
10000cee:	0020      	movs	r0, r4
10000cf0:	0029      	movs	r1, r5
10000cf2:	1a80      	subs	r0, r0, r2
10000cf4:	4199      	sbcs	r1, r3
10000cf6:	464b      	mov	r3, r9
10000cf8:	6098      	str	r0, [r3, #8]
10000cfa:	60d9      	str	r1, [r3, #12]
10000cfc:	2200      	movs	r2, #0
10000cfe:	5e9b      	ldrsh	r3, [r3, r2]
10000d00:	2b00      	cmp	r3, #0
10000d02:	da00      	bge.n	10000d06 <alarm_pool_irq_handler+0x126>
10000d04:	e78b      	b.n	10000c1e <alarm_pool_irq_handler+0x3e>
10000d06:	005d      	lsls	r5, r3, #1
10000d08:	697c      	ldr	r4, [r7, #20]
10000d0a:	18ea      	adds	r2, r5, r3
10000d0c:	00d2      	lsls	r2, r2, #3
10000d0e:	18a2      	adds	r2, r4, r2
10000d10:	9400      	str	r4, [sp, #0]
10000d12:	6894      	ldr	r4, [r2, #8]
10000d14:	68d2      	ldr	r2, [r2, #12]
10000d16:	46a2      	mov	sl, r4
10000d18:	428a      	cmp	r2, r1
10000d1a:	dd00      	ble.n	10000d1e <alarm_pool_irq_handler+0x13e>
10000d1c:	e77f      	b.n	10000c1e <alarm_pool_irq_handler+0x3e>
10000d1e:	d102      	bne.n	10000d26 <alarm_pool_irq_handler+0x146>
10000d20:	4284      	cmp	r4, r0
10000d22:	d900      	bls.n	10000d26 <alarm_pool_irq_handler+0x146>
10000d24:	e77b      	b.n	10000c1e <alarm_pool_irq_handler+0x3e>
10000d26:	2408      	movs	r4, #8
10000d28:	46a4      	mov	ip, r4
10000d2a:	813b      	strh	r3, [r7, #8]
10000d2c:	44bc      	add	ip, r7
10000d2e:	9c00      	ldr	r4, [sp, #0]
10000d30:	9700      	str	r7, [sp, #0]
10000d32:	002f      	movs	r7, r5
10000d34:	4665      	mov	r5, ip
10000d36:	46b4      	mov	ip, r6
10000d38:	003e      	movs	r6, r7
10000d3a:	e006      	b.n	10000d4a <alarm_pool_irq_handler+0x16a>
10000d3c:	005e      	lsls	r6, r3, #1
10000d3e:	18f2      	adds	r2, r6, r3
10000d40:	00d2      	lsls	r2, r2, #3
10000d42:	18a2      	adds	r2, r4, r2
10000d44:	6897      	ldr	r7, [r2, #8]
10000d46:	68d2      	ldr	r2, [r2, #12]
10000d48:	46ba      	mov	sl, r7
10000d4a:	428a      	cmp	r2, r1
10000d4c:	dc07      	bgt.n	10000d5e <alarm_pool_irq_handler+0x17e>
10000d4e:	d100      	bne.n	10000d52 <alarm_pool_irq_handler+0x172>
10000d50:	e0b4      	b.n	10000ebc <alarm_pool_irq_handler+0x2dc>
10000d52:	18f3      	adds	r3, r6, r3
10000d54:	00db      	lsls	r3, r3, #3
10000d56:	18e5      	adds	r5, r4, r3
10000d58:	5ee3      	ldrsh	r3, [r4, r3]
10000d5a:	2b00      	cmp	r3, #0
10000d5c:	daee      	bge.n	10000d3c <alarm_pool_irq_handler+0x15c>
10000d5e:	4666      	mov	r6, ip
10000d60:	464a      	mov	r2, r9
10000d62:	9f00      	ldr	r7, [sp, #0]
10000d64:	8013      	strh	r3, [r2, #0]
10000d66:	802e      	strh	r6, [r5, #0]
10000d68:	88bb      	ldrh	r3, [r7, #4]
10000d6a:	b21b      	sxth	r3, r3
10000d6c:	2b00      	cmp	r3, #0
10000d6e:	da00      	bge.n	10000d72 <alarm_pool_irq_handler+0x192>
10000d70:	e75a      	b.n	10000c28 <alarm_pool_irq_handler+0x48>
10000d72:	693a      	ldr	r2, [r7, #16]
10000d74:	f3ef 8110 	mrs	r1, PRIMASK
10000d78:	b672      	cpsid	i
10000d7a:	6813      	ldr	r3, [r2, #0]
10000d7c:	2b00      	cmp	r3, #0
10000d7e:	d0fc      	beq.n	10000d7a <alarm_pool_irq_handler+0x19a>
10000d80:	f3bf 8f5f 	dmb	sy
10000d84:	2301      	movs	r3, #1
10000d86:	88be      	ldrh	r6, [r7, #4]
10000d88:	425b      	negs	r3, r3
10000d8a:	80bb      	strh	r3, [r7, #4]
10000d8c:	b236      	sxth	r6, r6
10000d8e:	693b      	ldr	r3, [r7, #16]
10000d90:	f3bf 8f5f 	dmb	sy
10000d94:	2200      	movs	r2, #0
10000d96:	601a      	str	r2, [r3, #0]
10000d98:	f381 8810 	msr	PRIMASK, r1
10000d9c:	2e00      	cmp	r6, #0
10000d9e:	da00      	bge.n	10000da2 <alarm_pool_irq_handler+0x1c2>
10000da0:	e742      	b.n	10000c28 <alarm_pool_irq_handler+0x48>
10000da2:	003b      	movs	r3, r7
10000da4:	3308      	adds	r3, #8
10000da6:	003a      	movs	r2, r7
10000da8:	4699      	mov	r9, r3
10000daa:	697d      	ldr	r5, [r7, #20]
10000dac:	0073      	lsls	r3, r6, #1
10000dae:	199b      	adds	r3, r3, r6
10000db0:	2408      	movs	r4, #8
10000db2:	5f11      	ldrsh	r1, [r2, r4]
10000db4:	00db      	lsls	r3, r3, #3
10000db6:	4648      	mov	r0, r9
10000db8:	18eb      	adds	r3, r5, r3
10000dba:	2900      	cmp	r1, #0
10000dbc:	db13      	blt.n	10000de6 <alarm_pool_irq_handler+0x206>
10000dbe:	689c      	ldr	r4, [r3, #8]
10000dc0:	9300      	str	r3, [sp, #0]
10000dc2:	46a4      	mov	ip, r4
10000dc4:	68dc      	ldr	r4, [r3, #12]
10000dc6:	e006      	b.n	10000dd6 <alarm_pool_irq_handler+0x1f6>
10000dc8:	42a3      	cmp	r3, r4
10000dca:	d040      	beq.n	10000e4e <alarm_pool_irq_handler+0x26e>
10000dcc:	2300      	movs	r3, #0
10000dce:	5ef9      	ldrsh	r1, [r7, r3]
10000dd0:	0038      	movs	r0, r7
10000dd2:	2900      	cmp	r1, #0
10000dd4:	db06      	blt.n	10000de4 <alarm_pool_irq_handler+0x204>
10000dd6:	004f      	lsls	r7, r1, #1
10000dd8:	187f      	adds	r7, r7, r1
10000dda:	00ff      	lsls	r7, r7, #3
10000ddc:	19ef      	adds	r7, r5, r7
10000dde:	68fb      	ldr	r3, [r7, #12]
10000de0:	42a3      	cmp	r3, r4
10000de2:	ddf1      	ble.n	10000dc8 <alarm_pool_irq_handler+0x1e8>
10000de4:	9b00      	ldr	r3, [sp, #0]
10000de6:	8006      	strh	r6, [r0, #0]
10000de8:	2000      	movs	r0, #0
10000dea:	5e1e      	ldrsh	r6, [r3, r0]
10000dec:	8019      	strh	r1, [r3, #0]
10000dee:	2e00      	cmp	r6, #0
10000df0:	dadc      	bge.n	10000dac <alarm_pool_irq_handler+0x1cc>
10000df2:	0017      	movs	r7, r2
10000df4:	79bb      	ldrb	r3, [r7, #6]
10000df6:	2b00      	cmp	r3, #0
10000df8:	d100      	bne.n	10000dfc <alarm_pool_irq_handler+0x21c>
10000dfa:	e719      	b.n	10000c30 <alarm_pool_irq_handler+0x50>
10000dfc:	2300      	movs	r3, #0
10000dfe:	71bb      	strb	r3, [r7, #6]
10000e00:	2308      	movs	r3, #8
10000e02:	5ef9      	ldrsh	r1, [r7, r3]
10000e04:	1c4b      	adds	r3, r1, #1
10000e06:	d100      	bne.n	10000e0a <alarm_pool_irq_handler+0x22a>
10000e08:	e737      	b.n	10000c7a <alarm_pool_irq_handler+0x9a>
10000e0a:	003d      	movs	r5, r7
10000e0c:	3508      	adds	r5, #8
10000e0e:	46ac      	mov	ip, r5
10000e10:	697c      	ldr	r4, [r7, #20]
10000e12:	e003      	b.n	10000e1c <alarm_pool_irq_handler+0x23c>
10000e14:	4684      	mov	ip, r0
10000e16:	1c4b      	adds	r3, r1, #1
10000e18:	d100      	bne.n	10000e1c <alarm_pool_irq_handler+0x23c>
10000e1a:	e709      	b.n	10000c30 <alarm_pool_irq_handler+0x50>
10000e1c:	004b      	lsls	r3, r1, #1
10000e1e:	185b      	adds	r3, r3, r1
10000e20:	00db      	lsls	r3, r3, #3
10000e22:	18e0      	adds	r0, r4, r3
10000e24:	000a      	movs	r2, r1
10000e26:	5ee1      	ldrsh	r1, [r4, r3]
10000e28:	8843      	ldrh	r3, [r0, #2]
10000e2a:	b21b      	sxth	r3, r3
10000e2c:	2b00      	cmp	r3, #0
10000e2e:	daf1      	bge.n	10000e14 <alarm_pool_irq_handler+0x234>
10000e30:	2501      	movs	r5, #1
10000e32:	426d      	negs	r5, r5
10000e34:	17ee      	asrs	r6, r5, #31
10000e36:	6085      	str	r5, [r0, #8]
10000e38:	60c6      	str	r6, [r0, #12]
10000e3a:	2508      	movs	r5, #8
10000e3c:	5f7b      	ldrsh	r3, [r7, r5]
10000e3e:	4293      	cmp	r3, r2
10000e40:	d0e9      	beq.n	10000e16 <alarm_pool_irq_handler+0x236>
10000e42:	4663      	mov	r3, ip
10000e44:	8019      	strh	r1, [r3, #0]
10000e46:	893b      	ldrh	r3, [r7, #8]
10000e48:	8003      	strh	r3, [r0, #0]
10000e4a:	813a      	strh	r2, [r7, #8]
10000e4c:	e7e3      	b.n	10000e16 <alarm_pool_irq_handler+0x236>
10000e4e:	68bb      	ldr	r3, [r7, #8]
10000e50:	4563      	cmp	r3, ip
10000e52:	d9bb      	bls.n	10000dcc <alarm_pool_irq_handler+0x1ec>
10000e54:	e7c6      	b.n	10000de4 <alarm_pool_irq_handler+0x204>
10000e56:	1c63      	adds	r3, r4, #1
10000e58:	d000      	beq.n	10000e5c <alarm_pool_irq_handler+0x27c>
10000e5a:	e6f7      	b.n	10000c4c <alarm_pool_irq_handler+0x6c>
10000e5c:	e705      	b.n	10000c6a <alarm_pool_irq_handler+0x8a>
10000e5e:	4653      	mov	r3, sl
10000e60:	4650      	mov	r0, sl
10000e62:	691b      	ldr	r3, [r3, #16]
10000e64:	4798      	blx	r3
10000e66:	2800      	cmp	r0, #0
10000e68:	d123      	bne.n	10000eb2 <alarm_pool_irq_handler+0x2d2>
10000e6a:	464b      	mov	r3, r9
10000e6c:	881b      	ldrh	r3, [r3, #0]
10000e6e:	693a      	ldr	r2, [r7, #16]
10000e70:	813b      	strh	r3, [r7, #8]
10000e72:	f3ef 8310 	mrs	r3, PRIMASK
10000e76:	b672      	cpsid	i
10000e78:	6811      	ldr	r1, [r2, #0]
10000e7a:	2900      	cmp	r1, #0
10000e7c:	d0fc      	beq.n	10000e78 <alarm_pool_irq_handler+0x298>
10000e7e:	f3bf 8f5f 	dmb	sy
10000e82:	4649      	mov	r1, r9
10000e84:	887a      	ldrh	r2, [r7, #2]
10000e86:	800a      	strh	r2, [r1, #0]
10000e88:	693a      	ldr	r2, [r7, #16]
10000e8a:	807e      	strh	r6, [r7, #2]
10000e8c:	f3bf 8f5f 	dmb	sy
10000e90:	2100      	movs	r1, #0
10000e92:	6011      	str	r1, [r2, #0]
10000e94:	f383 8810 	msr	PRIMASK, r3
10000e98:	e6c1      	b.n	10000c1e <alarm_pool_irq_handler+0x3e>
10000e9a:	4284      	cmp	r4, r0
10000e9c:	d800      	bhi.n	10000ea0 <alarm_pool_irq_handler+0x2c0>
10000e9e:	e705      	b.n	10000cac <alarm_pool_irq_handler+0xcc>
10000ea0:	e6bd      	b.n	10000c1e <alarm_pool_irq_handler+0x3e>
10000ea2:	480b      	ldr	r0, [pc, #44]	@ (10000ed0 <alarm_pool_irq_handler+0x2f0>)
10000ea4:	f000 fa26 	bl	100012f4 <timer_time_us_64>
10000ea8:	9b00      	ldr	r3, [sp, #0]
10000eaa:	9c01      	ldr	r4, [sp, #4]
10000eac:	18c0      	adds	r0, r0, r3
10000eae:	4161      	adcs	r1, r4
10000eb0:	e721      	b.n	10000cf6 <alarm_pool_irq_handler+0x116>
10000eb2:	4653      	mov	r3, sl
10000eb4:	cb0c      	ldmia	r3, {r2, r3}
10000eb6:	9200      	str	r2, [sp, #0]
10000eb8:	9301      	str	r3, [sp, #4]
10000eba:	e70d      	b.n	10000cd8 <alarm_pool_irq_handler+0xf8>
10000ebc:	4582      	cmp	sl, r0
10000ebe:	d800      	bhi.n	10000ec2 <alarm_pool_irq_handler+0x2e2>
10000ec0:	e747      	b.n	10000d52 <alarm_pool_irq_handler+0x172>
10000ec2:	e74c      	b.n	10000d5e <alarm_pool_irq_handler+0x17e>
10000ec4:	20001c28 	.word	0x20001c28
10000ec8:	4005703c 	.word	0x4005703c
10000ecc:	10000be1 	.word	0x10000be1
10000ed0:	40054000 	.word	0x40054000

10000ed4 <runtime_init_default_alarm_pool>:
10000ed4:	b570      	push	{r4, r5, r6, lr}
10000ed6:	4c2d      	ldr	r4, [pc, #180]	@ (10000f8c <runtime_init_default_alarm_pool+0xb8>)
10000ed8:	6925      	ldr	r5, [r4, #16]
10000eda:	2d00      	cmp	r5, #0
10000edc:	d004      	beq.n	10000ee8 <runtime_init_default_alarm_pool+0x14>
10000ede:	210a      	movs	r1, #10
10000ee0:	482b      	ldr	r0, [pc, #172]	@ (10000f90 <runtime_init_default_alarm_pool+0xbc>)
10000ee2:	f7ff fe0f 	bl	10000b04 <lock_init>
10000ee6:	bd70      	pop	{r4, r5, r6, pc}
10000ee8:	4e2a      	ldr	r6, [pc, #168]	@ (10000f94 <runtime_init_default_alarm_pool+0xc0>)
10000eea:	2103      	movs	r1, #3
10000eec:	4829      	ldr	r0, [pc, #164]	@ (10000f94 <runtime_init_default_alarm_pool+0xc0>)
10000eee:	f000 f9f7 	bl	100012e0 <timer_hardware_alarm_claim>
10000ef2:	60e6      	str	r6, [r4, #12]
10000ef4:	f7ff fc02 	bl	100006fc <next_striped_spin_lock_num>
10000ef8:	4b27      	ldr	r3, [pc, #156]	@ (10000f98 <runtime_init_default_alarm_pool+0xc4>)
10000efa:	2203      	movs	r2, #3
10000efc:	18c0      	adds	r0, r0, r3
10000efe:	23d0      	movs	r3, #208	@ 0xd0
10000f00:	7022      	strb	r2, [r4, #0]
10000f02:	061b      	lsls	r3, r3, #24
10000f04:	681b      	ldr	r3, [r3, #0]
10000f06:	2101      	movs	r1, #1
10000f08:	7063      	strb	r3, [r4, #1]
10000f0a:	4b24      	ldr	r3, [pc, #144]	@ (10000f9c <runtime_init_default_alarm_pool+0xc8>)
10000f0c:	0080      	lsls	r0, r0, #2
10000f0e:	60a3      	str	r3, [r4, #8]
10000f10:	230f      	movs	r3, #15
10000f12:	6120      	str	r0, [r4, #16]
10000f14:	2002      	movs	r0, #2
10000f16:	8063      	strh	r3, [r4, #2]
10000f18:	6963      	ldr	r3, [r4, #20]
10000f1a:	4249      	negs	r1, r1
10000f1c:	80a1      	strh	r1, [r4, #4]
10000f1e:	8019      	strh	r1, [r3, #0]
10000f20:	3102      	adds	r1, #2
10000f22:	8619      	strh	r1, [r3, #48]	@ 0x30
10000f24:	3147      	adds	r1, #71	@ 0x47
10000f26:	831d      	strh	r5, [r3, #24]
10000f28:	5258      	strh	r0, [r3, r1]
10000f2a:	3118      	adds	r1, #24
10000f2c:	525a      	strh	r2, [r3, r1]
10000f2e:	3275      	adds	r2, #117	@ 0x75
10000f30:	395c      	subs	r1, #92	@ 0x5c
10000f32:	5299      	strh	r1, [r3, r2]
10000f34:	3218      	adds	r2, #24
10000f36:	3101      	adds	r1, #1
10000f38:	5299      	strh	r1, [r3, r2]
10000f3a:	3218      	adds	r2, #24
10000f3c:	3101      	adds	r1, #1
10000f3e:	5299      	strh	r1, [r3, r2]
10000f40:	3218      	adds	r2, #24
10000f42:	3101      	adds	r1, #1
10000f44:	5299      	strh	r1, [r3, r2]
10000f46:	3508      	adds	r5, #8
10000f48:	3218      	adds	r2, #24
10000f4a:	529d      	strh	r5, [r3, r2]
10000f4c:	3102      	adds	r1, #2
10000f4e:	3218      	adds	r2, #24
10000f50:	5299      	strh	r1, [r3, r2]
10000f52:	3218      	adds	r2, #24
10000f54:	3101      	adds	r1, #1
10000f56:	5299      	strh	r1, [r3, r2]
10000f58:	3218      	adds	r2, #24
10000f5a:	3101      	adds	r1, #1
10000f5c:	5299      	strh	r1, [r3, r2]
10000f5e:	3218      	adds	r2, #24
10000f60:	3101      	adds	r1, #1
10000f62:	5299      	strh	r1, [r3, r2]
10000f64:	3218      	adds	r2, #24
10000f66:	3101      	adds	r1, #1
10000f68:	5299      	strh	r1, [r3, r2]
10000f6a:	3218      	adds	r2, #24
10000f6c:	3101      	adds	r1, #1
10000f6e:	5299      	strh	r1, [r3, r2]
10000f70:	4b0b      	ldr	r3, [pc, #44]	@ (10000fa0 <runtime_init_default_alarm_pool+0xcc>)
10000f72:	490c      	ldr	r1, [pc, #48]	@ (10000fa4 <runtime_init_default_alarm_pool+0xd0>)
10000f74:	60dc      	str	r4, [r3, #12]
10000f76:	3001      	adds	r0, #1
10000f78:	6235      	str	r5, [r6, #32]
10000f7a:	f7ff fc43 	bl	10000804 <irq_set_exclusive_handler>
10000f7e:	2101      	movs	r1, #1
10000f80:	2003      	movs	r0, #3
10000f82:	f7ff fc09 	bl	10000798 <irq_set_enabled>
10000f86:	4b08      	ldr	r3, [pc, #32]	@ (10000fa8 <runtime_init_default_alarm_pool+0xd4>)
10000f88:	601d      	str	r5, [r3, #0]
10000f8a:	e7a8      	b.n	10000ede <runtime_init_default_alarm_pool+0xa>
10000f8c:	20000fb0 	.word	0x20000fb0
10000f90:	20001c44 	.word	0x20001c44
10000f94:	40054000 	.word	0x40054000
10000f98:	34000040 	.word	0x34000040
10000f9c:	0010ffff 	.word	0x0010ffff
10000fa0:	20001c28 	.word	0x20001c28
10000fa4:	10000be1 	.word	0x10000be1
10000fa8:	40056038 	.word	0x40056038

10000fac <alarm_pool_get_default>:
10000fac:	4800      	ldr	r0, [pc, #0]	@ (10000fb0 <alarm_pool_get_default+0x4>)
10000fae:	4770      	bx	lr
10000fb0:	20000fb0 	.word	0x20000fb0

10000fb4 <alarm_pool_add_alarm_at>:
10000fb4:	b5f8      	push	{r3, r4, r5, r6, r7, lr}
10000fb6:	001f      	movs	r7, r3
10000fb8:	ab08      	add	r3, sp, #32
10000fba:	781b      	ldrb	r3, [r3, #0]
10000fbc:	0004      	movs	r4, r0
10000fbe:	0016      	movs	r6, r2
10000fc0:	2b00      	cmp	r3, #0
10000fc2:	d107      	bne.n	10000fd4 <alarm_pool_add_alarm_at+0x20>
10000fc4:	f000 f99e 	bl	10001304 <time_us_64>
10000fc8:	0032      	movs	r2, r6
10000fca:	003b      	movs	r3, r7
10000fcc:	1a12      	subs	r2, r2, r0
10000fce:	418b      	sbcs	r3, r1
10000fd0:	2b00      	cmp	r3, #0
10000fd2:	db51      	blt.n	10001078 <alarm_pool_add_alarm_at+0xc4>
10000fd4:	6922      	ldr	r2, [r4, #16]
10000fd6:	f3ef 8c10 	mrs	ip, PRIMASK
10000fda:	b672      	cpsid	i
10000fdc:	6813      	ldr	r3, [r2, #0]
10000fde:	2b00      	cmp	r3, #0
10000fe0:	d0fc      	beq.n	10000fdc <alarm_pool_add_alarm_at+0x28>
10000fe2:	f3bf 8f5f 	dmb	sy
10000fe6:	2302      	movs	r3, #2
10000fe8:	5ee1      	ldrsh	r1, [r4, r3]
10000fea:	6925      	ldr	r5, [r4, #16]
10000fec:	2900      	cmp	r1, #0
10000fee:	db3a      	blt.n	10001066 <alarm_pool_add_alarm_at+0xb2>
10000ff0:	004b      	lsls	r3, r1, #1
10000ff2:	6960      	ldr	r0, [r4, #20]
10000ff4:	185b      	adds	r3, r3, r1
10000ff6:	00db      	lsls	r3, r3, #3
10000ff8:	18c2      	adds	r2, r0, r3
10000ffa:	5ac3      	ldrh	r3, [r0, r3]
10000ffc:	8063      	strh	r3, [r4, #2]
10000ffe:	f3bf 8f5f 	dmb	sy
10001002:	2300      	movs	r3, #0
10001004:	602b      	str	r3, [r5, #0]
10001006:	f38c 8810 	msr	PRIMASK, ip
1000100a:	9b06      	ldr	r3, [sp, #24]
1000100c:	6096      	str	r6, [r2, #8]
1000100e:	60d7      	str	r7, [r2, #12]
10001010:	6113      	str	r3, [r2, #16]
10001012:	9b07      	ldr	r3, [sp, #28]
10001014:	6153      	str	r3, [r2, #20]
10001016:	8853      	ldrh	r3, [r2, #2]
10001018:	3301      	adds	r3, #1
1000101a:	045b      	lsls	r3, r3, #17
1000101c:	0c5b      	lsrs	r3, r3, #17
1000101e:	1c18      	adds	r0, r3, #0
10001020:	2b00      	cmp	r3, #0
10001022:	d01e      	beq.n	10001062 <alarm_pool_add_alarm_at+0xae>
10001024:	b283      	uxth	r3, r0
10001026:	8050      	strh	r0, [r2, #2]
10001028:	0408      	lsls	r0, r1, #16
1000102a:	4318      	orrs	r0, r3
1000102c:	6925      	ldr	r5, [r4, #16]
1000102e:	f3ef 8610 	mrs	r6, PRIMASK
10001032:	b672      	cpsid	i
10001034:	682b      	ldr	r3, [r5, #0]
10001036:	2b00      	cmp	r3, #0
10001038:	d0fc      	beq.n	10001034 <alarm_pool_add_alarm_at+0x80>
1000103a:	f3bf 8f5f 	dmb	sy
1000103e:	88a3      	ldrh	r3, [r4, #4]
10001040:	8013      	strh	r3, [r2, #0]
10001042:	80a1      	strh	r1, [r4, #4]
10001044:	6923      	ldr	r3, [r4, #16]
10001046:	f3bf 8f5f 	dmb	sy
1000104a:	2200      	movs	r2, #0
1000104c:	601a      	str	r2, [r3, #0]
1000104e:	f386 8810 	msr	PRIMASK, r6
10001052:	7823      	ldrb	r3, [r4, #0]
10001054:	3201      	adds	r2, #1
10001056:	409a      	lsls	r2, r3
10001058:	4908      	ldr	r1, [pc, #32]	@ (1000107c <alarm_pool_add_alarm_at+0xc8>)
1000105a:	68e3      	ldr	r3, [r4, #12]
1000105c:	185b      	adds	r3, r3, r1
1000105e:	601a      	str	r2, [r3, #0]
10001060:	bdf8      	pop	{r3, r4, r5, r6, r7, pc}
10001062:	2001      	movs	r0, #1
10001064:	e7de      	b.n	10001024 <alarm_pool_add_alarm_at+0x70>
10001066:	f3bf 8f5f 	dmb	sy
1000106a:	2300      	movs	r3, #0
1000106c:	602b      	str	r3, [r5, #0]
1000106e:	f38c 8810 	msr	PRIMASK, ip
10001072:	2001      	movs	r0, #1
10001074:	4240      	negs	r0, r0
10001076:	e7f3      	b.n	10001060 <alarm_pool_add_alarm_at+0xac>
10001078:	2000      	movs	r0, #0
1000107a:	e7f1      	b.n	10001060 <alarm_pool_add_alarm_at+0xac>
1000107c:	0000203c 	.word	0x0000203c

10001080 <alarm_pool_add_alarm_at_force_in_context>:
10001080:	b570      	push	{r4, r5, r6, lr}
10001082:	b082      	sub	sp, #8
10001084:	9200      	str	r2, [sp, #0]
10001086:	9301      	str	r3, [sp, #4]
10001088:	0001      	movs	r1, r0
1000108a:	6902      	ldr	r2, [r0, #16]
1000108c:	f3ef 8410 	mrs	r4, PRIMASK
10001090:	b672      	cpsid	i
10001092:	6813      	ldr	r3, [r2, #0]
10001094:	2b00      	cmp	r3, #0
10001096:	d0fc      	beq.n	10001092 <alarm_pool_add_alarm_at_force_in_context+0x12>
10001098:	f3bf 8f5f 	dmb	sy
1000109c:	2302      	movs	r3, #2
1000109e:	5ec8      	ldrsh	r0, [r1, r3]
100010a0:	690d      	ldr	r5, [r1, #16]
100010a2:	2800      	cmp	r0, #0
100010a4:	db3f      	blt.n	10001126 <alarm_pool_add_alarm_at_force_in_context+0xa6>
100010a6:	694a      	ldr	r2, [r1, #20]
100010a8:	0043      	lsls	r3, r0, #1
100010aa:	0016      	movs	r6, r2
100010ac:	181b      	adds	r3, r3, r0
100010ae:	00db      	lsls	r3, r3, #3
100010b0:	18d2      	adds	r2, r2, r3
100010b2:	5af3      	ldrh	r3, [r6, r3]
100010b4:	804b      	strh	r3, [r1, #2]
100010b6:	f3bf 8f5f 	dmb	sy
100010ba:	2300      	movs	r3, #0
100010bc:	602b      	str	r3, [r5, #0]
100010be:	f384 8810 	msr	PRIMASK, r4
100010c2:	9b06      	ldr	r3, [sp, #24]
100010c4:	6113      	str	r3, [r2, #16]
100010c6:	9b07      	ldr	r3, [sp, #28]
100010c8:	6153      	str	r3, [r2, #20]
100010ca:	9b00      	ldr	r3, [sp, #0]
100010cc:	9c01      	ldr	r4, [sp, #4]
100010ce:	6093      	str	r3, [r2, #8]
100010d0:	60d4      	str	r4, [r2, #12]
100010d2:	8853      	ldrh	r3, [r2, #2]
100010d4:	3301      	adds	r3, #1
100010d6:	045b      	lsls	r3, r3, #17
100010d8:	0c5b      	lsrs	r3, r3, #17
100010da:	1c1d      	adds	r5, r3, #0
100010dc:	2b00      	cmp	r3, #0
100010de:	d020      	beq.n	10001122 <alarm_pool_add_alarm_at_force_in_context+0xa2>
100010e0:	b2ac      	uxth	r4, r5
100010e2:	0403      	lsls	r3, r0, #16
100010e4:	8055      	strh	r5, [r2, #2]
100010e6:	4323      	orrs	r3, r4
100010e8:	690d      	ldr	r5, [r1, #16]
100010ea:	f3ef 8c10 	mrs	ip, PRIMASK
100010ee:	b672      	cpsid	i
100010f0:	682c      	ldr	r4, [r5, #0]
100010f2:	2c00      	cmp	r4, #0
100010f4:	d0fc      	beq.n	100010f0 <alarm_pool_add_alarm_at_force_in_context+0x70>
100010f6:	f3bf 8f5f 	dmb	sy
100010fa:	888c      	ldrh	r4, [r1, #4]
100010fc:	8014      	strh	r4, [r2, #0]
100010fe:	8088      	strh	r0, [r1, #4]
10001100:	690a      	ldr	r2, [r1, #16]
10001102:	f3bf 8f5f 	dmb	sy
10001106:	2000      	movs	r0, #0
10001108:	6010      	str	r0, [r2, #0]
1000110a:	f38c 8810 	msr	PRIMASK, ip
1000110e:	780a      	ldrb	r2, [r1, #0]
10001110:	3001      	adds	r0, #1
10001112:	4090      	lsls	r0, r2
10001114:	68ca      	ldr	r2, [r1, #12]
10001116:	4908      	ldr	r1, [pc, #32]	@ (10001138 <alarm_pool_add_alarm_at_force_in_context+0xb8>)
10001118:	1852      	adds	r2, r2, r1
1000111a:	6010      	str	r0, [r2, #0]
1000111c:	0018      	movs	r0, r3
1000111e:	b002      	add	sp, #8
10001120:	bd70      	pop	{r4, r5, r6, pc}
10001122:	2501      	movs	r5, #1
10001124:	e7dc      	b.n	100010e0 <alarm_pool_add_alarm_at_force_in_context+0x60>
10001126:	f3bf 8f5f 	dmb	sy
1000112a:	2300      	movs	r3, #0
1000112c:	602b      	str	r3, [r5, #0]
1000112e:	f384 8810 	msr	PRIMASK, r4
10001132:	3b01      	subs	r3, #1
10001134:	e7f2      	b.n	1000111c <alarm_pool_add_alarm_at_force_in_context+0x9c>
10001136:	46c0      	nop			@ (mov r8, r8)
10001138:	0000203c 	.word	0x0000203c

1000113c <alarm_pool_cancel_alarm>:
1000113c:	b510      	push	{r4, lr}
1000113e:	8943      	ldrh	r3, [r0, #10]
10001140:	140a      	asrs	r2, r1, #16
10001142:	4293      	cmp	r3, r2
10001144:	dd1a      	ble.n	1000117c <alarm_pool_cancel_alarm+0x40>
10001146:	0053      	lsls	r3, r2, #1
10001148:	189b      	adds	r3, r3, r2
1000114a:	6942      	ldr	r2, [r0, #20]
1000114c:	00db      	lsls	r3, r3, #3
1000114e:	18d3      	adds	r3, r2, r3
10001150:	6904      	ldr	r4, [r0, #16]
10001152:	f3ef 8c10 	mrs	ip, PRIMASK
10001156:	b672      	cpsid	i
10001158:	6822      	ldr	r2, [r4, #0]
1000115a:	2a00      	cmp	r2, #0
1000115c:	d0fc      	beq.n	10001158 <alarm_pool_cancel_alarm+0x1c>
1000115e:	f3bf 8f5f 	dmb	sy
10001162:	885a      	ldrh	r2, [r3, #2]
10001164:	0409      	lsls	r1, r1, #16
10001166:	b294      	uxth	r4, r2
10001168:	0c09      	lsrs	r1, r1, #16
1000116a:	428a      	cmp	r2, r1
1000116c:	d008      	beq.n	10001180 <alarm_pool_cancel_alarm+0x44>
1000116e:	6903      	ldr	r3, [r0, #16]
10001170:	f3bf 8f5f 	dmb	sy
10001174:	2200      	movs	r2, #0
10001176:	601a      	str	r2, [r3, #0]
10001178:	f38c 8810 	msr	PRIMASK, ip
1000117c:	2000      	movs	r0, #0
1000117e:	bd10      	pop	{r4, pc}
10001180:	4a09      	ldr	r2, [pc, #36]	@ (100011a8 <alarm_pool_cancel_alarm+0x6c>)
10001182:	4322      	orrs	r2, r4
10001184:	805a      	strh	r2, [r3, #2]
10001186:	2301      	movs	r3, #1
10001188:	6902      	ldr	r2, [r0, #16]
1000118a:	7183      	strb	r3, [r0, #6]
1000118c:	f3bf 8f5f 	dmb	sy
10001190:	2100      	movs	r1, #0
10001192:	6011      	str	r1, [r2, #0]
10001194:	f38c 8810 	msr	PRIMASK, ip
10001198:	7802      	ldrb	r2, [r0, #0]
1000119a:	4904      	ldr	r1, [pc, #16]	@ (100011ac <alarm_pool_cancel_alarm+0x70>)
1000119c:	4093      	lsls	r3, r2
1000119e:	68c2      	ldr	r2, [r0, #12]
100011a0:	2001      	movs	r0, #1
100011a2:	1852      	adds	r2, r2, r1
100011a4:	6013      	str	r3, [r2, #0]
100011a6:	e7ea      	b.n	1000117e <alarm_pool_cancel_alarm+0x42>
100011a8:	ffff8000 	.word	0xffff8000
100011ac:	0000203c 	.word	0x0000203c

100011b0 <alarm_pool_core_num>:
100011b0:	7840      	ldrb	r0, [r0, #1]
100011b2:	4770      	bx	lr

100011b4 <best_effort_wfe_or_timeout>:
100011b4:	b5f0      	push	{r4, r5, r6, r7, lr}
100011b6:	46ce      	mov	lr, r9
100011b8:	4647      	mov	r7, r8
100011ba:	b580      	push	{r7, lr}
100011bc:	0004      	movs	r4, r0
100011be:	000d      	movs	r5, r1
100011c0:	b085      	sub	sp, #20
100011c2:	f3ef 8305 	mrs	r3, IPSR
100011c6:	4689      	mov	r9, r1
100011c8:	2b00      	cmp	r3, #0
100011ca:	d132      	bne.n	10001232 <best_effort_wfe_or_timeout+0x7e>
100011cc:	4e40      	ldr	r6, [pc, #256]	@ (100012d0 <best_effort_wfe_or_timeout+0x11c>)
100011ce:	6833      	ldr	r3, [r6, #0]
100011d0:	4283      	cmp	r3, r0
100011d2:	d02a      	beq.n	1000122a <best_effort_wfe_or_timeout+0x76>
100011d4:	4f3f      	ldr	r7, [pc, #252]	@ (100012d4 <best_effort_wfe_or_timeout+0x120>)
100011d6:	68fb      	ldr	r3, [r7, #12]
100011d8:	783a      	ldrb	r2, [r7, #0]
100011da:	4698      	mov	r8, r3
100011dc:	0018      	movs	r0, r3
100011de:	9203      	str	r2, [sp, #12]
100011e0:	f000 f888 	bl	100012f4 <timer_time_us_64>
100011e4:	9a03      	ldr	r2, [sp, #12]
100011e6:	1d13      	adds	r3, r2, #4
100011e8:	4642      	mov	r2, r8
100011ea:	009b      	lsls	r3, r3, #2
100011ec:	589b      	ldr	r3, [r3, r2]
100011ee:	0022      	movs	r2, r4
100011f0:	1a1b      	subs	r3, r3, r0
100011f2:	469c      	mov	ip, r3
100011f4:	002b      	movs	r3, r5
100011f6:	1a12      	subs	r2, r2, r0
100011f8:	418b      	sbcs	r3, r1
100011fa:	0019      	movs	r1, r3
100011fc:	2300      	movs	r3, #0
100011fe:	0010      	movs	r0, r2
10001200:	428b      	cmp	r3, r1
10001202:	dc25      	bgt.n	10001250 <best_effort_wfe_or_timeout+0x9c>
10001204:	d022      	beq.n	1000124c <best_effort_wfe_or_timeout+0x98>
10001206:	bf20      	wfe
10001208:	4b33      	ldr	r3, [pc, #204]	@ (100012d8 <best_effort_wfe_or_timeout+0x124>)
1000120a:	6a58      	ldr	r0, [r3, #36]	@ 0x24
1000120c:	4548      	cmp	r0, r9
1000120e:	d32b      	bcc.n	10001268 <best_effort_wfe_or_timeout+0xb4>
10001210:	1b40      	subs	r0, r0, r5
10001212:	6a9a      	ldr	r2, [r3, #40]	@ 0x28
10001214:	1e43      	subs	r3, r0, #1
10001216:	4198      	sbcs	r0, r3
10001218:	2300      	movs	r3, #0
1000121a:	42a2      	cmp	r2, r4
1000121c:	415b      	adcs	r3, r3
1000121e:	4318      	orrs	r0, r3
10001220:	b005      	add	sp, #20
10001222:	bcc0      	pop	{r6, r7}
10001224:	46b9      	mov	r9, r7
10001226:	46b0      	mov	r8, r6
10001228:	bdf0      	pop	{r4, r5, r6, r7, pc}
1000122a:	6873      	ldr	r3, [r6, #4]
1000122c:	428b      	cmp	r3, r1
1000122e:	d1d1      	bne.n	100011d4 <best_effort_wfe_or_timeout+0x20>
10001230:	e7e9      	b.n	10001206 <best_effort_wfe_or_timeout+0x52>
10001232:	4929      	ldr	r1, [pc, #164]	@ (100012d8 <best_effort_wfe_or_timeout+0x124>)
10001234:	2000      	movs	r0, #0
10001236:	6a4b      	ldr	r3, [r1, #36]	@ 0x24
10001238:	42ab      	cmp	r3, r5
1000123a:	d3f1      	bcc.n	10001220 <best_effort_wfe_or_timeout+0x6c>
1000123c:	6a8a      	ldr	r2, [r1, #40]	@ 0x28
1000123e:	1b5b      	subs	r3, r3, r5
10001240:	1e59      	subs	r1, r3, #1
10001242:	418b      	sbcs	r3, r1
10001244:	42a2      	cmp	r2, r4
10001246:	4140      	adcs	r0, r0
10001248:	4318      	orrs	r0, r3
1000124a:	e7e9      	b.n	10001220 <best_effort_wfe_or_timeout+0x6c>
1000124c:	4584      	cmp	ip, r0
1000124e:	d9da      	bls.n	10001206 <best_effort_wfe_or_timeout+0x52>
10001250:	f000 f858 	bl	10001304 <time_us_64>
10001254:	0022      	movs	r2, r4
10001256:	002b      	movs	r3, r5
10001258:	1a12      	subs	r2, r2, r0
1000125a:	418b      	sbcs	r3, r1
1000125c:	2b00      	cmp	r3, #0
1000125e:	da05      	bge.n	1000126c <best_effort_wfe_or_timeout+0xb8>
10001260:	4a1d      	ldr	r2, [pc, #116]	@ (100012d8 <best_effort_wfe_or_timeout+0x124>)
10001262:	6a53      	ldr	r3, [r2, #36]	@ 0x24
10001264:	454b      	cmp	r3, r9
10001266:	d229      	bcs.n	100012bc <best_effort_wfe_or_timeout+0x108>
10001268:	2000      	movs	r0, #0
1000126a:	e7d9      	b.n	10001220 <best_effort_wfe_or_timeout+0x6c>
1000126c:	2300      	movs	r3, #0
1000126e:	9301      	str	r3, [sp, #4]
10001270:	4b1a      	ldr	r3, [pc, #104]	@ (100012dc <best_effort_wfe_or_timeout+0x128>)
10001272:	0022      	movs	r2, r4
10001274:	9300      	str	r3, [sp, #0]
10001276:	0038      	movs	r0, r7
10001278:	002b      	movs	r3, r5
1000127a:	f7ff ff01 	bl	10001080 <alarm_pool_add_alarm_at_force_in_context>
1000127e:	2800      	cmp	r0, #0
10001280:	ddee      	ble.n	10001260 <best_effort_wfe_or_timeout+0xac>
10001282:	4b15      	ldr	r3, [pc, #84]	@ (100012d8 <best_effort_wfe_or_timeout+0x124>)
10001284:	c630      	stmia	r6!, {r4, r5}
10001286:	6a5a      	ldr	r2, [r3, #36]	@ 0x24
10001288:	454a      	cmp	r2, r9
1000128a:	d315      	bcc.n	100012b8 <best_effort_wfe_or_timeout+0x104>
1000128c:	6a9b      	ldr	r3, [r3, #40]	@ 0x28
1000128e:	42a3      	cmp	r3, r4
10001290:	d310      	bcc.n	100012b4 <best_effort_wfe_or_timeout+0x100>
10001292:	0001      	movs	r1, r0
10001294:	0038      	movs	r0, r7
10001296:	f7ff ff51 	bl	1000113c <alarm_pool_cancel_alarm>
1000129a:	4a0f      	ldr	r2, [pc, #60]	@ (100012d8 <best_effort_wfe_or_timeout+0x124>)
1000129c:	2000      	movs	r0, #0
1000129e:	6a53      	ldr	r3, [r2, #36]	@ 0x24
100012a0:	454b      	cmp	r3, r9
100012a2:	d3bd      	bcc.n	10001220 <best_effort_wfe_or_timeout+0x6c>
100012a4:	6a92      	ldr	r2, [r2, #40]	@ 0x28
100012a6:	1b5b      	subs	r3, r3, r5
100012a8:	1e59      	subs	r1, r3, #1
100012aa:	418b      	sbcs	r3, r1
100012ac:	42a2      	cmp	r2, r4
100012ae:	4140      	adcs	r0, r0
100012b0:	4318      	orrs	r0, r3
100012b2:	e7b5      	b.n	10001220 <best_effort_wfe_or_timeout+0x6c>
100012b4:	454a      	cmp	r2, r9
100012b6:	d1ec      	bne.n	10001292 <best_effort_wfe_or_timeout+0xde>
100012b8:	bf20      	wfe
100012ba:	e7ea      	b.n	10001292 <best_effort_wfe_or_timeout+0xde>
100012bc:	2000      	movs	r0, #0
100012be:	6a92      	ldr	r2, [r2, #40]	@ 0x28
100012c0:	1b5b      	subs	r3, r3, r5
100012c2:	42a2      	cmp	r2, r4
100012c4:	4140      	adcs	r0, r0
100012c6:	1e5a      	subs	r2, r3, #1
100012c8:	4193      	sbcs	r3, r2
100012ca:	4318      	orrs	r0, r3
100012cc:	e7a8      	b.n	10001220 <best_effort_wfe_or_timeout+0x6c>
100012ce:	46c0      	nop			@ (mov r8, r8)
100012d0:	20000fa8 	.word	0x20000fa8
100012d4:	20000fb0 	.word	0x20000fb0
100012d8:	40054000 	.word	0x40054000
100012dc:	10000bb1 	.word	0x10000bb1

100012e0 <timer_hardware_alarm_claim>:
100012e0:	b510      	push	{r4, lr}
100012e2:	4a02      	ldr	r2, [pc, #8]	@ (100012ec <timer_hardware_alarm_claim+0xc>)
100012e4:	4802      	ldr	r0, [pc, #8]	@ (100012f0 <timer_hardware_alarm_claim+0x10>)
100012e6:	f7ff f99d 	bl	10000624 <hw_claim_or_assert>
100012ea:	bd10      	pop	{r4, pc}
100012ec:	100069b0 	.word	0x100069b0
100012f0:	20001790 	.word	0x20001790

100012f4 <timer_time_us_64>:
100012f4:	0003      	movs	r3, r0
100012f6:	6a41      	ldr	r1, [r0, #36]	@ 0x24
100012f8:	000a      	movs	r2, r1
100012fa:	6a98      	ldr	r0, [r3, #40]	@ 0x28
100012fc:	6a59      	ldr	r1, [r3, #36]	@ 0x24
100012fe:	428a      	cmp	r2, r1
10001300:	d1fa      	bne.n	100012f8 <timer_time_us_64+0x4>
10001302:	4770      	bx	lr

10001304 <time_us_64>:
10001304:	4b03      	ldr	r3, [pc, #12]	@ (10001314 <time_us_64+0x10>)
10001306:	6a59      	ldr	r1, [r3, #36]	@ 0x24
10001308:	000a      	movs	r2, r1
1000130a:	6a98      	ldr	r0, [r3, #40]	@ 0x28
1000130c:	6a59      	ldr	r1, [r3, #36]	@ 0x24
1000130e:	4291      	cmp	r1, r2
10001310:	d1fa      	bne.n	10001308 <time_us_64+0x4>
10001312:	4770      	bx	lr
10001314:	40054000 	.word	0x40054000

10001318 <busy_wait_us>:
10001318:	b570      	push	{r4, r5, r6, lr}
1000131a:	0005      	movs	r5, r0
1000131c:	000e      	movs	r6, r1
1000131e:	4a18      	ldr	r2, [pc, #96]	@ (10001380 <busy_wait_us+0x68>)
10001320:	6a53      	ldr	r3, [r2, #36]	@ 0x24
10001322:	0019      	movs	r1, r3
10001324:	6a94      	ldr	r4, [r2, #40]	@ 0x28
10001326:	6a53      	ldr	r3, [r2, #36]	@ 0x24
10001328:	428b      	cmp	r3, r1
1000132a:	d1fa      	bne.n	10001322 <busy_wait_us+0xa>
1000132c:	0020      	movs	r0, r4
1000132e:	0019      	movs	r1, r3
10001330:	002c      	movs	r4, r5
10001332:	0035      	movs	r5, r6
10001334:	1824      	adds	r4, r4, r0
10001336:	414d      	adcs	r5, r1
10001338:	42ab      	cmp	r3, r5
1000133a:	d816      	bhi.n	1000136a <busy_wait_us+0x52>
1000133c:	d013      	beq.n	10001366 <busy_wait_us+0x4e>
1000133e:	4b10      	ldr	r3, [pc, #64]	@ (10001380 <busy_wait_us+0x68>)
10001340:	002a      	movs	r2, r5
10001342:	6a5b      	ldr	r3, [r3, #36]	@ 0x24
10001344:	429d      	cmp	r5, r3
10001346:	d903      	bls.n	10001350 <busy_wait_us+0x38>
10001348:	490d      	ldr	r1, [pc, #52]	@ (10001380 <busy_wait_us+0x68>)
1000134a:	6a4b      	ldr	r3, [r1, #36]	@ 0x24
1000134c:	4293      	cmp	r3, r2
1000134e:	d3fc      	bcc.n	1000134a <busy_wait_us+0x32>
10001350:	4293      	cmp	r3, r2
10001352:	d107      	bne.n	10001364 <busy_wait_us+0x4c>
10001354:	4a0a      	ldr	r2, [pc, #40]	@ (10001380 <busy_wait_us+0x68>)
10001356:	e002      	b.n	1000135e <busy_wait_us+0x46>
10001358:	6a51      	ldr	r1, [r2, #36]	@ 0x24
1000135a:	4299      	cmp	r1, r3
1000135c:	d102      	bne.n	10001364 <busy_wait_us+0x4c>
1000135e:	6a91      	ldr	r1, [r2, #40]	@ 0x28
10001360:	42a1      	cmp	r1, r4
10001362:	d3f9      	bcc.n	10001358 <busy_wait_us+0x40>
10001364:	bd70      	pop	{r4, r5, r6, pc}
10001366:	42a0      	cmp	r0, r4
10001368:	d9e9      	bls.n	1000133e <busy_wait_us+0x26>
1000136a:	4b05      	ldr	r3, [pc, #20]	@ (10001380 <busy_wait_us+0x68>)
1000136c:	6a5b      	ldr	r3, [r3, #36]	@ 0x24
1000136e:	001c      	movs	r4, r3
10001370:	1c5a      	adds	r2, r3, #1
10001372:	d0ef      	beq.n	10001354 <busy_wait_us+0x3c>
10001374:	2201      	movs	r2, #1
10001376:	2401      	movs	r4, #1
10001378:	4264      	negs	r4, r4
1000137a:	17e5      	asrs	r5, r4, #31
1000137c:	4252      	negs	r2, r2
1000137e:	e7e3      	b.n	10001348 <busy_wait_us+0x30>
10001380:	40054000 	.word	0x40054000

10001384 <clock_configure_int_divider>:
10001384:	b5f8      	push	{r3, r4, r5, r6, r7, lr}
10001386:	46de      	mov	lr, fp
10001388:	464e      	mov	r6, r9
1000138a:	4645      	mov	r5, r8
1000138c:	4657      	mov	r7, sl
1000138e:	b5e0      	push	{r5, r6, r7, lr}
10001390:	0005      	movs	r5, r0
10001392:	468b      	mov	fp, r1
10001394:	0018      	movs	r0, r3
10001396:	990a      	ldr	r1, [sp, #40]	@ 0x28
10001398:	4691      	mov	r9, r2
1000139a:	f000 fb39 	bl	10001a10 <__wrap___aeabi_uidiv>
1000139e:	9b0a      	ldr	r3, [sp, #40]	@ 0x28
100013a0:	006c      	lsls	r4, r5, #1
100013a2:	021e      	lsls	r6, r3, #8
100013a4:	1964      	adds	r4, r4, r5
100013a6:	4b30      	ldr	r3, [pc, #192]	@ (10001468 <clock_configure_int_divider+0xe4>)
100013a8:	00a4      	lsls	r4, r4, #2
100013aa:	18e4      	adds	r4, r4, r3
100013ac:	6863      	ldr	r3, [r4, #4]
100013ae:	4680      	mov	r8, r0
100013b0:	429e      	cmp	r6, r3
100013b2:	d900      	bls.n	100013b6 <clock_configure_int_divider+0x32>
100013b4:	6066      	str	r6, [r4, #4]
100013b6:	1f2f      	subs	r7, r5, #4
100013b8:	b2fb      	uxtb	r3, r7
100013ba:	469a      	mov	sl, r3
100013bc:	2b01      	cmp	r3, #1
100013be:	d92f      	bls.n	10001420 <clock_configure_int_divider+0x9c>
100013c0:	23c0      	movs	r3, #192	@ 0xc0
100013c2:	2280      	movs	r2, #128	@ 0x80
100013c4:	4f29      	ldr	r7, [pc, #164]	@ (1000146c <clock_configure_int_divider+0xe8>)
100013c6:	00ad      	lsls	r5, r5, #2
100013c8:	019b      	lsls	r3, r3, #6
100013ca:	5979      	ldr	r1, [r7, r5]
100013cc:	0112      	lsls	r2, r2, #4
100013ce:	18e3      	adds	r3, r4, r3
100013d0:	601a      	str	r2, [r3, #0]
100013d2:	2900      	cmp	r1, #0
100013d4:	d11b      	bne.n	1000140e <clock_configure_int_divider+0x8a>
100013d6:	464b      	mov	r3, r9
100013d8:	6822      	ldr	r2, [r4, #0]
100013da:	015b      	lsls	r3, r3, #5
100013dc:	4053      	eors	r3, r2
100013de:	22e0      	movs	r2, #224	@ 0xe0
100013e0:	4013      	ands	r3, r2
100013e2:	2280      	movs	r2, #128	@ 0x80
100013e4:	0152      	lsls	r2, r2, #5
100013e6:	18a2      	adds	r2, r4, r2
100013e8:	6013      	str	r3, [r2, #0]
100013ea:	4653      	mov	r3, sl
100013ec:	2b01      	cmp	r3, #1
100013ee:	d92f      	bls.n	10001450 <clock_configure_int_divider+0xcc>
100013f0:	2380      	movs	r3, #128	@ 0x80
100013f2:	2280      	movs	r2, #128	@ 0x80
100013f4:	019b      	lsls	r3, r3, #6
100013f6:	18e3      	adds	r3, r4, r3
100013f8:	0112      	lsls	r2, r2, #4
100013fa:	601a      	str	r2, [r3, #0]
100013fc:	4643      	mov	r3, r8
100013fe:	6066      	str	r6, [r4, #4]
10001400:	517b      	str	r3, [r7, r5]
10001402:	bcf0      	pop	{r4, r5, r6, r7}
10001404:	46bb      	mov	fp, r7
10001406:	46b2      	mov	sl, r6
10001408:	46a9      	mov	r9, r5
1000140a:	46a0      	mov	r8, r4
1000140c:	bdf8      	pop	{r3, r4, r5, r6, r7, pc}
1000140e:	6978      	ldr	r0, [r7, #20]
10001410:	f000 fafe 	bl	10001a10 <__wrap___aeabi_uidiv>
10001414:	3001      	adds	r0, #1
10001416:	0043      	lsls	r3, r0, #1
10001418:	181b      	adds	r3, r3, r0
1000141a:	3b03      	subs	r3, #3
1000141c:	d2fd      	bcs.n	1000141a <clock_configure_int_divider+0x96>
1000141e:	e7da      	b.n	100013d6 <clock_configure_int_divider+0x52>
10001420:	465b      	mov	r3, fp
10001422:	2b01      	cmp	r3, #1
10001424:	d1cc      	bne.n	100013c0 <clock_configure_int_divider+0x3c>
10001426:	23c0      	movs	r3, #192	@ 0xc0
10001428:	2203      	movs	r2, #3
1000142a:	019b      	lsls	r3, r3, #6
1000142c:	18e3      	adds	r3, r4, r3
1000142e:	601a      	str	r2, [r3, #0]
10001430:	3a02      	subs	r2, #2
10001432:	68a3      	ldr	r3, [r4, #8]
10001434:	421a      	tst	r2, r3
10001436:	d0fc      	beq.n	10001432 <clock_configure_int_divider+0xae>
10001438:	464a      	mov	r2, r9
1000143a:	6823      	ldr	r3, [r4, #0]
1000143c:	0152      	lsls	r2, r2, #5
1000143e:	405a      	eors	r2, r3
10001440:	23e0      	movs	r3, #224	@ 0xe0
10001442:	4013      	ands	r3, r2
10001444:	2280      	movs	r2, #128	@ 0x80
10001446:	0152      	lsls	r2, r2, #5
10001448:	18a2      	adds	r2, r4, r2
1000144a:	4f08      	ldr	r7, [pc, #32]	@ (1000146c <clock_configure_int_divider+0xe8>)
1000144c:	6013      	str	r3, [r2, #0]
1000144e:	00ad      	lsls	r5, r5, #2
10001450:	4658      	mov	r0, fp
10001452:	2303      	movs	r3, #3
10001454:	6821      	ldr	r1, [r4, #0]
10001456:	4041      	eors	r1, r0
10001458:	400b      	ands	r3, r1
1000145a:	6013      	str	r3, [r2, #0]
1000145c:	2201      	movs	r2, #1
1000145e:	4082      	lsls	r2, r0
10001460:	68a3      	ldr	r3, [r4, #8]
10001462:	421a      	tst	r2, r3
10001464:	d0fc      	beq.n	10001460 <clock_configure_int_divider+0xdc>
10001466:	e7c3      	b.n	100013f0 <clock_configure_int_divider+0x6c>
10001468:	40008000 	.word	0x40008000
1000146c:	20001794 	.word	0x20001794

10001470 <clock_configure_undivided>:
10001470:	b5f0      	push	{r4, r5, r6, r7, lr}
10001472:	46d6      	mov	lr, sl
10001474:	464f      	mov	r7, r9
10001476:	4646      	mov	r6, r8
10001478:	0044      	lsls	r4, r0, #1
1000147a:	4698      	mov	r8, r3
1000147c:	1824      	adds	r4, r4, r0
1000147e:	4b32      	ldr	r3, [pc, #200]	@ (10001548 <clock_configure_undivided+0xd8>)
10001480:	00a4      	lsls	r4, r4, #2
10001482:	18e4      	adds	r4, r4, r3
10001484:	6863      	ldr	r3, [r4, #4]
10001486:	468a      	mov	sl, r1
10001488:	4691      	mov	r9, r2
1000148a:	b5c0      	push	{r6, r7, lr}
1000148c:	2bff      	cmp	r3, #255	@ 0xff
1000148e:	d802      	bhi.n	10001496 <clock_configure_undivided+0x26>
10001490:	2380      	movs	r3, #128	@ 0x80
10001492:	005b      	lsls	r3, r3, #1
10001494:	6063      	str	r3, [r4, #4]
10001496:	1f06      	subs	r6, r0, #4
10001498:	b2f6      	uxtb	r6, r6
1000149a:	2e01      	cmp	r6, #1
1000149c:	d92f      	bls.n	100014fe <clock_configure_undivided+0x8e>
1000149e:	23c0      	movs	r3, #192	@ 0xc0
100014a0:	2280      	movs	r2, #128	@ 0x80
100014a2:	4f2a      	ldr	r7, [pc, #168]	@ (1000154c <clock_configure_undivided+0xdc>)
100014a4:	0085      	lsls	r5, r0, #2
100014a6:	019b      	lsls	r3, r3, #6
100014a8:	5979      	ldr	r1, [r7, r5]
100014aa:	0112      	lsls	r2, r2, #4
100014ac:	18e3      	adds	r3, r4, r3
100014ae:	601a      	str	r2, [r3, #0]
100014b0:	2900      	cmp	r1, #0
100014b2:	d11b      	bne.n	100014ec <clock_configure_undivided+0x7c>
100014b4:	464b      	mov	r3, r9
100014b6:	6822      	ldr	r2, [r4, #0]
100014b8:	015b      	lsls	r3, r3, #5
100014ba:	4053      	eors	r3, r2
100014bc:	22e0      	movs	r2, #224	@ 0xe0
100014be:	4013      	ands	r3, r2
100014c0:	2280      	movs	r2, #128	@ 0x80
100014c2:	0152      	lsls	r2, r2, #5
100014c4:	18a2      	adds	r2, r4, r2
100014c6:	6013      	str	r3, [r2, #0]
100014c8:	2e01      	cmp	r6, #1
100014ca:	d930      	bls.n	1000152e <clock_configure_undivided+0xbe>
100014cc:	2380      	movs	r3, #128	@ 0x80
100014ce:	2280      	movs	r2, #128	@ 0x80
100014d0:	019b      	lsls	r3, r3, #6
100014d2:	18e3      	adds	r3, r4, r3
100014d4:	0112      	lsls	r2, r2, #4
100014d6:	601a      	str	r2, [r3, #0]
100014d8:	2380      	movs	r3, #128	@ 0x80
100014da:	005b      	lsls	r3, r3, #1
100014dc:	6063      	str	r3, [r4, #4]
100014de:	4643      	mov	r3, r8
100014e0:	517b      	str	r3, [r7, r5]
100014e2:	bce0      	pop	{r5, r6, r7}
100014e4:	46ba      	mov	sl, r7
100014e6:	46b1      	mov	r9, r6
100014e8:	46a8      	mov	r8, r5
100014ea:	bdf0      	pop	{r4, r5, r6, r7, pc}
100014ec:	6978      	ldr	r0, [r7, #20]
100014ee:	f000 fa8f 	bl	10001a10 <__wrap___aeabi_uidiv>
100014f2:	3001      	adds	r0, #1
100014f4:	0043      	lsls	r3, r0, #1
100014f6:	181b      	adds	r3, r3, r0
100014f8:	3b03      	subs	r3, #3
100014fa:	d2fd      	bcs.n	100014f8 <clock_configure_undivided+0x88>
100014fc:	e7da      	b.n	100014b4 <clock_configure_undivided+0x44>
100014fe:	4653      	mov	r3, sl
10001500:	2b01      	cmp	r3, #1
10001502:	d1cc      	bne.n	1000149e <clock_configure_undivided+0x2e>
10001504:	23c0      	movs	r3, #192	@ 0xc0
10001506:	2203      	movs	r2, #3
10001508:	019b      	lsls	r3, r3, #6
1000150a:	18e3      	adds	r3, r4, r3
1000150c:	601a      	str	r2, [r3, #0]
1000150e:	3a02      	subs	r2, #2
10001510:	68a3      	ldr	r3, [r4, #8]
10001512:	421a      	tst	r2, r3
10001514:	d0fc      	beq.n	10001510 <clock_configure_undivided+0xa0>
10001516:	464a      	mov	r2, r9
10001518:	6823      	ldr	r3, [r4, #0]
1000151a:	0152      	lsls	r2, r2, #5
1000151c:	405a      	eors	r2, r3
1000151e:	23e0      	movs	r3, #224	@ 0xe0
10001520:	4013      	ands	r3, r2
10001522:	2280      	movs	r2, #128	@ 0x80
10001524:	0152      	lsls	r2, r2, #5
10001526:	18a2      	adds	r2, r4, r2
10001528:	4f08      	ldr	r7, [pc, #32]	@ (1000154c <clock_configure_undivided+0xdc>)
1000152a:	6013      	str	r3, [r2, #0]
1000152c:	0085      	lsls	r5, r0, #2
1000152e:	4650      	mov	r0, sl
10001530:	2303      	movs	r3, #3
10001532:	6821      	ldr	r1, [r4, #0]
10001534:	4041      	eors	r1, r0
10001536:	400b      	ands	r3, r1
10001538:	6013      	str	r3, [r2, #0]
1000153a:	2201      	movs	r2, #1
1000153c:	4082      	lsls	r2, r0
1000153e:	68a3      	ldr	r3, [r4, #8]
10001540:	421a      	tst	r2, r3
10001542:	d0fc      	beq.n	1000153e <clock_configure_undivided+0xce>
10001544:	e7c2      	b.n	100014cc <clock_configure_undivided+0x5c>
10001546:	46c0      	nop			@ (mov r8, r8)
10001548:	40008000 	.word	0x40008000
1000154c:	20001794 	.word	0x20001794

10001550 <clock_get_hz>:
10001550:	4b01      	ldr	r3, [pc, #4]	@ (10001558 <clock_get_hz+0x8>)
10001552:	0080      	lsls	r0, r0, #2
10001554:	58c0      	ldr	r0, [r0, r3]
10001556:	4770      	bx	lr
10001558:	20001794 	.word	0x20001794

1000155c <pll_init>:
1000155c:	b5f0      	push	{r4, r5, r6, r7, lr}
1000155e:	46c6      	mov	lr, r8
10001560:	0004      	movs	r4, r0
10001562:	b500      	push	{lr}
10001564:	4823      	ldr	r0, [pc, #140]	@ (100015f4 <pll_init+0x98>)
10001566:	0016      	movs	r6, r2
10001568:	4698      	mov	r8, r3
1000156a:	000d      	movs	r5, r1
1000156c:	f000 fa50 	bl	10001a10 <__wrap___aeabi_uidiv>
10001570:	0001      	movs	r1, r0
10001572:	0030      	movs	r0, r6
10001574:	f000 fa4c 	bl	10001a10 <__wrap___aeabi_uidiv>
10001578:	4643      	mov	r3, r8
1000157a:	9a06      	ldr	r2, [sp, #24]
1000157c:	041b      	lsls	r3, r3, #16
1000157e:	0312      	lsls	r2, r2, #12
10001580:	4313      	orrs	r3, r2
10001582:	469c      	mov	ip, r3
10001584:	6823      	ldr	r3, [r4, #0]
10001586:	0006      	movs	r6, r0
10001588:	2b00      	cmp	r3, #0
1000158a:	db22      	blt.n	100015d2 <pll_init+0x76>
1000158c:	4b1a      	ldr	r3, [pc, #104]	@ (100015f8 <pll_init+0x9c>)
1000158e:	481b      	ldr	r0, [pc, #108]	@ (100015fc <pll_init+0xa0>)
10001590:	18e2      	adds	r2, r4, r3
10001592:	1e53      	subs	r3, r2, #1
10001594:	419a      	sbcs	r2, r3
10001596:	2380      	movs	r3, #128	@ 0x80
10001598:	4252      	negs	r2, r2
1000159a:	0b12      	lsrs	r2, r2, #12
1000159c:	019b      	lsls	r3, r3, #6
1000159e:	0312      	lsls	r2, r2, #12
100015a0:	18d2      	adds	r2, r2, r3
100015a2:	4b17      	ldr	r3, [pc, #92]	@ (10001600 <pll_init+0xa4>)
100015a4:	601a      	str	r2, [r3, #0]
100015a6:	4b17      	ldr	r3, [pc, #92]	@ (10001604 <pll_init+0xa8>)
100015a8:	601a      	str	r2, [r3, #0]
100015aa:	0013      	movs	r3, r2
100015ac:	6801      	ldr	r1, [r0, #0]
100015ae:	438b      	bics	r3, r1
100015b0:	d1fb      	bne.n	100015aa <pll_init+0x4e>
100015b2:	2221      	movs	r2, #33	@ 0x21
100015b4:	4b14      	ldr	r3, [pc, #80]	@ (10001608 <pll_init+0xac>)
100015b6:	6025      	str	r5, [r4, #0]
100015b8:	18e3      	adds	r3, r4, r3
100015ba:	60a6      	str	r6, [r4, #8]
100015bc:	601a      	str	r2, [r3, #0]
100015be:	6822      	ldr	r2, [r4, #0]
100015c0:	2a00      	cmp	r2, #0
100015c2:	dafc      	bge.n	100015be <pll_init+0x62>
100015c4:	4662      	mov	r2, ip
100015c6:	60e2      	str	r2, [r4, #12]
100015c8:	2208      	movs	r2, #8
100015ca:	601a      	str	r2, [r3, #0]
100015cc:	bc80      	pop	{r7}
100015ce:	46b8      	mov	r8, r7
100015d0:	bdf0      	pop	{r4, r5, r6, r7, pc}
100015d2:	233f      	movs	r3, #63	@ 0x3f
100015d4:	6822      	ldr	r2, [r4, #0]
100015d6:	4013      	ands	r3, r2
100015d8:	42ab      	cmp	r3, r5
100015da:	d1d7      	bne.n	1000158c <pll_init+0x30>
100015dc:	68a3      	ldr	r3, [r4, #8]
100015de:	051b      	lsls	r3, r3, #20
100015e0:	0d1b      	lsrs	r3, r3, #20
100015e2:	4283      	cmp	r3, r0
100015e4:	d1d2      	bne.n	1000158c <pll_init+0x30>
100015e6:	22ee      	movs	r2, #238	@ 0xee
100015e8:	68e3      	ldr	r3, [r4, #12]
100015ea:	02d2      	lsls	r2, r2, #11
100015ec:	4013      	ands	r3, r2
100015ee:	4563      	cmp	r3, ip
100015f0:	d1cc      	bne.n	1000158c <pll_init+0x30>
100015f2:	e7eb      	b.n	100015cc <pll_init+0x70>
100015f4:	00b71b00 	.word	0x00b71b00
100015f8:	bffd4000 	.word	0xbffd4000
100015fc:	4000c008 	.word	0x4000c008
10001600:	4000e000 	.word	0x4000e000
10001604:	4000f000 	.word	0x4000f000
10001608:	00003004 	.word	0x00003004

1000160c <watchdog_reboot>:
1000160c:	b510      	push	{r4, lr}
1000160e:	2480      	movs	r4, #128	@ 0x80
10001610:	4b1c      	ldr	r3, [pc, #112]	@ (10001684 <watchdog_reboot+0x78>)
10001612:	05e4      	lsls	r4, r4, #23
10001614:	601c      	str	r4, [r3, #0]
10001616:	2800      	cmp	r0, #0
10001618:	d01a      	beq.n	10001650 <watchdog_reboot+0x44>
1000161a:	2301      	movs	r3, #1
1000161c:	4c1a      	ldr	r4, [pc, #104]	@ (10001688 <watchdog_reboot+0x7c>)
1000161e:	4318      	orrs	r0, r3
10001620:	4b1a      	ldr	r3, [pc, #104]	@ (1000168c <watchdog_reboot+0x80>)
10001622:	61dc      	str	r4, [r3, #28]
10001624:	4c1a      	ldr	r4, [pc, #104]	@ (10001690 <watchdog_reboot+0x84>)
10001626:	4044      	eors	r4, r0
10001628:	621c      	str	r4, [r3, #32]
1000162a:	6259      	str	r1, [r3, #36]	@ 0x24
1000162c:	6298      	str	r0, [r3, #40]	@ 0x28
1000162e:	2180      	movs	r1, #128	@ 0x80
10001630:	4b14      	ldr	r3, [pc, #80]	@ (10001684 <watchdog_reboot+0x78>)
10001632:	05c9      	lsls	r1, r1, #23
10001634:	6019      	str	r1, [r3, #0]
10001636:	4817      	ldr	r0, [pc, #92]	@ (10001694 <watchdog_reboot+0x88>)
10001638:	4917      	ldr	r1, [pc, #92]	@ (10001698 <watchdog_reboot+0x8c>)
1000163a:	6008      	str	r0, [r1, #0]
1000163c:	21e0      	movs	r1, #224	@ 0xe0
1000163e:	04c9      	lsls	r1, r1, #19
10001640:	6019      	str	r1, [r3, #0]
10001642:	2a00      	cmp	r2, #0
10001644:	d107      	bne.n	10001656 <watchdog_reboot+0x4a>
10001646:	2280      	movs	r2, #128	@ 0x80
10001648:	4b14      	ldr	r3, [pc, #80]	@ (1000169c <watchdog_reboot+0x90>)
1000164a:	0612      	lsls	r2, r2, #24
1000164c:	601a      	str	r2, [r3, #0]
1000164e:	bd10      	pop	{r4, pc}
10001650:	4b0e      	ldr	r3, [pc, #56]	@ (1000168c <watchdog_reboot+0x80>)
10001652:	61d8      	str	r0, [r3, #28]
10001654:	e7eb      	b.n	1000162e <watchdog_reboot+0x22>
10001656:	0153      	lsls	r3, r2, #5
10001658:	1a9b      	subs	r3, r3, r2
1000165a:	009b      	lsls	r3, r3, #2
1000165c:	189a      	adds	r2, r3, r2
1000165e:	2380      	movs	r3, #128	@ 0x80
10001660:	0112      	lsls	r2, r2, #4
10001662:	045b      	lsls	r3, r3, #17
10001664:	429a      	cmp	r2, r3
10001666:	d209      	bcs.n	1000167c <watchdog_reboot+0x70>
10001668:	0013      	movs	r3, r2
1000166a:	490d      	ldr	r1, [pc, #52]	@ (100016a0 <watchdog_reboot+0x94>)
1000166c:	600b      	str	r3, [r1, #0]
1000166e:	4b07      	ldr	r3, [pc, #28]	@ (1000168c <watchdog_reboot+0x80>)
10001670:	605a      	str	r2, [r3, #4]
10001672:	2280      	movs	r2, #128	@ 0x80
10001674:	4b09      	ldr	r3, [pc, #36]	@ (1000169c <watchdog_reboot+0x90>)
10001676:	05d2      	lsls	r2, r2, #23
10001678:	601a      	str	r2, [r3, #0]
1000167a:	e7e8      	b.n	1000164e <watchdog_reboot+0x42>
1000167c:	4b09      	ldr	r3, [pc, #36]	@ (100016a4 <watchdog_reboot+0x98>)
1000167e:	001a      	movs	r2, r3
10001680:	e7f3      	b.n	1000166a <watchdog_reboot+0x5e>
10001682:	46c0      	nop			@ (mov r8, r8)
10001684:	4005b000 	.word	0x4005b000
10001688:	b007c0d3 	.word	0xb007c0d3
1000168c:	40058000 	.word	0x40058000
10001690:	4ff83f2d 	.word	0x4ff83f2d
10001694:	0001fffc 	.word	0x0001fffc
10001698:	40012008 	.word	0x40012008
1000169c:	4005a000 	.word	0x4005a000
100016a0:	20001c18 	.word	0x20001c18
100016a4:	00ffffff 	.word	0x00ffffff

100016a8 <tick_start>:
100016a8:	2380      	movs	r3, #128	@ 0x80
100016aa:	4a02      	ldr	r2, [pc, #8]	@ (100016b4 <tick_start+0xc>)
100016ac:	009b      	lsls	r3, r3, #2
100016ae:	430b      	orrs	r3, r1
100016b0:	62d3      	str	r3, [r2, #44]	@ 0x2c
100016b2:	4770      	bx	lr
100016b4:	40058000 	.word	0x40058000

100016b8 <rom_func_lookup>:
100016b8:	2300      	movs	r3, #0
100016ba:	b510      	push	{r4, lr}
100016bc:	0001      	movs	r1, r0
100016be:	8a98      	ldrh	r0, [r3, #20]
100016c0:	8b1b      	ldrh	r3, [r3, #24]
100016c2:	4798      	blx	r3
100016c4:	bd10      	pop	{r4, pc}
100016c6:	46c0      	nop			@ (mov r8, r8)

100016c8 <rom_data_lookup>:
100016c8:	2316      	movs	r3, #22
100016ca:	b510      	push	{r4, lr}
100016cc:	0001      	movs	r1, r0
100016ce:	8818      	ldrh	r0, [r3, #0]
100016d0:	885b      	ldrh	r3, [r3, #2]
100016d2:	4798      	blx	r3
100016d4:	bd10      	pop	{r4, pc}
100016d6:	46c0      	nop			@ (mov r8, r8)

100016d8 <rom_funcs_lookup>:
100016d8:	b5f8      	push	{r3, r4, r5, r6, r7, lr}
100016da:	4647      	mov	r7, r8
100016dc:	46ce      	mov	lr, r9
100016de:	b580      	push	{r7, lr}
100016e0:	1e0f      	subs	r7, r1, #0
100016e2:	d018      	beq.n	10001716 <rom_funcs_lookup+0x3e>
100016e4:	2314      	movs	r3, #20
100016e6:	4699      	mov	r9, r3
100016e8:	3304      	adds	r3, #4
100016ea:	0004      	movs	r4, r0
100016ec:	2500      	movs	r5, #0
100016ee:	2601      	movs	r6, #1
100016f0:	4698      	mov	r8, r3
100016f2:	464b      	mov	r3, r9
100016f4:	8818      	ldrh	r0, [r3, #0]
100016f6:	4643      	mov	r3, r8
100016f8:	6821      	ldr	r1, [r4, #0]
100016fa:	881b      	ldrh	r3, [r3, #0]
100016fc:	4798      	blx	r3
100016fe:	c401      	stmia	r4!, {r0}
10001700:	1e43      	subs	r3, r0, #1
10001702:	4198      	sbcs	r0, r3
10001704:	3501      	adds	r5, #1
10001706:	4006      	ands	r6, r0
10001708:	42af      	cmp	r7, r5
1000170a:	d1f2      	bne.n	100016f2 <rom_funcs_lookup+0x1a>
1000170c:	0030      	movs	r0, r6
1000170e:	bcc0      	pop	{r6, r7}
10001710:	46b9      	mov	r9, r7
10001712:	46b0      	mov	r8, r6
10001714:	bdf8      	pop	{r3, r4, r5, r6, r7, pc}
10001716:	2601      	movs	r6, #1
10001718:	e7f8      	b.n	1000170c <rom_funcs_lookup+0x34>
1000171a:	46c0      	nop			@ (mov r8, r8)

1000171c <rom_reset_usb_boot_extra>:
1000171c:	2300      	movs	r3, #0
1000171e:	b570      	push	{r4, r5, r6, lr}
10001720:	0004      	movs	r4, r0
10001722:	000d      	movs	r5, r1
10001724:	8a98      	ldrh	r0, [r3, #20]
10001726:	4905      	ldr	r1, [pc, #20]	@ (1000173c <rom_reset_usb_boot_extra+0x20>)
10001728:	8b1b      	ldrh	r3, [r3, #24]
1000172a:	4798      	blx	r3
1000172c:	0003      	movs	r3, r0
1000172e:	2000      	movs	r0, #0
10001730:	2c00      	cmp	r4, #0
10001732:	db01      	blt.n	10001738 <rom_reset_usb_boot_extra+0x1c>
10001734:	3001      	adds	r0, #1
10001736:	40a0      	lsls	r0, r4
10001738:	0029      	movs	r1, r5
1000173a:	4798      	blx	r3
1000173c:	00004255 	.word	0x00004255

10001740 <xosc_init>:
10001740:	23aa      	movs	r3, #170	@ 0xaa
10001742:	4a06      	ldr	r2, [pc, #24]	@ (1000175c <xosc_init+0x1c>)
10001744:	011b      	lsls	r3, r3, #4
10001746:	6013      	str	r3, [r2, #0]
10001748:	238d      	movs	r3, #141	@ 0x8d
1000174a:	005b      	lsls	r3, r3, #1
1000174c:	60d3      	str	r3, [r2, #12]
1000174e:	4904      	ldr	r1, [pc, #16]	@ (10001760 <xosc_init+0x20>)
10001750:	4b04      	ldr	r3, [pc, #16]	@ (10001764 <xosc_init+0x24>)
10001752:	6019      	str	r1, [r3, #0]
10001754:	6853      	ldr	r3, [r2, #4]
10001756:	2b00      	cmp	r3, #0
10001758:	dafc      	bge.n	10001754 <xosc_init+0x14>
1000175a:	4770      	bx	lr
1000175c:	40024000 	.word	0x40024000
10001760:	00fab000 	.word	0x00fab000
10001764:	40026000 	.word	0x40026000

10001768 <first_per_core_initializer>:
10001768:	4770      	bx	lr
1000176a:	46c0      	nop			@ (mov r8, r8)

1000176c <hard_assertion_failure>:
1000176c:	b510      	push	{r4, lr}
1000176e:	4801      	ldr	r0, [pc, #4]	@ (10001774 <hard_assertion_failure+0x8>)
10001770:	f7fe ff40 	bl	100005f4 <panic>
10001774:	100069d4 	.word	0x100069d4

10001778 <runtime_run_initializers>:
10001778:	b570      	push	{r4, r5, r6, lr}
1000177a:	4d07      	ldr	r5, [pc, #28]	@ (10001798 <runtime_run_initializers+0x20>)
1000177c:	4e07      	ldr	r6, [pc, #28]	@ (1000179c <runtime_run_initializers+0x24>)
1000177e:	42b5      	cmp	r5, r6
10001780:	d209      	bcs.n	10001796 <runtime_run_initializers+0x1e>
10001782:	2400      	movs	r4, #0
10001784:	3e01      	subs	r6, #1
10001786:	1b76      	subs	r6, r6, r5
10001788:	08b6      	lsrs	r6, r6, #2
1000178a:	3601      	adds	r6, #1
1000178c:	cd08      	ldmia	r5!, {r3}
1000178e:	3401      	adds	r4, #1
10001790:	4798      	blx	r3
10001792:	42b4      	cmp	r4, r6
10001794:	d1fa      	bne.n	1000178c <runtime_run_initializers+0x14>
10001796:	bd70      	pop	{r4, r5, r6, pc}
10001798:	10006790 	.word	0x10006790
1000179c:	100067cc 	.word	0x100067cc

100017a0 <runtime_init_early_resets>:
100017a0:	4b05      	ldr	r3, [pc, #20]	@ (100017b8 <runtime_init_early_resets+0x18>)
100017a2:	4a06      	ldr	r2, [pc, #24]	@ (100017bc <runtime_init_early_resets+0x1c>)
100017a4:	4906      	ldr	r1, [pc, #24]	@ (100017c0 <runtime_init_early_resets+0x20>)
100017a6:	601a      	str	r2, [r3, #0]
100017a8:	4a06      	ldr	r2, [pc, #24]	@ (100017c4 <runtime_init_early_resets+0x24>)
100017aa:	4b07      	ldr	r3, [pc, #28]	@ (100017c8 <runtime_init_early_resets+0x28>)
100017ac:	601a      	str	r2, [r3, #0]
100017ae:	0010      	movs	r0, r2
100017b0:	680b      	ldr	r3, [r1, #0]
100017b2:	4398      	bics	r0, r3
100017b4:	d1fb      	bne.n	100017ae <runtime_init_early_resets+0xe>
100017b6:	4770      	bx	lr
100017b8:	4000e000 	.word	0x4000e000
100017bc:	fefbcdbf 	.word	0xfefbcdbf
100017c0:	4000c008 	.word	0x4000c008
100017c4:	003c7ffe 	.word	0x003c7ffe
100017c8:	4000f000 	.word	0x4000f000

100017cc <runtime_init_usb_power_down>:
100017cc:	4b04      	ldr	r3, [pc, #16]	@ (100017e0 <runtime_init_usb_power_down+0x14>)
100017ce:	6cdb      	ldr	r3, [r3, #76]	@ 0x4c
100017d0:	2b00      	cmp	r3, #0
100017d2:	d103      	bne.n	100017dc <runtime_init_usb_power_down+0x10>
100017d4:	2280      	movs	r2, #128	@ 0x80
100017d6:	4b03      	ldr	r3, [pc, #12]	@ (100017e4 <runtime_init_usb_power_down+0x18>)
100017d8:	02d2      	lsls	r2, r2, #11
100017da:	601a      	str	r2, [r3, #0]
100017dc:	4770      	bx	lr
100017de:	46c0      	nop			@ (mov r8, r8)
100017e0:	50110000 	.word	0x50110000
100017e4:	5011204c 	.word	0x5011204c

100017e8 <runtime_init_post_clock_resets>:
100017e8:	4a04      	ldr	r2, [pc, #16]	@ (100017fc <runtime_init_post_clock_resets+0x14>)
100017ea:	4b05      	ldr	r3, [pc, #20]	@ (10001800 <runtime_init_post_clock_resets+0x18>)
100017ec:	601a      	str	r2, [r3, #0]
100017ee:	4a05      	ldr	r2, [pc, #20]	@ (10001804 <runtime_init_post_clock_resets+0x1c>)
100017f0:	6813      	ldr	r3, [r2, #0]
100017f2:	01db      	lsls	r3, r3, #7
100017f4:	3380      	adds	r3, #128	@ 0x80
100017f6:	d1fb      	bne.n	100017f0 <runtime_init_post_clock_resets+0x8>
100017f8:	4770      	bx	lr
100017fa:	46c0      	nop			@ (mov r8, r8)
100017fc:	01ffffff 	.word	0x01ffffff
10001800:	4000f000 	.word	0x4000f000
10001804:	4000c008 	.word	0x4000c008

10001808 <runtime_init_rp2040_gpio_ie_disable>:
10001808:	2240      	movs	r2, #64	@ 0x40
1000180a:	4b03      	ldr	r3, [pc, #12]	@ (10001818 <runtime_init_rp2040_gpio_ie_disable+0x10>)
1000180c:	679a      	str	r2, [r3, #120]	@ 0x78
1000180e:	675a      	str	r2, [r3, #116]	@ 0x74
10001810:	671a      	str	r2, [r3, #112]	@ 0x70
10001812:	66da      	str	r2, [r3, #108]	@ 0x6c
10001814:	4770      	bx	lr
10001816:	46c0      	nop			@ (mov r8, r8)
10001818:	4001f000 	.word	0x4001f000

1000181c <runtime_init_spin_locks_reset>:
1000181c:	b510      	push	{r4, lr}
1000181e:	f7fe ff89 	bl	10000734 <spin_locks_reset>
10001822:	bd10      	pop	{r4, pc}

10001824 <runtime_init_install_ram_vector_table>:
10001824:	b570      	push	{r4, r5, r6, lr}
10001826:	4927      	ldr	r1, [pc, #156]	@ (100018c4 <runtime_init_install_ram_vector_table+0xa0>)
10001828:	4e27      	ldr	r6, [pc, #156]	@ (100018c8 <runtime_init_install_ram_vector_table+0xa4>)
1000182a:	4d28      	ldr	r5, [pc, #160]	@ (100018cc <runtime_init_install_ram_vector_table+0xa8>)
1000182c:	1a76      	subs	r6, r6, r1
1000182e:	08b4      	lsrs	r4, r6, #2
10001830:	0022      	movs	r2, r4
10001832:	2c30      	cmp	r4, #48	@ 0x30
10001834:	d900      	bls.n	10001838 <runtime_init_install_ram_vector_table+0x14>
10001836:	2230      	movs	r2, #48	@ 0x30
10001838:	0028      	movs	r0, r5
1000183a:	0092      	lsls	r2, r2, #2
1000183c:	f000 ff7e 	bl	1000273c <__wrap___aeabi_memcpy>
10001840:	2c2f      	cmp	r4, #47	@ 0x2f
10001842:	d83b      	bhi.n	100018bc <runtime_init_install_ram_vector_table+0x98>
10001844:	0023      	movs	r3, r4
10001846:	3b2a      	subs	r3, #42	@ 0x2a
10001848:	4a21      	ldr	r2, [pc, #132]	@ (100018d0 <runtime_init_install_ram_vector_table+0xac>)
1000184a:	2b05      	cmp	r3, #5
1000184c:	d91b      	bls.n	10001886 <runtime_init_install_ram_vector_table+0x62>
1000184e:	2030      	movs	r0, #48	@ 0x30
10001850:	19ae      	adds	r6, r5, r6
10001852:	0771      	lsls	r1, r6, #29
10001854:	1b00      	subs	r0, r0, r4
10001856:	0026      	movs	r6, r4
10001858:	0fcb      	lsrs	r3, r1, #31
1000185a:	2900      	cmp	r1, #0
1000185c:	da02      	bge.n	10001864 <runtime_init_install_ram_vector_table+0x40>
1000185e:	00a1      	lsls	r1, r4, #2
10001860:	506a      	str	r2, [r5, r1]
10001862:	1c66      	adds	r6, r4, #1
10001864:	1ac0      	subs	r0, r0, r3
10001866:	18e3      	adds	r3, r4, r3
10001868:	009b      	lsls	r3, r3, #2
1000186a:	0841      	lsrs	r1, r0, #1
1000186c:	18eb      	adds	r3, r5, r3
1000186e:	00c9      	lsls	r1, r1, #3
10001870:	18c9      	adds	r1, r1, r3
10001872:	601a      	str	r2, [r3, #0]
10001874:	605a      	str	r2, [r3, #4]
10001876:	3308      	adds	r3, #8
10001878:	428b      	cmp	r3, r1
1000187a:	d1fa      	bne.n	10001872 <runtime_init_install_ram_vector_table+0x4e>
1000187c:	2301      	movs	r3, #1
1000187e:	4203      	tst	r3, r0
10001880:	d01c      	beq.n	100018bc <runtime_init_install_ram_vector_table+0x98>
10001882:	4398      	bics	r0, r3
10001884:	1984      	adds	r4, r0, r6
10001886:	00a3      	lsls	r3, r4, #2
10001888:	50ea      	str	r2, [r5, r3]
1000188a:	1c63      	adds	r3, r4, #1
1000188c:	2c2f      	cmp	r4, #47	@ 0x2f
1000188e:	d015      	beq.n	100018bc <runtime_init_install_ram_vector_table+0x98>
10001890:	009b      	lsls	r3, r3, #2
10001892:	50ea      	str	r2, [r5, r3]
10001894:	1ca3      	adds	r3, r4, #2
10001896:	2c2e      	cmp	r4, #46	@ 0x2e
10001898:	d010      	beq.n	100018bc <runtime_init_install_ram_vector_table+0x98>
1000189a:	009b      	lsls	r3, r3, #2
1000189c:	50ea      	str	r2, [r5, r3]
1000189e:	1ce3      	adds	r3, r4, #3
100018a0:	2c2d      	cmp	r4, #45	@ 0x2d
100018a2:	d00b      	beq.n	100018bc <runtime_init_install_ram_vector_table+0x98>
100018a4:	009b      	lsls	r3, r3, #2
100018a6:	50ea      	str	r2, [r5, r3]
100018a8:	1d23      	adds	r3, r4, #4
100018aa:	2c2c      	cmp	r4, #44	@ 0x2c
100018ac:	d006      	beq.n	100018bc <runtime_init_install_ram_vector_table+0x98>
100018ae:	009b      	lsls	r3, r3, #2
100018b0:	50ea      	str	r2, [r5, r3]
100018b2:	1d63      	adds	r3, r4, #5
100018b4:	2c2b      	cmp	r4, #43	@ 0x2b
100018b6:	d001      	beq.n	100018bc <runtime_init_install_ram_vector_table+0x98>
100018b8:	009b      	lsls	r3, r3, #2
100018ba:	50ea      	str	r2, [r5, r3]
100018bc:	4b05      	ldr	r3, [pc, #20]	@ (100018d4 <runtime_init_install_ram_vector_table+0xb0>)
100018be:	609d      	str	r5, [r3, #8]
100018c0:	bd70      	pop	{r4, r5, r6, pc}
100018c2:	46c0      	nop			@ (mov r8, r8)
100018c4:	10000100 	.word	0x10000100
100018c8:	100001c0 	.word	0x100001c0
100018cc:	20000000 	.word	0x20000000
100018d0:	100001c1 	.word	0x100001c1
100018d4:	e000ed00 	.word	0xe000ed00

100018d8 <runtime_init_clocks>:
100018d8:	2300      	movs	r3, #0
100018da:	b510      	push	{r4, lr}
100018dc:	4c29      	ldr	r4, [pc, #164]	@ (10001984 <runtime_init_clocks+0xac>)
100018de:	b082      	sub	sp, #8
100018e0:	67a3      	str	r3, [r4, #120]	@ 0x78
100018e2:	f7ff ff2d 	bl	10001740 <xosc_init>
100018e6:	2201      	movs	r2, #1
100018e8:	4b27      	ldr	r3, [pc, #156]	@ (10001988 <runtime_init_clocks+0xb0>)
100018ea:	601a      	str	r2, [r3, #0]
100018ec:	6c63      	ldr	r3, [r4, #68]	@ 0x44
100018ee:	2b01      	cmp	r3, #1
100018f0:	d1fc      	bne.n	100018ec <runtime_init_clocks+0x14>
100018f2:	2203      	movs	r2, #3
100018f4:	4b25      	ldr	r3, [pc, #148]	@ (1000198c <runtime_init_clocks+0xb4>)
100018f6:	601a      	str	r2, [r3, #0]
100018f8:	4a22      	ldr	r2, [pc, #136]	@ (10001984 <runtime_init_clocks+0xac>)
100018fa:	6b93      	ldr	r3, [r2, #56]	@ 0x38
100018fc:	2b01      	cmp	r3, #1
100018fe:	d1fc      	bne.n	100018fa <runtime_init_clocks+0x22>
10001900:	3301      	adds	r3, #1
10001902:	9300      	str	r3, [sp, #0]
10001904:	2101      	movs	r1, #1
10001906:	4a22      	ldr	r2, [pc, #136]	@ (10001990 <runtime_init_clocks+0xb8>)
10001908:	4822      	ldr	r0, [pc, #136]	@ (10001994 <runtime_init_clocks+0xbc>)
1000190a:	3304      	adds	r3, #4
1000190c:	f7ff fe26 	bl	1000155c <pll_init>
10001910:	2305      	movs	r3, #5
10001912:	2101      	movs	r1, #1
10001914:	9300      	str	r3, [sp, #0]
10001916:	4a20      	ldr	r2, [pc, #128]	@ (10001998 <runtime_init_clocks+0xc0>)
10001918:	4820      	ldr	r0, [pc, #128]	@ (1000199c <runtime_init_clocks+0xc4>)
1000191a:	f7ff fe1f 	bl	1000155c <pll_init>
1000191e:	2200      	movs	r2, #0
10001920:	2102      	movs	r1, #2
10001922:	2004      	movs	r0, #4
10001924:	4b1e      	ldr	r3, [pc, #120]	@ (100019a0 <runtime_init_clocks+0xc8>)
10001926:	f7ff fda3 	bl	10001470 <clock_configure_undivided>
1000192a:	2200      	movs	r2, #0
1000192c:	2101      	movs	r1, #1
1000192e:	2005      	movs	r0, #5
10001930:	4b1c      	ldr	r3, [pc, #112]	@ (100019a4 <runtime_init_clocks+0xcc>)
10001932:	f7ff fd9d 	bl	10001470 <clock_configure_undivided>
10001936:	2200      	movs	r2, #0
10001938:	2100      	movs	r1, #0
1000193a:	2007      	movs	r0, #7
1000193c:	4b1a      	ldr	r3, [pc, #104]	@ (100019a8 <runtime_init_clocks+0xd0>)
1000193e:	f7ff fd97 	bl	10001470 <clock_configure_undivided>
10001942:	2200      	movs	r2, #0
10001944:	2100      	movs	r1, #0
10001946:	2008      	movs	r0, #8
10001948:	4b17      	ldr	r3, [pc, #92]	@ (100019a8 <runtime_init_clocks+0xd0>)
1000194a:	f7ff fd91 	bl	10001470 <clock_configure_undivided>
1000194e:	2380      	movs	r3, #128	@ 0x80
10001950:	00db      	lsls	r3, r3, #3
10001952:	9300      	str	r3, [sp, #0]
10001954:	2200      	movs	r2, #0
10001956:	2100      	movs	r1, #0
10001958:	2009      	movs	r0, #9
1000195a:	4b13      	ldr	r3, [pc, #76]	@ (100019a8 <runtime_init_clocks+0xd0>)
1000195c:	f7ff fd12 	bl	10001384 <clock_configure_int_divider>
10001960:	2200      	movs	r2, #0
10001962:	4b10      	ldr	r3, [pc, #64]	@ (100019a4 <runtime_init_clocks+0xcc>)
10001964:	2100      	movs	r1, #0
10001966:	2006      	movs	r0, #6
10001968:	f7ff fd82 	bl	10001470 <clock_configure_undivided>
1000196c:	2004      	movs	r0, #4
1000196e:	f7ff fdef 	bl	10001550 <clock_get_hz>
10001972:	490e      	ldr	r1, [pc, #56]	@ (100019ac <runtime_init_clocks+0xd4>)
10001974:	f000 f84c 	bl	10001a10 <__wrap___aeabi_uidiv>
10001978:	0001      	movs	r1, r0
1000197a:	2000      	movs	r0, #0
1000197c:	f7ff fe94 	bl	100016a8 <tick_start>
10001980:	b002      	add	sp, #8
10001982:	bd10      	pop	{r4, pc}
10001984:	40008000 	.word	0x40008000
10001988:	4000b03c 	.word	0x4000b03c
1000198c:	4000b030 	.word	0x4000b030
10001990:	59682f00 	.word	0x59682f00
10001994:	40028000 	.word	0x40028000
10001998:	47868c00 	.word	0x47868c00
1000199c:	4002c000 	.word	0x4002c000
100019a0:	00b71b00 	.word	0x00b71b00
100019a4:	07735940 	.word	0x07735940
100019a8:	02dc6c00 	.word	0x02dc6c00
100019ac:	000f4240 	.word	0x000f4240

100019b0 <__aeabi_bits_init>:
100019b0:	4801      	ldr	r0, [pc, #4]	@ (100019b8 <__aeabi_bits_init+0x8>)
100019b2:	2104      	movs	r1, #4
100019b4:	4b01      	ldr	r3, [pc, #4]	@ (100019bc <__aeabi_bits_init+0xc>)
100019b6:	4718      	bx	r3
100019b8:	20000fd0 	.word	0x20000fd0
100019bc:	100016d9 	.word	0x100016d9

100019c0 <__wrap___aeabi_idiv>:
100019c0:	4a12      	ldr	r2, [pc, #72]	@ (10001a0c <divmod_s32s32_savestate+0x18>)
100019c2:	6f93      	ldr	r3, [r2, #120]	@ 0x78
100019c4:	089b      	lsrs	r3, r3, #2
100019c6:	d215      	bcs.n	100019f4 <divmod_s32s32_savestate>

100019c8 <divmod_s32s32_core>:
100019c8:	6690      	str	r0, [r2, #104]	@ 0x68
100019ca:	66d1      	str	r1, [r2, #108]	@ 0x6c
100019cc:	2900      	cmp	r1, #0
100019ce:	d005      	beq.n	100019dc <divmod_s32s32_core+0x14>
100019d0:	e7ff      	b.n	100019d2 <divmod_s32s32_core+0xa>
100019d2:	e7ff      	b.n	100019d4 <divmod_s32s32_core+0xc>
100019d4:	e7ff      	b.n	100019d6 <divmod_s32s32_core+0xe>
100019d6:	6f51      	ldr	r1, [r2, #116]	@ 0x74
100019d8:	6f10      	ldr	r0, [r2, #112]	@ 0x70
100019da:	4770      	bx	lr
100019dc:	b504      	push	{r2, lr}
100019de:	2180      	movs	r1, #128	@ 0x80
100019e0:	0609      	lsls	r1, r1, #24
100019e2:	17c2      	asrs	r2, r0, #31
100019e4:	4051      	eors	r1, r2
100019e6:	2800      	cmp	r0, #0
100019e8:	d000      	beq.n	100019ec <divmod_s32s32_core+0x24>
100019ea:	43c8      	mvns	r0, r1
100019ec:	f004 fe88 	bl	10006700 <____aeabi_idiv0_veneer>
100019f0:	2100      	movs	r1, #0
100019f2:	bd04      	pop	{r2, pc}

100019f4 <divmod_s32s32_savestate>:
100019f4:	b5f0      	push	{r4, r5, r6, r7, lr}
100019f6:	6e14      	ldr	r4, [r2, #96]	@ 0x60
100019f8:	6e55      	ldr	r5, [r2, #100]	@ 0x64
100019fa:	6f57      	ldr	r7, [r2, #116]	@ 0x74
100019fc:	6f16      	ldr	r6, [r2, #112]	@ 0x70
100019fe:	f7ff ffe3 	bl	100019c8 <divmod_s32s32_core>
10001a02:	6614      	str	r4, [r2, #96]	@ 0x60
10001a04:	6655      	str	r5, [r2, #100]	@ 0x64
10001a06:	6757      	str	r7, [r2, #116]	@ 0x74
10001a08:	6716      	str	r6, [r2, #112]	@ 0x70
10001a0a:	bdf0      	pop	{r4, r5, r6, r7, pc}
10001a0c:	d0000000 	.word	0xd0000000

10001a10 <__wrap___aeabi_uidiv>:
10001a10:	4a11      	ldr	r2, [pc, #68]	@ (10001a58 <divmod_u32u32_savestate+0x18>)
10001a12:	6f93      	ldr	r3, [r2, #120]	@ 0x78
10001a14:	089b      	lsrs	r3, r3, #2
10001a16:	d213      	bcs.n	10001a40 <divmod_u32u32_savestate>

10001a18 <divmod_u32u32_core>:
10001a18:	6610      	str	r0, [r2, #96]	@ 0x60
10001a1a:	6651      	str	r1, [r2, #100]	@ 0x64
10001a1c:	2900      	cmp	r1, #0
10001a1e:	d005      	beq.n	10001a2c <divmod_u32u32_core+0x14>
10001a20:	e7ff      	b.n	10001a22 <divmod_u32u32_core+0xa>
10001a22:	e7ff      	b.n	10001a24 <divmod_u32u32_core+0xc>
10001a24:	e7ff      	b.n	10001a26 <divmod_u32u32_core+0xe>
10001a26:	6f51      	ldr	r1, [r2, #116]	@ 0x74
10001a28:	6f10      	ldr	r0, [r2, #112]	@ 0x70
10001a2a:	4770      	bx	lr
10001a2c:	b504      	push	{r2, lr}
10001a2e:	2800      	cmp	r0, #0
10001a30:	d001      	beq.n	10001a36 <divmod_u32u32_core+0x1e>
10001a32:	2000      	movs	r0, #0
10001a34:	43c0      	mvns	r0, r0
10001a36:	f004 fe63 	bl	10006700 <____aeabi_idiv0_veneer>
10001a3a:	2100      	movs	r1, #0
10001a3c:	bd04      	pop	{r2, pc}
10001a3e:	46c0      	nop			@ (mov r8, r8)

10001a40 <divmod_u32u32_savestate>:
10001a40:	b5f0      	push	{r4, r5, r6, r7, lr}
10001a42:	6e14      	ldr	r4, [r2, #96]	@ 0x60
10001a44:	6e55      	ldr	r5, [r2, #100]	@ 0x64
10001a46:	6f57      	ldr	r7, [r2, #116]	@ 0x74
10001a48:	6f16      	ldr	r6, [r2, #112]	@ 0x70
10001a4a:	f7ff ffe5 	bl	10001a18 <divmod_u32u32_core>
10001a4e:	6614      	str	r4, [r2, #96]	@ 0x60
10001a50:	6655      	str	r5, [r2, #100]	@ 0x64
10001a52:	6757      	str	r7, [r2, #116]	@ 0x74
10001a54:	6716      	str	r6, [r2, #112]	@ 0x70
10001a56:	bdf0      	pop	{r4, r5, r6, r7, pc}
10001a58:	d0000000 	.word	0xd0000000

10001a5c <__wrap___aeabi_ldivmod>:
10001a5c:	4694      	mov	ip, r2
10001a5e:	4a4a      	ldr	r2, [pc, #296]	@ (10001b88 <udiv0+0x1a>)
10001a60:	6f92      	ldr	r2, [r2, #120]	@ 0x78
10001a62:	0892      	lsrs	r2, r2, #2
10001a64:	4662      	mov	r2, ip
10001a66:	d201      	bcs.n	10001a6c <divmod_s64s64_savestate>
10001a68:	e028      	b.n	10001abc <divmod_s64s64_unsafe>
10001a6a:	46c0      	nop			@ (mov r8, r8)

10001a6c <divmod_s64s64_savestate>:
10001a6c:	b5f0      	push	{r4, r5, r6, r7, lr}
10001a6e:	4e46      	ldr	r6, [pc, #280]	@ (10001b88 <udiv0+0x1a>)
10001a70:	6e34      	ldr	r4, [r6, #96]	@ 0x60
10001a72:	6e75      	ldr	r5, [r6, #100]	@ 0x64
10001a74:	6f77      	ldr	r7, [r6, #116]	@ 0x74
10001a76:	6f36      	ldr	r6, [r6, #112]	@ 0x70
10001a78:	f000 f820 	bl	10001abc <divmod_s64s64_unsafe>
10001a7c:	4694      	mov	ip, r2
10001a7e:	4a42      	ldr	r2, [pc, #264]	@ (10001b88 <udiv0+0x1a>)
10001a80:	6614      	str	r4, [r2, #96]	@ 0x60
10001a82:	6655      	str	r5, [r2, #100]	@ 0x64
10001a84:	6757      	str	r7, [r2, #116]	@ 0x74
10001a86:	6716      	str	r6, [r2, #112]	@ 0x70
10001a88:	4662      	mov	r2, ip
10001a8a:	bdf0      	pop	{r4, r5, r6, r7, pc}

10001a8c <__wrap___aeabi_uldivmod>:
10001a8c:	4694      	mov	ip, r2
10001a8e:	4a3e      	ldr	r2, [pc, #248]	@ (10001b88 <udiv0+0x1a>)
10001a90:	6f92      	ldr	r2, [r2, #120]	@ 0x78
10001a92:	0892      	lsrs	r2, r2, #2
10001a94:	4662      	mov	r2, ip
10001a96:	d201      	bcs.n	10001a9c <divmod_u64u64_savestate>
10001a98:	e054      	b.n	10001b44 <divmod_u64u64_unsafe>
10001a9a:	46c0      	nop			@ (mov r8, r8)

10001a9c <divmod_u64u64_savestate>:
10001a9c:	b5f0      	push	{r4, r5, r6, r7, lr}
10001a9e:	4e3a      	ldr	r6, [pc, #232]	@ (10001b88 <udiv0+0x1a>)
10001aa0:	6e34      	ldr	r4, [r6, #96]	@ 0x60
10001aa2:	6e75      	ldr	r5, [r6, #100]	@ 0x64
10001aa4:	6f77      	ldr	r7, [r6, #116]	@ 0x74
10001aa6:	6f36      	ldr	r6, [r6, #112]	@ 0x70
10001aa8:	f000 f84c 	bl	10001b44 <divmod_u64u64_unsafe>
10001aac:	4694      	mov	ip, r2
10001aae:	4a36      	ldr	r2, [pc, #216]	@ (10001b88 <udiv0+0x1a>)
10001ab0:	6614      	str	r4, [r2, #96]	@ 0x60
10001ab2:	6655      	str	r5, [r2, #100]	@ 0x64
10001ab4:	6757      	str	r7, [r2, #116]	@ 0x74
10001ab6:	6716      	str	r6, [r2, #112]	@ 0x70
10001ab8:	4662      	mov	r2, ip
10001aba:	bdf0      	pop	{r4, r5, r6, r7, pc}

10001abc <divmod_s64s64_unsafe>:
10001abc:	2b00      	cmp	r3, #0
10001abe:	db24      	blt.n	10001b0a <l46_1+0x26>
10001ac0:	d011      	beq.n	10001ae6 <l46_1+0x2>
10001ac2:	2900      	cmp	r1, #0
10001ac4:	da3e      	bge.n	10001b44 <divmod_u64u64_unsafe>
10001ac6:	b500      	push	{lr}
10001ac8:	43c9      	mvns	r1, r1
10001aca:	4240      	negs	r0, r0
10001acc:	d100      	bne.n	10001ad0 <l44_1>
10001ace:	3101      	adds	r1, #1

10001ad0 <l44_1>:
10001ad0:	f000 f838 	bl	10001b44 <divmod_u64u64_unsafe>
10001ad4:	43c9      	mvns	r1, r1
10001ad6:	4240      	negs	r0, r0
10001ad8:	d100      	bne.n	10001adc <l45_1>
10001ada:	3101      	adds	r1, #1

10001adc <l45_1>:
10001adc:	43db      	mvns	r3, r3
10001ade:	4252      	negs	r2, r2
10001ae0:	d100      	bne.n	10001ae4 <l46_1>
10001ae2:	3301      	adds	r3, #1

10001ae4 <l46_1>:
10001ae4:	bd00      	pop	{pc}
10001ae6:	2a00      	cmp	r2, #0
10001ae8:	d1eb      	bne.n	10001ac2 <divmod_s64s64_unsafe+0x6>
10001aea:	2800      	cmp	r0, #0
10001aec:	d101      	bne.n	10001af2 <l46_1+0xe>
10001aee:	2900      	cmp	r1, #0
10001af0:	d005      	beq.n	10001afe <l46_1+0x1a>
10001af2:	2000      	movs	r0, #0
10001af4:	0fc9      	lsrs	r1, r1, #31
10001af6:	07c9      	lsls	r1, r1, #31
10001af8:	d101      	bne.n	10001afe <l46_1+0x1a>
10001afa:	43c0      	mvns	r0, r0
10001afc:	0841      	lsrs	r1, r0, #1
10001afe:	b500      	push	{lr}
10001b00:	f004 fe3e 	bl	10006780 <____aeabi_ldiv0_veneer>
10001b04:	2200      	movs	r2, #0
10001b06:	2300      	movs	r3, #0
10001b08:	bd00      	pop	{pc}
10001b0a:	b500      	push	{lr}
10001b0c:	2900      	cmp	r1, #0
10001b0e:	db0a      	blt.n	10001b26 <l48_1+0x2>
10001b10:	43db      	mvns	r3, r3
10001b12:	4252      	negs	r2, r2
10001b14:	d100      	bne.n	10001b18 <l47_1>
10001b16:	3301      	adds	r3, #1

10001b18 <l47_1>:
10001b18:	f000 f814 	bl	10001b44 <divmod_u64u64_unsafe>
10001b1c:	43c9      	mvns	r1, r1
10001b1e:	4240      	negs	r0, r0
10001b20:	d100      	bne.n	10001b24 <l48_1>
10001b22:	3101      	adds	r1, #1

10001b24 <l48_1>:
10001b24:	bd00      	pop	{pc}
10001b26:	43c9      	mvns	r1, r1
10001b28:	4240      	negs	r0, r0
10001b2a:	d100      	bne.n	10001b2e <l49_1>
10001b2c:	3101      	adds	r1, #1

10001b2e <l49_1>:
10001b2e:	43db      	mvns	r3, r3
10001b30:	4252      	negs	r2, r2
10001b32:	d100      	bne.n	10001b36 <l50_1>
10001b34:	3301      	adds	r3, #1

10001b36 <l50_1>:
10001b36:	f000 f805 	bl	10001b44 <divmod_u64u64_unsafe>
10001b3a:	43db      	mvns	r3, r3
10001b3c:	4252      	negs	r2, r2
10001b3e:	d100      	bne.n	10001b42 <l51_1>
10001b40:	3301      	adds	r3, #1

10001b42 <l51_1>:
10001b42:	bd00      	pop	{pc}

10001b44 <divmod_u64u64_unsafe>:
10001b44:	2900      	cmp	r1, #0
10001b46:	d123      	bne.n	10001b90 <y64>
10001b48:	2b00      	cmp	r3, #0
10001b4a:	d118      	bne.n	10001b7e <udiv0+0x10>
10001b4c:	2a00      	cmp	r2, #0
10001b4e:	d00c      	beq.n	10001b6a <divmod_u64u64_unsafe+0x26>
10001b50:	46bc      	mov	ip, r7
10001b52:	4f0d      	ldr	r7, [pc, #52]	@ (10001b88 <udiv0+0x1a>)
10001b54:	6638      	str	r0, [r7, #96]	@ 0x60
10001b56:	667a      	str	r2, [r7, #100]	@ 0x64
10001b58:	2100      	movs	r1, #0
10001b5a:	2300      	movs	r3, #0
10001b5c:	e7ff      	b.n	10001b5e <divmod_u64u64_unsafe+0x1a>
10001b5e:	e7ff      	b.n	10001b60 <divmod_u64u64_unsafe+0x1c>
10001b60:	e7ff      	b.n	10001b62 <divmod_u64u64_unsafe+0x1e>
10001b62:	6f7a      	ldr	r2, [r7, #116]	@ 0x74
10001b64:	6f38      	ldr	r0, [r7, #112]	@ 0x70
10001b66:	4667      	mov	r7, ip
10001b68:	4770      	bx	lr
10001b6a:	2800      	cmp	r0, #0
10001b6c:	d001      	beq.n	10001b72 <udiv0+0x4>

10001b6e <udiv0>:
10001b6e:	4807      	ldr	r0, [pc, #28]	@ (10001b8c <udiv0+0x1e>)
10001b70:	0001      	movs	r1, r0
10001b72:	b500      	push	{lr}
10001b74:	f004 fe04 	bl	10006780 <____aeabi_ldiv0_veneer>
10001b78:	2200      	movs	r2, #0
10001b7a:	2300      	movs	r3, #0
10001b7c:	bd00      	pop	{pc}
10001b7e:	0002      	movs	r2, r0
10001b80:	000b      	movs	r3, r1
10001b82:	2000      	movs	r0, #0
10001b84:	2100      	movs	r1, #0
10001b86:	4770      	bx	lr
10001b88:	d0000000 	.word	0xd0000000
10001b8c:	ffffffff 	.word	0xffffffff

10001b90 <y64>:
10001b90:	2b00      	cmp	r3, #0
10001b92:	d000      	beq.n	10001b96 <y64+0x6>
10001b94:	e0bf      	b.n	10001d16 <y64_x48>
10001b96:	0c13      	lsrs	r3, r2, #16
10001b98:	d128      	bne.n	10001bec <y64_x32>
10001b9a:	2a00      	cmp	r2, #0
10001b9c:	d0e7      	beq.n	10001b6e <udiv0>
10001b9e:	b480      	push	{r7}
10001ba0:	4f11      	ldr	r7, [pc, #68]	@ (10001be8 <y64+0x58>)
10001ba2:	6639      	str	r1, [r7, #96]	@ 0x60
10001ba4:	667a      	str	r2, [r7, #100]	@ 0x64
10001ba6:	e7ff      	b.n	10001ba8 <y64+0x18>
10001ba8:	e7ff      	b.n	10001baa <y64+0x1a>
10001baa:	b430      	push	{r4, r5}
10001bac:	0c04      	lsrs	r4, r0, #16
10001bae:	6f7b      	ldr	r3, [r7, #116]	@ 0x74
10001bb0:	6f39      	ldr	r1, [r7, #112]	@ 0x70
10001bb2:	041b      	lsls	r3, r3, #16
10001bb4:	4323      	orrs	r3, r4
10001bb6:	663b      	str	r3, [r7, #96]	@ 0x60
10001bb8:	667a      	str	r2, [r7, #100]	@ 0x64
10001bba:	e7ff      	b.n	10001bbc <y64+0x2c>
10001bbc:	e7ff      	b.n	10001bbe <y64+0x2e>
10001bbe:	e7ff      	b.n	10001bc0 <y64+0x30>
10001bc0:	46c0      	nop			@ (mov r8, r8)
10001bc2:	b284      	uxth	r4, r0
10001bc4:	6f7b      	ldr	r3, [r7, #116]	@ 0x74
10001bc6:	6f3d      	ldr	r5, [r7, #112]	@ 0x70
10001bc8:	041b      	lsls	r3, r3, #16
10001bca:	4323      	orrs	r3, r4
10001bcc:	663b      	str	r3, [r7, #96]	@ 0x60
10001bce:	667a      	str	r2, [r7, #100]	@ 0x64
10001bd0:	e7ff      	b.n	10001bd2 <y64+0x42>
10001bd2:	e7ff      	b.n	10001bd4 <y64+0x44>
10001bd4:	46c0      	nop			@ (mov r8, r8)
10001bd6:	2300      	movs	r3, #0
10001bd8:	042c      	lsls	r4, r5, #16
10001bda:	0c2d      	lsrs	r5, r5, #16
10001bdc:	6f7a      	ldr	r2, [r7, #116]	@ 0x74
10001bde:	6f38      	ldr	r0, [r7, #112]	@ 0x70
10001be0:	1900      	adds	r0, r0, r4
10001be2:	4169      	adcs	r1, r5
10001be4:	bcb0      	pop	{r4, r5, r7}
10001be6:	4770      	bx	lr
10001be8:	d0000000 	.word	0xd0000000

10001bec <y64_x32>:
10001bec:	b5f0      	push	{r4, r5, r6, r7, lr}
10001bee:	4694      	mov	ip, r2
10001bf0:	2500      	movs	r5, #0
10001bf2:	0e14      	lsrs	r4, r2, #24
10001bf4:	d101      	bne.n	10001bfa <y64_x32+0xe>
10001bf6:	0212      	lsls	r2, r2, #8
10001bf8:	3508      	adds	r5, #8
10001bfa:	0f14      	lsrs	r4, r2, #28
10001bfc:	d101      	bne.n	10001c02 <y64_x32+0x16>
10001bfe:	0112      	lsls	r2, r2, #4
10001c00:	3504      	adds	r5, #4
10001c02:	0f94      	lsrs	r4, r2, #30
10001c04:	d101      	bne.n	10001c0a <y64_x32+0x1e>
10001c06:	0092      	lsls	r2, r2, #2
10001c08:	3502      	adds	r5, #2
10001c0a:	0fd4      	lsrs	r4, r2, #31
10001c0c:	d101      	bne.n	10001c12 <y64_x32+0x26>
10001c0e:	0052      	lsls	r2, r2, #1
10001c10:	3501      	adds	r5, #1
10001c12:	0bd4      	lsrs	r4, r2, #15
10001c14:	3401      	adds	r4, #1
10001c16:	4f25      	ldr	r7, [pc, #148]	@ (10001cac <y64_x32+0xc0>)
10001c18:	667c      	str	r4, [r7, #100]	@ 0x64
10001c1a:	4c25      	ldr	r4, [pc, #148]	@ (10001cb0 <y64_x32+0xc4>)
10001c1c:	663c      	str	r4, [r7, #96]	@ 0x60
10001c1e:	0c0e      	lsrs	r6, r1, #16
10001c20:	b293      	uxth	r3, r2
10001c22:	e7ff      	b.n	10001c24 <y64_x32+0x38>
10001c24:	e7ff      	b.n	10001c26 <y64_x32+0x3a>
10001c26:	e7ff      	b.n	10001c28 <y64_x32+0x3c>
10001c28:	6f3c      	ldr	r4, [r7, #112]	@ 0x70
10001c2a:	4366      	muls	r6, r4
10001c2c:	0c36      	lsrs	r6, r6, #16
10001c2e:	0377      	lsls	r7, r6, #13
10001c30:	46be      	mov	lr, r7
10001c32:	4373      	muls	r3, r6
10001c34:	0bdf      	lsrs	r7, r3, #15
10001c36:	045b      	lsls	r3, r3, #17
10001c38:	1ac0      	subs	r0, r0, r3
10001c3a:	41b9      	sbcs	r1, r7
10001c3c:	0c13      	lsrs	r3, r2, #16
10001c3e:	4373      	muls	r3, r6
10001c40:	18db      	adds	r3, r3, r3
10001c42:	1ac9      	subs	r1, r1, r3
10001c44:	08ce      	lsrs	r6, r1, #3
10001c46:	4366      	muls	r6, r4
10001c48:	0c36      	lsrs	r6, r6, #16
10001c4a:	44b6      	add	lr, r6
10001c4c:	b293      	uxth	r3, r2
10001c4e:	4373      	muls	r3, r6
10001c50:	0f1f      	lsrs	r7, r3, #28
10001c52:	011b      	lsls	r3, r3, #4
10001c54:	1ac0      	subs	r0, r0, r3
10001c56:	41b9      	sbcs	r1, r7
10001c58:	0c13      	lsrs	r3, r2, #16
10001c5a:	4373      	muls	r3, r6
10001c5c:	0b1f      	lsrs	r7, r3, #12
10001c5e:	051b      	lsls	r3, r3, #20
10001c60:	1ac0      	subs	r0, r0, r3
10001c62:	41b9      	sbcs	r1, r7
10001c64:	0d86      	lsrs	r6, r0, #22
10001c66:	028f      	lsls	r7, r1, #10
10001c68:	433e      	orrs	r6, r7
10001c6a:	4366      	muls	r6, r4
10001c6c:	0c36      	lsrs	r6, r6, #16
10001c6e:	2d09      	cmp	r5, #9
10001c70:	db24      	blt.n	10001cbc <last0>
10001c72:	0a52      	lsrs	r2, r2, #9
10001c74:	4372      	muls	r2, r6
10001c76:	1a80      	subs	r0, r0, r2
10001c78:	0377      	lsls	r7, r6, #13
10001c7a:	0a46      	lsrs	r6, r0, #9
10001c7c:	4366      	muls	r6, r4
10001c7e:	0c36      	lsrs	r6, r6, #16
10001c80:	2316      	movs	r3, #22
10001c82:	1b5b      	subs	r3, r3, r5
10001c84:	40de      	lsrs	r6, r3
10001c86:	40df      	lsrs	r7, r3
10001c88:	19bf      	adds	r7, r7, r6
10001c8a:	4664      	mov	r4, ip
10001c8c:	4366      	muls	r6, r4
10001c8e:	1b82      	subs	r2, r0, r6
10001c90:	4670      	mov	r0, lr
10001c92:	3504      	adds	r5, #4
10001c94:	3306      	adds	r3, #6
10001c96:	0001      	movs	r1, r0
10001c98:	40d9      	lsrs	r1, r3
10001c9a:	40a8      	lsls	r0, r5
10001c9c:	19c0      	adds	r0, r0, r7
10001c9e:	d300      	bcc.n	10001ca2 <y64_x32+0xb6>
10001ca0:	3101      	adds	r1, #1
10001ca2:	42a2      	cmp	r2, r4
10001ca4:	d206      	bcs.n	10001cb4 <y64_x32+0xc8>
10001ca6:	2300      	movs	r3, #0
10001ca8:	bdf0      	pop	{r4, r5, r6, r7, pc}
10001caa:	0000      	.short	0x0000
10001cac:	d0000000 	.word	0xd0000000
10001cb0:	ffffffff 	.word	0xffffffff
10001cb4:	1b12      	subs	r2, r2, r4
10001cb6:	3001      	adds	r0, #1
10001cb8:	d3f3      	bcc.n	10001ca2 <y64_x32+0xb6>
10001cba:	e7f1      	b.n	10001ca0 <y64_x32+0xb4>

10001cbc <last0>:
10001cbc:	2709      	movs	r7, #9
10001cbe:	1b7f      	subs	r7, r7, r5
10001cc0:	40fe      	lsrs	r6, r7
10001cc2:	4664      	mov	r4, ip
10001cc4:	b2a2      	uxth	r2, r4
10001cc6:	4372      	muls	r2, r6
10001cc8:	1a80      	subs	r0, r0, r2
10001cca:	d200      	bcs.n	10001cce <last0+0x12>
10001ccc:	3901      	subs	r1, #1
10001cce:	0c22      	lsrs	r2, r4, #16
10001cd0:	4372      	muls	r2, r6
10001cd2:	0c13      	lsrs	r3, r2, #16
10001cd4:	0412      	lsls	r2, r2, #16
10001cd6:	1a82      	subs	r2, r0, r2
10001cd8:	4199      	sbcs	r1, r3
10001cda:	000b      	movs	r3, r1
10001cdc:	4670      	mov	r0, lr
10001cde:	3504      	adds	r5, #4
10001ce0:	3713      	adds	r7, #19
10001ce2:	0001      	movs	r1, r0
10001ce4:	40f9      	lsrs	r1, r7
10001ce6:	40a8      	lsls	r0, r5
10001ce8:	1980      	adds	r0, r0, r6
10001cea:	d300      	bcc.n	10001cee <last0+0x32>
10001cec:	3101      	adds	r1, #1
10001cee:	2b00      	cmp	r3, #0
10001cf0:	d102      	bne.n	10001cf8 <last0+0x3c>
10001cf2:	42a2      	cmp	r2, r4
10001cf4:	d20a      	bcs.n	10001d0c <last0+0x50>
10001cf6:	bdf0      	pop	{r4, r5, r6, r7, pc}
10001cf8:	3001      	adds	r0, #1
10001cfa:	d300      	bcc.n	10001cfe <last0+0x42>
10001cfc:	3101      	adds	r1, #1
10001cfe:	1b12      	subs	r2, r2, r4
10001d00:	d2fa      	bcs.n	10001cf8 <last0+0x3c>
10001d02:	3b01      	subs	r3, #1
10001d04:	d1f8      	bne.n	10001cf8 <last0+0x3c>
10001d06:	42a2      	cmp	r2, r4
10001d08:	d200      	bcs.n	10001d0c <last0+0x50>
10001d0a:	bdf0      	pop	{r4, r5, r6, r7, pc}
10001d0c:	3001      	adds	r0, #1
10001d0e:	d300      	bcc.n	10001d12 <last0+0x56>
10001d10:	3101      	adds	r1, #1
10001d12:	1b12      	subs	r2, r2, r4
10001d14:	e7f7      	b.n	10001d06 <last0+0x4a>

10001d16 <y64_x48>:
10001d16:	b5f0      	push	{r4, r5, r6, r7, lr}
10001d18:	0c1c      	lsrs	r4, r3, #16
10001d1a:	d000      	beq.n	10001d1e <y64_x48+0x8>
10001d1c:	e080      	b.n	10001e20 <y64_x64>
10001d1e:	b40c      	push	{r2, r3}
10001d20:	2500      	movs	r5, #0
10001d22:	0a1c      	lsrs	r4, r3, #8
10001d24:	d104      	bne.n	10001d30 <y64_x48+0x1a>
10001d26:	021b      	lsls	r3, r3, #8
10001d28:	0e16      	lsrs	r6, r2, #24
10001d2a:	4333      	orrs	r3, r6
10001d2c:	0212      	lsls	r2, r2, #8
10001d2e:	3508      	adds	r5, #8
10001d30:	0b1c      	lsrs	r4, r3, #12
10001d32:	d104      	bne.n	10001d3e <y64_x48+0x28>
10001d34:	011b      	lsls	r3, r3, #4
10001d36:	0f16      	lsrs	r6, r2, #28
10001d38:	4333      	orrs	r3, r6
10001d3a:	0112      	lsls	r2, r2, #4
10001d3c:	3504      	adds	r5, #4
10001d3e:	0b9c      	lsrs	r4, r3, #14
10001d40:	d104      	bne.n	10001d4c <y64_x48+0x36>
10001d42:	009b      	lsls	r3, r3, #2
10001d44:	0f96      	lsrs	r6, r2, #30
10001d46:	4333      	orrs	r3, r6
10001d48:	0092      	lsls	r2, r2, #2
10001d4a:	3502      	adds	r5, #2
10001d4c:	0bdc      	lsrs	r4, r3, #15
10001d4e:	d102      	bne.n	10001d56 <y64_x48+0x40>
10001d50:	1892      	adds	r2, r2, r2
10001d52:	415b      	adcs	r3, r3
10001d54:	3501      	adds	r5, #1
10001d56:	001c      	movs	r4, r3
10001d58:	1897      	adds	r7, r2, r2
10001d5a:	4164      	adcs	r4, r4
10001d5c:	3401      	adds	r4, #1
10001d5e:	4f46      	ldr	r7, [pc, #280]	@ (10001e78 <y64_x64+0x58>)
10001d60:	667c      	str	r4, [r7, #100]	@ 0x64
10001d62:	4c46      	ldr	r4, [pc, #280]	@ (10001e7c <y64_x64+0x5c>)
10001d64:	663c      	str	r4, [r7, #96]	@ 0x60
10001d66:	0c0e      	lsrs	r6, r1, #16
10001d68:	e7ff      	b.n	10001d6a <y64_x48+0x54>
10001d6a:	e7ff      	b.n	10001d6c <y64_x48+0x56>
10001d6c:	e7ff      	b.n	10001d6e <y64_x48+0x58>
10001d6e:	46c0      	nop			@ (mov r8, r8)
10001d70:	6f3c      	ldr	r4, [r7, #112]	@ 0x70
10001d72:	4366      	muls	r6, r4
10001d74:	0c36      	lsrs	r6, r6, #16
10001d76:	0377      	lsls	r7, r6, #13
10001d78:	46be      	mov	lr, r7
10001d7a:	b297      	uxth	r7, r2
10001d7c:	4377      	muls	r7, r6
10001d7e:	1bc0      	subs	r0, r0, r7
10001d80:	d200      	bcs.n	10001d84 <y64_x48+0x6e>
10001d82:	3901      	subs	r1, #1
10001d84:	1bc0      	subs	r0, r0, r7
10001d86:	d200      	bcs.n	10001d8a <y64_x48+0x74>
10001d88:	3901      	subs	r1, #1
10001d8a:	b29f      	uxth	r7, r3
10001d8c:	4377      	muls	r7, r6
10001d8e:	1bc9      	subs	r1, r1, r7
10001d90:	1bc9      	subs	r1, r1, r7
10001d92:	0c17      	lsrs	r7, r2, #16
10001d94:	4377      	muls	r7, r6
10001d96:	047e      	lsls	r6, r7, #17
10001d98:	0bff      	lsrs	r7, r7, #15
10001d9a:	1b80      	subs	r0, r0, r6
10001d9c:	41b9      	sbcs	r1, r7
10001d9e:	08ce      	lsrs	r6, r1, #3
10001da0:	4366      	muls	r6, r4
10001da2:	0c36      	lsrs	r6, r6, #16
10001da4:	2d0c      	cmp	r5, #12
10001da6:	db33      	blt.n	10001e10 <last1>
10001da8:	44b6      	add	lr, r6
10001daa:	0b12      	lsrs	r2, r2, #12
10001dac:	051f      	lsls	r7, r3, #20
10001dae:	433a      	orrs	r2, r7
10001db0:	0b1b      	lsrs	r3, r3, #12
10001db2:	b297      	uxth	r7, r2
10001db4:	4377      	muls	r7, r6
10001db6:	1bc0      	subs	r0, r0, r7
10001db8:	d200      	bcs.n	10001dbc <y64_x48+0xa6>
10001dba:	3901      	subs	r1, #1
10001dbc:	b29f      	uxth	r7, r3
10001dbe:	4377      	muls	r7, r6
10001dc0:	1bc9      	subs	r1, r1, r7
10001dc2:	0c17      	lsrs	r7, r2, #16
10001dc4:	4377      	muls	r7, r6
10001dc6:	043e      	lsls	r6, r7, #16
10001dc8:	0c3f      	lsrs	r7, r7, #16
10001dca:	1b80      	subs	r0, r0, r6
10001dcc:	41b9      	sbcs	r1, r7
10001dce:	0d86      	lsrs	r6, r0, #22
10001dd0:	028f      	lsls	r7, r1, #10
10001dd2:	433e      	orrs	r6, r7
10001dd4:	4366      	muls	r6, r4
10001dd6:	2729      	movs	r7, #41	@ 0x29
10001dd8:	1b7f      	subs	r7, r7, r5
10001dda:	40fe      	lsrs	r6, r7
10001ddc:	3d0c      	subs	r5, #12
10001dde:	4677      	mov	r7, lr
10001de0:	40af      	lsls	r7, r5
10001de2:	19bf      	adds	r7, r7, r6
10001de4:	bc30      	pop	{r4, r5}
10001de6:	b2a2      	uxth	r2, r4
10001de8:	b2ab      	uxth	r3, r5
10001dea:	4372      	muls	r2, r6
10001dec:	4373      	muls	r3, r6
10001dee:	1a80      	subs	r0, r0, r2
10001df0:	4199      	sbcs	r1, r3
10001df2:	0c22      	lsrs	r2, r4, #16
10001df4:	4372      	muls	r2, r6
10001df6:	0c13      	lsrs	r3, r2, #16
10001df8:	0412      	lsls	r2, r2, #16
10001dfa:	1a80      	subs	r0, r0, r2
10001dfc:	4199      	sbcs	r1, r3
10001dfe:	0002      	movs	r2, r0
10001e00:	000b      	movs	r3, r1
10001e02:	3701      	adds	r7, #1
10001e04:	1b00      	subs	r0, r0, r4
10001e06:	41a9      	sbcs	r1, r5
10001e08:	d2f9      	bcs.n	10001dfe <y64_x48+0xe8>
10001e0a:	1e78      	subs	r0, r7, #1
10001e0c:	2100      	movs	r1, #0
10001e0e:	bdf0      	pop	{r4, r5, r6, r7, pc}

10001e10 <last1>:
10001e10:	270c      	movs	r7, #12
10001e12:	1b7f      	subs	r7, r7, r5
10001e14:	40fe      	lsrs	r6, r7
10001e16:	4677      	mov	r7, lr
10001e18:	0b7f      	lsrs	r7, r7, #13
10001e1a:	40af      	lsls	r7, r5
10001e1c:	19ff      	adds	r7, r7, r7
10001e1e:	e7e0      	b.n	10001de2 <y64_x48+0xcc>

10001e20 <y64_x64>:
10001e20:	2400      	movs	r4, #0
10001e22:	1c5d      	adds	r5, r3, #1
10001e24:	d007      	beq.n	10001e36 <y64_x64+0x16>
10001e26:	4f14      	ldr	r7, [pc, #80]	@ (10001e78 <y64_x64+0x58>)
10001e28:	667d      	str	r5, [r7, #100]	@ 0x64
10001e2a:	6639      	str	r1, [r7, #96]	@ 0x60
10001e2c:	e7ff      	b.n	10001e2e <y64_x64+0xe>
10001e2e:	e7ff      	b.n	10001e30 <y64_x64+0x10>
10001e30:	e7ff      	b.n	10001e32 <y64_x64+0x12>
10001e32:	e7ff      	b.n	10001e34 <y64_x64+0x14>
10001e34:	6f3c      	ldr	r4, [r7, #112]	@ 0x70
10001e36:	b295      	uxth	r5, r2
10001e38:	b29e      	uxth	r6, r3
10001e3a:	4365      	muls	r5, r4
10001e3c:	4366      	muls	r6, r4
10001e3e:	1b40      	subs	r0, r0, r5
10001e40:	41b1      	sbcs	r1, r6
10001e42:	0c15      	lsrs	r5, r2, #16
10001e44:	0c1e      	lsrs	r6, r3, #16
10001e46:	4365      	muls	r5, r4
10001e48:	4366      	muls	r6, r4
10001e4a:	0436      	lsls	r6, r6, #16
10001e4c:	0c2f      	lsrs	r7, r5, #16
10001e4e:	433e      	orrs	r6, r7
10001e50:	042d      	lsls	r5, r5, #16
10001e52:	1b40      	subs	r0, r0, r5
10001e54:	41b1      	sbcs	r1, r6
10001e56:	4299      	cmp	r1, r3
10001e58:	d204      	bcs.n	10001e64 <y64_x64+0x44>
10001e5a:	0002      	movs	r2, r0
10001e5c:	000b      	movs	r3, r1
10001e5e:	0020      	movs	r0, r4
10001e60:	2100      	movs	r1, #0
10001e62:	bdf0      	pop	{r4, r5, r6, r7, pc}
10001e64:	d101      	bne.n	10001e6a <y64_x64+0x4a>
10001e66:	4290      	cmp	r0, r2
10001e68:	d3f7      	bcc.n	10001e5a <y64_x64+0x3a>
10001e6a:	1a80      	subs	r0, r0, r2
10001e6c:	4199      	sbcs	r1, r3
10001e6e:	3401      	adds	r4, #1
10001e70:	4299      	cmp	r1, r3
10001e72:	d3f2      	bcc.n	10001e5a <y64_x64+0x3a>
10001e74:	e7f6      	b.n	10001e64 <y64_x64+0x44>
10001e76:	0000      	.short	0x0000
10001e78:	d0000000 	.word	0xd0000000
10001e7c:	ffffffff 	.word	0xffffffff

10001e80 <__wrap___aeabi_drsub>:
10001e80:	4048      	eors	r0, r1
10001e82:	4041      	eors	r1, r0
10001e84:	4048      	eors	r0, r1

10001e86 <__wrap___aeabi_dsub>:
10001e86:	b418      	push	{r3, r4}
10001e88:	4b1b      	ldr	r3, [pc, #108]	@ (10001ef8 <__wrap___aeabi_dmul+0x12>)
10001e8a:	685b      	ldr	r3, [r3, #4]
10001e8c:	46fc      	mov	ip, pc
10001e8e:	9301      	str	r3, [sp, #4]
10001e90:	bd08      	pop	{r3, pc}
10001e92:	df04      	.short	0xdf04
10001e94:	1000212b 	.word	0x1000212b

10001e98 <__wrap___aeabi_dadd>:
10001e98:	b418      	push	{r3, r4}
10001e9a:	4b17      	ldr	r3, [pc, #92]	@ (10001ef8 <__wrap___aeabi_dmul+0x12>)
10001e9c:	681b      	ldr	r3, [r3, #0]
10001e9e:	46fc      	mov	ip, pc
10001ea0:	9301      	str	r3, [sp, #4]
10001ea2:	bd08      	pop	{r3, pc}
10001ea4:	2135df00 	.word	0x2135df00
10001ea8:	1000      	.short	0x1000

10001eaa <__wrap___aeabi_ddiv>:
10001eaa:	4694      	mov	ip, r2
10001eac:	4a13      	ldr	r2, [pc, #76]	@ (10001efc <__wrap___aeabi_dmul+0x16>)
10001eae:	6f92      	ldr	r2, [r2, #120]	@ 0x78
10001eb0:	0892      	lsrs	r2, r2, #2
10001eb2:	d209      	bcs.n	10001ec8 <ddiv_save_state>
10001eb4:	4662      	mov	r2, ip

10001eb6 <ddiv_shim_call>:
10001eb6:	b418      	push	{r3, r4}
10001eb8:	4b0f      	ldr	r3, [pc, #60]	@ (10001ef8 <__wrap___aeabi_dmul+0x12>)
10001eba:	68db      	ldr	r3, [r3, #12]
10001ebc:	46fc      	mov	ip, pc
10001ebe:	9301      	str	r3, [sp, #4]
10001ec0:	bd08      	pop	{r3, pc}
10001ec2:	df0c      	.short	0xdf0c
10001ec4:	100023ed 	.word	0x100023ed

10001ec8 <ddiv_save_state>:
10001ec8:	4a0c      	ldr	r2, [pc, #48]	@ (10001efc <__wrap___aeabi_dmul+0x16>)
10001eca:	b5f0      	push	{r4, r5, r6, r7, lr}
10001ecc:	6e14      	ldr	r4, [r2, #96]	@ 0x60
10001ece:	6e55      	ldr	r5, [r2, #100]	@ 0x64
10001ed0:	6f57      	ldr	r7, [r2, #116]	@ 0x74
10001ed2:	6f16      	ldr	r6, [r2, #112]	@ 0x70
10001ed4:	4662      	mov	r2, ip
10001ed6:	f7ff ffee 	bl	10001eb6 <ddiv_shim_call>
10001eda:	4a08      	ldr	r2, [pc, #32]	@ (10001efc <__wrap___aeabi_dmul+0x16>)
10001edc:	6614      	str	r4, [r2, #96]	@ 0x60
10001ede:	6655      	str	r5, [r2, #100]	@ 0x64
10001ee0:	6757      	str	r7, [r2, #116]	@ 0x74
10001ee2:	6716      	str	r6, [r2, #112]	@ 0x70
10001ee4:	bdf0      	pop	{r4, r5, r6, r7, pc}

10001ee6 <__wrap___aeabi_dmul>:
10001ee6:	b418      	push	{r3, r4}
10001ee8:	4b03      	ldr	r3, [pc, #12]	@ (10001ef8 <__wrap___aeabi_dmul+0x12>)
10001eea:	689b      	ldr	r3, [r3, #8]
10001eec:	46fc      	mov	ip, pc
10001eee:	9301      	str	r3, [sp, #4]
10001ef0:	bd08      	pop	{r3, pc}
10001ef2:	df08      	.short	0xdf08
10001ef4:	10002291 	.word	0x10002291
10001ef8:	20001280 	.word	0x20001280
10001efc:	d0000000 	.word	0xd0000000

10001f00 <__wrap___aeabi_cdrcmple>:
10001f00:	b5ff      	push	{r0, r1, r2, r3, r4, r5, r6, r7, lr}
10001f02:	4050      	eors	r0, r2
10001f04:	4042      	eors	r2, r0
10001f06:	4050      	eors	r0, r2
10001f08:	4059      	eors	r1, r3
10001f0a:	404b      	eors	r3, r1
10001f0c:	4059      	eors	r1, r3
10001f0e:	e000      	b.n	10001f12 <__aeabi_dfcmple_guts>

10001f10 <__wrap___aeabi_cdcmpeq>:
10001f10:	b5ff      	push	{r0, r1, r2, r3, r4, r5, r6, r7, lr}

10001f12 <__aeabi_dfcmple_guts>:
10001f12:	4f15      	ldr	r7, [pc, #84]	@ (10001f68 <__aeabi_dfcmple_guts+0x56>)
10001f14:	004c      	lsls	r4, r1, #1
10001f16:	0d64      	lsrs	r4, r4, #21
10001f18:	d003      	beq.n	10001f22 <__aeabi_dfcmple_guts+0x10>
10001f1a:	42bc      	cmp	r4, r7
10001f1c:	d104      	bne.n	10001f28 <__aeabi_dfcmple_guts+0x16>
10001f1e:	030c      	lsls	r4, r1, #12
10001f20:	d814      	bhi.n	10001f4c <__aeabi_dfcmple_guts+0x3a>
10001f22:	2000      	movs	r0, #0
10001f24:	0d09      	lsrs	r1, r1, #20
10001f26:	0509      	lsls	r1, r1, #20
10001f28:	005c      	lsls	r4, r3, #1
10001f2a:	0d64      	lsrs	r4, r4, #21
10001f2c:	d003      	beq.n	10001f36 <__aeabi_dfcmple_guts+0x24>
10001f2e:	42bc      	cmp	r4, r7
10001f30:	d104      	bne.n	10001f3c <__aeabi_dfcmple_guts+0x2a>
10001f32:	031c      	lsls	r4, r3, #12
10001f34:	d80a      	bhi.n	10001f4c <__aeabi_dfcmple_guts+0x3a>
10001f36:	2200      	movs	r2, #0
10001f38:	0d1b      	lsrs	r3, r3, #20
10001f3a:	051b      	lsls	r3, r3, #20
10001f3c:	2601      	movs	r6, #1
10001f3e:	404b      	eors	r3, r1
10001f40:	d409      	bmi.n	10001f56 <__aeabi_dfcmple_guts+0x44>
10001f42:	404b      	eors	r3, r1
10001f44:	d503      	bpl.n	10001f4e <__aeabi_dfcmple_guts+0x3c>
10001f46:	428b      	cmp	r3, r1
10001f48:	d100      	bne.n	10001f4c <__aeabi_dfcmple_guts+0x3a>
10001f4a:	4282      	cmp	r2, r0
10001f4c:	bdff      	pop	{r0, r1, r2, r3, r4, r5, r6, r7, pc}
10001f4e:	4299      	cmp	r1, r3
10001f50:	d1fc      	bne.n	10001f4c <__aeabi_dfcmple_guts+0x3a>
10001f52:	4290      	cmp	r0, r2
10001f54:	bdff      	pop	{r0, r1, r2, r3, r4, r5, r6, r7, pc}
10001f56:	430b      	orrs	r3, r1
10001f58:	18db      	adds	r3, r3, r3
10001f5a:	4303      	orrs	r3, r0
10001f5c:	4313      	orrs	r3, r2
10001f5e:	d0f5      	beq.n	10001f4c <__aeabi_dfcmple_guts+0x3a>
10001f60:	43c9      	mvns	r1, r1
10001f62:	1849      	adds	r1, r1, r1
10001f64:	bdff      	pop	{r0, r1, r2, r3, r4, r5, r6, r7, pc}
10001f66:	0000      	.short	0x0000
10001f68:	000007ff 	.word	0x000007ff

10001f6c <__wrap___aeabi_dcmplt>:
10001f6c:	b500      	push	{lr}
10001f6e:	f7ff ffcf 	bl	10001f10 <__wrap___aeabi_cdcmpeq>
10001f72:	4180      	sbcs	r0, r0
10001f74:	bd00      	pop	{pc}
10001f76:	46c0      	nop			@ (mov r8, r8)

10001f78 <__wrap___aeabi_dcmple>:
10001f78:	b500      	push	{lr}
10001f7a:	f7ff ffc9 	bl	10001f10 <__wrap___aeabi_cdcmpeq>
10001f7e:	d901      	bls.n	10001f84 <__wrap___aeabi_dcmple+0xc>
10001f80:	2000      	movs	r0, #0
10001f82:	bd00      	pop	{pc}
10001f84:	2001      	movs	r0, #1
10001f86:	bd00      	pop	{pc}

10001f88 <__wrap___aeabi_dcmpge>:
10001f88:	b500      	push	{lr}
10001f8a:	f7ff ffb9 	bl	10001f00 <__wrap___aeabi_cdrcmple>
10001f8e:	d901      	bls.n	10001f94 <__wrap___aeabi_dcmpge+0xc>
10001f90:	2000      	movs	r0, #0
10001f92:	bd00      	pop	{pc}
10001f94:	2001      	movs	r0, #1
10001f96:	bd00      	pop	{pc}

10001f98 <__wrap___aeabi_dcmpgt>:
10001f98:	b500      	push	{lr}
10001f9a:	f7ff ffb1 	bl	10001f00 <__wrap___aeabi_cdrcmple>
10001f9e:	4180      	sbcs	r0, r0
10001fa0:	bd00      	pop	{pc}

10001fa2 <__wrap___aeabi_dcmpun>:
10001fa2:	2001      	movs	r0, #1
10001fa4:	0540      	lsls	r0, r0, #21
10001fa6:	004a      	lsls	r2, r1, #1
10001fa8:	1812      	adds	r2, r2, r0
10001faa:	d804      	bhi.n	10001fb6 <__wrap___aeabi_dcmpun+0x14>
10001fac:	005a      	lsls	r2, r3, #1
10001fae:	1812      	adds	r2, r2, r0
10001fb0:	d801      	bhi.n	10001fb6 <__wrap___aeabi_dcmpun+0x14>
10001fb2:	2000      	movs	r0, #0
10001fb4:	4770      	bx	lr
10001fb6:	2001      	movs	r0, #1
10001fb8:	4770      	bx	lr
	...

10001fbc <__wrap___aeabi_ui2d>:
10001fbc:	2100      	movs	r1, #0
10001fbe:	2800      	cmp	r0, #0
10001fc0:	d105      	bne.n	10001fce <__wrap___aeabi_i2d+0xa>
10001fc2:	4770      	bx	lr

10001fc4 <__wrap___aeabi_i2d>:
10001fc4:	17c1      	asrs	r1, r0, #31
10001fc6:	4048      	eors	r0, r1
10001fc8:	1a40      	subs	r0, r0, r1
10001fca:	d0fa      	beq.n	10001fc2 <__wrap___aeabi_ui2d+0x6>
10001fcc:	07c9      	lsls	r1, r1, #31
10001fce:	b513      	push	{r0, r1, r4, lr}
10001fd0:	4b06      	ldr	r3, [pc, #24]	@ (10001fec <__wrap___aeabi_i2d+0x28>)
10001fd2:	681b      	ldr	r3, [r3, #0]
10001fd4:	4798      	blx	r3
10001fd6:	bc0c      	pop	{r2, r3}
10001fd8:	1c44      	adds	r4, r0, #1
10001fda:	40a2      	lsls	r2, r4
10001fdc:	0510      	lsls	r0, r2, #20
10001fde:	0b12      	lsrs	r2, r2, #12
10001fe0:	4903      	ldr	r1, [pc, #12]	@ (10001ff0 <__wrap___aeabi_i2d+0x2c>)
10001fe2:	1b09      	subs	r1, r1, r4
10001fe4:	0509      	lsls	r1, r1, #20
10001fe6:	4319      	orrs	r1, r3
10001fe8:	4311      	orrs	r1, r2
10001fea:	bd10      	pop	{r4, pc}
10001fec:	20001c40 	.word	0x20001c40
10001ff0:	0000041f 	.word	0x0000041f

10001ff4 <__wrap___aeabi_d2iz>:
10001ff4:	b510      	push	{r4, lr}
10001ff6:	004c      	lsls	r4, r1, #1
10001ff8:	0d62      	lsrs	r2, r4, #21
10001ffa:	2380      	movs	r3, #128	@ 0x80
10001ffc:	18d2      	adds	r2, r2, r3
10001ffe:	00db      	lsls	r3, r3, #3
10002000:	1ad2      	subs	r2, r2, r3
10002002:	055b      	lsls	r3, r3, #21
10002004:	2a7e      	cmp	r2, #126	@ 0x7e
10002006:	dd10      	ble.n	1000202a <__wrap___aeabi_d2iz+0x36>
10002008:	3a9e      	subs	r2, #158	@ 0x9e
1000200a:	da13      	bge.n	10002034 <__wrap___aeabi_d2iz+0x40>
1000200c:	17cc      	asrs	r4, r1, #31
1000200e:	0309      	lsls	r1, r1, #12
10002010:	0849      	lsrs	r1, r1, #1
10002012:	4319      	orrs	r1, r3
10002014:	4252      	negs	r2, r2
10002016:	40d1      	lsrs	r1, r2
10002018:	0064      	lsls	r4, r4, #1
1000201a:	3401      	adds	r4, #1
1000201c:	3215      	adds	r2, #21
1000201e:	2a20      	cmp	r2, #32
10002020:	da05      	bge.n	1000202e <__wrap___aeabi_d2iz+0x3a>
10002022:	40d0      	lsrs	r0, r2
10002024:	4308      	orrs	r0, r1
10002026:	4360      	muls	r0, r4
10002028:	bd10      	pop	{r4, pc}
1000202a:	2000      	movs	r0, #0
1000202c:	bd10      	pop	{r4, pc}
1000202e:	4608      	mov	r0, r1
10002030:	4360      	muls	r0, r4
10002032:	bd10      	pop	{r4, pc}
10002034:	0fc8      	lsrs	r0, r1, #31
10002036:	18c0      	adds	r0, r0, r3
10002038:	3801      	subs	r0, #1
1000203a:	bd10      	pop	{r4, pc}

1000203c <__wrap___aeabi_d2uiz>:
1000203c:	b418      	push	{r3, r4}
1000203e:	4b04      	ldr	r3, [pc, #16]	@ (10002050 <__wrap___aeabi_d2uiz+0x14>)
10002040:	6a5b      	ldr	r3, [r3, #36]	@ 0x24
10002042:	46fc      	mov	ip, pc
10002044:	9301      	str	r3, [sp, #4]
10002046:	bd08      	pop	{r3, pc}
10002048:	259ddf24 	.word	0x259ddf24
1000204c:	00001000 	.word	0x00001000
10002050:	20001280 	.word	0x20001280

10002054 <__aeabi_double_init>:
10002054:	2313      	movs	r3, #19
10002056:	b570      	push	{r4, r5, r6, lr}
10002058:	781d      	ldrb	r5, [r3, #0]
1000205a:	2d01      	cmp	r5, #1
1000205c:	d019      	beq.n	10002092 <__aeabi_double_init+0x3e>
1000205e:	dd14      	ble.n	1000208a <__aeabi_double_init+0x36>
10002060:	481f      	ldr	r0, [pc, #124]	@ (100020e0 <__aeabi_double_init+0x8c>)
10002062:	f7ff fb31 	bl	100016c8 <rom_data_lookup>
10002066:	0006      	movs	r6, r0
10002068:	481e      	ldr	r0, [pc, #120]	@ (100020e4 <__aeabi_double_init+0x90>)
1000206a:	f7ff fb2d 	bl	100016c8 <rom_data_lookup>
1000206e:	4c1e      	ldr	r4, [pc, #120]	@ (100020e8 <__aeabi_double_init+0x94>)
10002070:	2280      	movs	r2, #128	@ 0x80
10002072:	0031      	movs	r1, r6
10002074:	0020      	movs	r0, r4
10002076:	f000 fb61 	bl	1000273c <__wrap___aeabi_memcpy>
1000207a:	2d02      	cmp	r5, #2
1000207c:	d02d      	beq.n	100020da <__aeabi_double_init+0x86>
1000207e:	481b      	ldr	r0, [pc, #108]	@ (100020ec <__aeabi_double_init+0x98>)
10002080:	f7ff fb1a 	bl	100016b8 <rom_func_lookup>
10002084:	4b1a      	ldr	r3, [pc, #104]	@ (100020f0 <__aeabi_double_init+0x9c>)
10002086:	6018      	str	r0, [r3, #0]
10002088:	bd70      	pop	{r4, r5, r6, pc}
1000208a:	4b1a      	ldr	r3, [pc, #104]	@ (100020f4 <__aeabi_double_init+0xa0>)
1000208c:	4c16      	ldr	r4, [pc, #88]	@ (100020e8 <__aeabi_double_init+0x94>)
1000208e:	64a3      	str	r3, [r4, #72]	@ 0x48
10002090:	e7f5      	b.n	1000207e <__aeabi_double_init+0x2a>
10002092:	4b18      	ldr	r3, [pc, #96]	@ (100020f4 <__aeabi_double_init+0xa0>)
10002094:	4c14      	ldr	r4, [pc, #80]	@ (100020e8 <__aeabi_double_init+0x94>)
10002096:	6023      	str	r3, [r4, #0]
10002098:	6063      	str	r3, [r4, #4]
1000209a:	60a3      	str	r3, [r4, #8]
1000209c:	60e3      	str	r3, [r4, #12]
1000209e:	6123      	str	r3, [r4, #16]
100020a0:	6163      	str	r3, [r4, #20]
100020a2:	61a3      	str	r3, [r4, #24]
100020a4:	61e3      	str	r3, [r4, #28]
100020a6:	6223      	str	r3, [r4, #32]
100020a8:	6263      	str	r3, [r4, #36]	@ 0x24
100020aa:	62a3      	str	r3, [r4, #40]	@ 0x28
100020ac:	62e3      	str	r3, [r4, #44]	@ 0x2c
100020ae:	6323      	str	r3, [r4, #48]	@ 0x30
100020b0:	6363      	str	r3, [r4, #52]	@ 0x34
100020b2:	63a3      	str	r3, [r4, #56]	@ 0x38
100020b4:	63e3      	str	r3, [r4, #60]	@ 0x3c
100020b6:	6423      	str	r3, [r4, #64]	@ 0x40
100020b8:	6463      	str	r3, [r4, #68]	@ 0x44
100020ba:	64a3      	str	r3, [r4, #72]	@ 0x48
100020bc:	64e3      	str	r3, [r4, #76]	@ 0x4c
100020be:	6523      	str	r3, [r4, #80]	@ 0x50
100020c0:	6563      	str	r3, [r4, #84]	@ 0x54
100020c2:	65a3      	str	r3, [r4, #88]	@ 0x58
100020c4:	65e3      	str	r3, [r4, #92]	@ 0x5c
100020c6:	6623      	str	r3, [r4, #96]	@ 0x60
100020c8:	6663      	str	r3, [r4, #100]	@ 0x64
100020ca:	66a3      	str	r3, [r4, #104]	@ 0x68
100020cc:	66e3      	str	r3, [r4, #108]	@ 0x6c
100020ce:	6723      	str	r3, [r4, #112]	@ 0x70
100020d0:	6763      	str	r3, [r4, #116]	@ 0x74
100020d2:	67a3      	str	r3, [r4, #120]	@ 0x78
100020d4:	67e3      	str	r3, [r4, #124]	@ 0x7c
100020d6:	64a3      	str	r3, [r4, #72]	@ 0x48
100020d8:	e7d1      	b.n	1000207e <__aeabi_double_init+0x2a>
100020da:	4b06      	ldr	r3, [pc, #24]	@ (100020f4 <__aeabi_double_init+0xa0>)
100020dc:	64a3      	str	r3, [r4, #72]	@ 0x48
100020de:	e7ce      	b.n	1000207e <__aeabi_double_init+0x2a>
100020e0:	00004453 	.word	0x00004453
100020e4:	00004653 	.word	0x00004653
100020e8:	20001280 	.word	0x20001280
100020ec:	0000334c 	.word	0x0000334c
100020f0:	20001c40 	.word	0x20001c40
100020f4:	100020f9 	.word	0x100020f9

100020f8 <double_table_shim_on_use_helper>:
100020f8:	b507      	push	{r0, r1, r2, lr}
100020fa:	4660      	mov	r0, ip
100020fc:	8801      	ldrh	r1, [r0, #0]
100020fe:	0a0a      	lsrs	r2, r1, #8
10002100:	3002      	adds	r0, #2
10002102:	2adf      	cmp	r2, #223	@ 0xdf
10002104:	d1fa      	bne.n	100020fc <double_table_shim_on_use_helper+0x4>
10002106:	b2c9      	uxtb	r1, r1
10002108:	0882      	lsrs	r2, r0, #2
1000210a:	d304      	bcc.n	10002116 <double_table_shim_on_use_helper+0x1e>
1000210c:	8802      	ldrh	r2, [r0, #0]
1000210e:	8840      	ldrh	r0, [r0, #2]
10002110:	0400      	lsls	r0, r0, #16
10002112:	4310      	orrs	r0, r2
10002114:	e000      	b.n	10002118 <double_table_shim_on_use_helper+0x20>
10002116:	6800      	ldr	r0, [r0, #0]
10002118:	4a01      	ldr	r2, [pc, #4]	@ (10002120 <double_table_shim_on_use_helper+0x28>)
1000211a:	5050      	str	r0, [r2, r1]
1000211c:	9003      	str	r0, [sp, #12]
1000211e:	bd07      	pop	{r0, r1, r2, pc}
10002120:	20001280 	.word	0x20001280

10002124 <drsub_shim>:
10002124:	b40f      	push	{r0, r1, r2, r3}
10002126:	bc03      	pop	{r0, r1}
10002128:	bc0c      	pop	{r2, r3}

1000212a <dsub_shim>:
1000212a:	b5f0      	push	{r4, r5, r6, r7, lr}
1000212c:	2401      	movs	r4, #1
1000212e:	07e4      	lsls	r4, r4, #31
10002130:	4063      	eors	r3, r4
10002132:	e000      	b.n	10002136 <da_entry>

10002134 <dadd_shim>:
10002134:	b5f0      	push	{r4, r5, r6, r7, lr}

10002136 <da_entry>:
10002136:	0d0c      	lsrs	r4, r1, #20
10002138:	0fcf      	lsrs	r7, r1, #31
1000213a:	1e66      	subs	r6, r4, #1
1000213c:	0536      	lsls	r6, r6, #20
1000213e:	1b89      	subs	r1, r1, r6
10002140:	0564      	lsls	r4, r4, #21
10002142:	d303      	bcc.n	1000214c <l8_1>
10002144:	43c9      	mvns	r1, r1
10002146:	4240      	negs	r0, r0
10002148:	d300      	bcc.n	1000214c <l8_1>
1000214a:	3101      	adds	r1, #1

1000214c <l8_1>:
1000214c:	0d64      	lsrs	r4, r4, #21
1000214e:	d003      	beq.n	10002158 <l8_2>
10002150:	1c66      	adds	r6, r4, #1
10002152:	0af6      	lsrs	r6, r6, #11
10002154:	d007      	beq.n	10002166 <l8_3>
10002156:	1be4      	subs	r4, r4, r7

10002158 <l8_2>:
10002158:	2000      	movs	r0, #0
1000215a:	007f      	lsls	r7, r7, #1
1000215c:	1c79      	adds	r1, r7, #1
1000215e:	0789      	lsls	r1, r1, #30
10002160:	1289      	asrs	r1, r1, #10
10002162:	3c80      	subs	r4, #128	@ 0x80
10002164:	0324      	lsls	r4, r4, #12

10002166 <l8_3>:
10002166:	0d1d      	lsrs	r5, r3, #20
10002168:	0fdf      	lsrs	r7, r3, #31
1000216a:	1e6e      	subs	r6, r5, #1
1000216c:	0536      	lsls	r6, r6, #20
1000216e:	1b9b      	subs	r3, r3, r6
10002170:	056d      	lsls	r5, r5, #21
10002172:	d303      	bcc.n	1000217c <l9_1>
10002174:	43db      	mvns	r3, r3
10002176:	4252      	negs	r2, r2
10002178:	d300      	bcc.n	1000217c <l9_1>
1000217a:	3301      	adds	r3, #1

1000217c <l9_1>:
1000217c:	0d6d      	lsrs	r5, r5, #21
1000217e:	d003      	beq.n	10002188 <l9_2>
10002180:	1c6e      	adds	r6, r5, #1
10002182:	0af6      	lsrs	r6, r6, #11
10002184:	d007      	beq.n	10002196 <l9_3>
10002186:	1bed      	subs	r5, r5, r7

10002188 <l9_2>:
10002188:	2200      	movs	r2, #0
1000218a:	007f      	lsls	r7, r7, #1
1000218c:	1c7b      	adds	r3, r7, #1
1000218e:	079b      	lsls	r3, r3, #30
10002190:	129b      	asrs	r3, r3, #10
10002192:	3d80      	subs	r5, #128	@ 0x80
10002194:	032d      	lsls	r5, r5, #12

10002196 <l9_3>:
10002196:	1b2f      	subs	r7, r5, r4
10002198:	1b66      	subs	r6, r4, r5
1000219a:	d458      	bmi.n	1000224e <da_ygtx>
1000219c:	46a4      	mov	ip, r4
1000219e:	2e20      	cmp	r6, #32
100021a0:	da46      	bge.n	10002230 <da_xrgty>
100021a2:	3720      	adds	r7, #32
100021a4:	0014      	movs	r4, r2
100021a6:	40bc      	lsls	r4, r7

100021a8 <da_xgty0>:
100021a8:	001d      	movs	r5, r3
100021aa:	40bd      	lsls	r5, r7
100021ac:	40f2      	lsrs	r2, r6
100021ae:	4133      	asrs	r3, r6
100021b0:	432a      	orrs	r2, r5

100021b2 <da_add>:
100021b2:	1880      	adds	r0, r0, r2
100021b4:	4159      	adcs	r1, r3

100021b6 <da_pack>:
100021b6:	0fcb      	lsrs	r3, r1, #31
100021b8:	d005      	beq.n	100021c6 <da_pack+0x10>
100021ba:	43c9      	mvns	r1, r1
100021bc:	43c0      	mvns	r0, r0
100021be:	2200      	movs	r2, #0
100021c0:	4264      	negs	r4, r4
100021c2:	4150      	adcs	r0, r2
100021c4:	4151      	adcs	r1, r2
100021c6:	4662      	mov	r2, ip
100021c8:	0d4d      	lsrs	r5, r1, #21
100021ca:	d128      	bne.n	1000221e <da_0>
100021cc:	0d0d      	lsrs	r5, r1, #20
100021ce:	d107      	bne.n	100021e0 <da_1>
100021d0:	2800      	cmp	r0, #0
100021d2:	d01f      	beq.n	10002214 <da_5>

100021d4 <da_2>:
100021d4:	1924      	adds	r4, r4, r4
100021d6:	4140      	adcs	r0, r0
100021d8:	4149      	adcs	r1, r1
100021da:	3a01      	subs	r2, #1
100021dc:	0d0d      	lsrs	r5, r1, #20
100021de:	d0f9      	beq.n	100021d4 <da_2>

100021e0 <da_1>:
100021e0:	0064      	lsls	r4, r4, #1
100021e2:	d306      	bcc.n	100021f2 <da_3>

100021e4 <da_4>:
100021e4:	3001      	adds	r0, #1
100021e6:	d300      	bcc.n	100021ea <da_4+0x6>
100021e8:	3101      	adds	r1, #1
100021ea:	2c00      	cmp	r4, #0
100021ec:	d101      	bne.n	100021f2 <da_3>
100021ee:	0840      	lsrs	r0, r0, #1
100021f0:	0040      	lsls	r0, r0, #1

100021f2 <da_3>:
100021f2:	3a01      	subs	r2, #1
100021f4:	d40b      	bmi.n	1000220e <da_6>
100021f6:	1c94      	adds	r4, r2, #2
100021f8:	0ae4      	lsrs	r4, r4, #11
100021fa:	d104      	bne.n	10002206 <da_7>
100021fc:	0512      	lsls	r2, r2, #20
100021fe:	4411      	add	r1, r2
10002200:	07db      	lsls	r3, r3, #31
10002202:	4419      	add	r1, r3
10002204:	bdf0      	pop	{r4, r5, r6, r7, pc}

10002206 <da_7>:
10002206:	07d9      	lsls	r1, r3, #31
10002208:	4b20      	ldr	r3, [pc, #128]	@ (1000228c <da_xmgty+0x4>)
1000220a:	4319      	orrs	r1, r3
1000220c:	e000      	b.n	10002210 <da_6+0x2>

1000220e <da_6>:
1000220e:	07d9      	lsls	r1, r3, #31
10002210:	2000      	movs	r0, #0
10002212:	bdf0      	pop	{r4, r5, r6, r7, pc}

10002214 <da_5>:
10002214:	2900      	cmp	r1, #0
10002216:	d1dd      	bne.n	100021d4 <da_2>
10002218:	2c00      	cmp	r4, #0
1000221a:	d1db      	bne.n	100021d4 <da_2>
1000221c:	bdf0      	pop	{r4, r5, r6, r7, pc}

1000221e <da_0>:
1000221e:	3201      	adds	r2, #1
10002220:	07c6      	lsls	r6, r0, #31
10002222:	0840      	lsrs	r0, r0, #1
10002224:	07cd      	lsls	r5, r1, #31
10002226:	4328      	orrs	r0, r5
10002228:	0849      	lsrs	r1, r1, #1
1000222a:	2e00      	cmp	r6, #0
1000222c:	d0e1      	beq.n	100021f2 <da_3>
1000222e:	e7d9      	b.n	100021e4 <da_4>

10002230 <da_xrgty>:
10002230:	2e3c      	cmp	r6, #60	@ 0x3c
10002232:	da29      	bge.n	10002288 <da_xmgty>
10002234:	3e20      	subs	r6, #32
10002236:	3740      	adds	r7, #64	@ 0x40
10002238:	0014      	movs	r4, r2
1000223a:	40bc      	lsls	r4, r7
1000223c:	d000      	beq.n	10002240 <da_xrgty+0x10>
1000223e:	2401      	movs	r4, #1
10002240:	40f2      	lsrs	r2, r6
10002242:	4314      	orrs	r4, r2
10002244:	001a      	movs	r2, r3
10002246:	40bb      	lsls	r3, r7
10002248:	431c      	orrs	r4, r3
1000224a:	17d3      	asrs	r3, r2, #31
1000224c:	e7ac      	b.n	100021a8 <da_xgty0>

1000224e <da_ygtx>:
1000224e:	46ac      	mov	ip, r5
10002250:	2f20      	cmp	r7, #32
10002252:	da08      	bge.n	10002266 <da_yrgtx>
10002254:	3620      	adds	r6, #32
10002256:	0004      	movs	r4, r0
10002258:	40b4      	lsls	r4, r6

1000225a <da_ygtx0>:
1000225a:	000d      	movs	r5, r1
1000225c:	40b5      	lsls	r5, r6
1000225e:	40f8      	lsrs	r0, r7
10002260:	4139      	asrs	r1, r7
10002262:	4328      	orrs	r0, r5
10002264:	e7a5      	b.n	100021b2 <da_add>

10002266 <da_yrgtx>:
10002266:	2f3c      	cmp	r7, #60	@ 0x3c
10002268:	da0c      	bge.n	10002284 <da_ymgtx>
1000226a:	3f20      	subs	r7, #32
1000226c:	3640      	adds	r6, #64	@ 0x40
1000226e:	0004      	movs	r4, r0
10002270:	40b4      	lsls	r4, r6
10002272:	d000      	beq.n	10002276 <da_yrgtx+0x10>
10002274:	2401      	movs	r4, #1
10002276:	40f8      	lsrs	r0, r7
10002278:	4304      	orrs	r4, r0
1000227a:	0008      	movs	r0, r1
1000227c:	40b1      	lsls	r1, r6
1000227e:	430c      	orrs	r4, r1
10002280:	17c1      	asrs	r1, r0, #31
10002282:	e7ea      	b.n	1000225a <da_ygtx0>

10002284 <da_ymgtx>:
10002284:	0010      	movs	r0, r2
10002286:	0019      	movs	r1, r3

10002288 <da_xmgty>:
10002288:	2400      	movs	r4, #0
1000228a:	e794      	b.n	100021b6 <da_pack>
1000228c:	7ff00000 	.word	0x7ff00000

10002290 <dmul_shim>:
10002290:	b5f0      	push	{r4, r5, r6, r7, lr}
10002292:	0d0c      	lsrs	r4, r1, #20
10002294:	1e66      	subs	r6, r4, #1
10002296:	0536      	lsls	r6, r6, #20
10002298:	1b89      	subs	r1, r1, r6
1000229a:	0ae6      	lsrs	r6, r4, #11
1000229c:	0564      	lsls	r4, r4, #21
1000229e:	0d64      	lsrs	r4, r4, #21
100022a0:	d002      	beq.n	100022a8 <l12_1>
100022a2:	1c65      	adds	r5, r4, #1
100022a4:	0aed      	lsrs	r5, r5, #11
100022a6:	d004      	beq.n	100022b2 <l12_2>

100022a8 <l12_1>:
100022a8:	2000      	movs	r0, #0
100022aa:	2101      	movs	r1, #1
100022ac:	0509      	lsls	r1, r1, #20
100022ae:	3c80      	subs	r4, #128	@ 0x80
100022b0:	0324      	lsls	r4, r4, #12

100022b2 <l12_2>:
100022b2:	46a4      	mov	ip, r4
100022b4:	0d1c      	lsrs	r4, r3, #20
100022b6:	1e67      	subs	r7, r4, #1
100022b8:	053f      	lsls	r7, r7, #20
100022ba:	1bdb      	subs	r3, r3, r7
100022bc:	0ae7      	lsrs	r7, r4, #11
100022be:	0564      	lsls	r4, r4, #21
100022c0:	0d64      	lsrs	r4, r4, #21
100022c2:	d002      	beq.n	100022ca <l13_1>
100022c4:	1c65      	adds	r5, r4, #1
100022c6:	0aed      	lsrs	r5, r5, #11
100022c8:	d004      	beq.n	100022d4 <l13_2>

100022ca <l13_1>:
100022ca:	2200      	movs	r2, #0
100022cc:	2301      	movs	r3, #1
100022ce:	051b      	lsls	r3, r3, #20
100022d0:	3c80      	subs	r4, #128	@ 0x80
100022d2:	0324      	lsls	r4, r4, #12

100022d4 <l13_2>:
100022d4:	4077      	eors	r7, r6
100022d6:	4464      	add	r4, ip
100022d8:	b497      	push	{r0, r1, r2, r4, r7}
100022da:	b284      	uxth	r4, r0
100022dc:	b296      	uxth	r6, r2
100022de:	4374      	muls	r4, r6
100022e0:	0c07      	lsrs	r7, r0, #16
100022e2:	437e      	muls	r6, r7
100022e4:	0c15      	lsrs	r5, r2, #16
100022e6:	436f      	muls	r7, r5
100022e8:	b280      	uxth	r0, r0
100022ea:	4368      	muls	r0, r5
100022ec:	1836      	adds	r6, r6, r0
100022ee:	d302      	bcc.n	100022f6 <l14_1>
100022f0:	2001      	movs	r0, #1
100022f2:	0400      	lsls	r0, r0, #16
100022f4:	183f      	adds	r7, r7, r0

100022f6 <l14_1>:
100022f6:	0430      	lsls	r0, r6, #16
100022f8:	0c35      	lsrs	r5, r6, #16
100022fa:	1900      	adds	r0, r0, r4
100022fc:	417d      	adcs	r5, r7
100022fe:	4684      	mov	ip, r0
10002300:	b288      	uxth	r0, r1
10002302:	b29a      	uxth	r2, r3
10002304:	4350      	muls	r0, r2
10002306:	0c0c      	lsrs	r4, r1, #16
10002308:	4362      	muls	r2, r4
1000230a:	0c1f      	lsrs	r7, r3, #16
1000230c:	437c      	muls	r4, r7
1000230e:	b28e      	uxth	r6, r1
10002310:	437e      	muls	r6, r7
10002312:	1992      	adds	r2, r2, r6
10002314:	d302      	bcc.n	1000231c <l15_1>
10002316:	2601      	movs	r6, #1
10002318:	0436      	lsls	r6, r6, #16
1000231a:	19a4      	adds	r4, r4, r6

1000231c <l15_1>:
1000231c:	0416      	lsls	r6, r2, #16
1000231e:	0c17      	lsrs	r7, r2, #16
10002320:	1836      	adds	r6, r6, r0
10002322:	4167      	adcs	r7, r4
10002324:	bc01      	pop	{r0}
10002326:	b281      	uxth	r1, r0
10002328:	b29a      	uxth	r2, r3
1000232a:	4351      	muls	r1, r2
1000232c:	0c04      	lsrs	r4, r0, #16
1000232e:	4362      	muls	r2, r4
10002330:	0c1b      	lsrs	r3, r3, #16
10002332:	435c      	muls	r4, r3
10002334:	b280      	uxth	r0, r0
10002336:	4358      	muls	r0, r3
10002338:	1812      	adds	r2, r2, r0
1000233a:	d302      	bcc.n	10002342 <l16_1>
1000233c:	2001      	movs	r0, #1
1000233e:	0400      	lsls	r0, r0, #16
10002340:	1824      	adds	r4, r4, r0

10002342 <l16_1>:
10002342:	0410      	lsls	r0, r2, #16
10002344:	0c13      	lsrs	r3, r2, #16
10002346:	1840      	adds	r0, r0, r1
10002348:	4163      	adcs	r3, r4
1000234a:	182d      	adds	r5, r5, r0
1000234c:	415e      	adcs	r6, r3
1000234e:	2000      	movs	r0, #0
10002350:	4147      	adcs	r7, r0
10002352:	bc06      	pop	{r1, r2}
10002354:	b288      	uxth	r0, r1
10002356:	b293      	uxth	r3, r2
10002358:	4358      	muls	r0, r3
1000235a:	0c0c      	lsrs	r4, r1, #16
1000235c:	4363      	muls	r3, r4
1000235e:	0c12      	lsrs	r2, r2, #16
10002360:	4354      	muls	r4, r2
10002362:	b289      	uxth	r1, r1
10002364:	4351      	muls	r1, r2
10002366:	185b      	adds	r3, r3, r1
10002368:	d302      	bcc.n	10002370 <l17_1>
1000236a:	2101      	movs	r1, #1
1000236c:	0409      	lsls	r1, r1, #16
1000236e:	1864      	adds	r4, r4, r1

10002370 <l17_1>:
10002370:	0419      	lsls	r1, r3, #16
10002372:	0c1a      	lsrs	r2, r3, #16
10002374:	1809      	adds	r1, r1, r0
10002376:	4162      	adcs	r2, r4
10002378:	186d      	adds	r5, r5, r1
1000237a:	4156      	adcs	r6, r2
1000237c:	2000      	movs	r0, #0
1000237e:	4147      	adcs	r7, r0
10002380:	bc18      	pop	{r3, r4}
10002382:	02f9      	lsls	r1, r7, #11
10002384:	0d72      	lsrs	r2, r6, #21
10002386:	4311      	orrs	r1, r2
10002388:	02f0      	lsls	r0, r6, #11
1000238a:	0d6a      	lsrs	r2, r5, #21
1000238c:	4310      	orrs	r0, r2
1000238e:	02ed      	lsls	r5, r5, #11
10002390:	0d0a      	lsrs	r2, r1, #20
10002392:	d103      	bne.n	1000239c <l17_1+0x2c>
10002394:	196d      	adds	r5, r5, r5
10002396:	4140      	adcs	r0, r0
10002398:	4149      	adcs	r1, r1
1000239a:	3b01      	subs	r3, #1
1000239c:	4e12      	ldr	r6, [pc, #72]	@ (100023e8 <dm_1+0xa>)
1000239e:	1b9b      	subs	r3, r3, r6
100023a0:	0076      	lsls	r6, r6, #1
100023a2:	42b3      	cmp	r3, r6
100023a4:	d20e      	bcs.n	100023c4 <dm_0>
100023a6:	006d      	lsls	r5, r5, #1
100023a8:	d307      	bcc.n	100023ba <l17_1+0x4a>
100023aa:	3001      	adds	r0, #1
100023ac:	2600      	movs	r6, #0
100023ae:	4171      	adcs	r1, r6
100023b0:	4666      	mov	r6, ip
100023b2:	4335      	orrs	r5, r6
100023b4:	d101      	bne.n	100023ba <l17_1+0x4a>
100023b6:	0840      	lsrs	r0, r0, #1
100023b8:	0040      	lsls	r0, r0, #1
100023ba:	051b      	lsls	r3, r3, #20
100023bc:	18c9      	adds	r1, r1, r3

100023be <dm_2>:
100023be:	07e4      	lsls	r4, r4, #31
100023c0:	4421      	add	r1, r4
100023c2:	bdf0      	pop	{r4, r5, r6, r7, pc}

100023c4 <dm_0>:
100023c4:	da0b      	bge.n	100023de <dm_1>
100023c6:	3301      	adds	r3, #1
100023c8:	d106      	bne.n	100023d8 <dm_0+0x14>
100023ca:	3001      	adds	r0, #1
100023cc:	d104      	bne.n	100023d8 <dm_0+0x14>
100023ce:	3101      	adds	r1, #1
100023d0:	0d4f      	lsrs	r7, r1, #21
100023d2:	d001      	beq.n	100023d8 <dm_0+0x14>
100023d4:	0849      	lsrs	r1, r1, #1
100023d6:	e7f2      	b.n	100023be <dm_2>
100023d8:	07e1      	lsls	r1, r4, #31
100023da:	2000      	movs	r0, #0
100023dc:	bdf0      	pop	{r4, r5, r6, r7, pc}

100023de <dm_1>:
100023de:	3601      	adds	r6, #1
100023e0:	0531      	lsls	r1, r6, #20
100023e2:	2000      	movs	r0, #0
100023e4:	e7eb      	b.n	100023be <dm_2>
100023e6:	0000      	.short	0x0000
100023e8:	000003ff 	.word	0x000003ff

100023ec <ddiv_shim>:
100023ec:	b5f0      	push	{r4, r5, r6, r7, lr}

100023ee <ddiv0>:
100023ee:	0d1c      	lsrs	r4, r3, #20
100023f0:	1e67      	subs	r7, r4, #1
100023f2:	053f      	lsls	r7, r7, #20
100023f4:	1bdb      	subs	r3, r3, r7
100023f6:	0ae7      	lsrs	r7, r4, #11
100023f8:	0564      	lsls	r4, r4, #21
100023fa:	0d64      	lsrs	r4, r4, #21
100023fc:	d002      	beq.n	10002404 <l20_1>
100023fe:	1c66      	adds	r6, r4, #1
10002400:	0af6      	lsrs	r6, r6, #11
10002402:	d004      	beq.n	1000240e <l20_2>

10002404 <l20_1>:
10002404:	2200      	movs	r2, #0
10002406:	2301      	movs	r3, #1
10002408:	051b      	lsls	r3, r3, #20
1000240a:	3c80      	subs	r4, #128	@ 0x80
1000240c:	0324      	lsls	r4, r4, #12

1000240e <l20_2>:
1000240e:	25d0      	movs	r5, #208	@ 0xd0
10002410:	062d      	lsls	r5, r5, #24
10002412:	2600      	movs	r6, #0
10002414:	43f6      	mvns	r6, r6
10002416:	662e      	str	r6, [r5, #96]	@ 0x60
10002418:	091e      	lsrs	r6, r3, #4
1000241a:	666e      	str	r6, [r5, #100]	@ 0x64
1000241c:	0fce      	lsrs	r6, r1, #31
1000241e:	19f6      	adds	r6, r6, r7
10002420:	46b4      	mov	ip, r6
10002422:	0049      	lsls	r1, r1, #1
10002424:	0d4f      	lsrs	r7, r1, #21
10002426:	d002      	beq.n	1000242e <l20_2+0x20>
10002428:	1c7e      	adds	r6, r7, #1
1000242a:	0af6      	lsrs	r6, r6, #11
1000242c:	d003      	beq.n	10002436 <l20_2+0x28>
1000242e:	2000      	movs	r0, #0
10002430:	2100      	movs	r1, #0
10002432:	3f40      	subs	r7, #64	@ 0x40
10002434:	033f      	lsls	r7, r7, #12
10002436:	1b3e      	subs	r6, r7, r4
10002438:	00b6      	lsls	r6, r6, #2
1000243a:	44b4      	add	ip, r6
1000243c:	3f01      	subs	r7, #1
1000243e:	057f      	lsls	r7, r7, #21
10002440:	1bc9      	subs	r1, r1, r7
10002442:	0849      	lsrs	r1, r1, #1
10002444:	6f2e      	ldr	r6, [r5, #112]	@ 0x70
10002446:	3601      	adds	r6, #1
10002448:	0876      	lsrs	r6, r6, #1
1000244a:	029c      	lsls	r4, r3, #10
1000244c:	0d95      	lsrs	r5, r2, #22
1000244e:	4325      	orrs	r5, r4
10002450:	4375      	muls	r5, r6
10002452:	13ed      	asrs	r5, r5, #15
10002454:	4375      	muls	r5, r6
10002456:	13ad      	asrs	r5, r5, #14
10002458:	3501      	adds	r5, #1
1000245a:	106d      	asrs	r5, r5, #1
1000245c:	03f6      	lsls	r6, r6, #15
1000245e:	1b76      	subs	r6, r6, r5
10002460:	b40c      	push	{r2, r3}
10002462:	02cc      	lsls	r4, r1, #11
10002464:	0d45      	lsrs	r5, r0, #21
10002466:	432c      	orrs	r4, r5
10002468:	b2a2      	uxth	r2, r4
1000246a:	b2b3      	uxth	r3, r6
1000246c:	435a      	muls	r2, r3
1000246e:	0c27      	lsrs	r7, r4, #16
10002470:	437b      	muls	r3, r7
10002472:	0c35      	lsrs	r5, r6, #16
10002474:	436f      	muls	r7, r5
10002476:	b2a4      	uxth	r4, r4
10002478:	436c      	muls	r4, r5
1000247a:	191b      	adds	r3, r3, r4
1000247c:	d302      	bcc.n	10002484 <l21_1>
1000247e:	2401      	movs	r4, #1
10002480:	0424      	lsls	r4, r4, #16
10002482:	193f      	adds	r7, r7, r4

10002484 <l21_1>:
10002484:	041c      	lsls	r4, r3, #16
10002486:	0c1d      	lsrs	r5, r3, #16
10002488:	18a4      	adds	r4, r4, r2
1000248a:	417d      	adcs	r5, r7
1000248c:	1924      	adds	r4, r4, r4
1000248e:	416d      	adcs	r5, r5
10002490:	9a00      	ldr	r2, [sp, #0]
10002492:	b291      	uxth	r1, r2
10002494:	b2ac      	uxth	r4, r5
10002496:	4361      	muls	r1, r4
10002498:	0c17      	lsrs	r7, r2, #16
1000249a:	437c      	muls	r4, r7
1000249c:	0c2b      	lsrs	r3, r5, #16
1000249e:	435f      	muls	r7, r3
100024a0:	b292      	uxth	r2, r2
100024a2:	435a      	muls	r2, r3
100024a4:	18a4      	adds	r4, r4, r2
100024a6:	d302      	bcc.n	100024ae <l22_1>
100024a8:	2201      	movs	r2, #1
100024aa:	0412      	lsls	r2, r2, #16
100024ac:	18bf      	adds	r7, r7, r2

100024ae <l22_1>:
100024ae:	0422      	lsls	r2, r4, #16
100024b0:	0c23      	lsrs	r3, r4, #16
100024b2:	1852      	adds	r2, r2, r1
100024b4:	417b      	adcs	r3, r7
100024b6:	9c01      	ldr	r4, [sp, #4]
100024b8:	436c      	muls	r4, r5
100024ba:	191b      	adds	r3, r3, r4
100024bc:	0e52      	lsrs	r2, r2, #25
100024be:	01d9      	lsls	r1, r3, #7
100024c0:	430a      	orrs	r2, r1
100024c2:	0144      	lsls	r4, r0, #5
100024c4:	1aa0      	subs	r0, r4, r2
100024c6:	b281      	uxth	r1, r0
100024c8:	b2b2      	uxth	r2, r6
100024ca:	4351      	muls	r1, r2
100024cc:	1403      	asrs	r3, r0, #16
100024ce:	435a      	muls	r2, r3
100024d0:	0c36      	lsrs	r6, r6, #16
100024d2:	4373      	muls	r3, r6
100024d4:	b287      	uxth	r7, r0
100024d6:	4377      	muls	r7, r6
100024d8:	17d6      	asrs	r6, r2, #31
100024da:	19d2      	adds	r2, r2, r7
100024dc:	2700      	movs	r7, #0
100024de:	417e      	adcs	r6, r7
100024e0:	0436      	lsls	r6, r6, #16
100024e2:	199b      	adds	r3, r3, r6
100024e4:	0417      	lsls	r7, r2, #16
100024e6:	0c16      	lsrs	r6, r2, #16
100024e8:	187f      	adds	r7, r7, r1
100024ea:	415e      	adcs	r6, r3
100024ec:	1673      	asrs	r3, r6, #25
100024ee:	18ed      	adds	r5, r5, r3
100024f0:	01f3      	lsls	r3, r6, #7
100024f2:	2600      	movs	r6, #0
100024f4:	3380      	adds	r3, #128	@ 0x80
100024f6:	4175      	adcs	r5, r6
100024f8:	0fa9      	lsrs	r1, r5, #30
100024fa:	d106      	bne.n	1000250a <dd_0>
100024fc:	0064      	lsls	r4, r4, #1
100024fe:	0a69      	lsrs	r1, r5, #9
10002500:	05e8      	lsls	r0, r5, #23
10002502:	0a5b      	lsrs	r3, r3, #9
10002504:	4318      	orrs	r0, r3
10002506:	d209      	bcs.n	1000251c <dd_1>
10002508:	e02f      	b.n	1000256a <dd_2>

1000250a <dd_0>:
1000250a:	2204      	movs	r2, #4
1000250c:	4494      	add	ip, r2
1000250e:	3380      	adds	r3, #128	@ 0x80
10002510:	4175      	adcs	r5, r6
10002512:	0aa9      	lsrs	r1, r5, #10
10002514:	05a8      	lsls	r0, r5, #22
10002516:	0a9b      	lsrs	r3, r3, #10
10002518:	4318      	orrs	r0, r3
1000251a:	d326      	bcc.n	1000256a <dd_2>

1000251c <dd_1>:
1000251c:	4140      	adcs	r0, r0
1000251e:	4149      	adcs	r1, r1
10002520:	0424      	lsls	r4, r4, #16
10002522:	9a00      	ldr	r2, [sp, #0]
10002524:	9b01      	ldr	r3, [sp, #4]
10002526:	000d      	movs	r5, r1
10002528:	4355      	muls	r5, r2
1000252a:	1b64      	subs	r4, r4, r5
1000252c:	4343      	muls	r3, r0
1000252e:	1ae4      	subs	r4, r4, r3
10002530:	b295      	uxth	r5, r2
10002532:	b286      	uxth	r6, r0
10002534:	4375      	muls	r5, r6
10002536:	0c17      	lsrs	r7, r2, #16
10002538:	437e      	muls	r6, r7
1000253a:	0c03      	lsrs	r3, r0, #16
1000253c:	435f      	muls	r7, r3
1000253e:	b292      	uxth	r2, r2
10002540:	435a      	muls	r2, r3
10002542:	18b6      	adds	r6, r6, r2
10002544:	d302      	bcc.n	1000254c <l24_1>
10002546:	2201      	movs	r2, #1
10002548:	0412      	lsls	r2, r2, #16
1000254a:	18bf      	adds	r7, r7, r2

1000254c <l24_1>:
1000254c:	0432      	lsls	r2, r6, #16
1000254e:	0c33      	lsrs	r3, r6, #16
10002550:	1952      	adds	r2, r2, r5
10002552:	417b      	adcs	r3, r7
10002554:	4252      	negs	r2, r2
10002556:	419c      	sbcs	r4, r3
10002558:	2c00      	cmp	r4, #0
1000255a:	d402      	bmi.n	10002562 <l24_1+0x16>
1000255c:	2200      	movs	r2, #0
1000255e:	3001      	adds	r0, #1
10002560:	4151      	adcs	r1, r2
10002562:	0840      	lsrs	r0, r0, #1
10002564:	07ca      	lsls	r2, r1, #31
10002566:	4310      	orrs	r0, r2
10002568:	0849      	lsrs	r1, r1, #1

1000256a <dd_2>:
1000256a:	b002      	add	sp, #8
1000256c:	4662      	mov	r2, ip
1000256e:	07d7      	lsls	r7, r2, #31
10002570:	1092      	asrs	r2, r2, #2
10002572:	4b08      	ldr	r3, [pc, #32]	@ (10002594 <dd_4+0x6>)
10002574:	18d2      	adds	r2, r2, r3
10002576:	4b08      	ldr	r3, [pc, #32]	@ (10002598 <dd_4+0xa>)
10002578:	429a      	cmp	r2, r3
1000257a:	d203      	bcs.n	10002584 <dd_3>
1000257c:	0512      	lsls	r2, r2, #20
1000257e:	1889      	adds	r1, r1, r2

10002580 <dd_5>:
10002580:	19c9      	adds	r1, r1, r7
10002582:	bdf0      	pop	{r4, r5, r6, r7, pc}

10002584 <dd_3>:
10002584:	2000      	movs	r0, #0
10002586:	2a00      	cmp	r2, #0
10002588:	dc01      	bgt.n	1000258e <dd_4>
1000258a:	0039      	movs	r1, r7
1000258c:	bdf0      	pop	{r4, r5, r6, r7, pc}

1000258e <dd_4>:
1000258e:	3301      	adds	r3, #1
10002590:	0519      	lsls	r1, r3, #20
10002592:	e7f5      	b.n	10002580 <dd_5>
10002594:	000003fd 	.word	0x000003fd
10002598:	000007fe 	.word	0x000007fe

1000259c <double2uint_shim>:
1000259c:	2200      	movs	r2, #0

1000259e <double2ufix_shim>:
1000259e:	b500      	push	{lr}
100025a0:	3220      	adds	r2, #32
100025a2:	f000 f804 	bl	100025ae <double2ufix64_shim>
100025a6:	0008      	movs	r0, r1
100025a8:	bd00      	pop	{pc}
	...

100025ac <double2uint64_shim>:
100025ac:	2200      	movs	r2, #0

100025ae <double2ufix64_shim>:
100025ae:	150b      	asrs	r3, r1, #20
100025b0:	d40a      	bmi.n	100025c8 <ret_dzero>

100025b2 <d2fix>:
100025b2:	b510      	push	{r4, lr}
100025b4:	4694      	mov	ip, r2
100025b6:	f000 f831 	bl	1000261c <dunpacks>
100025ba:	1414      	asrs	r4, r2, #16
100025bc:	3401      	adds	r4, #1
100025be:	da00      	bge.n	100025c2 <d2fix+0x10>
100025c0:	2100      	movs	r1, #0
100025c2:	17cb      	asrs	r3, r1, #31
100025c4:	4c14      	ldr	r4, [pc, #80]	@ (10002618 <d2fix_a+0x4a>)
100025c6:	4720      	bx	r4

100025c8 <ret_dzero>:
100025c8:	2000      	movs	r0, #0
100025ca:	2100      	movs	r1, #0
100025cc:	4770      	bx	lr

100025ce <d2fix_a>:
100025ce:	4462      	add	r2, ip
100025d0:	3a34      	subs	r2, #52	@ 0x34
100025d2:	d40c      	bmi.n	100025ee <d2fix_a+0x20>
100025d4:	2a0c      	cmp	r2, #12
100025d6:	da07      	bge.n	100025e8 <d2fix_a+0x1a>
100025d8:	0004      	movs	r4, r0
100025da:	4091      	lsls	r1, r2
100025dc:	4090      	lsls	r0, r2
100025de:	4252      	negs	r2, r2
100025e0:	3220      	adds	r2, #32
100025e2:	40d4      	lsrs	r4, r2
100025e4:	4321      	orrs	r1, r4
100025e6:	bd10      	pop	{r4, pc}
100025e8:	43d8      	mvns	r0, r3
100025ea:	43d9      	mvns	r1, r3
100025ec:	bd10      	pop	{r4, pc}
100025ee:	3220      	adds	r2, #32
100025f0:	d407      	bmi.n	10002602 <d2fix_a+0x34>
100025f2:	460c      	mov	r4, r1
100025f4:	4094      	lsls	r4, r2
100025f6:	4252      	negs	r2, r2
100025f8:	3220      	adds	r2, #32
100025fa:	4111      	asrs	r1, r2
100025fc:	40d0      	lsrs	r0, r2
100025fe:	4320      	orrs	r0, r4
10002600:	bd10      	pop	{r4, pc}
10002602:	0008      	movs	r0, r1
10002604:	17c9      	asrs	r1, r1, #31
10002606:	3220      	adds	r2, #32
10002608:	d403      	bmi.n	10002612 <d2fix_a+0x44>
1000260a:	4252      	negs	r2, r2
1000260c:	3220      	adds	r2, #32
1000260e:	4110      	asrs	r0, r2
10002610:	bd10      	pop	{r4, pc}
10002612:	0018      	movs	r0, r3
10002614:	0019      	movs	r1, r3
10002616:	bd10      	pop	{r4, pc}
10002618:	100025cf 	.word	0x100025cf

1000261c <dunpacks>:
1000261c:	0d0a      	lsrs	r2, r1, #20
1000261e:	0fcc      	lsrs	r4, r1, #31
10002620:	1e53      	subs	r3, r2, #1
10002622:	051b      	lsls	r3, r3, #20
10002624:	1ac9      	subs	r1, r1, r3
10002626:	0552      	lsls	r2, r2, #21
10002628:	d303      	bcc.n	10002632 <l60_1>
1000262a:	43c9      	mvns	r1, r1
1000262c:	4240      	negs	r0, r0
1000262e:	d300      	bcc.n	10002632 <l60_1>
10002630:	3101      	adds	r1, #1

10002632 <l60_1>:
10002632:	0d52      	lsrs	r2, r2, #21
10002634:	d003      	beq.n	1000263e <l60_2>
10002636:	1c53      	adds	r3, r2, #1
10002638:	0adb      	lsrs	r3, r3, #11
1000263a:	d007      	beq.n	1000264c <l60_3>
1000263c:	1b12      	subs	r2, r2, r4

1000263e <l60_2>:
1000263e:	2000      	movs	r0, #0
10002640:	0064      	lsls	r4, r4, #1
10002642:	1c61      	adds	r1, r4, #1
10002644:	0789      	lsls	r1, r1, #30
10002646:	1289      	asrs	r1, r1, #10
10002648:	3a80      	subs	r2, #128	@ 0x80
1000264a:	0312      	lsls	r2, r2, #12

1000264c <l60_3>:
1000264c:	4b01      	ldr	r3, [pc, #4]	@ (10002654 <l60_3+0x8>)
1000264e:	1ad2      	subs	r2, r2, r3
10002650:	4770      	bx	lr
10002652:	0000      	.short	0x0000
10002654:	000003ff 	.word	0x000003ff

10002658 <__wrap___aeabi_lmul>:
10002658:	4351      	muls	r1, r2
1000265a:	4343      	muls	r3, r0
1000265c:	18c9      	adds	r1, r1, r3
1000265e:	468c      	mov	ip, r1
10002660:	0c11      	lsrs	r1, r2, #16
10002662:	b283      	uxth	r3, r0
10002664:	434b      	muls	r3, r1
10002666:	b410      	push	{r4}
10002668:	0c04      	lsrs	r4, r0, #16
1000266a:	4361      	muls	r1, r4
1000266c:	b292      	uxth	r2, r2
1000266e:	b280      	uxth	r0, r0
10002670:	4350      	muls	r0, r2
10002672:	4362      	muls	r2, r4
10002674:	041c      	lsls	r4, r3, #16
10002676:	0c1b      	lsrs	r3, r3, #16
10002678:	1900      	adds	r0, r0, r4
1000267a:	bc10      	pop	{r4}
1000267c:	4159      	adcs	r1, r3
1000267e:	0413      	lsls	r3, r2, #16
10002680:	0c12      	lsrs	r2, r2, #16
10002682:	18c0      	adds	r0, r0, r3
10002684:	4151      	adcs	r1, r2
10002686:	4461      	add	r1, ip
10002688:	4770      	bx	lr
	...

1000268c <__aeabi_float_init>:
1000268c:	2313      	movs	r3, #19
1000268e:	b510      	push	{r4, lr}
10002690:	781c      	ldrb	r4, [r3, #0]
10002692:	4813      	ldr	r0, [pc, #76]	@ (100026e0 <__aeabi_float_init+0x54>)
10002694:	f7ff f818 	bl	100016c8 <rom_data_lookup>
10002698:	2c01      	cmp	r4, #1
1000269a:	d00b      	beq.n	100026b4 <__aeabi_float_init+0x28>
1000269c:	dd04      	ble.n	100026a8 <__aeabi_float_init+0x1c>
1000269e:	0001      	movs	r1, r0
100026a0:	2280      	movs	r2, #128	@ 0x80
100026a2:	4810      	ldr	r0, [pc, #64]	@ (100026e4 <__aeabi_float_init+0x58>)
100026a4:	f000 f84a 	bl	1000273c <__wrap___aeabi_memcpy>
100026a8:	480f      	ldr	r0, [pc, #60]	@ (100026e8 <__aeabi_float_init+0x5c>)
100026aa:	f7ff f805 	bl	100016b8 <rom_func_lookup>
100026ae:	4b0f      	ldr	r3, [pc, #60]	@ (100026ec <__aeabi_float_init+0x60>)
100026b0:	6018      	str	r0, [r3, #0]
100026b2:	bd10      	pop	{r4, pc}
100026b4:	4c0b      	ldr	r4, [pc, #44]	@ (100026e4 <__aeabi_float_init+0x58>)
100026b6:	0001      	movs	r1, r0
100026b8:	2254      	movs	r2, #84	@ 0x54
100026ba:	0020      	movs	r0, r4
100026bc:	f000 f83e 	bl	1000273c <__wrap___aeabi_memcpy>
100026c0:	4b0b      	ldr	r3, [pc, #44]	@ (100026f0 <__aeabi_float_init+0x64>)
100026c2:	6563      	str	r3, [r4, #84]	@ 0x54
100026c4:	65a3      	str	r3, [r4, #88]	@ 0x58
100026c6:	65e3      	str	r3, [r4, #92]	@ 0x5c
100026c8:	6623      	str	r3, [r4, #96]	@ 0x60
100026ca:	6663      	str	r3, [r4, #100]	@ 0x64
100026cc:	66a3      	str	r3, [r4, #104]	@ 0x68
100026ce:	66e3      	str	r3, [r4, #108]	@ 0x6c
100026d0:	6723      	str	r3, [r4, #112]	@ 0x70
100026d2:	6763      	str	r3, [r4, #116]	@ 0x74
100026d4:	67a3      	str	r3, [r4, #120]	@ 0x78
100026d6:	67e3      	str	r3, [r4, #124]	@ 0x7c
100026d8:	6223      	str	r3, [r4, #32]
100026da:	61e3      	str	r3, [r4, #28]
100026dc:	e7e4      	b.n	100026a8 <__aeabi_float_init+0x1c>
100026de:	46c0      	nop			@ (mov r8, r8)
100026e0:	00004653 	.word	0x00004653
100026e4:	20001380 	.word	0x20001380
100026e8:	0000334c 	.word	0x0000334c
100026ec:	20001c40 	.word	0x20001c40
100026f0:	100026f5 	.word	0x100026f5

100026f4 <float_table_shim_on_use_helper>:
100026f4:	b507      	push	{r0, r1, r2, lr}
100026f6:	4660      	mov	r0, ip
100026f8:	8801      	ldrh	r1, [r0, #0]
100026fa:	0a0a      	lsrs	r2, r1, #8
100026fc:	3002      	adds	r0, #2
100026fe:	2adf      	cmp	r2, #223	@ 0xdf
10002700:	d1fa      	bne.n	100026f8 <float_table_shim_on_use_helper+0x4>
10002702:	b2c9      	uxtb	r1, r1
10002704:	0882      	lsrs	r2, r0, #2
10002706:	d304      	bcc.n	10002712 <float_table_shim_on_use_helper+0x1e>
10002708:	8802      	ldrh	r2, [r0, #0]
1000270a:	8840      	ldrh	r0, [r0, #2]
1000270c:	0400      	lsls	r0, r0, #16
1000270e:	4310      	orrs	r0, r2
10002710:	e000      	b.n	10002714 <float_table_shim_on_use_helper+0x20>
10002712:	6800      	ldr	r0, [r0, #0]
10002714:	4a01      	ldr	r2, [pc, #4]	@ (1000271c <float_table_shim_on_use_helper+0x28>)
10002716:	5050      	str	r0, [r2, r1]
10002718:	9003      	str	r0, [sp, #12]
1000271a:	bd07      	pop	{r0, r1, r2, pc}
1000271c:	20001380 	.word	0x20001380

10002720 <__aeabi_mem_init>:
10002720:	4801      	ldr	r0, [pc, #4]	@ (10002728 <__aeabi_mem_init+0x8>)
10002722:	2104      	movs	r1, #4
10002724:	4b01      	ldr	r3, [pc, #4]	@ (1000272c <__aeabi_mem_init+0xc>)
10002726:	4718      	bx	r3
10002728:	20000fe0 	.word	0x20000fe0
1000272c:	100016d9 	.word	0x100016d9

10002730 <__wrap_memset>:
10002730:	4b01      	ldr	r3, [pc, #4]	@ (10002738 <__wrap_memset+0x8>)
10002732:	681b      	ldr	r3, [r3, #0]
10002734:	4718      	bx	r3
10002736:	0000      	.short	0x0000
10002738:	20000fe0 	.word	0x20000fe0

1000273c <__wrap___aeabi_memcpy>:
1000273c:	4b01      	ldr	r3, [pc, #4]	@ (10002744 <__wrap___aeabi_memcpy+0x8>)
1000273e:	685b      	ldr	r3, [r3, #4]
10002740:	4718      	bx	r3
10002742:	0000      	.short	0x0000
10002744:	20000fe0 	.word	0x20000fe0

10002748 <_out_null>:
10002748:	4770      	bx	lr
1000274a:	46c0      	nop			@ (mov r8, r8)

1000274c <_out_rev>:
1000274c:	b5f8      	push	{r3, r4, r5, r6, r7, lr}
1000274e:	46de      	mov	lr, fp
10002750:	4657      	mov	r7, sl
10002752:	464e      	mov	r6, r9
10002754:	4645      	mov	r5, r8
10002756:	b5e0      	push	{r5, r6, r7, lr}
10002758:	4699      	mov	r9, r3
1000275a:	9b0d      	ldr	r3, [sp, #52]	@ 0x34
1000275c:	0007      	movs	r7, r0
1000275e:	4688      	mov	r8, r1
10002760:	4693      	mov	fp, r2
10002762:	079b      	lsls	r3, r3, #30
10002764:	d028      	beq.n	100027b8 <_out_rev+0x6c>
10002766:	9b0b      	ldr	r3, [sp, #44]	@ 0x2c
10002768:	2b00      	cmp	r3, #0
1000276a:	d03c      	beq.n	100027e6 <_out_rev+0x9a>
1000276c:	0016      	movs	r6, r2
1000276e:	9c0b      	ldr	r4, [sp, #44]	@ 0x2c
10002770:	9d0a      	ldr	r5, [sp, #40]	@ 0x28
10002772:	1936      	adds	r6, r6, r4
10002774:	1b32      	subs	r2, r6, r4
10002776:	3c01      	subs	r4, #1
10002778:	464b      	mov	r3, r9
1000277a:	4641      	mov	r1, r8
1000277c:	5d28      	ldrb	r0, [r5, r4]
1000277e:	47b8      	blx	r7
10002780:	2c00      	cmp	r4, #0
10002782:	d1f7      	bne.n	10002774 <_out_rev+0x28>
10002784:	0035      	movs	r5, r6
10002786:	9b0d      	ldr	r3, [sp, #52]	@ 0x34
10002788:	079b      	lsls	r3, r3, #30
1000278a:	d50e      	bpl.n	100027aa <_out_rev+0x5e>
1000278c:	465b      	mov	r3, fp
1000278e:	1aec      	subs	r4, r5, r3
10002790:	9b0c      	ldr	r3, [sp, #48]	@ 0x30
10002792:	42a3      	cmp	r3, r4
10002794:	d909      	bls.n	100027aa <_out_rev+0x5e>
10002796:	001e      	movs	r6, r3
10002798:	002a      	movs	r2, r5
1000279a:	464b      	mov	r3, r9
1000279c:	4641      	mov	r1, r8
1000279e:	2020      	movs	r0, #32
100027a0:	3401      	adds	r4, #1
100027a2:	47b8      	blx	r7
100027a4:	3501      	adds	r5, #1
100027a6:	42b4      	cmp	r4, r6
100027a8:	d3f6      	bcc.n	10002798 <_out_rev+0x4c>
100027aa:	0028      	movs	r0, r5
100027ac:	bcf0      	pop	{r4, r5, r6, r7}
100027ae:	46bb      	mov	fp, r7
100027b0:	46b2      	mov	sl, r6
100027b2:	46a9      	mov	r9, r5
100027b4:	46a0      	mov	r8, r4
100027b6:	bdf8      	pop	{r3, r4, r5, r6, r7, pc}
100027b8:	9b0b      	ldr	r3, [sp, #44]	@ 0x2c
100027ba:	9a0c      	ldr	r2, [sp, #48]	@ 0x30
100027bc:	4293      	cmp	r3, r2
100027be:	d214      	bcs.n	100027ea <_out_rev+0x9e>
100027c0:	0013      	movs	r3, r2
100027c2:	465d      	mov	r5, fp
100027c4:	000c      	movs	r4, r1
100027c6:	9a0b      	ldr	r2, [sp, #44]	@ 0x2c
100027c8:	1a9e      	subs	r6, r3, r2
100027ca:	1976      	adds	r6, r6, r5
100027cc:	002a      	movs	r2, r5
100027ce:	464b      	mov	r3, r9
100027d0:	3501      	adds	r5, #1
100027d2:	0021      	movs	r1, r4
100027d4:	2020      	movs	r0, #32
100027d6:	47b8      	blx	r7
100027d8:	42b5      	cmp	r5, r6
100027da:	d1f7      	bne.n	100027cc <_out_rev+0x80>
100027dc:	9b0b      	ldr	r3, [sp, #44]	@ 0x2c
100027de:	46a0      	mov	r8, r4
100027e0:	2b00      	cmp	r3, #0
100027e2:	d1c4      	bne.n	1000276e <_out_rev+0x22>
100027e4:	e7e1      	b.n	100027aa <_out_rev+0x5e>
100027e6:	0015      	movs	r5, r2
100027e8:	e7cd      	b.n	10002786 <_out_rev+0x3a>
100027ea:	465e      	mov	r6, fp
100027ec:	2b00      	cmp	r3, #0
100027ee:	d1be      	bne.n	1000276e <_out_rev+0x22>
100027f0:	465d      	mov	r5, fp
100027f2:	e7da      	b.n	100027aa <_out_rev+0x5e>

100027f4 <_ntoa_format>:
100027f4:	b5f0      	push	{r4, r5, r6, r7, lr}
100027f6:	464f      	mov	r7, r9
100027f8:	46d6      	mov	lr, sl
100027fa:	4646      	mov	r6, r8
100027fc:	b5c0      	push	{r6, r7, lr}
100027fe:	b084      	sub	sp, #16
10002800:	469c      	mov	ip, r3
10002802:	ab0e      	add	r3, sp, #56	@ 0x38
10002804:	781f      	ldrb	r7, [r3, #0]
10002806:	9b12      	ldr	r3, [sp, #72]	@ 0x48
10002808:	4691      	mov	r9, r2
1000280a:	46ba      	mov	sl, r7
1000280c:	9c0d      	ldr	r4, [sp, #52]	@ 0x34
1000280e:	9e10      	ldr	r6, [sp, #64]	@ 0x40
10002810:	9d11      	ldr	r5, [sp, #68]	@ 0x44
10002812:	079b      	lsls	r3, r3, #30
10002814:	d44c      	bmi.n	100028b0 <_ntoa_format+0xbc>
10002816:	2d00      	cmp	r5, #0
10002818:	d141      	bne.n	1000289e <_ntoa_format+0xaa>
1000281a:	42b4      	cmp	r4, r6
1000281c:	d248      	bcs.n	100028b0 <_ntoa_format+0xbc>
1000281e:	2301      	movs	r3, #1
10002820:	9f12      	ldr	r7, [sp, #72]	@ 0x48
10002822:	401f      	ands	r7, r3
10002824:	46b8      	mov	r8, r7
10002826:	9b0c      	ldr	r3, [sp, #48]	@ 0x30
10002828:	1e5f      	subs	r7, r3, #1
1000282a:	2330      	movs	r3, #48	@ 0x30
1000282c:	e003      	b.n	10002836 <_ntoa_format+0x42>
1000282e:	3401      	adds	r4, #1
10002830:	553b      	strb	r3, [r7, r4]
10002832:	42a6      	cmp	r6, r4
10002834:	d901      	bls.n	1000283a <_ntoa_format+0x46>
10002836:	2c20      	cmp	r4, #32
10002838:	d1f9      	bne.n	1000282e <_ntoa_format+0x3a>
1000283a:	4643      	mov	r3, r8
1000283c:	2b00      	cmp	r3, #0
1000283e:	d100      	bne.n	10002842 <_ntoa_format+0x4e>
10002840:	e087      	b.n	10002952 <_ntoa_format+0x15e>
10002842:	9b0c      	ldr	r3, [sp, #48]	@ 0x30
10002844:	1e5f      	subs	r7, r3, #1
10002846:	2330      	movs	r3, #48	@ 0x30
10002848:	42a5      	cmp	r5, r4
1000284a:	d804      	bhi.n	10002856 <_ntoa_format+0x62>
1000284c:	e030      	b.n	100028b0 <_ntoa_format+0xbc>
1000284e:	3401      	adds	r4, #1
10002850:	553b      	strb	r3, [r7, r4]
10002852:	42ac      	cmp	r4, r5
10002854:	d02c      	beq.n	100028b0 <_ntoa_format+0xbc>
10002856:	2c20      	cmp	r4, #32
10002858:	d1f9      	bne.n	1000284e <_ntoa_format+0x5a>
1000285a:	9b12      	ldr	r3, [sp, #72]	@ 0x48
1000285c:	06db      	lsls	r3, r3, #27
1000285e:	d50d      	bpl.n	1000287c <_ntoa_format+0x88>
10002860:	9b12      	ldr	r3, [sp, #72]	@ 0x48
10002862:	055b      	lsls	r3, r3, #21
10002864:	d457      	bmi.n	10002916 <_ntoa_format+0x122>
10002866:	42a6      	cmp	r6, r4
10002868:	d067      	beq.n	1000293a <_ntoa_format+0x146>
1000286a:	42a5      	cmp	r5, r4
1000286c:	d065      	beq.n	1000293a <_ntoa_format+0x146>
1000286e:	9b0f      	ldr	r3, [sp, #60]	@ 0x3c
10002870:	2b10      	cmp	r3, #16
10002872:	d053      	beq.n	1000291c <_ntoa_format+0x128>
10002874:	2b02      	cmp	r3, #2
10002876:	d05b      	beq.n	10002930 <_ntoa_format+0x13c>
10002878:	2c20      	cmp	r4, #32
1000287a:	d136      	bne.n	100028ea <_ntoa_format+0xf6>
1000287c:	2320      	movs	r3, #32
1000287e:	9c12      	ldr	r4, [sp, #72]	@ 0x48
10002880:	9301      	str	r3, [sp, #4]
10002882:	9b0c      	ldr	r3, [sp, #48]	@ 0x30
10002884:	464a      	mov	r2, r9
10002886:	9300      	str	r3, [sp, #0]
10002888:	9403      	str	r4, [sp, #12]
1000288a:	4663      	mov	r3, ip
1000288c:	9502      	str	r5, [sp, #8]
1000288e:	f7ff ff5d 	bl	1000274c <_out_rev>
10002892:	b004      	add	sp, #16
10002894:	bce0      	pop	{r5, r6, r7}
10002896:	46ba      	mov	sl, r7
10002898:	46b1      	mov	r9, r6
1000289a:	46a8      	mov	r8, r5
1000289c:	bdf0      	pop	{r4, r5, r6, r7, pc}
1000289e:	2301      	movs	r3, #1
100028a0:	9a12      	ldr	r2, [sp, #72]	@ 0x48
100028a2:	4013      	ands	r3, r2
100028a4:	4698      	mov	r8, r3
100028a6:	2301      	movs	r3, #1
100028a8:	4213      	tst	r3, r2
100028aa:	d12d      	bne.n	10002908 <_ntoa_format+0x114>
100028ac:	42b4      	cmp	r4, r6
100028ae:	d3ba      	bcc.n	10002826 <_ntoa_format+0x32>
100028b0:	9b12      	ldr	r3, [sp, #72]	@ 0x48
100028b2:	06db      	lsls	r3, r3, #27
100028b4:	d51e      	bpl.n	100028f4 <_ntoa_format+0x100>
100028b6:	9b12      	ldr	r3, [sp, #72]	@ 0x48
100028b8:	055b      	lsls	r3, r3, #21
100028ba:	d4d8      	bmi.n	1000286e <_ntoa_format+0x7a>
100028bc:	2c00      	cmp	r4, #0
100028be:	d1d2      	bne.n	10002866 <_ntoa_format+0x72>
100028c0:	9b0f      	ldr	r3, [sp, #60]	@ 0x3c
100028c2:	2b10      	cmp	r3, #16
100028c4:	d060      	beq.n	10002988 <_ntoa_format+0x194>
100028c6:	9b0f      	ldr	r3, [sp, #60]	@ 0x3c
100028c8:	2b02      	cmp	r3, #2
100028ca:	d071      	beq.n	100029b0 <_ntoa_format+0x1bc>
100028cc:	2330      	movs	r3, #48	@ 0x30
100028ce:	2401      	movs	r4, #1
100028d0:	9a0c      	ldr	r2, [sp, #48]	@ 0x30
100028d2:	7013      	strb	r3, [r2, #0]
100028d4:	4653      	mov	r3, sl
100028d6:	2b00      	cmp	r3, #0
100028d8:	d111      	bne.n	100028fe <_ntoa_format+0x10a>
100028da:	9b12      	ldr	r3, [sp, #72]	@ 0x48
100028dc:	075b      	lsls	r3, r3, #29
100028de:	d540      	bpl.n	10002962 <_ntoa_format+0x16e>
100028e0:	262b      	movs	r6, #43	@ 0x2b
100028e2:	9a0c      	ldr	r2, [sp, #48]	@ 0x30
100028e4:	1c63      	adds	r3, r4, #1
100028e6:	5516      	strb	r6, [r2, r4]
100028e8:	e7c9      	b.n	1000287e <_ntoa_format+0x8a>
100028ea:	0023      	movs	r3, r4
100028ec:	3401      	adds	r4, #1
100028ee:	2630      	movs	r6, #48	@ 0x30
100028f0:	9a0c      	ldr	r2, [sp, #48]	@ 0x30
100028f2:	54d6      	strb	r6, [r2, r3]
100028f4:	2c20      	cmp	r4, #32
100028f6:	d0c1      	beq.n	1000287c <_ntoa_format+0x88>
100028f8:	4653      	mov	r3, sl
100028fa:	2b00      	cmp	r3, #0
100028fc:	d0ed      	beq.n	100028da <_ntoa_format+0xe6>
100028fe:	262d      	movs	r6, #45	@ 0x2d
10002900:	9a0c      	ldr	r2, [sp, #48]	@ 0x30
10002902:	1c63      	adds	r3, r4, #1
10002904:	5516      	strb	r6, [r2, r4]
10002906:	e7ba      	b.n	1000287e <_ntoa_format+0x8a>
10002908:	2f00      	cmp	r7, #0
1000290a:	d034      	beq.n	10002976 <_ntoa_format+0x182>
1000290c:	3d01      	subs	r5, #1
1000290e:	42b4      	cmp	r4, r6
10002910:	d200      	bcs.n	10002914 <_ntoa_format+0x120>
10002912:	e788      	b.n	10002826 <_ntoa_format+0x32>
10002914:	e795      	b.n	10002842 <_ntoa_format+0x4e>
10002916:	9b0f      	ldr	r3, [sp, #60]	@ 0x3c
10002918:	2b10      	cmp	r3, #16
1000291a:	d1af      	bne.n	1000287c <_ntoa_format+0x88>
1000291c:	9b12      	ldr	r3, [sp, #72]	@ 0x48
1000291e:	069b      	lsls	r3, r3, #26
10002920:	d53c      	bpl.n	1000299c <_ntoa_format+0x1a8>
10002922:	2c20      	cmp	r4, #32
10002924:	d0aa      	beq.n	1000287c <_ntoa_format+0x88>
10002926:	2358      	movs	r3, #88	@ 0x58
10002928:	9a0c      	ldr	r2, [sp, #48]	@ 0x30
1000292a:	5513      	strb	r3, [r2, r4]
1000292c:	3401      	adds	r4, #1
1000292e:	e7a3      	b.n	10002878 <_ntoa_format+0x84>
10002930:	2c20      	cmp	r4, #32
10002932:	d0a3      	beq.n	1000287c <_ntoa_format+0x88>
10002934:	0023      	movs	r3, r4
10002936:	3401      	adds	r4, #1
10002938:	e007      	b.n	1000294a <_ntoa_format+0x156>
1000293a:	1e63      	subs	r3, r4, #1
1000293c:	2c01      	cmp	r4, #1
1000293e:	d0bf      	beq.n	100028c0 <_ntoa_format+0xcc>
10002940:	9a0f      	ldr	r2, [sp, #60]	@ 0x3c
10002942:	2a10      	cmp	r2, #16
10002944:	d036      	beq.n	100029b4 <_ntoa_format+0x1c0>
10002946:	2a02      	cmp	r2, #2
10002948:	d1d1      	bne.n	100028ee <_ntoa_format+0xfa>
1000294a:	2662      	movs	r6, #98	@ 0x62
1000294c:	9a0c      	ldr	r2, [sp, #48]	@ 0x30
1000294e:	54d6      	strb	r6, [r2, r3]
10002950:	e792      	b.n	10002878 <_ntoa_format+0x84>
10002952:	9b12      	ldr	r3, [sp, #72]	@ 0x48
10002954:	06db      	lsls	r3, r3, #27
10002956:	d5cd      	bpl.n	100028f4 <_ntoa_format+0x100>
10002958:	9b12      	ldr	r3, [sp, #72]	@ 0x48
1000295a:	055b      	lsls	r3, r3, #21
1000295c:	d400      	bmi.n	10002960 <_ntoa_format+0x16c>
1000295e:	e782      	b.n	10002866 <_ntoa_format+0x72>
10002960:	e785      	b.n	1000286e <_ntoa_format+0x7a>
10002962:	9a12      	ldr	r2, [sp, #72]	@ 0x48
10002964:	0023      	movs	r3, r4
10002966:	0716      	lsls	r6, r2, #28
10002968:	d400      	bmi.n	1000296c <_ntoa_format+0x178>
1000296a:	e788      	b.n	1000287e <_ntoa_format+0x8a>
1000296c:	2620      	movs	r6, #32
1000296e:	9a0c      	ldr	r2, [sp, #48]	@ 0x30
10002970:	3301      	adds	r3, #1
10002972:	5516      	strb	r6, [r2, r4]
10002974:	e783      	b.n	1000287e <_ntoa_format+0x8a>
10002976:	230c      	movs	r3, #12
10002978:	4013      	ands	r3, r2
1000297a:	1e5f      	subs	r7, r3, #1
1000297c:	41bb      	sbcs	r3, r7
1000297e:	1aed      	subs	r5, r5, r3
10002980:	42b4      	cmp	r4, r6
10002982:	d200      	bcs.n	10002986 <_ntoa_format+0x192>
10002984:	e74f      	b.n	10002826 <_ntoa_format+0x32>
10002986:	e75c      	b.n	10002842 <_ntoa_format+0x4e>
10002988:	9b12      	ldr	r3, [sp, #72]	@ 0x48
1000298a:	069b      	lsls	r3, r3, #26
1000298c:	d40e      	bmi.n	100029ac <_ntoa_format+0x1b8>
1000298e:	2378      	movs	r3, #120	@ 0x78
10002990:	9a0c      	ldr	r2, [sp, #48]	@ 0x30
10002992:	2402      	movs	r4, #2
10002994:	7013      	strb	r3, [r2, #0]
10002996:	2330      	movs	r3, #48	@ 0x30
10002998:	7053      	strb	r3, [r2, #1]
1000299a:	e79b      	b.n	100028d4 <_ntoa_format+0xe0>
1000299c:	2c20      	cmp	r4, #32
1000299e:	d100      	bne.n	100029a2 <_ntoa_format+0x1ae>
100029a0:	e76c      	b.n	1000287c <_ntoa_format+0x88>
100029a2:	2378      	movs	r3, #120	@ 0x78
100029a4:	9a0c      	ldr	r2, [sp, #48]	@ 0x30
100029a6:	5513      	strb	r3, [r2, r4]
100029a8:	3401      	adds	r4, #1
100029aa:	e765      	b.n	10002878 <_ntoa_format+0x84>
100029ac:	2358      	movs	r3, #88	@ 0x58
100029ae:	e7ef      	b.n	10002990 <_ntoa_format+0x19c>
100029b0:	3360      	adds	r3, #96	@ 0x60
100029b2:	e7ed      	b.n	10002990 <_ntoa_format+0x19c>
100029b4:	9a0c      	ldr	r2, [sp, #48]	@ 0x30
100029b6:	1ea6      	subs	r6, r4, #2
100029b8:	18b6      	adds	r6, r6, r2
100029ba:	9a12      	ldr	r2, [sp, #72]	@ 0x48
100029bc:	0692      	lsls	r2, r2, #26
100029be:	d502      	bpl.n	100029c6 <_ntoa_format+0x1d2>
100029c0:	2258      	movs	r2, #88	@ 0x58
100029c2:	7032      	strb	r2, [r6, #0]
100029c4:	e793      	b.n	100028ee <_ntoa_format+0xfa>
100029c6:	2278      	movs	r2, #120	@ 0x78
100029c8:	7032      	strb	r2, [r6, #0]
100029ca:	e790      	b.n	100028ee <_ntoa_format+0xfa>

100029cc <_out_char>:
100029cc:	b510      	push	{r4, lr}
100029ce:	2800      	cmp	r0, #0
100029d0:	d100      	bne.n	100029d4 <_out_char+0x8>
100029d2:	bd10      	pop	{r4, pc}
100029d4:	f001 fbf4 	bl	100041c0 <__wrap_putchar>
100029d8:	e7fb      	b.n	100029d2 <_out_char+0x6>
100029da:	46c0      	nop			@ (mov r8, r8)

100029dc <_out_fct>:
100029dc:	b510      	push	{r4, lr}
100029de:	2800      	cmp	r0, #0
100029e0:	d003      	beq.n	100029ea <_out_fct+0xe>
100029e2:	684a      	ldr	r2, [r1, #4]
100029e4:	680b      	ldr	r3, [r1, #0]
100029e6:	0011      	movs	r1, r2
100029e8:	4798      	blx	r3
100029ea:	bd10      	pop	{r4, pc}

100029ec <_ftoa>:
100029ec:	b5f0      	push	{r4, r5, r6, r7, lr}
100029ee:	464e      	mov	r6, r9
100029f0:	46de      	mov	lr, fp
100029f2:	4657      	mov	r7, sl
100029f4:	4645      	mov	r5, r8
100029f6:	b5e0      	push	{r5, r6, r7, lr}
100029f8:	b095      	sub	sp, #84	@ 0x54
100029fa:	4683      	mov	fp, r0
100029fc:	4689      	mov	r9, r1
100029fe:	4692      	mov	sl, r2
10002a00:	4698      	mov	r8, r3
10002a02:	9a1e      	ldr	r2, [sp, #120]	@ 0x78
10002a04:	9b1f      	ldr	r3, [sp, #124]	@ 0x7c
10002a06:	0010      	movs	r0, r2
10002a08:	0019      	movs	r1, r3
10002a0a:	9e20      	ldr	r6, [sp, #128]	@ 0x80
10002a0c:	f7ff fac9 	bl	10001fa2 <__wrap___aeabi_dcmpun>
10002a10:	2800      	cmp	r0, #0
10002a12:	d000      	beq.n	10002a16 <_ftoa+0x2a>
10002a14:	e1d2      	b.n	10002dbc <_ftoa+0x3d0>
10002a16:	981e      	ldr	r0, [sp, #120]	@ 0x78
10002a18:	991f      	ldr	r1, [sp, #124]	@ 0x7c
10002a1a:	2201      	movs	r2, #1
10002a1c:	4bc4      	ldr	r3, [pc, #784]	@ (10002d30 <_ftoa+0x344>)
10002a1e:	4252      	negs	r2, r2
10002a20:	f7ff faa4 	bl	10001f6c <__wrap___aeabi_dcmplt>
10002a24:	2800      	cmp	r0, #0
10002a26:	d000      	beq.n	10002a2a <_ftoa+0x3e>
10002a28:	e101      	b.n	10002c2e <_ftoa+0x242>
10002a2a:	981e      	ldr	r0, [sp, #120]	@ 0x78
10002a2c:	991f      	ldr	r1, [sp, #124]	@ 0x7c
10002a2e:	2201      	movs	r2, #1
10002a30:	4bc0      	ldr	r3, [pc, #768]	@ (10002d34 <_ftoa+0x348>)
10002a32:	4252      	negs	r2, r2
10002a34:	f7ff fab0 	bl	10001f98 <__wrap___aeabi_dcmpgt>
10002a38:	2800      	cmp	r0, #0
10002a3a:	d000      	beq.n	10002a3e <_ftoa+0x52>
10002a3c:	e0d6      	b.n	10002bec <_ftoa+0x200>
10002a3e:	981e      	ldr	r0, [sp, #120]	@ 0x78
10002a40:	991f      	ldr	r1, [sp, #124]	@ 0x7c
10002a42:	2200      	movs	r2, #0
10002a44:	4bbc      	ldr	r3, [pc, #752]	@ (10002d38 <_ftoa+0x34c>)
10002a46:	f7ff faa7 	bl	10001f98 <__wrap___aeabi_dcmpgt>
10002a4a:	2800      	cmp	r0, #0
10002a4c:	d000      	beq.n	10002a50 <_ftoa+0x64>
10002a4e:	e0b5      	b.n	10002bbc <_ftoa+0x1d0>
10002a50:	981e      	ldr	r0, [sp, #120]	@ 0x78
10002a52:	991f      	ldr	r1, [sp, #124]	@ 0x7c
10002a54:	2200      	movs	r2, #0
10002a56:	4bb9      	ldr	r3, [pc, #740]	@ (10002d3c <_ftoa+0x350>)
10002a58:	f7ff fa88 	bl	10001f6c <__wrap___aeabi_dcmplt>
10002a5c:	2800      	cmp	r0, #0
10002a5e:	d000      	beq.n	10002a62 <_ftoa+0x76>
10002a60:	e0ac      	b.n	10002bbc <_ftoa+0x1d0>
10002a62:	981e      	ldr	r0, [sp, #120]	@ 0x78
10002a64:	991f      	ldr	r1, [sp, #124]	@ 0x7c
10002a66:	2200      	movs	r2, #0
10002a68:	2300      	movs	r3, #0
10002a6a:	f7ff fa7f 	bl	10001f6c <__wrap___aeabi_dcmplt>
10002a6e:	2800      	cmp	r0, #0
10002a70:	d000      	beq.n	10002a74 <_ftoa+0x88>
10002a72:	e0d1      	b.n	10002c18 <_ftoa+0x22c>
10002a74:	2300      	movs	r3, #0
10002a76:	930b      	str	r3, [sp, #44]	@ 0x2c
10002a78:	9b22      	ldr	r3, [sp, #136]	@ 0x88
10002a7a:	055b      	lsls	r3, r3, #21
10002a7c:	d400      	bmi.n	10002a80 <_ftoa+0x94>
10002a7e:	2606      	movs	r6, #6
10002a80:	2400      	movs	r4, #0
10002a82:	2330      	movs	r3, #48	@ 0x30
10002a84:	e006      	b.n	10002a94 <_ftoa+0xa8>
10002a86:	aa06      	add	r2, sp, #24
10002a88:	3401      	adds	r4, #1
10002a8a:	3217      	adds	r2, #23
10002a8c:	5513      	strb	r3, [r2, r4]
10002a8e:	3e01      	subs	r6, #1
10002a90:	2c20      	cmp	r4, #32
10002a92:	d001      	beq.n	10002a98 <_ftoa+0xac>
10002a94:	2e09      	cmp	r6, #9
10002a96:	d8f6      	bhi.n	10002a86 <_ftoa+0x9a>
10002a98:	981e      	ldr	r0, [sp, #120]	@ 0x78
10002a9a:	991f      	ldr	r1, [sp, #124]	@ 0x7c
10002a9c:	f7ff faaa 	bl	10001ff4 <__wrap___aeabi_d2iz>
10002aa0:	4ba7      	ldr	r3, [pc, #668]	@ (10002d40 <_ftoa+0x354>)
10002aa2:	00f2      	lsls	r2, r6, #3
10002aa4:	189b      	adds	r3, r3, r2
10002aa6:	cb0c      	ldmia	r3, {r2, r3}
10002aa8:	0005      	movs	r5, r0
10002aaa:	9208      	str	r2, [sp, #32]
10002aac:	9309      	str	r3, [sp, #36]	@ 0x24
10002aae:	f7ff fa89 	bl	10001fc4 <__wrap___aeabi_i2d>
10002ab2:	0002      	movs	r2, r0
10002ab4:	000b      	movs	r3, r1
10002ab6:	981e      	ldr	r0, [sp, #120]	@ 0x78
10002ab8:	991f      	ldr	r1, [sp, #124]	@ 0x7c
10002aba:	f7ff f9e4 	bl	10001e86 <__wrap___aeabi_dsub>
10002abe:	9a08      	ldr	r2, [sp, #32]
10002ac0:	9b09      	ldr	r3, [sp, #36]	@ 0x24
10002ac2:	f7ff fa10 	bl	10001ee6 <__wrap___aeabi_dmul>
10002ac6:	9006      	str	r0, [sp, #24]
10002ac8:	9107      	str	r1, [sp, #28]
10002aca:	f7ff fab7 	bl	1000203c <__wrap___aeabi_d2uiz>
10002ace:	0007      	movs	r7, r0
10002ad0:	f7ff fa74 	bl	10001fbc <__wrap___aeabi_ui2d>
10002ad4:	0002      	movs	r2, r0
10002ad6:	000b      	movs	r3, r1
10002ad8:	9806      	ldr	r0, [sp, #24]
10002ada:	9907      	ldr	r1, [sp, #28]
10002adc:	f7ff f9d3 	bl	10001e86 <__wrap___aeabi_dsub>
10002ae0:	2200      	movs	r2, #0
10002ae2:	4b98      	ldr	r3, [pc, #608]	@ (10002d44 <_ftoa+0x358>)
10002ae4:	9006      	str	r0, [sp, #24]
10002ae6:	9107      	str	r1, [sp, #28]
10002ae8:	f7ff fa56 	bl	10001f98 <__wrap___aeabi_dcmpgt>
10002aec:	2800      	cmp	r0, #0
10002aee:	d100      	bne.n	10002af2 <_ftoa+0x106>
10002af0:	e0e9      	b.n	10002cc6 <_ftoa+0x2da>
10002af2:	3701      	adds	r7, #1
10002af4:	0038      	movs	r0, r7
10002af6:	f7ff fa61 	bl	10001fbc <__wrap___aeabi_ui2d>
10002afa:	0002      	movs	r2, r0
10002afc:	000b      	movs	r3, r1
10002afe:	9808      	ldr	r0, [sp, #32]
10002b00:	9909      	ldr	r1, [sp, #36]	@ 0x24
10002b02:	f7ff fa39 	bl	10001f78 <__wrap___aeabi_dcmple>
10002b06:	2800      	cmp	r0, #0
10002b08:	d001      	beq.n	10002b0e <_ftoa+0x122>
10002b0a:	2700      	movs	r7, #0
10002b0c:	3501      	adds	r5, #1
10002b0e:	2e00      	cmp	r6, #0
10002b10:	d100      	bne.n	10002b14 <_ftoa+0x128>
10002b12:	e0b7      	b.n	10002c84 <_ftoa+0x298>
10002b14:	9506      	str	r5, [sp, #24]
10002b16:	e013      	b.n	10002b40 <_ftoa+0x154>
10002b18:	2317      	movs	r3, #23
10002b1a:	aa06      	add	r2, sp, #24
10002b1c:	189b      	adds	r3, r3, r2
10002b1e:	210a      	movs	r1, #10
10002b20:	0038      	movs	r0, r7
10002b22:	3401      	adds	r4, #1
10002b24:	191d      	adds	r5, r3, r4
10002b26:	f7fe ff73 	bl	10001a10 <__wrap___aeabi_uidiv>
10002b2a:	3130      	adds	r1, #48	@ 0x30
10002b2c:	7029      	strb	r1, [r5, #0]
10002b2e:	0038      	movs	r0, r7
10002b30:	210a      	movs	r1, #10
10002b32:	3e01      	subs	r6, #1
10002b34:	f7fe ff6c 	bl	10001a10 <__wrap___aeabi_uidiv>
10002b38:	2f09      	cmp	r7, #9
10002b3a:	d800      	bhi.n	10002b3e <_ftoa+0x152>
10002b3c:	e0e1      	b.n	10002d02 <_ftoa+0x316>
10002b3e:	0007      	movs	r7, r0
10002b40:	2c20      	cmp	r4, #32
10002b42:	d1e9      	bne.n	10002b18 <_ftoa+0x12c>
10002b44:	9d06      	ldr	r5, [sp, #24]
10002b46:	2420      	movs	r4, #32
10002b48:	ab0c      	add	r3, sp, #48	@ 0x30
10002b4a:	9306      	str	r3, [sp, #24]
10002b4c:	2717      	movs	r7, #23
10002b4e:	ab06      	add	r3, sp, #24
10002b50:	18ff      	adds	r7, r7, r3
10002b52:	e00d      	b.n	10002b70 <_ftoa+0x184>
10002b54:	0028      	movs	r0, r5
10002b56:	210a      	movs	r1, #10
10002b58:	f7fe ff32 	bl	100019c0 <__wrap___aeabi_idiv>
10002b5c:	3401      	adds	r4, #1
10002b5e:	3130      	adds	r1, #48	@ 0x30
10002b60:	0028      	movs	r0, r5
10002b62:	5539      	strb	r1, [r7, r4]
10002b64:	210a      	movs	r1, #10
10002b66:	f7fe ff2b 	bl	100019c0 <__wrap___aeabi_idiv>
10002b6a:	1e05      	subs	r5, r0, #0
10002b6c:	d100      	bne.n	10002b70 <_ftoa+0x184>
10002b6e:	e0b7      	b.n	10002ce0 <_ftoa+0x2f4>
10002b70:	2c20      	cmp	r4, #32
10002b72:	d1ef      	bne.n	10002b54 <_ftoa+0x168>
10002b74:	2303      	movs	r3, #3
10002b76:	9a22      	ldr	r2, [sp, #136]	@ 0x88
10002b78:	4013      	ands	r3, r2
10002b7a:	2b01      	cmp	r3, #1
10002b7c:	d117      	bne.n	10002bae <_ftoa+0x1c2>
10002b7e:	9b21      	ldr	r3, [sp, #132]	@ 0x84
10002b80:	2b00      	cmp	r3, #0
10002b82:	d014      	beq.n	10002bae <_ftoa+0x1c2>
10002b84:	9b0b      	ldr	r3, [sp, #44]	@ 0x2c
10002b86:	2b00      	cmp	r3, #0
10002b88:	d100      	bne.n	10002b8c <_ftoa+0x1a0>
10002b8a:	e0e3      	b.n	10002d54 <_ftoa+0x368>
10002b8c:	9b21      	ldr	r3, [sp, #132]	@ 0x84
10002b8e:	3b01      	subs	r3, #1
10002b90:	9321      	str	r3, [sp, #132]	@ 0x84
10002b92:	2b20      	cmp	r3, #32
10002b94:	d90b      	bls.n	10002bae <_ftoa+0x1c2>
10002b96:	2330      	movs	r3, #48	@ 0x30
10002b98:	9a21      	ldr	r2, [sp, #132]	@ 0x84
10002b9a:	e006      	b.n	10002baa <_ftoa+0x1be>
10002b9c:	a906      	add	r1, sp, #24
10002b9e:	3401      	adds	r4, #1
10002ba0:	3117      	adds	r1, #23
10002ba2:	550b      	strb	r3, [r1, r4]
10002ba4:	4294      	cmp	r4, r2
10002ba6:	d300      	bcc.n	10002baa <_ftoa+0x1be>
10002ba8:	e0a0      	b.n	10002cec <_ftoa+0x300>
10002baa:	2c20      	cmp	r4, #32
10002bac:	d1f6      	bne.n	10002b9c <_ftoa+0x1b0>
10002bae:	9b22      	ldr	r3, [sp, #136]	@ 0x88
10002bb0:	9401      	str	r4, [sp, #4]
10002bb2:	9303      	str	r3, [sp, #12]
10002bb4:	9b21      	ldr	r3, [sp, #132]	@ 0x84
10002bb6:	9302      	str	r3, [sp, #8]
10002bb8:	9b06      	ldr	r3, [sp, #24]
10002bba:	e021      	b.n	10002c00 <_ftoa+0x214>
10002bbc:	9b22      	ldr	r3, [sp, #136]	@ 0x88
10002bbe:	4652      	mov	r2, sl
10002bc0:	9304      	str	r3, [sp, #16]
10002bc2:	9b21      	ldr	r3, [sp, #132]	@ 0x84
10002bc4:	4649      	mov	r1, r9
10002bc6:	9303      	str	r3, [sp, #12]
10002bc8:	4658      	mov	r0, fp
10002bca:	9b1e      	ldr	r3, [sp, #120]	@ 0x78
10002bcc:	9c1f      	ldr	r4, [sp, #124]	@ 0x7c
10002bce:	9602      	str	r6, [sp, #8]
10002bd0:	9300      	str	r3, [sp, #0]
10002bd2:	9401      	str	r4, [sp, #4]
10002bd4:	4643      	mov	r3, r8
10002bd6:	f000 f943 	bl	10002e60 <_etoa>
10002bda:	0004      	movs	r4, r0
10002bdc:	0020      	movs	r0, r4
10002bde:	b015      	add	sp, #84	@ 0x54
10002be0:	bcf0      	pop	{r4, r5, r6, r7}
10002be2:	46bb      	mov	fp, r7
10002be4:	46b2      	mov	sl, r6
10002be6:	46a9      	mov	r9, r5
10002be8:	46a0      	mov	r8, r4
10002bea:	bdf0      	pop	{r4, r5, r6, r7, pc}
10002bec:	9b22      	ldr	r3, [sp, #136]	@ 0x88
10002bee:	075b      	lsls	r3, r3, #29
10002bf0:	d40f      	bmi.n	10002c12 <_ftoa+0x226>
10002bf2:	2203      	movs	r2, #3
10002bf4:	4b54      	ldr	r3, [pc, #336]	@ (10002d48 <_ftoa+0x35c>)
10002bf6:	9922      	ldr	r1, [sp, #136]	@ 0x88
10002bf8:	9201      	str	r2, [sp, #4]
10002bfa:	9103      	str	r1, [sp, #12]
10002bfc:	9921      	ldr	r1, [sp, #132]	@ 0x84
10002bfe:	9102      	str	r1, [sp, #8]
10002c00:	9300      	str	r3, [sp, #0]
10002c02:	4652      	mov	r2, sl
10002c04:	4643      	mov	r3, r8
10002c06:	4649      	mov	r1, r9
10002c08:	4658      	mov	r0, fp
10002c0a:	f7ff fd9f 	bl	1000274c <_out_rev>
10002c0e:	0004      	movs	r4, r0
10002c10:	e7e4      	b.n	10002bdc <_ftoa+0x1f0>
10002c12:	2204      	movs	r2, #4
10002c14:	4b4d      	ldr	r3, [pc, #308]	@ (10002d4c <_ftoa+0x360>)
10002c16:	e7ee      	b.n	10002bf6 <_ftoa+0x20a>
10002c18:	9a1e      	ldr	r2, [sp, #120]	@ 0x78
10002c1a:	9b1f      	ldr	r3, [sp, #124]	@ 0x7c
10002c1c:	2000      	movs	r0, #0
10002c1e:	2100      	movs	r1, #0
10002c20:	f7ff f931 	bl	10001e86 <__wrap___aeabi_dsub>
10002c24:	2301      	movs	r3, #1
10002c26:	901e      	str	r0, [sp, #120]	@ 0x78
10002c28:	911f      	str	r1, [sp, #124]	@ 0x7c
10002c2a:	930b      	str	r3, [sp, #44]	@ 0x2c
10002c2c:	e724      	b.n	10002a78 <_ftoa+0x8c>
10002c2e:	2302      	movs	r3, #2
10002c30:	9a22      	ldr	r2, [sp, #136]	@ 0x88
10002c32:	4654      	mov	r4, sl
10002c34:	401a      	ands	r2, r3
10002c36:	9b22      	ldr	r3, [sp, #136]	@ 0x88
10002c38:	9206      	str	r2, [sp, #24]
10002c3a:	079b      	lsls	r3, r3, #30
10002c3c:	d100      	bne.n	10002c40 <_ftoa+0x254>
10002c3e:	e0ac      	b.n	10002d9a <_ftoa+0x3ae>
10002c40:	0026      	movs	r6, r4
10002c42:	4d43      	ldr	r5, [pc, #268]	@ (10002d50 <_ftoa+0x364>)
10002c44:	9408      	str	r4, [sp, #32]
10002c46:	1f2f      	subs	r7, r5, #4
10002c48:	0032      	movs	r2, r6
10002c4a:	78e8      	ldrb	r0, [r5, #3]
10002c4c:	4643      	mov	r3, r8
10002c4e:	4649      	mov	r1, r9
10002c50:	3d01      	subs	r5, #1
10002c52:	47d8      	blx	fp
10002c54:	3601      	adds	r6, #1
10002c56:	42bd      	cmp	r5, r7
10002c58:	d1f6      	bne.n	10002c48 <_ftoa+0x25c>
10002c5a:	9c08      	ldr	r4, [sp, #32]
10002c5c:	9b06      	ldr	r3, [sp, #24]
10002c5e:	3404      	adds	r4, #4
10002c60:	2b00      	cmp	r3, #0
10002c62:	d0bb      	beq.n	10002bdc <_ftoa+0x1f0>
10002c64:	4657      	mov	r7, sl
10002c66:	9a21      	ldr	r2, [sp, #132]	@ 0x84
10002c68:	1be3      	subs	r3, r4, r7
10002c6a:	429a      	cmp	r2, r3
10002c6c:	d9b6      	bls.n	10002bdc <_ftoa+0x1f0>
10002c6e:	0015      	movs	r5, r2
10002c70:	0022      	movs	r2, r4
10002c72:	4643      	mov	r3, r8
10002c74:	4649      	mov	r1, r9
10002c76:	2020      	movs	r0, #32
10002c78:	3401      	adds	r4, #1
10002c7a:	47d8      	blx	fp
10002c7c:	1be3      	subs	r3, r4, r7
10002c7e:	42ab      	cmp	r3, r5
10002c80:	d3f6      	bcc.n	10002c70 <_ftoa+0x284>
10002c82:	e7ab      	b.n	10002bdc <_ftoa+0x1f0>
10002c84:	0028      	movs	r0, r5
10002c86:	f7ff f99d 	bl	10001fc4 <__wrap___aeabi_i2d>
10002c8a:	0002      	movs	r2, r0
10002c8c:	000b      	movs	r3, r1
10002c8e:	981e      	ldr	r0, [sp, #120]	@ 0x78
10002c90:	991f      	ldr	r1, [sp, #124]	@ 0x7c
10002c92:	f7ff f8f8 	bl	10001e86 <__wrap___aeabi_dsub>
10002c96:	4b2b      	ldr	r3, [pc, #172]	@ (10002d44 <_ftoa+0x358>)
10002c98:	2200      	movs	r2, #0
10002c9a:	0006      	movs	r6, r0
10002c9c:	000f      	movs	r7, r1
10002c9e:	f7ff f965 	bl	10001f6c <__wrap___aeabi_dcmplt>
10002ca2:	ab0c      	add	r3, sp, #48	@ 0x30
10002ca4:	9306      	str	r3, [sp, #24]
10002ca6:	2800      	cmp	r0, #0
10002ca8:	d000      	beq.n	10002cac <_ftoa+0x2c0>
10002caa:	e74f      	b.n	10002b4c <_ftoa+0x160>
10002cac:	2200      	movs	r2, #0
10002cae:	0030      	movs	r0, r6
10002cb0:	0039      	movs	r1, r7
10002cb2:	4b24      	ldr	r3, [pc, #144]	@ (10002d44 <_ftoa+0x358>)
10002cb4:	f7ff f970 	bl	10001f98 <__wrap___aeabi_dcmpgt>
10002cb8:	2800      	cmp	r0, #0
10002cba:	d000      	beq.n	10002cbe <_ftoa+0x2d2>
10002cbc:	e746      	b.n	10002b4c <_ftoa+0x160>
10002cbe:	2301      	movs	r3, #1
10002cc0:	3501      	adds	r5, #1
10002cc2:	439d      	bics	r5, r3
10002cc4:	e742      	b.n	10002b4c <_ftoa+0x160>
10002cc6:	2200      	movs	r2, #0
10002cc8:	9806      	ldr	r0, [sp, #24]
10002cca:	9907      	ldr	r1, [sp, #28]
10002ccc:	4b1d      	ldr	r3, [pc, #116]	@ (10002d44 <_ftoa+0x358>)
10002cce:	f7ff f94d 	bl	10001f6c <__wrap___aeabi_dcmplt>
10002cd2:	2800      	cmp	r0, #0
10002cd4:	d000      	beq.n	10002cd8 <_ftoa+0x2ec>
10002cd6:	e71a      	b.n	10002b0e <_ftoa+0x122>
10002cd8:	2f00      	cmp	r7, #0
10002cda:	d159      	bne.n	10002d90 <_ftoa+0x3a4>
10002cdc:	3701      	adds	r7, #1
10002cde:	e716      	b.n	10002b0e <_ftoa+0x122>
10002ce0:	2303      	movs	r3, #3
10002ce2:	9a22      	ldr	r2, [sp, #136]	@ 0x88
10002ce4:	4013      	ands	r3, r2
10002ce6:	2b01      	cmp	r3, #1
10002ce8:	d100      	bne.n	10002cec <_ftoa+0x300>
10002cea:	e0a6      	b.n	10002e3a <_ftoa+0x44e>
10002cec:	2c20      	cmp	r4, #32
10002cee:	d100      	bne.n	10002cf2 <_ftoa+0x306>
10002cf0:	e75d      	b.n	10002bae <_ftoa+0x1c2>
10002cf2:	9b0b      	ldr	r3, [sp, #44]	@ 0x2c
10002cf4:	2b00      	cmp	r3, #0
10002cf6:	d03a      	beq.n	10002d6e <_ftoa+0x382>
10002cf8:	232d      	movs	r3, #45	@ 0x2d
10002cfa:	9a06      	ldr	r2, [sp, #24]
10002cfc:	5513      	strb	r3, [r2, r4]
10002cfe:	3401      	adds	r4, #1
10002d00:	e755      	b.n	10002bae <_ftoa+0x1c2>
10002d02:	9d06      	ldr	r5, [sp, #24]
10002d04:	2c20      	cmp	r4, #32
10002d06:	d100      	bne.n	10002d0a <_ftoa+0x31e>
10002d08:	e71d      	b.n	10002b46 <_ftoa+0x15a>
10002d0a:	2330      	movs	r3, #48	@ 0x30
10002d0c:	1936      	adds	r6, r6, r4
10002d0e:	e006      	b.n	10002d1e <_ftoa+0x332>
10002d10:	aa06      	add	r2, sp, #24
10002d12:	3401      	adds	r4, #1
10002d14:	3217      	adds	r2, #23
10002d16:	5513      	strb	r3, [r2, r4]
10002d18:	2c20      	cmp	r4, #32
10002d1a:	d100      	bne.n	10002d1e <_ftoa+0x332>
10002d1c:	e713      	b.n	10002b46 <_ftoa+0x15a>
10002d1e:	42a6      	cmp	r6, r4
10002d20:	d1f6      	bne.n	10002d10 <_ftoa+0x324>
10002d22:	232e      	movs	r3, #46	@ 0x2e
10002d24:	aa0c      	add	r2, sp, #48	@ 0x30
10002d26:	3401      	adds	r4, #1
10002d28:	9206      	str	r2, [sp, #24]
10002d2a:	5593      	strb	r3, [r2, r6]
10002d2c:	e70e      	b.n	10002b4c <_ftoa+0x160>
10002d2e:	46c0      	nop			@ (mov r8, r8)
10002d30:	ffefffff 	.word	0xffefffff
10002d34:	7fefffff 	.word	0x7fefffff
10002d38:	41cdcd65 	.word	0x41cdcd65
10002d3c:	c1cdcd65 	.word	0xc1cdcd65
10002d40:	10006d08 	.word	0x10006d08
10002d44:	3fe00000 	.word	0x3fe00000
10002d48:	10006a10 	.word	0x10006a10
10002d4c:	10006a08 	.word	0x10006a08
10002d50:	10006a18 	.word	0x10006a18
10002d54:	230c      	movs	r3, #12
10002d56:	9a22      	ldr	r2, [sp, #136]	@ 0x88
10002d58:	4213      	tst	r3, r2
10002d5a:	d057      	beq.n	10002e0c <_ftoa+0x420>
10002d5c:	9b21      	ldr	r3, [sp, #132]	@ 0x84
10002d5e:	3b01      	subs	r3, #1
10002d60:	9321      	str	r3, [sp, #132]	@ 0x84
10002d62:	42a3      	cmp	r3, r4
10002d64:	d900      	bls.n	10002d68 <_ftoa+0x37c>
10002d66:	e716      	b.n	10002b96 <_ftoa+0x1aa>
10002d68:	2c20      	cmp	r4, #32
10002d6a:	d100      	bne.n	10002d6e <_ftoa+0x382>
10002d6c:	e71f      	b.n	10002bae <_ftoa+0x1c2>
10002d6e:	9b22      	ldr	r3, [sp, #136]	@ 0x88
10002d70:	075b      	lsls	r3, r3, #29
10002d72:	d504      	bpl.n	10002d7e <_ftoa+0x392>
10002d74:	232b      	movs	r3, #43	@ 0x2b
10002d76:	9a06      	ldr	r2, [sp, #24]
10002d78:	5513      	strb	r3, [r2, r4]
10002d7a:	3401      	adds	r4, #1
10002d7c:	e717      	b.n	10002bae <_ftoa+0x1c2>
10002d7e:	9b22      	ldr	r3, [sp, #136]	@ 0x88
10002d80:	071b      	lsls	r3, r3, #28
10002d82:	d400      	bmi.n	10002d86 <_ftoa+0x39a>
10002d84:	e713      	b.n	10002bae <_ftoa+0x1c2>
10002d86:	2320      	movs	r3, #32
10002d88:	9a06      	ldr	r2, [sp, #24]
10002d8a:	5513      	strb	r3, [r2, r4]
10002d8c:	3401      	adds	r4, #1
10002d8e:	e70e      	b.n	10002bae <_ftoa+0x1c2>
10002d90:	07fb      	lsls	r3, r7, #31
10002d92:	d400      	bmi.n	10002d96 <_ftoa+0x3aa>
10002d94:	e6bb      	b.n	10002b0e <_ftoa+0x122>
10002d96:	3701      	adds	r7, #1
10002d98:	e6b9      	b.n	10002b0e <_ftoa+0x122>
10002d9a:	9b21      	ldr	r3, [sp, #132]	@ 0x84
10002d9c:	2b04      	cmp	r3, #4
10002d9e:	d800      	bhi.n	10002da2 <_ftoa+0x3b6>
10002da0:	e74e      	b.n	10002c40 <_ftoa+0x254>
10002da2:	4655      	mov	r5, sl
10002da4:	464f      	mov	r7, r9
10002da6:	3c04      	subs	r4, #4
10002da8:	18e4      	adds	r4, r4, r3
10002daa:	002a      	movs	r2, r5
10002dac:	4643      	mov	r3, r8
10002dae:	3501      	adds	r5, #1
10002db0:	0039      	movs	r1, r7
10002db2:	2020      	movs	r0, #32
10002db4:	47d8      	blx	fp
10002db6:	42ac      	cmp	r4, r5
10002db8:	d1f7      	bne.n	10002daa <_ftoa+0x3be>
10002dba:	e741      	b.n	10002c40 <_ftoa+0x254>
10002dbc:	2702      	movs	r7, #2
10002dbe:	9b22      	ldr	r3, [sp, #136]	@ 0x88
10002dc0:	4655      	mov	r5, sl
10002dc2:	401f      	ands	r7, r3
10002dc4:	079b      	lsls	r3, r3, #30
10002dc6:	d026      	beq.n	10002e16 <_ftoa+0x42a>
10002dc8:	9706      	str	r7, [sp, #24]
10002dca:	465f      	mov	r7, fp
10002dcc:	4e23      	ldr	r6, [pc, #140]	@ (10002e5c <_ftoa+0x470>)
10002dce:	1cec      	adds	r4, r5, #3
10002dd0:	002a      	movs	r2, r5
10002dd2:	78b0      	ldrb	r0, [r6, #2]
10002dd4:	4643      	mov	r3, r8
10002dd6:	4649      	mov	r1, r9
10002dd8:	3501      	adds	r5, #1
10002dda:	47b8      	blx	r7
10002ddc:	3e01      	subs	r6, #1
10002dde:	42ac      	cmp	r4, r5
10002de0:	d1f6      	bne.n	10002dd0 <_ftoa+0x3e4>
10002de2:	9f06      	ldr	r7, [sp, #24]
10002de4:	2f00      	cmp	r7, #0
10002de6:	d100      	bne.n	10002dea <_ftoa+0x3fe>
10002de8:	e6f8      	b.n	10002bdc <_ftoa+0x1f0>
10002dea:	4657      	mov	r7, sl
10002dec:	9a21      	ldr	r2, [sp, #132]	@ 0x84
10002dee:	1be3      	subs	r3, r4, r7
10002df0:	429a      	cmp	r2, r3
10002df2:	d800      	bhi.n	10002df6 <_ftoa+0x40a>
10002df4:	e6f2      	b.n	10002bdc <_ftoa+0x1f0>
10002df6:	0015      	movs	r5, r2
10002df8:	0022      	movs	r2, r4
10002dfa:	4643      	mov	r3, r8
10002dfc:	4649      	mov	r1, r9
10002dfe:	2020      	movs	r0, #32
10002e00:	3401      	adds	r4, #1
10002e02:	47d8      	blx	fp
10002e04:	1be3      	subs	r3, r4, r7
10002e06:	42ab      	cmp	r3, r5
10002e08:	d3f6      	bcc.n	10002df8 <_ftoa+0x40c>
10002e0a:	e6e7      	b.n	10002bdc <_ftoa+0x1f0>
10002e0c:	9b21      	ldr	r3, [sp, #132]	@ 0x84
10002e0e:	42a3      	cmp	r3, r4
10002e10:	d900      	bls.n	10002e14 <_ftoa+0x428>
10002e12:	e6c0      	b.n	10002b96 <_ftoa+0x1aa>
10002e14:	e6cb      	b.n	10002bae <_ftoa+0x1c2>
10002e16:	9b21      	ldr	r3, [sp, #132]	@ 0x84
10002e18:	2b03      	cmp	r3, #3
10002e1a:	d9d5      	bls.n	10002dc8 <_ftoa+0x3dc>
10002e1c:	9706      	str	r7, [sp, #24]
10002e1e:	4654      	mov	r4, sl
10002e20:	464f      	mov	r7, r9
10002e22:	3d03      	subs	r5, #3
10002e24:	18ed      	adds	r5, r5, r3
10002e26:	0022      	movs	r2, r4
10002e28:	4643      	mov	r3, r8
10002e2a:	3401      	adds	r4, #1
10002e2c:	0039      	movs	r1, r7
10002e2e:	2020      	movs	r0, #32
10002e30:	47d8      	blx	fp
10002e32:	42a5      	cmp	r5, r4
10002e34:	d1f7      	bne.n	10002e26 <_ftoa+0x43a>
10002e36:	9f06      	ldr	r7, [sp, #24]
10002e38:	e7c6      	b.n	10002dc8 <_ftoa+0x3dc>
10002e3a:	9b21      	ldr	r3, [sp, #132]	@ 0x84
10002e3c:	2b00      	cmp	r3, #0
10002e3e:	d100      	bne.n	10002e42 <_ftoa+0x456>
10002e40:	e754      	b.n	10002cec <_ftoa+0x300>
10002e42:	9b0b      	ldr	r3, [sp, #44]	@ 0x2c
10002e44:	2b00      	cmp	r3, #0
10002e46:	d085      	beq.n	10002d54 <_ftoa+0x368>
10002e48:	9b21      	ldr	r3, [sp, #132]	@ 0x84
10002e4a:	3b01      	subs	r3, #1
10002e4c:	9321      	str	r3, [sp, #132]	@ 0x84
10002e4e:	429c      	cmp	r4, r3
10002e50:	d200      	bcs.n	10002e54 <_ftoa+0x468>
10002e52:	e6a0      	b.n	10002b96 <_ftoa+0x1aa>
10002e54:	2c20      	cmp	r4, #32
10002e56:	d000      	beq.n	10002e5a <_ftoa+0x46e>
10002e58:	e74e      	b.n	10002cf8 <_ftoa+0x30c>
10002e5a:	e6a8      	b.n	10002bae <_ftoa+0x1c2>
10002e5c:	10006a14 	.word	0x10006a14

10002e60 <_etoa>:
10002e60:	b5f0      	push	{r4, r5, r6, r7, lr}
10002e62:	4645      	mov	r5, r8
10002e64:	46de      	mov	lr, fp
10002e66:	4657      	mov	r7, sl
10002e68:	464e      	mov	r6, r9
10002e6a:	b5e0      	push	{r5, r6, r7, lr}
10002e6c:	b09b      	sub	sp, #108	@ 0x6c
10002e6e:	9c24      	ldr	r4, [sp, #144]	@ 0x90
10002e70:	9d25      	ldr	r5, [sp, #148]	@ 0x94
10002e72:	4682      	mov	sl, r0
10002e74:	4688      	mov	r8, r1
10002e76:	4693      	mov	fp, r2
10002e78:	4699      	mov	r9, r3
10002e7a:	0022      	movs	r2, r4
10002e7c:	002b      	movs	r3, r5
10002e7e:	0020      	movs	r0, r4
10002e80:	0029      	movs	r1, r5
10002e82:	f7ff f88e 	bl	10001fa2 <__wrap___aeabi_dcmpun>
10002e86:	2800      	cmp	r0, #0
10002e88:	d000      	beq.n	10002e8c <_etoa+0x2c>
10002e8a:	e0c1      	b.n	10003010 <_etoa+0x1b0>
10002e8c:	2201      	movs	r2, #1
10002e8e:	0020      	movs	r0, r4
10002e90:	0029      	movs	r1, r5
10002e92:	4b7c      	ldr	r3, [pc, #496]	@ (10003084 <_etoa+0x224>)
10002e94:	4252      	negs	r2, r2
10002e96:	f7ff f87f 	bl	10001f98 <__wrap___aeabi_dcmpgt>
10002e9a:	2800      	cmp	r0, #0
10002e9c:	d000      	beq.n	10002ea0 <_etoa+0x40>
10002e9e:	e0b7      	b.n	10003010 <_etoa+0x1b0>
10002ea0:	2201      	movs	r2, #1
10002ea2:	0020      	movs	r0, r4
10002ea4:	0029      	movs	r1, r5
10002ea6:	4b78      	ldr	r3, [pc, #480]	@ (10003088 <_etoa+0x228>)
10002ea8:	4252      	negs	r2, r2
10002eaa:	f7ff f85f 	bl	10001f6c <__wrap___aeabi_dcmplt>
10002eae:	2800      	cmp	r0, #0
10002eb0:	d000      	beq.n	10002eb4 <_etoa+0x54>
10002eb2:	e0ad      	b.n	10003010 <_etoa+0x1b0>
10002eb4:	2200      	movs	r2, #0
10002eb6:	2300      	movs	r3, #0
10002eb8:	0020      	movs	r0, r4
10002eba:	0029      	movs	r1, r5
10002ebc:	f7ff f856 	bl	10001f6c <__wrap___aeabi_dcmplt>
10002ec0:	2800      	cmp	r0, #0
10002ec2:	d000      	beq.n	10002ec6 <_etoa+0x66>
10002ec4:	e1bb      	b.n	1000323e <_etoa+0x3de>
10002ec6:	9408      	str	r4, [sp, #32]
10002ec8:	9509      	str	r5, [sp, #36]	@ 0x24
10002eca:	9808      	ldr	r0, [sp, #32]
10002ecc:	9909      	ldr	r1, [sp, #36]	@ 0x24
10002ece:	2380      	movs	r3, #128	@ 0x80
10002ed0:	9a28      	ldr	r2, [sp, #160]	@ 0xa0
10002ed2:	00db      	lsls	r3, r3, #3
10002ed4:	401a      	ands	r2, r3
10002ed6:	920f      	str	r2, [sp, #60]	@ 0x3c
10002ed8:	2280      	movs	r2, #128	@ 0x80
10002eda:	9e28      	ldr	r6, [sp, #160]	@ 0xa0
10002edc:	0112      	lsls	r2, r2, #4
10002ede:	4016      	ands	r6, r2
10002ee0:	0032      	movs	r2, r6
10002ee2:	960e      	str	r6, [sp, #56]	@ 0x38
10002ee4:	9e28      	ldr	r6, [sp, #160]	@ 0xa0
10002ee6:	000f      	movs	r7, r1
10002ee8:	900a      	str	r0, [sp, #40]	@ 0x28
10002eea:	421e      	tst	r6, r3
10002eec:	d000      	beq.n	10002ef0 <_etoa+0x90>
10002eee:	e0a4      	b.n	1000303a <_etoa+0x1da>
10002ef0:	000b      	movs	r3, r1
10002ef2:	4303      	orrs	r3, r0
10002ef4:	d000      	beq.n	10002ef8 <_etoa+0x98>
10002ef6:	e0cb      	b.n	10003090 <_etoa+0x230>
10002ef8:	2a00      	cmp	r2, #0
10002efa:	d000      	beq.n	10002efe <_etoa+0x9e>
10002efc:	e212      	b.n	10003324 <_etoa+0x4c4>
10002efe:	0032      	movs	r2, r6
10002f00:	3306      	adds	r3, #6
10002f02:	9326      	str	r3, [sp, #152]	@ 0x98
10002f04:	2302      	movs	r3, #2
10002f06:	4013      	ands	r3, r2
10002f08:	930c      	str	r3, [sp, #48]	@ 0x30
10002f0a:	2302      	movs	r3, #2
10002f0c:	4213      	tst	r3, r2
10002f0e:	d000      	beq.n	10002f12 <_etoa+0xb2>
10002f10:	e20a      	b.n	10003328 <_etoa+0x4c8>
10002f12:	9b27      	ldr	r3, [sp, #156]	@ 0x9c
10002f14:	2b04      	cmp	r3, #4
10002f16:	d200      	bcs.n	10002f1a <_etoa+0xba>
10002f18:	e215      	b.n	10003346 <_etoa+0x4e6>
10002f1a:	2700      	movs	r7, #0
10002f1c:	2604      	movs	r6, #4
10002f1e:	3b04      	subs	r3, #4
10002f20:	930e      	str	r3, [sp, #56]	@ 0x38
10002f22:	2200      	movs	r2, #0
10002f24:	2300      	movs	r3, #0
10002f26:	0020      	movs	r0, r4
10002f28:	0029      	movs	r1, r5
10002f2a:	f7ff f81f 	bl	10001f6c <__wrap___aeabi_dcmplt>
10002f2e:	2800      	cmp	r0, #0
10002f30:	d000      	beq.n	10002f34 <_etoa+0xd4>
10002f32:	e1c8      	b.n	100032c6 <_etoa+0x466>
10002f34:	4b55      	ldr	r3, [pc, #340]	@ (1000308c <_etoa+0x22c>)
10002f36:	9a28      	ldr	r2, [sp, #160]	@ 0xa0
10002f38:	4013      	ands	r3, r2
10002f3a:	9304      	str	r3, [sp, #16]
10002f3c:	9b0e      	ldr	r3, [sp, #56]	@ 0x38
10002f3e:	9303      	str	r3, [sp, #12]
10002f40:	9b26      	ldr	r3, [sp, #152]	@ 0x98
10002f42:	9302      	str	r3, [sp, #8]
10002f44:	9b08      	ldr	r3, [sp, #32]
10002f46:	9c09      	ldr	r4, [sp, #36]	@ 0x24
10002f48:	9300      	str	r3, [sp, #0]
10002f4a:	9401      	str	r4, [sp, #4]
10002f4c:	4641      	mov	r1, r8
10002f4e:	464b      	mov	r3, r9
10002f50:	465a      	mov	r2, fp
10002f52:	4650      	mov	r0, sl
10002f54:	f7ff fd4a 	bl	100029ec <_ftoa>
10002f58:	0002      	movs	r2, r0
10002f5a:	2020      	movs	r0, #32
10002f5c:	9b28      	ldr	r3, [sp, #160]	@ 0xa0
10002f5e:	2500      	movs	r5, #0
10002f60:	4003      	ands	r3, r0
10002f62:	4259      	negs	r1, r3
10002f64:	414b      	adcs	r3, r1
10002f66:	425b      	negs	r3, r3
10002f68:	4018      	ands	r0, r3
10002f6a:	1c53      	adds	r3, r2, #1
10002f6c:	9308      	str	r3, [sp, #32]
10002f6e:	4641      	mov	r1, r8
10002f70:	464b      	mov	r3, r9
10002f72:	3045      	adds	r0, #69	@ 0x45
10002f74:	47d0      	blx	sl
10002f76:	17fb      	asrs	r3, r7, #31
10002f78:	18fc      	adds	r4, r7, r3
10002f7a:	405c      	eors	r4, r3
10002f7c:	0ffb      	lsrs	r3, r7, #31
10002f7e:	271f      	movs	r7, #31
10002f80:	930a      	str	r3, [sp, #40]	@ 0x28
10002f82:	1e73      	subs	r3, r6, #1
10002f84:	930e      	str	r3, [sp, #56]	@ 0x38
10002f86:	ab0a      	add	r3, sp, #40	@ 0x28
10002f88:	18ff      	adds	r7, r7, r3
10002f8a:	e006      	b.n	10002f9a <_etoa+0x13a>
10002f8c:	0020      	movs	r0, r4
10002f8e:	210a      	movs	r1, #10
10002f90:	f7fe fd3e 	bl	10001a10 <__wrap___aeabi_uidiv>
10002f94:	0004      	movs	r4, r0
10002f96:	2d20      	cmp	r5, #32
10002f98:	d008      	beq.n	10002fac <_etoa+0x14c>
10002f9a:	210a      	movs	r1, #10
10002f9c:	0020      	movs	r0, r4
10002f9e:	f7fe fd37 	bl	10001a10 <__wrap___aeabi_uidiv>
10002fa2:	3501      	adds	r5, #1
10002fa4:	3130      	adds	r1, #48	@ 0x30
10002fa6:	5579      	strb	r1, [r7, r5]
10002fa8:	2c09      	cmp	r4, #9
10002faa:	d8ef      	bhi.n	10002f8c <_etoa+0x12c>
10002fac:	2305      	movs	r3, #5
10002fae:	9306      	str	r3, [sp, #24]
10002fb0:	9b0e      	ldr	r3, [sp, #56]	@ 0x38
10002fb2:	4656      	mov	r6, sl
10002fb4:	9305      	str	r3, [sp, #20]
10002fb6:	2300      	movs	r3, #0
10002fb8:	9304      	str	r3, [sp, #16]
10002fba:	330a      	adds	r3, #10
10002fbc:	9303      	str	r3, [sp, #12]
10002fbe:	9b0a      	ldr	r3, [sp, #40]	@ 0x28
10002fc0:	4641      	mov	r1, r8
10002fc2:	9302      	str	r3, [sp, #8]
10002fc4:	ab12      	add	r3, sp, #72	@ 0x48
10002fc6:	9300      	str	r3, [sp, #0]
10002fc8:	0030      	movs	r0, r6
10002fca:	464b      	mov	r3, r9
10002fcc:	9a08      	ldr	r2, [sp, #32]
10002fce:	9501      	str	r5, [sp, #4]
10002fd0:	f7ff fc10 	bl	100027f4 <_ntoa_format>
10002fd4:	9b0c      	ldr	r3, [sp, #48]	@ 0x30
10002fd6:	2b00      	cmp	r3, #0
10002fd8:	d028      	beq.n	1000302c <_etoa+0x1cc>
10002fda:	465f      	mov	r7, fp
10002fdc:	9b27      	ldr	r3, [sp, #156]	@ 0x9c
10002fde:	1bc4      	subs	r4, r0, r7
10002fe0:	42a3      	cmp	r3, r4
10002fe2:	d923      	bls.n	1000302c <_etoa+0x1cc>
10002fe4:	4682      	mov	sl, r0
10002fe6:	001d      	movs	r5, r3
10002fe8:	193a      	adds	r2, r7, r4
10002fea:	464b      	mov	r3, r9
10002fec:	4641      	mov	r1, r8
10002fee:	2020      	movs	r0, #32
10002ff0:	3401      	adds	r4, #1
10002ff2:	47b0      	blx	r6
10002ff4:	42a5      	cmp	r5, r4
10002ff6:	d8f7      	bhi.n	10002fe8 <_etoa+0x188>
10002ff8:	4650      	mov	r0, sl
10002ffa:	4659      	mov	r1, fp
10002ffc:	9c27      	ldr	r4, [sp, #156]	@ 0x9c
10002ffe:	1a42      	subs	r2, r0, r1
10003000:	3201      	adds	r2, #1
10003002:	2300      	movs	r3, #0
10003004:	4294      	cmp	r4, r2
10003006:	d300      	bcc.n	1000300a <_etoa+0x1aa>
10003008:	e195      	b.n	10003336 <_etoa+0x4d6>
1000300a:	3001      	adds	r0, #1
1000300c:	1818      	adds	r0, r3, r0
1000300e:	e00d      	b.n	1000302c <_etoa+0x1cc>
10003010:	9b28      	ldr	r3, [sp, #160]	@ 0xa0
10003012:	9400      	str	r4, [sp, #0]
10003014:	9501      	str	r5, [sp, #4]
10003016:	9304      	str	r3, [sp, #16]
10003018:	9b27      	ldr	r3, [sp, #156]	@ 0x9c
1000301a:	9303      	str	r3, [sp, #12]
1000301c:	9b26      	ldr	r3, [sp, #152]	@ 0x98
1000301e:	9302      	str	r3, [sp, #8]
10003020:	464b      	mov	r3, r9
10003022:	465a      	mov	r2, fp
10003024:	4641      	mov	r1, r8
10003026:	4650      	mov	r0, sl
10003028:	f7ff fce0 	bl	100029ec <_ftoa>
1000302c:	b01b      	add	sp, #108	@ 0x6c
1000302e:	bcf0      	pop	{r4, r5, r6, r7}
10003030:	46bb      	mov	fp, r7
10003032:	46b2      	mov	sl, r6
10003034:	46a9      	mov	r9, r5
10003036:	46a0      	mov	r8, r4
10003038:	bdf0      	pop	{r4, r5, r6, r7, pc}
1000303a:	4301      	orrs	r1, r0
1000303c:	d12a      	bne.n	10003094 <_etoa+0x234>
1000303e:	9b0e      	ldr	r3, [sp, #56]	@ 0x38
10003040:	0032      	movs	r2, r6
10003042:	2b00      	cmp	r3, #0
10003044:	d100      	bne.n	10003048 <_etoa+0x1e8>
10003046:	e75d      	b.n	10002f04 <_etoa+0xa4>
10003048:	2700      	movs	r7, #0
1000304a:	9b26      	ldr	r3, [sp, #152]	@ 0x98
1000304c:	2600      	movs	r6, #0
1000304e:	42bb      	cmp	r3, r7
10003050:	dd00      	ble.n	10003054 <_etoa+0x1f4>
10003052:	e182      	b.n	1000335a <_etoa+0x4fa>
10003054:	2200      	movs	r2, #0
10003056:	2300      	movs	r3, #0
10003058:	0020      	movs	r0, r4
1000305a:	0029      	movs	r1, r5
1000305c:	f7fe ff86 	bl	10001f6c <__wrap___aeabi_dcmplt>
10003060:	2800      	cmp	r0, #0
10003062:	d000      	beq.n	10003066 <_etoa+0x206>
10003064:	e14b      	b.n	100032fe <_etoa+0x49e>
10003066:	9b28      	ldr	r3, [sp, #160]	@ 0xa0
10003068:	4a08      	ldr	r2, [pc, #32]	@ (1000308c <_etoa+0x22c>)
1000306a:	9602      	str	r6, [sp, #8]
1000306c:	401a      	ands	r2, r3
1000306e:	2380      	movs	r3, #128	@ 0x80
10003070:	00db      	lsls	r3, r3, #3
10003072:	4313      	orrs	r3, r2
10003074:	9304      	str	r3, [sp, #16]
10003076:	9b27      	ldr	r3, [sp, #156]	@ 0x9c
10003078:	9303      	str	r3, [sp, #12]
1000307a:	9b08      	ldr	r3, [sp, #32]
1000307c:	9c09      	ldr	r4, [sp, #36]	@ 0x24
1000307e:	9300      	str	r3, [sp, #0]
10003080:	9401      	str	r4, [sp, #4]
10003082:	e7cd      	b.n	10003020 <_etoa+0x1c0>
10003084:	7fefffff 	.word	0x7fefffff
10003088:	ffefffff 	.word	0xffefffff
1000308c:	fffff7ff 	.word	0xfffff7ff
10003090:	2306      	movs	r3, #6
10003092:	9326      	str	r3, [sp, #152]	@ 0x98
10003094:	4bb2      	ldr	r3, [pc, #712]	@ (10003360 <_etoa+0x500>)
10003096:	0078      	lsls	r0, r7, #1
10003098:	0d40      	lsrs	r0, r0, #21
1000309a:	18c0      	adds	r0, r0, r3
1000309c:	f7fe ff92 	bl	10001fc4 <__wrap___aeabi_i2d>
100030a0:	4ab0      	ldr	r2, [pc, #704]	@ (10003364 <_etoa+0x504>)
100030a2:	4bb1      	ldr	r3, [pc, #708]	@ (10003368 <_etoa+0x508>)
100030a4:	f7fe ff1f 	bl	10001ee6 <__wrap___aeabi_dmul>
100030a8:	4ab0      	ldr	r2, [pc, #704]	@ (1000336c <_etoa+0x50c>)
100030aa:	4bb1      	ldr	r3, [pc, #708]	@ (10003370 <_etoa+0x510>)
100030ac:	f7fe fef4 	bl	10001e98 <__wrap___aeabi_dadd>
100030b0:	033f      	lsls	r7, r7, #12
100030b2:	4bb0      	ldr	r3, [pc, #704]	@ (10003374 <_etoa+0x514>)
100030b4:	0b3f      	lsrs	r7, r7, #12
100030b6:	433b      	orrs	r3, r7
100030b8:	900c      	str	r0, [sp, #48]	@ 0x30
100030ba:	910d      	str	r1, [sp, #52]	@ 0x34
100030bc:	2200      	movs	r2, #0
100030be:	980a      	ldr	r0, [sp, #40]	@ 0x28
100030c0:	0019      	movs	r1, r3
100030c2:	4bad      	ldr	r3, [pc, #692]	@ (10003378 <_etoa+0x518>)
100030c4:	f7fe fedf 	bl	10001e86 <__wrap___aeabi_dsub>
100030c8:	4aac      	ldr	r2, [pc, #688]	@ (1000337c <_etoa+0x51c>)
100030ca:	4bad      	ldr	r3, [pc, #692]	@ (10003380 <_etoa+0x520>)
100030cc:	f7fe ff0b 	bl	10001ee6 <__wrap___aeabi_dmul>
100030d0:	0002      	movs	r2, r0
100030d2:	000b      	movs	r3, r1
100030d4:	980c      	ldr	r0, [sp, #48]	@ 0x30
100030d6:	990d      	ldr	r1, [sp, #52]	@ 0x34
100030d8:	f7fe fede 	bl	10001e98 <__wrap___aeabi_dadd>
100030dc:	f7fe ff8a 	bl	10001ff4 <__wrap___aeabi_d2iz>
100030e0:	0007      	movs	r7, r0
100030e2:	f7fe ff6f 	bl	10001fc4 <__wrap___aeabi_i2d>
100030e6:	4aa7      	ldr	r2, [pc, #668]	@ (10003384 <_etoa+0x524>)
100030e8:	4ba7      	ldr	r3, [pc, #668]	@ (10003388 <_etoa+0x528>)
100030ea:	900a      	str	r0, [sp, #40]	@ 0x28
100030ec:	910b      	str	r1, [sp, #44]	@ 0x2c
100030ee:	f7fe fefa 	bl	10001ee6 <__wrap___aeabi_dmul>
100030f2:	2200      	movs	r2, #0
100030f4:	4ba5      	ldr	r3, [pc, #660]	@ (1000338c <_etoa+0x52c>)
100030f6:	f7fe fecf 	bl	10001e98 <__wrap___aeabi_dadd>
100030fa:	f7fe ff7b 	bl	10001ff4 <__wrap___aeabi_d2iz>
100030fe:	4aa4      	ldr	r2, [pc, #656]	@ (10003390 <_etoa+0x530>)
10003100:	0006      	movs	r6, r0
10003102:	980a      	ldr	r0, [sp, #40]	@ 0x28
10003104:	990b      	ldr	r1, [sp, #44]	@ 0x2c
10003106:	4ba3      	ldr	r3, [pc, #652]	@ (10003394 <_etoa+0x534>)
10003108:	f7fe feed 	bl	10001ee6 <__wrap___aeabi_dmul>
1000310c:	900a      	str	r0, [sp, #40]	@ 0x28
1000310e:	910b      	str	r1, [sp, #44]	@ 0x2c
10003110:	0030      	movs	r0, r6
10003112:	f7fe ff57 	bl	10001fc4 <__wrap___aeabi_i2d>
10003116:	4aa0      	ldr	r2, [pc, #640]	@ (10003398 <_etoa+0x538>)
10003118:	4ba0      	ldr	r3, [pc, #640]	@ (1000339c <_etoa+0x53c>)
1000311a:	f7fe fee4 	bl	10001ee6 <__wrap___aeabi_dmul>
1000311e:	0002      	movs	r2, r0
10003120:	000b      	movs	r3, r1
10003122:	980a      	ldr	r0, [sp, #40]	@ 0x28
10003124:	990b      	ldr	r1, [sp, #44]	@ 0x2c
10003126:	f7fe feae 	bl	10001e86 <__wrap___aeabi_dsub>
1000312a:	0002      	movs	r2, r0
1000312c:	000b      	movs	r3, r1
1000312e:	900a      	str	r0, [sp, #40]	@ 0x28
10003130:	910b      	str	r1, [sp, #44]	@ 0x2c
10003132:	f7fe fed8 	bl	10001ee6 <__wrap___aeabi_dmul>
10003136:	900c      	str	r0, [sp, #48]	@ 0x30
10003138:	910d      	str	r1, [sp, #52]	@ 0x34
1000313a:	980a      	ldr	r0, [sp, #40]	@ 0x28
1000313c:	990b      	ldr	r1, [sp, #44]	@ 0x2c
1000313e:	0002      	movs	r2, r0
10003140:	000b      	movs	r3, r1
10003142:	f7fe fea9 	bl	10001e98 <__wrap___aeabi_dadd>
10003146:	2200      	movs	r2, #0
10003148:	9010      	str	r0, [sp, #64]	@ 0x40
1000314a:	9111      	str	r1, [sp, #68]	@ 0x44
1000314c:	980c      	ldr	r0, [sp, #48]	@ 0x30
1000314e:	990d      	ldr	r1, [sp, #52]	@ 0x34
10003150:	4b93      	ldr	r3, [pc, #588]	@ (100033a0 <_etoa+0x540>)
10003152:	f7fe feaa 	bl	10001eaa <__wrap___aeabi_ddiv>
10003156:	2200      	movs	r2, #0
10003158:	4b92      	ldr	r3, [pc, #584]	@ (100033a4 <_etoa+0x544>)
1000315a:	f7fe fe9d 	bl	10001e98 <__wrap___aeabi_dadd>
1000315e:	0002      	movs	r2, r0
10003160:	000b      	movs	r3, r1
10003162:	980c      	ldr	r0, [sp, #48]	@ 0x30
10003164:	990d      	ldr	r1, [sp, #52]	@ 0x34
10003166:	f7fe fea0 	bl	10001eaa <__wrap___aeabi_ddiv>
1000316a:	2200      	movs	r2, #0
1000316c:	4b8e      	ldr	r3, [pc, #568]	@ (100033a8 <_etoa+0x548>)
1000316e:	f7fe fe93 	bl	10001e98 <__wrap___aeabi_dadd>
10003172:	0002      	movs	r2, r0
10003174:	000b      	movs	r3, r1
10003176:	980c      	ldr	r0, [sp, #48]	@ 0x30
10003178:	990d      	ldr	r1, [sp, #52]	@ 0x34
1000317a:	f7fe fe96 	bl	10001eaa <__wrap___aeabi_ddiv>
1000317e:	9a0a      	ldr	r2, [sp, #40]	@ 0x28
10003180:	9b0b      	ldr	r3, [sp, #44]	@ 0x2c
10003182:	900c      	str	r0, [sp, #48]	@ 0x30
10003184:	910d      	str	r1, [sp, #52]	@ 0x34
10003186:	2180      	movs	r1, #128	@ 0x80
10003188:	2000      	movs	r0, #0
1000318a:	05c9      	lsls	r1, r1, #23
1000318c:	f7fe fe7b 	bl	10001e86 <__wrap___aeabi_dsub>
10003190:	0002      	movs	r2, r0
10003192:	000b      	movs	r3, r1
10003194:	980c      	ldr	r0, [sp, #48]	@ 0x30
10003196:	990d      	ldr	r1, [sp, #52]	@ 0x34
10003198:	f7fe fe7e 	bl	10001e98 <__wrap___aeabi_dadd>
1000319c:	0002      	movs	r2, r0
1000319e:	000b      	movs	r3, r1
100031a0:	9810      	ldr	r0, [sp, #64]	@ 0x40
100031a2:	9911      	ldr	r1, [sp, #68]	@ 0x44
100031a4:	f7fe fe81 	bl	10001eaa <__wrap___aeabi_ddiv>
100031a8:	2200      	movs	r2, #0
100031aa:	4b72      	ldr	r3, [pc, #456]	@ (10003374 <_etoa+0x514>)
100031ac:	f7fe fe74 	bl	10001e98 <__wrap___aeabi_dadd>
100031b0:	4b7e      	ldr	r3, [pc, #504]	@ (100033ac <_etoa+0x54c>)
100031b2:	2200      	movs	r2, #0
100031b4:	18f6      	adds	r6, r6, r3
100031b6:	0533      	lsls	r3, r6, #20
100031b8:	f7fe fe95 	bl	10001ee6 <__wrap___aeabi_dmul>
100031bc:	0002      	movs	r2, r0
100031be:	000b      	movs	r3, r1
100031c0:	900a      	str	r0, [sp, #40]	@ 0x28
100031c2:	910b      	str	r1, [sp, #44]	@ 0x2c
100031c4:	9808      	ldr	r0, [sp, #32]
100031c6:	9909      	ldr	r1, [sp, #36]	@ 0x24
100031c8:	f7fe fed0 	bl	10001f6c <__wrap___aeabi_dcmplt>
100031cc:	2800      	cmp	r0, #0
100031ce:	d008      	beq.n	100031e2 <_etoa+0x382>
100031d0:	980a      	ldr	r0, [sp, #40]	@ 0x28
100031d2:	990b      	ldr	r1, [sp, #44]	@ 0x2c
100031d4:	2200      	movs	r2, #0
100031d6:	4b73      	ldr	r3, [pc, #460]	@ (100033a4 <_etoa+0x544>)
100031d8:	f7fe fe67 	bl	10001eaa <__wrap___aeabi_ddiv>
100031dc:	900a      	str	r0, [sp, #40]	@ 0x28
100031de:	910b      	str	r1, [sp, #44]	@ 0x2c
100031e0:	3f01      	subs	r7, #1
100031e2:	990a      	ldr	r1, [sp, #40]	@ 0x28
100031e4:	9a0b      	ldr	r2, [sp, #44]	@ 0x2c
100031e6:	000b      	movs	r3, r1
100031e8:	0011      	movs	r1, r2
100031ea:	003a      	movs	r2, r7
100031ec:	3263      	adds	r2, #99	@ 0x63
100031ee:	2ac6      	cmp	r2, #198	@ 0xc6
100031f0:	d812      	bhi.n	10003218 <_etoa+0x3b8>
100031f2:	2202      	movs	r2, #2
100031f4:	9828      	ldr	r0, [sp, #160]	@ 0xa0
100031f6:	2604      	movs	r6, #4
100031f8:	4010      	ands	r0, r2
100031fa:	9a0e      	ldr	r2, [sp, #56]	@ 0x38
100031fc:	900c      	str	r0, [sp, #48]	@ 0x30
100031fe:	2a00      	cmp	r2, #0
10003200:	d126      	bne.n	10003250 <_etoa+0x3f0>
10003202:	9b27      	ldr	r3, [sp, #156]	@ 0x9c
10003204:	2b04      	cmp	r3, #4
10003206:	d905      	bls.n	10003214 <_etoa+0x3b4>
10003208:	2800      	cmp	r0, #0
1000320a:	d000      	beq.n	1000320e <_etoa+0x3ae>
1000320c:	e0a1      	b.n	10003352 <_etoa+0x4f2>
1000320e:	9b27      	ldr	r3, [sp, #156]	@ 0x9c
10003210:	3b04      	subs	r3, #4
10003212:	930e      	str	r3, [sp, #56]	@ 0x38
10003214:	2604      	movs	r6, #4
10003216:	e042      	b.n	1000329e <_etoa+0x43e>
10003218:	2202      	movs	r2, #2
1000321a:	9828      	ldr	r0, [sp, #160]	@ 0xa0
1000321c:	4010      	ands	r0, r2
1000321e:	9a0e      	ldr	r2, [sp, #56]	@ 0x38
10003220:	900c      	str	r0, [sp, #48]	@ 0x30
10003222:	2a00      	cmp	r2, #0
10003224:	d113      	bne.n	1000324e <_etoa+0x3ee>
10003226:	9b27      	ldr	r3, [sp, #156]	@ 0x9c
10003228:	2b05      	cmp	r3, #5
1000322a:	d800      	bhi.n	1000322e <_etoa+0x3ce>
1000322c:	e089      	b.n	10003342 <_etoa+0x4e2>
1000322e:	2800      	cmp	r0, #0
10003230:	d000      	beq.n	10003234 <_etoa+0x3d4>
10003232:	e084      	b.n	1000333e <_etoa+0x4de>
10003234:	9b27      	ldr	r3, [sp, #156]	@ 0x9c
10003236:	2605      	movs	r6, #5
10003238:	3b05      	subs	r3, #5
1000323a:	930e      	str	r3, [sp, #56]	@ 0x38
1000323c:	e032      	b.n	100032a4 <_etoa+0x444>
1000323e:	2380      	movs	r3, #128	@ 0x80
10003240:	061b      	lsls	r3, r3, #24
10003242:	469c      	mov	ip, r3
10003244:	44ac      	add	ip, r5
10003246:	4663      	mov	r3, ip
10003248:	9408      	str	r4, [sp, #32]
1000324a:	9309      	str	r3, [sp, #36]	@ 0x24
1000324c:	e63d      	b.n	10002eca <_etoa+0x6a>
1000324e:	2605      	movs	r6, #5
10003250:	430b      	orrs	r3, r1
10003252:	d100      	bne.n	10003256 <_etoa+0x3f6>
10003254:	e6f9      	b.n	1000304a <_etoa+0x1ea>
10003256:	9808      	ldr	r0, [sp, #32]
10003258:	9909      	ldr	r1, [sp, #36]	@ 0x24
1000325a:	4a55      	ldr	r2, [pc, #340]	@ (100033b0 <_etoa+0x550>)
1000325c:	4b55      	ldr	r3, [pc, #340]	@ (100033b4 <_etoa+0x554>)
1000325e:	f7fe fe93 	bl	10001f88 <__wrap___aeabi_dcmpge>
10003262:	2800      	cmp	r0, #0
10003264:	d008      	beq.n	10003278 <_etoa+0x418>
10003266:	9808      	ldr	r0, [sp, #32]
10003268:	9909      	ldr	r1, [sp, #36]	@ 0x24
1000326a:	2200      	movs	r2, #0
1000326c:	4b52      	ldr	r3, [pc, #328]	@ (100033b8 <_etoa+0x558>)
1000326e:	f7fe fe7d 	bl	10001f6c <__wrap___aeabi_dcmplt>
10003272:	2800      	cmp	r0, #0
10003274:	d000      	beq.n	10003278 <_etoa+0x418>
10003276:	e6e8      	b.n	1000304a <_etoa+0x1ea>
10003278:	9b26      	ldr	r3, [sp, #152]	@ 0x98
1000327a:	2b00      	cmp	r3, #0
1000327c:	d034      	beq.n	100032e8 <_etoa+0x488>
1000327e:	9b0f      	ldr	r3, [sp, #60]	@ 0x3c
10003280:	2b00      	cmp	r3, #0
10003282:	d031      	beq.n	100032e8 <_etoa+0x488>
10003284:	9b26      	ldr	r3, [sp, #152]	@ 0x98
10003286:	3b01      	subs	r3, #1
10003288:	9326      	str	r3, [sp, #152]	@ 0x98
1000328a:	9b27      	ldr	r3, [sp, #156]	@ 0x9c
1000328c:	42b3      	cmp	r3, r6
1000328e:	d904      	bls.n	1000329a <_etoa+0x43a>
10003290:	9b0c      	ldr	r3, [sp, #48]	@ 0x30
10003292:	2b00      	cmp	r3, #0
10003294:	d059      	beq.n	1000334a <_etoa+0x4ea>
10003296:	2302      	movs	r3, #2
10003298:	930c      	str	r3, [sp, #48]	@ 0x30
1000329a:	2300      	movs	r3, #0
1000329c:	930e      	str	r3, [sp, #56]	@ 0x38
1000329e:	2f00      	cmp	r7, #0
100032a0:	d100      	bne.n	100032a4 <_etoa+0x444>
100032a2:	e63e      	b.n	10002f22 <_etoa+0xc2>
100032a4:	9a0a      	ldr	r2, [sp, #40]	@ 0x28
100032a6:	9b0b      	ldr	r3, [sp, #44]	@ 0x2c
100032a8:	9808      	ldr	r0, [sp, #32]
100032aa:	9909      	ldr	r1, [sp, #36]	@ 0x24
100032ac:	f7fe fdfd 	bl	10001eaa <__wrap___aeabi_ddiv>
100032b0:	2200      	movs	r2, #0
100032b2:	9008      	str	r0, [sp, #32]
100032b4:	9109      	str	r1, [sp, #36]	@ 0x24
100032b6:	2300      	movs	r3, #0
100032b8:	0020      	movs	r0, r4
100032ba:	0029      	movs	r1, r5
100032bc:	f7fe fe56 	bl	10001f6c <__wrap___aeabi_dcmplt>
100032c0:	2800      	cmp	r0, #0
100032c2:	d100      	bne.n	100032c6 <_etoa+0x466>
100032c4:	e636      	b.n	10002f34 <_etoa+0xd4>
100032c6:	9c08      	ldr	r4, [sp, #32]
100032c8:	9d09      	ldr	r5, [sp, #36]	@ 0x24
100032ca:	9a28      	ldr	r2, [sp, #160]	@ 0xa0
100032cc:	2080      	movs	r0, #128	@ 0x80
100032ce:	4b3b      	ldr	r3, [pc, #236]	@ (100033bc <_etoa+0x55c>)
100032d0:	0600      	lsls	r0, r0, #24
100032d2:	4013      	ands	r3, r2
100032d4:	0022      	movs	r2, r4
100032d6:	9304      	str	r3, [sp, #16]
100032d8:	9b0e      	ldr	r3, [sp, #56]	@ 0x38
100032da:	9303      	str	r3, [sp, #12]
100032dc:	9b26      	ldr	r3, [sp, #152]	@ 0x98
100032de:	9302      	str	r3, [sp, #8]
100032e0:	182b      	adds	r3, r5, r0
100032e2:	9200      	str	r2, [sp, #0]
100032e4:	9301      	str	r3, [sp, #4]
100032e6:	e631      	b.n	10002f4c <_etoa+0xec>
100032e8:	9b27      	ldr	r3, [sp, #156]	@ 0x9c
100032ea:	42b3      	cmp	r3, r6
100032ec:	d9d5      	bls.n	1000329a <_etoa+0x43a>
100032ee:	9b0c      	ldr	r3, [sp, #48]	@ 0x30
100032f0:	2b00      	cmp	r3, #0
100032f2:	d02a      	beq.n	1000334a <_etoa+0x4ea>
100032f4:	2300      	movs	r3, #0
100032f6:	930e      	str	r3, [sp, #56]	@ 0x38
100032f8:	3302      	adds	r3, #2
100032fa:	930c      	str	r3, [sp, #48]	@ 0x30
100032fc:	e7cf      	b.n	1000329e <_etoa+0x43e>
100032fe:	9b28      	ldr	r3, [sp, #160]	@ 0xa0
10003300:	4a2e      	ldr	r2, [pc, #184]	@ (100033bc <_etoa+0x55c>)
10003302:	2080      	movs	r0, #128	@ 0x80
10003304:	9c08      	ldr	r4, [sp, #32]
10003306:	9d09      	ldr	r5, [sp, #36]	@ 0x24
10003308:	401a      	ands	r2, r3
1000330a:	2380      	movs	r3, #128	@ 0x80
1000330c:	00db      	lsls	r3, r3, #3
1000330e:	4313      	orrs	r3, r2
10003310:	0022      	movs	r2, r4
10003312:	9304      	str	r3, [sp, #16]
10003314:	9b27      	ldr	r3, [sp, #156]	@ 0x9c
10003316:	0600      	lsls	r0, r0, #24
10003318:	9303      	str	r3, [sp, #12]
1000331a:	182b      	adds	r3, r5, r0
1000331c:	9200      	str	r2, [sp, #0]
1000331e:	9301      	str	r3, [sp, #4]
10003320:	9602      	str	r6, [sp, #8]
10003322:	e67d      	b.n	10003020 <_etoa+0x1c0>
10003324:	2605      	movs	r6, #5
10003326:	e695      	b.n	10003054 <_etoa+0x1f4>
10003328:	2300      	movs	r3, #0
1000332a:	930e      	str	r3, [sp, #56]	@ 0x38
1000332c:	3302      	adds	r3, #2
1000332e:	2700      	movs	r7, #0
10003330:	2604      	movs	r6, #4
10003332:	930c      	str	r3, [sp, #48]	@ 0x30
10003334:	e5f5      	b.n	10002f22 <_etoa+0xc2>
10003336:	1e4b      	subs	r3, r1, #1
10003338:	191b      	adds	r3, r3, r4
1000333a:	1a1b      	subs	r3, r3, r0
1000333c:	e665      	b.n	1000300a <_etoa+0x1aa>
1000333e:	2302      	movs	r3, #2
10003340:	930c      	str	r3, [sp, #48]	@ 0x30
10003342:	2605      	movs	r6, #5
10003344:	e7ae      	b.n	100032a4 <_etoa+0x444>
10003346:	2304      	movs	r3, #4
10003348:	e5e7      	b.n	10002f1a <_etoa+0xba>
1000334a:	9b27      	ldr	r3, [sp, #156]	@ 0x9c
1000334c:	1b9b      	subs	r3, r3, r6
1000334e:	930e      	str	r3, [sp, #56]	@ 0x38
10003350:	e7a5      	b.n	1000329e <_etoa+0x43e>
10003352:	2302      	movs	r3, #2
10003354:	2604      	movs	r6, #4
10003356:	930c      	str	r3, [sp, #48]	@ 0x30
10003358:	e7a1      	b.n	1000329e <_etoa+0x43e>
1000335a:	1bdb      	subs	r3, r3, r7
1000335c:	1e5e      	subs	r6, r3, #1
1000335e:	e679      	b.n	10003054 <_etoa+0x1f4>
10003360:	fffffc01 	.word	0xfffffc01
10003364:	509f79fb 	.word	0x509f79fb
10003368:	3fd34413 	.word	0x3fd34413
1000336c:	8b60c8b3 	.word	0x8b60c8b3
10003370:	3fc68a28 	.word	0x3fc68a28
10003374:	3ff00000 	.word	0x3ff00000
10003378:	3ff80000 	.word	0x3ff80000
1000337c:	636f4361 	.word	0x636f4361
10003380:	3fd287a7 	.word	0x3fd287a7
10003384:	0979a371 	.word	0x0979a371
10003388:	400a934f 	.word	0x400a934f
1000338c:	3fe00000 	.word	0x3fe00000
10003390:	bbb55516 	.word	0xbbb55516
10003394:	40026bb1 	.word	0x40026bb1
10003398:	fefa39ef 	.word	0xfefa39ef
1000339c:	3fe62e42 	.word	0x3fe62e42
100033a0:	402c0000 	.word	0x402c0000
100033a4:	40240000 	.word	0x40240000
100033a8:	40180000 	.word	0x40180000
100033ac:	000003ff 	.word	0x000003ff
100033b0:	eb1c432d 	.word	0xeb1c432d
100033b4:	3f1a36e2 	.word	0x3f1a36e2
100033b8:	412e8480 	.word	0x412e8480
100033bc:	fffff7ff 	.word	0xfffff7ff

100033c0 <_vsnprintf>:
100033c0:	b5f0      	push	{r4, r5, r6, r7, lr}
100033c2:	4657      	mov	r7, sl
100033c4:	46de      	mov	lr, fp
100033c6:	464e      	mov	r6, r9
100033c8:	4645      	mov	r5, r8
100033ca:	b5e0      	push	{r5, r6, r7, lr}
100033cc:	b0a3      	sub	sp, #140	@ 0x8c
100033ce:	001f      	movs	r7, r3
100033d0:	9b2c      	ldr	r3, [sp, #176]	@ 0xb0
100033d2:	4692      	mov	sl, r2
100033d4:	930c      	str	r3, [sp, #48]	@ 0x30
100033d6:	4ac9      	ldr	r2, [pc, #804]	@ (100036fc <_vsnprintf+0x33c>)
100033d8:	4bc9      	ldr	r3, [pc, #804]	@ (10003700 <_vsnprintf+0x340>)
100033da:	468b      	mov	fp, r1
100033dc:	900b      	str	r0, [sp, #44]	@ 0x2c
100033de:	601a      	str	r2, [r3, #0]
100033e0:	2900      	cmp	r1, #0
100033e2:	d100      	bne.n	100033e6 <_vsnprintf+0x26>
100033e4:	e1bf      	b.n	10003766 <_vsnprintf+0x3a6>
100033e6:	2300      	movs	r3, #0
100033e8:	7838      	ldrb	r0, [r7, #0]
100033ea:	4699      	mov	r9, r3
100033ec:	2800      	cmp	r0, #0
100033ee:	d100      	bne.n	100033f2 <_vsnprintf+0x32>
100033f0:	e1c1      	b.n	10003776 <_vsnprintf+0x3b6>
100033f2:	4bc4      	ldr	r3, [pc, #784]	@ (10003704 <_vsnprintf+0x344>)
100033f4:	464c      	mov	r4, r9
100033f6:	9309      	str	r3, [sp, #36]	@ 0x24
100033f8:	4bc3      	ldr	r3, [pc, #780]	@ (10003708 <_vsnprintf+0x348>)
100033fa:	930e      	str	r3, [sp, #56]	@ 0x38
100033fc:	465b      	mov	r3, fp
100033fe:	930a      	str	r3, [sp, #40]	@ 0x28
10003400:	e008      	b.n	10003414 <_vsnprintf+0x54>
10003402:	0022      	movs	r2, r4
10003404:	4653      	mov	r3, sl
10003406:	990a      	ldr	r1, [sp, #40]	@ 0x28
10003408:	9d0b      	ldr	r5, [sp, #44]	@ 0x2c
1000340a:	47a8      	blx	r5
1000340c:	3401      	adds	r4, #1
1000340e:	7838      	ldrb	r0, [r7, #0]
10003410:	2800      	cmp	r0, #0
10003412:	d076      	beq.n	10003502 <_vsnprintf+0x142>
10003414:	3701      	adds	r7, #1
10003416:	2825      	cmp	r0, #37	@ 0x25
10003418:	d1f3      	bne.n	10003402 <_vsnprintf+0x42>
1000341a:	2310      	movs	r3, #16
1000341c:	469b      	mov	fp, r3
1000341e:	3b08      	subs	r3, #8
10003420:	4699      	mov	r9, r3
10003422:	3b04      	subs	r3, #4
10003424:	4698      	mov	r8, r3
10003426:	3b03      	subs	r3, #3
10003428:	2600      	movs	r6, #0
1000342a:	2502      	movs	r5, #2
1000342c:	469c      	mov	ip, r3
1000342e:	7838      	ldrb	r0, [r7, #0]
10003430:	1c79      	adds	r1, r7, #1
10003432:	0003      	movs	r3, r0
10003434:	3b20      	subs	r3, #32
10003436:	b2db      	uxtb	r3, r3
10003438:	2b10      	cmp	r3, #16
1000343a:	d803      	bhi.n	10003444 <_vsnprintf+0x84>
1000343c:	9a09      	ldr	r2, [sp, #36]	@ 0x24
1000343e:	009b      	lsls	r3, r3, #2
10003440:	58d3      	ldr	r3, [r2, r3]
10003442:	469f      	mov	pc, r3
10003444:	0003      	movs	r3, r0
10003446:	3b30      	subs	r3, #48	@ 0x30
10003448:	2b09      	cmp	r3, #9
1000344a:	d936      	bls.n	100034ba <_vsnprintf+0xfa>
1000344c:	2500      	movs	r5, #0
1000344e:	282a      	cmp	r0, #42	@ 0x2a
10003450:	d100      	bne.n	10003454 <_vsnprintf+0x94>
10003452:	e0a7      	b.n	100035a4 <_vsnprintf+0x1e4>
10003454:	2300      	movs	r3, #0
10003456:	930d      	str	r3, [sp, #52]	@ 0x34
10003458:	282e      	cmp	r0, #46	@ 0x2e
1000345a:	d03f      	beq.n	100034dc <_vsnprintf+0x11c>
1000345c:	0003      	movs	r3, r0
1000345e:	3b68      	subs	r3, #104	@ 0x68
10003460:	b2db      	uxtb	r3, r3
10003462:	2b12      	cmp	r3, #18
10003464:	d81b      	bhi.n	1000349e <_vsnprintf+0xde>
10003466:	9a0e      	ldr	r2, [sp, #56]	@ 0x38
10003468:	009b      	lsls	r3, r3, #2
1000346a:	58d3      	ldr	r3, [r2, r3]
1000346c:	469f      	mov	pc, r3
1000346e:	4663      	mov	r3, ip
10003470:	000f      	movs	r7, r1
10003472:	431e      	orrs	r6, r3
10003474:	e7db      	b.n	1000342e <_vsnprintf+0x6e>
10003476:	000f      	movs	r7, r1
10003478:	432e      	orrs	r6, r5
1000347a:	e7d8      	b.n	1000342e <_vsnprintf+0x6e>
1000347c:	4643      	mov	r3, r8
1000347e:	000f      	movs	r7, r1
10003480:	431e      	orrs	r6, r3
10003482:	e7d4      	b.n	1000342e <_vsnprintf+0x6e>
10003484:	465b      	mov	r3, fp
10003486:	000f      	movs	r7, r1
10003488:	431e      	orrs	r6, r3
1000348a:	e7d0      	b.n	1000342e <_vsnprintf+0x6e>
1000348c:	464b      	mov	r3, r9
1000348e:	000f      	movs	r7, r1
10003490:	431e      	orrs	r6, r3
10003492:	e7cc      	b.n	1000342e <_vsnprintf+0x6e>
10003494:	2380      	movs	r3, #128	@ 0x80
10003496:	7878      	ldrb	r0, [r7, #1]
10003498:	005b      	lsls	r3, r3, #1
1000349a:	431e      	orrs	r6, r3
1000349c:	3101      	adds	r1, #1
1000349e:	000f      	movs	r7, r1
100034a0:	2867      	cmp	r0, #103	@ 0x67
100034a2:	d845      	bhi.n	10003530 <_vsnprintf+0x170>
100034a4:	2824      	cmp	r0, #36	@ 0x24
100034a6:	d9ac      	bls.n	10003402 <_vsnprintf+0x42>
100034a8:	0003      	movs	r3, r0
100034aa:	3b25      	subs	r3, #37	@ 0x25
100034ac:	b2db      	uxtb	r3, r3
100034ae:	2b42      	cmp	r3, #66	@ 0x42
100034b0:	d8a7      	bhi.n	10003402 <_vsnprintf+0x42>
100034b2:	4996      	ldr	r1, [pc, #600]	@ (1000370c <_vsnprintf+0x34c>)
100034b4:	009b      	lsls	r3, r3, #2
100034b6:	58cb      	ldr	r3, [r1, r3]
100034b8:	469f      	mov	pc, r3
100034ba:	2500      	movs	r5, #0
100034bc:	00ab      	lsls	r3, r5, #2
100034be:	195d      	adds	r5, r3, r5
100034c0:	006d      	lsls	r5, r5, #1
100034c2:	182d      	adds	r5, r5, r0
100034c4:	7808      	ldrb	r0, [r1, #0]
100034c6:	000f      	movs	r7, r1
100034c8:	0003      	movs	r3, r0
100034ca:	3b30      	subs	r3, #48	@ 0x30
100034cc:	3d30      	subs	r5, #48	@ 0x30
100034ce:	3101      	adds	r1, #1
100034d0:	2b09      	cmp	r3, #9
100034d2:	d9f3      	bls.n	100034bc <_vsnprintf+0xfc>
100034d4:	2300      	movs	r3, #0
100034d6:	930d      	str	r3, [sp, #52]	@ 0x34
100034d8:	282e      	cmp	r0, #46	@ 0x2e
100034da:	d1bf      	bne.n	1000345c <_vsnprintf+0x9c>
100034dc:	2230      	movs	r2, #48	@ 0x30
100034de:	2080      	movs	r0, #128	@ 0x80
100034e0:	4252      	negs	r2, r2
100034e2:	4690      	mov	r8, r2
100034e4:	00c0      	lsls	r0, r0, #3
100034e6:	4306      	orrs	r6, r0
100034e8:	7878      	ldrb	r0, [r7, #1]
100034ea:	000b      	movs	r3, r1
100034ec:	4480      	add	r8, r0
100034ee:	4642      	mov	r2, r8
100034f0:	2a09      	cmp	r2, #9
100034f2:	d800      	bhi.n	100034f6 <_vsnprintf+0x136>
100034f4:	e151      	b.n	1000379a <_vsnprintf+0x3da>
100034f6:	282a      	cmp	r0, #42	@ 0x2a
100034f8:	d100      	bne.n	100034fc <_vsnprintf+0x13c>
100034fa:	e15e      	b.n	100037ba <_vsnprintf+0x3fa>
100034fc:	000f      	movs	r7, r1
100034fe:	3101      	adds	r1, #1
10003500:	e7ac      	b.n	1000345c <_vsnprintf+0x9c>
10003502:	9b0a      	ldr	r3, [sp, #40]	@ 0x28
10003504:	46a1      	mov	r9, r4
10003506:	469b      	mov	fp, r3
10003508:	45ca      	cmp	sl, r9
1000350a:	d803      	bhi.n	10003514 <_vsnprintf+0x154>
1000350c:	2301      	movs	r3, #1
1000350e:	425b      	negs	r3, r3
10003510:	4453      	add	r3, sl
10003512:	4699      	mov	r9, r3
10003514:	4653      	mov	r3, sl
10003516:	464a      	mov	r2, r9
10003518:	4659      	mov	r1, fp
1000351a:	2000      	movs	r0, #0
1000351c:	9d0b      	ldr	r5, [sp, #44]	@ 0x2c
1000351e:	47a8      	blx	r5
10003520:	0020      	movs	r0, r4
10003522:	b023      	add	sp, #140	@ 0x8c
10003524:	bcf0      	pop	{r4, r5, r6, r7}
10003526:	46bb      	mov	fp, r7
10003528:	46b2      	mov	sl, r6
1000352a:	46a9      	mov	r9, r5
1000352c:	46a0      	mov	r8, r4
1000352e:	bdf0      	pop	{r4, r5, r6, r7, pc}
10003530:	0003      	movs	r3, r0
10003532:	3b69      	subs	r3, #105	@ 0x69
10003534:	b2db      	uxtb	r3, r3
10003536:	2b0f      	cmp	r3, #15
10003538:	d900      	bls.n	1000353c <_vsnprintf+0x17c>
1000353a:	e762      	b.n	10003402 <_vsnprintf+0x42>
1000353c:	2101      	movs	r1, #1
1000353e:	4099      	lsls	r1, r3
10003540:	4688      	mov	r8, r1
10003542:	4a73      	ldr	r2, [pc, #460]	@ (10003710 <_vsnprintf+0x350>)
10003544:	4011      	ands	r1, r2
10003546:	468b      	mov	fp, r1
10003548:	0011      	movs	r1, r2
1000354a:	4642      	mov	r2, r8
1000354c:	420a      	tst	r2, r1
1000354e:	d000      	beq.n	10003552 <_vsnprintf+0x192>
10003550:	e113      	b.n	1000377a <_vsnprintf+0x3ba>
10003552:	2b0a      	cmp	r3, #10
10003554:	d02f      	beq.n	100035b6 <_vsnprintf+0x1f6>
10003556:	2b07      	cmp	r3, #7
10003558:	d000      	beq.n	1000355c <_vsnprintf+0x19c>
1000355a:	e752      	b.n	10003402 <_vsnprintf+0x42>
1000355c:	9d0c      	ldr	r5, [sp, #48]	@ 0x30
1000355e:	cd01      	ldmia	r5!, {r0}
10003560:	2800      	cmp	r0, #0
10003562:	d100      	bne.n	10003566 <_vsnprintf+0x1a6>
10003564:	e134      	b.n	100037d0 <_vsnprintf+0x410>
10003566:	2321      	movs	r3, #33	@ 0x21
10003568:	431e      	orrs	r6, r3
1000356a:	46b0      	mov	r8, r6
1000356c:	261f      	movs	r6, #31
1000356e:	9a0d      	ldr	r2, [sp, #52]	@ 0x34
10003570:	ab12      	add	r3, sp, #72	@ 0x48
10003572:	18f6      	adds	r6, r6, r3
10003574:	46a1      	mov	r9, r4
10003576:	4694      	mov	ip, r2
10003578:	4659      	mov	r1, fp
1000357a:	0034      	movs	r4, r6
1000357c:	e002      	b.n	10003584 <_vsnprintf+0x1c4>
1000357e:	0900      	lsrs	r0, r0, #4
10003580:	2920      	cmp	r1, #32
10003582:	d00a      	beq.n	1000359a <_vsnprintf+0x1da>
10003584:	260f      	movs	r6, #15
10003586:	4006      	ands	r6, r0
10003588:	0032      	movs	r2, r6
1000358a:	3237      	adds	r2, #55	@ 0x37
1000358c:	2e09      	cmp	r6, #9
1000358e:	d800      	bhi.n	10003592 <_vsnprintf+0x1d2>
10003590:	3a07      	subs	r2, #7
10003592:	3101      	adds	r1, #1
10003594:	5462      	strb	r2, [r4, r1]
10003596:	280f      	cmp	r0, #15
10003598:	d8f1      	bhi.n	1000357e <_vsnprintf+0x1be>
1000359a:	4663      	mov	r3, ip
1000359c:	464c      	mov	r4, r9
1000359e:	468b      	mov	fp, r1
100035a0:	930d      	str	r3, [sp, #52]	@ 0x34
100035a2:	e122      	b.n	100037ea <_vsnprintf+0x42a>
100035a4:	9b0c      	ldr	r3, [sp, #48]	@ 0x30
100035a6:	cb20      	ldmia	r3!, {r5}
100035a8:	2d00      	cmp	r5, #0
100035aa:	db52      	blt.n	10003652 <_vsnprintf+0x292>
100035ac:	7878      	ldrb	r0, [r7, #1]
100035ae:	930c      	str	r3, [sp, #48]	@ 0x30
100035b0:	000f      	movs	r7, r1
100035b2:	3101      	adds	r1, #1
100035b4:	e74e      	b.n	10003454 <_vsnprintf+0x94>
100035b6:	9b0c      	ldr	r3, [sp, #48]	@ 0x30
100035b8:	990d      	ldr	r1, [sp, #52]	@ 0x34
100035ba:	cb04      	ldmia	r3!, {r2}
100035bc:	4690      	mov	r8, r2
100035be:	469b      	mov	fp, r3
100035c0:	2900      	cmp	r1, #0
100035c2:	d100      	bne.n	100035c6 <_vsnprintf+0x206>
100035c4:	e128      	b.n	10003818 <_vsnprintf+0x458>
100035c6:	4643      	mov	r3, r8
100035c8:	7818      	ldrb	r0, [r3, #0]
100035ca:	4441      	add	r1, r8
100035cc:	2800      	cmp	r0, #0
100035ce:	d101      	bne.n	100035d4 <_vsnprintf+0x214>
100035d0:	f000 fc29 	bl	10003e26 <_vsnprintf+0xa66>
100035d4:	9a0d      	ldr	r2, [sp, #52]	@ 0x34
100035d6:	4694      	mov	ip, r2
100035d8:	000a      	movs	r2, r1
100035da:	e004      	b.n	100035e6 <_vsnprintf+0x226>
100035dc:	7859      	ldrb	r1, [r3, #1]
100035de:	3301      	adds	r3, #1
100035e0:	2900      	cmp	r1, #0
100035e2:	d100      	bne.n	100035e6 <_vsnprintf+0x226>
100035e4:	e195      	b.n	10003912 <_vsnprintf+0x552>
100035e6:	429a      	cmp	r2, r3
100035e8:	d1f8      	bne.n	100035dc <_vsnprintf+0x21c>
100035ea:	4663      	mov	r3, ip
100035ec:	930d      	str	r3, [sp, #52]	@ 0x34
100035ee:	4643      	mov	r3, r8
100035f0:	1ad3      	subs	r3, r2, r3
100035f2:	930f      	str	r3, [sp, #60]	@ 0x3c
100035f4:	0573      	lsls	r3, r6, #21
100035f6:	d400      	bmi.n	100035fa <_vsnprintf+0x23a>
100035f8:	e16c      	b.n	100038d4 <_vsnprintf+0x514>
100035fa:	9b0f      	ldr	r3, [sp, #60]	@ 0x3c
100035fc:	9a0d      	ldr	r2, [sp, #52]	@ 0x34
100035fe:	4293      	cmp	r3, r2
10003600:	d900      	bls.n	10003604 <_vsnprintf+0x244>
10003602:	920f      	str	r2, [sp, #60]	@ 0x3c
10003604:	2302      	movs	r3, #2
10003606:	001a      	movs	r2, r3
10003608:	4032      	ands	r2, r6
1000360a:	920c      	str	r2, [sp, #48]	@ 0x30
1000360c:	4233      	tst	r3, r6
1000360e:	d100      	bne.n	10003612 <_vsnprintf+0x252>
10003610:	e291      	b.n	10003b36 <_vsnprintf+0x776>
10003612:	930c      	str	r3, [sp, #48]	@ 0x30
10003614:	9b0d      	ldr	r3, [sp, #52]	@ 0x34
10003616:	46b9      	mov	r9, r7
10003618:	191e      	adds	r6, r3, r4
1000361a:	4643      	mov	r3, r8
1000361c:	1b1b      	subs	r3, r3, r4
1000361e:	46a8      	mov	r8, r5
10003620:	0022      	movs	r2, r4
10003622:	001f      	movs	r7, r3
10003624:	9d0b      	ldr	r5, [sp, #44]	@ 0x2c
10003626:	e008      	b.n	1000363a <_vsnprintf+0x27a>
10003628:	1c54      	adds	r4, r2, #1
1000362a:	4653      	mov	r3, sl
1000362c:	990a      	ldr	r1, [sp, #40]	@ 0x28
1000362e:	47a8      	blx	r5
10003630:	5d38      	ldrb	r0, [r7, r4]
10003632:	2800      	cmp	r0, #0
10003634:	d100      	bne.n	10003638 <_vsnprintf+0x278>
10003636:	e163      	b.n	10003900 <_vsnprintf+0x540>
10003638:	0022      	movs	r2, r4
1000363a:	4296      	cmp	r6, r2
1000363c:	d1f4      	bne.n	10003628 <_vsnprintf+0x268>
1000363e:	4645      	mov	r5, r8
10003640:	464f      	mov	r7, r9
10003642:	0034      	movs	r4, r6
10003644:	9b0c      	ldr	r3, [sp, #48]	@ 0x30
10003646:	2b00      	cmp	r3, #0
10003648:	d000      	beq.n	1000364c <_vsnprintf+0x28c>
1000364a:	e197      	b.n	1000397c <_vsnprintf+0x5bc>
1000364c:	465b      	mov	r3, fp
1000364e:	930c      	str	r3, [sp, #48]	@ 0x30
10003650:	e6dd      	b.n	1000340e <_vsnprintf+0x4e>
10003652:	2202      	movs	r2, #2
10003654:	7878      	ldrb	r0, [r7, #1]
10003656:	4316      	orrs	r6, r2
10003658:	000f      	movs	r7, r1
1000365a:	426d      	negs	r5, r5
1000365c:	930c      	str	r3, [sp, #48]	@ 0x30
1000365e:	3101      	adds	r1, #1
10003660:	e6f8      	b.n	10003454 <_vsnprintf+0x94>
10003662:	7878      	ldrb	r0, [r7, #1]
10003664:	286c      	cmp	r0, #108	@ 0x6c
10003666:	d100      	bne.n	1000366a <_vsnprintf+0x2aa>
10003668:	e159      	b.n	1000391e <_vsnprintf+0x55e>
1000366a:	2380      	movs	r3, #128	@ 0x80
1000366c:	005b      	lsls	r3, r3, #1
1000366e:	431e      	orrs	r6, r3
10003670:	3101      	adds	r1, #1
10003672:	e714      	b.n	1000349e <_vsnprintf+0xde>
10003674:	2380      	movs	r3, #128	@ 0x80
10003676:	009b      	lsls	r3, r3, #2
10003678:	7878      	ldrb	r0, [r7, #1]
1000367a:	431e      	orrs	r6, r3
1000367c:	3101      	adds	r1, #1
1000367e:	e70e      	b.n	1000349e <_vsnprintf+0xde>
10003680:	7878      	ldrb	r0, [r7, #1]
10003682:	2868      	cmp	r0, #104	@ 0x68
10003684:	d100      	bne.n	10003688 <_vsnprintf+0x2c8>
10003686:	e150      	b.n	1000392a <_vsnprintf+0x56a>
10003688:	2380      	movs	r3, #128	@ 0x80
1000368a:	3101      	adds	r1, #1
1000368c:	431e      	orrs	r6, r3
1000368e:	e706      	b.n	1000349e <_vsnprintf+0xde>
10003690:	2867      	cmp	r0, #103	@ 0x67
10003692:	d100      	bne.n	10003696 <_vsnprintf+0x2d6>
10003694:	e0c2      	b.n	1000381c <_vsnprintf+0x45c>
10003696:	2847      	cmp	r0, #71	@ 0x47
10003698:	d100      	bne.n	1000369c <_vsnprintf+0x2dc>
1000369a:	e134      	b.n	10003906 <_vsnprintf+0x546>
1000369c:	2845      	cmp	r0, #69	@ 0x45
1000369e:	d100      	bne.n	100036a2 <_vsnprintf+0x2e2>
100036a0:	e134      	b.n	1000390c <_vsnprintf+0x54c>
100036a2:	2107      	movs	r1, #7
100036a4:	9b0c      	ldr	r3, [sp, #48]	@ 0x30
100036a6:	9a0d      	ldr	r2, [sp, #52]	@ 0x34
100036a8:	3307      	adds	r3, #7
100036aa:	438b      	bics	r3, r1
100036ac:	0019      	movs	r1, r3
100036ae:	9604      	str	r6, [sp, #16]
100036b0:	9503      	str	r5, [sp, #12]
100036b2:	9202      	str	r2, [sp, #8]
100036b4:	c90c      	ldmia	r1!, {r2, r3}
100036b6:	980b      	ldr	r0, [sp, #44]	@ 0x2c
100036b8:	9200      	str	r2, [sp, #0]
100036ba:	9301      	str	r3, [sp, #4]
100036bc:	910c      	str	r1, [sp, #48]	@ 0x30
100036be:	0022      	movs	r2, r4
100036c0:	4653      	mov	r3, sl
100036c2:	990a      	ldr	r1, [sp, #40]	@ 0x28
100036c4:	f7ff fbcc 	bl	10002e60 <_etoa>
100036c8:	0004      	movs	r4, r0
100036ca:	e6a0      	b.n	1000340e <_vsnprintf+0x4e>
100036cc:	2846      	cmp	r0, #70	@ 0x46
100036ce:	d100      	bne.n	100036d2 <_vsnprintf+0x312>
100036d0:	e0a8      	b.n	10003824 <_vsnprintf+0x464>
100036d2:	2107      	movs	r1, #7
100036d4:	9b0c      	ldr	r3, [sp, #48]	@ 0x30
100036d6:	9a0d      	ldr	r2, [sp, #52]	@ 0x34
100036d8:	3307      	adds	r3, #7
100036da:	438b      	bics	r3, r1
100036dc:	0019      	movs	r1, r3
100036de:	9604      	str	r6, [sp, #16]
100036e0:	9503      	str	r5, [sp, #12]
100036e2:	9202      	str	r2, [sp, #8]
100036e4:	c90c      	ldmia	r1!, {r2, r3}
100036e6:	980b      	ldr	r0, [sp, #44]	@ 0x2c
100036e8:	9200      	str	r2, [sp, #0]
100036ea:	9301      	str	r3, [sp, #4]
100036ec:	910c      	str	r1, [sp, #48]	@ 0x30
100036ee:	0022      	movs	r2, r4
100036f0:	4653      	mov	r3, sl
100036f2:	990a      	ldr	r1, [sp, #40]	@ 0x28
100036f4:	f7ff f97a 	bl	100029ec <_ftoa>
100036f8:	0004      	movs	r4, r0
100036fa:	e688      	b.n	1000340e <_vsnprintf+0x4e>
100036fc:	100033c1 	.word	0x100033c1
10003700:	20001bf0 	.word	0x20001bf0
10003704:	10006b6c 	.word	0x10006b6c
10003708:	10006bb0 	.word	0x10006bb0
1000370c:	10006bfc 	.word	0x10006bfc
10003710:	00009041 	.word	0x00009041
10003714:	0022      	movs	r2, r4
10003716:	4653      	mov	r3, sl
10003718:	2025      	movs	r0, #37	@ 0x25
1000371a:	990a      	ldr	r1, [sp, #40]	@ 0x28
1000371c:	9d0b      	ldr	r5, [sp, #44]	@ 0x2c
1000371e:	47a8      	blx	r5
10003720:	3401      	adds	r4, #1
10003722:	e674      	b.n	1000340e <_vsnprintf+0x4e>
10003724:	9b0c      	ldr	r3, [sp, #48]	@ 0x30
10003726:	3304      	adds	r3, #4
10003728:	469b      	mov	fp, r3
1000372a:	1c63      	adds	r3, r4, #1
1000372c:	4698      	mov	r8, r3
1000372e:	07b6      	lsls	r6, r6, #30
10003730:	d400      	bmi.n	10003734 <_vsnprintf+0x374>
10003732:	e0ff      	b.n	10003934 <_vsnprintf+0x574>
10003734:	9b0c      	ldr	r3, [sp, #48]	@ 0x30
10003736:	0022      	movs	r2, r4
10003738:	7818      	ldrb	r0, [r3, #0]
1000373a:	990a      	ldr	r1, [sp, #40]	@ 0x28
1000373c:	4653      	mov	r3, sl
1000373e:	9e0b      	ldr	r6, [sp, #44]	@ 0x2c
10003740:	47b0      	blx	r6
10003742:	1964      	adds	r4, r4, r5
10003744:	2d01      	cmp	r5, #1
10003746:	d800      	bhi.n	1000374a <_vsnprintf+0x38a>
10003748:	e249      	b.n	10003bde <_vsnprintf+0x81e>
1000374a:	4645      	mov	r5, r8
1000374c:	9e0b      	ldr	r6, [sp, #44]	@ 0x2c
1000374e:	46b8      	mov	r8, r7
10003750:	9f0a      	ldr	r7, [sp, #40]	@ 0x28
10003752:	002a      	movs	r2, r5
10003754:	4653      	mov	r3, sl
10003756:	3501      	adds	r5, #1
10003758:	0039      	movs	r1, r7
1000375a:	2020      	movs	r0, #32
1000375c:	47b0      	blx	r6
1000375e:	42a5      	cmp	r5, r4
10003760:	d1f7      	bne.n	10003752 <_vsnprintf+0x392>
10003762:	4647      	mov	r7, r8
10003764:	e772      	b.n	1000364c <_vsnprintf+0x28c>
10003766:	4bdb      	ldr	r3, [pc, #876]	@ (10003ad4 <_vsnprintf+0x714>)
10003768:	7838      	ldrb	r0, [r7, #0]
1000376a:	930b      	str	r3, [sp, #44]	@ 0x2c
1000376c:	2300      	movs	r3, #0
1000376e:	4699      	mov	r9, r3
10003770:	2800      	cmp	r0, #0
10003772:	d000      	beq.n	10003776 <_vsnprintf+0x3b6>
10003774:	e63d      	b.n	100033f2 <_vsnprintf+0x32>
10003776:	2400      	movs	r4, #0
10003778:	e6c6      	b.n	10003508 <_vsnprintf+0x148>
1000377a:	286f      	cmp	r0, #111	@ 0x6f
1000377c:	d055      	beq.n	1000382a <_vsnprintf+0x46a>
1000377e:	d800      	bhi.n	10003782 <_vsnprintf+0x3c2>
10003780:	e2bc      	b.n	10003cfc <_vsnprintf+0x93c>
10003782:	2310      	movs	r3, #16
10003784:	2878      	cmp	r0, #120	@ 0x78
10003786:	d100      	bne.n	1000378a <_vsnprintf+0x3ca>
10003788:	e09e      	b.n	100038c8 <_vsnprintf+0x508>
1000378a:	439e      	bics	r6, r3
1000378c:	230a      	movs	r3, #10
1000378e:	469c      	mov	ip, r3
10003790:	2300      	movs	r3, #0
10003792:	930f      	str	r3, [sp, #60]	@ 0x3c
10003794:	330a      	adds	r3, #10
10003796:	469b      	mov	fp, r3
10003798:	e04d      	b.n	10003836 <_vsnprintf+0x476>
1000379a:	2100      	movs	r1, #0
1000379c:	008a      	lsls	r2, r1, #2
1000379e:	1852      	adds	r2, r2, r1
100037a0:	0052      	lsls	r2, r2, #1
100037a2:	3301      	adds	r3, #1
100037a4:	1811      	adds	r1, r2, r0
100037a6:	7818      	ldrb	r0, [r3, #0]
100037a8:	3930      	subs	r1, #48	@ 0x30
100037aa:	0002      	movs	r2, r0
100037ac:	3a30      	subs	r2, #48	@ 0x30
100037ae:	2a09      	cmp	r2, #9
100037b0:	d9f4      	bls.n	1000379c <_vsnprintf+0x3dc>
100037b2:	910d      	str	r1, [sp, #52]	@ 0x34
100037b4:	001f      	movs	r7, r3
100037b6:	1c59      	adds	r1, r3, #1
100037b8:	e650      	b.n	1000345c <_vsnprintf+0x9c>
100037ba:	9b0c      	ldr	r3, [sp, #48]	@ 0x30
100037bc:	78b8      	ldrb	r0, [r7, #2]
100037be:	cb04      	ldmia	r3!, {r2}
100037c0:	3702      	adds	r7, #2
100037c2:	43d1      	mvns	r1, r2
100037c4:	17c9      	asrs	r1, r1, #31
100037c6:	400a      	ands	r2, r1
100037c8:	920d      	str	r2, [sp, #52]	@ 0x34
100037ca:	930c      	str	r3, [sp, #48]	@ 0x30
100037cc:	1c79      	adds	r1, r7, #1
100037ce:	e645      	b.n	1000345c <_vsnprintf+0x9c>
100037d0:	2310      	movs	r3, #16
100037d2:	0030      	movs	r0, r6
100037d4:	4398      	bics	r0, r3
100037d6:	3311      	adds	r3, #17
100037d8:	4318      	orrs	r0, r3
100037da:	2380      	movs	r3, #128	@ 0x80
100037dc:	4680      	mov	r8, r0
100037de:	0030      	movs	r0, r6
100037e0:	00db      	lsls	r3, r3, #3
100037e2:	4018      	ands	r0, r3
100037e4:	421e      	tst	r6, r3
100037e6:	d100      	bne.n	100037ea <_vsnprintf+0x42a>
100037e8:	e6c0      	b.n	1000356c <_vsnprintf+0x1ac>
100037ea:	4643      	mov	r3, r8
100037ec:	9306      	str	r3, [sp, #24]
100037ee:	2308      	movs	r3, #8
100037f0:	9305      	str	r3, [sp, #20]
100037f2:	9b0d      	ldr	r3, [sp, #52]	@ 0x34
100037f4:	0022      	movs	r2, r4
100037f6:	9304      	str	r3, [sp, #16]
100037f8:	2310      	movs	r3, #16
100037fa:	9303      	str	r3, [sp, #12]
100037fc:	2300      	movs	r3, #0
100037fe:	9302      	str	r3, [sp, #8]
10003800:	465b      	mov	r3, fp
10003802:	9301      	str	r3, [sp, #4]
10003804:	ab1a      	add	r3, sp, #104	@ 0x68
10003806:	9300      	str	r3, [sp, #0]
10003808:	990a      	ldr	r1, [sp, #40]	@ 0x28
1000380a:	4653      	mov	r3, sl
1000380c:	980b      	ldr	r0, [sp, #44]	@ 0x2c
1000380e:	f7fe fff1 	bl	100027f4 <_ntoa_format>
10003812:	950c      	str	r5, [sp, #48]	@ 0x30
10003814:	0004      	movs	r4, r0
10003816:	e5fa      	b.n	1000340e <_vsnprintf+0x4e>
10003818:	3901      	subs	r1, #1
1000381a:	e6d4      	b.n	100035c6 <_vsnprintf+0x206>
1000381c:	2380      	movs	r3, #128	@ 0x80
1000381e:	011b      	lsls	r3, r3, #4
10003820:	431e      	orrs	r6, r3
10003822:	e73e      	b.n	100036a2 <_vsnprintf+0x2e2>
10003824:	2320      	movs	r3, #32
10003826:	431e      	orrs	r6, r3
10003828:	e753      	b.n	100036d2 <_vsnprintf+0x312>
1000382a:	2308      	movs	r3, #8
1000382c:	469c      	mov	ip, r3
1000382e:	2300      	movs	r3, #0
10003830:	930f      	str	r3, [sp, #60]	@ 0x3c
10003832:	3308      	adds	r3, #8
10003834:	469b      	mov	fp, r3
10003836:	2380      	movs	r3, #128	@ 0x80
10003838:	0030      	movs	r0, r6
1000383a:	00db      	lsls	r3, r3, #3
1000383c:	4018      	ands	r0, r3
1000383e:	421e      	tst	r6, r3
10003840:	d100      	bne.n	10003844 <_vsnprintf+0x484>
10003842:	e11a      	b.n	10003a7a <_vsnprintf+0x6ba>
10003844:	230d      	movs	r3, #13
10003846:	0031      	movs	r1, r6
10003848:	4399      	bics	r1, r3
1000384a:	2380      	movs	r3, #128	@ 0x80
1000384c:	000a      	movs	r2, r1
1000384e:	009b      	lsls	r3, r3, #2
10003850:	401a      	ands	r2, r3
10003852:	4691      	mov	r9, r2
10003854:	4219      	tst	r1, r3
10003856:	d000      	beq.n	1000385a <_vsnprintf+0x49a>
10003858:	e1c3      	b.n	10003be2 <_vsnprintf+0x822>
1000385a:	2380      	movs	r3, #128	@ 0x80
1000385c:	000a      	movs	r2, r1
1000385e:	005b      	lsls	r3, r3, #1
10003860:	401a      	ands	r2, r3
10003862:	4690      	mov	r8, r2
10003864:	9a0c      	ldr	r2, [sp, #48]	@ 0x30
10003866:	3204      	adds	r2, #4
10003868:	920f      	str	r2, [sp, #60]	@ 0x3c
1000386a:	4219      	tst	r1, r3
1000386c:	d000      	beq.n	10003870 <_vsnprintf+0x4b0>
1000386e:	e28f      	b.n	10003d90 <_vsnprintf+0x9d0>
10003870:	064b      	lsls	r3, r1, #25
10003872:	d500      	bpl.n	10003876 <_vsnprintf+0x4b6>
10003874:	e197      	b.n	10003ba6 <_vsnprintf+0x7e6>
10003876:	060b      	lsls	r3, r1, #24
10003878:	d400      	bmi.n	1000387c <_vsnprintf+0x4bc>
1000387a:	e2e5      	b.n	10003e48 <_vsnprintf+0xa88>
1000387c:	9b0c      	ldr	r3, [sp, #48]	@ 0x30
1000387e:	881b      	ldrh	r3, [r3, #0]
10003880:	4699      	mov	r9, r3
10003882:	464b      	mov	r3, r9
10003884:	2b00      	cmp	r3, #0
10003886:	d000      	beq.n	1000388a <_vsnprintf+0x4ca>
10003888:	e205      	b.n	10003c96 <_vsnprintf+0x8d6>
1000388a:	3310      	adds	r3, #16
1000388c:	4399      	bics	r1, r3
1000388e:	2800      	cmp	r0, #0
10003890:	d100      	bne.n	10003894 <_vsnprintf+0x4d4>
10003892:	e200      	b.n	10003c96 <_vsnprintf+0x8d6>
10003894:	2300      	movs	r3, #0
10003896:	4698      	mov	r8, r3
10003898:	9b0d      	ldr	r3, [sp, #52]	@ 0x34
1000389a:	9106      	str	r1, [sp, #24]
1000389c:	9304      	str	r3, [sp, #16]
1000389e:	465b      	mov	r3, fp
100038a0:	9303      	str	r3, [sp, #12]
100038a2:	2300      	movs	r3, #0
100038a4:	9505      	str	r5, [sp, #20]
100038a6:	9302      	str	r3, [sp, #8]
100038a8:	4643      	mov	r3, r8
100038aa:	e0d9      	b.n	10003a60 <_vsnprintf+0x6a0>
100038ac:	2858      	cmp	r0, #88	@ 0x58
100038ae:	d008      	beq.n	100038c2 <_vsnprintf+0x502>
100038b0:	2862      	cmp	r0, #98	@ 0x62
100038b2:	d178      	bne.n	100039a6 <_vsnprintf+0x5e6>
100038b4:	2302      	movs	r3, #2
100038b6:	469c      	mov	ip, r3
100038b8:	2300      	movs	r3, #0
100038ba:	930f      	str	r3, [sp, #60]	@ 0x3c
100038bc:	3302      	adds	r3, #2
100038be:	469b      	mov	fp, r3
100038c0:	e7b9      	b.n	10003836 <_vsnprintf+0x476>
100038c2:	2320      	movs	r3, #32
100038c4:	431e      	orrs	r6, r3
100038c6:	3b10      	subs	r3, #16
100038c8:	469c      	mov	ip, r3
100038ca:	2300      	movs	r3, #0
100038cc:	930f      	str	r3, [sp, #60]	@ 0x3c
100038ce:	3310      	adds	r3, #16
100038d0:	469b      	mov	fp, r3
100038d2:	e7b0      	b.n	10003836 <_vsnprintf+0x476>
100038d4:	2302      	movs	r3, #2
100038d6:	001a      	movs	r2, r3
100038d8:	4032      	ands	r2, r6
100038da:	920c      	str	r2, [sp, #48]	@ 0x30
100038dc:	4233      	tst	r3, r6
100038de:	d100      	bne.n	100038e2 <_vsnprintf+0x522>
100038e0:	e205      	b.n	10003cee <_vsnprintf+0x92e>
100038e2:	930c      	str	r3, [sp, #48]	@ 0x30
100038e4:	4643      	mov	r3, r8
100038e6:	46b9      	mov	r9, r7
100038e8:	9e0b      	ldr	r6, [sp, #44]	@ 0x2c
100038ea:	9f0a      	ldr	r7, [sp, #40]	@ 0x28
100038ec:	46a8      	mov	r8, r5
100038ee:	1b1d      	subs	r5, r3, r4
100038f0:	0022      	movs	r2, r4
100038f2:	4653      	mov	r3, sl
100038f4:	0039      	movs	r1, r7
100038f6:	3401      	adds	r4, #1
100038f8:	47b0      	blx	r6
100038fa:	5d28      	ldrb	r0, [r5, r4]
100038fc:	2800      	cmp	r0, #0
100038fe:	d1f7      	bne.n	100038f0 <_vsnprintf+0x530>
10003900:	4645      	mov	r5, r8
10003902:	464f      	mov	r7, r9
10003904:	e69e      	b.n	10003644 <_vsnprintf+0x284>
10003906:	2380      	movs	r3, #128	@ 0x80
10003908:	011b      	lsls	r3, r3, #4
1000390a:	431e      	orrs	r6, r3
1000390c:	2320      	movs	r3, #32
1000390e:	431e      	orrs	r6, r3
10003910:	e6c7      	b.n	100036a2 <_vsnprintf+0x2e2>
10003912:	4662      	mov	r2, ip
10003914:	920d      	str	r2, [sp, #52]	@ 0x34
10003916:	4642      	mov	r2, r8
10003918:	1a9b      	subs	r3, r3, r2
1000391a:	930f      	str	r3, [sp, #60]	@ 0x3c
1000391c:	e66a      	b.n	100035f4 <_vsnprintf+0x234>
1000391e:	23c0      	movs	r3, #192	@ 0xc0
10003920:	009b      	lsls	r3, r3, #2
10003922:	78b8      	ldrb	r0, [r7, #2]
10003924:	431e      	orrs	r6, r3
10003926:	1cf9      	adds	r1, r7, #3
10003928:	e5b9      	b.n	1000349e <_vsnprintf+0xde>
1000392a:	23c0      	movs	r3, #192	@ 0xc0
1000392c:	78b8      	ldrb	r0, [r7, #2]
1000392e:	431e      	orrs	r6, r3
10003930:	1cf9      	adds	r1, r7, #3
10003932:	e5b4      	b.n	1000349e <_vsnprintf+0xde>
10003934:	2d01      	cmp	r5, #1
10003936:	d800      	bhi.n	1000393a <_vsnprintf+0x57a>
10003938:	e14a      	b.n	10003bd0 <_vsnprintf+0x810>
1000393a:	1e63      	subs	r3, r4, #1
1000393c:	4699      	mov	r9, r3
1000393e:	44a9      	add	r9, r5
10003940:	464b      	mov	r3, r9
10003942:	4652      	mov	r2, sl
10003944:	0026      	movs	r6, r4
10003946:	46a1      	mov	r9, r4
10003948:	46ba      	mov	sl, r7
1000394a:	001c      	movs	r4, r3
1000394c:	0017      	movs	r7, r2
1000394e:	46a8      	mov	r8, r5
10003950:	9d0b      	ldr	r5, [sp, #44]	@ 0x2c
10003952:	0032      	movs	r2, r6
10003954:	003b      	movs	r3, r7
10003956:	3601      	adds	r6, #1
10003958:	2020      	movs	r0, #32
1000395a:	990a      	ldr	r1, [sp, #40]	@ 0x28
1000395c:	47a8      	blx	r5
1000395e:	42a6      	cmp	r6, r4
10003960:	d1f7      	bne.n	10003952 <_vsnprintf+0x592>
10003962:	003b      	movs	r3, r7
10003964:	4657      	mov	r7, sl
10003966:	469a      	mov	sl, r3
10003968:	464c      	mov	r4, r9
1000396a:	9b0c      	ldr	r3, [sp, #48]	@ 0x30
1000396c:	0032      	movs	r2, r6
1000396e:	7818      	ldrb	r0, [r3, #0]
10003970:	990a      	ldr	r1, [sp, #40]	@ 0x28
10003972:	4653      	mov	r3, sl
10003974:	9d0b      	ldr	r5, [sp, #44]	@ 0x2c
10003976:	4444      	add	r4, r8
10003978:	47a8      	blx	r5
1000397a:	e667      	b.n	1000364c <_vsnprintf+0x28c>
1000397c:	46a0      	mov	r8, r4
1000397e:	9b0f      	ldr	r3, [sp, #60]	@ 0x3c
10003980:	429d      	cmp	r5, r3
10003982:	d800      	bhi.n	10003986 <_vsnprintf+0x5c6>
10003984:	e662      	b.n	1000364c <_vsnprintf+0x28c>
10003986:	192c      	adds	r4, r5, r4
10003988:	9e0b      	ldr	r6, [sp, #44]	@ 0x2c
1000398a:	4645      	mov	r5, r8
1000398c:	46b8      	mov	r8, r7
1000398e:	9f0a      	ldr	r7, [sp, #40]	@ 0x28
10003990:	1ae4      	subs	r4, r4, r3
10003992:	002a      	movs	r2, r5
10003994:	4653      	mov	r3, sl
10003996:	3501      	adds	r5, #1
10003998:	0039      	movs	r1, r7
1000399a:	2020      	movs	r0, #32
1000399c:	47b0      	blx	r6
1000399e:	42a5      	cmp	r5, r4
100039a0:	d1f7      	bne.n	10003992 <_vsnprintf+0x5d2>
100039a2:	4647      	mov	r7, r8
100039a4:	e652      	b.n	1000364c <_vsnprintf+0x28c>
100039a6:	2380      	movs	r3, #128	@ 0x80
100039a8:	0032      	movs	r2, r6
100039aa:	00db      	lsls	r3, r3, #3
100039ac:	401a      	ands	r2, r3
100039ae:	4690      	mov	r8, r2
100039b0:	421e      	tst	r6, r3
100039b2:	d100      	bne.n	100039b6 <_vsnprintf+0x5f6>
100039b4:	e0f3      	b.n	10003b9e <_vsnprintf+0x7de>
100039b6:	2111      	movs	r1, #17
100039b8:	438e      	bics	r6, r1
100039ba:	46b4      	mov	ip, r6
100039bc:	4698      	mov	r8, r3
100039be:	2380      	movs	r3, #128	@ 0x80
100039c0:	4662      	mov	r2, ip
100039c2:	009b      	lsls	r3, r3, #2
100039c4:	401a      	ands	r2, r3
100039c6:	4693      	mov	fp, r2
100039c8:	4662      	mov	r2, ip
100039ca:	421a      	tst	r2, r3
100039cc:	d159      	bne.n	10003a82 <_vsnprintf+0x6c2>
100039ce:	2380      	movs	r3, #128	@ 0x80
100039d0:	005b      	lsls	r3, r3, #1
100039d2:	401a      	ands	r2, r3
100039d4:	4691      	mov	r9, r2
100039d6:	9a0c      	ldr	r2, [sp, #48]	@ 0x30
100039d8:	3204      	adds	r2, #4
100039da:	920f      	str	r2, [sp, #60]	@ 0x3c
100039dc:	4662      	mov	r2, ip
100039de:	421a      	tst	r2, r3
100039e0:	d000      	beq.n	100039e4 <_vsnprintf+0x624>
100039e2:	e1a0      	b.n	10003d26 <_vsnprintf+0x966>
100039e4:	4663      	mov	r3, ip
100039e6:	065b      	lsls	r3, r3, #25
100039e8:	d500      	bpl.n	100039ec <_vsnprintf+0x62c>
100039ea:	e0d4      	b.n	10003b96 <_vsnprintf+0x7d6>
100039ec:	4663      	mov	r3, ip
100039ee:	061b      	lsls	r3, r3, #24
100039f0:	d400      	bmi.n	100039f4 <_vsnprintf+0x634>
100039f2:	e212      	b.n	10003e1a <_vsnprintf+0xa5a>
100039f4:	9b0c      	ldr	r3, [sp, #48]	@ 0x30
100039f6:	2200      	movs	r2, #0
100039f8:	5e9b      	ldrsh	r3, [r3, r2]
100039fa:	17d8      	asrs	r0, r3, #31
100039fc:	1819      	adds	r1, r3, r0
100039fe:	4041      	eors	r1, r0
10003a00:	b289      	uxth	r1, r1
10003a02:	0fda      	lsrs	r2, r3, #31
10003a04:	920c      	str	r2, [sp, #48]	@ 0x30
10003a06:	2b00      	cmp	r3, #0
10003a08:	d100      	bne.n	10003a0c <_vsnprintf+0x64c>
10003a0a:	e187      	b.n	10003d1c <_vsnprintf+0x95c>
10003a0c:	4688      	mov	r8, r1
10003a0e:	261f      	movs	r6, #31
10003a10:	ab12      	add	r3, sp, #72	@ 0x48
10003a12:	46bb      	mov	fp, r7
10003a14:	9514      	str	r5, [sp, #80]	@ 0x50
10003a16:	18f7      	adds	r7, r6, r3
10003a18:	4645      	mov	r5, r8
10003a1a:	464e      	mov	r6, r9
10003a1c:	46e0      	mov	r8, ip
10003a1e:	46a1      	mov	r9, r4
10003a20:	e006      	b.n	10003a30 <_vsnprintf+0x670>
10003a22:	0028      	movs	r0, r5
10003a24:	210a      	movs	r1, #10
10003a26:	f7fd fff3 	bl	10001a10 <__wrap___aeabi_uidiv>
10003a2a:	0005      	movs	r5, r0
10003a2c:	2e20      	cmp	r6, #32
10003a2e:	d008      	beq.n	10003a42 <_vsnprintf+0x682>
10003a30:	210a      	movs	r1, #10
10003a32:	0028      	movs	r0, r5
10003a34:	f7fd ffec 	bl	10001a10 <__wrap___aeabi_uidiv>
10003a38:	3601      	adds	r6, #1
10003a3a:	3130      	adds	r1, #48	@ 0x30
10003a3c:	55b9      	strb	r1, [r7, r6]
10003a3e:	2d09      	cmp	r5, #9
10003a40:	d8ef      	bhi.n	10003a22 <_vsnprintf+0x662>
10003a42:	464c      	mov	r4, r9
10003a44:	46c4      	mov	ip, r8
10003a46:	46b1      	mov	r9, r6
10003a48:	465f      	mov	r7, fp
10003a4a:	9d14      	ldr	r5, [sp, #80]	@ 0x50
10003a4c:	4663      	mov	r3, ip
10003a4e:	9306      	str	r3, [sp, #24]
10003a50:	9b0d      	ldr	r3, [sp, #52]	@ 0x34
10003a52:	9505      	str	r5, [sp, #20]
10003a54:	9304      	str	r3, [sp, #16]
10003a56:	230a      	movs	r3, #10
10003a58:	9303      	str	r3, [sp, #12]
10003a5a:	9b0c      	ldr	r3, [sp, #48]	@ 0x30
10003a5c:	9302      	str	r3, [sp, #8]
10003a5e:	464b      	mov	r3, r9
10003a60:	9301      	str	r3, [sp, #4]
10003a62:	ab1a      	add	r3, sp, #104	@ 0x68
10003a64:	0022      	movs	r2, r4
10003a66:	9300      	str	r3, [sp, #0]
10003a68:	990a      	ldr	r1, [sp, #40]	@ 0x28
10003a6a:	4653      	mov	r3, sl
10003a6c:	980b      	ldr	r0, [sp, #44]	@ 0x2c
10003a6e:	f7fe fec1 	bl	100027f4 <_ntoa_format>
10003a72:	9b0f      	ldr	r3, [sp, #60]	@ 0x3c
10003a74:	0004      	movs	r4, r0
10003a76:	930c      	str	r3, [sp, #48]	@ 0x30
10003a78:	e4c9      	b.n	1000340e <_vsnprintf+0x4e>
10003a7a:	230c      	movs	r3, #12
10003a7c:	0031      	movs	r1, r6
10003a7e:	4399      	bics	r1, r3
10003a80:	e6e3      	b.n	1000384a <_vsnprintf+0x48a>
10003a82:	2208      	movs	r2, #8
10003a84:	2107      	movs	r1, #7
10003a86:	4691      	mov	r9, r2
10003a88:	9b0c      	ldr	r3, [sp, #48]	@ 0x30
10003a8a:	3307      	adds	r3, #7
10003a8c:	438b      	bics	r3, r1
10003a8e:	4499      	add	r9, r3
10003a90:	464a      	mov	r2, r9
10003a92:	cb0a      	ldmia	r3, {r1, r3}
10003a94:	0008      	movs	r0, r1
10003a96:	920c      	str	r2, [sp, #48]	@ 0x30
10003a98:	0fda      	lsrs	r2, r3, #31
10003a9a:	4693      	mov	fp, r2
10003a9c:	4318      	orrs	r0, r3
10003a9e:	d000      	beq.n	10003aa2 <_vsnprintf+0x6e2>
10003aa0:	e085      	b.n	10003bae <_vsnprintf+0x7ee>
10003aa2:	2300      	movs	r3, #0
10003aa4:	4699      	mov	r9, r3
10003aa6:	4643      	mov	r3, r8
10003aa8:	2b00      	cmp	r3, #0
10003aaa:	d12f      	bne.n	10003b0c <_vsnprintf+0x74c>
10003aac:	2200      	movs	r2, #0
10003aae:	2300      	movs	r3, #0
10003ab0:	9210      	str	r2, [sp, #64]	@ 0x40
10003ab2:	9311      	str	r3, [sp, #68]	@ 0x44
10003ab4:	2300      	movs	r3, #0
10003ab6:	261f      	movs	r6, #31
10003ab8:	4699      	mov	r9, r3
10003aba:	ab12      	add	r3, sp, #72	@ 0x48
10003abc:	18f6      	adds	r6, r6, r3
10003abe:	465b      	mov	r3, fp
10003ac0:	9514      	str	r5, [sp, #80]	@ 0x50
10003ac2:	46bb      	mov	fp, r7
10003ac4:	46e0      	mov	r8, ip
10003ac6:	0037      	movs	r7, r6
10003ac8:	930f      	str	r3, [sp, #60]	@ 0x3c
10003aca:	464e      	mov	r6, r9
10003acc:	46a1      	mov	r9, r4
10003ace:	9c10      	ldr	r4, [sp, #64]	@ 0x40
10003ad0:	9d11      	ldr	r5, [sp, #68]	@ 0x44
10003ad2:	e005      	b.n	10003ae0 <_vsnprintf+0x720>
10003ad4:	10002749 	.word	0x10002749
10003ad8:	0004      	movs	r4, r0
10003ada:	000d      	movs	r5, r1
10003adc:	2e20      	cmp	r6, #32
10003ade:	d00c      	beq.n	10003afa <_vsnprintf+0x73a>
10003ae0:	220a      	movs	r2, #10
10003ae2:	2300      	movs	r3, #0
10003ae4:	0020      	movs	r0, r4
10003ae6:	0029      	movs	r1, r5
10003ae8:	f7fd ffd0 	bl	10001a8c <__wrap___aeabi_uldivmod>
10003aec:	3601      	adds	r6, #1
10003aee:	3230      	adds	r2, #48	@ 0x30
10003af0:	55ba      	strb	r2, [r7, r6]
10003af2:	2d00      	cmp	r5, #0
10003af4:	d1f0      	bne.n	10003ad8 <_vsnprintf+0x718>
10003af6:	2c09      	cmp	r4, #9
10003af8:	d8ee      	bhi.n	10003ad8 <_vsnprintf+0x718>
10003afa:	9b0f      	ldr	r3, [sp, #60]	@ 0x3c
10003afc:	9410      	str	r4, [sp, #64]	@ 0x40
10003afe:	9511      	str	r5, [sp, #68]	@ 0x44
10003b00:	465f      	mov	r7, fp
10003b02:	464c      	mov	r4, r9
10003b04:	46c4      	mov	ip, r8
10003b06:	46b1      	mov	r9, r6
10003b08:	469b      	mov	fp, r3
10003b0a:	9d14      	ldr	r5, [sp, #80]	@ 0x50
10003b0c:	4663      	mov	r3, ip
10003b0e:	9306      	str	r3, [sp, #24]
10003b10:	9b0d      	ldr	r3, [sp, #52]	@ 0x34
10003b12:	9505      	str	r5, [sp, #20]
10003b14:	9304      	str	r3, [sp, #16]
10003b16:	230a      	movs	r3, #10
10003b18:	9303      	str	r3, [sp, #12]
10003b1a:	465b      	mov	r3, fp
10003b1c:	9302      	str	r3, [sp, #8]
10003b1e:	464b      	mov	r3, r9
10003b20:	9301      	str	r3, [sp, #4]
10003b22:	ab1a      	add	r3, sp, #104	@ 0x68
10003b24:	0022      	movs	r2, r4
10003b26:	9300      	str	r3, [sp, #0]
10003b28:	990a      	ldr	r1, [sp, #40]	@ 0x28
10003b2a:	4653      	mov	r3, sl
10003b2c:	980b      	ldr	r0, [sp, #44]	@ 0x2c
10003b2e:	f7fe fe61 	bl	100027f4 <_ntoa_format>
10003b32:	0004      	movs	r4, r0
10003b34:	e46b      	b.n	1000340e <_vsnprintf+0x4e>
10003b36:	9b0f      	ldr	r3, [sp, #60]	@ 0x3c
10003b38:	429d      	cmp	r5, r3
10003b3a:	d800      	bhi.n	10003b3e <_vsnprintf+0x77e>
10003b3c:	e196      	b.n	10003e6c <_vsnprintf+0xaac>
10003b3e:	2380      	movs	r3, #128	@ 0x80
10003b40:	00db      	lsls	r3, r3, #3
10003b42:	930c      	str	r3, [sp, #48]	@ 0x30
10003b44:	9b0f      	ldr	r3, [sp, #60]	@ 0x3c
10003b46:	192e      	adds	r6, r5, r4
10003b48:	1af6      	subs	r6, r6, r3
10003b4a:	4643      	mov	r3, r8
10003b4c:	930f      	str	r3, [sp, #60]	@ 0x3c
10003b4e:	9b0d      	ldr	r3, [sp, #52]	@ 0x34
10003b50:	46a8      	mov	r8, r5
10003b52:	4699      	mov	r9, r3
10003b54:	4653      	mov	r3, sl
10003b56:	46ba      	mov	sl, r7
10003b58:	001f      	movs	r7, r3
10003b5a:	9d0b      	ldr	r5, [sp, #44]	@ 0x2c
10003b5c:	0022      	movs	r2, r4
10003b5e:	003b      	movs	r3, r7
10003b60:	3401      	adds	r4, #1
10003b62:	2020      	movs	r0, #32
10003b64:	990a      	ldr	r1, [sp, #40]	@ 0x28
10003b66:	47a8      	blx	r5
10003b68:	42b4      	cmp	r4, r6
10003b6a:	d1f7      	bne.n	10003b5c <_vsnprintf+0x79c>
10003b6c:	9b0f      	ldr	r3, [sp, #60]	@ 0x3c
10003b6e:	4645      	mov	r5, r8
10003b70:	4698      	mov	r8, r3
10003b72:	464b      	mov	r3, r9
10003b74:	930d      	str	r3, [sp, #52]	@ 0x34
10003b76:	003b      	movs	r3, r7
10003b78:	4657      	mov	r7, sl
10003b7a:	469a      	mov	sl, r3
10003b7c:	4643      	mov	r3, r8
10003b7e:	7818      	ldrb	r0, [r3, #0]
10003b80:	2800      	cmp	r0, #0
10003b82:	d100      	bne.n	10003b86 <_vsnprintf+0x7c6>
10003b84:	e562      	b.n	1000364c <_vsnprintf+0x28c>
10003b86:	1c6b      	adds	r3, r5, #1
10003b88:	930f      	str	r3, [sp, #60]	@ 0x3c
10003b8a:	9b0c      	ldr	r3, [sp, #48]	@ 0x30
10003b8c:	2b00      	cmp	r3, #0
10003b8e:	d100      	bne.n	10003b92 <_vsnprintf+0x7d2>
10003b90:	e6a8      	b.n	100038e4 <_vsnprintf+0x524>
10003b92:	2300      	movs	r3, #0
10003b94:	e53d      	b.n	10003612 <_vsnprintf+0x252>
10003b96:	9b0c      	ldr	r3, [sp, #48]	@ 0x30
10003b98:	781b      	ldrb	r3, [r3, #0]
10003b9a:	0019      	movs	r1, r3
10003b9c:	e731      	b.n	10003a02 <_vsnprintf+0x642>
10003b9e:	2310      	movs	r3, #16
10003ba0:	439e      	bics	r6, r3
10003ba2:	46b4      	mov	ip, r6
10003ba4:	e70b      	b.n	100039be <_vsnprintf+0x5fe>
10003ba6:	9b0c      	ldr	r3, [sp, #48]	@ 0x30
10003ba8:	781b      	ldrb	r3, [r3, #0]
10003baa:	4699      	mov	r9, r3
10003bac:	e669      	b.n	10003882 <_vsnprintf+0x4c2>
10003bae:	17da      	asrs	r2, r3, #31
10003bb0:	9212      	str	r2, [sp, #72]	@ 0x48
10003bb2:	9213      	str	r2, [sp, #76]	@ 0x4c
10003bb4:	404a      	eors	r2, r1
10003bb6:	9210      	str	r2, [sp, #64]	@ 0x40
10003bb8:	9812      	ldr	r0, [sp, #72]	@ 0x48
10003bba:	9913      	ldr	r1, [sp, #76]	@ 0x4c
10003bbc:	000a      	movs	r2, r1
10003bbe:	405a      	eors	r2, r3
10003bc0:	9211      	str	r2, [sp, #68]	@ 0x44
10003bc2:	9a10      	ldr	r2, [sp, #64]	@ 0x40
10003bc4:	9b11      	ldr	r3, [sp, #68]	@ 0x44
10003bc6:	1a12      	subs	r2, r2, r0
10003bc8:	418b      	sbcs	r3, r1
10003bca:	9210      	str	r2, [sp, #64]	@ 0x40
10003bcc:	9311      	str	r3, [sp, #68]	@ 0x44
10003bce:	e771      	b.n	10003ab4 <_vsnprintf+0x6f4>
10003bd0:	9b0c      	ldr	r3, [sp, #48]	@ 0x30
10003bd2:	0022      	movs	r2, r4
10003bd4:	7818      	ldrb	r0, [r3, #0]
10003bd6:	990a      	ldr	r1, [sp, #40]	@ 0x28
10003bd8:	4653      	mov	r3, sl
10003bda:	9c0b      	ldr	r4, [sp, #44]	@ 0x2c
10003bdc:	47a0      	blx	r4
10003bde:	4644      	mov	r4, r8
10003be0:	e534      	b.n	1000364c <_vsnprintf+0x28c>
10003be2:	2208      	movs	r2, #8
10003be4:	2607      	movs	r6, #7
10003be6:	4690      	mov	r8, r2
10003be8:	9b0c      	ldr	r3, [sp, #48]	@ 0x30
10003bea:	3307      	adds	r3, #7
10003bec:	43b3      	bics	r3, r6
10003bee:	4498      	add	r8, r3
10003bf0:	4642      	mov	r2, r8
10003bf2:	920c      	str	r2, [sp, #48]	@ 0x30
10003bf4:	681a      	ldr	r2, [r3, #0]
10003bf6:	685b      	ldr	r3, [r3, #4]
10003bf8:	9214      	str	r2, [sp, #80]	@ 0x50
10003bfa:	9308      	str	r3, [sp, #32]
10003bfc:	0013      	movs	r3, r2
10003bfe:	9a08      	ldr	r2, [sp, #32]
10003c00:	4313      	orrs	r3, r2
10003c02:	d105      	bne.n	10003c10 <_vsnprintf+0x850>
10003c04:	3310      	adds	r3, #16
10003c06:	4399      	bics	r1, r3
10003c08:	2300      	movs	r3, #0
10003c0a:	4698      	mov	r8, r3
10003c0c:	2800      	cmp	r0, #0
10003c0e:	d138      	bne.n	10003c82 <_vsnprintf+0x8c2>
10003c10:	2061      	movs	r0, #97	@ 0x61
10003c12:	068b      	lsls	r3, r1, #26
10003c14:	d500      	bpl.n	10003c18 <_vsnprintf+0x858>
10003c16:	2041      	movs	r0, #65	@ 0x41
10003c18:	2300      	movs	r3, #0
10003c1a:	261f      	movs	r6, #31
10003c1c:	4698      	mov	r8, r3
10003c1e:	465a      	mov	r2, fp
10003c20:	ab12      	add	r3, sp, #72	@ 0x48
10003c22:	18f6      	adds	r6, r6, r3
10003c24:	0003      	movs	r3, r0
10003c26:	9218      	str	r2, [sp, #96]	@ 0x60
10003c28:	9a0f      	ldr	r2, [sp, #60]	@ 0x3c
10003c2a:	3b0a      	subs	r3, #10
10003c2c:	46b1      	mov	r9, r6
10003c2e:	9516      	str	r5, [sp, #88]	@ 0x58
10003c30:	9417      	str	r4, [sp, #92]	@ 0x5c
10003c32:	9719      	str	r7, [sp, #100]	@ 0x64
10003c34:	4644      	mov	r4, r8
10003c36:	4666      	mov	r6, ip
10003c38:	4690      	mov	r8, r2
10003c3a:	469b      	mov	fp, r3
10003c3c:	9f14      	ldr	r7, [sp, #80]	@ 0x50
10003c3e:	9d08      	ldr	r5, [sp, #32]
10003c40:	9115      	str	r1, [sp, #84]	@ 0x54
10003c42:	e003      	b.n	10003c4c <_vsnprintf+0x88c>
10003c44:	0007      	movs	r7, r0
10003c46:	000d      	movs	r5, r1
10003c48:	2c20      	cmp	r4, #32
10003c4a:	d013      	beq.n	10003c74 <_vsnprintf+0x8b4>
10003c4c:	0032      	movs	r2, r6
10003c4e:	2300      	movs	r3, #0
10003c50:	0038      	movs	r0, r7
10003c52:	0029      	movs	r1, r5
10003c54:	f7fd ff1a 	bl	10001a8c <__wrap___aeabi_uldivmod>
10003c58:	465b      	mov	r3, fp
10003c5a:	b2d2      	uxtb	r2, r2
10003c5c:	18d3      	adds	r3, r2, r3
10003c5e:	2a09      	cmp	r2, #9
10003c60:	d801      	bhi.n	10003c66 <_vsnprintf+0x8a6>
10003c62:	0013      	movs	r3, r2
10003c64:	3330      	adds	r3, #48	@ 0x30
10003c66:	464a      	mov	r2, r9
10003c68:	3401      	adds	r4, #1
10003c6a:	5513      	strb	r3, [r2, r4]
10003c6c:	45a8      	cmp	r8, r5
10003c6e:	d1e9      	bne.n	10003c44 <_vsnprintf+0x884>
10003c70:	42be      	cmp	r6, r7
10003c72:	d9e7      	bls.n	10003c44 <_vsnprintf+0x884>
10003c74:	9b18      	ldr	r3, [sp, #96]	@ 0x60
10003c76:	46a0      	mov	r8, r4
10003c78:	469b      	mov	fp, r3
10003c7a:	9915      	ldr	r1, [sp, #84]	@ 0x54
10003c7c:	9d16      	ldr	r5, [sp, #88]	@ 0x58
10003c7e:	9c17      	ldr	r4, [sp, #92]	@ 0x5c
10003c80:	9f19      	ldr	r7, [sp, #100]	@ 0x64
10003c82:	9b0d      	ldr	r3, [sp, #52]	@ 0x34
10003c84:	9106      	str	r1, [sp, #24]
10003c86:	9304      	str	r3, [sp, #16]
10003c88:	465b      	mov	r3, fp
10003c8a:	9303      	str	r3, [sp, #12]
10003c8c:	2300      	movs	r3, #0
10003c8e:	9505      	str	r5, [sp, #20]
10003c90:	9302      	str	r3, [sp, #8]
10003c92:	4643      	mov	r3, r8
10003c94:	e744      	b.n	10003b20 <_vsnprintf+0x760>
10003c96:	2061      	movs	r0, #97	@ 0x61
10003c98:	068b      	lsls	r3, r1, #26
10003c9a:	d500      	bpl.n	10003c9e <_vsnprintf+0x8de>
10003c9c:	2041      	movs	r0, #65	@ 0x41
10003c9e:	261f      	movs	r6, #31
10003ca0:	ab12      	add	r3, sp, #72	@ 0x48
10003ca2:	18f2      	adds	r2, r6, r3
10003ca4:	0003      	movs	r3, r0
10003ca6:	3b0a      	subs	r3, #10
10003ca8:	930c      	str	r3, [sp, #48]	@ 0x30
10003caa:	464b      	mov	r3, r9
10003cac:	4646      	mov	r6, r8
10003cae:	46a1      	mov	r9, r4
10003cb0:	46a8      	mov	r8, r5
10003cb2:	001c      	movs	r4, r3
10003cb4:	465d      	mov	r5, fp
10003cb6:	9114      	str	r1, [sp, #80]	@ 0x50
10003cb8:	46bb      	mov	fp, r7
10003cba:	0017      	movs	r7, r2
10003cbc:	e002      	b.n	10003cc4 <_vsnprintf+0x904>
10003cbe:	0004      	movs	r4, r0
10003cc0:	2e20      	cmp	r6, #32
10003cc2:	d00d      	beq.n	10003ce0 <_vsnprintf+0x920>
10003cc4:	0029      	movs	r1, r5
10003cc6:	0020      	movs	r0, r4
10003cc8:	f7fd fea2 	bl	10001a10 <__wrap___aeabi_uidiv>
10003ccc:	9b0c      	ldr	r3, [sp, #48]	@ 0x30
10003cce:	18cb      	adds	r3, r1, r3
10003cd0:	2909      	cmp	r1, #9
10003cd2:	d801      	bhi.n	10003cd8 <_vsnprintf+0x918>
10003cd4:	000b      	movs	r3, r1
10003cd6:	3330      	adds	r3, #48	@ 0x30
10003cd8:	3601      	adds	r6, #1
10003cda:	55bb      	strb	r3, [r7, r6]
10003cdc:	42ac      	cmp	r4, r5
10003cde:	d2ee      	bcs.n	10003cbe <_vsnprintf+0x8fe>
10003ce0:	465f      	mov	r7, fp
10003ce2:	464c      	mov	r4, r9
10003ce4:	46ab      	mov	fp, r5
10003ce6:	9914      	ldr	r1, [sp, #80]	@ 0x50
10003ce8:	4645      	mov	r5, r8
10003cea:	46b0      	mov	r8, r6
10003cec:	e5d4      	b.n	10003898 <_vsnprintf+0x4d8>
10003cee:	9b0f      	ldr	r3, [sp, #60]	@ 0x3c
10003cf0:	429d      	cmp	r5, r3
10003cf2:	d900      	bls.n	10003cf6 <_vsnprintf+0x936>
10003cf4:	e726      	b.n	10003b44 <_vsnprintf+0x784>
10003cf6:	3301      	adds	r3, #1
10003cf8:	930f      	str	r3, [sp, #60]	@ 0x3c
10003cfa:	e5f3      	b.n	100038e4 <_vsnprintf+0x524>
10003cfc:	2310      	movs	r3, #16
10003cfe:	0032      	movs	r2, r6
10003d00:	439a      	bics	r2, r3
10003d02:	4694      	mov	ip, r2
10003d04:	2869      	cmp	r0, #105	@ 0x69
10003d06:	d000      	beq.n	10003d0a <_vsnprintf+0x94a>
10003d08:	e0a2      	b.n	10003e50 <_vsnprintf+0xa90>
10003d0a:	2380      	movs	r3, #128	@ 0x80
10003d0c:	0032      	movs	r2, r6
10003d0e:	00db      	lsls	r3, r3, #3
10003d10:	401a      	ands	r2, r3
10003d12:	4690      	mov	r8, r2
10003d14:	421e      	tst	r6, r3
10003d16:	d100      	bne.n	10003d1a <_vsnprintf+0x95a>
10003d18:	e651      	b.n	100039be <_vsnprintf+0x5fe>
10003d1a:	e64c      	b.n	100039b6 <_vsnprintf+0x5f6>
10003d1c:	4643      	mov	r3, r8
10003d1e:	2b00      	cmp	r3, #0
10003d20:	d000      	beq.n	10003d24 <_vsnprintf+0x964>
10003d22:	e693      	b.n	10003a4c <_vsnprintf+0x68c>
10003d24:	e673      	b.n	10003a0e <_vsnprintf+0x64e>
10003d26:	9b0c      	ldr	r3, [sp, #48]	@ 0x30
10003d28:	681b      	ldr	r3, [r3, #0]
10003d2a:	0fda      	lsrs	r2, r3, #31
10003d2c:	2b00      	cmp	r3, #0
10003d2e:	d070      	beq.n	10003e12 <_vsnprintf+0xa52>
10003d30:	17d9      	asrs	r1, r3, #31
10003d32:	185b      	adds	r3, r3, r1
10003d34:	404b      	eors	r3, r1
10003d36:	4698      	mov	r8, r3
10003d38:	261f      	movs	r6, #31
10003d3a:	ab12      	add	r3, sp, #72	@ 0x48
10003d3c:	18f6      	adds	r6, r6, r3
10003d3e:	46a1      	mov	r9, r4
10003d40:	9514      	str	r5, [sp, #80]	@ 0x50
10003d42:	465c      	mov	r4, fp
10003d44:	4645      	mov	r5, r8
10003d46:	46bb      	mov	fp, r7
10003d48:	46e0      	mov	r8, ip
10003d4a:	0037      	movs	r7, r6
10003d4c:	920c      	str	r2, [sp, #48]	@ 0x30
10003d4e:	e006      	b.n	10003d5e <_vsnprintf+0x99e>
10003d50:	0028      	movs	r0, r5
10003d52:	210a      	movs	r1, #10
10003d54:	f7fd fe5c 	bl	10001a10 <__wrap___aeabi_uidiv>
10003d58:	0005      	movs	r5, r0
10003d5a:	2c20      	cmp	r4, #32
10003d5c:	d008      	beq.n	10003d70 <_vsnprintf+0x9b0>
10003d5e:	210a      	movs	r1, #10
10003d60:	0028      	movs	r0, r5
10003d62:	f7fd fe55 	bl	10001a10 <__wrap___aeabi_uidiv>
10003d66:	3401      	adds	r4, #1
10003d68:	3130      	adds	r1, #48	@ 0x30
10003d6a:	5539      	strb	r1, [r7, r4]
10003d6c:	2d09      	cmp	r5, #9
10003d6e:	d8ef      	bhi.n	10003d50 <_vsnprintf+0x990>
10003d70:	465f      	mov	r7, fp
10003d72:	46c4      	mov	ip, r8
10003d74:	46a3      	mov	fp, r4
10003d76:	464c      	mov	r4, r9
10003d78:	9d14      	ldr	r5, [sp, #80]	@ 0x50
10003d7a:	9a0c      	ldr	r2, [sp, #48]	@ 0x30
10003d7c:	4663      	mov	r3, ip
10003d7e:	9306      	str	r3, [sp, #24]
10003d80:	9b0d      	ldr	r3, [sp, #52]	@ 0x34
10003d82:	9505      	str	r5, [sp, #20]
10003d84:	9304      	str	r3, [sp, #16]
10003d86:	230a      	movs	r3, #10
10003d88:	9202      	str	r2, [sp, #8]
10003d8a:	9303      	str	r3, [sp, #12]
10003d8c:	465b      	mov	r3, fp
10003d8e:	e667      	b.n	10003a60 <_vsnprintf+0x6a0>
10003d90:	9b0c      	ldr	r3, [sp, #48]	@ 0x30
10003d92:	681b      	ldr	r3, [r3, #0]
10003d94:	4698      	mov	r8, r3
10003d96:	2b00      	cmp	r3, #0
10003d98:	d103      	bne.n	10003da2 <_vsnprintf+0x9e2>
10003d9a:	3310      	adds	r3, #16
10003d9c:	4399      	bics	r1, r3
10003d9e:	2800      	cmp	r0, #0
10003da0:	d12d      	bne.n	10003dfe <_vsnprintf+0xa3e>
10003da2:	2061      	movs	r0, #97	@ 0x61
10003da4:	068b      	lsls	r3, r1, #26
10003da6:	d500      	bpl.n	10003daa <_vsnprintf+0x9ea>
10003da8:	2041      	movs	r0, #65	@ 0x41
10003daa:	261f      	movs	r6, #31
10003dac:	ab12      	add	r3, sp, #72	@ 0x48
10003dae:	18f6      	adds	r6, r6, r3
10003db0:	0003      	movs	r3, r0
10003db2:	3b0a      	subs	r3, #10
10003db4:	464a      	mov	r2, r9
10003db6:	930c      	str	r3, [sp, #48]	@ 0x30
10003db8:	9114      	str	r1, [sp, #80]	@ 0x50
10003dba:	4643      	mov	r3, r8
10003dbc:	0031      	movs	r1, r6
10003dbe:	46a8      	mov	r8, r5
10003dc0:	46a1      	mov	r9, r4
10003dc2:	465e      	mov	r6, fp
10003dc4:	0014      	movs	r4, r2
10003dc6:	46bb      	mov	fp, r7
10003dc8:	001d      	movs	r5, r3
10003dca:	000f      	movs	r7, r1
10003dcc:	e002      	b.n	10003dd4 <_vsnprintf+0xa14>
10003dce:	0005      	movs	r5, r0
10003dd0:	2c20      	cmp	r4, #32
10003dd2:	d00d      	beq.n	10003df0 <_vsnprintf+0xa30>
10003dd4:	0031      	movs	r1, r6
10003dd6:	0028      	movs	r0, r5
10003dd8:	f7fd fe1a 	bl	10001a10 <__wrap___aeabi_uidiv>
10003ddc:	9b0c      	ldr	r3, [sp, #48]	@ 0x30
10003dde:	18cb      	adds	r3, r1, r3
10003de0:	2909      	cmp	r1, #9
10003de2:	d801      	bhi.n	10003de8 <_vsnprintf+0xa28>
10003de4:	000b      	movs	r3, r1
10003de6:	3330      	adds	r3, #48	@ 0x30
10003de8:	3401      	adds	r4, #1
10003dea:	553b      	strb	r3, [r7, r4]
10003dec:	42b5      	cmp	r5, r6
10003dee:	d2ee      	bcs.n	10003dce <_vsnprintf+0xa0e>
10003df0:	0023      	movs	r3, r4
10003df2:	465f      	mov	r7, fp
10003df4:	464c      	mov	r4, r9
10003df6:	4645      	mov	r5, r8
10003df8:	46b3      	mov	fp, r6
10003dfa:	4699      	mov	r9, r3
10003dfc:	9914      	ldr	r1, [sp, #80]	@ 0x50
10003dfe:	9b0d      	ldr	r3, [sp, #52]	@ 0x34
10003e00:	9106      	str	r1, [sp, #24]
10003e02:	9304      	str	r3, [sp, #16]
10003e04:	465b      	mov	r3, fp
10003e06:	9303      	str	r3, [sp, #12]
10003e08:	2300      	movs	r3, #0
10003e0a:	9505      	str	r5, [sp, #20]
10003e0c:	9302      	str	r3, [sp, #8]
10003e0e:	464b      	mov	r3, r9
10003e10:	e626      	b.n	10003a60 <_vsnprintf+0x6a0>
10003e12:	4643      	mov	r3, r8
10003e14:	2b00      	cmp	r3, #0
10003e16:	d1b1      	bne.n	10003d7c <_vsnprintf+0x9bc>
10003e18:	e78e      	b.n	10003d38 <_vsnprintf+0x978>
10003e1a:	9b0c      	ldr	r3, [sp, #48]	@ 0x30
10003e1c:	681b      	ldr	r3, [r3, #0]
10003e1e:	17d8      	asrs	r0, r3, #31
10003e20:	1819      	adds	r1, r3, r0
10003e22:	4041      	eors	r1, r0
10003e24:	e5ed      	b.n	10003a02 <_vsnprintf+0x642>
10003e26:	2380      	movs	r3, #128	@ 0x80
10003e28:	0032      	movs	r2, r6
10003e2a:	00db      	lsls	r3, r3, #3
10003e2c:	401a      	ands	r2, r3
10003e2e:	920f      	str	r2, [sp, #60]	@ 0x3c
10003e30:	421e      	tst	r6, r3
10003e32:	d00f      	beq.n	10003e54 <_vsnprintf+0xa94>
10003e34:	3002      	adds	r0, #2
10003e36:	0002      	movs	r2, r0
10003e38:	4032      	ands	r2, r6
10003e3a:	920f      	str	r2, [sp, #60]	@ 0x3c
10003e3c:	4230      	tst	r0, r6
10003e3e:	d019      	beq.n	10003e74 <_vsnprintf+0xab4>
10003e40:	2300      	movs	r3, #0
10003e42:	46a0      	mov	r8, r4
10003e44:	930f      	str	r3, [sp, #60]	@ 0x3c
10003e46:	e59a      	b.n	1000397e <_vsnprintf+0x5be>
10003e48:	9b0c      	ldr	r3, [sp, #48]	@ 0x30
10003e4a:	681b      	ldr	r3, [r3, #0]
10003e4c:	4699      	mov	r9, r3
10003e4e:	e518      	b.n	10003882 <_vsnprintf+0x4c2>
10003e50:	0016      	movs	r6, r2
10003e52:	e49b      	b.n	1000378c <_vsnprintf+0x3cc>
10003e54:	2302      	movs	r3, #2
10003e56:	001a      	movs	r2, r3
10003e58:	4032      	ands	r2, r6
10003e5a:	920c      	str	r2, [sp, #48]	@ 0x30
10003e5c:	4233      	tst	r3, r6
10003e5e:	d000      	beq.n	10003e62 <_vsnprintf+0xaa2>
10003e60:	e58c      	b.n	1000397c <_vsnprintf+0x5bc>
10003e62:	2d00      	cmp	r5, #0
10003e64:	d000      	beq.n	10003e68 <_vsnprintf+0xaa8>
10003e66:	e66d      	b.n	10003b44 <_vsnprintf+0x784>
10003e68:	f7ff fbf0 	bl	1000364c <_vsnprintf+0x28c>
10003e6c:	3301      	adds	r3, #1
10003e6e:	930f      	str	r3, [sp, #60]	@ 0x3c
10003e70:	f7ff fbd0 	bl	10003614 <_vsnprintf+0x254>
10003e74:	930c      	str	r3, [sp, #48]	@ 0x30
10003e76:	e7f4      	b.n	10003e62 <_vsnprintf+0xaa2>

10003e78 <vfctprintf>:
10003e78:	b500      	push	{lr}
10003e7a:	b085      	sub	sp, #20
10003e7c:	9103      	str	r1, [sp, #12]
10003e7e:	2101      	movs	r1, #1
10003e80:	9002      	str	r0, [sp, #8]
10003e82:	9300      	str	r3, [sp, #0]
10003e84:	4803      	ldr	r0, [pc, #12]	@ (10003e94 <vfctprintf+0x1c>)
10003e86:	0013      	movs	r3, r2
10003e88:	424a      	negs	r2, r1
10003e8a:	a902      	add	r1, sp, #8
10003e8c:	f7ff fa98 	bl	100033c0 <_vsnprintf>
10003e90:	b005      	add	sp, #20
10003e92:	bd00      	pop	{pc}
10003e94:	100029dd 	.word	0x100029dd

10003e98 <weak_raw_vprintf>:
10003e98:	b510      	push	{r4, lr}
10003e9a:	4a09      	ldr	r2, [pc, #36]	@ (10003ec0 <weak_raw_vprintf+0x28>)
10003e9c:	0003      	movs	r3, r0
10003e9e:	6814      	ldr	r4, [r2, #0]
10003ea0:	b084      	sub	sp, #16
10003ea2:	2c00      	cmp	r4, #0
10003ea4:	d008      	beq.n	10003eb8 <weak_raw_vprintf+0x20>
10003ea6:	2201      	movs	r2, #1
10003ea8:	9100      	str	r1, [sp, #0]
10003eaa:	4806      	ldr	r0, [pc, #24]	@ (10003ec4 <weak_raw_vprintf+0x2c>)
10003eac:	4252      	negs	r2, r2
10003eae:	a903      	add	r1, sp, #12
10003eb0:	47a0      	blx	r4
10003eb2:	2001      	movs	r0, #1
10003eb4:	b004      	add	sp, #16
10003eb6:	bd10      	pop	{r4, pc}
10003eb8:	f000 f9cc 	bl	10004254 <__wrap_puts>
10003ebc:	2000      	movs	r0, #0
10003ebe:	e7f9      	b.n	10003eb4 <weak_raw_vprintf+0x1c>
10003ec0:	20001bf0 	.word	0x20001bf0
10003ec4:	100029cd 	.word	0x100029cd

10003ec8 <_exit>:
10003ec8:	be00      	bkpt	0x0000
10003eca:	e7fd      	b.n	10003ec8 <_exit>

10003ecc <_fini>:
10003ecc:	4770      	bx	lr
10003ece:	46c0      	nop			@ (mov r8, r8)

10003ed0 <exit>:
10003ed0:	b510      	push	{r4, lr}
10003ed2:	f7ff fff9 	bl	10003ec8 <_exit>
10003ed6:	46c0      	nop			@ (mov r8, r8)

10003ed8 <runtime_init>:
10003ed8:	b570      	push	{r4, r5, r6, lr}
10003eda:	f7fd fc4d 	bl	10001778 <runtime_run_initializers>
10003ede:	4d07      	ldr	r5, [pc, #28]	@ (10003efc <runtime_init+0x24>)
10003ee0:	4e07      	ldr	r6, [pc, #28]	@ (10003f00 <runtime_init+0x28>)
10003ee2:	42b5      	cmp	r5, r6
10003ee4:	d209      	bcs.n	10003efa <runtime_init+0x22>
10003ee6:	2400      	movs	r4, #0
10003ee8:	3e01      	subs	r6, #1
10003eea:	1b76      	subs	r6, r6, r5
10003eec:	08b6      	lsrs	r6, r6, #2
10003eee:	3601      	adds	r6, #1
10003ef0:	cd08      	ldmia	r5!, {r3}
10003ef2:	3401      	adds	r4, #1
10003ef4:	4798      	blx	r3
10003ef6:	42b4      	cmp	r4, r6
10003ef8:	d1fa      	bne.n	10003ef0 <runtime_init+0x18>
10003efa:	bd70      	pop	{r4, r5, r6, pc}
10003efc:	100067cc 	.word	0x100067cc
10003f00:	100067d0 	.word	0x100067d0

10003f04 <stdio_out_chars_no_crlf>:
10003f04:	0003      	movs	r3, r0
10003f06:	b510      	push	{r4, lr}
10003f08:	0008      	movs	r0, r1
10003f0a:	0011      	movs	r1, r2
10003f0c:	681b      	ldr	r3, [r3, #0]
10003f0e:	4798      	blx	r3
10003f10:	bd10      	pop	{r4, pc}
10003f12:	46c0      	nop			@ (mov r8, r8)

10003f14 <stdio_out_chars_crlf>:
10003f14:	b5f8      	push	{r3, r4, r5, r6, r7, lr}
10003f16:	7d43      	ldrb	r3, [r0, #21]
10003f18:	0007      	movs	r7, r0
10003f1a:	000d      	movs	r5, r1
10003f1c:	0016      	movs	r6, r2
10003f1e:	2b00      	cmp	r3, #0
10003f20:	d038      	beq.n	10003f94 <stdio_out_chars_crlf+0x80>
10003f22:	2a00      	cmp	r2, #0
10003f24:	dd1a      	ble.n	10003f5c <stdio_out_chars_crlf+0x48>
10003f26:	780b      	ldrb	r3, [r1, #0]
10003f28:	2b0a      	cmp	r3, #10
10003f2a:	d018      	beq.n	10003f5e <stdio_out_chars_crlf+0x4a>
10003f2c:	2000      	movs	r0, #0
10003f2e:	2e01      	cmp	r6, #1
10003f30:	d009      	beq.n	10003f46 <stdio_out_chars_crlf+0x32>
10003f32:	2401      	movs	r4, #1
10003f34:	0021      	movs	r1, r4
10003f36:	5c6b      	ldrb	r3, [r5, r1]
10003f38:	3401      	adds	r4, #1
10003f3a:	2b0a      	cmp	r3, #10
10003f3c:	d01a      	beq.n	10003f74 <stdio_out_chars_crlf+0x60>
10003f3e:	42b4      	cmp	r4, r6
10003f40:	d1f8      	bne.n	10003f34 <stdio_out_chars_crlf+0x20>
10003f42:	4286      	cmp	r6, r0
10003f44:	dd03      	ble.n	10003f4e <stdio_out_chars_crlf+0x3a>
10003f46:	1a31      	subs	r1, r6, r0
10003f48:	683b      	ldr	r3, [r7, #0]
10003f4a:	1828      	adds	r0, r5, r0
10003f4c:	4798      	blx	r3
10003f4e:	19ad      	adds	r5, r5, r6
10003f50:	3d01      	subs	r5, #1
10003f52:	782b      	ldrb	r3, [r5, #0]
10003f54:	3b0d      	subs	r3, #13
10003f56:	425a      	negs	r2, r3
10003f58:	4153      	adcs	r3, r2
10003f5a:	753b      	strb	r3, [r7, #20]
10003f5c:	bdf8      	pop	{r3, r4, r5, r6, r7, pc}
10003f5e:	7d03      	ldrb	r3, [r0, #20]
10003f60:	2b00      	cmp	r3, #0
10003f62:	d1e3      	bne.n	10003f2c <stdio_out_chars_crlf+0x18>
10003f64:	2102      	movs	r1, #2
10003f66:	480e      	ldr	r0, [pc, #56]	@ (10003fa0 <stdio_out_chars_crlf+0x8c>)
10003f68:	683b      	ldr	r3, [r7, #0]
10003f6a:	4798      	blx	r3
10003f6c:	2e01      	cmp	r6, #1
10003f6e:	d0ee      	beq.n	10003f4e <stdio_out_chars_crlf+0x3a>
10003f70:	2001      	movs	r0, #1
10003f72:	e7de      	b.n	10003f32 <stdio_out_chars_crlf+0x1e>
10003f74:	1e6b      	subs	r3, r5, #1
10003f76:	5c5b      	ldrb	r3, [r3, r1]
10003f78:	2b0d      	cmp	r3, #13
10003f7a:	d0e0      	beq.n	10003f3e <stdio_out_chars_crlf+0x2a>
10003f7c:	4288      	cmp	r0, r1
10003f7e:	da03      	bge.n	10003f88 <stdio_out_chars_crlf+0x74>
10003f80:	1a09      	subs	r1, r1, r0
10003f82:	683b      	ldr	r3, [r7, #0]
10003f84:	1828      	adds	r0, r5, r0
10003f86:	4798      	blx	r3
10003f88:	4805      	ldr	r0, [pc, #20]	@ (10003fa0 <stdio_out_chars_crlf+0x8c>)
10003f8a:	2102      	movs	r1, #2
10003f8c:	683b      	ldr	r3, [r7, #0]
10003f8e:	4798      	blx	r3
10003f90:	0020      	movs	r0, r4
10003f92:	e7d4      	b.n	10003f3e <stdio_out_chars_crlf+0x2a>
10003f94:	6803      	ldr	r3, [r0, #0]
10003f96:	0011      	movs	r1, r2
10003f98:	0028      	movs	r0, r5
10003f9a:	4798      	blx	r3
10003f9c:	e7de      	b.n	10003f5c <stdio_out_chars_crlf+0x48>
10003f9e:	46c0      	nop			@ (mov r8, r8)
10003fa0:	10006d58 	.word	0x10006d58

10003fa4 <stdio_buffered_printer>:
10003fa4:	b5f8      	push	{r3, r4, r5, r6, r7, lr}
10003fa6:	680b      	ldr	r3, [r1, #0]
10003fa8:	000d      	movs	r5, r1
10003faa:	1c5a      	adds	r2, r3, #1
10003fac:	18cb      	adds	r3, r1, r3
10003fae:	600a      	str	r2, [r1, #0]
10003fb0:	7118      	strb	r0, [r3, #4]
10003fb2:	2a80      	cmp	r2, #128	@ 0x80
10003fb4:	d000      	beq.n	10003fb8 <stdio_buffered_printer+0x14>
10003fb6:	bdf8      	pop	{r3, r4, r5, r6, r7, pc}
10003fb8:	4b0e      	ldr	r3, [pc, #56]	@ (10003ff4 <stdio_buffered_printer+0x50>)
10003fba:	681c      	ldr	r4, [r3, #0]
10003fbc:	2c00      	cmp	r4, #0
10003fbe:	d015      	beq.n	10003fec <stdio_buffered_printer+0x48>
10003fc0:	4e0d      	ldr	r6, [pc, #52]	@ (10003ff8 <stdio_buffered_printer+0x54>)
10003fc2:	1d0f      	adds	r7, r1, #4
10003fc4:	e002      	b.n	10003fcc <stdio_buffered_printer+0x28>
10003fc6:	6924      	ldr	r4, [r4, #16]
10003fc8:	2c00      	cmp	r4, #0
10003fca:	d00f      	beq.n	10003fec <stdio_buffered_printer+0x48>
10003fcc:	6823      	ldr	r3, [r4, #0]
10003fce:	2b00      	cmp	r3, #0
10003fd0:	d0f9      	beq.n	10003fc6 <stdio_buffered_printer+0x22>
10003fd2:	6833      	ldr	r3, [r6, #0]
10003fd4:	2b00      	cmp	r3, #0
10003fd6:	d001      	beq.n	10003fdc <stdio_buffered_printer+0x38>
10003fd8:	42a3      	cmp	r3, r4
10003fda:	d1f4      	bne.n	10003fc6 <stdio_buffered_printer+0x22>
10003fdc:	0020      	movs	r0, r4
10003fde:	0039      	movs	r1, r7
10003fe0:	682a      	ldr	r2, [r5, #0]
10003fe2:	f7ff ff97 	bl	10003f14 <stdio_out_chars_crlf>
10003fe6:	6924      	ldr	r4, [r4, #16]
10003fe8:	2c00      	cmp	r4, #0
10003fea:	d1ef      	bne.n	10003fcc <stdio_buffered_printer+0x28>
10003fec:	2300      	movs	r3, #0
10003fee:	602b      	str	r3, [r5, #0]
10003ff0:	e7e1      	b.n	10003fb6 <stdio_buffered_printer+0x12>
10003ff2:	46c0      	nop			@ (mov r8, r8)
10003ff4:	200017e4 	.word	0x200017e4
10003ff8:	200017ec 	.word	0x200017ec

10003ffc <stdio_put_string>:
10003ffc:	b5f0      	push	{r4, r5, r6, r7, lr}
10003ffe:	4646      	mov	r6, r8
10004000:	46d6      	mov	lr, sl
10004002:	464f      	mov	r7, r9
10004004:	b5c0      	push	{r6, r7, lr}
10004006:	b082      	sub	sp, #8
10004008:	4690      	mov	r8, r2
1000400a:	001c      	movs	r4, r3
1000400c:	0006      	movs	r6, r0
1000400e:	000d      	movs	r5, r1
10004010:	f7fd f978 	bl	10001304 <time_us_64>
10004014:	2300      	movs	r3, #0
10004016:	4a2f      	ldr	r2, [pc, #188]	@ (100040d4 <stdio_put_string+0xd8>)
10004018:	1812      	adds	r2, r2, r0
1000401a:	414b      	adcs	r3, r1
1000401c:	2b00      	cmp	r3, #0
1000401e:	da02      	bge.n	10004026 <stdio_put_string+0x2a>
10004020:	2201      	movs	r2, #1
10004022:	4b2d      	ldr	r3, [pc, #180]	@ (100040d8 <stdio_put_string+0xdc>)
10004024:	4252      	negs	r2, r2
10004026:	492d      	ldr	r1, [pc, #180]	@ (100040dc <stdio_put_string+0xe0>)
10004028:	0008      	movs	r0, r1
1000402a:	468a      	mov	sl, r1
1000402c:	f002 fb60 	bl	100066f0 <__mutex_try_enter_block_until_veneer>
10004030:	4681      	mov	r9, r0
10004032:	1c6b      	adds	r3, r5, #1
10004034:	d103      	bne.n	1000403e <stdio_put_string+0x42>
10004036:	0030      	movs	r0, r6
10004038:	f002 fb18 	bl	1000666c <strlen>
1000403c:	0005      	movs	r5, r0
1000403e:	2c00      	cmp	r4, #0
10004040:	d027      	beq.n	10004092 <stdio_put_string+0x96>
10004042:	4f27      	ldr	r7, [pc, #156]	@ (100040e0 <stdio_put_string+0xe4>)
10004044:	4b27      	ldr	r3, [pc, #156]	@ (100040e4 <stdio_put_string+0xe8>)
10004046:	681c      	ldr	r4, [r3, #0]
10004048:	2c00      	cmp	r4, #0
1000404a:	d018      	beq.n	1000407e <stdio_put_string+0x82>
1000404c:	4643      	mov	r3, r8
1000404e:	2b00      	cmp	r3, #0
10004050:	d121      	bne.n	10004096 <stdio_put_string+0x9a>
10004052:	4b25      	ldr	r3, [pc, #148]	@ (100040e8 <stdio_put_string+0xec>)
10004054:	4698      	mov	r8, r3
10004056:	e002      	b.n	1000405e <stdio_put_string+0x62>
10004058:	6924      	ldr	r4, [r4, #16]
1000405a:	2c00      	cmp	r4, #0
1000405c:	d00f      	beq.n	1000407e <stdio_put_string+0x82>
1000405e:	6823      	ldr	r3, [r4, #0]
10004060:	2b00      	cmp	r3, #0
10004062:	d0f9      	beq.n	10004058 <stdio_put_string+0x5c>
10004064:	4643      	mov	r3, r8
10004066:	681b      	ldr	r3, [r3, #0]
10004068:	2b00      	cmp	r3, #0
1000406a:	d001      	beq.n	10004070 <stdio_put_string+0x74>
1000406c:	429c      	cmp	r4, r3
1000406e:	d1f3      	bne.n	10004058 <stdio_put_string+0x5c>
10004070:	0020      	movs	r0, r4
10004072:	002a      	movs	r2, r5
10004074:	0031      	movs	r1, r6
10004076:	47b8      	blx	r7
10004078:	6924      	ldr	r4, [r4, #16]
1000407a:	2c00      	cmp	r4, #0
1000407c:	d1ef      	bne.n	1000405e <stdio_put_string+0x62>
1000407e:	464b      	mov	r3, r9
10004080:	2b00      	cmp	r3, #0
10004082:	d123      	bne.n	100040cc <stdio_put_string+0xd0>
10004084:	0028      	movs	r0, r5
10004086:	b002      	add	sp, #8
10004088:	bce0      	pop	{r5, r6, r7}
1000408a:	46ba      	mov	sl, r7
1000408c:	46b1      	mov	r9, r6
1000408e:	46a8      	mov	r8, r5
10004090:	bdf0      	pop	{r4, r5, r6, r7, pc}
10004092:	4f16      	ldr	r7, [pc, #88]	@ (100040ec <stdio_put_string+0xf0>)
10004094:	e7d6      	b.n	10004044 <stdio_put_string+0x48>
10004096:	4b14      	ldr	r3, [pc, #80]	@ (100040e8 <stdio_put_string+0xec>)
10004098:	4698      	mov	r8, r3
1000409a:	e002      	b.n	100040a2 <stdio_put_string+0xa6>
1000409c:	6924      	ldr	r4, [r4, #16]
1000409e:	2c00      	cmp	r4, #0
100040a0:	d0ed      	beq.n	1000407e <stdio_put_string+0x82>
100040a2:	6823      	ldr	r3, [r4, #0]
100040a4:	2b00      	cmp	r3, #0
100040a6:	d0f9      	beq.n	1000409c <stdio_put_string+0xa0>
100040a8:	4643      	mov	r3, r8
100040aa:	681b      	ldr	r3, [r3, #0]
100040ac:	2b00      	cmp	r3, #0
100040ae:	d001      	beq.n	100040b4 <stdio_put_string+0xb8>
100040b0:	42a3      	cmp	r3, r4
100040b2:	d1f3      	bne.n	1000409c <stdio_put_string+0xa0>
100040b4:	002a      	movs	r2, r5
100040b6:	0031      	movs	r1, r6
100040b8:	0020      	movs	r0, r4
100040ba:	47b8      	blx	r7
100040bc:	466b      	mov	r3, sp
100040be:	220a      	movs	r2, #10
100040c0:	0020      	movs	r0, r4
100040c2:	71da      	strb	r2, [r3, #7]
100040c4:	1dd9      	adds	r1, r3, #7
100040c6:	3a09      	subs	r2, #9
100040c8:	47b8      	blx	r7
100040ca:	e7e7      	b.n	1000409c <stdio_put_string+0xa0>
100040cc:	4650      	mov	r0, sl
100040ce:	f002 fb1f 	bl	10006710 <__mutex_exit_veneer>
100040d2:	e7d7      	b.n	10004084 <stdio_put_string+0x88>
100040d4:	000f4240 	.word	0x000f4240
100040d8:	7fffffff 	.word	0x7fffffff
100040dc:	20001028 	.word	0x20001028
100040e0:	10003f15 	.word	0x10003f15
100040e4:	200017e4 	.word	0x200017e4
100040e8:	200017ec 	.word	0x200017ec
100040ec:	10003f05 	.word	0x10003f05

100040f0 <stdio_set_driver_enabled>:
100040f0:	4a0a      	ldr	r2, [pc, #40]	@ (1000411c <stdio_set_driver_enabled+0x2c>)
100040f2:	6813      	ldr	r3, [r2, #0]
100040f4:	2b00      	cmp	r3, #0
100040f6:	d105      	bne.n	10004104 <stdio_set_driver_enabled+0x14>
100040f8:	e00c      	b.n	10004114 <stdio_set_driver_enabled+0x24>
100040fa:	001a      	movs	r2, r3
100040fc:	691b      	ldr	r3, [r3, #16]
100040fe:	3210      	adds	r2, #16
10004100:	2b00      	cmp	r3, #0
10004102:	d007      	beq.n	10004114 <stdio_set_driver_enabled+0x24>
10004104:	4283      	cmp	r3, r0
10004106:	d1f8      	bne.n	100040fa <stdio_set_driver_enabled+0xa>
10004108:	2900      	cmp	r1, #0
1000410a:	d102      	bne.n	10004112 <stdio_set_driver_enabled+0x22>
1000410c:	6918      	ldr	r0, [r3, #16]
1000410e:	6010      	str	r0, [r2, #0]
10004110:	6119      	str	r1, [r3, #16]
10004112:	4770      	bx	lr
10004114:	2900      	cmp	r1, #0
10004116:	d0fc      	beq.n	10004112 <stdio_set_driver_enabled+0x22>
10004118:	6010      	str	r0, [r2, #0]
1000411a:	e7fa      	b.n	10004112 <stdio_set_driver_enabled+0x22>
1000411c:	200017e4 	.word	0x200017e4

10004120 <stdio_init_all>:
10004120:	b510      	push	{r4, lr}
10004122:	f000 fab3 	bl	1000468c <stdio_usb_init>
10004126:	bd10      	pop	{r4, pc}

10004128 <stdio_getchar_timeout_us>:
10004128:	b5f0      	push	{r4, r5, r6, r7, lr}
1000412a:	46ce      	mov	lr, r9
1000412c:	4647      	mov	r7, r8
1000412e:	0004      	movs	r4, r0
10004130:	b580      	push	{r7, lr}
10004132:	b083      	sub	sp, #12
10004134:	f7fd f8e6 	bl	10001304 <time_us_64>
10004138:	0026      	movs	r6, r4
1000413a:	2700      	movs	r7, #0
1000413c:	1836      	adds	r6, r6, r0
1000413e:	414f      	adcs	r7, r1
10004140:	2f00      	cmp	r7, #0
10004142:	da02      	bge.n	1000414a <stdio_getchar_timeout_us+0x22>
10004144:	2601      	movs	r6, #1
10004146:	4f1a      	ldr	r7, [pc, #104]	@ (100041b0 <stdio_getchar_timeout_us+0x88>)
10004148:	4276      	negs	r6, r6
1000414a:	4b1a      	ldr	r3, [pc, #104]	@ (100041b4 <stdio_getchar_timeout_us+0x8c>)
1000414c:	4d1a      	ldr	r5, [pc, #104]	@ (100041b8 <stdio_getchar_timeout_us+0x90>)
1000414e:	4699      	mov	r9, r3
10004150:	ab01      	add	r3, sp, #4
10004152:	4698      	mov	r8, r3
10004154:	464b      	mov	r3, r9
10004156:	681c      	ldr	r4, [r3, #0]
10004158:	2c00      	cmp	r4, #0
1000415a:	d103      	bne.n	10004164 <stdio_getchar_timeout_us+0x3c>
1000415c:	e016      	b.n	1000418c <stdio_getchar_timeout_us+0x64>
1000415e:	6924      	ldr	r4, [r4, #16]
10004160:	2c00      	cmp	r4, #0
10004162:	d013      	beq.n	1000418c <stdio_getchar_timeout_us+0x64>
10004164:	682b      	ldr	r3, [r5, #0]
10004166:	2b00      	cmp	r3, #0
10004168:	d001      	beq.n	1000416e <stdio_getchar_timeout_us+0x46>
1000416a:	429c      	cmp	r4, r3
1000416c:	d1f7      	bne.n	1000415e <stdio_getchar_timeout_us+0x36>
1000416e:	68a3      	ldr	r3, [r4, #8]
10004170:	2b00      	cmp	r3, #0
10004172:	d0f4      	beq.n	1000415e <stdio_getchar_timeout_us+0x36>
10004174:	2101      	movs	r1, #1
10004176:	4640      	mov	r0, r8
10004178:	4798      	blx	r3
1000417a:	2800      	cmp	r0, #0
1000417c:	ddef      	ble.n	1000415e <stdio_getchar_timeout_us+0x36>
1000417e:	4643      	mov	r3, r8
10004180:	7818      	ldrb	r0, [r3, #0]
10004182:	b003      	add	sp, #12
10004184:	bcc0      	pop	{r6, r7}
10004186:	46b9      	mov	r9, r7
10004188:	46b0      	mov	r8, r6
1000418a:	bdf0      	pop	{r4, r5, r6, r7, pc}
1000418c:	4b0b      	ldr	r3, [pc, #44]	@ (100041bc <stdio_getchar_timeout_us+0x94>)
1000418e:	6a5a      	ldr	r2, [r3, #36]	@ 0x24
10004190:	4297      	cmp	r7, r2
10004192:	d807      	bhi.n	100041a4 <stdio_getchar_timeout_us+0x7c>
10004194:	6a9b      	ldr	r3, [r3, #40]	@ 0x28
10004196:	42b3      	cmp	r3, r6
10004198:	d302      	bcc.n	100041a0 <stdio_getchar_timeout_us+0x78>
1000419a:	2002      	movs	r0, #2
1000419c:	4240      	negs	r0, r0
1000419e:	e7f0      	b.n	10004182 <stdio_getchar_timeout_us+0x5a>
100041a0:	4297      	cmp	r7, r2
100041a2:	d1fa      	bne.n	1000419a <stdio_getchar_timeout_us+0x72>
100041a4:	2001      	movs	r0, #1
100041a6:	2100      	movs	r1, #0
100041a8:	f7fd f8b6 	bl	10001318 <busy_wait_us>
100041ac:	e7d2      	b.n	10004154 <stdio_getchar_timeout_us+0x2c>
100041ae:	46c0      	nop			@ (mov r8, r8)
100041b0:	7fffffff 	.word	0x7fffffff
100041b4:	200017e4 	.word	0x200017e4
100041b8:	200017ec 	.word	0x200017ec
100041bc:	40054000 	.word	0x40054000

100041c0 <__wrap_putchar>:
100041c0:	b5f0      	push	{r4, r5, r6, r7, lr}
100041c2:	46ce      	mov	lr, r9
100041c4:	4647      	mov	r7, r8
100041c6:	b580      	push	{r7, lr}
100041c8:	b083      	sub	sp, #12
100041ca:	466b      	mov	r3, sp
100041cc:	0006      	movs	r6, r0
100041ce:	1ddd      	adds	r5, r3, #7
100041d0:	7028      	strb	r0, [r5, #0]
100041d2:	f7fd f897 	bl	10001304 <time_us_64>
100041d6:	2300      	movs	r3, #0
100041d8:	4a19      	ldr	r2, [pc, #100]	@ (10004240 <__wrap_putchar+0x80>)
100041da:	1812      	adds	r2, r2, r0
100041dc:	414b      	adcs	r3, r1
100041de:	2b00      	cmp	r3, #0
100041e0:	da02      	bge.n	100041e8 <__wrap_putchar+0x28>
100041e2:	2201      	movs	r2, #1
100041e4:	4b17      	ldr	r3, [pc, #92]	@ (10004244 <__wrap_putchar+0x84>)
100041e6:	4252      	negs	r2, r2
100041e8:	4917      	ldr	r1, [pc, #92]	@ (10004248 <__wrap_putchar+0x88>)
100041ea:	0008      	movs	r0, r1
100041ec:	4689      	mov	r9, r1
100041ee:	f002 fa7f 	bl	100066f0 <__mutex_try_enter_block_until_veneer>
100041f2:	4b16      	ldr	r3, [pc, #88]	@ (1000424c <__wrap_putchar+0x8c>)
100041f4:	4680      	mov	r8, r0
100041f6:	681c      	ldr	r4, [r3, #0]
100041f8:	2c00      	cmp	r4, #0
100041fa:	d014      	beq.n	10004226 <__wrap_putchar+0x66>
100041fc:	4f14      	ldr	r7, [pc, #80]	@ (10004250 <__wrap_putchar+0x90>)
100041fe:	e002      	b.n	10004206 <__wrap_putchar+0x46>
10004200:	6924      	ldr	r4, [r4, #16]
10004202:	2c00      	cmp	r4, #0
10004204:	d00f      	beq.n	10004226 <__wrap_putchar+0x66>
10004206:	6823      	ldr	r3, [r4, #0]
10004208:	2b00      	cmp	r3, #0
1000420a:	d0f9      	beq.n	10004200 <__wrap_putchar+0x40>
1000420c:	683b      	ldr	r3, [r7, #0]
1000420e:	2b00      	cmp	r3, #0
10004210:	d001      	beq.n	10004216 <__wrap_putchar+0x56>
10004212:	429c      	cmp	r4, r3
10004214:	d1f4      	bne.n	10004200 <__wrap_putchar+0x40>
10004216:	0020      	movs	r0, r4
10004218:	2201      	movs	r2, #1
1000421a:	0029      	movs	r1, r5
1000421c:	f7ff fe7a 	bl	10003f14 <stdio_out_chars_crlf>
10004220:	6924      	ldr	r4, [r4, #16]
10004222:	2c00      	cmp	r4, #0
10004224:	d1ef      	bne.n	10004206 <__wrap_putchar+0x46>
10004226:	4643      	mov	r3, r8
10004228:	2b00      	cmp	r3, #0
1000422a:	d105      	bne.n	10004238 <__wrap_putchar+0x78>
1000422c:	0030      	movs	r0, r6
1000422e:	b003      	add	sp, #12
10004230:	bcc0      	pop	{r6, r7}
10004232:	46b9      	mov	r9, r7
10004234:	46b0      	mov	r8, r6
10004236:	bdf0      	pop	{r4, r5, r6, r7, pc}
10004238:	4648      	mov	r0, r9
1000423a:	f002 fa69 	bl	10006710 <__mutex_exit_veneer>
1000423e:	e7f5      	b.n	1000422c <__wrap_putchar+0x6c>
10004240:	000f4240 	.word	0x000f4240
10004244:	7fffffff 	.word	0x7fffffff
10004248:	20001028 	.word	0x20001028
1000424c:	200017e4 	.word	0x200017e4
10004250:	200017ec 	.word	0x200017ec

10004254 <__wrap_puts>:
10004254:	b570      	push	{r4, r5, r6, lr}
10004256:	0004      	movs	r4, r0
10004258:	f002 fa08 	bl	1000666c <strlen>
1000425c:	2301      	movs	r3, #1
1000425e:	0001      	movs	r1, r0
10004260:	0005      	movs	r5, r0
10004262:	2201      	movs	r2, #1
10004264:	0020      	movs	r0, r4
10004266:	f7ff fec9 	bl	10003ffc <stdio_put_string>
1000426a:	4b08      	ldr	r3, [pc, #32]	@ (1000428c <__wrap_puts+0x38>)
1000426c:	681c      	ldr	r4, [r3, #0]
1000426e:	2c00      	cmp	r4, #0
10004270:	d006      	beq.n	10004280 <__wrap_puts+0x2c>
10004272:	6863      	ldr	r3, [r4, #4]
10004274:	2b00      	cmp	r3, #0
10004276:	d005      	beq.n	10004284 <__wrap_puts+0x30>
10004278:	4798      	blx	r3
1000427a:	6924      	ldr	r4, [r4, #16]
1000427c:	2c00      	cmp	r4, #0
1000427e:	d1f8      	bne.n	10004272 <__wrap_puts+0x1e>
10004280:	0028      	movs	r0, r5
10004282:	bd70      	pop	{r4, r5, r6, pc}
10004284:	6924      	ldr	r4, [r4, #16]
10004286:	2c00      	cmp	r4, #0
10004288:	d1f3      	bne.n	10004272 <__wrap_puts+0x1e>
1000428a:	e7f9      	b.n	10004280 <__wrap_puts+0x2c>
1000428c:	200017e4 	.word	0x200017e4

10004290 <__wrap_vprintf>:
10004290:	b5f0      	push	{r4, r5, r6, r7, lr}
10004292:	46ce      	mov	lr, r9
10004294:	4647      	mov	r7, r8
10004296:	b580      	push	{r7, lr}
10004298:	b0a3      	sub	sp, #140	@ 0x8c
1000429a:	0004      	movs	r4, r0
1000429c:	000e      	movs	r6, r1
1000429e:	f7fd f831 	bl	10001304 <time_us_64>
100042a2:	2300      	movs	r3, #0
100042a4:	4a26      	ldr	r2, [pc, #152]	@ (10004340 <__wrap_vprintf+0xb0>)
100042a6:	1812      	adds	r2, r2, r0
100042a8:	414b      	adcs	r3, r1
100042aa:	2b00      	cmp	r3, #0
100042ac:	da02      	bge.n	100042b4 <__wrap_vprintf+0x24>
100042ae:	2201      	movs	r2, #1
100042b0:	4b24      	ldr	r3, [pc, #144]	@ (10004344 <__wrap_vprintf+0xb4>)
100042b2:	4252      	negs	r2, r2
100042b4:	4824      	ldr	r0, [pc, #144]	@ (10004348 <__wrap_vprintf+0xb8>)
100042b6:	f002 fa1b 	bl	100066f0 <__mutex_try_enter_block_until_veneer>
100042ba:	2300      	movs	r3, #0
100042bc:	0022      	movs	r2, r4
100042be:	9301      	str	r3, [sp, #4]
100042c0:	4680      	mov	r8, r0
100042c2:	0033      	movs	r3, r6
100042c4:	4821      	ldr	r0, [pc, #132]	@ (1000434c <__wrap_vprintf+0xbc>)
100042c6:	a901      	add	r1, sp, #4
100042c8:	f7ff fdd6 	bl	10003e78 <vfctprintf>
100042cc:	4f20      	ldr	r7, [pc, #128]	@ (10004350 <__wrap_vprintf+0xc0>)
100042ce:	9b01      	ldr	r3, [sp, #4]
100042d0:	4681      	mov	r9, r0
100042d2:	683c      	ldr	r4, [r7, #0]
100042d4:	2b00      	cmp	r3, #0
100042d6:	d019      	beq.n	1000430c <__wrap_vprintf+0x7c>
100042d8:	2c00      	cmp	r4, #0
100042da:	d02f      	beq.n	1000433c <__wrap_vprintf+0xac>
100042dc:	4e1d      	ldr	r6, [pc, #116]	@ (10004354 <__wrap_vprintf+0xc4>)
100042de:	e002      	b.n	100042e6 <__wrap_vprintf+0x56>
100042e0:	6924      	ldr	r4, [r4, #16]
100042e2:	2c00      	cmp	r4, #0
100042e4:	d00f      	beq.n	10004306 <__wrap_vprintf+0x76>
100042e6:	6823      	ldr	r3, [r4, #0]
100042e8:	2b00      	cmp	r3, #0
100042ea:	d0f9      	beq.n	100042e0 <__wrap_vprintf+0x50>
100042ec:	6833      	ldr	r3, [r6, #0]
100042ee:	2b00      	cmp	r3, #0
100042f0:	d001      	beq.n	100042f6 <__wrap_vprintf+0x66>
100042f2:	42a3      	cmp	r3, r4
100042f4:	d1f4      	bne.n	100042e0 <__wrap_vprintf+0x50>
100042f6:	0020      	movs	r0, r4
100042f8:	9a01      	ldr	r2, [sp, #4]
100042fa:	a902      	add	r1, sp, #8
100042fc:	f7ff fe0a 	bl	10003f14 <stdio_out_chars_crlf>
10004300:	6924      	ldr	r4, [r4, #16]
10004302:	2c00      	cmp	r4, #0
10004304:	d1ef      	bne.n	100042e6 <__wrap_vprintf+0x56>
10004306:	2300      	movs	r3, #0
10004308:	683c      	ldr	r4, [r7, #0]
1000430a:	9301      	str	r3, [sp, #4]
1000430c:	2c00      	cmp	r4, #0
1000430e:	d006      	beq.n	1000431e <__wrap_vprintf+0x8e>
10004310:	6863      	ldr	r3, [r4, #4]
10004312:	2b00      	cmp	r3, #0
10004314:	d00c      	beq.n	10004330 <__wrap_vprintf+0xa0>
10004316:	4798      	blx	r3
10004318:	6924      	ldr	r4, [r4, #16]
1000431a:	2c00      	cmp	r4, #0
1000431c:	d1f8      	bne.n	10004310 <__wrap_vprintf+0x80>
1000431e:	4643      	mov	r3, r8
10004320:	2b00      	cmp	r3, #0
10004322:	d107      	bne.n	10004334 <__wrap_vprintf+0xa4>
10004324:	4648      	mov	r0, r9
10004326:	b023      	add	sp, #140	@ 0x8c
10004328:	bcc0      	pop	{r6, r7}
1000432a:	46b9      	mov	r9, r7
1000432c:	46b0      	mov	r8, r6
1000432e:	bdf0      	pop	{r4, r5, r6, r7, pc}
10004330:	6924      	ldr	r4, [r4, #16]
10004332:	e7eb      	b.n	1000430c <__wrap_vprintf+0x7c>
10004334:	4804      	ldr	r0, [pc, #16]	@ (10004348 <__wrap_vprintf+0xb8>)
10004336:	f002 f9eb 	bl	10006710 <__mutex_exit_veneer>
1000433a:	e7f3      	b.n	10004324 <__wrap_vprintf+0x94>
1000433c:	9401      	str	r4, [sp, #4]
1000433e:	e7ee      	b.n	1000431e <__wrap_vprintf+0x8e>
10004340:	000f4240 	.word	0x000f4240
10004344:	7fffffff 	.word	0x7fffffff
10004348:	20001028 	.word	0x20001028
1000434c:	10003fa5 	.word	0x10003fa5
10004350:	200017e4 	.word	0x200017e4
10004354:	200017ec 	.word	0x200017ec

10004358 <__wrap_printf>:
10004358:	b40f      	push	{r0, r1, r2, r3}
1000435a:	b500      	push	{lr}
1000435c:	b083      	sub	sp, #12
1000435e:	a904      	add	r1, sp, #16
10004360:	c901      	ldmia	r1!, {r0}
10004362:	9101      	str	r1, [sp, #4]
10004364:	f7ff ff94 	bl	10004290 <__wrap_vprintf>
10004368:	b003      	add	sp, #12
1000436a:	bc08      	pop	{r3}
1000436c:	b004      	add	sp, #16
1000436e:	4718      	bx	r3

10004370 <stdio_usb_set_chars_available_callback>:
10004370:	4b02      	ldr	r3, [pc, #8]	@ (1000437c <stdio_usb_set_chars_available_callback+0xc>)
10004372:	6018      	str	r0, [r3, #0]
10004374:	4b02      	ldr	r3, [pc, #8]	@ (10004380 <stdio_usb_set_chars_available_callback+0x10>)
10004376:	6019      	str	r1, [r3, #0]
10004378:	4770      	bx	lr
1000437a:	46c0      	nop			@ (mov r8, r8)
1000437c:	20001784 	.word	0x20001784
10004380:	20001788 	.word	0x20001788

10004384 <usb_irq>:
10004384:	b510      	push	{r4, lr}
10004386:	4b02      	ldr	r3, [pc, #8]	@ (10004390 <usb_irq+0xc>)
10004388:	7818      	ldrb	r0, [r3, #0]
1000438a:	f7fc fa23 	bl	100007d4 <irq_set_pending>
1000438e:	bd10      	pop	{r4, pc}
10004390:	20001c68 	.word	0x20001c68

10004394 <timer_task>:
10004394:	4b15      	ldr	r3, [pc, #84]	@ (100043ec <timer_task+0x58>)
10004396:	b570      	push	{r4, r5, r6, lr}
10004398:	681a      	ldr	r2, [r3, #0]
1000439a:	2a00      	cmp	r2, #0
1000439c:	d022      	beq.n	100043e4 <timer_task+0x50>
1000439e:	f3ef 8110 	mrs	r1, PRIMASK
100043a2:	b672      	cpsid	i
100043a4:	6810      	ldr	r0, [r2, #0]
100043a6:	2800      	cmp	r0, #0
100043a8:	d0fc      	beq.n	100043a4 <timer_task+0x10>
100043aa:	f3bf 8f5f 	dmb	sy
100043ae:	2000      	movs	r0, #0
100043b0:	4a0f      	ldr	r2, [pc, #60]	@ (100043f0 <timer_task+0x5c>)
100043b2:	6059      	str	r1, [r3, #4]
100043b4:	7010      	strb	r0, [r2, #0]
100043b6:	681b      	ldr	r3, [r3, #0]
100043b8:	f3bf 8f5f 	dmb	sy
100043bc:	6018      	str	r0, [r3, #0]
100043be:	f381 8810 	msr	PRIMASK, r1
100043c2:	2400      	movs	r4, #0
100043c4:	2500      	movs	r5, #0
100043c6:	4e0b      	ldr	r6, [pc, #44]	@ (100043f4 <timer_task+0x60>)
100043c8:	7830      	ldrb	r0, [r6, #0]
100043ca:	f7fc f9f7 	bl	100007bc <irq_is_enabled>
100043ce:	2800      	cmp	r0, #0
100043d0:	d104      	bne.n	100043dc <timer_task+0x48>
100043d2:	2400      	movs	r4, #0
100043d4:	2500      	movs	r5, #0
100043d6:	0029      	movs	r1, r5
100043d8:	0020      	movs	r0, r4
100043da:	bd70      	pop	{r4, r5, r6, pc}
100043dc:	7830      	ldrb	r0, [r6, #0]
100043de:	f7fc f9f9 	bl	100007d4 <irq_set_pending>
100043e2:	e7f8      	b.n	100043d6 <timer_task+0x42>
100043e4:	24fa      	movs	r4, #250	@ 0xfa
100043e6:	2500      	movs	r5, #0
100043e8:	00a4      	lsls	r4, r4, #2
100043ea:	e7ec      	b.n	100043c6 <timer_task+0x32>
100043ec:	20001c20 	.word	0x20001c20
100043f0:	20001c69 	.word	0x20001c69
100043f4:	20001c68 	.word	0x20001c68

100043f8 <stdio_usb_in_chars>:
100043f8:	b570      	push	{r4, r5, r6, lr}
100043fa:	0005      	movs	r5, r0
100043fc:	2000      	movs	r0, #0
100043fe:	000e      	movs	r6, r1
10004400:	f001 fb78 	bl	10005af4 <tud_cdc_n_connected>
10004404:	2800      	cmp	r0, #0
10004406:	d034      	beq.n	10004472 <stdio_usb_in_chars+0x7a>
10004408:	2000      	movs	r0, #0
1000440a:	f001 fb89 	bl	10005b20 <tud_cdc_n_available>
1000440e:	2800      	cmp	r0, #0
10004410:	d02f      	beq.n	10004472 <stdio_usb_in_chars+0x7a>
10004412:	f7fc ff77 	bl	10001304 <time_us_64>
10004416:	2300      	movs	r3, #0
10004418:	4a17      	ldr	r2, [pc, #92]	@ (10004478 <stdio_usb_in_chars+0x80>)
1000441a:	1812      	adds	r2, r2, r0
1000441c:	414b      	adcs	r3, r1
1000441e:	2b00      	cmp	r3, #0
10004420:	db16      	blt.n	10004450 <stdio_usb_in_chars+0x58>
10004422:	4c16      	ldr	r4, [pc, #88]	@ (1000447c <stdio_usb_in_chars+0x84>)
10004424:	0020      	movs	r0, r4
10004426:	f002 f963 	bl	100066f0 <__mutex_try_enter_block_until_veneer>
1000442a:	2800      	cmp	r0, #0
1000442c:	d021      	beq.n	10004472 <stdio_usb_in_chars+0x7a>
1000442e:	2000      	movs	r0, #0
10004430:	f001 fb60 	bl	10005af4 <tud_cdc_n_connected>
10004434:	2800      	cmp	r0, #0
10004436:	d10f      	bne.n	10004458 <stdio_usb_in_chars+0x60>
10004438:	2001      	movs	r0, #1
1000443a:	2100      	movs	r1, #0
1000443c:	4240      	negs	r0, r0
1000443e:	f000 fd89 	bl	10004f54 <tud_task_ext>
10004442:	2503      	movs	r5, #3
10004444:	426d      	negs	r5, r5
10004446:	0020      	movs	r0, r4
10004448:	f002 f962 	bl	10006710 <__mutex_exit_veneer>
1000444c:	0028      	movs	r0, r5
1000444e:	bd70      	pop	{r4, r5, r6, pc}
10004450:	2201      	movs	r2, #1
10004452:	4b0b      	ldr	r3, [pc, #44]	@ (10004480 <stdio_usb_in_chars+0x88>)
10004454:	4252      	negs	r2, r2
10004456:	e7e4      	b.n	10004422 <stdio_usb_in_chars+0x2a>
10004458:	2000      	movs	r0, #0
1000445a:	f001 fb61 	bl	10005b20 <tud_cdc_n_available>
1000445e:	2800      	cmp	r0, #0
10004460:	d0ea      	beq.n	10004438 <stdio_usb_in_chars+0x40>
10004462:	0029      	movs	r1, r5
10004464:	0032      	movs	r2, r6
10004466:	2000      	movs	r0, #0
10004468:	f001 fb64 	bl	10005b34 <tud_cdc_n_read>
1000446c:	1e05      	subs	r5, r0, #0
1000446e:	d1ea      	bne.n	10004446 <stdio_usb_in_chars+0x4e>
10004470:	e7e7      	b.n	10004442 <stdio_usb_in_chars+0x4a>
10004472:	2503      	movs	r5, #3
10004474:	426d      	negs	r5, r5
10004476:	e7e9      	b.n	1000444c <stdio_usb_in_chars+0x54>
10004478:	000f4240 	.word	0x000f4240
1000447c:	20001c48 	.word	0x20001c48
10004480:	7fffffff 	.word	0x7fffffff

10004484 <stdio_usb_out_flush>:
10004484:	b510      	push	{r4, lr}
10004486:	f7fc ff3d 	bl	10001304 <time_us_64>
1000448a:	2300      	movs	r3, #0
1000448c:	4a0d      	ldr	r2, [pc, #52]	@ (100044c4 <stdio_usb_out_flush+0x40>)
1000448e:	1812      	adds	r2, r2, r0
10004490:	414b      	adcs	r3, r1
10004492:	2b00      	cmp	r3, #0
10004494:	da02      	bge.n	1000449c <stdio_usb_out_flush+0x18>
10004496:	2201      	movs	r2, #1
10004498:	4b0b      	ldr	r3, [pc, #44]	@ (100044c8 <stdio_usb_out_flush+0x44>)
1000449a:	4252      	negs	r2, r2
1000449c:	480b      	ldr	r0, [pc, #44]	@ (100044cc <stdio_usb_out_flush+0x48>)
1000449e:	f002 f927 	bl	100066f0 <__mutex_try_enter_block_until_veneer>
100044a2:	2800      	cmp	r0, #0
100044a4:	d00c      	beq.n	100044c0 <stdio_usb_out_flush+0x3c>
100044a6:	2001      	movs	r0, #1
100044a8:	2100      	movs	r1, #0
100044aa:	4240      	negs	r0, r0
100044ac:	f000 fd52 	bl	10004f54 <tud_task_ext>
100044b0:	2000      	movs	r0, #0
100044b2:	f001 fb83 	bl	10005bbc <tud_cdc_n_write_flush>
100044b6:	2800      	cmp	r0, #0
100044b8:	d1f5      	bne.n	100044a6 <stdio_usb_out_flush+0x22>
100044ba:	4804      	ldr	r0, [pc, #16]	@ (100044cc <stdio_usb_out_flush+0x48>)
100044bc:	f002 f928 	bl	10006710 <__mutex_exit_veneer>
100044c0:	bd10      	pop	{r4, pc}
100044c2:	46c0      	nop			@ (mov r8, r8)
100044c4:	000f4240 	.word	0x000f4240
100044c8:	7fffffff 	.word	0x7fffffff
100044cc:	20001c48 	.word	0x20001c48

100044d0 <stdio_usb_out_chars>:
100044d0:	b5f8      	push	{r3, r4, r5, r6, r7, lr}
100044d2:	46ce      	mov	lr, r9
100044d4:	4647      	mov	r7, r8
100044d6:	b580      	push	{r7, lr}
100044d8:	0005      	movs	r5, r0
100044da:	000c      	movs	r4, r1
100044dc:	f7fc ff12 	bl	10001304 <time_us_64>
100044e0:	2300      	movs	r3, #0
100044e2:	4a34      	ldr	r2, [pc, #208]	@ (100045b4 <stdio_usb_out_chars+0xe4>)
100044e4:	1812      	adds	r2, r2, r0
100044e6:	414b      	adcs	r3, r1
100044e8:	2b00      	cmp	r3, #0
100044ea:	da02      	bge.n	100044f2 <stdio_usb_out_chars+0x22>
100044ec:	2201      	movs	r2, #1
100044ee:	4b32      	ldr	r3, [pc, #200]	@ (100045b8 <stdio_usb_out_chars+0xe8>)
100044f0:	4252      	negs	r2, r2
100044f2:	4932      	ldr	r1, [pc, #200]	@ (100045bc <stdio_usb_out_chars+0xec>)
100044f4:	0008      	movs	r0, r1
100044f6:	4688      	mov	r8, r1
100044f8:	f002 f8fa 	bl	100066f0 <__mutex_try_enter_block_until_veneer>
100044fc:	2800      	cmp	r0, #0
100044fe:	d103      	bne.n	10004508 <stdio_usb_out_chars+0x38>
10004500:	bcc0      	pop	{r6, r7}
10004502:	46b9      	mov	r9, r7
10004504:	46b0      	mov	r8, r6
10004506:	bdf8      	pop	{r3, r4, r5, r6, r7, pc}
10004508:	2000      	movs	r0, #0
1000450a:	f001 faf3 	bl	10005af4 <tud_cdc_n_connected>
1000450e:	2800      	cmp	r0, #0
10004510:	d048      	beq.n	100045a4 <stdio_usb_out_chars+0xd4>
10004512:	2600      	movs	r6, #0
10004514:	2c00      	cmp	r4, #0
10004516:	dd41      	ble.n	1000459c <stdio_usb_out_chars+0xcc>
10004518:	4b29      	ldr	r3, [pc, #164]	@ (100045c0 <stdio_usb_out_chars+0xf0>)
1000451a:	4699      	mov	r9, r3
1000451c:	e013      	b.n	10004546 <stdio_usb_out_chars+0x76>
1000451e:	19a9      	adds	r1, r5, r6
10004520:	2000      	movs	r0, #0
10004522:	f001 fb87 	bl	10005c34 <tud_cdc_n_write>
10004526:	0007      	movs	r7, r0
10004528:	2001      	movs	r0, #1
1000452a:	2100      	movs	r1, #0
1000452c:	4240      	negs	r0, r0
1000452e:	f000 fd11 	bl	10004f54 <tud_task_ext>
10004532:	2000      	movs	r0, #0
10004534:	f001 fb42 	bl	10005bbc <tud_cdc_n_write_flush>
10004538:	f7fc fee4 	bl	10001304 <time_us_64>
1000453c:	4b20      	ldr	r3, [pc, #128]	@ (100045c0 <stdio_usb_out_chars+0xf0>)
1000453e:	19f6      	adds	r6, r6, r7
10004540:	c303      	stmia	r3!, {r0, r1}
10004542:	42b4      	cmp	r4, r6
10004544:	dd2a      	ble.n	1000459c <stdio_usb_out_chars+0xcc>
10004546:	2000      	movs	r0, #0
10004548:	f001 fb94 	bl	10005c74 <tud_cdc_n_write_available>
1000454c:	1ba7      	subs	r7, r4, r6
1000454e:	0002      	movs	r2, r0
10004550:	42b8      	cmp	r0, r7
10004552:	dd00      	ble.n	10004556 <stdio_usb_out_chars+0x86>
10004554:	003a      	movs	r2, r7
10004556:	2a00      	cmp	r2, #0
10004558:	d1e1      	bne.n	1000451e <stdio_usb_out_chars+0x4e>
1000455a:	2001      	movs	r0, #1
1000455c:	2100      	movs	r1, #0
1000455e:	4240      	negs	r0, r0
10004560:	f000 fcf8 	bl	10004f54 <tud_task_ext>
10004564:	2000      	movs	r0, #0
10004566:	f001 fb29 	bl	10005bbc <tud_cdc_n_write_flush>
1000456a:	2000      	movs	r0, #0
1000456c:	f001 fac2 	bl	10005af4 <tud_cdc_n_connected>
10004570:	2800      	cmp	r0, #0
10004572:	d013      	beq.n	1000459c <stdio_usb_out_chars+0xcc>
10004574:	2000      	movs	r0, #0
10004576:	f001 fb7d 	bl	10005c74 <tud_cdc_n_write_available>
1000457a:	2800      	cmp	r0, #0
1000457c:	d1e1      	bne.n	10004542 <stdio_usb_out_chars+0x72>
1000457e:	f7fc fec1 	bl	10001304 <time_us_64>
10004582:	464b      	mov	r3, r9
10004584:	000f      	movs	r7, r1
10004586:	cb0c      	ldmia	r3, {r2, r3}
10004588:	2100      	movs	r1, #0
1000458a:	4684      	mov	ip, r0
1000458c:	480d      	ldr	r0, [pc, #52]	@ (100045c4 <stdio_usb_out_chars+0xf4>)
1000458e:	1812      	adds	r2, r2, r0
10004590:	414b      	adcs	r3, r1
10004592:	429f      	cmp	r7, r3
10004594:	d802      	bhi.n	1000459c <stdio_usb_out_chars+0xcc>
10004596:	d1d4      	bne.n	10004542 <stdio_usb_out_chars+0x72>
10004598:	4594      	cmp	ip, r2
1000459a:	d9d2      	bls.n	10004542 <stdio_usb_out_chars+0x72>
1000459c:	4640      	mov	r0, r8
1000459e:	f002 f8b7 	bl	10006710 <__mutex_exit_veneer>
100045a2:	e7ad      	b.n	10004500 <stdio_usb_out_chars+0x30>
100045a4:	2000      	movs	r0, #0
100045a6:	2100      	movs	r1, #0
100045a8:	4b05      	ldr	r3, [pc, #20]	@ (100045c0 <stdio_usb_out_chars+0xf0>)
100045aa:	c303      	stmia	r3!, {r0, r1}
100045ac:	4640      	mov	r0, r8
100045ae:	f002 f8af 	bl	10006710 <__mutex_exit_veneer>
100045b2:	e7a5      	b.n	10004500 <stdio_usb_out_chars+0x30>
100045b4:	000f4240 	.word	0x000f4240
100045b8:	7fffffff 	.word	0x7fffffff
100045bc:	20001c48 	.word	0x20001c48
100045c0:	20001278 	.word	0x20001278
100045c4:	0007a120 	.word	0x0007a120

100045c8 <low_priority_worker_irq>:
100045c8:	b530      	push	{r4, r5, lr}
100045ca:	2100      	movs	r1, #0
100045cc:	b085      	sub	sp, #20
100045ce:	4828      	ldr	r0, [pc, #160]	@ (10004670 <low_priority_worker_irq+0xa8>)
100045d0:	f002 f8be 	bl	10006750 <__mutex_try_enter_veneer>
100045d4:	2800      	cmp	r0, #0
100045d6:	d11c      	bne.n	10004612 <low_priority_worker_irq+0x4a>
100045d8:	4b26      	ldr	r3, [pc, #152]	@ (10004674 <low_priority_worker_irq+0xac>)
100045da:	681a      	ldr	r2, [r3, #0]
100045dc:	2a00      	cmp	r2, #0
100045de:	d016      	beq.n	1000460e <low_priority_worker_irq+0x46>
100045e0:	f3ef 8110 	mrs	r1, PRIMASK
100045e4:	b672      	cpsid	i
100045e6:	6810      	ldr	r0, [r2, #0]
100045e8:	2800      	cmp	r0, #0
100045ea:	d0fc      	beq.n	100045e6 <low_priority_worker_irq+0x1e>
100045ec:	f3bf 8f5f 	dmb	sy
100045f0:	2401      	movs	r4, #1
100045f2:	4821      	ldr	r0, [pc, #132]	@ (10004678 <low_priority_worker_irq+0xb0>)
100045f4:	6059      	str	r1, [r3, #4]
100045f6:	7802      	ldrb	r2, [r0, #0]
100045f8:	681b      	ldr	r3, [r3, #0]
100045fa:	b2d2      	uxtb	r2, r2
100045fc:	7004      	strb	r4, [r0, #0]
100045fe:	f3bf 8f5f 	dmb	sy
10004602:	2000      	movs	r0, #0
10004604:	6018      	str	r0, [r3, #0]
10004606:	f381 8810 	msr	PRIMASK, r1
1000460a:	2a00      	cmp	r2, #0
1000460c:	d017      	beq.n	1000463e <low_priority_worker_irq+0x76>
1000460e:	b005      	add	sp, #20
10004610:	bd30      	pop	{r4, r5, pc}
10004612:	2001      	movs	r0, #1
10004614:	2100      	movs	r1, #0
10004616:	4240      	negs	r0, r0
10004618:	f000 fc9c 	bl	10004f54 <tud_task_ext>
1000461c:	2000      	movs	r0, #0
1000461e:	f001 fa7f 	bl	10005b20 <tud_cdc_n_available>
10004622:	0005      	movs	r5, r0
10004624:	4812      	ldr	r0, [pc, #72]	@ (10004670 <low_priority_worker_irq+0xa8>)
10004626:	f002 f873 	bl	10006710 <__mutex_exit_veneer>
1000462a:	2d00      	cmp	r5, #0
1000462c:	d0ef      	beq.n	1000460e <low_priority_worker_irq+0x46>
1000462e:	4b13      	ldr	r3, [pc, #76]	@ (1000467c <low_priority_worker_irq+0xb4>)
10004630:	681b      	ldr	r3, [r3, #0]
10004632:	2b00      	cmp	r3, #0
10004634:	d0eb      	beq.n	1000460e <low_priority_worker_irq+0x46>
10004636:	4a12      	ldr	r2, [pc, #72]	@ (10004680 <low_priority_worker_irq+0xb8>)
10004638:	6810      	ldr	r0, [r2, #0]
1000463a:	4798      	blx	r3
1000463c:	e7e7      	b.n	1000460e <low_priority_worker_irq+0x46>
1000463e:	f7fc fcb5 	bl	10000fac <alarm_pool_get_default>
10004642:	0004      	movs	r4, r0
10004644:	f7fc fe5e 	bl	10001304 <time_us_64>
10004648:	22fa      	movs	r2, #250	@ 0xfa
1000464a:	2300      	movs	r3, #0
1000464c:	0092      	lsls	r2, r2, #2
1000464e:	1812      	adds	r2, r2, r0
10004650:	414b      	adcs	r3, r1
10004652:	2b00      	cmp	r3, #0
10004654:	da02      	bge.n	1000465c <low_priority_worker_irq+0x94>
10004656:	2201      	movs	r2, #1
10004658:	4b0a      	ldr	r3, [pc, #40]	@ (10004684 <low_priority_worker_irq+0xbc>)
1000465a:	4252      	negs	r2, r2
1000465c:	2101      	movs	r1, #1
1000465e:	9102      	str	r1, [sp, #8]
10004660:	2100      	movs	r1, #0
10004662:	9101      	str	r1, [sp, #4]
10004664:	4908      	ldr	r1, [pc, #32]	@ (10004688 <low_priority_worker_irq+0xc0>)
10004666:	0020      	movs	r0, r4
10004668:	9100      	str	r1, [sp, #0]
1000466a:	f7fc fca3 	bl	10000fb4 <alarm_pool_add_alarm_at>
1000466e:	e7ce      	b.n	1000460e <low_priority_worker_irq+0x46>
10004670:	20001c48 	.word	0x20001c48
10004674:	20001c20 	.word	0x20001c20
10004678:	20001c69 	.word	0x20001c69
1000467c:	20001784 	.word	0x20001784
10004680:	20001788 	.word	0x20001788
10004684:	7fffffff 	.word	0x7fffffff
10004688:	10004395 	.word	0x10004395

1000468c <stdio_usb_init>:
1000468c:	23d0      	movs	r3, #208	@ 0xd0
1000468e:	b510      	push	{r4, lr}
10004690:	061b      	lsls	r3, r3, #24
10004692:	b084      	sub	sp, #16
10004694:	681c      	ldr	r4, [r3, #0]
10004696:	f7fc fc89 	bl	10000fac <alarm_pool_get_default>
1000469a:	f7fc fd89 	bl	100011b0 <alarm_pool_core_num>
1000469e:	42a0      	cmp	r0, r4
100046a0:	d002      	beq.n	100046a8 <stdio_usb_init+0x1c>
100046a2:	2000      	movs	r0, #0
100046a4:	b004      	add	sp, #16
100046a6:	bd10      	pop	{r4, pc}
100046a8:	4b28      	ldr	r3, [pc, #160]	@ (1000474c <stdio_usb_init+0xc0>)
100046aa:	2100      	movs	r1, #0
100046ac:	2000      	movs	r0, #0
100046ae:	781b      	ldrb	r3, [r3, #0]
100046b0:	f001 fca6 	bl	10006000 <tusb_rhport_init>
100046b4:	4826      	ldr	r0, [pc, #152]	@ (10004750 <stdio_usb_init+0xc4>)
100046b6:	6803      	ldr	r3, [r0, #0]
100046b8:	2b00      	cmp	r3, #0
100046ba:	d044      	beq.n	10004746 <stdio_usb_init+0xba>
100046bc:	2001      	movs	r0, #1
100046be:	f7fc fa0d 	bl	10000adc <user_irq_claim_unused>
100046c2:	23ff      	movs	r3, #255	@ 0xff
100046c4:	4c23      	ldr	r4, [pc, #140]	@ (10004754 <stdio_usb_init+0xc8>)
100046c6:	4924      	ldr	r1, [pc, #144]	@ (10004758 <stdio_usb_init+0xcc>)
100046c8:	7020      	strb	r0, [r4, #0]
100046ca:	4018      	ands	r0, r3
100046cc:	f7fc f89a 	bl	10000804 <irq_set_exclusive_handler>
100046d0:	7820      	ldrb	r0, [r4, #0]
100046d2:	2101      	movs	r1, #1
100046d4:	f7fc f860 	bl	10000798 <irq_set_enabled>
100046d8:	2005      	movs	r0, #5
100046da:	f7fc f883 	bl	100007e4 <irq_has_shared_handler>
100046de:	2800      	cmp	r0, #0
100046e0:	d124      	bne.n	1000472c <stdio_usb_init+0xa0>
100046e2:	2208      	movs	r2, #8
100046e4:	2100      	movs	r1, #0
100046e6:	481d      	ldr	r0, [pc, #116]	@ (1000475c <stdio_usb_init+0xd0>)
100046e8:	f7fe f822 	bl	10002730 <__wrap_memset>
100046ec:	f7fc fc5e 	bl	10000fac <alarm_pool_get_default>
100046f0:	0004      	movs	r4, r0
100046f2:	f7fc fe07 	bl	10001304 <time_us_64>
100046f6:	22fa      	movs	r2, #250	@ 0xfa
100046f8:	2300      	movs	r3, #0
100046fa:	0092      	lsls	r2, r2, #2
100046fc:	1812      	adds	r2, r2, r0
100046fe:	414b      	adcs	r3, r1
10004700:	2b00      	cmp	r3, #0
10004702:	da02      	bge.n	1000470a <stdio_usb_init+0x7e>
10004704:	2201      	movs	r2, #1
10004706:	4b16      	ldr	r3, [pc, #88]	@ (10004760 <stdio_usb_init+0xd4>)
10004708:	4252      	negs	r2, r2
1000470a:	2101      	movs	r1, #1
1000470c:	9102      	str	r1, [sp, #8]
1000470e:	2100      	movs	r1, #0
10004710:	9101      	str	r1, [sp, #4]
10004712:	4914      	ldr	r1, [pc, #80]	@ (10004764 <stdio_usb_init+0xd8>)
10004714:	0020      	movs	r0, r4
10004716:	9100      	str	r1, [sp, #0]
10004718:	f7fc fc4c 	bl	10000fb4 <alarm_pool_add_alarm_at>
1000471c:	2800      	cmp	r0, #0
1000471e:	dbc0      	blt.n	100046a2 <stdio_usb_init+0x16>
10004720:	4811      	ldr	r0, [pc, #68]	@ (10004768 <stdio_usb_init+0xdc>)
10004722:	2101      	movs	r1, #1
10004724:	f7ff fce4 	bl	100040f0 <stdio_set_driver_enabled>
10004728:	2001      	movs	r0, #1
1000472a:	e7bb      	b.n	100046a4 <stdio_usb_init+0x18>
1000472c:	2001      	movs	r0, #1
1000472e:	f7fb fff1 	bl	10000714 <spin_lock_claim_unused>
10004732:	0001      	movs	r1, r0
10004734:	4809      	ldr	r0, [pc, #36]	@ (1000475c <stdio_usb_init+0xd0>)
10004736:	f7fc fa31 	bl	10000b9c <critical_section_init_with_lock_num>
1000473a:	2200      	movs	r2, #0
1000473c:	2005      	movs	r0, #5
1000473e:	490b      	ldr	r1, [pc, #44]	@ (1000476c <stdio_usb_init+0xe0>)
10004740:	f7fc f88a 	bl	10000858 <irq_add_shared_handler>
10004744:	e7ec      	b.n	10004720 <stdio_usb_init+0x94>
10004746:	f7fc fa0d 	bl	10000b64 <mutex_init>
1000474a:	e7b7      	b.n	100046bc <stdio_usb_init+0x30>
1000474c:	10006fb8 	.word	0x10006fb8
10004750:	20001c48 	.word	0x20001c48
10004754:	20001c68 	.word	0x20001c68
10004758:	100045c9 	.word	0x100045c9
1000475c:	20001c20 	.word	0x20001c20
10004760:	7fffffff 	.word	0x7fffffff
10004764:	10004395 	.word	0x10004395
10004768:	20000ff0 	.word	0x20000ff0
1000476c:	10004385 	.word	0x10004385

10004770 <tud_descriptor_device_cb>:
10004770:	4800      	ldr	r0, [pc, #0]	@ (10004774 <tud_descriptor_device_cb+0x4>)
10004772:	4770      	bx	lr
10004774:	10006dd4 	.word	0x10006dd4

10004778 <tud_descriptor_configuration_cb>:
10004778:	4800      	ldr	r0, [pc, #0]	@ (1000477c <tud_descriptor_configuration_cb+0x4>)
1000477a:	4770      	bx	lr
1000477c:	10006d80 	.word	0x10006d80

10004780 <tud_descriptor_string_cb>:
10004780:	b510      	push	{r4, lr}
10004782:	0004      	movs	r4, r0
10004784:	4816      	ldr	r0, [pc, #88]	@ (100047e0 <tud_descriptor_string_cb+0x60>)
10004786:	7803      	ldrb	r3, [r0, #0]
10004788:	2b00      	cmp	r3, #0
1000478a:	d020      	beq.n	100047ce <tud_descriptor_string_cb+0x4e>
1000478c:	2c00      	cmp	r4, #0
1000478e:	d106      	bne.n	1000479e <tud_descriptor_string_cb+0x1e>
10004790:	4b14      	ldr	r3, [pc, #80]	@ (100047e4 <tud_descriptor_string_cb+0x64>)
10004792:	4815      	ldr	r0, [pc, #84]	@ (100047e8 <tud_descriptor_string_cb+0x68>)
10004794:	8043      	strh	r3, [r0, #2]
10004796:	3b06      	subs	r3, #6
10004798:	3bff      	subs	r3, #255	@ 0xff
1000479a:	8003      	strh	r3, [r0, #0]
1000479c:	bd10      	pop	{r4, pc}
1000479e:	2c05      	cmp	r4, #5
100047a0:	d81c      	bhi.n	100047dc <tud_descriptor_string_cb+0x5c>
100047a2:	4b12      	ldr	r3, [pc, #72]	@ (100047ec <tud_descriptor_string_cb+0x6c>)
100047a4:	00a4      	lsls	r4, r4, #2
100047a6:	58e4      	ldr	r4, [r4, r3]
100047a8:	480f      	ldr	r0, [pc, #60]	@ (100047e8 <tud_descriptor_string_cb+0x68>)
100047aa:	2301      	movs	r3, #1
100047ac:	1c81      	adds	r1, r0, #2
100047ae:	3c01      	subs	r4, #1
100047b0:	e004      	b.n	100047bc <tud_descriptor_string_cb+0x3c>
100047b2:	3301      	adds	r3, #1
100047b4:	800a      	strh	r2, [r1, #0]
100047b6:	3102      	adds	r1, #2
100047b8:	2b14      	cmp	r3, #20
100047ba:	d00c      	beq.n	100047d6 <tud_descriptor_string_cb+0x56>
100047bc:	5ce2      	ldrb	r2, [r4, r3]
100047be:	2a00      	cmp	r2, #0
100047c0:	d1f7      	bne.n	100047b2 <tud_descriptor_string_cb+0x32>
100047c2:	22c0      	movs	r2, #192	@ 0xc0
100047c4:	b2db      	uxtb	r3, r3
100047c6:	005b      	lsls	r3, r3, #1
100047c8:	0092      	lsls	r2, r2, #2
100047ca:	4313      	orrs	r3, r2
100047cc:	e7e5      	b.n	1000479a <tud_descriptor_string_cb+0x1a>
100047ce:	2111      	movs	r1, #17
100047d0:	f000 f816 	bl	10004800 <pico_get_unique_board_id_string>
100047d4:	e7da      	b.n	1000478c <tud_descriptor_string_cb+0xc>
100047d6:	23ca      	movs	r3, #202	@ 0xca
100047d8:	009b      	lsls	r3, r3, #2
100047da:	e7de      	b.n	1000479a <tud_descriptor_string_cb+0x1a>
100047dc:	2000      	movs	r0, #0
100047de:	e7dd      	b.n	1000479c <tud_descriptor_string_cb+0x1c>
100047e0:	20001c50 	.word	0x20001c50
100047e4:	00000409 	.word	0x00000409
100047e8:	200017bc 	.word	0x200017bc
100047ec:	10006d68 	.word	0x10006d68

100047f0 <_retrieve_unique_id_on_boot>:
100047f0:	b510      	push	{r4, lr}
100047f2:	4802      	ldr	r0, [pc, #8]	@ (100047fc <_retrieve_unique_id_on_boot+0xc>)
100047f4:	f000 f8f4 	bl	100049e0 <flash_get_unique_id>
100047f8:	bd10      	pop	{r4, pc}
100047fa:	46c0      	nop			@ (mov r8, r8)
100047fc:	20001c38 	.word	0x20001c38

10004800 <pico_get_unique_board_id_string>:
10004800:	b530      	push	{r4, r5, lr}
10004802:	2901      	cmp	r1, #1
10004804:	d100      	bne.n	10004808 <pico_get_unique_board_id_string+0x8>
10004806:	e0bb      	b.n	10004980 <pico_get_unique_board_id_string+0x180>
10004808:	4b74      	ldr	r3, [pc, #464]	@ (100049dc <pico_get_unique_board_id_string+0x1dc>)
1000480a:	3901      	subs	r1, #1
1000480c:	781a      	ldrb	r2, [r3, #0]
1000480e:	1112      	asrs	r2, r2, #4
10004810:	0014      	movs	r4, r2
10004812:	3430      	adds	r4, #48	@ 0x30
10004814:	2a09      	cmp	r2, #9
10004816:	dd00      	ble.n	1000481a <pico_get_unique_board_id_string+0x1a>
10004818:	e0b5      	b.n	10004986 <pico_get_unique_board_id_string+0x186>
1000481a:	7004      	strb	r4, [r0, #0]
1000481c:	2901      	cmp	r1, #1
1000481e:	d100      	bne.n	10004822 <pico_get_unique_board_id_string+0x22>
10004820:	e0da      	b.n	100049d8 <pico_get_unique_board_id_string+0x1d8>
10004822:	220f      	movs	r2, #15
10004824:	781c      	ldrb	r4, [r3, #0]
10004826:	4022      	ands	r2, r4
10004828:	0014      	movs	r4, r2
1000482a:	3430      	adds	r4, #48	@ 0x30
1000482c:	2a09      	cmp	r2, #9
1000482e:	d900      	bls.n	10004832 <pico_get_unique_board_id_string+0x32>
10004830:	e0ac      	b.n	1000498c <pico_get_unique_board_id_string+0x18c>
10004832:	7044      	strb	r4, [r0, #1]
10004834:	2902      	cmp	r1, #2
10004836:	d100      	bne.n	1000483a <pico_get_unique_board_id_string+0x3a>
10004838:	e0ce      	b.n	100049d8 <pico_get_unique_board_id_string+0x1d8>
1000483a:	785a      	ldrb	r2, [r3, #1]
1000483c:	4694      	mov	ip, r2
1000483e:	1112      	asrs	r2, r2, #4
10004840:	0014      	movs	r4, r2
10004842:	3430      	adds	r4, #48	@ 0x30
10004844:	2a09      	cmp	r2, #9
10004846:	dd00      	ble.n	1000484a <pico_get_unique_board_id_string+0x4a>
10004848:	e0a3      	b.n	10004992 <pico_get_unique_board_id_string+0x192>
1000484a:	7084      	strb	r4, [r0, #2]
1000484c:	2903      	cmp	r1, #3
1000484e:	d100      	bne.n	10004852 <pico_get_unique_board_id_string+0x52>
10004850:	e0c2      	b.n	100049d8 <pico_get_unique_board_id_string+0x1d8>
10004852:	4664      	mov	r4, ip
10004854:	220f      	movs	r2, #15
10004856:	4022      	ands	r2, r4
10004858:	0014      	movs	r4, r2
1000485a:	3430      	adds	r4, #48	@ 0x30
1000485c:	2a09      	cmp	r2, #9
1000485e:	d900      	bls.n	10004862 <pico_get_unique_board_id_string+0x62>
10004860:	e09a      	b.n	10004998 <pico_get_unique_board_id_string+0x198>
10004862:	70c4      	strb	r4, [r0, #3]
10004864:	2904      	cmp	r1, #4
10004866:	d100      	bne.n	1000486a <pico_get_unique_board_id_string+0x6a>
10004868:	e0b6      	b.n	100049d8 <pico_get_unique_board_id_string+0x1d8>
1000486a:	789a      	ldrb	r2, [r3, #2]
1000486c:	4694      	mov	ip, r2
1000486e:	1112      	asrs	r2, r2, #4
10004870:	0014      	movs	r4, r2
10004872:	3430      	adds	r4, #48	@ 0x30
10004874:	2a09      	cmp	r2, #9
10004876:	dd00      	ble.n	1000487a <pico_get_unique_board_id_string+0x7a>
10004878:	e091      	b.n	1000499e <pico_get_unique_board_id_string+0x19e>
1000487a:	7104      	strb	r4, [r0, #4]
1000487c:	2905      	cmp	r1, #5
1000487e:	d100      	bne.n	10004882 <pico_get_unique_board_id_string+0x82>
10004880:	e0aa      	b.n	100049d8 <pico_get_unique_board_id_string+0x1d8>
10004882:	4664      	mov	r4, ip
10004884:	220f      	movs	r2, #15
10004886:	4022      	ands	r2, r4
10004888:	0014      	movs	r4, r2
1000488a:	3430      	adds	r4, #48	@ 0x30
1000488c:	2a09      	cmp	r2, #9
1000488e:	d900      	bls.n	10004892 <pico_get_unique_board_id_string+0x92>
10004890:	e088      	b.n	100049a4 <pico_get_unique_board_id_string+0x1a4>
10004892:	7144      	strb	r4, [r0, #5]
10004894:	2906      	cmp	r1, #6
10004896:	d100      	bne.n	1000489a <pico_get_unique_board_id_string+0x9a>
10004898:	e09e      	b.n	100049d8 <pico_get_unique_board_id_string+0x1d8>
1000489a:	2530      	movs	r5, #48	@ 0x30
1000489c:	46ac      	mov	ip, r5
1000489e:	78dc      	ldrb	r4, [r3, #3]
100048a0:	1122      	asrs	r2, r4, #4
100048a2:	4494      	add	ip, r2
100048a4:	2a09      	cmp	r2, #9
100048a6:	dd00      	ble.n	100048aa <pico_get_unique_board_id_string+0xaa>
100048a8:	e07f      	b.n	100049aa <pico_get_unique_board_id_string+0x1aa>
100048aa:	4662      	mov	r2, ip
100048ac:	7182      	strb	r2, [r0, #6]
100048ae:	2907      	cmp	r1, #7
100048b0:	d100      	bne.n	100048b4 <pico_get_unique_board_id_string+0xb4>
100048b2:	e091      	b.n	100049d8 <pico_get_unique_board_id_string+0x1d8>
100048b4:	220f      	movs	r2, #15
100048b6:	4022      	ands	r2, r4
100048b8:	0014      	movs	r4, r2
100048ba:	3430      	adds	r4, #48	@ 0x30
100048bc:	2a09      	cmp	r2, #9
100048be:	d900      	bls.n	100048c2 <pico_get_unique_board_id_string+0xc2>
100048c0:	e077      	b.n	100049b2 <pico_get_unique_board_id_string+0x1b2>
100048c2:	71c4      	strb	r4, [r0, #7]
100048c4:	2908      	cmp	r1, #8
100048c6:	d100      	bne.n	100048ca <pico_get_unique_board_id_string+0xca>
100048c8:	e086      	b.n	100049d8 <pico_get_unique_board_id_string+0x1d8>
100048ca:	2530      	movs	r5, #48	@ 0x30
100048cc:	46ac      	mov	ip, r5
100048ce:	791c      	ldrb	r4, [r3, #4]
100048d0:	1122      	asrs	r2, r4, #4
100048d2:	4494      	add	ip, r2
100048d4:	2a09      	cmp	r2, #9
100048d6:	dd00      	ble.n	100048da <pico_get_unique_board_id_string+0xda>
100048d8:	e06e      	b.n	100049b8 <pico_get_unique_board_id_string+0x1b8>
100048da:	4662      	mov	r2, ip
100048dc:	7202      	strb	r2, [r0, #8]
100048de:	2909      	cmp	r1, #9
100048e0:	d100      	bne.n	100048e4 <pico_get_unique_board_id_string+0xe4>
100048e2:	e079      	b.n	100049d8 <pico_get_unique_board_id_string+0x1d8>
100048e4:	220f      	movs	r2, #15
100048e6:	4022      	ands	r2, r4
100048e8:	0014      	movs	r4, r2
100048ea:	3430      	adds	r4, #48	@ 0x30
100048ec:	2a09      	cmp	r2, #9
100048ee:	d867      	bhi.n	100049c0 <pico_get_unique_board_id_string+0x1c0>
100048f0:	7244      	strb	r4, [r0, #9]
100048f2:	290a      	cmp	r1, #10
100048f4:	d100      	bne.n	100048f8 <pico_get_unique_board_id_string+0xf8>
100048f6:	e06f      	b.n	100049d8 <pico_get_unique_board_id_string+0x1d8>
100048f8:	2530      	movs	r5, #48	@ 0x30
100048fa:	46ac      	mov	ip, r5
100048fc:	795c      	ldrb	r4, [r3, #5]
100048fe:	1122      	asrs	r2, r4, #4
10004900:	4494      	add	ip, r2
10004902:	2a09      	cmp	r2, #9
10004904:	dc5f      	bgt.n	100049c6 <pico_get_unique_board_id_string+0x1c6>
10004906:	4662      	mov	r2, ip
10004908:	7282      	strb	r2, [r0, #10]
1000490a:	290b      	cmp	r1, #11
1000490c:	d064      	beq.n	100049d8 <pico_get_unique_board_id_string+0x1d8>
1000490e:	220f      	movs	r2, #15
10004910:	4022      	ands	r2, r4
10004912:	0014      	movs	r4, r2
10004914:	3430      	adds	r4, #48	@ 0x30
10004916:	2a09      	cmp	r2, #9
10004918:	d859      	bhi.n	100049ce <pico_get_unique_board_id_string+0x1ce>
1000491a:	72c4      	strb	r4, [r0, #11]
1000491c:	290c      	cmp	r1, #12
1000491e:	d05b      	beq.n	100049d8 <pico_get_unique_board_id_string+0x1d8>
10004920:	2530      	movs	r5, #48	@ 0x30
10004922:	46ac      	mov	ip, r5
10004924:	799c      	ldrb	r4, [r3, #6]
10004926:	1122      	asrs	r2, r4, #4
10004928:	4494      	add	ip, r2
1000492a:	2a09      	cmp	r2, #9
1000492c:	dd02      	ble.n	10004934 <pico_get_unique_board_id_string+0x134>
1000492e:	3507      	adds	r5, #7
10004930:	46ac      	mov	ip, r5
10004932:	4494      	add	ip, r2
10004934:	4662      	mov	r2, ip
10004936:	7302      	strb	r2, [r0, #12]
10004938:	290d      	cmp	r1, #13
1000493a:	d04d      	beq.n	100049d8 <pico_get_unique_board_id_string+0x1d8>
1000493c:	220f      	movs	r2, #15
1000493e:	4022      	ands	r2, r4
10004940:	0014      	movs	r4, r2
10004942:	3430      	adds	r4, #48	@ 0x30
10004944:	2a09      	cmp	r2, #9
10004946:	d901      	bls.n	1000494c <pico_get_unique_board_id_string+0x14c>
10004948:	3237      	adds	r2, #55	@ 0x37
1000494a:	0014      	movs	r4, r2
1000494c:	7344      	strb	r4, [r0, #13]
1000494e:	290e      	cmp	r1, #14
10004950:	d042      	beq.n	100049d8 <pico_get_unique_board_id_string+0x1d8>
10004952:	79da      	ldrb	r2, [r3, #7]
10004954:	1113      	asrs	r3, r2, #4
10004956:	001c      	movs	r4, r3
10004958:	3430      	adds	r4, #48	@ 0x30
1000495a:	2b09      	cmp	r3, #9
1000495c:	dd01      	ble.n	10004962 <pico_get_unique_board_id_string+0x162>
1000495e:	3337      	adds	r3, #55	@ 0x37
10004960:	001c      	movs	r4, r3
10004962:	7384      	strb	r4, [r0, #14]
10004964:	290f      	cmp	r1, #15
10004966:	d037      	beq.n	100049d8 <pico_get_unique_board_id_string+0x1d8>
10004968:	230f      	movs	r3, #15
1000496a:	4013      	ands	r3, r2
1000496c:	001a      	movs	r2, r3
1000496e:	3237      	adds	r2, #55	@ 0x37
10004970:	2b09      	cmp	r3, #9
10004972:	d801      	bhi.n	10004978 <pico_get_unique_board_id_string+0x178>
10004974:	3330      	adds	r3, #48	@ 0x30
10004976:	001a      	movs	r2, r3
10004978:	73c2      	strb	r2, [r0, #15]
1000497a:	2910      	cmp	r1, #16
1000497c:	d02c      	beq.n	100049d8 <pico_get_unique_board_id_string+0x1d8>
1000497e:	3010      	adds	r0, #16
10004980:	2300      	movs	r3, #0
10004982:	7003      	strb	r3, [r0, #0]
10004984:	bd30      	pop	{r4, r5, pc}
10004986:	3237      	adds	r2, #55	@ 0x37
10004988:	0014      	movs	r4, r2
1000498a:	e746      	b.n	1000481a <pico_get_unique_board_id_string+0x1a>
1000498c:	3237      	adds	r2, #55	@ 0x37
1000498e:	0014      	movs	r4, r2
10004990:	e74f      	b.n	10004832 <pico_get_unique_board_id_string+0x32>
10004992:	3237      	adds	r2, #55	@ 0x37
10004994:	0014      	movs	r4, r2
10004996:	e758      	b.n	1000484a <pico_get_unique_board_id_string+0x4a>
10004998:	3237      	adds	r2, #55	@ 0x37
1000499a:	0014      	movs	r4, r2
1000499c:	e761      	b.n	10004862 <pico_get_unique_board_id_string+0x62>
1000499e:	3237      	adds	r2, #55	@ 0x37
100049a0:	0014      	movs	r4, r2
100049a2:	e76a      	b.n	1000487a <pico_get_unique_board_id_string+0x7a>
100049a4:	3237      	adds	r2, #55	@ 0x37
100049a6:	0014      	movs	r4, r2
100049a8:	e773      	b.n	10004892 <pico_get_unique_board_id_string+0x92>
100049aa:	3507      	adds	r5, #7
100049ac:	46ac      	mov	ip, r5
100049ae:	4494      	add	ip, r2
100049b0:	e77b      	b.n	100048aa <pico_get_unique_board_id_string+0xaa>
100049b2:	3237      	adds	r2, #55	@ 0x37
100049b4:	0014      	movs	r4, r2
100049b6:	e784      	b.n	100048c2 <pico_get_unique_board_id_string+0xc2>
100049b8:	3507      	adds	r5, #7
100049ba:	46ac      	mov	ip, r5
100049bc:	4494      	add	ip, r2
100049be:	e78c      	b.n	100048da <pico_get_unique_board_id_string+0xda>
100049c0:	3237      	adds	r2, #55	@ 0x37
100049c2:	0014      	movs	r4, r2
100049c4:	e794      	b.n	100048f0 <pico_get_unique_board_id_string+0xf0>
100049c6:	3507      	adds	r5, #7
100049c8:	46ac      	mov	ip, r5
100049ca:	4494      	add	ip, r2
100049cc:	e79b      	b.n	10004906 <pico_get_unique_board_id_string+0x106>
100049ce:	3237      	adds	r2, #55	@ 0x37
100049d0:	0014      	movs	r4, r2
100049d2:	72c4      	strb	r4, [r0, #11]
100049d4:	290c      	cmp	r1, #12
100049d6:	d1a3      	bne.n	10004920 <pico_get_unique_board_id_string+0x120>
100049d8:	1840      	adds	r0, r0, r1
100049da:	e7d1      	b.n	10004980 <pico_get_unique_board_id_string+0x180>
100049dc:	20001c38 	.word	0x20001c38

100049e0 <flash_get_unique_id>:
100049e0:	b510      	push	{r4, lr}
100049e2:	b088      	sub	sp, #32
100049e4:	0004      	movs	r4, r0
100049e6:	220d      	movs	r2, #13
100049e8:	2100      	movs	r1, #0
100049ea:	4668      	mov	r0, sp
100049ec:	f7fd fea0 	bl	10002730 <__wrap_memset>
100049f0:	220d      	movs	r2, #13
100049f2:	2100      	movs	r1, #0
100049f4:	a804      	add	r0, sp, #16
100049f6:	f7fd fe9b 	bl	10002730 <__wrap_memset>
100049fa:	466a      	mov	r2, sp
100049fc:	234b      	movs	r3, #75	@ 0x4b
100049fe:	4668      	mov	r0, sp
10004a00:	7013      	strb	r3, [r2, #0]
10004a02:	a904      	add	r1, sp, #16
10004a04:	2300      	movs	r3, #0
10004a06:	220d      	movs	r2, #13
10004a08:	f001 feaa 	bl	10006760 <__flash_do_cmd_cs_veneer>
10004a0c:	2115      	movs	r1, #21
10004a0e:	2208      	movs	r2, #8
10004a10:	0020      	movs	r0, r4
10004a12:	4469      	add	r1, sp
10004a14:	f7fd fe92 	bl	1000273c <__wrap___aeabi_memcpy>
10004a18:	b008      	add	sp, #32
10004a1a:	bd10      	pop	{r4, pc}

10004a1c <usb_reset_interface_init>:
10004a1c:	4770      	bx	lr
10004a1e:	46c0      	nop			@ (mov r8, r8)

10004a20 <usb_reset_interface_reset>:
10004a20:	2200      	movs	r2, #0
10004a22:	4b01      	ldr	r3, [pc, #4]	@ (10004a28 <usb_reset_interface_reset+0x8>)
10004a24:	701a      	strb	r2, [r3, #0]
10004a26:	4770      	bx	lr
10004a28:	20001c66 	.word	0x20001c66

10004a2c <usb_reset_interface_open>:
10004a2c:	794b      	ldrb	r3, [r1, #5]
10004a2e:	2000      	movs	r0, #0
10004a30:	2bff      	cmp	r3, #255	@ 0xff
10004a32:	d10b      	bne.n	10004a4c <usb_reset_interface_open+0x20>
10004a34:	798b      	ldrb	r3, [r1, #6]
10004a36:	2b00      	cmp	r3, #0
10004a38:	d108      	bne.n	10004a4c <usb_reset_interface_open+0x20>
10004a3a:	79cb      	ldrb	r3, [r1, #7]
10004a3c:	2b01      	cmp	r3, #1
10004a3e:	d105      	bne.n	10004a4c <usb_reset_interface_open+0x20>
10004a40:	2a08      	cmp	r2, #8
10004a42:	d903      	bls.n	10004a4c <usb_reset_interface_open+0x20>
10004a44:	4b02      	ldr	r3, [pc, #8]	@ (10004a50 <usb_reset_interface_open+0x24>)
10004a46:	788a      	ldrb	r2, [r1, #2]
10004a48:	3009      	adds	r0, #9
10004a4a:	701a      	strb	r2, [r3, #0]
10004a4c:	4770      	bx	lr
10004a4e:	46c0      	nop			@ (mov r8, r8)
10004a50:	20001c66 	.word	0x20001c66

10004a54 <usb_reset_interface_xfer_cb>:
10004a54:	2001      	movs	r0, #1
10004a56:	4770      	bx	lr

10004a58 <usb_reset_interface_control_xfer_cb>:
10004a58:	b510      	push	{r4, lr}
10004a5a:	2901      	cmp	r1, #1
10004a5c:	d113      	bne.n	10004a86 <usb_reset_interface_control_xfer_cb+0x2e>
10004a5e:	4915      	ldr	r1, [pc, #84]	@ (10004ab4 <usb_reset_interface_control_xfer_cb+0x5c>)
10004a60:	7953      	ldrb	r3, [r2, #5]
10004a62:	7910      	ldrb	r0, [r2, #4]
10004a64:	7809      	ldrb	r1, [r1, #0]
10004a66:	021b      	lsls	r3, r3, #8
10004a68:	4303      	orrs	r3, r0
10004a6a:	2000      	movs	r0, #0
10004a6c:	4299      	cmp	r1, r3
10004a6e:	d000      	beq.n	10004a72 <usb_reset_interface_control_xfer_cb+0x1a>
10004a70:	bd10      	pop	{r4, pc}
10004a72:	7853      	ldrb	r3, [r2, #1]
10004a74:	2b01      	cmp	r3, #1
10004a76:	d008      	beq.n	10004a8a <usb_reset_interface_control_xfer_cb+0x32>
10004a78:	2b02      	cmp	r3, #2
10004a7a:	d1f9      	bne.n	10004a70 <usb_reset_interface_control_xfer_cb+0x18>
10004a7c:	2264      	movs	r2, #100	@ 0x64
10004a7e:	2100      	movs	r1, #0
10004a80:	2000      	movs	r0, #0
10004a82:	f7fc fdc3 	bl	1000160c <watchdog_reboot>
10004a86:	2001      	movs	r0, #1
10004a88:	e7f2      	b.n	10004a70 <usb_reset_interface_control_xfer_cb+0x18>
10004a8a:	78d1      	ldrb	r1, [r2, #3]
10004a8c:	7893      	ldrb	r3, [r2, #2]
10004a8e:	0209      	lsls	r1, r1, #8
10004a90:	4319      	orrs	r1, r3
10004a92:	2380      	movs	r3, #128	@ 0x80
10004a94:	000a      	movs	r2, r1
10004a96:	005b      	lsls	r3, r3, #1
10004a98:	401a      	ands	r2, r3
10004a9a:	4219      	tst	r1, r3
10004a9c:	d006      	beq.n	10004aac <usb_reset_interface_control_xfer_cb+0x54>
10004a9e:	060a      	lsls	r2, r1, #24
10004aa0:	0fd2      	lsrs	r2, r2, #31
10004aa2:	0a48      	lsrs	r0, r1, #9
10004aa4:	2303      	movs	r3, #3
10004aa6:	4019      	ands	r1, r3
10004aa8:	f7fc fe38 	bl	1000171c <rom_reset_usb_boot_extra>
10004aac:	2001      	movs	r0, #1
10004aae:	4240      	negs	r0, r0
10004ab0:	e7f8      	b.n	10004aa4 <usb_reset_interface_control_xfer_cb+0x4c>
10004ab2:	46c0      	nop			@ (mov r8, r8)
10004ab4:	20001c66 	.word	0x20001c66

10004ab8 <tud_descriptor_bos_cb>:
10004ab8:	4800      	ldr	r0, [pc, #0]	@ (10004abc <tud_descriptor_bos_cb+0x4>)
10004aba:	4770      	bx	lr
10004abc:	10006e90 	.word	0x10006e90

10004ac0 <tud_vendor_control_xfer_cb>:
10004ac0:	4694      	mov	ip, r2
10004ac2:	2301      	movs	r3, #1
10004ac4:	b510      	push	{r4, lr}
10004ac6:	2901      	cmp	r1, #1
10004ac8:	d10a      	bne.n	10004ae0 <tud_vendor_control_xfer_cb+0x20>
10004aca:	7852      	ldrb	r2, [r2, #1]
10004acc:	2300      	movs	r3, #0
10004ace:	2a01      	cmp	r2, #1
10004ad0:	d106      	bne.n	10004ae0 <tud_vendor_control_xfer_cb+0x20>
10004ad2:	4662      	mov	r2, ip
10004ad4:	7911      	ldrb	r1, [r2, #4]
10004ad6:	7952      	ldrb	r2, [r2, #5]
10004ad8:	0212      	lsls	r2, r2, #8
10004ada:	430a      	orrs	r2, r1
10004adc:	2a07      	cmp	r2, #7
10004ade:	d001      	beq.n	10004ae4 <tud_vendor_control_xfer_cb+0x24>
10004ae0:	0018      	movs	r0, r3
10004ae2:	bd10      	pop	{r4, pc}
10004ae4:	33a6      	adds	r3, #166	@ 0xa6
10004ae6:	4661      	mov	r1, ip
10004ae8:	4a02      	ldr	r2, [pc, #8]	@ (10004af4 <tud_vendor_control_xfer_cb+0x34>)
10004aea:	f000 feeb 	bl	100058c4 <tud_control_xfer>
10004aee:	0003      	movs	r3, r0
10004af0:	e7f6      	b.n	10004ae0 <tud_vendor_control_xfer_cb+0x20>
10004af2:	46c0      	nop			@ (mov r8, r8)
10004af4:	10006de8 	.word	0x10006de8

10004af8 <usbd_app_driver_get_cb>:
10004af8:	2301      	movs	r3, #1
10004afa:	7003      	strb	r3, [r0, #0]
10004afc:	4800      	ldr	r0, [pc, #0]	@ (10004b00 <usbd_app_driver_get_cb+0x8>)
10004afe:	4770      	bx	lr
10004b00:	10006eb4 	.word	0x10006eb4

10004b04 <tud_cdc_line_coding_cb>:
10004b04:	784b      	ldrb	r3, [r1, #1]
10004b06:	780a      	ldrb	r2, [r1, #0]
10004b08:	021b      	lsls	r3, r3, #8
10004b0a:	4313      	orrs	r3, r2
10004b0c:	788a      	ldrb	r2, [r1, #2]
10004b0e:	b510      	push	{r4, lr}
10004b10:	0412      	lsls	r2, r2, #16
10004b12:	431a      	orrs	r2, r3
10004b14:	78cb      	ldrb	r3, [r1, #3]
10004b16:	061b      	lsls	r3, r3, #24
10004b18:	4313      	orrs	r3, r2
10004b1a:	2296      	movs	r2, #150	@ 0x96
10004b1c:	00d2      	lsls	r2, r2, #3
10004b1e:	4293      	cmp	r3, r2
10004b20:	d000      	beq.n	10004b24 <tud_cdc_line_coding_cb+0x20>
10004b22:	bd10      	pop	{r4, pc}
10004b24:	2200      	movs	r2, #0
10004b26:	2001      	movs	r0, #1
10004b28:	0011      	movs	r1, r2
10004b2a:	4240      	negs	r0, r0
10004b2c:	f7fc fdf6 	bl	1000171c <rom_reset_usb_boot_extra>

10004b30 <dcd_init>:
10004b30:	b5f8      	push	{r3, r4, r5, r6, r7, lr}
10004b32:	f000 f93b 	bl	10004dac <rp2040_usb_init>
10004b36:	230c      	movs	r3, #12
10004b38:	4d19      	ldr	r5, [pc, #100]	@ (10004ba0 <dcd_init+0x70>)
10004b3a:	22ff      	movs	r2, #255	@ 0xff
10004b3c:	67ab      	str	r3, [r5, #120]	@ 0x78
10004b3e:	2005      	movs	r0, #5
10004b40:	4918      	ldr	r1, [pc, #96]	@ (10004ba4 <dcd_init+0x74>)
10004b42:	f7fb fe89 	bl	10000858 <irq_add_shared_handler>
10004b46:	4c18      	ldr	r4, [pc, #96]	@ (10004ba8 <dcd_init+0x78>)
10004b48:	2240      	movs	r2, #64	@ 0x40
10004b4a:	2100      	movs	r1, #0
10004b4c:	0020      	movs	r0, r4
10004b4e:	f7fd fdef 	bl	10002730 <__wrap_memset>
10004b52:	2740      	movs	r7, #64	@ 0x40
10004b54:	2300      	movs	r3, #0
10004b56:	2601      	movs	r6, #1
10004b58:	2121      	movs	r1, #33	@ 0x21
10004b5a:	4a14      	ldr	r2, [pc, #80]	@ (10004bac <dcd_init+0x7c>)
10004b5c:	7066      	strb	r6, [r4, #1]
10004b5e:	8327      	strh	r7, [r4, #24]
10004b60:	60a2      	str	r2, [r4, #8]
10004b62:	6013      	str	r3, [r2, #0]
10004b64:	5463      	strb	r3, [r4, r1]
10004b66:	315f      	adds	r1, #95	@ 0x5f
10004b68:	8461      	strh	r1, [r4, #34]	@ 0x22
10004b6a:	3945      	subs	r1, #69	@ 0x45
10004b6c:	5463      	strb	r3, [r4, r1]
10004b6e:	4a10      	ldr	r2, [pc, #64]	@ (10004bb0 <dcd_init+0x80>)
10004b70:	4910      	ldr	r1, [pc, #64]	@ (10004bb4 <dcd_init+0x84>)
10004b72:	6063      	str	r3, [r4, #4]
10004b74:	60e2      	str	r2, [r4, #12]
10004b76:	8727      	strh	r7, [r4, #56]	@ 0x38
10004b78:	62a1      	str	r1, [r4, #40]	@ 0x28
10004b7a:	600b      	str	r3, [r1, #0]
10004b7c:	6263      	str	r3, [r4, #36]	@ 0x24
10004b7e:	62e2      	str	r2, [r4, #44]	@ 0x2c
10004b80:	f001 fdce 	bl	10006720 <__reset_non_control_endpoints_veneer>
10004b84:	2380      	movs	r3, #128	@ 0x80
10004b86:	059b      	lsls	r3, r3, #22
10004b88:	642e      	str	r6, [r5, #64]	@ 0x40
10004b8a:	64eb      	str	r3, [r5, #76]	@ 0x4c
10004b8c:	2390      	movs	r3, #144	@ 0x90
10004b8e:	4a0a      	ldr	r2, [pc, #40]	@ (10004bb8 <dcd_init+0x88>)
10004b90:	2001      	movs	r0, #1
10004b92:	50ea      	str	r2, [r5, r3]
10004b94:	2280      	movs	r2, #128	@ 0x80
10004b96:	4b09      	ldr	r3, [pc, #36]	@ (10004bbc <dcd_init+0x8c>)
10004b98:	0252      	lsls	r2, r2, #9
10004b9a:	64da      	str	r2, [r3, #76]	@ 0x4c
10004b9c:	bdf8      	pop	{r3, r4, r5, r6, r7, pc}
10004b9e:	46c0      	nop			@ (mov r8, r8)
10004ba0:	50110000 	.word	0x50110000
10004ba4:	200004c1 	.word	0x200004c1
10004ba8:	200017f0 	.word	0x200017f0
10004bac:	50100084 	.word	0x50100084
10004bb0:	50100100 	.word	0x50100100
10004bb4:	50100080 	.word	0x50100080
10004bb8:	0001d010 	.word	0x0001d010
10004bbc:	50112000 	.word	0x50112000

10004bc0 <dcd_int_enable>:
10004bc0:	b510      	push	{r4, lr}
10004bc2:	2101      	movs	r1, #1
10004bc4:	2005      	movs	r0, #5
10004bc6:	f7fb fde7 	bl	10000798 <irq_set_enabled>
10004bca:	bd10      	pop	{r4, pc}

10004bcc <dcd_set_address>:
10004bcc:	b510      	push	{r4, lr}
10004bce:	2200      	movs	r2, #0
10004bd0:	2100      	movs	r1, #0
10004bd2:	4802      	ldr	r0, [pc, #8]	@ (10004bdc <dcd_set_address+0x10>)
10004bd4:	f000 f90a 	bl	10004dec <hw_endpoint_xfer_start>
10004bd8:	bd10      	pop	{r4, pc}
10004bda:	46c0      	nop			@ (mov r8, r8)
10004bdc:	20001810 	.word	0x20001810

10004be0 <dcd_sof_enable>:
10004be0:	4b04      	ldr	r3, [pc, #16]	@ (10004bf4 <dcd_sof_enable+0x14>)
10004be2:	7019      	strb	r1, [r3, #0]
10004be4:	2900      	cmp	r1, #0
10004be6:	d004      	beq.n	10004bf2 <dcd_sof_enable+0x12>
10004be8:	2180      	movs	r1, #128	@ 0x80
10004bea:	2390      	movs	r3, #144	@ 0x90
10004bec:	4a02      	ldr	r2, [pc, #8]	@ (10004bf8 <dcd_sof_enable+0x18>)
10004bee:	0289      	lsls	r1, r1, #10
10004bf0:	50d1      	str	r1, [r2, r3]
10004bf2:	4770      	bx	lr
10004bf4:	20001c62 	.word	0x20001c62
10004bf8:	50112000 	.word	0x50112000

10004bfc <dcd_edpt0_status_complete>:
10004bfc:	780b      	ldrb	r3, [r1, #0]
10004bfe:	065b      	lsls	r3, r3, #25
10004c00:	d000      	beq.n	10004c04 <dcd_edpt0_status_complete+0x8>
10004c02:	4770      	bx	lr
10004c04:	784b      	ldrb	r3, [r1, #1]
10004c06:	2b05      	cmp	r3, #5
10004c08:	d1fb      	bne.n	10004c02 <dcd_edpt0_status_complete+0x6>
10004c0a:	788a      	ldrb	r2, [r1, #2]
10004c0c:	4b01      	ldr	r3, [pc, #4]	@ (10004c14 <dcd_edpt0_status_complete+0x18>)
10004c0e:	601a      	str	r2, [r3, #0]
10004c10:	e7f7      	b.n	10004c02 <dcd_edpt0_status_complete+0x6>
10004c12:	46c0      	nop			@ (mov r8, r8)
10004c14:	50110000 	.word	0x50110000

10004c18 <dcd_edpt_open>:
10004c18:	b5f8      	push	{r3, r4, r5, r6, r7, lr}
10004c1a:	46ce      	mov	lr, r9
10004c1c:	4647      	mov	r7, r8
10004c1e:	78cb      	ldrb	r3, [r1, #3]
10004c20:	b580      	push	{r7, lr}
10004c22:	079b      	lsls	r3, r3, #30
10004c24:	0f9a      	lsrs	r2, r3, #30
10004c26:	0010      	movs	r0, r2
10004c28:	2a01      	cmp	r2, #1
10004c2a:	d058      	beq.n	10004cde <dcd_edpt_open+0xc6>
10004c2c:	788c      	ldrb	r4, [r1, #2]
10004c2e:	790a      	ldrb	r2, [r1, #4]
10004c30:	794b      	ldrb	r3, [r1, #5]
10004c32:	217f      	movs	r1, #127	@ 0x7f
10004c34:	021b      	lsls	r3, r3, #8
10004c36:	4021      	ands	r1, r4
10004c38:	09e5      	lsrs	r5, r4, #7
10004c3a:	4313      	orrs	r3, r2
10004c3c:	004a      	lsls	r2, r1, #1
10004c3e:	4691      	mov	r9, r2
10004c40:	4e2c      	ldr	r6, [pc, #176]	@ (10004cf4 <dcd_edpt_open+0xdc>)
10004c42:	1952      	adds	r2, r2, r5
10004c44:	0152      	lsls	r2, r2, #5
10004c46:	18b2      	adds	r2, r6, r2
10004c48:	7094      	strb	r4, [r2, #2]
10004c4a:	2401      	movs	r4, #1
10004c4c:	406c      	eors	r4, r5
10004c4e:	7054      	strb	r4, [r2, #1]
10004c50:	2400      	movs	r4, #0
10004c52:	055b      	lsls	r3, r3, #21
10004c54:	0d5b      	lsrs	r3, r3, #21
10004c56:	70d4      	strb	r4, [r2, #3]
10004c58:	8313      	strh	r3, [r2, #24]
10004c5a:	76d0      	strb	r0, [r2, #27]
10004c5c:	00ca      	lsls	r2, r1, #3
10004c5e:	2d01      	cmp	r5, #1
10004c60:	d02c      	beq.n	10004cbc <dcd_edpt_open+0xa4>
10004c62:	4f25      	ldr	r7, [pc, #148]	@ (10004cf8 <dcd_edpt_open+0xe0>)
10004c64:	19d2      	adds	r2, r2, r7
10004c66:	018f      	lsls	r7, r1, #6
10004c68:	46bc      	mov	ip, r7
10004c6a:	44b4      	add	ip, r6
10004c6c:	4667      	mov	r7, ip
10004c6e:	60ba      	str	r2, [r7, #8]
10004c70:	6014      	str	r4, [r2, #0]
10004c72:	2900      	cmp	r1, #0
10004c74:	d02c      	beq.n	10004cd0 <dcd_edpt_open+0xb8>
10004c76:	4a21      	ldr	r2, [pc, #132]	@ (10004cfc <dcd_edpt_open+0xe4>)
10004c78:	00c9      	lsls	r1, r1, #3
10004c7a:	1889      	adds	r1, r1, r2
10004c7c:	6079      	str	r1, [r7, #4]
10004c7e:	333f      	adds	r3, #63	@ 0x3f
10004c80:	099b      	lsrs	r3, r3, #6
10004c82:	2802      	cmp	r0, #2
10004c84:	d032      	beq.n	10004cec <dcd_edpt_open+0xd4>
10004c86:	019a      	lsls	r2, r3, #6
10004c88:	464b      	mov	r3, r9
10004c8a:	4c1d      	ldr	r4, [pc, #116]	@ (10004d00 <dcd_edpt_open+0xe8>)
10004c8c:	195b      	adds	r3, r3, r5
10004c8e:	6821      	ldr	r1, [r4, #0]
10004c90:	015b      	lsls	r3, r3, #5
10004c92:	18f6      	adds	r6, r6, r3
10004c94:	4b1b      	ldr	r3, [pc, #108]	@ (10004d04 <dcd_edpt_open+0xec>)
10004c96:	188a      	adds	r2, r1, r2
10004c98:	60f1      	str	r1, [r6, #12]
10004c9a:	6022      	str	r2, [r4, #0]
10004c9c:	429a      	cmp	r2, r3
10004c9e:	d827      	bhi.n	10004cf0 <dcd_edpt_open+0xd8>
10004ca0:	4a19      	ldr	r2, [pc, #100]	@ (10004d08 <dcd_edpt_open+0xf0>)
10004ca2:	0683      	lsls	r3, r0, #26
10004ca4:	404a      	eors	r2, r1
10004ca6:	4313      	orrs	r3, r2
10004ca8:	2280      	movs	r2, #128	@ 0x80
10004caa:	0612      	lsls	r2, r2, #24
10004cac:	4313      	orrs	r3, r2
10004cae:	6872      	ldr	r2, [r6, #4]
10004cb0:	6013      	str	r3, [r2, #0]
10004cb2:	2001      	movs	r0, #1
10004cb4:	bcc0      	pop	{r6, r7}
10004cb6:	46b9      	mov	r9, r7
10004cb8:	46b0      	mov	r8, r6
10004cba:	bdf8      	pop	{r3, r4, r5, r6, r7, pc}
10004cbc:	4f13      	ldr	r7, [pc, #76]	@ (10004d0c <dcd_edpt_open+0xf4>)
10004cbe:	19d2      	adds	r2, r2, r7
10004cc0:	018f      	lsls	r7, r1, #6
10004cc2:	46bc      	mov	ip, r7
10004cc4:	44b4      	add	ip, r6
10004cc6:	4667      	mov	r7, ip
10004cc8:	62ba      	str	r2, [r7, #40]	@ 0x28
10004cca:	6014      	str	r4, [r2, #0]
10004ccc:	2900      	cmp	r1, #0
10004cce:	d108      	bne.n	10004ce2 <dcd_edpt_open+0xca>
10004cd0:	2300      	movs	r3, #0
10004cd2:	016d      	lsls	r5, r5, #5
10004cd4:	1975      	adds	r5, r6, r5
10004cd6:	606b      	str	r3, [r5, #4]
10004cd8:	4b0d      	ldr	r3, [pc, #52]	@ (10004d10 <dcd_edpt_open+0xf8>)
10004cda:	60eb      	str	r3, [r5, #12]
10004cdc:	e7e9      	b.n	10004cb2 <dcd_edpt_open+0x9a>
10004cde:	2000      	movs	r0, #0
10004ce0:	e7e8      	b.n	10004cb4 <dcd_edpt_open+0x9c>
10004ce2:	4a09      	ldr	r2, [pc, #36]	@ (10004d08 <dcd_edpt_open+0xf0>)
10004ce4:	00c9      	lsls	r1, r1, #3
10004ce6:	1889      	adds	r1, r1, r2
10004ce8:	6279      	str	r1, [r7, #36]	@ 0x24
10004cea:	e7c8      	b.n	10004c7e <dcd_edpt_open+0x66>
10004cec:	01da      	lsls	r2, r3, #7
10004cee:	e7cb      	b.n	10004c88 <dcd_edpt_open+0x70>
10004cf0:	f7fc fd3c 	bl	1000176c <hard_assertion_failure>
10004cf4:	200017f0 	.word	0x200017f0
10004cf8:	50100084 	.word	0x50100084
10004cfc:	50100004 	.word	0x50100004
10004d00:	20001c1c 	.word	0x20001c1c
10004d04:	50100fff 	.word	0x50100fff
10004d08:	50100000 	.word	0x50100000
10004d0c:	50100080 	.word	0x50100080
10004d10:	50100100 	.word	0x50100100

10004d14 <dcd_edpt_close_all>:
10004d14:	b510      	push	{r4, lr}
10004d16:	f001 fd03 	bl	10006720 <__reset_non_control_endpoints_veneer>
10004d1a:	bd10      	pop	{r4, pc}

10004d1c <dcd_edpt_xfer>:
10004d1c:	207f      	movs	r0, #127	@ 0x7f
10004d1e:	b510      	push	{r4, lr}
10004d20:	4008      	ands	r0, r1
10004d22:	0040      	lsls	r0, r0, #1
10004d24:	09c9      	lsrs	r1, r1, #7
10004d26:	1840      	adds	r0, r0, r1
10004d28:	0011      	movs	r1, r2
10004d2a:	4a04      	ldr	r2, [pc, #16]	@ (10004d3c <dcd_edpt_xfer+0x20>)
10004d2c:	0140      	lsls	r0, r0, #5
10004d2e:	1880      	adds	r0, r0, r2
10004d30:	001a      	movs	r2, r3
10004d32:	f000 f85b 	bl	10004dec <hw_endpoint_xfer_start>
10004d36:	2001      	movs	r0, #1
10004d38:	bd10      	pop	{r4, pc}
10004d3a:	46c0      	nop			@ (mov r8, r8)
10004d3c:	200017f0 	.word	0x200017f0

10004d40 <dcd_edpt_stall>:
10004d40:	237f      	movs	r3, #127	@ 0x7f
10004d42:	0018      	movs	r0, r3
10004d44:	b500      	push	{lr}
10004d46:	4008      	ands	r0, r1
10004d48:	b083      	sub	sp, #12
10004d4a:	420b      	tst	r3, r1
10004d4c:	d104      	bne.n	10004d58 <dcd_edpt_stall+0x18>
10004d4e:	424b      	negs	r3, r1
10004d50:	414b      	adcs	r3, r1
10004d52:	4a08      	ldr	r2, [pc, #32]	@ (10004d74 <dcd_edpt_stall+0x34>)
10004d54:	3301      	adds	r3, #1
10004d56:	6693      	str	r3, [r2, #104]	@ 0x68
10004d58:	2280      	movs	r2, #128	@ 0x80
10004d5a:	09c9      	lsrs	r1, r1, #7
10004d5c:	0040      	lsls	r0, r0, #1
10004d5e:	4b06      	ldr	r3, [pc, #24]	@ (10004d78 <dcd_edpt_stall+0x38>)
10004d60:	1840      	adds	r0, r0, r1
10004d62:	0140      	lsls	r0, r0, #5
10004d64:	2100      	movs	r1, #0
10004d66:	18c0      	adds	r0, r0, r3
10004d68:	0112      	lsls	r2, r2, #4
10004d6a:	f001 fcb1 	bl	100066d0 <___hw_endpoint_buffer_control_update32_veneer>
10004d6e:	b003      	add	sp, #12
10004d70:	bd00      	pop	{pc}
10004d72:	46c0      	nop			@ (mov r8, r8)
10004d74:	50112000 	.word	0x50112000
10004d78:	200017f0 	.word	0x200017f0

10004d7c <dcd_edpt_clear_stall>:
10004d7c:	227f      	movs	r2, #127	@ 0x7f
10004d7e:	0013      	movs	r3, r2
10004d80:	b510      	push	{r4, lr}
10004d82:	400b      	ands	r3, r1
10004d84:	420a      	tst	r2, r1
10004d86:	d100      	bne.n	10004d8a <dcd_edpt_clear_stall+0xe>
10004d88:	bd10      	pop	{r4, pc}
10004d8a:	09c9      	lsrs	r1, r1, #7
10004d8c:	005b      	lsls	r3, r3, #1
10004d8e:	185b      	adds	r3, r3, r1
10004d90:	4804      	ldr	r0, [pc, #16]	@ (10004da4 <dcd_edpt_clear_stall+0x28>)
10004d92:	015b      	lsls	r3, r3, #5
10004d94:	18c0      	adds	r0, r0, r3
10004d96:	2300      	movs	r3, #0
10004d98:	2200      	movs	r2, #0
10004d9a:	4903      	ldr	r1, [pc, #12]	@ (10004da8 <dcd_edpt_clear_stall+0x2c>)
10004d9c:	70c3      	strb	r3, [r0, #3]
10004d9e:	f001 fc97 	bl	100066d0 <___hw_endpoint_buffer_control_update32_veneer>
10004da2:	e7f1      	b.n	10004d88 <dcd_edpt_clear_stall+0xc>
10004da4:	200017f0 	.word	0x200017f0
10004da8:	fffff7ff 	.word	0xfffff7ff

10004dac <rp2040_usb_init>:
10004dac:	2280      	movs	r2, #128	@ 0x80
10004dae:	4b0a      	ldr	r3, [pc, #40]	@ (10004dd8 <rp2040_usb_init+0x2c>)
10004db0:	0452      	lsls	r2, r2, #17
10004db2:	b510      	push	{r4, lr}
10004db4:	601a      	str	r2, [r3, #0]
10004db6:	4b09      	ldr	r3, [pc, #36]	@ (10004ddc <rp2040_usb_init+0x30>)
10004db8:	4909      	ldr	r1, [pc, #36]	@ (10004de0 <rp2040_usb_init+0x34>)
10004dba:	601a      	str	r2, [r3, #0]
10004dbc:	0010      	movs	r0, r2
10004dbe:	680b      	ldr	r3, [r1, #0]
10004dc0:	4398      	bics	r0, r3
10004dc2:	d1fb      	bne.n	10004dbc <rp2040_usb_init+0x10>
10004dc4:	2280      	movs	r2, #128	@ 0x80
10004dc6:	2100      	movs	r1, #0
10004dc8:	0152      	lsls	r2, r2, #5
10004dca:	4806      	ldr	r0, [pc, #24]	@ (10004de4 <rp2040_usb_init+0x38>)
10004dcc:	f7fd fcb0 	bl	10002730 <__wrap_memset>
10004dd0:	2209      	movs	r2, #9
10004dd2:	4b05      	ldr	r3, [pc, #20]	@ (10004de8 <rp2040_usb_init+0x3c>)
10004dd4:	675a      	str	r2, [r3, #116]	@ 0x74
10004dd6:	bd10      	pop	{r4, pc}
10004dd8:	4000e000 	.word	0x4000e000
10004ddc:	4000f000 	.word	0x4000f000
10004de0:	4000c008 	.word	0x4000c008
10004de4:	50100000 	.word	0x50100000
10004de8:	50110000 	.word	0x50110000

10004dec <hw_endpoint_xfer_start>:
10004dec:	2300      	movs	r3, #0
10004dee:	b510      	push	{r4, lr}
10004df0:	82c3      	strh	r3, [r0, #22]
10004df2:	3301      	adds	r3, #1
10004df4:	8282      	strh	r2, [r0, #20]
10004df6:	7683      	strb	r3, [r0, #26]
10004df8:	6101      	str	r1, [r0, #16]
10004dfa:	0004      	movs	r4, r0
10004dfc:	f001 fc98 	bl	10006730 <__e15_is_bulkin_ep_veneer>
10004e00:	2800      	cmp	r0, #0
10004e02:	d004      	beq.n	10004e0e <hw_endpoint_xfer_start+0x22>
10004e04:	2180      	movs	r1, #128	@ 0x80
10004e06:	2390      	movs	r3, #144	@ 0x90
10004e08:	4a07      	ldr	r2, [pc, #28]	@ (10004e28 <hw_endpoint_xfer_start+0x3c>)
10004e0a:	0289      	lsls	r1, r1, #10
10004e0c:	50d1      	str	r1, [r2, r3]
10004e0e:	0020      	movs	r0, r4
10004e10:	f001 fc96 	bl	10006740 <__e15_is_critical_frame_period_veneer>
10004e14:	2800      	cmp	r0, #0
10004e16:	d002      	beq.n	10004e1e <hw_endpoint_xfer_start+0x32>
10004e18:	2301      	movs	r3, #1
10004e1a:	7723      	strb	r3, [r4, #28]
10004e1c:	bd10      	pop	{r4, pc}
10004e1e:	0020      	movs	r0, r4
10004e20:	f001 fc5e 	bl	100066e0 <__hw_endpoint_start_next_buffer_veneer>
10004e24:	e7fa      	b.n	10004e1c <hw_endpoint_xfer_start+0x30>
10004e26:	46c0      	nop			@ (mov r8, r8)
10004e28:	50112000 	.word	0x50112000

10004e2c <tud_event_hook_cb>:
10004e2c:	4770      	bx	lr
10004e2e:	46c0      	nop			@ (mov r8, r8)

10004e30 <tud_sof_cb>:
10004e30:	4770      	bx	lr
10004e32:	46c0      	nop			@ (mov r8, r8)

10004e34 <tud_descriptor_device_qualifier_cb>:
10004e34:	2000      	movs	r0, #0
10004e36:	4770      	bx	lr

10004e38 <tud_descriptor_other_speed_configuration_cb>:
10004e38:	2000      	movs	r0, #0
10004e3a:	4770      	bx	lr

10004e3c <tud_mount_cb>:
10004e3c:	4770      	bx	lr
10004e3e:	46c0      	nop			@ (mov r8, r8)

10004e40 <tud_umount_cb>:
10004e40:	4770      	bx	lr
10004e42:	46c0      	nop			@ (mov r8, r8)

10004e44 <tud_suspend_cb>:
10004e44:	4770      	bx	lr
10004e46:	46c0      	nop			@ (mov r8, r8)

10004e48 <tud_resume_cb>:
10004e48:	4770      	bx	lr
10004e4a:	46c0      	nop			@ (mov r8, r8)

10004e4c <tud_mounted>:
10004e4c:	4b02      	ldr	r3, [pc, #8]	@ (10004e58 <tud_mounted+0xc>)
10004e4e:	7858      	ldrb	r0, [r3, #1]
10004e50:	1e43      	subs	r3, r0, #1
10004e52:	4198      	sbcs	r0, r3
10004e54:	b2c0      	uxtb	r0, r0
10004e56:	4770      	bx	lr
10004e58:	20001568 	.word	0x20001568

10004e5c <tud_suspended>:
10004e5c:	4b02      	ldr	r3, [pc, #8]	@ (10004e68 <tud_suspended+0xc>)
10004e5e:	7818      	ldrb	r0, [r3, #0]
10004e60:	0740      	lsls	r0, r0, #29
10004e62:	0fc0      	lsrs	r0, r0, #31
10004e64:	4770      	bx	lr
10004e66:	46c0      	nop			@ (mov r8, r8)
10004e68:	20001568 	.word	0x20001568

10004e6c <tud_rhport_init>:
10004e6c:	b5f0      	push	{r4, r5, r6, r7, lr}
10004e6e:	46d6      	mov	lr, sl
10004e70:	464f      	mov	r7, r9
10004e72:	4646      	mov	r6, r8
10004e74:	b5c0      	push	{r6, r7, lr}
10004e76:	4b2c      	ldr	r3, [pc, #176]	@ (10004f28 <tud_rhport_init+0xbc>)
10004e78:	4681      	mov	r9, r0
10004e7a:	4698      	mov	r8, r3
10004e7c:	781b      	ldrb	r3, [r3, #0]
10004e7e:	468a      	mov	sl, r1
10004e80:	2bff      	cmp	r3, #255	@ 0xff
10004e82:	d14b      	bne.n	10004f1c <tud_rhport_init+0xb0>
10004e84:	2900      	cmp	r1, #0
10004e86:	d03b      	beq.n	10004f00 <tud_rhport_init+0x94>
10004e88:	2100      	movs	r1, #0
10004e8a:	2254      	movs	r2, #84	@ 0x54
10004e8c:	4827      	ldr	r0, [pc, #156]	@ (10004f2c <tud_rhport_init+0xc0>)
10004e8e:	f7fd fc4f 	bl	10002730 <__wrap_memset>
10004e92:	2200      	movs	r2, #0
10004e94:	4c26      	ldr	r4, [pc, #152]	@ (10004f30 <tud_rhport_init+0xc4>)
10004e96:	4b27      	ldr	r3, [pc, #156]	@ (10004f34 <tud_rhport_init+0xc8>)
10004e98:	0020      	movs	r0, r4
10004e9a:	701a      	strb	r2, [r3, #0]
10004e9c:	f7fb fe62 	bl	10000b64 <mutex_init>
10004ea0:	4b25      	ldr	r3, [pc, #148]	@ (10004f38 <tud_rhport_init+0xcc>)
10004ea2:	601c      	str	r4, [r3, #0]
10004ea4:	4c25      	ldr	r4, [pc, #148]	@ (10004f3c <tud_rhport_init+0xd0>)
10004ea6:	0020      	movs	r0, r4
10004ea8:	3c14      	subs	r4, #20
10004eaa:	f7fb fe69 	bl	10000b80 <critical_section_init>
10004eae:	0020      	movs	r0, r4
10004eb0:	f001 fb98 	bl	100065e4 <tu_fifo_clear>
10004eb4:	4b22      	ldr	r3, [pc, #136]	@ (10004f40 <tud_rhport_init+0xd4>)
10004eb6:	4d23      	ldr	r5, [pc, #140]	@ (10004f44 <tud_rhport_init+0xd8>)
10004eb8:	601c      	str	r4, [r3, #0]
10004eba:	4b23      	ldr	r3, [pc, #140]	@ (10004f48 <tud_rhport_init+0xdc>)
10004ebc:	2b00      	cmp	r3, #0
10004ebe:	d004      	beq.n	10004eca <tud_rhport_init+0x5e>
10004ec0:	0028      	movs	r0, r5
10004ec2:	f7ff fe19 	bl	10004af8 <usbd_app_driver_get_cb>
10004ec6:	4b21      	ldr	r3, [pc, #132]	@ (10004f4c <tud_rhport_init+0xe0>)
10004ec8:	6018      	str	r0, [r3, #0]
10004eca:	2400      	movs	r4, #0
10004ecc:	782b      	ldrb	r3, [r5, #0]
10004ece:	4f20      	ldr	r7, [pc, #128]	@ (10004f50 <tud_rhport_init+0xe4>)
10004ed0:	4e1e      	ldr	r6, [pc, #120]	@ (10004f4c <tud_rhport_init+0xe0>)
10004ed2:	e00d      	b.n	10004ef0 <tud_rhport_init+0x84>
10004ed4:	6833      	ldr	r3, [r6, #0]
10004ed6:	0162      	lsls	r2, r4, #5
10004ed8:	189b      	adds	r3, r3, r2
10004eda:	2b00      	cmp	r3, #0
10004edc:	d010      	beq.n	10004f00 <tud_rhport_init+0x94>
10004ede:	685b      	ldr	r3, [r3, #4]
10004ee0:	2b00      	cmp	r3, #0
10004ee2:	d00d      	beq.n	10004f00 <tud_rhport_init+0x94>
10004ee4:	4798      	blx	r3
10004ee6:	3401      	adds	r4, #1
10004ee8:	782b      	ldrb	r3, [r5, #0]
10004eea:	b2e4      	uxtb	r4, r4
10004eec:	42a3      	cmp	r3, r4
10004eee:	d309      	bcc.n	10004f04 <tud_rhport_init+0x98>
10004ef0:	42a3      	cmp	r3, r4
10004ef2:	d8ef      	bhi.n	10004ed4 <tud_rhport_init+0x68>
10004ef4:	1ae3      	subs	r3, r4, r3
10004ef6:	015b      	lsls	r3, r3, #5
10004ef8:	19db      	adds	r3, r3, r7
10004efa:	685b      	ldr	r3, [r3, #4]
10004efc:	2b00      	cmp	r3, #0
10004efe:	d1f1      	bne.n	10004ee4 <tud_rhport_init+0x78>
10004f00:	2000      	movs	r0, #0
10004f02:	e00c      	b.n	10004f1e <tud_rhport_init+0xb2>
10004f04:	4642      	mov	r2, r8
10004f06:	464b      	mov	r3, r9
10004f08:	4651      	mov	r1, sl
10004f0a:	4648      	mov	r0, r9
10004f0c:	7013      	strb	r3, [r2, #0]
10004f0e:	f7ff fe0f 	bl	10004b30 <dcd_init>
10004f12:	2800      	cmp	r0, #0
10004f14:	d0f4      	beq.n	10004f00 <tud_rhport_init+0x94>
10004f16:	4648      	mov	r0, r9
10004f18:	f7ff fe52 	bl	10004bc0 <dcd_int_enable>
10004f1c:	2001      	movs	r0, #1
10004f1e:	bce0      	pop	{r5, r6, r7}
10004f20:	46ba      	mov	sl, r7
10004f22:	46b1      	mov	r9, r6
10004f24:	46a8      	mov	r8, r5
10004f26:	bdf0      	pop	{r4, r5, r6, r7, pc}
10004f28:	20001024 	.word	0x20001024
10004f2c:	20001568 	.word	0x20001568
10004f30:	20001560 	.word	0x20001560
10004f34:	20001c63 	.word	0x20001c63
10004f38:	200015bc 	.word	0x200015bc
10004f3c:	2000101c 	.word	0x2000101c
10004f40:	200015c0 	.word	0x200015c0
10004f44:	20001c61 	.word	0x20001c61
10004f48:	10004af9 	.word	0x10004af9
10004f4c:	20001480 	.word	0x20001480
10004f50:	10006f7c 	.word	0x10006f7c

10004f54 <tud_task_ext>:
10004f54:	b5f0      	push	{r4, r5, r6, r7, lr}
10004f56:	46de      	mov	lr, fp
10004f58:	4657      	mov	r7, sl
10004f5a:	464e      	mov	r6, r9
10004f5c:	4645      	mov	r5, r8
10004f5e:	b5e0      	push	{r5, r6, r7, lr}
10004f60:	4bc8      	ldr	r3, [pc, #800]	@ (10005284 <tud_task_ext+0x330>)
10004f62:	b091      	sub	sp, #68	@ 0x44
10004f64:	9303      	str	r3, [sp, #12]
10004f66:	781b      	ldrb	r3, [r3, #0]
10004f68:	2bff      	cmp	r3, #255	@ 0xff
10004f6a:	d100      	bne.n	10004f6e <tud_task_ext+0x1a>
10004f6c:	e142      	b.n	100051f4 <tud_task_ext+0x2a0>
10004f6e:	4bc6      	ldr	r3, [pc, #792]	@ (10005288 <tud_task_ext+0x334>)
10004f70:	4ec6      	ldr	r6, [pc, #792]	@ (1000528c <tud_task_ext+0x338>)
10004f72:	001f      	movs	r7, r3
10004f74:	4bc6      	ldr	r3, [pc, #792]	@ (10005290 <tud_task_ext+0x33c>)
10004f76:	ac0d      	add	r4, sp, #52	@ 0x34
10004f78:	9302      	str	r3, [sp, #8]
10004f7a:	4bc6      	ldr	r3, [pc, #792]	@ (10005294 <tud_task_ext+0x340>)
10004f7c:	9301      	str	r3, [sp, #4]
10004f7e:	6835      	ldr	r5, [r6, #0]
10004f80:	696a      	ldr	r2, [r5, #20]
10004f82:	f3ef 8110 	mrs	r1, PRIMASK
10004f86:	b672      	cpsid	i
10004f88:	6813      	ldr	r3, [r2, #0]
10004f8a:	2b00      	cmp	r3, #0
10004f8c:	d0fc      	beq.n	10004f88 <tud_task_ext+0x34>
10004f8e:	f3bf 8f5f 	dmb	sy
10004f92:	61a9      	str	r1, [r5, #24]
10004f94:	0028      	movs	r0, r5
10004f96:	0021      	movs	r1, r4
10004f98:	f001 f95a 	bl	10006250 <tu_fifo_read>
10004f9c:	696a      	ldr	r2, [r5, #20]
10004f9e:	69ab      	ldr	r3, [r5, #24]
10004fa0:	f3bf 8f5f 	dmb	sy
10004fa4:	2100      	movs	r1, #0
10004fa6:	6011      	str	r1, [r2, #0]
10004fa8:	f383 8810 	msr	PRIMASK, r3
10004fac:	2800      	cmp	r0, #0
10004fae:	d100      	bne.n	10004fb2 <tud_task_ext+0x5e>
10004fb0:	e120      	b.n	100051f4 <tud_task_ext+0x2a0>
10004fb2:	7863      	ldrb	r3, [r4, #1]
10004fb4:	2b08      	cmp	r3, #8
10004fb6:	d8e2      	bhi.n	10004f7e <tud_task_ext+0x2a>
10004fb8:	009b      	lsls	r3, r3, #2
10004fba:	58fb      	ldr	r3, [r7, r3]
10004fbc:	469f      	mov	pc, r3
10004fbe:	6863      	ldr	r3, [r4, #4]
10004fc0:	2b00      	cmp	r3, #0
10004fc2:	d0dc      	beq.n	10004f7e <tud_task_ext+0x2a>
10004fc4:	68a0      	ldr	r0, [r4, #8]
10004fc6:	4798      	blx	r3
10004fc8:	e7d9      	b.n	10004f7e <tud_task_ext+0x2a>
10004fca:	227f      	movs	r2, #127	@ 0x7f
10004fcc:	7921      	ldrb	r1, [r4, #4]
10004fce:	4db0      	ldr	r5, [pc, #704]	@ (10005290 <tud_task_ext+0x33c>)
10004fd0:	400a      	ands	r2, r1
10004fd2:	0053      	lsls	r3, r2, #1
10004fd4:	18eb      	adds	r3, r5, r3
10004fd6:	4698      	mov	r8, r3
10004fd8:	09c8      	lsrs	r0, r1, #7
10004fda:	4480      	add	r8, r0
10004fdc:	4640      	mov	r0, r8
10004fde:	2301      	movs	r3, #1
10004fe0:	3030      	adds	r0, #48	@ 0x30
10004fe2:	7905      	ldrb	r5, [r0, #4]
10004fe4:	439d      	bics	r5, r3
10004fe6:	7105      	strb	r5, [r0, #4]
10004fe8:	7905      	ldrb	r5, [r0, #4]
10004fea:	3303      	adds	r3, #3
10004fec:	439d      	bics	r5, r3
10004fee:	7105      	strb	r5, [r0, #4]
10004ff0:	2a00      	cmp	r2, #0
10004ff2:	d100      	bne.n	10004ff6 <tud_task_ext+0xa2>
10004ff4:	e105      	b.n	10005202 <tud_task_ext+0x2ae>
10004ff6:	4643      	mov	r3, r8
10004ff8:	4aa7      	ldr	r2, [pc, #668]	@ (10005298 <tud_task_ext+0x344>)
10004ffa:	7d1b      	ldrb	r3, [r3, #20]
10004ffc:	7812      	ldrb	r2, [r2, #0]
10004ffe:	4293      	cmp	r3, r2
10005000:	d300      	bcc.n	10005004 <tud_task_ext+0xb0>
10005002:	e0f5      	b.n	100051f0 <tud_task_ext+0x29c>
10005004:	4aa5      	ldr	r2, [pc, #660]	@ (1000529c <tud_task_ext+0x348>)
10005006:	015b      	lsls	r3, r3, #5
10005008:	6815      	ldr	r5, [r2, #0]
1000500a:	18ed      	adds	r5, r5, r3
1000500c:	2d00      	cmp	r5, #0
1000500e:	d100      	bne.n	10005012 <tud_task_ext+0xbe>
10005010:	e0f0      	b.n	100051f4 <tud_task_ext+0x2a0>
10005012:	68a3      	ldr	r3, [r4, #8]
10005014:	7962      	ldrb	r2, [r4, #5]
10005016:	7820      	ldrb	r0, [r4, #0]
10005018:	69ad      	ldr	r5, [r5, #24]
1000501a:	47a8      	blx	r5
1000501c:	e7af      	b.n	10004f7e <tud_task_ext+0x2a>
1000501e:	4ba0      	ldr	r3, [pc, #640]	@ (100052a0 <tud_task_ext+0x34c>)
10005020:	781a      	ldrb	r2, [r3, #0]
10005022:	2a00      	cmp	r2, #0
10005024:	d100      	bne.n	10005028 <tud_task_ext+0xd4>
10005026:	e0e5      	b.n	100051f4 <tud_task_ext+0x2a0>
10005028:	781a      	ldrb	r2, [r3, #0]
1000502a:	3a01      	subs	r2, #1
1000502c:	701a      	strb	r2, [r3, #0]
1000502e:	781b      	ldrb	r3, [r3, #0]
10005030:	2b00      	cmp	r3, #0
10005032:	d1a4      	bne.n	10004f7e <tud_task_ext+0x2a>
10005034:	2201      	movs	r2, #1
10005036:	4d96      	ldr	r5, [pc, #600]	@ (10005290 <tud_task_ext+0x33c>)
10005038:	2101      	movs	r1, #1
1000503a:	782b      	ldrb	r3, [r5, #0]
1000503c:	2004      	movs	r0, #4
1000503e:	4313      	orrs	r3, r2
10005040:	702b      	strb	r3, [r5, #0]
10005042:	2334      	movs	r3, #52	@ 0x34
10005044:	5cea      	ldrb	r2, [r5, r3]
10005046:	438a      	bics	r2, r1
10005048:	54ea      	strb	r2, [r5, r3]
1000504a:	5cea      	ldrb	r2, [r5, r3]
1000504c:	4382      	bics	r2, r0
1000504e:	54ea      	strb	r2, [r5, r3]
10005050:	3301      	adds	r3, #1
10005052:	5cea      	ldrb	r2, [r5, r3]
10005054:	438a      	bics	r2, r1
10005056:	54ea      	strb	r2, [r5, r3]
10005058:	5cea      	ldrb	r2, [r5, r3]
1000505a:	4382      	bics	r2, r0
1000505c:	54ea      	strb	r2, [r5, r3]
1000505e:	7823      	ldrb	r3, [r4, #0]
10005060:	2000      	movs	r0, #0
10005062:	469b      	mov	fp, r3
10005064:	f000 fc88 	bl	10005978 <usbd_control_set_complete_callback>
10005068:	2260      	movs	r2, #96	@ 0x60
1000506a:	7923      	ldrb	r3, [r4, #4]
1000506c:	401a      	ands	r2, r3
1000506e:	2a60      	cmp	r2, #96	@ 0x60
10005070:	d100      	bne.n	10005074 <tud_task_ext+0x120>
10005072:	e0f1      	b.n	10005258 <tud_task_ext+0x304>
10005074:	2a40      	cmp	r2, #64	@ 0x40
10005076:	d100      	bne.n	1000507a <tud_task_ext+0x126>
10005078:	e0f7      	b.n	1000526a <tud_task_ext+0x316>
1000507a:	06db      	lsls	r3, r3, #27
1000507c:	0edb      	lsrs	r3, r3, #27
1000507e:	2b01      	cmp	r3, #1
10005080:	d100      	bne.n	10005084 <tud_task_ext+0x130>
10005082:	e115      	b.n	100052b0 <tud_task_ext+0x35c>
10005084:	2b02      	cmp	r3, #2
10005086:	d100      	bne.n	1000508a <tud_task_ext+0x136>
10005088:	e0ca      	b.n	10005220 <tud_task_ext+0x2cc>
1000508a:	2b00      	cmp	r3, #0
1000508c:	d000      	beq.n	10005090 <tud_task_ext+0x13c>
1000508e:	e0e3      	b.n	10005258 <tud_task_ext+0x304>
10005090:	2a20      	cmp	r2, #32
10005092:	d100      	bne.n	10005096 <tud_task_ext+0x142>
10005094:	e211      	b.n	100054ba <tud_task_ext+0x566>
10005096:	2a00      	cmp	r2, #0
10005098:	d000      	beq.n	1000509c <tud_task_ext+0x148>
1000509a:	e0dd      	b.n	10005258 <tud_task_ext+0x304>
1000509c:	7963      	ldrb	r3, [r4, #5]
1000509e:	2b09      	cmp	r3, #9
100050a0:	d900      	bls.n	100050a4 <tud_task_ext+0x150>
100050a2:	e0d9      	b.n	10005258 <tud_task_ext+0x304>
100050a4:	4a7f      	ldr	r2, [pc, #508]	@ (100052a4 <tud_task_ext+0x350>)
100050a6:	009b      	lsls	r3, r3, #2
100050a8:	58d3      	ldr	r3, [r2, r3]
100050aa:	469f      	mov	pc, r3
100050ac:	4d78      	ldr	r5, [pc, #480]	@ (10005290 <tud_task_ext+0x33c>)
100050ae:	782b      	ldrb	r3, [r5, #0]
100050b0:	07db      	lsls	r3, r3, #31
100050b2:	d400      	bmi.n	100050b6 <tud_task_ext+0x162>
100050b4:	e763      	b.n	10004f7e <tud_task_ext+0x2a>
100050b6:	f7ff fec7 	bl	10004e48 <tud_resume_cb>
100050ba:	e760      	b.n	10004f7e <tud_task_ext+0x2a>
100050bc:	9b02      	ldr	r3, [sp, #8]
100050be:	78db      	ldrb	r3, [r3, #3]
100050c0:	07db      	lsls	r3, r3, #31
100050c2:	d400      	bmi.n	100050c6 <tud_task_ext+0x172>
100050c4:	e75b      	b.n	10004f7e <tud_task_ext+0x2a>
100050c6:	6860      	ldr	r0, [r4, #4]
100050c8:	f7ff feb2 	bl	10004e30 <tud_sof_cb>
100050cc:	e757      	b.n	10004f7e <tud_task_ext+0x2a>
100050ce:	4d70      	ldr	r5, [pc, #448]	@ (10005290 <tud_task_ext+0x33c>)
100050d0:	782b      	ldrb	r3, [r5, #0]
100050d2:	07db      	lsls	r3, r3, #31
100050d4:	d400      	bmi.n	100050d8 <tud_task_ext+0x184>
100050d6:	e752      	b.n	10004f7e <tud_task_ext+0x2a>
100050d8:	7828      	ldrb	r0, [r5, #0]
100050da:	0700      	lsls	r0, r0, #28
100050dc:	0fc0      	lsrs	r0, r0, #31
100050de:	f7ff feb1 	bl	10004e44 <tud_suspend_cb>
100050e2:	e74c      	b.n	10004f7e <tud_task_ext+0x2a>
100050e4:	7823      	ldrb	r3, [r4, #0]
100050e6:	4a6b      	ldr	r2, [pc, #428]	@ (10005294 <tud_task_ext+0x340>)
100050e8:	4699      	mov	r9, r3
100050ea:	4693      	mov	fp, r2
100050ec:	4b6a      	ldr	r3, [pc, #424]	@ (10005298 <tud_task_ext+0x344>)
100050ee:	4a6b      	ldr	r2, [pc, #428]	@ (1000529c <tud_task_ext+0x348>)
100050f0:	4698      	mov	r8, r3
100050f2:	4692      	mov	sl, r2
100050f4:	003a      	movs	r2, r7
100050f6:	2500      	movs	r5, #0
100050f8:	4647      	mov	r7, r8
100050fa:	781b      	ldrb	r3, [r3, #0]
100050fc:	46b0      	mov	r8, r6
100050fe:	464e      	mov	r6, r9
10005100:	4691      	mov	r9, r2
10005102:	e00e      	b.n	10005122 <tud_task_ext+0x1ce>
10005104:	4653      	mov	r3, sl
10005106:	681b      	ldr	r3, [r3, #0]
10005108:	016a      	lsls	r2, r5, #5
1000510a:	189b      	adds	r3, r3, r2
1000510c:	2b00      	cmp	r3, #0
1000510e:	d100      	bne.n	10005112 <tud_task_ext+0x1be>
10005110:	e07d      	b.n	1000520e <tud_task_ext+0x2ba>
10005112:	68db      	ldr	r3, [r3, #12]
10005114:	0030      	movs	r0, r6
10005116:	4798      	blx	r3
10005118:	3501      	adds	r5, #1
1000511a:	783b      	ldrb	r3, [r7, #0]
1000511c:	b2ed      	uxtb	r5, r5
1000511e:	42ab      	cmp	r3, r5
10005120:	d30c      	bcc.n	1000513c <tud_task_ext+0x1e8>
10005122:	42ab      	cmp	r3, r5
10005124:	d8ee      	bhi.n	10005104 <tud_task_ext+0x1b0>
10005126:	1aeb      	subs	r3, r5, r3
10005128:	015b      	lsls	r3, r3, #5
1000512a:	445b      	add	r3, fp
1000512c:	68db      	ldr	r3, [r3, #12]
1000512e:	0030      	movs	r0, r6
10005130:	4798      	blx	r3
10005132:	3501      	adds	r5, #1
10005134:	783b      	ldrb	r3, [r7, #0]
10005136:	b2ed      	uxtb	r5, r5
10005138:	42ab      	cmp	r3, r5
1000513a:	d2f2      	bcs.n	10005122 <tud_task_ext+0x1ce>
1000513c:	4d54      	ldr	r5, [pc, #336]	@ (10005290 <tud_task_ext+0x33c>)
1000513e:	2254      	movs	r2, #84	@ 0x54
10005140:	2100      	movs	r1, #0
10005142:	0028      	movs	r0, r5
10005144:	f7fd faf4 	bl	10002730 <__wrap_memset>
10005148:	2210      	movs	r2, #16
1000514a:	21ff      	movs	r1, #255	@ 0xff
1000514c:	1d28      	adds	r0, r5, #4
1000514e:	f7fd faef 	bl	10002730 <__wrap_memset>
10005152:	0028      	movs	r0, r5
10005154:	2220      	movs	r2, #32
10005156:	21ff      	movs	r1, #255	@ 0xff
10005158:	3014      	adds	r0, #20
1000515a:	4646      	mov	r6, r8
1000515c:	464f      	mov	r7, r9
1000515e:	f7fd fae7 	bl	10002730 <__wrap_memset>
10005162:	f000 fbff 	bl	10005964 <usbd_control_reset>
10005166:	7923      	ldrb	r3, [r4, #4]
10005168:	70ab      	strb	r3, [r5, #2]
1000516a:	e708      	b.n	10004f7e <tud_task_ext+0x2a>
1000516c:	7823      	ldrb	r3, [r4, #0]
1000516e:	4a4b      	ldr	r2, [pc, #300]	@ (1000529c <tud_task_ext+0x348>)
10005170:	4699      	mov	r9, r3
10005172:	4b49      	ldr	r3, [pc, #292]	@ (10005298 <tud_task_ext+0x344>)
10005174:	4692      	mov	sl, r2
10005176:	4698      	mov	r8, r3
10005178:	0032      	movs	r2, r6
1000517a:	46bb      	mov	fp, r7
1000517c:	464e      	mov	r6, r9
1000517e:	2500      	movs	r5, #0
10005180:	4647      	mov	r7, r8
10005182:	4691      	mov	r9, r2
10005184:	781b      	ldrb	r3, [r3, #0]
10005186:	e00d      	b.n	100051a4 <tud_task_ext+0x250>
10005188:	4653      	mov	r3, sl
1000518a:	681b      	ldr	r3, [r3, #0]
1000518c:	016a      	lsls	r2, r5, #5
1000518e:	189b      	adds	r3, r3, r2
10005190:	2b00      	cmp	r3, #0
10005192:	d040      	beq.n	10005216 <tud_task_ext+0x2c2>
10005194:	68db      	ldr	r3, [r3, #12]
10005196:	0030      	movs	r0, r6
10005198:	4798      	blx	r3
1000519a:	3501      	adds	r5, #1
1000519c:	783b      	ldrb	r3, [r7, #0]
1000519e:	b2ed      	uxtb	r5, r5
100051a0:	42ab      	cmp	r3, r5
100051a2:	d30d      	bcc.n	100051c0 <tud_task_ext+0x26c>
100051a4:	429d      	cmp	r5, r3
100051a6:	d3ef      	bcc.n	10005188 <tud_task_ext+0x234>
100051a8:	9a01      	ldr	r2, [sp, #4]
100051aa:	1aeb      	subs	r3, r5, r3
100051ac:	015b      	lsls	r3, r3, #5
100051ae:	18d3      	adds	r3, r2, r3
100051b0:	68db      	ldr	r3, [r3, #12]
100051b2:	0030      	movs	r0, r6
100051b4:	4798      	blx	r3
100051b6:	3501      	adds	r5, #1
100051b8:	783b      	ldrb	r3, [r7, #0]
100051ba:	b2ed      	uxtb	r5, r5
100051bc:	42ab      	cmp	r3, r5
100051be:	d2f1      	bcs.n	100051a4 <tud_task_ext+0x250>
100051c0:	9d02      	ldr	r5, [sp, #8]
100051c2:	2254      	movs	r2, #84	@ 0x54
100051c4:	2100      	movs	r1, #0
100051c6:	0028      	movs	r0, r5
100051c8:	f7fd fab2 	bl	10002730 <__wrap_memset>
100051cc:	2210      	movs	r2, #16
100051ce:	21ff      	movs	r1, #255	@ 0xff
100051d0:	4835      	ldr	r0, [pc, #212]	@ (100052a8 <tud_task_ext+0x354>)
100051d2:	f7fd faad 	bl	10002730 <__wrap_memset>
100051d6:	0028      	movs	r0, r5
100051d8:	2220      	movs	r2, #32
100051da:	21ff      	movs	r1, #255	@ 0xff
100051dc:	3014      	adds	r0, #20
100051de:	464e      	mov	r6, r9
100051e0:	465f      	mov	r7, fp
100051e2:	f7fd faa5 	bl	10002730 <__wrap_memset>
100051e6:	f000 fbbd 	bl	10005964 <usbd_control_reset>
100051ea:	f7ff fe29 	bl	10004e40 <tud_umount_cb>
100051ee:	e6c6      	b.n	10004f7e <tud_task_ext+0x2a>
100051f0:	4293      	cmp	r3, r2
100051f2:	d013      	beq.n	1000521c <tud_task_ext+0x2c8>
100051f4:	b011      	add	sp, #68	@ 0x44
100051f6:	bcf0      	pop	{r4, r5, r6, r7}
100051f8:	46bb      	mov	fp, r7
100051fa:	46b2      	mov	sl, r6
100051fc:	46a9      	mov	r9, r5
100051fe:	46a0      	mov	r8, r4
10005200:	bdf0      	pop	{r4, r5, r6, r7, pc}
10005202:	68a3      	ldr	r3, [r4, #8]
10005204:	7962      	ldrb	r2, [r4, #5]
10005206:	7820      	ldrb	r0, [r4, #0]
10005208:	f000 fbca 	bl	100059a0 <usbd_control_xfer_cb>
1000520c:	e6b7      	b.n	10004f7e <tud_task_ext+0x2a>
1000520e:	4646      	mov	r6, r8
10005210:	464f      	mov	r7, r9
10005212:	4d1f      	ldr	r5, [pc, #124]	@ (10005290 <tud_task_ext+0x33c>)
10005214:	e7a5      	b.n	10005162 <tud_task_ext+0x20e>
10005216:	464e      	mov	r6, r9
10005218:	465f      	mov	r7, fp
1000521a:	e7e4      	b.n	100051e6 <tud_task_ext+0x292>
1000521c:	4d1d      	ldr	r5, [pc, #116]	@ (10005294 <tud_task_ext+0x340>)
1000521e:	e6f8      	b.n	10005012 <tud_task_ext+0xbe>
10005220:	2370      	movs	r3, #112	@ 0x70
10005222:	7a21      	ldrb	r1, [r4, #8]
10005224:	420b      	tst	r3, r1
10005226:	d117      	bne.n	10005258 <tud_task_ext+0x304>
10005228:	09c8      	lsrs	r0, r1, #7
1000522a:	4682      	mov	sl, r0
1000522c:	330f      	adds	r3, #15
1000522e:	400b      	ands	r3, r1
10005230:	005b      	lsls	r3, r3, #1
10005232:	4698      	mov	r8, r3
10005234:	4818      	ldr	r0, [pc, #96]	@ (10005298 <tud_task_ext+0x344>)
10005236:	18eb      	adds	r3, r5, r3
10005238:	4453      	add	r3, sl
1000523a:	7d1b      	ldrb	r3, [r3, #20]
1000523c:	7800      	ldrb	r0, [r0, #0]
1000523e:	4283      	cmp	r3, r0
10005240:	d264      	bcs.n	1000530c <tud_task_ext+0x3b8>
10005242:	4816      	ldr	r0, [pc, #88]	@ (1000529c <tud_task_ext+0x348>)
10005244:	015b      	lsls	r3, r3, #5
10005246:	6800      	ldr	r0, [r0, #0]
10005248:	4681      	mov	r9, r0
1000524a:	4499      	add	r9, r3
1000524c:	2a00      	cmp	r2, #0
1000524e:	d100      	bne.n	10005252 <tud_task_ext+0x2fe>
10005250:	e155      	b.n	100054fe <tud_task_ext+0x5aa>
10005252:	464b      	mov	r3, r9
10005254:	2b00      	cmp	r3, #0
10005256:	d161      	bne.n	1000531c <tud_task_ext+0x3c8>
10005258:	7820      	ldrb	r0, [r4, #0]
1000525a:	2100      	movs	r1, #0
1000525c:	f7ff fd70 	bl	10004d40 <dcd_edpt_stall>
10005260:	2180      	movs	r1, #128	@ 0x80
10005262:	7820      	ldrb	r0, [r4, #0]
10005264:	f7ff fd6c 	bl	10004d40 <dcd_edpt_stall>
10005268:	e689      	b.n	10004f7e <tud_task_ext+0x2a>
1000526a:	4810      	ldr	r0, [pc, #64]	@ (100052ac <tud_task_ext+0x358>)
1000526c:	f000 fb84 	bl	10005978 <usbd_control_set_complete_callback>
10005270:	2101      	movs	r1, #1
10005272:	4658      	mov	r0, fp
10005274:	aa0e      	add	r2, sp, #56	@ 0x38
10005276:	f7ff fc23 	bl	10004ac0 <tud_vendor_control_xfer_cb>
1000527a:	2800      	cmp	r0, #0
1000527c:	d000      	beq.n	10005280 <tud_task_ext+0x32c>
1000527e:	e67e      	b.n	10004f7e <tud_task_ext+0x2a>
10005280:	e7ea      	b.n	10005258 <tud_task_ext+0x304>
10005282:	46c0      	nop			@ (mov r8, r8)
10005284:	20001024 	.word	0x20001024
10005288:	10006ed4 	.word	0x10006ed4
1000528c:	200015c0 	.word	0x200015c0
10005290:	20001568 	.word	0x20001568
10005294:	10006f7c 	.word	0x10006f7c
10005298:	20001c61 	.word	0x20001c61
1000529c:	20001480 	.word	0x20001480
100052a0:	20001c63 	.word	0x20001c63
100052a4:	10006ef8 	.word	0x10006ef8
100052a8:	2000156c 	.word	0x2000156c
100052ac:	10004ac1 	.word	0x10004ac1
100052b0:	7a23      	ldrb	r3, [r4, #8]
100052b2:	8922      	ldrh	r2, [r4, #8]
100052b4:	2b0f      	cmp	r3, #15
100052b6:	d8cf      	bhi.n	10005258 <tud_task_ext+0x304>
100052b8:	23ff      	movs	r3, #255	@ 0xff
100052ba:	4013      	ands	r3, r2
100052bc:	4ad1      	ldr	r2, [pc, #836]	@ (10005604 <tud_task_ext+0x6b0>)
100052be:	18eb      	adds	r3, r5, r3
100052c0:	791b      	ldrb	r3, [r3, #4]
100052c2:	7812      	ldrb	r2, [r2, #0]
100052c4:	4293      	cmp	r3, r2
100052c6:	d334      	bcc.n	10005332 <tud_task_ext+0x3de>
100052c8:	d1c6      	bne.n	10005258 <tud_task_ext+0x304>
100052ca:	4dcf      	ldr	r5, [pc, #828]	@ (10005608 <tud_task_ext+0x6b4>)
100052cc:	6968      	ldr	r0, [r5, #20]
100052ce:	f000 fb53 	bl	10005978 <usbd_control_set_complete_callback>
100052d2:	2101      	movs	r1, #1
100052d4:	4658      	mov	r0, fp
100052d6:	696b      	ldr	r3, [r5, #20]
100052d8:	aa0e      	add	r2, sp, #56	@ 0x38
100052da:	4798      	blx	r3
100052dc:	2800      	cmp	r0, #0
100052de:	d000      	beq.n	100052e2 <tud_task_ext+0x38e>
100052e0:	e64d      	b.n	10004f7e <tud_task_ext+0x2a>
100052e2:	2260      	movs	r2, #96	@ 0x60
100052e4:	0015      	movs	r5, r2
100052e6:	7923      	ldrb	r3, [r4, #4]
100052e8:	401d      	ands	r5, r3
100052ea:	421a      	tst	r2, r3
100052ec:	d1b4      	bne.n	10005258 <tud_task_ext+0x304>
100052ee:	7963      	ldrb	r3, [r4, #5]
100052f0:	3b0a      	subs	r3, #10
100052f2:	2b01      	cmp	r3, #1
100052f4:	d8b0      	bhi.n	10005258 <tud_task_ext+0x304>
100052f6:	f000 fb3f 	bl	10005978 <usbd_control_set_complete_callback>
100052fa:	7963      	ldrb	r3, [r4, #5]
100052fc:	2b0a      	cmp	r3, #10
100052fe:	d100      	bne.n	10005302 <tud_task_ext+0x3ae>
10005300:	e18a      	b.n	10005618 <tud_task_ext+0x6c4>
10005302:	4658      	mov	r0, fp
10005304:	a90e      	add	r1, sp, #56	@ 0x38
10005306:	f000 fac7 	bl	10005898 <tud_control_status>
1000530a:	e638      	b.n	10004f7e <tud_task_ext+0x2a>
1000530c:	4283      	cmp	r3, r0
1000530e:	d000      	beq.n	10005312 <tud_task_ext+0x3be>
10005310:	e0f0      	b.n	100054f4 <tud_task_ext+0x5a0>
10005312:	4bbd      	ldr	r3, [pc, #756]	@ (10005608 <tud_task_ext+0x6b4>)
10005314:	4699      	mov	r9, r3
10005316:	2a00      	cmp	r2, #0
10005318:	d100      	bne.n	1000531c <tud_task_ext+0x3c8>
1000531a:	e0f0      	b.n	100054fe <tud_task_ext+0x5aa>
1000531c:	464b      	mov	r3, r9
1000531e:	6958      	ldr	r0, [r3, #20]
10005320:	f000 fb2a 	bl	10005978 <usbd_control_set_complete_callback>
10005324:	464b      	mov	r3, r9
10005326:	2101      	movs	r1, #1
10005328:	4658      	mov	r0, fp
1000532a:	695b      	ldr	r3, [r3, #20]
1000532c:	aa0e      	add	r2, sp, #56	@ 0x38
1000532e:	4798      	blx	r3
10005330:	e7a3      	b.n	1000527a <tud_task_ext+0x326>
10005332:	4ab6      	ldr	r2, [pc, #728]	@ (1000560c <tud_task_ext+0x6b8>)
10005334:	015b      	lsls	r3, r3, #5
10005336:	6815      	ldr	r5, [r2, #0]
10005338:	18ed      	adds	r5, r5, r3
1000533a:	2d00      	cmp	r5, #0
1000533c:	d1c6      	bne.n	100052cc <tud_task_ext+0x378>
1000533e:	e78b      	b.n	10005258 <tud_task_ext+0x304>
10005340:	79a3      	ldrb	r3, [r4, #6]
10005342:	4699      	mov	r9, r3
10005344:	786b      	ldrb	r3, [r5, #1]
10005346:	4599      	cmp	r9, r3
10005348:	d0db      	beq.n	10005302 <tud_task_ext+0x3ae>
1000534a:	786b      	ldrb	r3, [r5, #1]
1000534c:	2b00      	cmp	r3, #0
1000534e:	d000      	beq.n	10005352 <tud_task_ext+0x3fe>
10005350:	e12c      	b.n	100055ac <tud_task_ext+0x658>
10005352:	464b      	mov	r3, r9
10005354:	706b      	strb	r3, [r5, #1]
10005356:	2b00      	cmp	r3, #0
10005358:	d100      	bne.n	1000535c <tud_task_ext+0x408>
1000535a:	e124      	b.n	100055a6 <tud_task_ext+0x652>
1000535c:	4648      	mov	r0, r9
1000535e:	3801      	subs	r0, #1
10005360:	b2c0      	uxtb	r0, r0
10005362:	f7ff fa09 	bl	10004778 <tud_descriptor_configuration_cb>
10005366:	2800      	cmp	r0, #0
10005368:	d100      	bne.n	1000536c <tud_task_ext+0x418>
1000536a:	e174      	b.n	10005656 <tud_task_ext+0x702>
1000536c:	7843      	ldrb	r3, [r0, #1]
1000536e:	9307      	str	r3, [sp, #28]
10005370:	2b02      	cmp	r3, #2
10005372:	d000      	beq.n	10005376 <tud_task_ext+0x422>
10005374:	e16f      	b.n	10005656 <tud_task_ext+0x702>
10005376:	2201      	movs	r2, #1
10005378:	79c1      	ldrb	r1, [r0, #7]
1000537a:	46b1      	mov	r9, r6
1000537c:	118b      	asrs	r3, r1, #6
1000537e:	1149      	asrs	r1, r1, #5
10005380:	4013      	ands	r3, r2
10005382:	400a      	ands	r2, r1
10005384:	2130      	movs	r1, #48	@ 0x30
10005386:	0112      	lsls	r2, r2, #4
10005388:	015b      	lsls	r3, r3, #5
1000538a:	4313      	orrs	r3, r2
1000538c:	782a      	ldrb	r2, [r5, #0]
1000538e:	46a8      	mov	r8, r5
10005390:	438a      	bics	r2, r1
10005392:	4313      	orrs	r3, r2
10005394:	702b      	strb	r3, [r5, #0]
10005396:	2309      	movs	r3, #9
10005398:	469a      	mov	sl, r3
1000539a:	4482      	add	sl, r0
1000539c:	4656      	mov	r6, sl
1000539e:	46ba      	mov	sl, r7
100053a0:	78c3      	ldrb	r3, [r0, #3]
100053a2:	7882      	ldrb	r2, [r0, #2]
100053a4:	021b      	lsls	r3, r3, #8
100053a6:	4313      	orrs	r3, r2
100053a8:	18c3      	adds	r3, r0, r3
100053aa:	9305      	str	r3, [sp, #20]
100053ac:	4b95      	ldr	r3, [pc, #596]	@ (10005604 <tud_task_ext+0x6b0>)
100053ae:	9304      	str	r3, [sp, #16]
100053b0:	4b95      	ldr	r3, [pc, #596]	@ (10005608 <tud_task_ext+0x6b4>)
100053b2:	9308      	str	r3, [sp, #32]
100053b4:	4b95      	ldr	r3, [pc, #596]	@ (1000560c <tud_task_ext+0x6b8>)
100053b6:	9309      	str	r3, [sp, #36]	@ 0x24
100053b8:	4b95      	ldr	r3, [pc, #596]	@ (10005610 <tud_task_ext+0x6bc>)
100053ba:	930a      	str	r3, [sp, #40]	@ 0x28
100053bc:	9b05      	ldr	r3, [sp, #20]
100053be:	42b3      	cmp	r3, r6
100053c0:	d800      	bhi.n	100053c4 <tud_task_ext+0x470>
100053c2:	e14b      	b.n	1000565c <tud_task_ext+0x708>
100053c4:	7873      	ldrb	r3, [r6, #1]
100053c6:	2201      	movs	r2, #1
100053c8:	2b0b      	cmp	r3, #11
100053ca:	d103      	bne.n	100053d4 <tud_task_ext+0x480>
100053cc:	7833      	ldrb	r3, [r6, #0]
100053ce:	78f2      	ldrb	r2, [r6, #3]
100053d0:	18f6      	adds	r6, r6, r3
100053d2:	7873      	ldrb	r3, [r6, #1]
100053d4:	2b04      	cmp	r3, #4
100053d6:	d000      	beq.n	100053da <tud_task_ext+0x486>
100053d8:	e13a      	b.n	10005650 <tud_task_ext+0x6fc>
100053da:	9b05      	ldr	r3, [sp, #20]
100053dc:	2700      	movs	r7, #0
100053de:	1b9b      	subs	r3, r3, r6
100053e0:	b29b      	uxth	r3, r3
100053e2:	9306      	str	r3, [sp, #24]
100053e4:	9b04      	ldr	r3, [sp, #16]
100053e6:	920b      	str	r2, [sp, #44]	@ 0x2c
100053e8:	781d      	ldrb	r5, [r3, #0]
100053ea:	e019      	b.n	10005420 <tud_task_ext+0x4cc>
100053ec:	9a09      	ldr	r2, [sp, #36]	@ 0x24
100053ee:	017b      	lsls	r3, r7, #5
100053f0:	6815      	ldr	r5, [r2, #0]
100053f2:	18ed      	adds	r5, r5, r3
100053f4:	2d00      	cmp	r5, #0
100053f6:	d100      	bne.n	100053fa <tud_task_ext+0x4a6>
100053f8:	e12a      	b.n	10005650 <tud_task_ext+0x6fc>
100053fa:	0031      	movs	r1, r6
100053fc:	4658      	mov	r0, fp
100053fe:	692b      	ldr	r3, [r5, #16]
10005400:	9a06      	ldr	r2, [sp, #24]
10005402:	4798      	blx	r3
10005404:	4684      	mov	ip, r0
10005406:	2808      	cmp	r0, #8
10005408:	d903      	bls.n	10005412 <tud_task_ext+0x4be>
1000540a:	9a06      	ldr	r2, [sp, #24]
1000540c:	4282      	cmp	r2, r0
1000540e:	d300      	bcc.n	10005412 <tud_task_ext+0x4be>
10005410:	e10b      	b.n	1000562a <tud_task_ext+0x6d6>
10005412:	9b04      	ldr	r3, [sp, #16]
10005414:	3701      	adds	r7, #1
10005416:	781d      	ldrb	r5, [r3, #0]
10005418:	b2ff      	uxtb	r7, r7
1000541a:	42bd      	cmp	r5, r7
1000541c:	d200      	bcs.n	10005420 <tud_task_ext+0x4cc>
1000541e:	e117      	b.n	10005650 <tud_task_ext+0x6fc>
10005420:	42bd      	cmp	r5, r7
10005422:	d8e3      	bhi.n	100053ec <tud_task_ext+0x498>
10005424:	9b08      	ldr	r3, [sp, #32]
10005426:	1b7d      	subs	r5, r7, r5
10005428:	016d      	lsls	r5, r5, #5
1000542a:	195d      	adds	r5, r3, r5
1000542c:	e7e5      	b.n	100053fa <tud_task_ext+0x4a6>
1000542e:	786b      	ldrb	r3, [r5, #1]
10005430:	aa0c      	add	r2, sp, #48	@ 0x30
10005432:	3202      	adds	r2, #2
10005434:	7013      	strb	r3, [r2, #0]
10005436:	4658      	mov	r0, fp
10005438:	2301      	movs	r3, #1
1000543a:	a90e      	add	r1, sp, #56	@ 0x38
1000543c:	f000 fa42 	bl	100058c4 <tud_control_xfer>
10005440:	e59d      	b.n	10004f7e <tud_task_ext+0x2a>
10005442:	88e0      	ldrh	r0, [r4, #6]
10005444:	0a03      	lsrs	r3, r0, #8
10005446:	b2c0      	uxtb	r0, r0
10005448:	2b0f      	cmp	r3, #15
1000544a:	d900      	bls.n	1000544e <tud_task_ext+0x4fa>
1000544c:	e704      	b.n	10005258 <tud_task_ext+0x304>
1000544e:	4971      	ldr	r1, [pc, #452]	@ (10005614 <tud_task_ext+0x6c0>)
10005450:	009a      	lsls	r2, r3, #2
10005452:	588a      	ldr	r2, [r1, r2]
10005454:	4697      	mov	pc, r2
10005456:	a80e      	add	r0, sp, #56	@ 0x38
10005458:	f000 fa94 	bl	10005984 <usbd_control_set_request>
1000545c:	4658      	mov	r0, fp
1000545e:	79a1      	ldrb	r1, [r4, #6]
10005460:	f7ff fbb4 	bl	10004bcc <dcd_set_address>
10005464:	2202      	movs	r2, #2
10005466:	782b      	ldrb	r3, [r5, #0]
10005468:	4313      	orrs	r3, r2
1000546a:	702b      	strb	r3, [r5, #0]
1000546c:	e587      	b.n	10004f7e <tud_task_ext+0x2a>
1000546e:	88e3      	ldrh	r3, [r4, #6]
10005470:	2b01      	cmp	r3, #1
10005472:	d000      	beq.n	10005476 <tud_task_ext+0x522>
10005474:	e6f0      	b.n	10005258 <tud_task_ext+0x304>
10005476:	2208      	movs	r2, #8
10005478:	782b      	ldrb	r3, [r5, #0]
1000547a:	4658      	mov	r0, fp
1000547c:	4393      	bics	r3, r2
1000547e:	a90e      	add	r1, sp, #56	@ 0x38
10005480:	702b      	strb	r3, [r5, #0]
10005482:	f000 fa09 	bl	10005898 <tud_control_status>
10005486:	e57a      	b.n	10004f7e <tud_task_ext+0x2a>
10005488:	2002      	movs	r0, #2
1000548a:	7829      	ldrb	r1, [r5, #0]
1000548c:	ab0c      	add	r3, sp, #48	@ 0x30
1000548e:	1c9a      	adds	r2, r3, #2
10005490:	068b      	lsls	r3, r1, #26
10005492:	0889      	lsrs	r1, r1, #2
10005494:	0fdb      	lsrs	r3, r3, #31
10005496:	4001      	ands	r1, r0
10005498:	430b      	orrs	r3, r1
1000549a:	8013      	strh	r3, [r2, #0]
1000549c:	4658      	mov	r0, fp
1000549e:	2302      	movs	r3, #2
100054a0:	a90e      	add	r1, sp, #56	@ 0x38
100054a2:	f000 fa0f 	bl	100058c4 <tud_control_xfer>
100054a6:	e56a      	b.n	10004f7e <tud_task_ext+0x2a>
100054a8:	88e3      	ldrh	r3, [r4, #6]
100054aa:	2b01      	cmp	r3, #1
100054ac:	d000      	beq.n	100054b0 <tud_task_ext+0x55c>
100054ae:	e6d3      	b.n	10005258 <tud_task_ext+0x304>
100054b0:	2208      	movs	r2, #8
100054b2:	782b      	ldrb	r3, [r5, #0]
100054b4:	4313      	orrs	r3, r2
100054b6:	702b      	strb	r3, [r5, #0]
100054b8:	e723      	b.n	10005302 <tud_task_ext+0x3ae>
100054ba:	7a23      	ldrb	r3, [r4, #8]
100054bc:	8922      	ldrh	r2, [r4, #8]
100054be:	2b0f      	cmp	r3, #15
100054c0:	d900      	bls.n	100054c4 <tud_task_ext+0x570>
100054c2:	e6c9      	b.n	10005258 <tud_task_ext+0x304>
100054c4:	23ff      	movs	r3, #255	@ 0xff
100054c6:	4013      	ands	r3, r2
100054c8:	4a4e      	ldr	r2, [pc, #312]	@ (10005604 <tud_task_ext+0x6b0>)
100054ca:	18eb      	adds	r3, r5, r3
100054cc:	791b      	ldrb	r3, [r3, #4]
100054ce:	7812      	ldrb	r2, [r2, #0]
100054d0:	4293      	cmp	r3, r2
100054d2:	d228      	bcs.n	10005526 <tud_task_ext+0x5d2>
100054d4:	4a4d      	ldr	r2, [pc, #308]	@ (1000560c <tud_task_ext+0x6b8>)
100054d6:	015b      	lsls	r3, r3, #5
100054d8:	6815      	ldr	r5, [r2, #0]
100054da:	18ed      	adds	r5, r5, r3
100054dc:	2d00      	cmp	r5, #0
100054de:	d100      	bne.n	100054e2 <tud_task_ext+0x58e>
100054e0:	e6ba      	b.n	10005258 <tud_task_ext+0x304>
100054e2:	6968      	ldr	r0, [r5, #20]
100054e4:	f000 fa48 	bl	10005978 <usbd_control_set_complete_callback>
100054e8:	2101      	movs	r1, #1
100054ea:	4658      	mov	r0, fp
100054ec:	696b      	ldr	r3, [r5, #20]
100054ee:	aa0e      	add	r2, sp, #56	@ 0x38
100054f0:	4798      	blx	r3
100054f2:	e6c2      	b.n	1000527a <tud_task_ext+0x326>
100054f4:	2a00      	cmp	r2, #0
100054f6:	d000      	beq.n	100054fa <tud_task_ext+0x5a6>
100054f8:	e6ae      	b.n	10005258 <tud_task_ext+0x304>
100054fa:	2300      	movs	r3, #0
100054fc:	4699      	mov	r9, r3
100054fe:	7962      	ldrb	r2, [r4, #5]
10005500:	2002      	movs	r0, #2
10005502:	0013      	movs	r3, r2
10005504:	9204      	str	r2, [sp, #16]
10005506:	4383      	bics	r3, r0
10005508:	2b01      	cmp	r3, #1
1000550a:	d011      	beq.n	10005530 <tud_task_ext+0x5dc>
1000550c:	2a00      	cmp	r2, #0
1000550e:	d000      	beq.n	10005512 <tud_task_ext+0x5be>
10005510:	e6a2      	b.n	10005258 <tud_task_ext+0x304>
10005512:	002b      	movs	r3, r5
10005514:	4443      	add	r3, r8
10005516:	4453      	add	r3, sl
10005518:	3330      	adds	r3, #48	@ 0x30
1000551a:	791b      	ldrb	r3, [r3, #4]
1000551c:	aa0c      	add	r2, sp, #48	@ 0x30
1000551e:	079b      	lsls	r3, r3, #30
10005520:	0fdb      	lsrs	r3, r3, #31
10005522:	3202      	adds	r2, #2
10005524:	e7b9      	b.n	1000549a <tud_task_ext+0x546>
10005526:	4293      	cmp	r3, r2
10005528:	d000      	beq.n	1000552c <tud_task_ext+0x5d8>
1000552a:	e695      	b.n	10005258 <tud_task_ext+0x304>
1000552c:	4d36      	ldr	r5, [pc, #216]	@ (10005608 <tud_task_ext+0x6b4>)
1000552e:	e7d8      	b.n	100054e2 <tud_task_ext+0x58e>
10005530:	88e3      	ldrh	r3, [r4, #6]
10005532:	2b00      	cmp	r3, #0
10005534:	d112      	bne.n	1000555c <tud_task_ext+0x608>
10005536:	9b03      	ldr	r3, [sp, #12]
10005538:	7818      	ldrb	r0, [r3, #0]
1000553a:	9b04      	ldr	r3, [sp, #16]
1000553c:	2b01      	cmp	r3, #1
1000553e:	d023      	beq.n	10005588 <tud_task_ext+0x634>
10005540:	f7ff fbfe 	bl	10004d40 <dcd_edpt_stall>
10005544:	4643      	mov	r3, r8
10005546:	2102      	movs	r1, #2
10005548:	18eb      	adds	r3, r5, r3
1000554a:	4453      	add	r3, sl
1000554c:	3330      	adds	r3, #48	@ 0x30
1000554e:	791a      	ldrb	r2, [r3, #4]
10005550:	430a      	orrs	r2, r1
10005552:	2101      	movs	r1, #1
10005554:	711a      	strb	r2, [r3, #4]
10005556:	791a      	ldrb	r2, [r3, #4]
10005558:	430a      	orrs	r2, r1
1000555a:	711a      	strb	r2, [r3, #4]
1000555c:	464b      	mov	r3, r9
1000555e:	2b00      	cmp	r3, #0
10005560:	d100      	bne.n	10005564 <tud_task_ext+0x610>
10005562:	e50c      	b.n	10004f7e <tud_task_ext+0x2a>
10005564:	6958      	ldr	r0, [r3, #20]
10005566:	f000 fa07 	bl	10005978 <usbd_control_set_complete_callback>
1000556a:	464b      	mov	r3, r9
1000556c:	2101      	movs	r1, #1
1000556e:	695b      	ldr	r3, [r3, #20]
10005570:	aa0e      	add	r2, sp, #56	@ 0x38
10005572:	4658      	mov	r0, fp
10005574:	4798      	blx	r3
10005576:	2000      	movs	r0, #0
10005578:	f000 f9fe 	bl	10005978 <usbd_control_set_complete_callback>
1000557c:	2335      	movs	r3, #53	@ 0x35
1000557e:	5ceb      	ldrb	r3, [r5, r3]
10005580:	07db      	lsls	r3, r3, #31
10005582:	d500      	bpl.n	10005586 <tud_task_ext+0x632>
10005584:	e4fb      	b.n	10004f7e <tud_task_ext+0x2a>
10005586:	e6bc      	b.n	10005302 <tud_task_ext+0x3ae>
10005588:	f7ff fbf8 	bl	10004d7c <dcd_edpt_clear_stall>
1000558c:	4643      	mov	r3, r8
1000558e:	2102      	movs	r1, #2
10005590:	18eb      	adds	r3, r5, r3
10005592:	4453      	add	r3, sl
10005594:	3330      	adds	r3, #48	@ 0x30
10005596:	791a      	ldrb	r2, [r3, #4]
10005598:	438a      	bics	r2, r1
1000559a:	711a      	strb	r2, [r3, #4]
1000559c:	791a      	ldrb	r2, [r3, #4]
1000559e:	9904      	ldr	r1, [sp, #16]
100055a0:	438a      	bics	r2, r1
100055a2:	711a      	strb	r2, [r3, #4]
100055a4:	e7da      	b.n	1000555c <tud_task_ext+0x608>
100055a6:	f7ff fc4b 	bl	10004e40 <tud_umount_cb>
100055aa:	e6aa      	b.n	10005302 <tud_task_ext+0x3ae>
100055ac:	2100      	movs	r1, #0
100055ae:	4658      	mov	r0, fp
100055b0:	f7ff fb16 	bl	10004be0 <dcd_sof_enable>
100055b4:	4658      	mov	r0, fp
100055b6:	f7ff fbad 	bl	10004d14 <dcd_edpt_close_all>
100055ba:	2200      	movs	r2, #0
100055bc:	4692      	mov	sl, r2
100055be:	4a12      	ldr	r2, [pc, #72]	@ (10005608 <tud_task_ext+0x6b4>)
100055c0:	78ab      	ldrb	r3, [r5, #2]
100055c2:	9205      	str	r2, [sp, #20]
100055c4:	4a11      	ldr	r2, [pc, #68]	@ (1000560c <tud_task_ext+0x6b8>)
100055c6:	9304      	str	r3, [sp, #16]
100055c8:	9206      	str	r2, [sp, #24]
100055ca:	002a      	movs	r2, r5
100055cc:	4b0d      	ldr	r3, [pc, #52]	@ (10005604 <tud_task_ext+0x6b0>)
100055ce:	4655      	mov	r5, sl
100055d0:	4698      	mov	r8, r3
100055d2:	4692      	mov	sl, r2
100055d4:	781b      	ldrb	r3, [r3, #0]
100055d6:	e00e      	b.n	100055f6 <tud_task_ext+0x6a2>
100055d8:	9b06      	ldr	r3, [sp, #24]
100055da:	016a      	lsls	r2, r5, #5
100055dc:	681b      	ldr	r3, [r3, #0]
100055de:	189b      	adds	r3, r3, r2
100055e0:	2b00      	cmp	r3, #0
100055e2:	d054      	beq.n	1000568e <tud_task_ext+0x73a>
100055e4:	68db      	ldr	r3, [r3, #12]
100055e6:	4658      	mov	r0, fp
100055e8:	4798      	blx	r3
100055ea:	4643      	mov	r3, r8
100055ec:	3501      	adds	r5, #1
100055ee:	781b      	ldrb	r3, [r3, #0]
100055f0:	b2ed      	uxtb	r5, r5
100055f2:	42ab      	cmp	r3, r5
100055f4:	d337      	bcc.n	10005666 <tud_task_ext+0x712>
100055f6:	42ab      	cmp	r3, r5
100055f8:	d8ee      	bhi.n	100055d8 <tud_task_ext+0x684>
100055fa:	9a05      	ldr	r2, [sp, #20]
100055fc:	1aeb      	subs	r3, r5, r3
100055fe:	015b      	lsls	r3, r3, #5
10005600:	18d3      	adds	r3, r2, r3
10005602:	e7ef      	b.n	100055e4 <tud_task_ext+0x690>
10005604:	20001c61 	.word	0x20001c61
10005608:	10006f7c 	.word	0x10006f7c
1000560c:	20001480 	.word	0x20001480
10005610:	2000157c 	.word	0x2000157c
10005614:	10006f20 	.word	0x10006f20
10005618:	ab0c      	add	r3, sp, #48	@ 0x30
1000561a:	1c9a      	adds	r2, r3, #2
1000561c:	4658      	mov	r0, fp
1000561e:	2301      	movs	r3, #1
10005620:	a90e      	add	r1, sp, #56	@ 0x38
10005622:	7015      	strb	r5, [r2, #0]
10005624:	f000 f94e 	bl	100058c4 <tud_control_xfer>
10005628:	e4a9      	b.n	10004f7e <tud_task_ext+0x2a>
1000562a:	9a0b      	ldr	r2, [sp, #44]	@ 0x2c
1000562c:	2a01      	cmp	r2, #1
1000562e:	d04c      	beq.n	100056ca <tud_task_ext+0x776>
10005630:	2a00      	cmp	r2, #0
10005632:	d03c      	beq.n	100056ae <tud_task_ext+0x75a>
10005634:	2300      	movs	r3, #0
10005636:	78b0      	ldrb	r0, [r6, #2]
10005638:	e004      	b.n	10005644 <tud_task_ext+0x6f0>
1000563a:	3301      	adds	r3, #1
1000563c:	b2db      	uxtb	r3, r3
1000563e:	710f      	strb	r7, [r1, #4]
10005640:	4293      	cmp	r3, r2
10005642:	d234      	bcs.n	100056ae <tud_task_ext+0x75a>
10005644:	18c1      	adds	r1, r0, r3
10005646:	b2c9      	uxtb	r1, r1
10005648:	4441      	add	r1, r8
1000564a:	790d      	ldrb	r5, [r1, #4]
1000564c:	2dff      	cmp	r5, #255	@ 0xff
1000564e:	d0f4      	beq.n	1000563a <tud_task_ext+0x6e6>
10005650:	464e      	mov	r6, r9
10005652:	4645      	mov	r5, r8
10005654:	4657      	mov	r7, sl
10005656:	2300      	movs	r3, #0
10005658:	706b      	strb	r3, [r5, #1]
1000565a:	e5fd      	b.n	10005258 <tud_task_ext+0x304>
1000565c:	464e      	mov	r6, r9
1000565e:	4657      	mov	r7, sl
10005660:	f7ff fbec 	bl	10004e3c <tud_mount_cb>
10005664:	e64d      	b.n	10005302 <tud_task_ext+0x3ae>
10005666:	4655      	mov	r5, sl
10005668:	2254      	movs	r2, #84	@ 0x54
1000566a:	2100      	movs	r1, #0
1000566c:	0028      	movs	r0, r5
1000566e:	f7fd f85f 	bl	10002730 <__wrap_memset>
10005672:	2210      	movs	r2, #16
10005674:	21ff      	movs	r1, #255	@ 0xff
10005676:	1d28      	adds	r0, r5, #4
10005678:	f7fd f85a 	bl	10002730 <__wrap_memset>
1000567c:	0028      	movs	r0, r5
1000567e:	2220      	movs	r2, #32
10005680:	21ff      	movs	r1, #255	@ 0xff
10005682:	3014      	adds	r0, #20
10005684:	f7fd f854 	bl	10002730 <__wrap_memset>
10005688:	9b04      	ldr	r3, [sp, #16]
1000568a:	70ab      	strb	r3, [r5, #2]
1000568c:	e661      	b.n	10005352 <tud_task_ext+0x3fe>
1000568e:	4655      	mov	r5, sl
10005690:	e7fa      	b.n	10005688 <tud_task_ext+0x734>
10005692:	f7ff fa11 	bl	10004ab8 <tud_descriptor_bos_cb>
10005696:	1e02      	subs	r2, r0, #0
10005698:	d100      	bne.n	1000569c <tud_task_ext+0x748>
1000569a:	e5dd      	b.n	10005258 <tud_task_ext+0x304>
1000569c:	78d3      	ldrb	r3, [r2, #3]
1000569e:	7891      	ldrb	r1, [r2, #2]
100056a0:	021b      	lsls	r3, r3, #8
100056a2:	430b      	orrs	r3, r1
100056a4:	4658      	mov	r0, fp
100056a6:	a90e      	add	r1, sp, #56	@ 0x38
100056a8:	f000 f90c 	bl	100058c4 <tud_control_xfer>
100056ac:	e5e5      	b.n	1000527a <tud_task_ext+0x326>
100056ae:	4665      	mov	r5, ip
100056b0:	003b      	movs	r3, r7
100056b2:	0031      	movs	r1, r6
100056b4:	002a      	movs	r2, r5
100056b6:	980a      	ldr	r0, [sp, #40]	@ 0x28
100056b8:	f000 fd46 	bl	10006148 <tu_edpt_bind_driver>
100056bc:	9b04      	ldr	r3, [sp, #16]
100056be:	1976      	adds	r6, r6, r5
100056c0:	781b      	ldrb	r3, [r3, #0]
100056c2:	42bb      	cmp	r3, r7
100056c4:	d300      	bcc.n	100056c8 <tud_task_ext+0x774>
100056c6:	e679      	b.n	100053bc <tud_task_ext+0x468>
100056c8:	e7c2      	b.n	10005650 <tud_task_ext+0x6fc>
100056ca:	4b17      	ldr	r3, [pc, #92]	@ (10005728 <tud_task_ext+0x7d4>)
100056cc:	6929      	ldr	r1, [r5, #16]
100056ce:	4299      	cmp	r1, r3
100056d0:	d1b0      	bne.n	10005634 <tud_task_ext+0x6e0>
100056d2:	9a07      	ldr	r2, [sp, #28]
100056d4:	e7ae      	b.n	10005634 <tud_task_ext+0x6e0>
100056d6:	f7ff fbad 	bl	10004e34 <tud_descriptor_device_qualifier_cb>
100056da:	1e02      	subs	r2, r0, #0
100056dc:	d100      	bne.n	100056e0 <tud_task_ext+0x78c>
100056de:	e5bb      	b.n	10005258 <tud_task_ext+0x304>
100056e0:	4658      	mov	r0, fp
100056e2:	7813      	ldrb	r3, [r2, #0]
100056e4:	a90e      	add	r1, sp, #56	@ 0x38
100056e6:	f000 f8ed 	bl	100058c4 <tud_control_xfer>
100056ea:	e5c6      	b.n	1000527a <tud_task_ext+0x326>
100056ec:	8921      	ldrh	r1, [r4, #8]
100056ee:	f7ff f847 	bl	10004780 <tud_descriptor_string_cb>
100056f2:	1e02      	subs	r2, r0, #0
100056f4:	d1f4      	bne.n	100056e0 <tud_task_ext+0x78c>
100056f6:	e5af      	b.n	10005258 <tud_task_ext+0x304>
100056f8:	2b02      	cmp	r3, #2
100056fa:	d00f      	beq.n	1000571c <tud_task_ext+0x7c8>
100056fc:	f7ff fb9c 	bl	10004e38 <tud_descriptor_other_speed_configuration_cb>
10005700:	1e02      	subs	r2, r0, #0
10005702:	d1cb      	bne.n	1000569c <tud_task_ext+0x748>
10005704:	e5a8      	b.n	10005258 <tud_task_ext+0x304>
10005706:	f7ff f833 	bl	10004770 <tud_descriptor_device_cb>
1000570a:	1e02      	subs	r2, r0, #0
1000570c:	d100      	bne.n	10005710 <tud_task_ext+0x7bc>
1000570e:	e5a3      	b.n	10005258 <tud_task_ext+0x304>
10005710:	2312      	movs	r3, #18
10005712:	4658      	mov	r0, fp
10005714:	a90e      	add	r1, sp, #56	@ 0x38
10005716:	f000 f8d5 	bl	100058c4 <tud_control_xfer>
1000571a:	e5ae      	b.n	1000527a <tud_task_ext+0x326>
1000571c:	f7ff f82c 	bl	10004778 <tud_descriptor_configuration_cb>
10005720:	1e02      	subs	r2, r0, #0
10005722:	d1bb      	bne.n	1000569c <tud_task_ext+0x748>
10005724:	e598      	b.n	10005258 <tud_task_ext+0x304>
10005726:	46c0      	nop			@ (mov r8, r8)
10005728:	10005d71 	.word	0x10005d71

1000572c <usbd_open_edpt_pair>:
1000572c:	b5f0      	push	{r4, r5, r6, r7, lr}
1000572e:	464f      	mov	r7, r9
10005730:	4646      	mov	r6, r8
10005732:	46d6      	mov	lr, sl
10005734:	b5c0      	push	{r6, r7, lr}
10005736:	000c      	movs	r4, r1
10005738:	0016      	movs	r6, r2
1000573a:	001f      	movs	r7, r3
1000573c:	b082      	sub	sp, #8
1000573e:	2a00      	cmp	r2, #0
10005740:	d03a      	beq.n	100057b8 <usbd_open_edpt_pair+0x8c>
10005742:	2370      	movs	r3, #112	@ 0x70
10005744:	4698      	mov	r8, r3
10005746:	4b1d      	ldr	r3, [pc, #116]	@ (100057bc <usbd_open_edpt_pair+0x90>)
10005748:	2500      	movs	r5, #0
1000574a:	4699      	mov	r9, r3
1000574c:	4b1c      	ldr	r3, [pc, #112]	@ (100057c0 <usbd_open_edpt_pair+0x94>)
1000574e:	469a      	mov	sl, r3
10005750:	e01a      	b.n	10005788 <usbd_open_edpt_pair+0x5c>
10005752:	464b      	mov	r3, r9
10005754:	781b      	ldrb	r3, [r3, #0]
10005756:	0020      	movs	r0, r4
10005758:	9301      	str	r3, [sp, #4]
1000575a:	4653      	mov	r3, sl
1000575c:	7899      	ldrb	r1, [r3, #2]
1000575e:	f000 fcb9 	bl	100060d4 <tu_edpt_validate>
10005762:	2800      	cmp	r0, #0
10005764:	d01c      	beq.n	100057a0 <usbd_open_edpt_pair+0x74>
10005766:	0021      	movs	r1, r4
10005768:	9801      	ldr	r0, [sp, #4]
1000576a:	f7ff fa55 	bl	10004c18 <dcd_edpt_open>
1000576e:	2800      	cmp	r0, #0
10005770:	d016      	beq.n	100057a0 <usbd_open_edpt_pair+0x74>
10005772:	78a3      	ldrb	r3, [r4, #2]
10005774:	09da      	lsrs	r2, r3, #7
10005776:	2a01      	cmp	r2, #1
10005778:	d019      	beq.n	100057ae <usbd_open_edpt_pair+0x82>
1000577a:	9a0a      	ldr	r2, [sp, #40]	@ 0x28
1000577c:	3501      	adds	r5, #1
1000577e:	7013      	strb	r3, [r2, #0]
10005780:	42b5      	cmp	r5, r6
10005782:	da19      	bge.n	100057b8 <usbd_open_edpt_pair+0x8c>
10005784:	7823      	ldrb	r3, [r4, #0]
10005786:	18e4      	adds	r4, r4, r3
10005788:	7863      	ldrb	r3, [r4, #1]
1000578a:	2b05      	cmp	r3, #5
1000578c:	d108      	bne.n	100057a0 <usbd_open_edpt_pair+0x74>
1000578e:	78e3      	ldrb	r3, [r4, #3]
10005790:	079b      	lsls	r3, r3, #30
10005792:	0f9b      	lsrs	r3, r3, #30
10005794:	42bb      	cmp	r3, r7
10005796:	d103      	bne.n	100057a0 <usbd_open_edpt_pair+0x74>
10005798:	4642      	mov	r2, r8
1000579a:	78a3      	ldrb	r3, [r4, #2]
1000579c:	421a      	tst	r2, r3
1000579e:	d0d8      	beq.n	10005752 <usbd_open_edpt_pair+0x26>
100057a0:	2000      	movs	r0, #0
100057a2:	b002      	add	sp, #8
100057a4:	bce0      	pop	{r5, r6, r7}
100057a6:	46ba      	mov	sl, r7
100057a8:	46b1      	mov	r9, r6
100057aa:	46a8      	mov	r8, r5
100057ac:	bdf0      	pop	{r4, r5, r6, r7, pc}
100057ae:	9a0b      	ldr	r2, [sp, #44]	@ 0x2c
100057b0:	3501      	adds	r5, #1
100057b2:	7013      	strb	r3, [r2, #0]
100057b4:	42b5      	cmp	r5, r6
100057b6:	dbe5      	blt.n	10005784 <usbd_open_edpt_pair+0x58>
100057b8:	2001      	movs	r0, #1
100057ba:	e7f2      	b.n	100057a2 <usbd_open_edpt_pair+0x76>
100057bc:	20001024 	.word	0x20001024
100057c0:	20001568 	.word	0x20001568

100057c4 <usbd_edpt_open>:
100057c4:	2270      	movs	r2, #112	@ 0x70
100057c6:	b570      	push	{r4, r5, r6, lr}
100057c8:	788b      	ldrb	r3, [r1, #2]
100057ca:	000c      	movs	r4, r1
100057cc:	421a      	tst	r2, r3
100057ce:	d001      	beq.n	100057d4 <usbd_edpt_open+0x10>
100057d0:	2000      	movs	r0, #0
100057d2:	bd70      	pop	{r4, r5, r6, pc}
100057d4:	4b06      	ldr	r3, [pc, #24]	@ (100057f0 <usbd_edpt_open+0x2c>)
100057d6:	0020      	movs	r0, r4
100057d8:	781d      	ldrb	r5, [r3, #0]
100057da:	4b06      	ldr	r3, [pc, #24]	@ (100057f4 <usbd_edpt_open+0x30>)
100057dc:	7899      	ldrb	r1, [r3, #2]
100057de:	f000 fc79 	bl	100060d4 <tu_edpt_validate>
100057e2:	2800      	cmp	r0, #0
100057e4:	d0f4      	beq.n	100057d0 <usbd_edpt_open+0xc>
100057e6:	0021      	movs	r1, r4
100057e8:	0028      	movs	r0, r5
100057ea:	f7ff fa15 	bl	10004c18 <dcd_edpt_open>
100057ee:	e7f0      	b.n	100057d2 <usbd_edpt_open+0xe>
100057f0:	20001024 	.word	0x20001024
100057f4:	20001568 	.word	0x20001568

100057f8 <usbd_edpt_claim>:
100057f8:	207f      	movs	r0, #127	@ 0x7f
100057fa:	4b07      	ldr	r3, [pc, #28]	@ (10005818 <usbd_edpt_claim+0x20>)
100057fc:	b510      	push	{r4, lr}
100057fe:	681a      	ldr	r2, [r3, #0]
10005800:	4008      	ands	r0, r1
10005802:	09cb      	lsrs	r3, r1, #7
10005804:	3334      	adds	r3, #52	@ 0x34
10005806:	0040      	lsls	r0, r0, #1
10005808:	18c0      	adds	r0, r0, r3
1000580a:	4b04      	ldr	r3, [pc, #16]	@ (1000581c <usbd_edpt_claim+0x24>)
1000580c:	0011      	movs	r1, r2
1000580e:	18c0      	adds	r0, r0, r3
10005810:	f000 fc1c 	bl	1000604c <tu_edpt_claim>
10005814:	bd10      	pop	{r4, pc}
10005816:	46c0      	nop			@ (mov r8, r8)
10005818:	200015bc 	.word	0x200015bc
1000581c:	20001568 	.word	0x20001568

10005820 <usbd_edpt_release>:
10005820:	207f      	movs	r0, #127	@ 0x7f
10005822:	4b07      	ldr	r3, [pc, #28]	@ (10005840 <usbd_edpt_release+0x20>)
10005824:	b510      	push	{r4, lr}
10005826:	681a      	ldr	r2, [r3, #0]
10005828:	4008      	ands	r0, r1
1000582a:	09cb      	lsrs	r3, r1, #7
1000582c:	3334      	adds	r3, #52	@ 0x34
1000582e:	0040      	lsls	r0, r0, #1
10005830:	18c0      	adds	r0, r0, r3
10005832:	4b04      	ldr	r3, [pc, #16]	@ (10005844 <usbd_edpt_release+0x24>)
10005834:	0011      	movs	r1, r2
10005836:	18c0      	adds	r0, r0, r3
10005838:	f000 fc30 	bl	1000609c <tu_edpt_release>
1000583c:	bd10      	pop	{r4, pc}
1000583e:	46c0      	nop			@ (mov r8, r8)
10005840:	200015bc 	.word	0x200015bc
10005844:	20001568 	.word	0x20001568

10005848 <usbd_edpt_xfer>:
10005848:	b570      	push	{r4, r5, r6, lr}
1000584a:	247f      	movs	r4, #127	@ 0x7f
1000584c:	09c8      	lsrs	r0, r1, #7
1000584e:	4684      	mov	ip, r0
10005850:	400c      	ands	r4, r1
10005852:	480f      	ldr	r0, [pc, #60]	@ (10005890 <usbd_edpt_xfer+0x48>)
10005854:	0064      	lsls	r4, r4, #1
10005856:	1904      	adds	r4, r0, r4
10005858:	4464      	add	r4, ip
1000585a:	3430      	adds	r4, #48	@ 0x30
1000585c:	7920      	ldrb	r0, [r4, #4]
1000585e:	07c0      	lsls	r0, r0, #31
10005860:	d501      	bpl.n	10005866 <usbd_edpt_xfer+0x1e>
10005862:	2000      	movs	r0, #0
10005864:	bd70      	pop	{r4, r5, r6, pc}
10005866:	480b      	ldr	r0, [pc, #44]	@ (10005894 <usbd_edpt_xfer+0x4c>)
10005868:	2501      	movs	r5, #1
1000586a:	7800      	ldrb	r0, [r0, #0]
1000586c:	4684      	mov	ip, r0
1000586e:	7920      	ldrb	r0, [r4, #4]
10005870:	4328      	orrs	r0, r5
10005872:	7120      	strb	r0, [r4, #4]
10005874:	4660      	mov	r0, ip
10005876:	f7ff fa51 	bl	10004d1c <dcd_edpt_xfer>
1000587a:	2800      	cmp	r0, #0
1000587c:	d1f2      	bne.n	10005864 <usbd_edpt_xfer+0x1c>
1000587e:	2201      	movs	r2, #1
10005880:	7923      	ldrb	r3, [r4, #4]
10005882:	4393      	bics	r3, r2
10005884:	7123      	strb	r3, [r4, #4]
10005886:	7923      	ldrb	r3, [r4, #4]
10005888:	3203      	adds	r2, #3
1000588a:	4393      	bics	r3, r2
1000588c:	7123      	strb	r3, [r4, #4]
1000588e:	e7e8      	b.n	10005862 <usbd_edpt_xfer+0x1a>
10005890:	20001568 	.word	0x20001568
10005894:	20001024 	.word	0x20001024

10005898 <tud_control_status>:
10005898:	b570      	push	{r4, r5, r6, lr}
1000589a:	4c09      	ldr	r4, [pc, #36]	@ (100058c0 <tud_control_status+0x28>)
1000589c:	0006      	movs	r6, r0
1000589e:	2208      	movs	r2, #8
100058a0:	0020      	movs	r0, r4
100058a2:	000d      	movs	r5, r1
100058a4:	f7fc ff4a 	bl	1000273c <__wrap___aeabi_memcpy>
100058a8:	2300      	movs	r3, #0
100058aa:	2180      	movs	r1, #128	@ 0x80
100058ac:	60e3      	str	r3, [r4, #12]
100058ae:	60a3      	str	r3, [r4, #8]
100058b0:	782b      	ldrb	r3, [r5, #0]
100058b2:	0030      	movs	r0, r6
100058b4:	4399      	bics	r1, r3
100058b6:	2200      	movs	r2, #0
100058b8:	2300      	movs	r3, #0
100058ba:	f7ff ffc5 	bl	10005848 <usbd_edpt_xfer>
100058be:	bd70      	pop	{r4, r5, r6, pc}
100058c0:	20001548 	.word	0x20001548

100058c4 <tud_control_xfer>:
100058c4:	b5f0      	push	{r4, r5, r6, r7, lr}
100058c6:	46c6      	mov	lr, r8
100058c8:	4c24      	ldr	r4, [pc, #144]	@ (1000595c <tud_control_xfer+0x98>)
100058ca:	0017      	movs	r7, r2
100058cc:	4680      	mov	r8, r0
100058ce:	2208      	movs	r2, #8
100058d0:	0020      	movs	r0, r4
100058d2:	b500      	push	{lr}
100058d4:	000d      	movs	r5, r1
100058d6:	001e      	movs	r6, r3
100058d8:	f7fc ff30 	bl	1000273c <__wrap___aeabi_memcpy>
100058dc:	2300      	movs	r3, #0
100058de:	60a7      	str	r7, [r4, #8]
100058e0:	81e3      	strh	r3, [r4, #14]
100058e2:	79eb      	ldrb	r3, [r5, #7]
100058e4:	79aa      	ldrb	r2, [r5, #6]
100058e6:	021b      	lsls	r3, r3, #8
100058e8:	4313      	orrs	r3, r2
100058ea:	1c1a      	adds	r2, r3, #0
100058ec:	42b3      	cmp	r3, r6
100058ee:	d900      	bls.n	100058f2 <tud_control_xfer+0x2e>
100058f0:	1c32      	adds	r2, r6, #0
100058f2:	b296      	uxth	r6, r2
100058f4:	81a2      	strh	r2, [r4, #12]
100058f6:	2b00      	cmp	r3, #0
100058f8:	d00c      	beq.n	10005914 <tud_control_xfer+0x50>
100058fa:	2e00      	cmp	r6, #0
100058fc:	d015      	beq.n	1000592a <tud_control_xfer+0x66>
100058fe:	2f00      	cmp	r7, #0
10005900:	d02a      	beq.n	10005958 <tud_control_xfer+0x94>
10005902:	2e40      	cmp	r6, #64	@ 0x40
10005904:	d81a      	bhi.n	1000593c <tud_control_xfer+0x78>
10005906:	7823      	ldrb	r3, [r4, #0]
10005908:	b296      	uxth	r6, r2
1000590a:	2b7f      	cmp	r3, #127	@ 0x7f
1000590c:	d81b      	bhi.n	10005946 <tud_control_xfer+0x82>
1000590e:	2100      	movs	r1, #0
10005910:	4a13      	ldr	r2, [pc, #76]	@ (10005960 <tud_control_xfer+0x9c>)
10005912:	e00e      	b.n	10005932 <tud_control_xfer+0x6e>
10005914:	2180      	movs	r1, #128	@ 0x80
10005916:	782b      	ldrb	r3, [r5, #0]
10005918:	2200      	movs	r2, #0
1000591a:	4399      	bics	r1, r3
1000591c:	4640      	mov	r0, r8
1000591e:	2300      	movs	r3, #0
10005920:	f7ff ff92 	bl	10005848 <usbd_edpt_xfer>
10005924:	bc80      	pop	{r7}
10005926:	46b8      	mov	r8, r7
10005928:	bdf0      	pop	{r4, r5, r6, r7, pc}
1000592a:	237f      	movs	r3, #127	@ 0x7f
1000592c:	2200      	movs	r2, #0
1000592e:	7821      	ldrb	r1, [r4, #0]
10005930:	4399      	bics	r1, r3
10005932:	0033      	movs	r3, r6
10005934:	4640      	mov	r0, r8
10005936:	f7ff ff87 	bl	10005848 <usbd_edpt_xfer>
1000593a:	e7f3      	b.n	10005924 <tud_control_xfer+0x60>
1000593c:	2240      	movs	r2, #64	@ 0x40
1000593e:	7823      	ldrb	r3, [r4, #0]
10005940:	b296      	uxth	r6, r2
10005942:	2b7f      	cmp	r3, #127	@ 0x7f
10005944:	d9e3      	bls.n	1000590e <tud_control_xfer+0x4a>
10005946:	4c06      	ldr	r4, [pc, #24]	@ (10005960 <tud_control_xfer+0x9c>)
10005948:	0032      	movs	r2, r6
1000594a:	0039      	movs	r1, r7
1000594c:	0020      	movs	r0, r4
1000594e:	f7fc fef5 	bl	1000273c <__wrap___aeabi_memcpy>
10005952:	2180      	movs	r1, #128	@ 0x80
10005954:	0022      	movs	r2, r4
10005956:	e7ec      	b.n	10005932 <tud_control_xfer+0x6e>
10005958:	2000      	movs	r0, #0
1000595a:	e7e3      	b.n	10005924 <tud_control_xfer+0x60>
1000595c:	20001548 	.word	0x20001548
10005960:	20001508 	.word	0x20001508

10005964 <usbd_control_reset>:
10005964:	b510      	push	{r4, lr}
10005966:	2214      	movs	r2, #20
10005968:	2100      	movs	r1, #0
1000596a:	4802      	ldr	r0, [pc, #8]	@ (10005974 <usbd_control_reset+0x10>)
1000596c:	f7fc fee0 	bl	10002730 <__wrap_memset>
10005970:	bd10      	pop	{r4, pc}
10005972:	46c0      	nop			@ (mov r8, r8)
10005974:	20001548 	.word	0x20001548

10005978 <usbd_control_set_complete_callback>:
10005978:	4b01      	ldr	r3, [pc, #4]	@ (10005980 <usbd_control_set_complete_callback+0x8>)
1000597a:	6118      	str	r0, [r3, #16]
1000597c:	4770      	bx	lr
1000597e:	46c0      	nop			@ (mov r8, r8)
10005980:	20001548 	.word	0x20001548

10005984 <usbd_control_set_request>:
10005984:	b510      	push	{r4, lr}
10005986:	4c05      	ldr	r4, [pc, #20]	@ (1000599c <usbd_control_set_request+0x18>)
10005988:	0001      	movs	r1, r0
1000598a:	2208      	movs	r2, #8
1000598c:	0020      	movs	r0, r4
1000598e:	f7fc fed5 	bl	1000273c <__wrap___aeabi_memcpy>
10005992:	2300      	movs	r3, #0
10005994:	60a3      	str	r3, [r4, #8]
10005996:	60e3      	str	r3, [r4, #12]
10005998:	bd10      	pop	{r4, pc}
1000599a:	46c0      	nop			@ (mov r8, r8)
1000599c:	20001548 	.word	0x20001548

100059a0 <usbd_control_xfer_cb>:
100059a0:	b570      	push	{r4, r5, r6, lr}
100059a2:	4c37      	ldr	r4, [pc, #220]	@ (10005a80 <usbd_control_xfer_cb+0xe0>)
100059a4:	001d      	movs	r5, r3
100059a6:	7823      	ldrb	r3, [r4, #0]
100059a8:	0006      	movs	r6, r0
100059aa:	09da      	lsrs	r2, r3, #7
100059ac:	09c9      	lsrs	r1, r1, #7
100059ae:	428a      	cmp	r2, r1
100059b0:	d010      	beq.n	100059d4 <usbd_control_xfer_cb+0x34>
100059b2:	2000      	movs	r0, #0
100059b4:	2d00      	cmp	r5, #0
100059b6:	d000      	beq.n	100059ba <usbd_control_xfer_cb+0x1a>
100059b8:	bd70      	pop	{r4, r5, r6, pc}
100059ba:	0021      	movs	r1, r4
100059bc:	0030      	movs	r0, r6
100059be:	f7ff f91d 	bl	10004bfc <dcd_edpt0_status_complete>
100059c2:	6923      	ldr	r3, [r4, #16]
100059c4:	2b00      	cmp	r3, #0
100059c6:	d003      	beq.n	100059d0 <usbd_control_xfer_cb+0x30>
100059c8:	0022      	movs	r2, r4
100059ca:	2103      	movs	r1, #3
100059cc:	0030      	movs	r0, r6
100059ce:	4798      	blx	r3
100059d0:	2001      	movs	r0, #1
100059d2:	e7f1      	b.n	100059b8 <usbd_control_xfer_cb+0x18>
100059d4:	2b7f      	cmp	r3, #127	@ 0x7f
100059d6:	d806      	bhi.n	100059e6 <usbd_control_xfer_cb+0x46>
100059d8:	68a0      	ldr	r0, [r4, #8]
100059da:	2800      	cmp	r0, #0
100059dc:	d0ec      	beq.n	100059b8 <usbd_control_xfer_cb+0x18>
100059de:	002a      	movs	r2, r5
100059e0:	4928      	ldr	r1, [pc, #160]	@ (10005a84 <usbd_control_xfer_cb+0xe4>)
100059e2:	f7fc feab 	bl	1000273c <__wrap___aeabi_memcpy>
100059e6:	89e2      	ldrh	r2, [r4, #14]
100059e8:	68a1      	ldr	r1, [r4, #8]
100059ea:	1952      	adds	r2, r2, r5
100059ec:	88e3      	ldrh	r3, [r4, #6]
100059ee:	b292      	uxth	r2, r2
100059f0:	1949      	adds	r1, r1, r5
100059f2:	81e2      	strh	r2, [r4, #14]
100059f4:	60a1      	str	r1, [r4, #8]
100059f6:	4293      	cmp	r3, r2
100059f8:	d014      	beq.n	10005a24 <usbd_control_xfer_cb+0x84>
100059fa:	2d3f      	cmp	r5, #63	@ 0x3f
100059fc:	d912      	bls.n	10005a24 <usbd_control_xfer_cb+0x84>
100059fe:	89a3      	ldrh	r3, [r4, #12]
10005a00:	1a98      	subs	r0, r3, r2
10005a02:	1c05      	adds	r5, r0, #0
10005a04:	b280      	uxth	r0, r0
10005a06:	2840      	cmp	r0, #64	@ 0x40
10005a08:	d828      	bhi.n	10005a5c <usbd_control_xfer_cb+0xbc>
10005a0a:	7820      	ldrb	r0, [r4, #0]
10005a0c:	b2ad      	uxth	r5, r5
10005a0e:	287f      	cmp	r0, #127	@ 0x7f
10005a10:	d826      	bhi.n	10005a60 <usbd_control_xfer_cb+0xc0>
10005a12:	2100      	movs	r1, #0
10005a14:	429a      	cmp	r2, r3
10005a16:	d030      	beq.n	10005a7a <usbd_control_xfer_cb+0xda>
10005a18:	4a1a      	ldr	r2, [pc, #104]	@ (10005a84 <usbd_control_xfer_cb+0xe4>)
10005a1a:	002b      	movs	r3, r5
10005a1c:	0030      	movs	r0, r6
10005a1e:	f7ff ff13 	bl	10005848 <usbd_edpt_xfer>
10005a22:	e7c9      	b.n	100059b8 <usbd_control_xfer_cb+0x18>
10005a24:	6923      	ldr	r3, [r4, #16]
10005a26:	2b00      	cmp	r3, #0
10005a28:	d005      	beq.n	10005a36 <usbd_control_xfer_cb+0x96>
10005a2a:	0022      	movs	r2, r4
10005a2c:	2102      	movs	r1, #2
10005a2e:	0030      	movs	r0, r6
10005a30:	4798      	blx	r3
10005a32:	2800      	cmp	r0, #0
10005a34:	d008      	beq.n	10005a48 <usbd_control_xfer_cb+0xa8>
10005a36:	2180      	movs	r1, #128	@ 0x80
10005a38:	7823      	ldrb	r3, [r4, #0]
10005a3a:	2200      	movs	r2, #0
10005a3c:	4399      	bics	r1, r3
10005a3e:	0030      	movs	r0, r6
10005a40:	2300      	movs	r3, #0
10005a42:	f7ff ff01 	bl	10005848 <usbd_edpt_xfer>
10005a46:	e7b7      	b.n	100059b8 <usbd_control_xfer_cb+0x18>
10005a48:	2100      	movs	r1, #0
10005a4a:	0030      	movs	r0, r6
10005a4c:	f7ff f978 	bl	10004d40 <dcd_edpt_stall>
10005a50:	0030      	movs	r0, r6
10005a52:	2180      	movs	r1, #128	@ 0x80
10005a54:	f7ff f974 	bl	10004d40 <dcd_edpt_stall>
10005a58:	2001      	movs	r0, #1
10005a5a:	e7ad      	b.n	100059b8 <usbd_control_xfer_cb+0x18>
10005a5c:	2540      	movs	r5, #64	@ 0x40
10005a5e:	e7d4      	b.n	10005a0a <usbd_control_xfer_cb+0x6a>
10005a60:	429a      	cmp	r2, r3
10005a62:	d007      	beq.n	10005a74 <usbd_control_xfer_cb+0xd4>
10005a64:	4c07      	ldr	r4, [pc, #28]	@ (10005a84 <usbd_control_xfer_cb+0xe4>)
10005a66:	002a      	movs	r2, r5
10005a68:	0020      	movs	r0, r4
10005a6a:	f7fc fe67 	bl	1000273c <__wrap___aeabi_memcpy>
10005a6e:	2180      	movs	r1, #128	@ 0x80
10005a70:	0022      	movs	r2, r4
10005a72:	e7d2      	b.n	10005a1a <usbd_control_xfer_cb+0x7a>
10005a74:	2180      	movs	r1, #128	@ 0x80
10005a76:	2200      	movs	r2, #0
10005a78:	e7cf      	b.n	10005a1a <usbd_control_xfer_cb+0x7a>
10005a7a:	2200      	movs	r2, #0
10005a7c:	e7cd      	b.n	10005a1a <usbd_control_xfer_cb+0x7a>
10005a7e:	46c0      	nop			@ (mov r8, r8)
10005a80:	20001548 	.word	0x20001548
10005a84:	20001508 	.word	0x20001508

10005a88 <_prep_out_transaction.isra.0>:
10005a88:	b570      	push	{r4, r5, r6, lr}
10005a8a:	0004      	movs	r4, r0
10005a8c:	f7ff f9de 	bl	10004e4c <tud_mounted>
10005a90:	2800      	cmp	r0, #0
10005a92:	d100      	bne.n	10005a96 <_prep_out_transaction.isra.0+0xe>
10005a94:	bd70      	pop	{r4, r5, r6, pc}
10005a96:	f7ff f9e1 	bl	10004e5c <tud_suspended>
10005a9a:	2800      	cmp	r0, #0
10005a9c:	d1fa      	bne.n	10005a94 <_prep_out_transaction.isra.0+0xc>
10005a9e:	23c8      	movs	r3, #200	@ 0xc8
10005aa0:	4363      	muls	r3, r4
10005aa2:	4a12      	ldr	r2, [pc, #72]	@ (10005aec <_prep_out_transaction.isra.0+0x64>)
10005aa4:	0025      	movs	r5, r4
10005aa6:	18d4      	adds	r4, r2, r3
10005aa8:	78e1      	ldrb	r1, [r4, #3]
10005aaa:	2900      	cmp	r1, #0
10005aac:	d0f2      	beq.n	10005a94 <_prep_out_transaction.isra.0+0xc>
10005aae:	3310      	adds	r3, #16
10005ab0:	189e      	adds	r6, r3, r2
10005ab2:	0030      	movs	r0, r6
10005ab4:	f000 fbb6 	bl	10006224 <tu_fifo_remaining>
10005ab8:	283f      	cmp	r0, #63	@ 0x3f
10005aba:	d9eb      	bls.n	10005a94 <_prep_out_transaction.isra.0+0xc>
10005abc:	2000      	movs	r0, #0
10005abe:	78e1      	ldrb	r1, [r4, #3]
10005ac0:	f7ff fe9a 	bl	100057f8 <usbd_edpt_claim>
10005ac4:	2800      	cmp	r0, #0
10005ac6:	d0e5      	beq.n	10005a94 <_prep_out_transaction.isra.0+0xc>
10005ac8:	0030      	movs	r0, r6
10005aca:	f000 fbab 	bl	10006224 <tu_fifo_remaining>
10005ace:	78e1      	ldrb	r1, [r4, #3]
10005ad0:	283f      	cmp	r0, #63	@ 0x3f
10005ad2:	d907      	bls.n	10005ae4 <_prep_out_transaction.isra.0+0x5c>
10005ad4:	4b06      	ldr	r3, [pc, #24]	@ (10005af0 <_prep_out_transaction.isra.0+0x68>)
10005ad6:	01ea      	lsls	r2, r5, #7
10005ad8:	18d2      	adds	r2, r2, r3
10005ada:	2000      	movs	r0, #0
10005adc:	2340      	movs	r3, #64	@ 0x40
10005ade:	f7ff feb3 	bl	10005848 <usbd_edpt_xfer>
10005ae2:	e7d7      	b.n	10005a94 <_prep_out_transaction.isra.0+0xc>
10005ae4:	2000      	movs	r0, #0
10005ae6:	f7ff fe9b 	bl	10005820 <usbd_edpt_release>
10005aea:	e7d3      	b.n	10005a94 <_prep_out_transaction.isra.0+0xc>
10005aec:	20001030 	.word	0x20001030
10005af0:	20001484 	.word	0x20001484

10005af4 <tud_cdc_n_connected>:
10005af4:	b510      	push	{r4, lr}
10005af6:	0004      	movs	r4, r0
10005af8:	f7ff f9a8 	bl	10004e4c <tud_mounted>
10005afc:	2800      	cmp	r0, #0
10005afe:	d101      	bne.n	10005b04 <tud_cdc_n_connected+0x10>
10005b00:	2000      	movs	r0, #0
10005b02:	bd10      	pop	{r4, pc}
10005b04:	f7ff f9aa 	bl	10004e5c <tud_suspended>
10005b08:	2800      	cmp	r0, #0
10005b0a:	d1f9      	bne.n	10005b00 <tud_cdc_n_connected+0xc>
10005b0c:	22c8      	movs	r2, #200	@ 0xc8
10005b0e:	4362      	muls	r2, r4
10005b10:	4b02      	ldr	r3, [pc, #8]	@ (10005b1c <tud_cdc_n_connected+0x28>)
10005b12:	3001      	adds	r0, #1
10005b14:	189b      	adds	r3, r3, r2
10005b16:	791b      	ldrb	r3, [r3, #4]
10005b18:	4018      	ands	r0, r3
10005b1a:	e7f2      	b.n	10005b02 <tud_cdc_n_connected+0xe>
10005b1c:	20001030 	.word	0x20001030

10005b20 <tud_cdc_n_available>:
10005b20:	23c8      	movs	r3, #200	@ 0xc8
10005b22:	b510      	push	{r4, lr}
10005b24:	4343      	muls	r3, r0
10005b26:	4802      	ldr	r0, [pc, #8]	@ (10005b30 <tud_cdc_n_available+0x10>)
10005b28:	1818      	adds	r0, r3, r0
10005b2a:	f000 fb5d 	bl	100061e8 <tu_fifo_count>
10005b2e:	bd10      	pop	{r4, pc}
10005b30:	20001040 	.word	0x20001040

10005b34 <tud_cdc_n_read>:
10005b34:	b5f8      	push	{r3, r4, r5, r6, r7, lr}
10005b36:	23c8      	movs	r3, #200	@ 0xc8
10005b38:	4343      	muls	r3, r0
10005b3a:	4d1d      	ldr	r5, [pc, #116]	@ (10005bb0 <tud_cdc_n_read+0x7c>)
10005b3c:	3310      	adds	r3, #16
10005b3e:	18ee      	adds	r6, r5, r3
10005b40:	2380      	movs	r3, #128	@ 0x80
10005b42:	0004      	movs	r4, r0
10005b44:	025b      	lsls	r3, r3, #9
10005b46:	429a      	cmp	r2, r3
10005b48:	d300      	bcc.n	10005b4c <tud_cdc_n_read+0x18>
10005b4a:	4a1a      	ldr	r2, [pc, #104]	@ (10005bb4 <tud_cdc_n_read+0x80>)
10005b4c:	0030      	movs	r0, r6
10005b4e:	b292      	uxth	r2, r2
10005b50:	f000 fbcc 	bl	100062ec <tu_fifo_read_n>
10005b54:	0007      	movs	r7, r0
10005b56:	f7ff f979 	bl	10004e4c <tud_mounted>
10005b5a:	2800      	cmp	r0, #0
10005b5c:	d101      	bne.n	10005b62 <tud_cdc_n_read+0x2e>
10005b5e:	0038      	movs	r0, r7
10005b60:	bdf8      	pop	{r3, r4, r5, r6, r7, pc}
10005b62:	f7ff f97b 	bl	10004e5c <tud_suspended>
10005b66:	2800      	cmp	r0, #0
10005b68:	d1f9      	bne.n	10005b5e <tud_cdc_n_read+0x2a>
10005b6a:	23c8      	movs	r3, #200	@ 0xc8
10005b6c:	4363      	muls	r3, r4
10005b6e:	18ed      	adds	r5, r5, r3
10005b70:	78eb      	ldrb	r3, [r5, #3]
10005b72:	2b00      	cmp	r3, #0
10005b74:	d0f3      	beq.n	10005b5e <tud_cdc_n_read+0x2a>
10005b76:	0030      	movs	r0, r6
10005b78:	f000 fb54 	bl	10006224 <tu_fifo_remaining>
10005b7c:	283f      	cmp	r0, #63	@ 0x3f
10005b7e:	d9ee      	bls.n	10005b5e <tud_cdc_n_read+0x2a>
10005b80:	2000      	movs	r0, #0
10005b82:	78e9      	ldrb	r1, [r5, #3]
10005b84:	f7ff fe38 	bl	100057f8 <usbd_edpt_claim>
10005b88:	2800      	cmp	r0, #0
10005b8a:	d0e8      	beq.n	10005b5e <tud_cdc_n_read+0x2a>
10005b8c:	0030      	movs	r0, r6
10005b8e:	f000 fb49 	bl	10006224 <tu_fifo_remaining>
10005b92:	78e9      	ldrb	r1, [r5, #3]
10005b94:	283f      	cmp	r0, #63	@ 0x3f
10005b96:	d907      	bls.n	10005ba8 <tud_cdc_n_read+0x74>
10005b98:	4b07      	ldr	r3, [pc, #28]	@ (10005bb8 <tud_cdc_n_read+0x84>)
10005b9a:	01e2      	lsls	r2, r4, #7
10005b9c:	18d2      	adds	r2, r2, r3
10005b9e:	2000      	movs	r0, #0
10005ba0:	2340      	movs	r3, #64	@ 0x40
10005ba2:	f7ff fe51 	bl	10005848 <usbd_edpt_xfer>
10005ba6:	e7da      	b.n	10005b5e <tud_cdc_n_read+0x2a>
10005ba8:	2000      	movs	r0, #0
10005baa:	f7ff fe39 	bl	10005820 <usbd_edpt_release>
10005bae:	e7d6      	b.n	10005b5e <tud_cdc_n_read+0x2a>
10005bb0:	20001030 	.word	0x20001030
10005bb4:	0000ffff 	.word	0x0000ffff
10005bb8:	20001484 	.word	0x20001484

10005bbc <tud_cdc_n_write_flush>:
10005bbc:	b5f8      	push	{r3, r4, r5, r6, r7, lr}
10005bbe:	0004      	movs	r4, r0
10005bc0:	f7ff f944 	bl	10004e4c <tud_mounted>
10005bc4:	2800      	cmp	r0, #0
10005bc6:	d101      	bne.n	10005bcc <tud_cdc_n_write_flush+0x10>
10005bc8:	2000      	movs	r0, #0
10005bca:	bdf8      	pop	{r3, r4, r5, r6, r7, pc}
10005bcc:	f7ff f946 	bl	10004e5c <tud_suspended>
10005bd0:	2800      	cmp	r0, #0
10005bd2:	d1f9      	bne.n	10005bc8 <tud_cdc_n_write_flush+0xc>
10005bd4:	23c8      	movs	r3, #200	@ 0xc8
10005bd6:	0025      	movs	r5, r4
10005bd8:	435d      	muls	r5, r3
10005bda:	002b      	movs	r3, r5
10005bdc:	4e13      	ldr	r6, [pc, #76]	@ (10005c2c <tud_cdc_n_write_flush+0x70>)
10005bde:	3324      	adds	r3, #36	@ 0x24
10005be0:	18f7      	adds	r7, r6, r3
10005be2:	0038      	movs	r0, r7
10005be4:	f000 fb00 	bl	100061e8 <tu_fifo_count>
10005be8:	2800      	cmp	r0, #0
10005bea:	d0ed      	beq.n	10005bc8 <tud_cdc_n_write_flush+0xc>
10005bec:	1975      	adds	r5, r6, r5
10005bee:	2000      	movs	r0, #0
10005bf0:	78a9      	ldrb	r1, [r5, #2]
10005bf2:	f7ff fe01 	bl	100057f8 <usbd_edpt_claim>
10005bf6:	2800      	cmp	r0, #0
10005bf8:	d0e6      	beq.n	10005bc8 <tud_cdc_n_write_flush+0xc>
10005bfa:	4a0d      	ldr	r2, [pc, #52]	@ (10005c30 <tud_cdc_n_write_flush+0x74>)
10005bfc:	01e3      	lsls	r3, r4, #7
10005bfe:	189c      	adds	r4, r3, r2
10005c00:	0021      	movs	r1, r4
10005c02:	2240      	movs	r2, #64	@ 0x40
10005c04:	0038      	movs	r0, r7
10005c06:	f000 fb71 	bl	100062ec <tu_fifo_read_n>
10005c0a:	78a9      	ldrb	r1, [r5, #2]
10005c0c:	0003      	movs	r3, r0
10005c0e:	1e05      	subs	r5, r0, #0
10005c10:	d007      	beq.n	10005c22 <tud_cdc_n_write_flush+0x66>
10005c12:	0022      	movs	r2, r4
10005c14:	2000      	movs	r0, #0
10005c16:	f7ff fe17 	bl	10005848 <usbd_edpt_xfer>
10005c1a:	2800      	cmp	r0, #0
10005c1c:	d0d4      	beq.n	10005bc8 <tud_cdc_n_write_flush+0xc>
10005c1e:	0028      	movs	r0, r5
10005c20:	e7d3      	b.n	10005bca <tud_cdc_n_write_flush+0xe>
10005c22:	2000      	movs	r0, #0
10005c24:	f7ff fdfc 	bl	10005820 <usbd_edpt_release>
10005c28:	e7ce      	b.n	10005bc8 <tud_cdc_n_write_flush+0xc>
10005c2a:	46c0      	nop			@ (mov r8, r8)
10005c2c:	20001030 	.word	0x20001030
10005c30:	200014c4 	.word	0x200014c4

10005c34 <tud_cdc_n_write>:
10005c34:	b570      	push	{r4, r5, r6, lr}
10005c36:	24c8      	movs	r4, #200	@ 0xc8
10005c38:	4344      	muls	r4, r0
10005c3a:	4b0c      	ldr	r3, [pc, #48]	@ (10005c6c <tud_cdc_n_write+0x38>)
10005c3c:	0005      	movs	r5, r0
10005c3e:	18e4      	adds	r4, r4, r3
10005c40:	2380      	movs	r3, #128	@ 0x80
10005c42:	025b      	lsls	r3, r3, #9
10005c44:	429a      	cmp	r2, r3
10005c46:	d300      	bcc.n	10005c4a <tud_cdc_n_write+0x16>
10005c48:	4a09      	ldr	r2, [pc, #36]	@ (10005c70 <tud_cdc_n_write+0x3c>)
10005c4a:	0020      	movs	r0, r4
10005c4c:	b292      	uxth	r2, r2
10005c4e:	f000 fc15 	bl	1000647c <tu_fifo_write_n>
10005c52:	0006      	movs	r6, r0
10005c54:	0020      	movs	r0, r4
10005c56:	f000 fac7 	bl	100061e8 <tu_fifo_count>
10005c5a:	283f      	cmp	r0, #63	@ 0x3f
10005c5c:	d801      	bhi.n	10005c62 <tud_cdc_n_write+0x2e>
10005c5e:	0030      	movs	r0, r6
10005c60:	bd70      	pop	{r4, r5, r6, pc}
10005c62:	0028      	movs	r0, r5
10005c64:	f7ff ffaa 	bl	10005bbc <tud_cdc_n_write_flush>
10005c68:	e7f9      	b.n	10005c5e <tud_cdc_n_write+0x2a>
10005c6a:	46c0      	nop			@ (mov r8, r8)
10005c6c:	20001054 	.word	0x20001054
10005c70:	0000ffff 	.word	0x0000ffff

10005c74 <tud_cdc_n_write_available>:
10005c74:	23c8      	movs	r3, #200	@ 0xc8
10005c76:	b510      	push	{r4, lr}
10005c78:	4343      	muls	r3, r0
10005c7a:	4802      	ldr	r0, [pc, #8]	@ (10005c84 <tud_cdc_n_write_available+0x10>)
10005c7c:	1818      	adds	r0, r3, r0
10005c7e:	f000 fad1 	bl	10006224 <tu_fifo_remaining>
10005c82:	bd10      	pop	{r4, pc}
10005c84:	20001054 	.word	0x20001054

10005c88 <cdcd_init>:
10005c88:	b5f0      	push	{r4, r5, r6, r7, lr}
10005c8a:	2500      	movs	r5, #0
10005c8c:	4c18      	ldr	r4, [pc, #96]	@ (10005cf0 <cdcd_init+0x68>)
10005c8e:	b083      	sub	sp, #12
10005c90:	22c8      	movs	r2, #200	@ 0xc8
10005c92:	2100      	movs	r1, #0
10005c94:	0020      	movs	r0, r4
10005c96:	f7fc fd4b 	bl	10002730 <__wrap_memset>
10005c9a:	4b16      	ldr	r3, [pc, #88]	@ (10005cf4 <cdcd_init+0x6c>)
10005c9c:	0021      	movs	r1, r4
10005c9e:	701d      	strb	r5, [r3, #0]
10005ca0:	23ff      	movs	r3, #255	@ 0xff
10005ca2:	7163      	strb	r3, [r4, #5]
10005ca4:	23e1      	movs	r3, #225	@ 0xe1
10005ca6:	025b      	lsls	r3, r3, #9
10005ca8:	60a3      	str	r3, [r4, #8]
10005caa:	0020      	movs	r0, r4
10005cac:	2308      	movs	r3, #8
10005cae:	2240      	movs	r2, #64	@ 0x40
10005cb0:	73a3      	strb	r3, [r4, #14]
10005cb2:	3138      	adds	r1, #56	@ 0x38
10005cb4:	9500      	str	r5, [sp, #0]
10005cb6:	3b07      	subs	r3, #7
10005cb8:	3010      	adds	r0, #16
10005cba:	f000 fa5f 	bl	1000617c <tu_fifo_config>
10005cbe:	0027      	movs	r7, r4
10005cc0:	2301      	movs	r3, #1
10005cc2:	0021      	movs	r1, r4
10005cc4:	0020      	movs	r0, r4
10005cc6:	0026      	movs	r6, r4
10005cc8:	2240      	movs	r2, #64	@ 0x40
10005cca:	3178      	adds	r1, #120	@ 0x78
10005ccc:	9300      	str	r3, [sp, #0]
10005cce:	37b8      	adds	r7, #184	@ 0xb8
10005cd0:	3024      	adds	r0, #36	@ 0x24
10005cd2:	f000 fa53 	bl	1000617c <tu_fifo_config>
10005cd6:	36c0      	adds	r6, #192	@ 0xc0
10005cd8:	0038      	movs	r0, r7
10005cda:	f7fa ff43 	bl	10000b64 <mutex_init>
10005cde:	0030      	movs	r0, r6
10005ce0:	f7fa ff40 	bl	10000b64 <mutex_init>
10005ce4:	61e5      	str	r5, [r4, #28]
10005ce6:	6227      	str	r7, [r4, #32]
10005ce8:	6326      	str	r6, [r4, #48]	@ 0x30
10005cea:	6365      	str	r5, [r4, #52]	@ 0x34
10005cec:	b003      	add	sp, #12
10005cee:	bdf0      	pop	{r4, r5, r6, r7, pc}
10005cf0:	20001030 	.word	0x20001030
10005cf4:	20001504 	.word	0x20001504

10005cf8 <cdcd_deinit>:
10005cf8:	4b0a      	ldr	r3, [pc, #40]	@ (10005d24 <cdcd_deinit+0x2c>)
10005cfa:	6b19      	ldr	r1, [r3, #48]	@ 0x30
10005cfc:	6a1a      	ldr	r2, [r3, #32]
10005cfe:	2900      	cmp	r1, #0
10005d00:	d00c      	beq.n	10005d1c <cdcd_deinit+0x24>
10005d02:	2a00      	cmp	r2, #0
10005d04:	d007      	beq.n	10005d16 <cdcd_deinit+0x1e>
10005d06:	2200      	movs	r2, #0
10005d08:	61da      	str	r2, [r3, #28]
10005d0a:	635a      	str	r2, [r3, #52]	@ 0x34
10005d0c:	631a      	str	r2, [r3, #48]	@ 0x30
10005d0e:	2200      	movs	r2, #0
10005d10:	621a      	str	r2, [r3, #32]
10005d12:	2001      	movs	r0, #1
10005d14:	4770      	bx	lr
10005d16:	635a      	str	r2, [r3, #52]	@ 0x34
10005d18:	631a      	str	r2, [r3, #48]	@ 0x30
10005d1a:	e7fa      	b.n	10005d12 <cdcd_deinit+0x1a>
10005d1c:	2a00      	cmp	r2, #0
10005d1e:	d0f8      	beq.n	10005d12 <cdcd_deinit+0x1a>
10005d20:	61d9      	str	r1, [r3, #28]
10005d22:	e7f4      	b.n	10005d0e <cdcd_deinit+0x16>
10005d24:	20001030 	.word	0x20001030

10005d28 <cdcd_reset>:
10005d28:	b570      	push	{r4, r5, r6, lr}
10005d2a:	2205      	movs	r2, #5
10005d2c:	2100      	movs	r1, #0
10005d2e:	480d      	ldr	r0, [pc, #52]	@ (10005d64 <cdcd_reset+0x3c>)
10005d30:	f7fc fcfe 	bl	10002730 <__wrap_memset>
10005d34:	4d0c      	ldr	r5, [pc, #48]	@ (10005d68 <cdcd_reset+0x40>)
10005d36:	782b      	ldrb	r3, [r5, #0]
10005d38:	07da      	lsls	r2, r3, #31
10005d3a:	d507      	bpl.n	10005d4c <cdcd_reset+0x24>
10005d3c:	4c0b      	ldr	r4, [pc, #44]	@ (10005d6c <cdcd_reset+0x44>)
10005d3e:	079b      	lsls	r3, r3, #30
10005d40:	d50c      	bpl.n	10005d5c <cdcd_reset+0x34>
10005d42:	2101      	movs	r1, #1
10005d44:	0020      	movs	r0, r4
10005d46:	f000 fc6d 	bl	10006624 <tu_fifo_set_overwritable>
10005d4a:	bd70      	pop	{r4, r5, r6, pc}
10005d4c:	4805      	ldr	r0, [pc, #20]	@ (10005d64 <cdcd_reset+0x3c>)
10005d4e:	3010      	adds	r0, #16
10005d50:	f000 fc48 	bl	100065e4 <tu_fifo_clear>
10005d54:	782b      	ldrb	r3, [r5, #0]
10005d56:	4c05      	ldr	r4, [pc, #20]	@ (10005d6c <cdcd_reset+0x44>)
10005d58:	079b      	lsls	r3, r3, #30
10005d5a:	d4f2      	bmi.n	10005d42 <cdcd_reset+0x1a>
10005d5c:	0020      	movs	r0, r4
10005d5e:	f000 fc41 	bl	100065e4 <tu_fifo_clear>
10005d62:	e7ee      	b.n	10005d42 <cdcd_reset+0x1a>
10005d64:	20001030 	.word	0x20001030
10005d68:	20001504 	.word	0x20001504
10005d6c:	20001054 	.word	0x20001054

10005d70 <cdcd_open>:
10005d70:	b5f0      	push	{r4, r5, r6, r7, lr}
10005d72:	794b      	ldrb	r3, [r1, #5]
10005d74:	0007      	movs	r7, r0
10005d76:	b083      	sub	sp, #12
10005d78:	2b02      	cmp	r3, #2
10005d7a:	d102      	bne.n	10005d82 <cdcd_open+0x12>
10005d7c:	798b      	ldrb	r3, [r1, #6]
10005d7e:	2b02      	cmp	r3, #2
10005d80:	d003      	beq.n	10005d8a <cdcd_open+0x1a>
10005d82:	2400      	movs	r4, #0
10005d84:	0020      	movs	r0, r4
10005d86:	b003      	add	sp, #12
10005d88:	bdf0      	pop	{r4, r5, r6, r7, pc}
10005d8a:	4b21      	ldr	r3, [pc, #132]	@ (10005e10 <cdcd_open+0xa0>)
10005d8c:	001e      	movs	r6, r3
10005d8e:	789b      	ldrb	r3, [r3, #2]
10005d90:	2b00      	cmp	r3, #0
10005d92:	d1f6      	bne.n	10005d82 <cdcd_open+0x12>
10005d94:	788b      	ldrb	r3, [r1, #2]
10005d96:	2409      	movs	r4, #9
10005d98:	7033      	strb	r3, [r6, #0]
10005d9a:	780d      	ldrb	r5, [r1, #0]
10005d9c:	194d      	adds	r5, r1, r5
10005d9e:	786b      	ldrb	r3, [r5, #1]
10005da0:	2b24      	cmp	r3, #36	@ 0x24
10005da2:	d007      	beq.n	10005db4 <cdcd_open+0x44>
10005da4:	e00c      	b.n	10005dc0 <cdcd_open+0x50>
10005da6:	782b      	ldrb	r3, [r5, #0]
10005da8:	18ed      	adds	r5, r5, r3
10005daa:	191c      	adds	r4, r3, r4
10005dac:	786b      	ldrb	r3, [r5, #1]
10005dae:	b2a4      	uxth	r4, r4
10005db0:	2b24      	cmp	r3, #36	@ 0x24
10005db2:	d105      	bne.n	10005dc0 <cdcd_open+0x50>
10005db4:	42a2      	cmp	r2, r4
10005db6:	d2f6      	bcs.n	10005da6 <cdcd_open+0x36>
10005db8:	2000      	movs	r0, #0
10005dba:	f7ff fe65 	bl	10005a88 <_prep_out_transaction.isra.0>
10005dbe:	e7e1      	b.n	10005d84 <cdcd_open+0x14>
10005dc0:	001a      	movs	r2, r3
10005dc2:	2b05      	cmp	r3, #5
10005dc4:	d015      	beq.n	10005df2 <cdcd_open+0x82>
10005dc6:	2a04      	cmp	r2, #4
10005dc8:	d1f6      	bne.n	10005db8 <cdcd_open+0x48>
10005dca:	796b      	ldrb	r3, [r5, #5]
10005dcc:	2b0a      	cmp	r3, #10
10005dce:	d1f3      	bne.n	10005db8 <cdcd_open+0x48>
10005dd0:	4b10      	ldr	r3, [pc, #64]	@ (10005e14 <cdcd_open+0xa4>)
10005dd2:	782e      	ldrb	r6, [r5, #0]
10005dd4:	9301      	str	r3, [sp, #4]
10005dd6:	3301      	adds	r3, #1
10005dd8:	9300      	str	r3, [sp, #0]
10005dda:	0038      	movs	r0, r7
10005ddc:	2302      	movs	r3, #2
10005dde:	19a9      	adds	r1, r5, r6
10005de0:	3a02      	subs	r2, #2
10005de2:	f7ff fca3 	bl	1000572c <usbd_open_edpt_pair>
10005de6:	2800      	cmp	r0, #0
10005de8:	d0cb      	beq.n	10005d82 <cdcd_open+0x12>
10005dea:	340e      	adds	r4, #14
10005dec:	19a4      	adds	r4, r4, r6
10005dee:	b2a4      	uxth	r4, r4
10005df0:	e7e2      	b.n	10005db8 <cdcd_open+0x48>
10005df2:	0029      	movs	r1, r5
10005df4:	0038      	movs	r0, r7
10005df6:	f7ff fce5 	bl	100057c4 <usbd_edpt_open>
10005dfa:	2800      	cmp	r0, #0
10005dfc:	d0c1      	beq.n	10005d82 <cdcd_open+0x12>
10005dfe:	78ab      	ldrb	r3, [r5, #2]
10005e00:	7073      	strb	r3, [r6, #1]
10005e02:	782b      	ldrb	r3, [r5, #0]
10005e04:	191c      	adds	r4, r3, r4
10005e06:	18ed      	adds	r5, r5, r3
10005e08:	786a      	ldrb	r2, [r5, #1]
10005e0a:	b2a4      	uxth	r4, r4
10005e0c:	e7db      	b.n	10005dc6 <cdcd_open+0x56>
10005e0e:	46c0      	nop			@ (mov r8, r8)
10005e10:	20001030 	.word	0x20001030
10005e14:	20001032 	.word	0x20001032

10005e18 <cdcd_control_xfer_cb>:
10005e18:	2360      	movs	r3, #96	@ 0x60
10005e1a:	468c      	mov	ip, r1
10005e1c:	0011      	movs	r1, r2
10005e1e:	7812      	ldrb	r2, [r2, #0]
10005e20:	b570      	push	{r4, r5, r6, lr}
10005e22:	4013      	ands	r3, r2
10005e24:	2200      	movs	r2, #0
10005e26:	2b20      	cmp	r3, #32
10005e28:	d108      	bne.n	10005e3c <cdcd_control_xfer_cb+0x24>
10005e2a:	4c32      	ldr	r4, [pc, #200]	@ (10005ef4 <cdcd_control_xfer_cb+0xdc>)
10005e2c:	794b      	ldrb	r3, [r1, #5]
10005e2e:	0026      	movs	r6, r4
10005e30:	790d      	ldrb	r5, [r1, #4]
10005e32:	7824      	ldrb	r4, [r4, #0]
10005e34:	021b      	lsls	r3, r3, #8
10005e36:	432b      	orrs	r3, r5
10005e38:	429c      	cmp	r4, r3
10005e3a:	d001      	beq.n	10005e40 <cdcd_control_xfer_cb+0x28>
10005e3c:	0010      	movs	r0, r2
10005e3e:	bd70      	pop	{r4, r5, r6, pc}
10005e40:	784b      	ldrb	r3, [r1, #1]
10005e42:	2b22      	cmp	r3, #34	@ 0x22
10005e44:	d01c      	beq.n	10005e80 <cdcd_control_xfer_cb+0x68>
10005e46:	d808      	bhi.n	10005e5a <cdcd_control_xfer_cb+0x42>
10005e48:	2b20      	cmp	r3, #32
10005e4a:	d039      	beq.n	10005ec0 <cdcd_control_xfer_cb+0xa8>
10005e4c:	2b21      	cmp	r3, #33	@ 0x21
10005e4e:	d1f5      	bne.n	10005e3c <cdcd_control_xfer_cb+0x24>
10005e50:	4663      	mov	r3, ip
10005e52:	2b01      	cmp	r3, #1
10005e54:	d043      	beq.n	10005ede <cdcd_control_xfer_cb+0xc6>
10005e56:	2201      	movs	r2, #1
10005e58:	e7f0      	b.n	10005e3c <cdcd_control_xfer_cb+0x24>
10005e5a:	2b23      	cmp	r3, #35	@ 0x23
10005e5c:	d1ee      	bne.n	10005e3c <cdcd_control_xfer_cb+0x24>
10005e5e:	4663      	mov	r3, ip
10005e60:	2b01      	cmp	r3, #1
10005e62:	d042      	beq.n	10005eea <cdcd_control_xfer_cb+0xd2>
10005e64:	2b03      	cmp	r3, #3
10005e66:	d1f6      	bne.n	10005e56 <cdcd_control_xfer_cb+0x3e>
10005e68:	4b23      	ldr	r3, [pc, #140]	@ (10005ef8 <cdcd_control_xfer_cb+0xe0>)
10005e6a:	2b00      	cmp	r3, #0
10005e6c:	d0f3      	beq.n	10005e56 <cdcd_control_xfer_cb+0x3e>
10005e6e:	788b      	ldrb	r3, [r1, #2]
10005e70:	78c9      	ldrb	r1, [r1, #3]
10005e72:	2000      	movs	r0, #0
10005e74:	0209      	lsls	r1, r1, #8
10005e76:	4319      	orrs	r1, r3
10005e78:	e000      	b.n	10005e7c <cdcd_control_xfer_cb+0x64>
10005e7a:	bf00      	nop
10005e7c:	2201      	movs	r2, #1
10005e7e:	e7dd      	b.n	10005e3c <cdcd_control_xfer_cb+0x24>
10005e80:	4663      	mov	r3, ip
10005e82:	2b01      	cmp	r3, #1
10005e84:	d031      	beq.n	10005eea <cdcd_control_xfer_cb+0xd2>
10005e86:	2b03      	cmp	r3, #3
10005e88:	d1e5      	bne.n	10005e56 <cdcd_control_xfer_cb+0x3e>
10005e8a:	2501      	movs	r5, #1
10005e8c:	78cb      	ldrb	r3, [r1, #3]
10005e8e:	788a      	ldrb	r2, [r1, #2]
10005e90:	021b      	lsls	r3, r3, #8
10005e92:	4313      	orrs	r3, r2
10005e94:	001c      	movs	r4, r3
10005e96:	401d      	ands	r5, r3
10005e98:	0033      	movs	r3, r6
10005e9a:	2101      	movs	r1, #1
10005e9c:	3324      	adds	r3, #36	@ 0x24
10005e9e:	0018      	movs	r0, r3
10005ea0:	4069      	eors	r1, r5
10005ea2:	7134      	strb	r4, [r6, #4]
10005ea4:	f000 fbbe 	bl	10006624 <tu_fifo_set_overwritable>
10005ea8:	4b14      	ldr	r3, [pc, #80]	@ (10005efc <cdcd_control_xfer_cb+0xe4>)
10005eaa:	2b00      	cmp	r3, #0
10005eac:	d0d3      	beq.n	10005e56 <cdcd_control_xfer_cb+0x3e>
10005eae:	2301      	movs	r3, #1
10005eb0:	0862      	lsrs	r2, r4, #1
10005eb2:	401a      	ands	r2, r3
10005eb4:	0029      	movs	r1, r5
10005eb6:	2000      	movs	r0, #0
10005eb8:	e000      	b.n	10005ebc <cdcd_control_xfer_cb+0xa4>
10005eba:	bf00      	nop
10005ebc:	2201      	movs	r2, #1
10005ebe:	e7bd      	b.n	10005e3c <cdcd_control_xfer_cb+0x24>
10005ec0:	4663      	mov	r3, ip
10005ec2:	2b01      	cmp	r3, #1
10005ec4:	d00b      	beq.n	10005ede <cdcd_control_xfer_cb+0xc6>
10005ec6:	2b03      	cmp	r3, #3
10005ec8:	d1c5      	bne.n	10005e56 <cdcd_control_xfer_cb+0x3e>
10005eca:	4b0d      	ldr	r3, [pc, #52]	@ (10005f00 <cdcd_control_xfer_cb+0xe8>)
10005ecc:	2b00      	cmp	r3, #0
10005ece:	d0c2      	beq.n	10005e56 <cdcd_control_xfer_cb+0x3e>
10005ed0:	0031      	movs	r1, r6
10005ed2:	2000      	movs	r0, #0
10005ed4:	3108      	adds	r1, #8
10005ed6:	f7fe fe15 	bl	10004b04 <tud_cdc_line_coding_cb>
10005eda:	2201      	movs	r2, #1
10005edc:	e7ae      	b.n	10005e3c <cdcd_control_xfer_cb+0x24>
10005ede:	4a09      	ldr	r2, [pc, #36]	@ (10005f04 <cdcd_control_xfer_cb+0xec>)
10005ee0:	2307      	movs	r3, #7
10005ee2:	f7ff fcef 	bl	100058c4 <tud_control_xfer>
10005ee6:	2201      	movs	r2, #1
10005ee8:	e7a8      	b.n	10005e3c <cdcd_control_xfer_cb+0x24>
10005eea:	f7ff fcd5 	bl	10005898 <tud_control_status>
10005eee:	2201      	movs	r2, #1
10005ef0:	e7a4      	b.n	10005e3c <cdcd_control_xfer_cb+0x24>
10005ef2:	46c0      	nop			@ (mov r8, r8)
10005ef4:	20001030 	.word	0x20001030
	...
10005f00:	10004b05 	.word	0x10004b05
10005f04:	20001038 	.word	0x20001038

10005f08 <cdcd_xfer_cb>:
10005f08:	b5f8      	push	{r3, r4, r5, r6, r7, lr}
10005f0a:	4647      	mov	r7, r8
10005f0c:	46ce      	mov	lr, r9
10005f0e:	b580      	push	{r7, lr}
10005f10:	4c34      	ldr	r4, [pc, #208]	@ (10005fe4 <cdcd_xfer_cb+0xdc>)
10005f12:	001f      	movs	r7, r3
10005f14:	78e3      	ldrb	r3, [r4, #3]
10005f16:	4680      	mov	r8, r0
10005f18:	000d      	movs	r5, r1
10005f1a:	428b      	cmp	r3, r1
10005f1c:	d03b      	beq.n	10005f96 <cdcd_xfer_cb+0x8e>
10005f1e:	78a3      	ldrb	r3, [r4, #2]
10005f20:	2000      	movs	r0, #0
10005f22:	428b      	cmp	r3, r1
10005f24:	d011      	beq.n	10005f4a <cdcd_xfer_cb+0x42>
10005f26:	bcc0      	pop	{r6, r7}
10005f28:	46b9      	mov	r9, r7
10005f2a:	46b0      	mov	r8, r6
10005f2c:	bdf8      	pop	{r3, r4, r5, r6, r7, pc}
10005f2e:	4b2e      	ldr	r3, [pc, #184]	@ (10005fe8 <cdcd_xfer_cb+0xe0>)
10005f30:	2b00      	cmp	r3, #0
10005f32:	d004      	beq.n	10005f3e <cdcd_xfer_cb+0x36>
10005f34:	482d      	ldr	r0, [pc, #180]	@ (10005fec <cdcd_xfer_cb+0xe4>)
10005f36:	f000 f96d 	bl	10006214 <tu_fifo_empty>
10005f3a:	2800      	cmp	r0, #0
10005f3c:	d04f      	beq.n	10005fde <cdcd_xfer_cb+0xd6>
10005f3e:	2000      	movs	r0, #0
10005f40:	f7ff fda2 	bl	10005a88 <_prep_out_transaction.isra.0>
10005f44:	78a3      	ldrb	r3, [r4, #2]
10005f46:	42ab      	cmp	r3, r5
10005f48:	d10a      	bne.n	10005f60 <cdcd_xfer_cb+0x58>
10005f4a:	4b29      	ldr	r3, [pc, #164]	@ (10005ff0 <cdcd_xfer_cb+0xe8>)
10005f4c:	2b00      	cmp	r3, #0
10005f4e:	d002      	beq.n	10005f56 <cdcd_xfer_cb+0x4e>
10005f50:	2000      	movs	r0, #0
10005f52:	e000      	b.n	10005f56 <cdcd_xfer_cb+0x4e>
10005f54:	bf00      	nop
10005f56:	2000      	movs	r0, #0
10005f58:	f7ff fe30 	bl	10005bbc <tud_cdc_n_write_flush>
10005f5c:	2800      	cmp	r0, #0
10005f5e:	d001      	beq.n	10005f64 <cdcd_xfer_cb+0x5c>
10005f60:	2001      	movs	r0, #1
10005f62:	e7e0      	b.n	10005f26 <cdcd_xfer_cb+0x1e>
10005f64:	4c23      	ldr	r4, [pc, #140]	@ (10005ff4 <cdcd_xfer_cb+0xec>)
10005f66:	0020      	movs	r0, r4
10005f68:	f000 f93e 	bl	100061e8 <tu_fifo_count>
10005f6c:	2800      	cmp	r0, #0
10005f6e:	d1f7      	bne.n	10005f60 <cdcd_xfer_cb+0x58>
10005f70:	2f00      	cmp	r7, #0
10005f72:	d0f5      	beq.n	10005f60 <cdcd_xfer_cb+0x58>
10005f74:	06bb      	lsls	r3, r7, #26
10005f76:	d1f3      	bne.n	10005f60 <cdcd_xfer_cb+0x58>
10005f78:	3c24      	subs	r4, #36	@ 0x24
10005f7a:	4640      	mov	r0, r8
10005f7c:	78a1      	ldrb	r1, [r4, #2]
10005f7e:	f7ff fc3b 	bl	100057f8 <usbd_edpt_claim>
10005f82:	2800      	cmp	r0, #0
10005f84:	d0ec      	beq.n	10005f60 <cdcd_xfer_cb+0x58>
10005f86:	2300      	movs	r3, #0
10005f88:	2200      	movs	r2, #0
10005f8a:	4640      	mov	r0, r8
10005f8c:	78a1      	ldrb	r1, [r4, #2]
10005f8e:	f7ff fc5b 	bl	10005848 <usbd_edpt_xfer>
10005f92:	2001      	movs	r0, #1
10005f94:	e7c7      	b.n	10005f26 <cdcd_xfer_cb+0x1e>
10005f96:	4e18      	ldr	r6, [pc, #96]	@ (10005ff8 <cdcd_xfer_cb+0xf0>)
10005f98:	4814      	ldr	r0, [pc, #80]	@ (10005fec <cdcd_xfer_cb+0xe4>)
10005f9a:	0031      	movs	r1, r6
10005f9c:	b2ba      	uxth	r2, r7
10005f9e:	f000 fa6d 	bl	1000647c <tu_fifo_write_n>
10005fa2:	4b16      	ldr	r3, [pc, #88]	@ (10005ffc <cdcd_xfer_cb+0xf4>)
10005fa4:	2b00      	cmp	r3, #0
10005fa6:	d0c2      	beq.n	10005f2e <cdcd_xfer_cb+0x26>
10005fa8:	7963      	ldrb	r3, [r4, #5]
10005faa:	2bff      	cmp	r3, #255	@ 0xff
10005fac:	d0bf      	beq.n	10005f2e <cdcd_xfer_cb+0x26>
10005fae:	2f00      	cmp	r7, #0
10005fb0:	d0bd      	beq.n	10005f2e <cdcd_xfer_cb+0x26>
10005fb2:	46bc      	mov	ip, r7
10005fb4:	44b4      	add	ip, r6
10005fb6:	46e1      	mov	r9, ip
10005fb8:	e003      	b.n	10005fc2 <cdcd_xfer_cb+0xba>
10005fba:	3601      	adds	r6, #1
10005fbc:	454e      	cmp	r6, r9
10005fbe:	d0b6      	beq.n	10005f2e <cdcd_xfer_cb+0x26>
10005fc0:	7963      	ldrb	r3, [r4, #5]
10005fc2:	7832      	ldrb	r2, [r6, #0]
10005fc4:	429a      	cmp	r2, r3
10005fc6:	d1f8      	bne.n	10005fba <cdcd_xfer_cb+0xb2>
10005fc8:	4808      	ldr	r0, [pc, #32]	@ (10005fec <cdcd_xfer_cb+0xe4>)
10005fca:	f000 f923 	bl	10006214 <tu_fifo_empty>
10005fce:	2800      	cmp	r0, #0
10005fd0:	d1f3      	bne.n	10005fba <cdcd_xfer_cb+0xb2>
10005fd2:	4b06      	ldr	r3, [pc, #24]	@ (10005fec <cdcd_xfer_cb+0xe4>)
10005fd4:	3b10      	subs	r3, #16
10005fd6:	7959      	ldrb	r1, [r3, #5]
10005fd8:	e000      	b.n	10005fdc <cdcd_xfer_cb+0xd4>
10005fda:	bf00      	nop
10005fdc:	e7ed      	b.n	10005fba <cdcd_xfer_cb+0xb2>
10005fde:	e000      	b.n	10005fe2 <cdcd_xfer_cb+0xda>
10005fe0:	bf00      	nop
10005fe2:	e7ac      	b.n	10005f3e <cdcd_xfer_cb+0x36>
10005fe4:	20001030 	.word	0x20001030
10005fe8:	00000000 	.word	0x00000000
10005fec:	20001040 	.word	0x20001040
10005ff0:	00000000 	.word	0x00000000
10005ff4:	20001054 	.word	0x20001054
10005ff8:	20001484 	.word	0x20001484
10005ffc:	00000000 	.word	0x00000000

10006000 <tusb_rhport_init>:
10006000:	b500      	push	{lr}
10006002:	0003      	movs	r3, r0
10006004:	b083      	sub	sp, #12
10006006:	2900      	cmp	r1, #0
10006008:	d010      	beq.n	1000602c <tusb_rhport_init+0x2c>
1000600a:	2000      	movs	r0, #0
1000600c:	2b01      	cmp	r3, #1
1000600e:	d807      	bhi.n	10006020 <tusb_rhport_init+0x20>
10006010:	780a      	ldrb	r2, [r1, #0]
10006012:	2a00      	cmp	r2, #0
10006014:	d004      	beq.n	10006020 <tusb_rhport_init+0x20>
10006016:	480c      	ldr	r0, [pc, #48]	@ (10006048 <tusb_rhport_init+0x48>)
10006018:	54c2      	strb	r2, [r0, r3]
1000601a:	2001      	movs	r0, #1
1000601c:	2a01      	cmp	r2, #1
1000601e:	d001      	beq.n	10006024 <tusb_rhport_init+0x24>
10006020:	b003      	add	sp, #12
10006022:	bd00      	pop	{pc}
10006024:	0018      	movs	r0, r3
10006026:	f7fe ff21 	bl	10004e6c <tud_rhport_init>
1000602a:	e7f9      	b.n	10006020 <tusb_rhport_init+0x20>
1000602c:	2301      	movs	r3, #1
1000602e:	466a      	mov	r2, sp
10006030:	2000      	movs	r0, #0
10006032:	a901      	add	r1, sp, #4
10006034:	8093      	strh	r3, [r2, #4]
10006036:	f7fe ff19 	bl	10004e6c <tud_rhport_init>
1000603a:	2800      	cmp	r0, #0
1000603c:	d0f0      	beq.n	10006020 <tusb_rhport_init+0x20>
1000603e:	2201      	movs	r2, #1
10006040:	4b01      	ldr	r3, [pc, #4]	@ (10006048 <tusb_rhport_init+0x48>)
10006042:	701a      	strb	r2, [r3, #0]
10006044:	e7ec      	b.n	10006020 <tusb_rhport_init+0x20>
10006046:	46c0      	nop			@ (mov r8, r8)
10006048:	2000155c 	.word	0x2000155c

1000604c <tu_edpt_claim>:
1000604c:	b570      	push	{r4, r5, r6, lr}
1000604e:	0004      	movs	r4, r0
10006050:	7823      	ldrb	r3, [r4, #0]
10006052:	0008      	movs	r0, r1
10006054:	07db      	lsls	r3, r3, #31
10006056:	000e      	movs	r6, r1
10006058:	0fdd      	lsrs	r5, r3, #31
1000605a:	2b00      	cmp	r3, #0
1000605c:	d116      	bne.n	1000608c <tu_edpt_claim+0x40>
1000605e:	7823      	ldrb	r3, [r4, #0]
10006060:	075b      	lsls	r3, r3, #29
10006062:	d501      	bpl.n	10006068 <tu_edpt_claim+0x1c>
10006064:	0028      	movs	r0, r5
10006066:	bd70      	pop	{r4, r5, r6, pc}
10006068:	2101      	movs	r1, #1
1000606a:	4249      	negs	r1, r1
1000606c:	f000 fb80 	bl	10006770 <__mutex_enter_timeout_ms_veneer>
10006070:	7823      	ldrb	r3, [r4, #0]
10006072:	07db      	lsls	r3, r3, #31
10006074:	0fdd      	lsrs	r5, r3, #31
10006076:	2b00      	cmp	r3, #0
10006078:	d10a      	bne.n	10006090 <tu_edpt_claim+0x44>
1000607a:	7823      	ldrb	r3, [r4, #0]
1000607c:	075b      	lsls	r3, r3, #29
1000607e:	d408      	bmi.n	10006092 <tu_edpt_claim+0x46>
10006080:	2204      	movs	r2, #4
10006082:	7823      	ldrb	r3, [r4, #0]
10006084:	2501      	movs	r5, #1
10006086:	4313      	orrs	r3, r2
10006088:	7023      	strb	r3, [r4, #0]
1000608a:	e002      	b.n	10006092 <tu_edpt_claim+0x46>
1000608c:	2500      	movs	r5, #0
1000608e:	e7e9      	b.n	10006064 <tu_edpt_claim+0x18>
10006090:	2500      	movs	r5, #0
10006092:	0030      	movs	r0, r6
10006094:	f000 fb3c 	bl	10006710 <__mutex_exit_veneer>
10006098:	e7e4      	b.n	10006064 <tu_edpt_claim+0x18>
1000609a:	46c0      	nop			@ (mov r8, r8)

1000609c <tu_edpt_release>:
1000609c:	b570      	push	{r4, r5, r6, lr}
1000609e:	000d      	movs	r5, r1
100060a0:	2101      	movs	r1, #1
100060a2:	0004      	movs	r4, r0
100060a4:	4249      	negs	r1, r1
100060a6:	0028      	movs	r0, r5
100060a8:	f000 fb62 	bl	10006770 <__mutex_enter_timeout_ms_veneer>
100060ac:	7823      	ldrb	r3, [r4, #0]
100060ae:	075b      	lsls	r3, r3, #29
100060b0:	0fde      	lsrs	r6, r3, #31
100060b2:	2b00      	cmp	r3, #0
100060b4:	db04      	blt.n	100060c0 <tu_edpt_release+0x24>
100060b6:	0028      	movs	r0, r5
100060b8:	f000 fb2a 	bl	10006710 <__mutex_exit_veneer>
100060bc:	0030      	movs	r0, r6
100060be:	bd70      	pop	{r4, r5, r6, pc}
100060c0:	7823      	ldrb	r3, [r4, #0]
100060c2:	07db      	lsls	r3, r3, #31
100060c4:	d404      	bmi.n	100060d0 <tu_edpt_release+0x34>
100060c6:	2204      	movs	r2, #4
100060c8:	7823      	ldrb	r3, [r4, #0]
100060ca:	4393      	bics	r3, r2
100060cc:	7023      	strb	r3, [r4, #0]
100060ce:	e7f2      	b.n	100060b6 <tu_edpt_release+0x1a>
100060d0:	2600      	movs	r6, #0
100060d2:	e7f0      	b.n	100060b6 <tu_edpt_release+0x1a>

100060d4 <tu_edpt_validate>:
100060d4:	7943      	ldrb	r3, [r0, #5]
100060d6:	7902      	ldrb	r2, [r0, #4]
100060d8:	021b      	lsls	r3, r3, #8
100060da:	4313      	orrs	r3, r2
100060dc:	78c2      	ldrb	r2, [r0, #3]
100060de:	055b      	lsls	r3, r3, #21
100060e0:	0792      	lsls	r2, r2, #30
100060e2:	0d5b      	lsrs	r3, r3, #21
100060e4:	0f92      	lsrs	r2, r2, #30
100060e6:	2a02      	cmp	r2, #2
100060e8:	d01a      	beq.n	10006120 <tu_edpt_validate+0x4c>
100060ea:	2a03      	cmp	r2, #3
100060ec:	d00b      	beq.n	10006106 <tu_edpt_validate+0x32>
100060ee:	2000      	movs	r0, #0
100060f0:	2a01      	cmp	r2, #1
100060f2:	d107      	bne.n	10006104 <tu_edpt_validate+0x30>
100060f4:	3902      	subs	r1, #2
100060f6:	424a      	negs	r2, r1
100060f8:	4151      	adcs	r1, r2
100060fa:	4a10      	ldr	r2, [pc, #64]	@ (1000613c <tu_edpt_validate+0x68>)
100060fc:	1889      	adds	r1, r1, r2
100060fe:	4299      	cmp	r1, r3
10006100:	4140      	adcs	r0, r0
10006102:	b2c0      	uxtb	r0, r0
10006104:	4770      	bx	lr
10006106:	3902      	subs	r1, #2
10006108:	1e4a      	subs	r2, r1, #1
1000610a:	4191      	sbcs	r1, r2
1000610c:	4a0c      	ldr	r2, [pc, #48]	@ (10006140 <tu_edpt_validate+0x6c>)
1000610e:	4249      	negs	r1, r1
10006110:	4011      	ands	r1, r2
10006112:	2280      	movs	r2, #128	@ 0x80
10006114:	2000      	movs	r0, #0
10006116:	00d2      	lsls	r2, r2, #3
10006118:	1889      	adds	r1, r1, r2
1000611a:	4299      	cmp	r1, r3
1000611c:	4140      	adcs	r0, r0
1000611e:	e7f1      	b.n	10006104 <tu_edpt_validate+0x30>
10006120:	2902      	cmp	r1, #2
10006122:	d004      	beq.n	1000612e <tu_edpt_validate+0x5a>
10006124:	2000      	movs	r0, #0
10006126:	2240      	movs	r2, #64	@ 0x40
10006128:	429a      	cmp	r2, r3
1000612a:	4140      	adcs	r0, r0
1000612c:	e7ea      	b.n	10006104 <tu_edpt_validate+0x30>
1000612e:	4a05      	ldr	r2, [pc, #20]	@ (10006144 <tu_edpt_validate+0x70>)
10006130:	1898      	adds	r0, r3, r2
10006132:	4243      	negs	r3, r0
10006134:	4158      	adcs	r0, r3
10006136:	b2c0      	uxtb	r0, r0
10006138:	e7e4      	b.n	10006104 <tu_edpt_validate+0x30>
1000613a:	46c0      	nop			@ (mov r8, r8)
1000613c:	000003ff 	.word	0x000003ff
10006140:	fffffc40 	.word	0xfffffc40
10006144:	fffffe00 	.word	0xfffffe00

10006148 <tu_edpt_bind_driver>:
10006148:	4684      	mov	ip, r0
1000614a:	1888      	adds	r0, r1, r2
1000614c:	b530      	push	{r4, r5, lr}
1000614e:	001c      	movs	r4, r3
10006150:	4281      	cmp	r1, r0
10006152:	d206      	bcs.n	10006162 <tu_edpt_bind_driver+0x1a>
10006154:	784a      	ldrb	r2, [r1, #1]
10006156:	2a05      	cmp	r2, #5
10006158:	d004      	beq.n	10006164 <tu_edpt_bind_driver+0x1c>
1000615a:	780a      	ldrb	r2, [r1, #0]
1000615c:	1889      	adds	r1, r1, r2
1000615e:	4288      	cmp	r0, r1
10006160:	d8f8      	bhi.n	10006154 <tu_edpt_bind_driver+0xc>
10006162:	bd30      	pop	{r4, r5, pc}
10006164:	227f      	movs	r2, #127	@ 0x7f
10006166:	788b      	ldrb	r3, [r1, #2]
10006168:	401a      	ands	r2, r3
1000616a:	0052      	lsls	r2, r2, #1
1000616c:	4462      	add	r2, ip
1000616e:	09db      	lsrs	r3, r3, #7
10006170:	54d4      	strb	r4, [r2, r3]
10006172:	780a      	ldrb	r2, [r1, #0]
10006174:	1889      	adds	r1, r1, r2
10006176:	4288      	cmp	r0, r1
10006178:	d8ec      	bhi.n	10006154 <tu_edpt_bind_driver+0xc>
1000617a:	e7f2      	b.n	10006162 <tu_edpt_bind_driver+0x1a>

1000617c <tu_fifo_config>:
1000617c:	b5f0      	push	{r4, r5, r6, r7, lr}
1000617e:	46c6      	mov	lr, r8
10006180:	b500      	push	{lr}
10006182:	4698      	mov	r8, r3
10006184:	466b      	mov	r3, sp
10006186:	7e1e      	ldrb	r6, [r3, #24]
10006188:	2380      	movs	r3, #128	@ 0x80
1000618a:	0004      	movs	r4, r0
1000618c:	000f      	movs	r7, r1
1000618e:	0015      	movs	r5, r2
10006190:	021b      	lsls	r3, r3, #8
10006192:	429a      	cmp	r2, r3
10006194:	d826      	bhi.n	100061e4 <tu_fifo_config+0x68>
10006196:	68c0      	ldr	r0, [r0, #12]
10006198:	2800      	cmp	r0, #0
1000619a:	d003      	beq.n	100061a4 <tu_fifo_config+0x28>
1000619c:	2101      	movs	r1, #1
1000619e:	4249      	negs	r1, r1
100061a0:	f000 fae6 	bl	10006770 <__mutex_enter_timeout_ms_veneer>
100061a4:	6920      	ldr	r0, [r4, #16]
100061a6:	2800      	cmp	r0, #0
100061a8:	d003      	beq.n	100061b2 <tu_fifo_config+0x36>
100061aa:	2101      	movs	r1, #1
100061ac:	4249      	negs	r1, r1
100061ae:	f000 fadf 	bl	10006770 <__mutex_enter_timeout_ms_veneer>
100061b2:	4642      	mov	r2, r8
100061b4:	0452      	lsls	r2, r2, #17
100061b6:	03f3      	lsls	r3, r6, #15
100061b8:	0c52      	lsrs	r2, r2, #17
100061ba:	4313      	orrs	r3, r2
100061bc:	80e3      	strh	r3, [r4, #6]
100061be:	2300      	movs	r3, #0
100061c0:	68e0      	ldr	r0, [r4, #12]
100061c2:	8163      	strh	r3, [r4, #10]
100061c4:	6027      	str	r7, [r4, #0]
100061c6:	80a5      	strh	r5, [r4, #4]
100061c8:	8123      	strh	r3, [r4, #8]
100061ca:	2800      	cmp	r0, #0
100061cc:	d001      	beq.n	100061d2 <tu_fifo_config+0x56>
100061ce:	f000 fa9f 	bl	10006710 <__mutex_exit_veneer>
100061d2:	6920      	ldr	r0, [r4, #16]
100061d4:	2800      	cmp	r0, #0
100061d6:	d001      	beq.n	100061dc <tu_fifo_config+0x60>
100061d8:	f000 fa9a 	bl	10006710 <__mutex_exit_veneer>
100061dc:	2001      	movs	r0, #1
100061de:	bc80      	pop	{r7}
100061e0:	46b8      	mov	r8, r7
100061e2:	bdf0      	pop	{r4, r5, r6, r7, pc}
100061e4:	2000      	movs	r0, #0
100061e6:	e7fa      	b.n	100061de <tu_fifo_config+0x62>

100061e8 <tu_fifo_count>:
100061e8:	8903      	ldrh	r3, [r0, #8]
100061ea:	8941      	ldrh	r1, [r0, #10]
100061ec:	469c      	mov	ip, r3
100061ee:	8882      	ldrh	r2, [r0, #4]
100061f0:	b29b      	uxth	r3, r3
100061f2:	b288      	uxth	r0, r1
100061f4:	458c      	cmp	ip, r1
100061f6:	d307      	bcc.n	10006208 <tu_fifo_count+0x20>
100061f8:	1a1b      	subs	r3, r3, r0
100061fa:	b29b      	uxth	r3, r3
100061fc:	1c10      	adds	r0, r2, #0
100061fe:	429a      	cmp	r2, r3
10006200:	d900      	bls.n	10006204 <tu_fifo_count+0x1c>
10006202:	1c18      	adds	r0, r3, #0
10006204:	b280      	uxth	r0, r0
10006206:	4770      	bx	lr
10006208:	0051      	lsls	r1, r2, #1
1000620a:	1a09      	subs	r1, r1, r0
1000620c:	185b      	adds	r3, r3, r1
1000620e:	b29b      	uxth	r3, r3
10006210:	e7f4      	b.n	100061fc <tu_fifo_count+0x14>
10006212:	46c0      	nop			@ (mov r8, r8)

10006214 <tu_fifo_empty>:
10006214:	8903      	ldrh	r3, [r0, #8]
10006216:	8940      	ldrh	r0, [r0, #10]
10006218:	1a18      	subs	r0, r3, r0
1000621a:	4243      	negs	r3, r0
1000621c:	4158      	adcs	r0, r3
1000621e:	b2c0      	uxtb	r0, r0
10006220:	4770      	bx	lr
10006222:	46c0      	nop			@ (mov r8, r8)

10006224 <tu_fifo_remaining>:
10006224:	8903      	ldrh	r3, [r0, #8]
10006226:	8941      	ldrh	r1, [r0, #10]
10006228:	469c      	mov	ip, r3
1000622a:	8882      	ldrh	r2, [r0, #4]
1000622c:	b29b      	uxth	r3, r3
1000622e:	b288      	uxth	r0, r1
10006230:	458c      	cmp	ip, r1
10006232:	d307      	bcc.n	10006244 <tu_fifo_remaining+0x20>
10006234:	1a1b      	subs	r3, r3, r0
10006236:	b29b      	uxth	r3, r3
10006238:	2000      	movs	r0, #0
1000623a:	429a      	cmp	r2, r3
1000623c:	d901      	bls.n	10006242 <tu_fifo_remaining+0x1e>
1000623e:	1ad2      	subs	r2, r2, r3
10006240:	b290      	uxth	r0, r2
10006242:	4770      	bx	lr
10006244:	0051      	lsls	r1, r2, #1
10006246:	1a09      	subs	r1, r1, r0
10006248:	185b      	adds	r3, r3, r1
1000624a:	b29b      	uxth	r3, r3
1000624c:	e7f4      	b.n	10006238 <tu_fifo_remaining+0x14>
1000624e:	46c0      	nop			@ (mov r8, r8)

10006250 <tu_fifo_read>:
10006250:	b570      	push	{r4, r5, r6, lr}
10006252:	0004      	movs	r4, r0
10006254:	6900      	ldr	r0, [r0, #16]
10006256:	000d      	movs	r5, r1
10006258:	2800      	cmp	r0, #0
1000625a:	d003      	beq.n	10006264 <tu_fifo_read+0x14>
1000625c:	2101      	movs	r1, #1
1000625e:	4249      	negs	r1, r1
10006260:	f000 fa86 	bl	10006770 <__mutex_enter_timeout_ms_veneer>
10006264:	8923      	ldrh	r3, [r4, #8]
10006266:	8962      	ldrh	r2, [r4, #10]
10006268:	469c      	mov	ip, r3
1000626a:	b298      	uxth	r0, r3
1000626c:	b291      	uxth	r1, r2
1000626e:	88a3      	ldrh	r3, [r4, #4]
10006270:	4594      	cmp	ip, r2
10006272:	d332      	bcc.n	100062da <tu_fifo_read+0x8a>
10006274:	1a42      	subs	r2, r0, r1
10006276:	b292      	uxth	r2, r2
10006278:	2a00      	cmp	r2, #0
1000627a:	d027      	beq.n	100062cc <tu_fifo_read+0x7c>
1000627c:	4293      	cmp	r3, r2
1000627e:	d208      	bcs.n	10006292 <tu_fifo_read+0x42>
10006280:	4298      	cmp	r0, r3
10006282:	d32f      	bcc.n	100062e4 <tu_fifo_read+0x94>
10006284:	1ac0      	subs	r0, r0, r3
10006286:	b281      	uxth	r1, r0
10006288:	8161      	strh	r1, [r4, #10]
1000628a:	428b      	cmp	r3, r1
1000628c:	d803      	bhi.n	10006296 <tu_fifo_read+0x46>
1000628e:	1ac9      	subs	r1, r1, r3
10006290:	b289      	uxth	r1, r1
10006292:	428b      	cmp	r3, r1
10006294:	d9fb      	bls.n	1000628e <tu_fifo_read+0x3e>
10006296:	88e2      	ldrh	r2, [r4, #6]
10006298:	6823      	ldr	r3, [r4, #0]
1000629a:	0452      	lsls	r2, r2, #17
1000629c:	0c52      	lsrs	r2, r2, #17
1000629e:	4351      	muls	r1, r2
100062a0:	0028      	movs	r0, r5
100062a2:	1859      	adds	r1, r3, r1
100062a4:	f7fc fa4a 	bl	1000273c <__wrap___aeabi_memcpy>
100062a8:	8961      	ldrh	r1, [r4, #10]
100062aa:	2501      	movs	r5, #1
100062ac:	1c4a      	adds	r2, r1, #1
100062ae:	b292      	uxth	r2, r2
100062b0:	88a3      	ldrh	r3, [r4, #4]
100062b2:	4291      	cmp	r1, r2
100062b4:	d90d      	bls.n	100062d2 <tu_fifo_read+0x82>
100062b6:	2200      	movs	r2, #0
100062b8:	005b      	lsls	r3, r3, #1
100062ba:	1ad2      	subs	r2, r2, r3
100062bc:	6920      	ldr	r0, [r4, #16]
100062be:	8162      	strh	r2, [r4, #10]
100062c0:	2800      	cmp	r0, #0
100062c2:	d001      	beq.n	100062c8 <tu_fifo_read+0x78>
100062c4:	f000 fa24 	bl	10006710 <__mutex_exit_veneer>
100062c8:	0028      	movs	r0, r5
100062ca:	bd70      	pop	{r4, r5, r6, pc}
100062cc:	2500      	movs	r5, #0
100062ce:	8962      	ldrh	r2, [r4, #10]
100062d0:	b292      	uxth	r2, r2
100062d2:	005b      	lsls	r3, r3, #1
100062d4:	429a      	cmp	r2, r3
100062d6:	dbf1      	blt.n	100062bc <tu_fifo_read+0x6c>
100062d8:	e7ef      	b.n	100062ba <tu_fifo_read+0x6a>
100062da:	005a      	lsls	r2, r3, #1
100062dc:	1a52      	subs	r2, r2, r1
100062de:	1882      	adds	r2, r0, r2
100062e0:	b292      	uxth	r2, r2
100062e2:	e7c9      	b.n	10006278 <tu_fifo_read+0x28>
100062e4:	18c0      	adds	r0, r0, r3
100062e6:	b281      	uxth	r1, r0
100062e8:	8161      	strh	r1, [r4, #10]
100062ea:	e7ce      	b.n	1000628a <tu_fifo_read+0x3a>

100062ec <tu_fifo_read_n>:
100062ec:	b5f0      	push	{r4, r5, r6, r7, lr}
100062ee:	4646      	mov	r6, r8
100062f0:	46d6      	mov	lr, sl
100062f2:	464f      	mov	r7, r9
100062f4:	b5c0      	push	{r6, r7, lr}
100062f6:	0006      	movs	r6, r0
100062f8:	6900      	ldr	r0, [r0, #16]
100062fa:	468a      	mov	sl, r1
100062fc:	4690      	mov	r8, r2
100062fe:	b082      	sub	sp, #8
10006300:	2800      	cmp	r0, #0
10006302:	d003      	beq.n	1000630c <tu_fifo_read_n+0x20>
10006304:	2101      	movs	r1, #1
10006306:	4249      	negs	r1, r1
10006308:	f000 fa32 	bl	10006770 <__mutex_enter_timeout_ms_veneer>
1000630c:	8931      	ldrh	r1, [r6, #8]
1000630e:	8972      	ldrh	r2, [r6, #10]
10006310:	88b5      	ldrh	r5, [r6, #4]
10006312:	b28b      	uxth	r3, r1
10006314:	b294      	uxth	r4, r2
10006316:	4291      	cmp	r1, r2
10006318:	d355      	bcc.n	100063c6 <tu_fifo_read_n+0xda>
1000631a:	1b1f      	subs	r7, r3, r4
1000631c:	b2bf      	uxth	r7, r7
1000631e:	2f00      	cmp	r7, #0
10006320:	d04b      	beq.n	100063ba <tu_fifo_read_n+0xce>
10006322:	42bd      	cmp	r5, r7
10006324:	d205      	bcs.n	10006332 <tu_fifo_read_n+0x46>
10006326:	42ab      	cmp	r3, r5
10006328:	d252      	bcs.n	100063d0 <tu_fifo_read_n+0xe4>
1000632a:	195b      	adds	r3, r3, r5
1000632c:	b29c      	uxth	r4, r3
1000632e:	002f      	movs	r7, r5
10006330:	8174      	strh	r4, [r6, #10]
10006332:	4643      	mov	r3, r8
10006334:	45b8      	cmp	r8, r7
10006336:	d83e      	bhi.n	100063b6 <tu_fifo_read_n+0xca>
10006338:	b29f      	uxth	r7, r3
1000633a:	42a5      	cmp	r5, r4
1000633c:	d803      	bhi.n	10006346 <tu_fifo_read_n+0x5a>
1000633e:	1b64      	subs	r4, r4, r5
10006340:	b2a4      	uxth	r4, r4
10006342:	42a5      	cmp	r5, r4
10006344:	d9fb      	bls.n	1000633e <tu_fifo_read_n+0x52>
10006346:	88f2      	ldrh	r2, [r6, #6]
10006348:	6831      	ldr	r1, [r6, #0]
1000634a:	0452      	lsls	r2, r2, #17
1000634c:	0c50      	lsrs	r0, r2, #17
1000634e:	0002      	movs	r2, r0
10006350:	4362      	muls	r2, r4
10006352:	1b2b      	subs	r3, r5, r4
10006354:	b29b      	uxth	r3, r3
10006356:	1889      	adds	r1, r1, r2
10006358:	9001      	str	r0, [sp, #4]
1000635a:	0002      	movs	r2, r0
1000635c:	429f      	cmp	r7, r3
1000635e:	d925      	bls.n	100063ac <tu_fifo_read_n+0xc0>
10006360:	4343      	muls	r3, r0
10006362:	b29b      	uxth	r3, r3
10006364:	001a      	movs	r2, r3
10006366:	4650      	mov	r0, sl
10006368:	4699      	mov	r9, r3
1000636a:	f7fc f9e7 	bl	1000273c <__wrap___aeabi_memcpy>
1000636e:	4650      	mov	r0, sl
10006370:	9a01      	ldr	r2, [sp, #4]
10006372:	1b7d      	subs	r5, r7, r5
10006374:	1964      	adds	r4, r4, r5
10006376:	4354      	muls	r4, r2
10006378:	6831      	ldr	r1, [r6, #0]
1000637a:	4448      	add	r0, r9
1000637c:	b2a2      	uxth	r2, r4
1000637e:	f7fc f9dd 	bl	1000273c <__wrap___aeabi_memcpy>
10006382:	8971      	ldrh	r1, [r6, #10]
10006384:	88b5      	ldrh	r5, [r6, #4]
10006386:	19cb      	adds	r3, r1, r7
10006388:	b29b      	uxth	r3, r3
1000638a:	006a      	lsls	r2, r5, #1
1000638c:	4299      	cmp	r1, r3
1000638e:	d916      	bls.n	100063be <tu_fifo_read_n+0xd2>
10006390:	1a9b      	subs	r3, r3, r2
10006392:	6930      	ldr	r0, [r6, #16]
10006394:	8173      	strh	r3, [r6, #10]
10006396:	2800      	cmp	r0, #0
10006398:	d001      	beq.n	1000639e <tu_fifo_read_n+0xb2>
1000639a:	f000 f9b9 	bl	10006710 <__mutex_exit_veneer>
1000639e:	0038      	movs	r0, r7
100063a0:	b002      	add	sp, #8
100063a2:	bce0      	pop	{r5, r6, r7}
100063a4:	46ba      	mov	sl, r7
100063a6:	46b1      	mov	r9, r6
100063a8:	46a8      	mov	r8, r5
100063aa:	bdf0      	pop	{r4, r5, r6, r7, pc}
100063ac:	4650      	mov	r0, sl
100063ae:	437a      	muls	r2, r7
100063b0:	f7fc f9c4 	bl	1000273c <__wrap___aeabi_memcpy>
100063b4:	e7e5      	b.n	10006382 <tu_fifo_read_n+0x96>
100063b6:	1c3b      	adds	r3, r7, #0
100063b8:	e7be      	b.n	10006338 <tu_fifo_read_n+0x4c>
100063ba:	8973      	ldrh	r3, [r6, #10]
100063bc:	b29b      	uxth	r3, r3
100063be:	006a      	lsls	r2, r5, #1
100063c0:	4293      	cmp	r3, r2
100063c2:	dbe6      	blt.n	10006392 <tu_fifo_read_n+0xa6>
100063c4:	e7e4      	b.n	10006390 <tu_fifo_read_n+0xa4>
100063c6:	006f      	lsls	r7, r5, #1
100063c8:	1b3f      	subs	r7, r7, r4
100063ca:	19df      	adds	r7, r3, r7
100063cc:	b2bf      	uxth	r7, r7
100063ce:	e7a6      	b.n	1000631e <tu_fifo_read_n+0x32>
100063d0:	1b5b      	subs	r3, r3, r5
100063d2:	b29c      	uxth	r4, r3
100063d4:	e7ab      	b.n	1000632e <tu_fifo_read_n+0x42>
100063d6:	46c0      	nop			@ (mov r8, r8)

100063d8 <tu_fifo_write>:
100063d8:	b5f8      	push	{r3, r4, r5, r6, r7, lr}
100063da:	0004      	movs	r4, r0
100063dc:	68c0      	ldr	r0, [r0, #12]
100063de:	000f      	movs	r7, r1
100063e0:	2800      	cmp	r0, #0
100063e2:	d003      	beq.n	100063ec <tu_fifo_write+0x14>
100063e4:	2101      	movs	r1, #1
100063e6:	4249      	negs	r1, r1
100063e8:	f000 f9c2 	bl	10006770 <__mutex_enter_timeout_ms_veneer>
100063ec:	8925      	ldrh	r5, [r4, #8]
100063ee:	8920      	ldrh	r0, [r4, #8]
100063f0:	8961      	ldrh	r1, [r4, #10]
100063f2:	88a2      	ldrh	r2, [r4, #4]
100063f4:	b2ad      	uxth	r5, r5
100063f6:	b283      	uxth	r3, r0
100063f8:	b28e      	uxth	r6, r1
100063fa:	4288      	cmp	r0, r1
100063fc:	d328      	bcc.n	10006450 <tu_fifo_write+0x78>
100063fe:	1b9b      	subs	r3, r3, r6
10006400:	b29b      	uxth	r3, r3
10006402:	429a      	cmp	r2, r3
10006404:	d809      	bhi.n	1000641a <tu_fifo_write+0x42>
10006406:	79e6      	ldrb	r6, [r4, #7]
10006408:	09f6      	lsrs	r6, r6, #7
1000640a:	d106      	bne.n	1000641a <tu_fifo_write+0x42>
1000640c:	68e0      	ldr	r0, [r4, #12]
1000640e:	2800      	cmp	r0, #0
10006410:	d001      	beq.n	10006416 <tu_fifo_write+0x3e>
10006412:	f000 f97d 	bl	10006710 <__mutex_exit_veneer>
10006416:	0030      	movs	r0, r6
10006418:	bdf8      	pop	{r3, r4, r5, r6, r7, pc}
1000641a:	002b      	movs	r3, r5
1000641c:	4295      	cmp	r5, r2
1000641e:	d31c      	bcc.n	1000645a <tu_fifo_write+0x82>
10006420:	1a9b      	subs	r3, r3, r2
10006422:	b29b      	uxth	r3, r3
10006424:	4293      	cmp	r3, r2
10006426:	d2fb      	bcs.n	10006420 <tu_fifo_write+0x48>
10006428:	88e2      	ldrh	r2, [r4, #6]
1000642a:	6820      	ldr	r0, [r4, #0]
1000642c:	0452      	lsls	r2, r2, #17
1000642e:	0c52      	lsrs	r2, r2, #17
10006430:	4353      	muls	r3, r2
10006432:	0039      	movs	r1, r7
10006434:	18c0      	adds	r0, r0, r3
10006436:	f7fc f981 	bl	1000273c <__wrap___aeabi_memcpy>
1000643a:	1c6b      	adds	r3, r5, #1
1000643c:	b29b      	uxth	r3, r3
1000643e:	88a2      	ldrh	r2, [r4, #4]
10006440:	429d      	cmp	r5, r3
10006442:	d916      	bls.n	10006472 <tu_fifo_write+0x9a>
10006444:	2300      	movs	r3, #0
10006446:	0052      	lsls	r2, r2, #1
10006448:	1a9b      	subs	r3, r3, r2
1000644a:	2601      	movs	r6, #1
1000644c:	8123      	strh	r3, [r4, #8]
1000644e:	e7dd      	b.n	1000640c <tu_fifo_write+0x34>
10006450:	0051      	lsls	r1, r2, #1
10006452:	1b89      	subs	r1, r1, r6
10006454:	185b      	adds	r3, r3, r1
10006456:	b29b      	uxth	r3, r3
10006458:	e7d3      	b.n	10006402 <tu_fifo_write+0x2a>
1000645a:	88e2      	ldrh	r2, [r4, #6]
1000645c:	6820      	ldr	r0, [r4, #0]
1000645e:	0452      	lsls	r2, r2, #17
10006460:	0c52      	lsrs	r2, r2, #17
10006462:	4353      	muls	r3, r2
10006464:	0039      	movs	r1, r7
10006466:	18c0      	adds	r0, r0, r3
10006468:	f7fc f968 	bl	1000273c <__wrap___aeabi_memcpy>
1000646c:	3501      	adds	r5, #1
1000646e:	88a2      	ldrh	r2, [r4, #4]
10006470:	b2ab      	uxth	r3, r5
10006472:	0052      	lsls	r2, r2, #1
10006474:	4293      	cmp	r3, r2
10006476:	dbe8      	blt.n	1000644a <tu_fifo_write+0x72>
10006478:	e7e6      	b.n	10006448 <tu_fifo_write+0x70>
1000647a:	46c0      	nop			@ (mov r8, r8)

1000647c <tu_fifo_write_n>:
1000647c:	b5f0      	push	{r4, r5, r6, r7, lr}
1000647e:	464e      	mov	r6, r9
10006480:	4645      	mov	r5, r8
10006482:	46de      	mov	lr, fp
10006484:	4657      	mov	r7, sl
10006486:	b5e0      	push	{r5, r6, r7, lr}
10006488:	4689      	mov	r9, r1
1000648a:	0005      	movs	r5, r0
1000648c:	0016      	movs	r6, r2
1000648e:	b083      	sub	sp, #12
10006490:	2a00      	cmp	r2, #0
10006492:	d06b      	beq.n	1000656c <tu_fifo_write_n+0xf0>
10006494:	68c0      	ldr	r0, [r0, #12]
10006496:	2800      	cmp	r0, #0
10006498:	d003      	beq.n	100064a2 <tu_fifo_write_n+0x26>
1000649a:	2101      	movs	r1, #1
1000649c:	4249      	negs	r1, r1
1000649e:	f000 f967 	bl	10006770 <__mutex_enter_timeout_ms_veneer>
100064a2:	892f      	ldrh	r7, [r5, #8]
100064a4:	79ea      	ldrb	r2, [r5, #7]
100064a6:	b2bb      	uxth	r3, r7
100064a8:	4698      	mov	r8, r3
100064aa:	896b      	ldrh	r3, [r5, #10]
100064ac:	88af      	ldrh	r7, [r5, #4]
100064ae:	b29b      	uxth	r3, r3
100064b0:	09d2      	lsrs	r2, r2, #7
100064b2:	d13d      	bne.n	10006530 <tu_fifo_write_n+0xb4>
100064b4:	4598      	cmp	r8, r3
100064b6:	d262      	bcs.n	1000657e <tu_fifo_write_n+0x102>
100064b8:	007a      	lsls	r2, r7, #1
100064ba:	1ad3      	subs	r3, r2, r3
100064bc:	4443      	add	r3, r8
100064be:	b29b      	uxth	r3, r3
100064c0:	42bb      	cmp	r3, r7
100064c2:	d261      	bcs.n	10006588 <tu_fifo_write_n+0x10c>
100064c4:	1afb      	subs	r3, r7, r3
100064c6:	1c1a      	adds	r2, r3, #0
100064c8:	b29b      	uxth	r3, r3
100064ca:	42b3      	cmp	r3, r6
100064cc:	d900      	bls.n	100064d0 <tu_fifo_write_n+0x54>
100064ce:	1c32      	adds	r2, r6, #0
100064d0:	b296      	uxth	r6, r2
100064d2:	1bf3      	subs	r3, r6, r7
100064d4:	9301      	str	r3, [sp, #4]
100064d6:	4643      	mov	r3, r8
100064d8:	18f3      	adds	r3, r6, r3
100064da:	b29b      	uxth	r3, r3
100064dc:	469b      	mov	fp, r3
100064de:	88ea      	ldrh	r2, [r5, #6]
100064e0:	4644      	mov	r4, r8
100064e2:	45b8      	cmp	r8, r7
100064e4:	d303      	bcc.n	100064ee <tu_fifo_write_n+0x72>
100064e6:	1be4      	subs	r4, r4, r7
100064e8:	b2a4      	uxth	r4, r4
100064ea:	42bc      	cmp	r4, r7
100064ec:	d2fb      	bcs.n	100064e6 <tu_fifo_write_n+0x6a>
100064ee:	0452      	lsls	r2, r2, #17
100064f0:	1b3b      	subs	r3, r7, r4
100064f2:	0c57      	lsrs	r7, r2, #17
100064f4:	003a      	movs	r2, r7
100064f6:	4362      	muls	r2, r4
100064f8:	6828      	ldr	r0, [r5, #0]
100064fa:	b29b      	uxth	r3, r3
100064fc:	1880      	adds	r0, r0, r2
100064fe:	42b3      	cmp	r3, r6
10006500:	d356      	bcc.n	100065b0 <tu_fifo_write_n+0x134>
10006502:	003a      	movs	r2, r7
10006504:	4649      	mov	r1, r9
10006506:	4372      	muls	r2, r6
10006508:	f7fc f918 	bl	1000273c <__wrap___aeabi_memcpy>
1000650c:	88ab      	ldrh	r3, [r5, #4]
1000650e:	005b      	lsls	r3, r3, #1
10006510:	45d8      	cmp	r8, fp
10006512:	d801      	bhi.n	10006518 <tu_fifo_write_n+0x9c>
10006514:	459b      	cmp	fp, r3
10006516:	db02      	blt.n	1000651e <tu_fifo_write_n+0xa2>
10006518:	465a      	mov	r2, fp
1000651a:	1ad3      	subs	r3, r2, r3
1000651c:	469b      	mov	fp, r3
1000651e:	465b      	mov	r3, fp
10006520:	0037      	movs	r7, r6
10006522:	812b      	strh	r3, [r5, #8]
10006524:	68e8      	ldr	r0, [r5, #12]
10006526:	2800      	cmp	r0, #0
10006528:	d021      	beq.n	1000656e <tu_fifo_write_n+0xf2>
1000652a:	f000 f8f1 	bl	10006710 <__mutex_exit_veneer>
1000652e:	e01e      	b.n	1000656e <tu_fifo_write_n+0xf2>
10006530:	42be      	cmp	r6, r7
10006532:	d22b      	bcs.n	1000658c <tu_fifo_write_n+0x110>
10006534:	4598      	cmp	r8, r3
10006536:	d34c      	bcc.n	100065d2 <tu_fifo_write_n+0x156>
10006538:	4642      	mov	r2, r8
1000653a:	1ad2      	subs	r2, r2, r3
1000653c:	b292      	uxth	r2, r2
1000653e:	0079      	lsls	r1, r7, #1
10006540:	1bf0      	subs	r0, r6, r7
10006542:	1992      	adds	r2, r2, r6
10006544:	9001      	str	r0, [sp, #4]
10006546:	428a      	cmp	r2, r1
10006548:	dbc5      	blt.n	100064d6 <tu_fifo_write_n+0x5a>
1000654a:	19da      	adds	r2, r3, r7
1000654c:	b292      	uxth	r2, r2
1000654e:	4693      	mov	fp, r2
10006550:	1b92      	subs	r2, r2, r6
10006552:	b292      	uxth	r2, r2
10006554:	4690      	mov	r8, r2
10006556:	4293      	cmp	r3, r2
10006558:	d940      	bls.n	100065dc <tu_fifo_write_n+0x160>
1000655a:	4643      	mov	r3, r8
1000655c:	1a59      	subs	r1, r3, r1
1000655e:	b28b      	uxth	r3, r1
10006560:	4698      	mov	r8, r3
10006562:	18f3      	adds	r3, r6, r3
10006564:	b29b      	uxth	r3, r3
10006566:	469b      	mov	fp, r3
10006568:	88ea      	ldrh	r2, [r5, #6]
1000656a:	e7b9      	b.n	100064e0 <tu_fifo_write_n+0x64>
1000656c:	2700      	movs	r7, #0
1000656e:	0038      	movs	r0, r7
10006570:	b003      	add	sp, #12
10006572:	bcf0      	pop	{r4, r5, r6, r7}
10006574:	46bb      	mov	fp, r7
10006576:	46b2      	mov	sl, r6
10006578:	46a9      	mov	r9, r5
1000657a:	46a0      	mov	r8, r4
1000657c:	bdf0      	pop	{r4, r5, r6, r7, pc}
1000657e:	4642      	mov	r2, r8
10006580:	1ad3      	subs	r3, r2, r3
10006582:	b29b      	uxth	r3, r3
10006584:	42bb      	cmp	r3, r7
10006586:	d39d      	bcc.n	100064c4 <tu_fifo_write_n+0x48>
10006588:	2700      	movs	r7, #0
1000658a:	e7cb      	b.n	10006524 <tu_fifo_write_n+0xa8>
1000658c:	2f00      	cmp	r7, #0
1000658e:	d0c9      	beq.n	10006524 <tu_fifo_write_n+0xa8>
10006590:	46cc      	mov	ip, r9
10006592:	88ea      	ldrh	r2, [r5, #6]
10006594:	1bf6      	subs	r6, r6, r7
10006596:	0451      	lsls	r1, r2, #17
10006598:	0c49      	lsrs	r1, r1, #17
1000659a:	4371      	muls	r1, r6
1000659c:	4698      	mov	r8, r3
1000659e:	448c      	add	ip, r1
100065a0:	19d9      	adds	r1, r3, r7
100065a2:	2300      	movs	r3, #0
100065a4:	b289      	uxth	r1, r1
100065a6:	46e1      	mov	r9, ip
100065a8:	468b      	mov	fp, r1
100065aa:	003e      	movs	r6, r7
100065ac:	9301      	str	r3, [sp, #4]
100065ae:	e797      	b.n	100064e0 <tu_fifo_write_n+0x64>
100065b0:	437b      	muls	r3, r7
100065b2:	b29b      	uxth	r3, r3
100065b4:	001a      	movs	r2, r3
100065b6:	4649      	mov	r1, r9
100065b8:	469a      	mov	sl, r3
100065ba:	f7fc f8bf 	bl	1000273c <__wrap___aeabi_memcpy>
100065be:	4649      	mov	r1, r9
100065c0:	9b01      	ldr	r3, [sp, #4]
100065c2:	6828      	ldr	r0, [r5, #0]
100065c4:	18e2      	adds	r2, r4, r3
100065c6:	437a      	muls	r2, r7
100065c8:	4451      	add	r1, sl
100065ca:	b292      	uxth	r2, r2
100065cc:	f7fc f8b6 	bl	1000273c <__wrap___aeabi_memcpy>
100065d0:	e79c      	b.n	1000650c <tu_fifo_write_n+0x90>
100065d2:	0079      	lsls	r1, r7, #1
100065d4:	1aca      	subs	r2, r1, r3
100065d6:	4442      	add	r2, r8
100065d8:	b292      	uxth	r2, r2
100065da:	e7b1      	b.n	10006540 <tu_fifo_write_n+0xc4>
100065dc:	4291      	cmp	r1, r2
100065de:	ddbc      	ble.n	1000655a <tu_fifo_write_n+0xde>
100065e0:	e7c2      	b.n	10006568 <tu_fifo_write_n+0xec>
100065e2:	46c0      	nop			@ (mov r8, r8)

100065e4 <tu_fifo_clear>:
100065e4:	b510      	push	{r4, lr}
100065e6:	0004      	movs	r4, r0
100065e8:	68c0      	ldr	r0, [r0, #12]
100065ea:	2800      	cmp	r0, #0
100065ec:	d003      	beq.n	100065f6 <tu_fifo_clear+0x12>
100065ee:	2101      	movs	r1, #1
100065f0:	4249      	negs	r1, r1
100065f2:	f000 f8bd 	bl	10006770 <__mutex_enter_timeout_ms_veneer>
100065f6:	6920      	ldr	r0, [r4, #16]
100065f8:	2800      	cmp	r0, #0
100065fa:	d003      	beq.n	10006604 <tu_fifo_clear+0x20>
100065fc:	2101      	movs	r1, #1
100065fe:	4249      	negs	r1, r1
10006600:	f000 f8b6 	bl	10006770 <__mutex_enter_timeout_ms_veneer>
10006604:	2300      	movs	r3, #0
10006606:	68e0      	ldr	r0, [r4, #12]
10006608:	8163      	strh	r3, [r4, #10]
1000660a:	8123      	strh	r3, [r4, #8]
1000660c:	2800      	cmp	r0, #0
1000660e:	d001      	beq.n	10006614 <tu_fifo_clear+0x30>
10006610:	f000 f87e 	bl	10006710 <__mutex_exit_veneer>
10006614:	6920      	ldr	r0, [r4, #16]
10006616:	2800      	cmp	r0, #0
10006618:	d001      	beq.n	1000661e <tu_fifo_clear+0x3a>
1000661a:	f000 f879 	bl	10006710 <__mutex_exit_veneer>
1000661e:	2001      	movs	r0, #1
10006620:	bd10      	pop	{r4, pc}
10006622:	46c0      	nop			@ (mov r8, r8)

10006624 <tu_fifo_set_overwritable>:
10006624:	b570      	push	{r4, r5, r6, lr}
10006626:	0004      	movs	r4, r0
10006628:	68c0      	ldr	r0, [r0, #12]
1000662a:	000d      	movs	r5, r1
1000662c:	2800      	cmp	r0, #0
1000662e:	d003      	beq.n	10006638 <tu_fifo_set_overwritable+0x14>
10006630:	2101      	movs	r1, #1
10006632:	4249      	negs	r1, r1
10006634:	f000 f89c 	bl	10006770 <__mutex_enter_timeout_ms_veneer>
10006638:	6920      	ldr	r0, [r4, #16]
1000663a:	2800      	cmp	r0, #0
1000663c:	d003      	beq.n	10006646 <tu_fifo_set_overwritable+0x22>
1000663e:	2101      	movs	r1, #1
10006640:	4249      	negs	r1, r1
10006642:	f000 f895 	bl	10006770 <__mutex_enter_timeout_ms_veneer>
10006646:	217f      	movs	r1, #127	@ 0x7f
10006648:	79e2      	ldrb	r2, [r4, #7]
1000664a:	01eb      	lsls	r3, r5, #7
1000664c:	4011      	ands	r1, r2
1000664e:	68e0      	ldr	r0, [r4, #12]
10006650:	4319      	orrs	r1, r3
10006652:	71e1      	strb	r1, [r4, #7]
10006654:	2800      	cmp	r0, #0
10006656:	d001      	beq.n	1000665c <tu_fifo_set_overwritable+0x38>
10006658:	f000 f85a 	bl	10006710 <__mutex_exit_veneer>
1000665c:	6920      	ldr	r0, [r4, #16]
1000665e:	2800      	cmp	r0, #0
10006660:	d001      	beq.n	10006666 <tu_fifo_set_overwritable+0x42>
10006662:	f000 f855 	bl	10006710 <__mutex_exit_veneer>
10006666:	2001      	movs	r0, #1
10006668:	bd70      	pop	{r4, r5, r6, pc}
1000666a:	46c0      	nop			@ (mov r8, r8)

1000666c <strlen>:
1000666c:	0003      	movs	r3, r0
1000666e:	4684      	mov	ip, r0
10006670:	079b      	lsls	r3, r3, #30
10006672:	d00b      	beq.n	1000668c <strlen+0x20>
10006674:	0003      	movs	r3, r0
10006676:	2103      	movs	r1, #3
10006678:	e002      	b.n	10006680 <strlen+0x14>
1000667a:	3301      	adds	r3, #1
1000667c:	420b      	tst	r3, r1
1000667e:	d006      	beq.n	1000668e <strlen+0x22>
10006680:	781a      	ldrb	r2, [r3, #0]
10006682:	2a00      	cmp	r2, #0
10006684:	d1f9      	bne.n	1000667a <strlen+0xe>
10006686:	4662      	mov	r2, ip
10006688:	1a98      	subs	r0, r3, r2
1000668a:	4770      	bx	lr
1000668c:	0003      	movs	r3, r0
1000668e:	6819      	ldr	r1, [r3, #0]
10006690:	4a0c      	ldr	r2, [pc, #48]	@ (100066c4 <strlen+0x58>)
10006692:	480d      	ldr	r0, [pc, #52]	@ (100066c8 <strlen+0x5c>)
10006694:	188a      	adds	r2, r1, r2
10006696:	438a      	bics	r2, r1
10006698:	4202      	tst	r2, r0
1000669a:	d10f      	bne.n	100066bc <strlen+0x50>
1000669c:	6859      	ldr	r1, [r3, #4]
1000669e:	4a09      	ldr	r2, [pc, #36]	@ (100066c4 <strlen+0x58>)
100066a0:	3304      	adds	r3, #4
100066a2:	188a      	adds	r2, r1, r2
100066a4:	438a      	bics	r2, r1
100066a6:	4202      	tst	r2, r0
100066a8:	d108      	bne.n	100066bc <strlen+0x50>
100066aa:	6859      	ldr	r1, [r3, #4]
100066ac:	4a05      	ldr	r2, [pc, #20]	@ (100066c4 <strlen+0x58>)
100066ae:	3304      	adds	r3, #4
100066b0:	188a      	adds	r2, r1, r2
100066b2:	438a      	bics	r2, r1
100066b4:	4202      	tst	r2, r0
100066b6:	d0f1      	beq.n	1000669c <strlen+0x30>
100066b8:	e000      	b.n	100066bc <strlen+0x50>
100066ba:	3301      	adds	r3, #1
100066bc:	781a      	ldrb	r2, [r3, #0]
100066be:	2a00      	cmp	r2, #0
100066c0:	d1fb      	bne.n	100066ba <strlen+0x4e>
100066c2:	e7e0      	b.n	10006686 <strlen+0x1a>
100066c4:	fefefeff 	.word	0xfefefeff
100066c8:	80808080 	.word	0x80808080
100066cc:	00000000 	.word	0x00000000

100066d0 <___hw_endpoint_buffer_control_update32_veneer>:
100066d0:	b401      	push	{r0}
100066d2:	4802      	ldr	r0, [pc, #8]	@ (100066dc <___hw_endpoint_buffer_control_update32_veneer+0xc>)
100066d4:	4684      	mov	ip, r0
100066d6:	bc01      	pop	{r0}
100066d8:	4760      	bx	ip
100066da:	bf00      	nop
100066dc:	20000bed 	.word	0x20000bed

100066e0 <__hw_endpoint_start_next_buffer_veneer>:
100066e0:	b401      	push	{r0}
100066e2:	4802      	ldr	r0, [pc, #8]	@ (100066ec <__hw_endpoint_start_next_buffer_veneer+0xc>)
100066e4:	4684      	mov	ip, r0
100066e6:	bc01      	pop	{r0}
100066e8:	4760      	bx	ip
100066ea:	bf00      	nop
100066ec:	20000c3d 	.word	0x20000c3d

100066f0 <__mutex_try_enter_block_until_veneer>:
100066f0:	b401      	push	{r0}
100066f2:	4802      	ldr	r0, [pc, #8]	@ (100066fc <__mutex_try_enter_block_until_veneer+0xc>)
100066f4:	4684      	mov	ip, r0
100066f6:	bc01      	pop	{r0}
100066f8:	4760      	bx	ip
100066fa:	bf00      	nop
100066fc:	20000165 	.word	0x20000165

10006700 <____aeabi_idiv0_veneer>:
10006700:	b401      	push	{r0}
10006702:	4802      	ldr	r0, [pc, #8]	@ (1000670c <____aeabi_idiv0_veneer+0xc>)
10006704:	4684      	mov	ip, r0
10006706:	bc01      	pop	{r0}
10006708:	4760      	bx	ip
1000670a:	bf00      	nop
1000670c:	20000eb9 	.word	0x20000eb9

10006710 <__mutex_exit_veneer>:
10006710:	b401      	push	{r0}
10006712:	4802      	ldr	r0, [pc, #8]	@ (1000671c <__mutex_exit_veneer+0xc>)
10006714:	4684      	mov	ip, r0
10006716:	bc01      	pop	{r0}
10006718:	4760      	bx	ip
1000671a:	bf00      	nop
1000671c:	200001d5 	.word	0x200001d5

10006720 <__reset_non_control_endpoints_veneer>:
10006720:	b401      	push	{r0}
10006722:	4802      	ldr	r0, [pc, #8]	@ (1000672c <__reset_non_control_endpoints_veneer+0xc>)
10006724:	4684      	mov	ip, r0
10006726:	bc01      	pop	{r0}
10006728:	4760      	bx	ip
1000672a:	bf00      	nop
1000672c:	200003d1 	.word	0x200003d1

10006730 <__e15_is_bulkin_ep_veneer>:
10006730:	b401      	push	{r0}
10006732:	4802      	ldr	r0, [pc, #8]	@ (1000673c <__e15_is_bulkin_ep_veneer+0xc>)
10006734:	4684      	mov	ip, r0
10006736:	bc01      	pop	{r0}
10006738:	4760      	bx	ip
1000673a:	bf00      	nop
1000673c:	20000b89 	.word	0x20000b89

10006740 <__e15_is_critical_frame_period_veneer>:
10006740:	b401      	push	{r0}
10006742:	4802      	ldr	r0, [pc, #8]	@ (1000674c <__e15_is_critical_frame_period_veneer+0xc>)
10006744:	4684      	mov	ip, r0
10006746:	bc01      	pop	{r0}
10006748:	4760      	bx	ip
1000674a:	bf00      	nop
1000674c:	20000bb1 	.word	0x20000bb1

10006750 <__mutex_try_enter_veneer>:
10006750:	b401      	push	{r0}
10006752:	4802      	ldr	r0, [pc, #8]	@ (1000675c <__mutex_try_enter_veneer+0xc>)
10006754:	4684      	mov	ip, r0
10006756:	bc01      	pop	{r0}
10006758:	4760      	bx	ip
1000675a:	bf00      	nop
1000675c:	200000c1 	.word	0x200000c1

10006760 <__flash_do_cmd_cs_veneer>:
10006760:	b401      	push	{r0}
10006762:	4802      	ldr	r0, [pc, #8]	@ (1000676c <__flash_do_cmd_cs_veneer+0xc>)
10006764:	4684      	mov	ip, r0
10006766:	bc01      	pop	{r0}
10006768:	4760      	bx	ip
1000676a:	bf00      	nop
1000676c:	20000289 	.word	0x20000289

10006770 <__mutex_enter_timeout_ms_veneer>:
10006770:	b401      	push	{r0}
10006772:	4802      	ldr	r0, [pc, #8]	@ (1000677c <__mutex_enter_timeout_ms_veneer+0xc>)
10006774:	4684      	mov	ip, r0
10006776:	bc01      	pop	{r0}
10006778:	4760      	bx	ip
1000677a:	bf00      	nop
1000677c:	20000199 	.word	0x20000199

10006780 <____aeabi_ldiv0_veneer>:
10006780:	b401      	push	{r0}
10006782:	4802      	ldr	r0, [pc, #8]	@ (1000678c <____aeabi_ldiv0_veneer+0xc>)
10006784:	4684      	mov	ip, r0
10006786:	bc01      	pop	{r0}
10006788:	4760      	bx	ip
1000678a:	bf00      	nop
1000678c:	20000eb9 	.word	0x20000eb9

10006790 <__pre_init_runtime_init_early_resets>:
10006790:	100017a1                                ....

10006794 <__pre_init_runtime_init_usb_power_down>:
10006794:	100017cd 100019b1 10002721 10002055     ........!'..U ..
100067a4:	1000268d                                .&..

100067a8 <__pre_init_runtime_init_clocks>:
100067a8:	100018d9                                ....

100067ac <__pre_init_runtime_init_post_clock_resets>:
100067ac:	100017e9                                ....

100067b0 <__pre_init_runtime_init_rp2040_gpio_ie_disable>:
100067b0:	10001809                                ....

100067b4 <__pre_init_runtime_init_spin_locks_reset>:
100067b4:	1000181d                                ....

100067b8 <__pre_init_runtime_init_mutex>:
100067b8:	10000b15                                ....

100067bc <__pre_init_runtime_init_install_ram_vector_table>:
100067bc:	10001825                                %...

100067c0 <__pre_init_runtime_init_default_alarm_pool>:
100067c0:	10000ed5                                ....

100067c4 <__pre_init_first_per_core_initializer>:
100067c4:	10001769                                i...

100067c8 <__pre_init_runtime_init_per_core_irq_priorities>:
100067c8:	10000751                                Q...

100067cc <__init_array_start>:
100067cc:	100047f1 	.word	0x100047f1

Disassembly of section .data:

200000c0 <mutex_try_enter>:
200000c0:	0003      	movs	r3, r0
200000c2:	6800      	ldr	r0, [r0, #0]
200000c4:	f3ef 8c10 	mrs	ip, PRIMASK
200000c8:	b672      	cpsid	i
200000ca:	6802      	ldr	r2, [r0, #0]
200000cc:	2a00      	cmp	r2, #0
200000ce:	d0fc      	beq.n	200000ca <mutex_try_enter+0xa>
200000d0:	f3bf 8f5f 	dmb	sy
200000d4:	2204      	movs	r2, #4
200000d6:	569a      	ldrsb	r2, [r3, r2]
200000d8:	2a00      	cmp	r2, #0
200000da:	db0b      	blt.n	200000f4 <mutex_try_enter+0x34>
200000dc:	2900      	cmp	r1, #0
200000de:	d000      	beq.n	200000e2 <mutex_try_enter+0x22>
200000e0:	600a      	str	r2, [r1, #0]
200000e2:	2000      	movs	r0, #0
200000e4:	681b      	ldr	r3, [r3, #0]
200000e6:	f3bf 8f5f 	dmb	sy
200000ea:	2200      	movs	r2, #0
200000ec:	601a      	str	r2, [r3, #0]
200000ee:	f38c 8810 	msr	PRIMASK, ip
200000f2:	4770      	bx	lr
200000f4:	22d0      	movs	r2, #208	@ 0xd0
200000f6:	0612      	lsls	r2, r2, #24
200000f8:	6812      	ldr	r2, [r2, #0]
200000fa:	2001      	movs	r0, #1
200000fc:	711a      	strb	r2, [r3, #4]
200000fe:	e7f1      	b.n	200000e4 <mutex_try_enter+0x24>

20000100 <mutex_enter_block_until>:
20000100:	b5f0      	push	{r4, r5, r6, r7, lr}
20000102:	001f      	movs	r7, r3
20000104:	23d0      	movs	r3, #208	@ 0xd0
20000106:	46c6      	mov	lr, r8
20000108:	061b      	lsls	r3, r3, #24
2000010a:	681b      	ldr	r3, [r3, #0]
2000010c:	0004      	movs	r4, r0
2000010e:	0016      	movs	r6, r2
20000110:	4698      	mov	r8, r3
20000112:	2500      	movs	r5, #0
20000114:	b500      	push	{lr}
20000116:	e00a      	b.n	2000012e <mutex_enter_block_until+0x2e>
20000118:	f3bf 8f5f 	dmb	sy
2000011c:	6015      	str	r5, [r2, #0]
2000011e:	f381 8810 	msr	PRIMASK, r1
20000122:	0030      	movs	r0, r6
20000124:	0039      	movs	r1, r7
20000126:	f000 fecb 	bl	20000ec0 <__best_effort_wfe_or_timeout_veneer>
2000012a:	2800      	cmp	r0, #0
2000012c:	d118      	bne.n	20000160 <mutex_enter_block_until+0x60>
2000012e:	6822      	ldr	r2, [r4, #0]
20000130:	f3ef 8110 	mrs	r1, PRIMASK
20000134:	b672      	cpsid	i
20000136:	6813      	ldr	r3, [r2, #0]
20000138:	2b00      	cmp	r3, #0
2000013a:	d0fc      	beq.n	20000136 <mutex_enter_block_until+0x36>
2000013c:	f3bf 8f5f 	dmb	sy
20000140:	7923      	ldrb	r3, [r4, #4]
20000142:	6822      	ldr	r2, [r4, #0]
20000144:	2b7f      	cmp	r3, #127	@ 0x7f
20000146:	d9e7      	bls.n	20000118 <mutex_enter_block_until+0x18>
20000148:	4643      	mov	r3, r8
2000014a:	7123      	strb	r3, [r4, #4]
2000014c:	f3bf 8f5f 	dmb	sy
20000150:	2300      	movs	r3, #0
20000152:	6013      	str	r3, [r2, #0]
20000154:	f381 8810 	msr	PRIMASK, r1
20000158:	2001      	movs	r0, #1
2000015a:	bc80      	pop	{r7}
2000015c:	46b8      	mov	r8, r7
2000015e:	bdf0      	pop	{r4, r5, r6, r7, pc}
20000160:	2000      	movs	r0, #0
20000162:	e7fa      	b.n	2000015a <mutex_enter_block_until+0x5a>

20000164 <mutex_try_enter_block_until>:
20000164:	b570      	push	{r4, r5, r6, lr}
20000166:	b082      	sub	sp, #8
20000168:	a901      	add	r1, sp, #4
2000016a:	0006      	movs	r6, r0
2000016c:	0014      	movs	r4, r2
2000016e:	001d      	movs	r5, r3
20000170:	f7ff ffa6 	bl	200000c0 <mutex_try_enter>
20000174:	2800      	cmp	r0, #0
20000176:	d107      	bne.n	20000188 <mutex_try_enter_block_until+0x24>
20000178:	22d0      	movs	r2, #208	@ 0xd0
2000017a:	0612      	lsls	r2, r2, #24
2000017c:	9b01      	ldr	r3, [sp, #4]
2000017e:	7812      	ldrb	r2, [r2, #0]
20000180:	b25b      	sxtb	r3, r3
20000182:	b252      	sxtb	r2, r2
20000184:	4293      	cmp	r3, r2
20000186:	d101      	bne.n	2000018c <mutex_try_enter_block_until+0x28>
20000188:	b002      	add	sp, #8
2000018a:	bd70      	pop	{r4, r5, r6, pc}
2000018c:	0022      	movs	r2, r4
2000018e:	002b      	movs	r3, r5
20000190:	0030      	movs	r0, r6
20000192:	f7ff ffb5 	bl	20000100 <mutex_enter_block_until>
20000196:	e7f7      	b.n	20000188 <mutex_try_enter_block_until+0x24>

20000198 <mutex_enter_timeout_ms>:
20000198:	b5f8      	push	{r3, r4, r5, r6, r7, lr}
2000019a:	000e      	movs	r6, r1
2000019c:	0007      	movs	r7, r0
2000019e:	f000 feb7 	bl	20000f10 <__time_us_64_veneer>
200001a2:	22fa      	movs	r2, #250	@ 0xfa
200001a4:	0004      	movs	r4, r0
200001a6:	000d      	movs	r5, r1
200001a8:	2300      	movs	r3, #0
200001aa:	0092      	lsls	r2, r2, #2
200001ac:	0030      	movs	r0, r6
200001ae:	2100      	movs	r1, #0
200001b0:	f000 fe9e 	bl	20000ef0 <____wrap___aeabi_lmul_veneer>
200001b4:	0022      	movs	r2, r4
200001b6:	002b      	movs	r3, r5
200001b8:	1812      	adds	r2, r2, r0
200001ba:	414b      	adcs	r3, r1
200001bc:	2b00      	cmp	r3, #0
200001be:	da02      	bge.n	200001c6 <mutex_enter_timeout_ms+0x2e>
200001c0:	2201      	movs	r2, #1
200001c2:	4b03      	ldr	r3, [pc, #12]	@ (200001d0 <mutex_enter_timeout_ms+0x38>)
200001c4:	4252      	negs	r2, r2
200001c6:	0038      	movs	r0, r7
200001c8:	f7ff ff9a 	bl	20000100 <mutex_enter_block_until>
200001cc:	bdf8      	pop	{r3, r4, r5, r6, r7, pc}
200001ce:	46c0      	nop			@ (mov r8, r8)
200001d0:	7fffffff 	.word	0x7fffffff

200001d4 <mutex_exit>:
200001d4:	6802      	ldr	r2, [r0, #0]
200001d6:	f3ef 8110 	mrs	r1, PRIMASK
200001da:	b672      	cpsid	i
200001dc:	6813      	ldr	r3, [r2, #0]
200001de:	2b00      	cmp	r3, #0
200001e0:	d0fc      	beq.n	200001dc <mutex_exit+0x8>
200001e2:	f3bf 8f5f 	dmb	sy
200001e6:	23ff      	movs	r3, #255	@ 0xff
200001e8:	7103      	strb	r3, [r0, #4]
200001ea:	6803      	ldr	r3, [r0, #0]
200001ec:	f3bf 8f5f 	dmb	sy
200001f0:	2200      	movs	r2, #0
200001f2:	601a      	str	r2, [r3, #0]
200001f4:	f381 8810 	msr	PRIMASK, r1
200001f8:	bf40      	sev
200001fa:	4770      	bx	lr

200001fc <flash_init_boot2_copyout>:
200001fc:	4b08      	ldr	r3, [pc, #32]	@ (20000220 <flash_init_boot2_copyout+0x24>)
200001fe:	469c      	mov	ip, r3
20000200:	781b      	ldrb	r3, [r3, #0]
20000202:	2b00      	cmp	r3, #0
20000204:	d10b      	bne.n	2000021e <flash_init_boot2_copyout+0x22>
20000206:	2380      	movs	r3, #128	@ 0x80
20000208:	4806      	ldr	r0, [pc, #24]	@ (20000224 <flash_init_boot2_copyout+0x28>)
2000020a:	4907      	ldr	r1, [pc, #28]	@ (20000228 <flash_init_boot2_copyout+0x2c>)
2000020c:	055b      	lsls	r3, r3, #21
2000020e:	681a      	ldr	r2, [r3, #0]
20000210:	50c2      	str	r2, [r0, r3]
20000212:	3304      	adds	r3, #4
20000214:	428b      	cmp	r3, r1
20000216:	d1fa      	bne.n	2000020e <flash_init_boot2_copyout+0x12>
20000218:	2301      	movs	r3, #1
2000021a:	4662      	mov	r2, ip
2000021c:	7013      	strb	r3, [r2, #0]
2000021e:	4770      	bx	lr
20000220:	20001c64 	.word	0x20001c64
20000224:	10001684 	.word	0x10001684
20000228:	10000100 	.word	0x10000100

2000022c <flash_enable_xip_via_boot2>:
2000022c:	b510      	push	{r4, lr}
2000022e:	4b01      	ldr	r3, [pc, #4]	@ (20000234 <flash_enable_xip_via_boot2+0x8>)
20000230:	4798      	blx	r3
20000232:	bd10      	pop	{r4, pc}
20000234:	20001685 	.word	0x20001685

20000238 <flash_save_hardware_state>:
20000238:	4b08      	ldr	r3, [pc, #32]	@ (2000025c <flash_save_hardware_state+0x24>)
2000023a:	685a      	ldr	r2, [r3, #4]
2000023c:	6042      	str	r2, [r0, #4]
2000023e:	689a      	ldr	r2, [r3, #8]
20000240:	6082      	str	r2, [r0, #8]
20000242:	68da      	ldr	r2, [r3, #12]
20000244:	60c2      	str	r2, [r0, #12]
20000246:	691a      	ldr	r2, [r3, #16]
20000248:	6102      	str	r2, [r0, #16]
2000024a:	695a      	ldr	r2, [r3, #20]
2000024c:	6142      	str	r2, [r0, #20]
2000024e:	699b      	ldr	r3, [r3, #24]
20000250:	6183      	str	r3, [r0, #24]
20000252:	23a0      	movs	r3, #160	@ 0xa0
20000254:	055b      	lsls	r3, r3, #21
20000256:	681b      	ldr	r3, [r3, #0]
20000258:	6003      	str	r3, [r0, #0]
2000025a:	4770      	bx	lr
2000025c:	40020000 	.word	0x40020000

20000260 <flash_restore_hardware_state>:
20000260:	6842      	ldr	r2, [r0, #4]
20000262:	4b08      	ldr	r3, [pc, #32]	@ (20000284 <flash_restore_hardware_state+0x24>)
20000264:	605a      	str	r2, [r3, #4]
20000266:	6882      	ldr	r2, [r0, #8]
20000268:	609a      	str	r2, [r3, #8]
2000026a:	68c2      	ldr	r2, [r0, #12]
2000026c:	60da      	str	r2, [r3, #12]
2000026e:	6902      	ldr	r2, [r0, #16]
20000270:	611a      	str	r2, [r3, #16]
20000272:	6942      	ldr	r2, [r0, #20]
20000274:	615a      	str	r2, [r3, #20]
20000276:	6982      	ldr	r2, [r0, #24]
20000278:	619a      	str	r2, [r3, #24]
2000027a:	23a0      	movs	r3, #160	@ 0xa0
2000027c:	6802      	ldr	r2, [r0, #0]
2000027e:	055b      	lsls	r3, r3, #21
20000280:	601a      	str	r2, [r3, #0]
20000282:	4770      	bx	lr
20000284:	40020000 	.word	0x40020000

20000288 <flash_do_cmd_cs>:
20000288:	b5f0      	push	{r4, r5, r6, r7, lr}
2000028a:	46d6      	mov	lr, sl
2000028c:	464f      	mov	r7, r9
2000028e:	4646      	mov	r6, r8
20000290:	2300      	movs	r3, #0
20000292:	b5c0      	push	{r6, r7, lr}
20000294:	2718      	movs	r7, #24
20000296:	b088      	sub	sp, #32
20000298:	001e      	movs	r6, r3
2000029a:	4681      	mov	r9, r0
2000029c:	000d      	movs	r5, r1
2000029e:	8a98      	ldrh	r0, [r3, #20]
200002a0:	4946      	ldr	r1, [pc, #280]	@ (200003bc <flash_do_cmd_cs+0x134>)
200002a2:	883b      	ldrh	r3, [r7, #0]
200002a4:	0014      	movs	r4, r2
200002a6:	4798      	blx	r3
200002a8:	883b      	ldrh	r3, [r7, #0]
200002aa:	4680      	mov	r8, r0
200002ac:	4944      	ldr	r1, [pc, #272]	@ (200003c0 <flash_do_cmd_cs+0x138>)
200002ae:	8ab0      	ldrh	r0, [r6, #20]
200002b0:	4798      	blx	r3
200002b2:	2300      	movs	r3, #0
200002b4:	4943      	ldr	r1, [pc, #268]	@ (200003c4 <flash_do_cmd_cs+0x13c>)
200002b6:	0006      	movs	r6, r0
200002b8:	8a98      	ldrh	r0, [r3, #20]
200002ba:	883b      	ldrh	r3, [r7, #0]
200002bc:	4798      	blx	r3
200002be:	4682      	mov	sl, r0
200002c0:	f7ff ff9c 	bl	200001fc <flash_init_boot2_copyout>
200002c4:	a801      	add	r0, sp, #4
200002c6:	f7ff ffb7 	bl	20000238 <flash_save_hardware_state>
200002ca:	47c0      	blx	r8
200002cc:	47b0      	blx	r6
200002ce:	4b3e      	ldr	r3, [pc, #248]	@ (200003c8 <flash_do_cmd_cs+0x140>)
200002d0:	0021      	movs	r1, r4
200002d2:	681a      	ldr	r2, [r3, #0]
200002d4:	2380      	movs	r3, #128	@ 0x80
200002d6:	009b      	lsls	r3, r3, #2
200002d8:	4053      	eors	r3, r2
200002da:	22c0      	movs	r2, #192	@ 0xc0
200002dc:	0092      	lsls	r2, r2, #2
200002de:	4013      	ands	r3, r2
200002e0:	4a3a      	ldr	r2, [pc, #232]	@ (200003cc <flash_do_cmd_cs+0x144>)
200002e2:	6013      	str	r3, [r2, #0]
200002e4:	2c00      	cmp	r4, #0
200002e6:	d01c      	beq.n	20000322 <flash_do_cmd_cs+0x9a>
200002e8:	2308      	movs	r3, #8
200002ea:	20c0      	movs	r0, #192	@ 0xc0
200002ec:	469c      	mov	ip, r3
200002ee:	0540      	lsls	r0, r0, #21
200002f0:	3f16      	subs	r7, #22
200002f2:	4662      	mov	r2, ip
200002f4:	6a83      	ldr	r3, [r0, #40]	@ 0x28
200002f6:	401a      	ands	r2, r3
200002f8:	421f      	tst	r7, r3
200002fa:	d039      	beq.n	20000370 <flash_do_cmd_cs+0xe8>
200002fc:	1a63      	subs	r3, r4, r1
200002fe:	2900      	cmp	r1, #0
20000300:	d12b      	bne.n	2000035a <flash_do_cmd_cs+0xd2>
20000302:	2a00      	cmp	r2, #0
20000304:	d10b      	bne.n	2000031e <flash_do_cmd_cs+0x96>
20000306:	2c00      	cmp	r4, #0
20000308:	d00b      	beq.n	20000322 <flash_do_cmd_cs+0x9a>
2000030a:	23c0      	movs	r3, #192	@ 0xc0
2000030c:	2208      	movs	r2, #8
2000030e:	2602      	movs	r6, #2
20000310:	055b      	lsls	r3, r3, #21
20000312:	6a9b      	ldr	r3, [r3, #40]	@ 0x28
20000314:	401a      	ands	r2, r3
20000316:	421e      	tst	r6, r3
20000318:	d042      	beq.n	200003a0 <flash_do_cmd_cs+0x118>
2000031a:	2a00      	cmp	r2, #0
2000031c:	d0f5      	beq.n	2000030a <flash_do_cmd_cs+0x82>
2000031e:	2c00      	cmp	r4, #0
20000320:	d130      	bne.n	20000384 <flash_do_cmd_cs+0xfc>
20000322:	4b29      	ldr	r3, [pc, #164]	@ (200003c8 <flash_do_cmd_cs+0x140>)
20000324:	681a      	ldr	r2, [r3, #0]
20000326:	23c0      	movs	r3, #192	@ 0xc0
20000328:	009b      	lsls	r3, r3, #2
2000032a:	4393      	bics	r3, r2
2000032c:	4a27      	ldr	r2, [pc, #156]	@ (200003cc <flash_do_cmd_cs+0x144>)
2000032e:	6013      	str	r3, [r2, #0]
20000330:	47d0      	blx	sl
20000332:	f7ff ff7b 	bl	2000022c <flash_enable_xip_via_boot2>
20000336:	a801      	add	r0, sp, #4
20000338:	f7ff ff92 	bl	20000260 <flash_restore_hardware_state>
2000033c:	b008      	add	sp, #32
2000033e:	bce0      	pop	{r5, r6, r7}
20000340:	46ba      	mov	sl, r7
20000342:	46b1      	mov	r9, r6
20000344:	46a8      	mov	r8, r5
20000346:	bdf0      	pop	{r4, r5, r6, r7, pc}
20000348:	2c00      	cmp	r4, #0
2000034a:	d12b      	bne.n	200003a4 <flash_do_cmd_cs+0x11c>
2000034c:	22c0      	movs	r2, #192	@ 0xc0
2000034e:	0552      	lsls	r2, r2, #21
20000350:	6a96      	ldr	r6, [r2, #40]	@ 0x28
20000352:	2208      	movs	r2, #8
20000354:	4032      	ands	r2, r6
20000356:	07b6      	lsls	r6, r6, #30
20000358:	d52b      	bpl.n	200003b2 <flash_do_cmd_cs+0x12a>
2000035a:	2b0d      	cmp	r3, #13
2000035c:	d919      	bls.n	20000392 <flash_do_cmd_cs+0x10a>
2000035e:	2a00      	cmp	r2, #0
20000360:	d1f2      	bne.n	20000348 <flash_do_cmd_cs+0xc0>
20000362:	22c0      	movs	r2, #192	@ 0xc0
20000364:	0552      	lsls	r2, r2, #21
20000366:	6a96      	ldr	r6, [r2, #40]	@ 0x28
20000368:	2208      	movs	r2, #8
2000036a:	4032      	ands	r2, r6
2000036c:	07b6      	lsls	r6, r6, #30
2000036e:	d4f4      	bmi.n	2000035a <flash_do_cmd_cs+0xd2>
20000370:	2a00      	cmp	r2, #0
20000372:	d104      	bne.n	2000037e <flash_do_cmd_cs+0xf6>
20000374:	000b      	movs	r3, r1
20000376:	4323      	orrs	r3, r4
20000378:	2b00      	cmp	r3, #0
2000037a:	d1ba      	bne.n	200002f2 <flash_do_cmd_cs+0x6a>
2000037c:	e7d1      	b.n	20000322 <flash_do_cmd_cs+0x9a>
2000037e:	000b      	movs	r3, r1
20000380:	2c00      	cmp	r4, #0
20000382:	d0f9      	beq.n	20000378 <flash_do_cmd_cs+0xf0>
20000384:	6e03      	ldr	r3, [r0, #96]	@ 0x60
20000386:	3c01      	subs	r4, #1
20000388:	702b      	strb	r3, [r5, #0]
2000038a:	0023      	movs	r3, r4
2000038c:	3501      	adds	r5, #1
2000038e:	430b      	orrs	r3, r1
20000390:	e7f2      	b.n	20000378 <flash_do_cmd_cs+0xf0>
20000392:	464b      	mov	r3, r9
20000394:	781b      	ldrb	r3, [r3, #0]
20000396:	3901      	subs	r1, #1
20000398:	6603      	str	r3, [r0, #96]	@ 0x60
2000039a:	2301      	movs	r3, #1
2000039c:	4499      	add	r9, r3
2000039e:	e7e7      	b.n	20000370 <flash_do_cmd_cs+0xe8>
200003a0:	2100      	movs	r1, #0
200003a2:	e7e5      	b.n	20000370 <flash_do_cmd_cs+0xe8>
200003a4:	23c0      	movs	r3, #192	@ 0xc0
200003a6:	055b      	lsls	r3, r3, #21
200003a8:	6e1b      	ldr	r3, [r3, #96]	@ 0x60
200003aa:	3c01      	subs	r4, #1
200003ac:	702b      	strb	r3, [r5, #0]
200003ae:	3501      	adds	r5, #1
200003b0:	e79f      	b.n	200002f2 <flash_do_cmd_cs+0x6a>
200003b2:	000b      	movs	r3, r1
200003b4:	42a2      	cmp	r2, r4
200003b6:	d1df      	bne.n	20000378 <flash_do_cmd_cs+0xf0>
200003b8:	e7dc      	b.n	20000374 <flash_do_cmd_cs+0xec>
200003ba:	46c0      	nop			@ (mov r8, r8)
200003bc:	00004649 	.word	0x00004649
200003c0:	00005845 	.word	0x00005845
200003c4:	00004346 	.word	0x00004346
200003c8:	4001800c 	.word	0x4001800c
200003cc:	4001900c 	.word	0x4001900c

200003d0 <reset_non_control_endpoints>:
200003d0:	2200      	movs	r2, #0
200003d2:	4b15      	ldr	r3, [pc, #84]	@ (20000428 <reset_non_control_endpoints+0x58>)
200003d4:	b510      	push	{r4, lr}
200003d6:	609a      	str	r2, [r3, #8]
200003d8:	60da      	str	r2, [r3, #12]
200003da:	611a      	str	r2, [r3, #16]
200003dc:	615a      	str	r2, [r3, #20]
200003de:	619a      	str	r2, [r3, #24]
200003e0:	61da      	str	r2, [r3, #28]
200003e2:	621a      	str	r2, [r3, #32]
200003e4:	625a      	str	r2, [r3, #36]	@ 0x24
200003e6:	629a      	str	r2, [r3, #40]	@ 0x28
200003e8:	62da      	str	r2, [r3, #44]	@ 0x2c
200003ea:	631a      	str	r2, [r3, #48]	@ 0x30
200003ec:	635a      	str	r2, [r3, #52]	@ 0x34
200003ee:	639a      	str	r2, [r3, #56]	@ 0x38
200003f0:	63da      	str	r2, [r3, #60]	@ 0x3c
200003f2:	641a      	str	r2, [r3, #64]	@ 0x40
200003f4:	645a      	str	r2, [r3, #68]	@ 0x44
200003f6:	649a      	str	r2, [r3, #72]	@ 0x48
200003f8:	64da      	str	r2, [r3, #76]	@ 0x4c
200003fa:	651a      	str	r2, [r3, #80]	@ 0x50
200003fc:	655a      	str	r2, [r3, #84]	@ 0x54
200003fe:	659a      	str	r2, [r3, #88]	@ 0x58
20000400:	65da      	str	r2, [r3, #92]	@ 0x5c
20000402:	661a      	str	r2, [r3, #96]	@ 0x60
20000404:	665a      	str	r2, [r3, #100]	@ 0x64
20000406:	669a      	str	r2, [r3, #104]	@ 0x68
20000408:	66da      	str	r2, [r3, #108]	@ 0x6c
2000040a:	671a      	str	r2, [r3, #112]	@ 0x70
2000040c:	675a      	str	r2, [r3, #116]	@ 0x74
2000040e:	679a      	str	r2, [r3, #120]	@ 0x78
20000410:	67da      	str	r2, [r3, #124]	@ 0x7c
20000412:	32f0      	adds	r2, #240	@ 0xf0
20000414:	0092      	lsls	r2, r2, #2
20000416:	2100      	movs	r1, #0
20000418:	4804      	ldr	r0, [pc, #16]	@ (2000042c <reset_non_control_endpoints+0x5c>)
2000041a:	f000 fd81 	bl	20000f20 <____wrap_memset_veneer>
2000041e:	4b04      	ldr	r3, [pc, #16]	@ (20000430 <reset_non_control_endpoints+0x60>)
20000420:	4a04      	ldr	r2, [pc, #16]	@ (20000434 <reset_non_control_endpoints+0x64>)
20000422:	601a      	str	r2, [r3, #0]
20000424:	bd10      	pop	{r4, pc}
20000426:	46c0      	nop			@ (mov r8, r8)
20000428:	50100000 	.word	0x50100000
2000042c:	20001830 	.word	0x20001830
20000430:	20001c1c 	.word	0x20001c1c
20000434:	50100180 	.word	0x50100180

20000438 <hw_handle_buff_status>:
20000438:	b5f0      	push	{r4, r5, r6, r7, lr}
2000043a:	4647      	mov	r7, r8
2000043c:	46ce      	mov	lr, r9
2000043e:	b580      	push	{r7, lr}
20000440:	4b1c      	ldr	r3, [pc, #112]	@ (200004b4 <hw_handle_buff_status+0x7c>)
20000442:	2400      	movs	r4, #0
20000444:	6d9f      	ldr	r7, [r3, #88]	@ 0x58
20000446:	2601      	movs	r6, #1
20000448:	b085      	sub	sp, #20
2000044a:	2f00      	cmp	r7, #0
2000044c:	d01b      	beq.n	20000486 <hw_handle_buff_status+0x4e>
2000044e:	4b1a      	ldr	r3, [pc, #104]	@ (200004b8 <hw_handle_buff_status+0x80>)
20000450:	4698      	mov	r8, r3
20000452:	4b1a      	ldr	r3, [pc, #104]	@ (200004bc <hw_handle_buff_status+0x84>)
20000454:	4699      	mov	r9, r3
20000456:	e004      	b.n	20000462 <hw_handle_buff_status+0x2a>
20000458:	3401      	adds	r4, #1
2000045a:	b2e4      	uxtb	r4, r4
2000045c:	0076      	lsls	r6, r6, #1
2000045e:	2c20      	cmp	r4, #32
20000460:	d011      	beq.n	20000486 <hw_handle_buff_status+0x4e>
20000462:	423e      	tst	r6, r7
20000464:	d0f8      	beq.n	20000458 <hw_handle_buff_status+0x20>
20000466:	4643      	mov	r3, r8
20000468:	659e      	str	r6, [r3, #88]	@ 0x58
2000046a:	2301      	movs	r3, #1
2000046c:	0865      	lsrs	r5, r4, #1
2000046e:	006d      	lsls	r5, r5, #1
20000470:	43a3      	bics	r3, r4
20000472:	18ed      	adds	r5, r5, r3
20000474:	016d      	lsls	r5, r5, #5
20000476:	444d      	add	r5, r9
20000478:	0028      	movs	r0, r5
2000047a:	f000 fc13 	bl	20000ca4 <hw_endpoint_xfer_continue>
2000047e:	2800      	cmp	r0, #0
20000480:	d106      	bne.n	20000490 <hw_handle_buff_status+0x58>
20000482:	43b7      	bics	r7, r6
20000484:	d1e8      	bne.n	20000458 <hw_handle_buff_status+0x20>
20000486:	b005      	add	sp, #20
20000488:	bcc0      	pop	{r6, r7}
2000048a:	46b9      	mov	r9, r7
2000048c:	46b0      	mov	r8, r6
2000048e:	bdf0      	pop	{r4, r5, r6, r7, pc}
20000490:	8aeb      	ldrh	r3, [r5, #22]
20000492:	21e0      	movs	r1, #224	@ 0xe0
20000494:	9303      	str	r3, [sp, #12]
20000496:	2300      	movs	r3, #0
20000498:	a801      	add	r0, sp, #4
2000049a:	78aa      	ldrb	r2, [r5, #2]
2000049c:	00c9      	lsls	r1, r1, #3
2000049e:	8001      	strh	r1, [r0, #0]
200004a0:	2101      	movs	r1, #1
200004a2:	7102      	strb	r2, [r0, #4]
200004a4:	7143      	strb	r3, [r0, #5]
200004a6:	f000 fc1d 	bl	20000ce4 <dcd_event_handler>
200004aa:	0028      	movs	r0, r5
200004ac:	f000 fb98 	bl	20000be0 <hw_endpoint_reset_transfer>
200004b0:	e7e7      	b.n	20000482 <hw_handle_buff_status+0x4a>
200004b2:	46c0      	nop			@ (mov r8, r8)
200004b4:	50110000 	.word	0x50110000
200004b8:	50113000 	.word	0x50113000
200004bc:	200017f0 	.word	0x200017f0

200004c0 <dcd_rp2040_irq>:
200004c0:	2398      	movs	r3, #152	@ 0x98
200004c2:	4ac6      	ldr	r2, [pc, #792]	@ (200007dc <dcd_rp2040_irq+0x31c>)
200004c4:	b5f0      	push	{r4, r5, r6, r7, lr}
200004c6:	58d5      	ldr	r5, [r2, r3]
200004c8:	2380      	movs	r3, #128	@ 0x80
200004ca:	002e      	movs	r6, r5
200004cc:	029b      	lsls	r3, r3, #10
200004ce:	2410      	movs	r4, #16
200004d0:	b085      	sub	sp, #20
200004d2:	401e      	ands	r6, r3
200004d4:	421d      	tst	r5, r3
200004d6:	d074      	beq.n	200005c2 <dcd_rp2040_irq+0x102>
200004d8:	4bc1      	ldr	r3, [pc, #772]	@ (200007e0 <dcd_rp2040_irq+0x320>)
200004da:	4cc2      	ldr	r4, [pc, #776]	@ (200007e4 <dcd_rp2040_irq+0x324>)
200004dc:	6a9a      	ldr	r2, [r3, #40]	@ 0x28
200004de:	4bc2      	ldr	r3, [pc, #776]	@ (200007e8 <dcd_rp2040_irq+0x328>)
200004e0:	2600      	movs	r6, #0
200004e2:	601a      	str	r2, [r3, #0]
200004e4:	233b      	movs	r3, #59	@ 0x3b
200004e6:	5ce3      	ldrb	r3, [r4, r3]
200004e8:	2b02      	cmp	r3, #2
200004ea:	d100      	bne.n	200004ee <dcd_rp2040_irq+0x2e>
200004ec:	e14b      	b.n	20000786 <dcd_rp2040_irq+0x2c6>
200004ee:	237b      	movs	r3, #123	@ 0x7b
200004f0:	5ce3      	ldrb	r3, [r4, r3]
200004f2:	2b02      	cmp	r3, #2
200004f4:	d100      	bne.n	200004f8 <dcd_rp2040_irq+0x38>
200004f6:	e0ef      	b.n	200006d8 <dcd_rp2040_irq+0x218>
200004f8:	23bb      	movs	r3, #187	@ 0xbb
200004fa:	5ce3      	ldrb	r3, [r4, r3]
200004fc:	2b02      	cmp	r3, #2
200004fe:	d100      	bne.n	20000502 <dcd_rp2040_irq+0x42>
20000500:	e0f6      	b.n	200006f0 <dcd_rp2040_irq+0x230>
20000502:	23fb      	movs	r3, #251	@ 0xfb
20000504:	5ce3      	ldrb	r3, [r4, r3]
20000506:	2b02      	cmp	r3, #2
20000508:	d100      	bne.n	2000050c <dcd_rp2040_irq+0x4c>
2000050a:	e0fd      	b.n	20000708 <dcd_rp2040_irq+0x248>
2000050c:	233c      	movs	r3, #60	@ 0x3c
2000050e:	33ff      	adds	r3, #255	@ 0xff
20000510:	5ce3      	ldrb	r3, [r4, r3]
20000512:	2b02      	cmp	r3, #2
20000514:	d100      	bne.n	20000518 <dcd_rp2040_irq+0x58>
20000516:	e129      	b.n	2000076c <dcd_rp2040_irq+0x2ac>
20000518:	237c      	movs	r3, #124	@ 0x7c
2000051a:	33ff      	adds	r3, #255	@ 0xff
2000051c:	5ce3      	ldrb	r3, [r4, r3]
2000051e:	2b02      	cmp	r3, #2
20000520:	d100      	bne.n	20000524 <dcd_rp2040_irq+0x64>
20000522:	e10a      	b.n	2000073a <dcd_rp2040_irq+0x27a>
20000524:	23bc      	movs	r3, #188	@ 0xbc
20000526:	33ff      	adds	r3, #255	@ 0xff
20000528:	5ce3      	ldrb	r3, [r4, r3]
2000052a:	2b02      	cmp	r3, #2
2000052c:	d100      	bne.n	20000530 <dcd_rp2040_irq+0x70>
2000052e:	e13b      	b.n	200007a8 <dcd_rp2040_irq+0x2e8>
20000530:	23fc      	movs	r3, #252	@ 0xfc
20000532:	33ff      	adds	r3, #255	@ 0xff
20000534:	5ce3      	ldrb	r3, [r4, r3]
20000536:	2b02      	cmp	r3, #2
20000538:	d100      	bne.n	2000053c <dcd_rp2040_irq+0x7c>
2000053a:	e0f1      	b.n	20000720 <dcd_rp2040_irq+0x260>
2000053c:	4bab      	ldr	r3, [pc, #684]	@ (200007ec <dcd_rp2040_irq+0x32c>)
2000053e:	5ce3      	ldrb	r3, [r4, r3]
20000540:	2b02      	cmp	r3, #2
20000542:	d100      	bne.n	20000546 <dcd_rp2040_irq+0x86>
20000544:	e170      	b.n	20000828 <dcd_rp2040_irq+0x368>
20000546:	4baa      	ldr	r3, [pc, #680]	@ (200007f0 <dcd_rp2040_irq+0x330>)
20000548:	5ce3      	ldrb	r3, [r4, r3]
2000054a:	2b02      	cmp	r3, #2
2000054c:	d100      	bne.n	20000550 <dcd_rp2040_irq+0x90>
2000054e:	e101      	b.n	20000754 <dcd_rp2040_irq+0x294>
20000550:	4ba8      	ldr	r3, [pc, #672]	@ (200007f4 <dcd_rp2040_irq+0x334>)
20000552:	5ce3      	ldrb	r3, [r4, r3]
20000554:	2b02      	cmp	r3, #2
20000556:	d100      	bne.n	2000055a <dcd_rp2040_irq+0x9a>
20000558:	e171      	b.n	2000083e <dcd_rp2040_irq+0x37e>
2000055a:	4ba7      	ldr	r3, [pc, #668]	@ (200007f8 <dcd_rp2040_irq+0x338>)
2000055c:	5ce3      	ldrb	r3, [r4, r3]
2000055e:	2b02      	cmp	r3, #2
20000560:	d100      	bne.n	20000564 <dcd_rp2040_irq+0xa4>
20000562:	e12e      	b.n	200007c2 <dcd_rp2040_irq+0x302>
20000564:	4ba5      	ldr	r3, [pc, #660]	@ (200007fc <dcd_rp2040_irq+0x33c>)
20000566:	5ce3      	ldrb	r3, [r4, r3]
20000568:	2b02      	cmp	r3, #2
2000056a:	d100      	bne.n	2000056e <dcd_rp2040_irq+0xae>
2000056c:	e19c      	b.n	200008a8 <dcd_rp2040_irq+0x3e8>
2000056e:	4ba4      	ldr	r3, [pc, #656]	@ (20000800 <dcd_rp2040_irq+0x340>)
20000570:	5ce3      	ldrb	r3, [r4, r3]
20000572:	2b02      	cmp	r3, #2
20000574:	d100      	bne.n	20000578 <dcd_rp2040_irq+0xb8>
20000576:	e16d      	b.n	20000854 <dcd_rp2040_irq+0x394>
20000578:	4ba2      	ldr	r3, [pc, #648]	@ (20000804 <dcd_rp2040_irq+0x344>)
2000057a:	5ce3      	ldrb	r3, [r4, r3]
2000057c:	2b02      	cmp	r3, #2
2000057e:	d100      	bne.n	20000582 <dcd_rp2040_irq+0xc2>
20000580:	e19d      	b.n	200008be <dcd_rp2040_irq+0x3fe>
20000582:	4ba1      	ldr	r3, [pc, #644]	@ (20000808 <dcd_rp2040_irq+0x348>)
20000584:	5ce3      	ldrb	r3, [r4, r3]
20000586:	2b02      	cmp	r3, #2
20000588:	d100      	bne.n	2000058c <dcd_rp2040_irq+0xcc>
2000058a:	e17b      	b.n	20000884 <dcd_rp2040_irq+0x3c4>
2000058c:	2e00      	cmp	r6, #0
2000058e:	d108      	bne.n	200005a2 <dcd_rp2040_irq+0xe2>
20000590:	4b9e      	ldr	r3, [pc, #632]	@ (2000080c <dcd_rp2040_irq+0x34c>)
20000592:	781b      	ldrb	r3, [r3, #0]
20000594:	2b00      	cmp	r3, #0
20000596:	d104      	bne.n	200005a2 <dcd_rp2040_irq+0xe2>
20000598:	2180      	movs	r1, #128	@ 0x80
2000059a:	4a9d      	ldr	r2, [pc, #628]	@ (20000810 <dcd_rp2040_irq+0x350>)
2000059c:	3390      	adds	r3, #144	@ 0x90
2000059e:	0289      	lsls	r1, r1, #10
200005a0:	50d1      	str	r1, [r2, r3]
200005a2:	22c0      	movs	r2, #192	@ 0xc0
200005a4:	4669      	mov	r1, sp
200005a6:	4b8d      	ldr	r3, [pc, #564]	@ (200007dc <dcd_rp2040_irq+0x31c>)
200005a8:	0092      	lsls	r2, r2, #2
200005aa:	6c9b      	ldr	r3, [r3, #72]	@ 0x48
200005ac:	2680      	movs	r6, #128	@ 0x80
200005ae:	055b      	lsls	r3, r3, #21
200005b0:	808a      	strh	r2, [r1, #4]
200005b2:	0d5b      	lsrs	r3, r3, #21
200005b4:	2101      	movs	r1, #1
200005b6:	a801      	add	r0, sp, #4
200005b8:	9302      	str	r3, [sp, #8]
200005ba:	f000 fb93 	bl	20000ce4 <dcd_event_handler>
200005be:	4c95      	ldr	r4, [pc, #596]	@ (20000814 <dcd_rp2040_irq+0x354>)
200005c0:	02b6      	lsls	r6, r6, #10
200005c2:	06eb      	lsls	r3, r5, #27
200005c4:	d500      	bpl.n	200005c8 <dcd_rp2040_irq+0x108>
200005c6:	e07b      	b.n	200006c0 <dcd_rp2040_irq+0x200>
200005c8:	2380      	movs	r3, #128	@ 0x80
200005ca:	025b      	lsls	r3, r3, #9
200005cc:	421d      	tst	r5, r3
200005ce:	d02f      	beq.n	20000630 <dcd_rp2040_irq+0x170>
200005d0:	2402      	movs	r4, #2
200005d2:	4f84      	ldr	r7, [pc, #528]	@ (200007e4 <dcd_rp2040_irq+0x324>)
200005d4:	431e      	orrs	r6, r3
200005d6:	7ebb      	ldrb	r3, [r7, #26]
200005d8:	2b00      	cmp	r3, #0
200005da:	d014      	beq.n	20000606 <dcd_rp2040_irq+0x146>
200005dc:	f000 fc90 	bl	20000f00 <__rp2040_chip_version_veneer>
200005e0:	2801      	cmp	r0, #1
200005e2:	d900      	bls.n	200005e6 <dcd_rp2040_irq+0x126>
200005e4:	e070      	b.n	200006c8 <dcd_rp2040_irq+0x208>
200005e6:	22c0      	movs	r2, #192	@ 0xc0
200005e8:	2100      	movs	r1, #0
200005ea:	0038      	movs	r0, r7
200005ec:	0192      	lsls	r2, r2, #6
200005ee:	f000 fafd 	bl	20000bec <_hw_endpoint_buffer_control_update32>
200005f2:	0038      	movs	r0, r7
200005f4:	f000 faf4 	bl	20000be0 <hw_endpoint_reset_transfer>
200005f8:	f000 fc82 	bl	20000f00 <__rp2040_chip_version_veneer>
200005fc:	2801      	cmp	r0, #1
200005fe:	d902      	bls.n	20000606 <dcd_rp2040_irq+0x146>
20000600:	4b83      	ldr	r3, [pc, #524]	@ (20000810 <dcd_rp2040_irq+0x350>)
20000602:	665c      	str	r4, [r3, #100]	@ 0x64
20000604:	661c      	str	r4, [r3, #96]	@ 0x60
20000606:	2301      	movs	r3, #1
20000608:	70fb      	strb	r3, [r7, #3]
2000060a:	3720      	adds	r7, #32
2000060c:	2c01      	cmp	r4, #1
2000060e:	d120      	bne.n	20000652 <dcd_rp2040_irq+0x192>
20000610:	23c0      	movs	r3, #192	@ 0xc0
20000612:	466a      	mov	r2, sp
20000614:	00db      	lsls	r3, r3, #3
20000616:	8093      	strh	r3, [r2, #4]
20000618:	4a7f      	ldr	r2, [pc, #508]	@ (20000818 <dcd_rp2040_irq+0x358>)
2000061a:	ab02      	add	r3, sp, #8
2000061c:	ca03      	ldmia	r2!, {r0, r1}
2000061e:	c303      	stmia	r3!, {r0, r1}
20000620:	2101      	movs	r1, #1
20000622:	a801      	add	r0, sp, #4
20000624:	f000 fb5e 	bl	20000ce4 <dcd_event_handler>
20000628:	2280      	movs	r2, #128	@ 0x80
2000062a:	4b79      	ldr	r3, [pc, #484]	@ (20000810 <dcd_rp2040_irq+0x350>)
2000062c:	0292      	lsls	r2, r2, #10
2000062e:	651a      	str	r2, [r3, #80]	@ 0x50
20000630:	2380      	movs	r3, #128	@ 0x80
20000632:	015b      	lsls	r3, r3, #5
20000634:	421d      	tst	r5, r3
20000636:	d10e      	bne.n	20000656 <dcd_rp2040_irq+0x196>
20000638:	2380      	movs	r3, #128	@ 0x80
2000063a:	01db      	lsls	r3, r3, #7
2000063c:	421d      	tst	r5, r3
2000063e:	d121      	bne.n	20000684 <dcd_rp2040_irq+0x1c4>
20000640:	2380      	movs	r3, #128	@ 0x80
20000642:	021b      	lsls	r3, r3, #8
20000644:	421d      	tst	r5, r3
20000646:	d12d      	bne.n	200006a4 <dcd_rp2040_irq+0x1e4>
20000648:	42ae      	cmp	r6, r5
2000064a:	d000      	beq.n	2000064e <dcd_rp2040_irq+0x18e>
2000064c:	e1be      	b.n	200009cc <dcd_rp2040_irq+0x50c>
2000064e:	b005      	add	sp, #20
20000650:	bdf0      	pop	{r4, r5, r6, r7, pc}
20000652:	2401      	movs	r4, #1
20000654:	e7bf      	b.n	200005d6 <dcd_rp2040_irq+0x116>
20000656:	2400      	movs	r4, #0
20000658:	431e      	orrs	r6, r3
2000065a:	4b60      	ldr	r3, [pc, #384]	@ (200007dc <dcd_rp2040_irq+0x31c>)
2000065c:	601c      	str	r4, [r3, #0]
2000065e:	f7ff feb7 	bl	200003d0 <reset_non_control_endpoints>
20000662:	2380      	movs	r3, #128	@ 0x80
20000664:	466a      	mov	r2, sp
20000666:	005b      	lsls	r3, r3, #1
20000668:	8093      	strh	r3, [r2, #4]
2000066a:	7214      	strb	r4, [r2, #8]
2000066c:	2101      	movs	r1, #1
2000066e:	a801      	add	r0, sp, #4
20000670:	f000 fb38 	bl	20000ce4 <dcd_event_handler>
20000674:	2280      	movs	r2, #128	@ 0x80
20000676:	4b66      	ldr	r3, [pc, #408]	@ (20000810 <dcd_rp2040_irq+0x350>)
20000678:	0312      	lsls	r2, r2, #12
2000067a:	651a      	str	r2, [r3, #80]	@ 0x50
2000067c:	2380      	movs	r3, #128	@ 0x80
2000067e:	01db      	lsls	r3, r3, #7
20000680:	421d      	tst	r5, r3
20000682:	d0dd      	beq.n	20000640 <dcd_rp2040_irq+0x180>
20000684:	431e      	orrs	r6, r3
20000686:	2380      	movs	r3, #128	@ 0x80
20000688:	466a      	mov	r2, sp
2000068a:	00db      	lsls	r3, r3, #3
2000068c:	8093      	strh	r3, [r2, #4]
2000068e:	2101      	movs	r1, #1
20000690:	a801      	add	r0, sp, #4
20000692:	f000 fb27 	bl	20000ce4 <dcd_event_handler>
20000696:	2210      	movs	r2, #16
20000698:	4b5d      	ldr	r3, [pc, #372]	@ (20000810 <dcd_rp2040_irq+0x350>)
2000069a:	651a      	str	r2, [r3, #80]	@ 0x50
2000069c:	2380      	movs	r3, #128	@ 0x80
2000069e:	021b      	lsls	r3, r3, #8
200006a0:	421d      	tst	r5, r3
200006a2:	d0d1      	beq.n	20000648 <dcd_rp2040_irq+0x188>
200006a4:	431e      	orrs	r6, r3
200006a6:	23a0      	movs	r3, #160	@ 0xa0
200006a8:	466a      	mov	r2, sp
200006aa:	00db      	lsls	r3, r3, #3
200006ac:	8093      	strh	r3, [r2, #4]
200006ae:	2101      	movs	r1, #1
200006b0:	a801      	add	r0, sp, #4
200006b2:	f000 fb17 	bl	20000ce4 <dcd_event_handler>
200006b6:	2280      	movs	r2, #128	@ 0x80
200006b8:	4b55      	ldr	r3, [pc, #340]	@ (20000810 <dcd_rp2040_irq+0x350>)
200006ba:	0112      	lsls	r2, r2, #4
200006bc:	651a      	str	r2, [r3, #80]	@ 0x50
200006be:	e7c3      	b.n	20000648 <dcd_rp2040_irq+0x188>
200006c0:	f7ff feba 	bl	20000438 <hw_handle_buff_status>
200006c4:	0026      	movs	r6, r4
200006c6:	e77f      	b.n	200005c8 <dcd_rp2040_irq+0x108>
200006c8:	4b54      	ldr	r3, [pc, #336]	@ (2000081c <dcd_rp2040_irq+0x35c>)
200006ca:	4a44      	ldr	r2, [pc, #272]	@ (200007dc <dcd_rp2040_irq+0x31c>)
200006cc:	661c      	str	r4, [r3, #96]	@ 0x60
200006ce:	6e53      	ldr	r3, [r2, #100]	@ 0x64
200006d0:	4023      	ands	r3, r4
200006d2:	42a3      	cmp	r3, r4
200006d4:	d1fb      	bne.n	200006ce <dcd_rp2040_irq+0x20e>
200006d6:	e786      	b.n	200005e6 <dcd_rp2040_irq+0x126>
200006d8:	3378      	adds	r3, #120	@ 0x78
200006da:	5ce7      	ldrb	r7, [r4, r3]
200006dc:	2f00      	cmp	r7, #0
200006de:	d100      	bne.n	200006e2 <dcd_rp2040_irq+0x222>
200006e0:	e70a      	b.n	200004f8 <dcd_rp2040_irq+0x38>
200006e2:	3302      	adds	r3, #2
200006e4:	5ce2      	ldrb	r2, [r4, r3]
200006e6:	2a00      	cmp	r2, #0
200006e8:	d000      	beq.n	200006ec <dcd_rp2040_irq+0x22c>
200006ea:	e10d      	b.n	20000908 <dcd_rp2040_irq+0x448>
200006ec:	003e      	movs	r6, r7
200006ee:	e703      	b.n	200004f8 <dcd_rp2040_irq+0x38>
200006f0:	33b8      	adds	r3, #184	@ 0xb8
200006f2:	5ce7      	ldrb	r7, [r4, r3]
200006f4:	2f00      	cmp	r7, #0
200006f6:	d100      	bne.n	200006fa <dcd_rp2040_irq+0x23a>
200006f8:	e703      	b.n	20000502 <dcd_rp2040_irq+0x42>
200006fa:	3302      	adds	r3, #2
200006fc:	5ce2      	ldrb	r2, [r4, r3]
200006fe:	2a00      	cmp	r2, #0
20000700:	d000      	beq.n	20000704 <dcd_rp2040_irq+0x244>
20000702:	e0f9      	b.n	200008f8 <dcd_rp2040_irq+0x438>
20000704:	003e      	movs	r6, r7
20000706:	e6fc      	b.n	20000502 <dcd_rp2040_irq+0x42>
20000708:	33f8      	adds	r3, #248	@ 0xf8
2000070a:	5ce7      	ldrb	r7, [r4, r3]
2000070c:	2f00      	cmp	r7, #0
2000070e:	d100      	bne.n	20000712 <dcd_rp2040_irq+0x252>
20000710:	e6fc      	b.n	2000050c <dcd_rp2040_irq+0x4c>
20000712:	3302      	adds	r3, #2
20000714:	5ce2      	ldrb	r2, [r4, r3]
20000716:	2a00      	cmp	r2, #0
20000718:	d000      	beq.n	2000071c <dcd_rp2040_irq+0x25c>
2000071a:	e141      	b.n	200009a0 <dcd_rp2040_irq+0x4e0>
2000071c:	003e      	movs	r6, r7
2000071e:	e6f5      	b.n	2000050c <dcd_rp2040_irq+0x4c>
20000720:	33f9      	adds	r3, #249	@ 0xf9
20000722:	33ff      	adds	r3, #255	@ 0xff
20000724:	5ce7      	ldrb	r7, [r4, r3]
20000726:	2f00      	cmp	r7, #0
20000728:	d100      	bne.n	2000072c <dcd_rp2040_irq+0x26c>
2000072a:	e707      	b.n	2000053c <dcd_rp2040_irq+0x7c>
2000072c:	3302      	adds	r3, #2
2000072e:	5ce2      	ldrb	r2, [r4, r3]
20000730:	2a00      	cmp	r2, #0
20000732:	d000      	beq.n	20000736 <dcd_rp2040_irq+0x276>
20000734:	e12b      	b.n	2000098e <dcd_rp2040_irq+0x4ce>
20000736:	003e      	movs	r6, r7
20000738:	e700      	b.n	2000053c <dcd_rp2040_irq+0x7c>
2000073a:	3379      	adds	r3, #121	@ 0x79
2000073c:	33ff      	adds	r3, #255	@ 0xff
2000073e:	5ce7      	ldrb	r7, [r4, r3]
20000740:	2f00      	cmp	r7, #0
20000742:	d100      	bne.n	20000746 <dcd_rp2040_irq+0x286>
20000744:	e6ee      	b.n	20000524 <dcd_rp2040_irq+0x64>
20000746:	3302      	adds	r3, #2
20000748:	5ce2      	ldrb	r2, [r4, r3]
2000074a:	2a00      	cmp	r2, #0
2000074c:	d000      	beq.n	20000750 <dcd_rp2040_irq+0x290>
2000074e:	e115      	b.n	2000097c <dcd_rp2040_irq+0x4bc>
20000750:	003e      	movs	r6, r7
20000752:	e6e7      	b.n	20000524 <dcd_rp2040_irq+0x64>
20000754:	4b32      	ldr	r3, [pc, #200]	@ (20000820 <dcd_rp2040_irq+0x360>)
20000756:	5ce7      	ldrb	r7, [r4, r3]
20000758:	2f00      	cmp	r7, #0
2000075a:	d100      	bne.n	2000075e <dcd_rp2040_irq+0x29e>
2000075c:	e6f8      	b.n	20000550 <dcd_rp2040_irq+0x90>
2000075e:	3302      	adds	r3, #2
20000760:	5ce2      	ldrb	r2, [r4, r3]
20000762:	2a00      	cmp	r2, #0
20000764:	d000      	beq.n	20000768 <dcd_rp2040_irq+0x2a8>
20000766:	e101      	b.n	2000096c <dcd_rp2040_irq+0x4ac>
20000768:	003e      	movs	r6, r7
2000076a:	e6f1      	b.n	20000550 <dcd_rp2040_irq+0x90>
2000076c:	3339      	adds	r3, #57	@ 0x39
2000076e:	33ff      	adds	r3, #255	@ 0xff
20000770:	5ce7      	ldrb	r7, [r4, r3]
20000772:	2f00      	cmp	r7, #0
20000774:	d100      	bne.n	20000778 <dcd_rp2040_irq+0x2b8>
20000776:	e6cf      	b.n	20000518 <dcd_rp2040_irq+0x58>
20000778:	3302      	adds	r3, #2
2000077a:	5ce2      	ldrb	r2, [r4, r3]
2000077c:	2a00      	cmp	r2, #0
2000077e:	d000      	beq.n	20000782 <dcd_rp2040_irq+0x2c2>
20000780:	e0eb      	b.n	2000095a <dcd_rp2040_irq+0x49a>
20000782:	003e      	movs	r6, r7
20000784:	e6c8      	b.n	20000518 <dcd_rp2040_irq+0x58>
20000786:	3338      	adds	r3, #56	@ 0x38
20000788:	5ce6      	ldrb	r6, [r4, r3]
2000078a:	2e00      	cmp	r6, #0
2000078c:	d100      	bne.n	20000790 <dcd_rp2040_irq+0x2d0>
2000078e:	e6ae      	b.n	200004ee <dcd_rp2040_irq+0x2e>
20000790:	3302      	adds	r3, #2
20000792:	5ce2      	ldrb	r2, [r4, r3]
20000794:	2a00      	cmp	r2, #0
20000796:	d100      	bne.n	2000079a <dcd_rp2040_irq+0x2da>
20000798:	e6a9      	b.n	200004ee <dcd_rp2040_irq+0x2e>
2000079a:	0020      	movs	r0, r4
2000079c:	2200      	movs	r2, #0
2000079e:	3020      	adds	r0, #32
200007a0:	54e2      	strb	r2, [r4, r3]
200007a2:	f000 fa4b 	bl	20000c3c <hw_endpoint_start_next_buffer>
200007a6:	e6a2      	b.n	200004ee <dcd_rp2040_irq+0x2e>
200007a8:	33b9      	adds	r3, #185	@ 0xb9
200007aa:	33ff      	adds	r3, #255	@ 0xff
200007ac:	5ce7      	ldrb	r7, [r4, r3]
200007ae:	2f00      	cmp	r7, #0
200007b0:	d100      	bne.n	200007b4 <dcd_rp2040_irq+0x2f4>
200007b2:	e6bd      	b.n	20000530 <dcd_rp2040_irq+0x70>
200007b4:	3302      	adds	r3, #2
200007b6:	5ce2      	ldrb	r2, [r4, r3]
200007b8:	2a00      	cmp	r2, #0
200007ba:	d000      	beq.n	200007be <dcd_rp2040_irq+0x2fe>
200007bc:	e0c4      	b.n	20000948 <dcd_rp2040_irq+0x488>
200007be:	003e      	movs	r6, r7
200007c0:	e6b6      	b.n	20000530 <dcd_rp2040_irq+0x70>
200007c2:	4b18      	ldr	r3, [pc, #96]	@ (20000824 <dcd_rp2040_irq+0x364>)
200007c4:	5ce7      	ldrb	r7, [r4, r3]
200007c6:	2f00      	cmp	r7, #0
200007c8:	d100      	bne.n	200007cc <dcd_rp2040_irq+0x30c>
200007ca:	e6cb      	b.n	20000564 <dcd_rp2040_irq+0xa4>
200007cc:	3302      	adds	r3, #2
200007ce:	5ce2      	ldrb	r2, [r4, r3]
200007d0:	2a00      	cmp	r2, #0
200007d2:	d000      	beq.n	200007d6 <dcd_rp2040_irq+0x316>
200007d4:	e0b0      	b.n	20000938 <dcd_rp2040_irq+0x478>
200007d6:	003e      	movs	r6, r7
200007d8:	e6c4      	b.n	20000564 <dcd_rp2040_irq+0xa4>
200007da:	46c0      	nop			@ (mov r8, r8)
200007dc:	50110000 	.word	0x50110000
200007e0:	40054000 	.word	0x40054000
200007e4:	200017f0 	.word	0x200017f0
200007e8:	200017e8 	.word	0x200017e8
200007ec:	0000023b 	.word	0x0000023b
200007f0:	0000027b 	.word	0x0000027b
200007f4:	000002bb 	.word	0x000002bb
200007f8:	000002fb 	.word	0x000002fb
200007fc:	0000033b 	.word	0x0000033b
20000800:	0000037b 	.word	0x0000037b
20000804:	000003bb 	.word	0x000003bb
20000808:	000003fb 	.word	0x000003fb
2000080c:	20001c62 	.word	0x20001c62
20000810:	50113000 	.word	0x50113000
20000814:	00020010 	.word	0x00020010
20000818:	50100000 	.word	0x50100000
2000081c:	50112000 	.word	0x50112000
20000820:	0000027a 	.word	0x0000027a
20000824:	000002fa 	.word	0x000002fa
20000828:	4b6b      	ldr	r3, [pc, #428]	@ (200009d8 <dcd_rp2040_irq+0x518>)
2000082a:	5ce7      	ldrb	r7, [r4, r3]
2000082c:	2f00      	cmp	r7, #0
2000082e:	d100      	bne.n	20000832 <dcd_rp2040_irq+0x372>
20000830:	e689      	b.n	20000546 <dcd_rp2040_irq+0x86>
20000832:	3302      	adds	r3, #2
20000834:	5ce2      	ldrb	r2, [r4, r3]
20000836:	2a00      	cmp	r2, #0
20000838:	d176      	bne.n	20000928 <dcd_rp2040_irq+0x468>
2000083a:	003e      	movs	r6, r7
2000083c:	e683      	b.n	20000546 <dcd_rp2040_irq+0x86>
2000083e:	4b67      	ldr	r3, [pc, #412]	@ (200009dc <dcd_rp2040_irq+0x51c>)
20000840:	5ce7      	ldrb	r7, [r4, r3]
20000842:	2f00      	cmp	r7, #0
20000844:	d100      	bne.n	20000848 <dcd_rp2040_irq+0x388>
20000846:	e688      	b.n	2000055a <dcd_rp2040_irq+0x9a>
20000848:	3302      	adds	r3, #2
2000084a:	5ce2      	ldrb	r2, [r4, r3]
2000084c:	2a00      	cmp	r2, #0
2000084e:	d163      	bne.n	20000918 <dcd_rp2040_irq+0x458>
20000850:	003e      	movs	r6, r7
20000852:	e682      	b.n	2000055a <dcd_rp2040_irq+0x9a>
20000854:	4b62      	ldr	r3, [pc, #392]	@ (200009e0 <dcd_rp2040_irq+0x520>)
20000856:	5ce7      	ldrb	r7, [r4, r3]
20000858:	2f00      	cmp	r7, #0
2000085a:	d100      	bne.n	2000085e <dcd_rp2040_irq+0x39e>
2000085c:	e68c      	b.n	20000578 <dcd_rp2040_irq+0xb8>
2000085e:	3302      	adds	r3, #2
20000860:	5ce2      	ldrb	r2, [r4, r3]
20000862:	2a00      	cmp	r2, #0
20000864:	d000      	beq.n	20000868 <dcd_rp2040_irq+0x3a8>
20000866:	e0a3      	b.n	200009b0 <dcd_rp2040_irq+0x4f0>
20000868:	4b5e      	ldr	r3, [pc, #376]	@ (200009e4 <dcd_rp2040_irq+0x524>)
2000086a:	5ce3      	ldrb	r3, [r4, r3]
2000086c:	2b02      	cmp	r3, #2
2000086e:	d130      	bne.n	200008d2 <dcd_rp2040_irq+0x412>
20000870:	4b5d      	ldr	r3, [pc, #372]	@ (200009e8 <dcd_rp2040_irq+0x528>)
20000872:	5ce3      	ldrb	r3, [r4, r3]
20000874:	2b00      	cmp	r3, #0
20000876:	d127      	bne.n	200008c8 <dcd_rp2040_irq+0x408>
20000878:	4b5c      	ldr	r3, [pc, #368]	@ (200009ec <dcd_rp2040_irq+0x52c>)
2000087a:	5ce3      	ldrb	r3, [r4, r3]
2000087c:	2b02      	cmp	r3, #2
2000087e:	d000      	beq.n	20000882 <dcd_rp2040_irq+0x3c2>
20000880:	e68f      	b.n	200005a2 <dcd_rp2040_irq+0xe2>
20000882:	003e      	movs	r6, r7
20000884:	4b5a      	ldr	r3, [pc, #360]	@ (200009f0 <dcd_rp2040_irq+0x530>)
20000886:	5ce3      	ldrb	r3, [r4, r3]
20000888:	2b00      	cmp	r3, #0
2000088a:	d100      	bne.n	2000088e <dcd_rp2040_irq+0x3ce>
2000088c:	e67e      	b.n	2000058c <dcd_rp2040_irq+0xcc>
2000088e:	23ff      	movs	r3, #255	@ 0xff
20000890:	009b      	lsls	r3, r3, #2
20000892:	5ce2      	ldrb	r2, [r4, r3]
20000894:	2a00      	cmp	r2, #0
20000896:	d100      	bne.n	2000089a <dcd_rp2040_irq+0x3da>
20000898:	e683      	b.n	200005a2 <dcd_rp2040_irq+0xe2>
2000089a:	2200      	movs	r2, #0
2000089c:	54e2      	strb	r2, [r4, r3]
2000089e:	3b1c      	subs	r3, #28
200008a0:	18e0      	adds	r0, r4, r3
200008a2:	f000 f9cb 	bl	20000c3c <hw_endpoint_start_next_buffer>
200008a6:	e67c      	b.n	200005a2 <dcd_rp2040_irq+0xe2>
200008a8:	4b52      	ldr	r3, [pc, #328]	@ (200009f4 <dcd_rp2040_irq+0x534>)
200008aa:	5ce7      	ldrb	r7, [r4, r3]
200008ac:	2f00      	cmp	r7, #0
200008ae:	d100      	bne.n	200008b2 <dcd_rp2040_irq+0x3f2>
200008b0:	e65d      	b.n	2000056e <dcd_rp2040_irq+0xae>
200008b2:	3302      	adds	r3, #2
200008b4:	5ce2      	ldrb	r2, [r4, r3]
200008b6:	2a00      	cmp	r2, #0
200008b8:	d116      	bne.n	200008e8 <dcd_rp2040_irq+0x428>
200008ba:	003e      	movs	r6, r7
200008bc:	e657      	b.n	2000056e <dcd_rp2040_irq+0xae>
200008be:	4b4a      	ldr	r3, [pc, #296]	@ (200009e8 <dcd_rp2040_irq+0x528>)
200008c0:	5ce3      	ldrb	r3, [r4, r3]
200008c2:	2b00      	cmp	r3, #0
200008c4:	d100      	bne.n	200008c8 <dcd_rp2040_irq+0x408>
200008c6:	e65c      	b.n	20000582 <dcd_rp2040_irq+0xc2>
200008c8:	23ef      	movs	r3, #239	@ 0xef
200008ca:	009b      	lsls	r3, r3, #2
200008cc:	5ce2      	ldrb	r2, [r4, r3]
200008ce:	2a00      	cmp	r2, #0
200008d0:	d175      	bne.n	200009be <dcd_rp2040_irq+0x4fe>
200008d2:	4b46      	ldr	r3, [pc, #280]	@ (200009ec <dcd_rp2040_irq+0x52c>)
200008d4:	5ce3      	ldrb	r3, [r4, r3]
200008d6:	2b02      	cmp	r3, #2
200008d8:	d000      	beq.n	200008dc <dcd_rp2040_irq+0x41c>
200008da:	e662      	b.n	200005a2 <dcd_rp2040_irq+0xe2>
200008dc:	4b44      	ldr	r3, [pc, #272]	@ (200009f0 <dcd_rp2040_irq+0x530>)
200008de:	5ce3      	ldrb	r3, [r4, r3]
200008e0:	2b00      	cmp	r3, #0
200008e2:	d100      	bne.n	200008e6 <dcd_rp2040_irq+0x426>
200008e4:	e65d      	b.n	200005a2 <dcd_rp2040_irq+0xe2>
200008e6:	e7d2      	b.n	2000088e <dcd_rp2040_irq+0x3ce>
200008e8:	2200      	movs	r2, #0
200008ea:	54e2      	strb	r2, [r4, r3]
200008ec:	3b1c      	subs	r3, #28
200008ee:	18e0      	adds	r0, r4, r3
200008f0:	f000 f9a4 	bl	20000c3c <hw_endpoint_start_next_buffer>
200008f4:	003e      	movs	r6, r7
200008f6:	e63a      	b.n	2000056e <dcd_rp2040_irq+0xae>
200008f8:	0020      	movs	r0, r4
200008fa:	2200      	movs	r2, #0
200008fc:	30a0      	adds	r0, #160	@ 0xa0
200008fe:	54e2      	strb	r2, [r4, r3]
20000900:	003e      	movs	r6, r7
20000902:	f000 f99b 	bl	20000c3c <hw_endpoint_start_next_buffer>
20000906:	e5fc      	b.n	20000502 <dcd_rp2040_irq+0x42>
20000908:	0020      	movs	r0, r4
2000090a:	2200      	movs	r2, #0
2000090c:	3060      	adds	r0, #96	@ 0x60
2000090e:	54e2      	strb	r2, [r4, r3]
20000910:	003e      	movs	r6, r7
20000912:	f000 f993 	bl	20000c3c <hw_endpoint_start_next_buffer>
20000916:	e5ef      	b.n	200004f8 <dcd_rp2040_irq+0x38>
20000918:	2200      	movs	r2, #0
2000091a:	54e2      	strb	r2, [r4, r3]
2000091c:	3b1c      	subs	r3, #28
2000091e:	18e0      	adds	r0, r4, r3
20000920:	f000 f98c 	bl	20000c3c <hw_endpoint_start_next_buffer>
20000924:	003e      	movs	r6, r7
20000926:	e618      	b.n	2000055a <dcd_rp2040_irq+0x9a>
20000928:	2200      	movs	r2, #0
2000092a:	54e2      	strb	r2, [r4, r3]
2000092c:	3b1c      	subs	r3, #28
2000092e:	18e0      	adds	r0, r4, r3
20000930:	f000 f984 	bl	20000c3c <hw_endpoint_start_next_buffer>
20000934:	003e      	movs	r6, r7
20000936:	e606      	b.n	20000546 <dcd_rp2040_irq+0x86>
20000938:	2200      	movs	r2, #0
2000093a:	54e2      	strb	r2, [r4, r3]
2000093c:	3b1c      	subs	r3, #28
2000093e:	18e0      	adds	r0, r4, r3
20000940:	f000 f97c 	bl	20000c3c <hw_endpoint_start_next_buffer>
20000944:	003e      	movs	r6, r7
20000946:	e60d      	b.n	20000564 <dcd_rp2040_irq+0xa4>
20000948:	0020      	movs	r0, r4
2000094a:	2200      	movs	r2, #0
2000094c:	30a1      	adds	r0, #161	@ 0xa1
2000094e:	30ff      	adds	r0, #255	@ 0xff
20000950:	54e2      	strb	r2, [r4, r3]
20000952:	003e      	movs	r6, r7
20000954:	f000 f972 	bl	20000c3c <hw_endpoint_start_next_buffer>
20000958:	e5ea      	b.n	20000530 <dcd_rp2040_irq+0x70>
2000095a:	0020      	movs	r0, r4
2000095c:	2200      	movs	r2, #0
2000095e:	3021      	adds	r0, #33	@ 0x21
20000960:	30ff      	adds	r0, #255	@ 0xff
20000962:	54e2      	strb	r2, [r4, r3]
20000964:	003e      	movs	r6, r7
20000966:	f000 f969 	bl	20000c3c <hw_endpoint_start_next_buffer>
2000096a:	e5d5      	b.n	20000518 <dcd_rp2040_irq+0x58>
2000096c:	2200      	movs	r2, #0
2000096e:	54e2      	strb	r2, [r4, r3]
20000970:	3b1c      	subs	r3, #28
20000972:	18e0      	adds	r0, r4, r3
20000974:	f000 f962 	bl	20000c3c <hw_endpoint_start_next_buffer>
20000978:	003e      	movs	r6, r7
2000097a:	e5e9      	b.n	20000550 <dcd_rp2040_irq+0x90>
2000097c:	0020      	movs	r0, r4
2000097e:	2200      	movs	r2, #0
20000980:	3061      	adds	r0, #97	@ 0x61
20000982:	30ff      	adds	r0, #255	@ 0xff
20000984:	54e2      	strb	r2, [r4, r3]
20000986:	003e      	movs	r6, r7
20000988:	f000 f958 	bl	20000c3c <hw_endpoint_start_next_buffer>
2000098c:	e5ca      	b.n	20000524 <dcd_rp2040_irq+0x64>
2000098e:	0020      	movs	r0, r4
20000990:	2200      	movs	r2, #0
20000992:	30e1      	adds	r0, #225	@ 0xe1
20000994:	30ff      	adds	r0, #255	@ 0xff
20000996:	54e2      	strb	r2, [r4, r3]
20000998:	003e      	movs	r6, r7
2000099a:	f000 f94f 	bl	20000c3c <hw_endpoint_start_next_buffer>
2000099e:	e5cd      	b.n	2000053c <dcd_rp2040_irq+0x7c>
200009a0:	0020      	movs	r0, r4
200009a2:	2200      	movs	r2, #0
200009a4:	30e0      	adds	r0, #224	@ 0xe0
200009a6:	54e2      	strb	r2, [r4, r3]
200009a8:	003e      	movs	r6, r7
200009aa:	f000 f947 	bl	20000c3c <hw_endpoint_start_next_buffer>
200009ae:	e5ad      	b.n	2000050c <dcd_rp2040_irq+0x4c>
200009b0:	2200      	movs	r2, #0
200009b2:	54e2      	strb	r2, [r4, r3]
200009b4:	3b1c      	subs	r3, #28
200009b6:	18e0      	adds	r0, r4, r3
200009b8:	f000 f940 	bl	20000c3c <hw_endpoint_start_next_buffer>
200009bc:	e754      	b.n	20000868 <dcd_rp2040_irq+0x3a8>
200009be:	2200      	movs	r2, #0
200009c0:	54e2      	strb	r2, [r4, r3]
200009c2:	3b1c      	subs	r3, #28
200009c4:	18e0      	adds	r0, r4, r3
200009c6:	f000 f939 	bl	20000c3c <hw_endpoint_start_next_buffer>
200009ca:	e782      	b.n	200008d2 <dcd_rp2040_irq+0x412>
200009cc:	0031      	movs	r1, r6
200009ce:	480a      	ldr	r0, [pc, #40]	@ (200009f8 <dcd_rp2040_irq+0x538>)
200009d0:	4069      	eors	r1, r5
200009d2:	f000 faad 	bl	20000f30 <__panic_veneer>
200009d6:	46c0      	nop			@ (mov r8, r8)
200009d8:	0000023a 	.word	0x0000023a
200009dc:	000002ba 	.word	0x000002ba
200009e0:	0000037a 	.word	0x0000037a
200009e4:	000003bb 	.word	0x000003bb
200009e8:	000003ba 	.word	0x000003ba
200009ec:	000003fb 	.word	0x000003fb
200009f0:	000003fa 	.word	0x000003fa
200009f4:	0000033a 	.word	0x0000033a
200009f8:	10006a60 	.word	0x10006a60

200009fc <prepare_ep_buffer>:
200009fc:	b5f0      	push	{r4, r5, r6, r7, lr}
200009fe:	468c      	mov	ip, r1
20000a00:	8a83      	ldrh	r3, [r0, #20]
20000a02:	8b01      	ldrh	r1, [r0, #24]
20000a04:	0002      	movs	r2, r0
20000a06:	b083      	sub	sp, #12
20000a08:	1c0e      	adds	r6, r1, #0
20000a0a:	4299      	cmp	r1, r3
20000a0c:	d900      	bls.n	20000a10 <prepare_ep_buffer+0x14>
20000a0e:	1c1e      	adds	r6, r3, #0
20000a10:	b2b6      	uxth	r6, r6
20000a12:	1b9b      	subs	r3, r3, r6
20000a14:	b29c      	uxth	r4, r3
20000a16:	78d3      	ldrb	r3, [r2, #3]
20000a18:	2180      	movs	r1, #128	@ 0x80
20000a1a:	0018      	movs	r0, r3
20000a1c:	1e45      	subs	r5, r0, #1
20000a1e:	41a8      	sbcs	r0, r5
20000a20:	00c9      	lsls	r1, r1, #3
20000a22:	4331      	orrs	r1, r6
20000a24:	0340      	lsls	r0, r0, #13
20000a26:	4308      	orrs	r0, r1
20000a28:	2101      	movs	r1, #1
20000a2a:	404b      	eors	r3, r1
20000a2c:	70d3      	strb	r3, [r2, #3]
20000a2e:	7853      	ldrb	r3, [r2, #1]
20000a30:	8294      	strh	r4, [r2, #20]
20000a32:	2b00      	cmp	r3, #0
20000a34:	d132      	bne.n	20000a9c <prepare_ep_buffer+0xa0>
20000a36:	6911      	ldr	r1, [r2, #16]
20000a38:	2e00      	cmp	r6, #0
20000a3a:	d02a      	beq.n	20000a92 <prepare_ep_buffer+0x96>
20000a3c:	4663      	mov	r3, ip
20000a3e:	68d4      	ldr	r4, [r2, #12]
20000a40:	019b      	lsls	r3, r3, #6
20000a42:	18e4      	adds	r4, r4, r3
20000a44:	1e73      	subs	r3, r6, #1
20000a46:	9301      	str	r3, [sp, #4]
20000a48:	2b06      	cmp	r3, #6
20000a4a:	d932      	bls.n	20000ab2 <prepare_ep_buffer+0xb6>
20000a4c:	0023      	movs	r3, r4
20000a4e:	430b      	orrs	r3, r1
20000a50:	079b      	lsls	r3, r3, #30
20000a52:	d12e      	bne.n	20000ab2 <prepare_ep_buffer+0xb6>
20000a54:	1a63      	subs	r3, r4, r1
20000a56:	3b01      	subs	r3, #1
20000a58:	2b02      	cmp	r3, #2
20000a5a:	d92a      	bls.n	20000ab2 <prepare_ep_buffer+0xb6>
20000a5c:	2300      	movs	r3, #0
20000a5e:	08b7      	lsrs	r7, r6, #2
20000a60:	00bf      	lsls	r7, r7, #2
20000a62:	58cd      	ldr	r5, [r1, r3]
20000a64:	50e5      	str	r5, [r4, r3]
20000a66:	3304      	adds	r3, #4
20000a68:	42bb      	cmp	r3, r7
20000a6a:	d1fa      	bne.n	20000a62 <prepare_ep_buffer+0x66>
20000a6c:	429e      	cmp	r6, r3
20000a6e:	d00e      	beq.n	20000a8e <prepare_ep_buffer+0x92>
20000a70:	9d01      	ldr	r5, [sp, #4]
20000a72:	18e4      	adds	r4, r4, r3
20000a74:	1aef      	subs	r7, r5, r3
20000a76:	18cd      	adds	r5, r1, r3
20000a78:	5cc9      	ldrb	r1, [r1, r3]
20000a7a:	7021      	strb	r1, [r4, #0]
20000a7c:	9901      	ldr	r1, [sp, #4]
20000a7e:	4299      	cmp	r1, r3
20000a80:	d005      	beq.n	20000a8e <prepare_ep_buffer+0x92>
20000a82:	786b      	ldrb	r3, [r5, #1]
20000a84:	7063      	strb	r3, [r4, #1]
20000a86:	2f01      	cmp	r7, #1
20000a88:	d001      	beq.n	20000a8e <prepare_ep_buffer+0x92>
20000a8a:	78ab      	ldrb	r3, [r5, #2]
20000a8c:	70a3      	strb	r3, [r4, #2]
20000a8e:	6911      	ldr	r1, [r2, #16]
20000a90:	8a94      	ldrh	r4, [r2, #20]
20000a92:	2380      	movs	r3, #128	@ 0x80
20000a94:	1989      	adds	r1, r1, r6
20000a96:	021b      	lsls	r3, r3, #8
20000a98:	6111      	str	r1, [r2, #16]
20000a9a:	4318      	orrs	r0, r3
20000a9c:	2c00      	cmp	r4, #0
20000a9e:	d102      	bne.n	20000aa6 <prepare_ep_buffer+0xaa>
20000aa0:	2380      	movs	r3, #128	@ 0x80
20000aa2:	01db      	lsls	r3, r3, #7
20000aa4:	4318      	orrs	r0, r3
20000aa6:	4663      	mov	r3, ip
20000aa8:	2b00      	cmp	r3, #0
20000aaa:	d000      	beq.n	20000aae <prepare_ep_buffer+0xb2>
20000aac:	0400      	lsls	r0, r0, #16
20000aae:	b003      	add	sp, #12
20000ab0:	bdf0      	pop	{r4, r5, r6, r7, pc}
20000ab2:	2300      	movs	r3, #0
20000ab4:	5ccd      	ldrb	r5, [r1, r3]
20000ab6:	54e5      	strb	r5, [r4, r3]
20000ab8:	3301      	adds	r3, #1
20000aba:	429e      	cmp	r6, r3
20000abc:	d1fa      	bne.n	20000ab4 <prepare_ep_buffer+0xb8>
20000abe:	e7e6      	b.n	20000a8e <prepare_ep_buffer+0x92>

20000ac0 <sync_ep_buffer>:
20000ac0:	6883      	ldr	r3, [r0, #8]
20000ac2:	b5f0      	push	{r4, r5, r6, r7, lr}
20000ac4:	681a      	ldr	r2, [r3, #0]
20000ac6:	2900      	cmp	r1, #0
20000ac8:	d000      	beq.n	20000acc <sync_ep_buffer+0xc>
20000aca:	0c12      	lsrs	r2, r2, #16
20000acc:	7843      	ldrb	r3, [r0, #1]
20000ace:	0592      	lsls	r2, r2, #22
20000ad0:	0d95      	lsrs	r5, r2, #22
20000ad2:	2b00      	cmp	r3, #0
20000ad4:	d109      	bne.n	20000aea <sync_ep_buffer+0x2a>
20000ad6:	8ac3      	ldrh	r3, [r0, #22]
20000ad8:	18eb      	adds	r3, r5, r3
20000ada:	82c3      	strh	r3, [r0, #22]
20000adc:	8b03      	ldrh	r3, [r0, #24]
20000ade:	42ab      	cmp	r3, r5
20000ae0:	d901      	bls.n	20000ae6 <sync_ep_buffer+0x26>
20000ae2:	2300      	movs	r3, #0
20000ae4:	8283      	strh	r3, [r0, #20]
20000ae6:	0028      	movs	r0, r5
20000ae8:	bdf0      	pop	{r4, r5, r6, r7, pc}
20000aea:	6904      	ldr	r4, [r0, #16]
20000aec:	2d00      	cmp	r5, #0
20000aee:	d028      	beq.n	20000b42 <sync_ep_buffer+0x82>
20000af0:	68c3      	ldr	r3, [r0, #12]
20000af2:	0189      	lsls	r1, r1, #6
20000af4:	1e6f      	subs	r7, r5, #1
20000af6:	46bc      	mov	ip, r7
20000af8:	185e      	adds	r6, r3, r1
20000afa:	2f06      	cmp	r7, #6
20000afc:	d927      	bls.n	20000b4e <sync_ep_buffer+0x8e>
20000afe:	3101      	adds	r1, #1
20000b00:	185b      	adds	r3, r3, r1
20000b02:	1ae3      	subs	r3, r4, r3
20000b04:	2b02      	cmp	r3, #2
20000b06:	d922      	bls.n	20000b4e <sync_ep_buffer+0x8e>
20000b08:	0023      	movs	r3, r4
20000b0a:	4333      	orrs	r3, r6
20000b0c:	079b      	lsls	r3, r3, #30
20000b0e:	d11e      	bne.n	20000b4e <sync_ep_buffer+0x8e>
20000b10:	2300      	movs	r3, #0
20000b12:	0e12      	lsrs	r2, r2, #24
20000b14:	0092      	lsls	r2, r2, #2
20000b16:	58f1      	ldr	r1, [r6, r3]
20000b18:	50e1      	str	r1, [r4, r3]
20000b1a:	3304      	adds	r3, #4
20000b1c:	429a      	cmp	r2, r3
20000b1e:	d1fa      	bne.n	20000b16 <sync_ep_buffer+0x56>
20000b20:	4295      	cmp	r5, r2
20000b22:	d00d      	beq.n	20000b40 <sync_ep_buffer+0x80>
20000b24:	4663      	mov	r3, ip
20000b26:	1a9f      	subs	r7, r3, r2
20000b28:	18a3      	adds	r3, r4, r2
20000b2a:	5cb4      	ldrb	r4, [r6, r2]
20000b2c:	18b1      	adds	r1, r6, r2
20000b2e:	701c      	strb	r4, [r3, #0]
20000b30:	4594      	cmp	ip, r2
20000b32:	d005      	beq.n	20000b40 <sync_ep_buffer+0x80>
20000b34:	784a      	ldrb	r2, [r1, #1]
20000b36:	705a      	strb	r2, [r3, #1]
20000b38:	2f01      	cmp	r7, #1
20000b3a:	d001      	beq.n	20000b40 <sync_ep_buffer+0x80>
20000b3c:	788a      	ldrb	r2, [r1, #2]
20000b3e:	709a      	strb	r2, [r3, #2]
20000b40:	6904      	ldr	r4, [r0, #16]
20000b42:	8ac3      	ldrh	r3, [r0, #22]
20000b44:	1964      	adds	r4, r4, r5
20000b46:	18eb      	adds	r3, r5, r3
20000b48:	82c3      	strh	r3, [r0, #22]
20000b4a:	6104      	str	r4, [r0, #16]
20000b4c:	e7c6      	b.n	20000adc <sync_ep_buffer+0x1c>
20000b4e:	2200      	movs	r2, #0
20000b50:	5cb3      	ldrb	r3, [r6, r2]
20000b52:	54a3      	strb	r3, [r4, r2]
20000b54:	3201      	adds	r2, #1
20000b56:	4295      	cmp	r5, r2
20000b58:	d1fa      	bne.n	20000b50 <sync_ep_buffer+0x90>
20000b5a:	6904      	ldr	r4, [r0, #16]
20000b5c:	e7f1      	b.n	20000b42 <sync_ep_buffer+0x82>
20000b5e:	46c0      	nop			@ (mov r8, r8)

20000b60 <_hw_endpoint_xfer_sync>:
20000b60:	b510      	push	{r4, lr}
20000b62:	0004      	movs	r4, r0
20000b64:	6883      	ldr	r3, [r0, #8]
20000b66:	2100      	movs	r1, #0
20000b68:	681b      	ldr	r3, [r3, #0]
20000b6a:	f7ff ffa9 	bl	20000ac0 <sync_ep_buffer>
20000b6e:	6863      	ldr	r3, [r4, #4]
20000b70:	681b      	ldr	r3, [r3, #0]
20000b72:	005b      	lsls	r3, r3, #1
20000b74:	d502      	bpl.n	20000b7c <_hw_endpoint_xfer_sync+0x1c>
20000b76:	8b23      	ldrh	r3, [r4, #24]
20000b78:	4283      	cmp	r3, r0
20000b7a:	d000      	beq.n	20000b7e <_hw_endpoint_xfer_sync+0x1e>
20000b7c:	bd10      	pop	{r4, pc}
20000b7e:	2101      	movs	r1, #1
20000b80:	0020      	movs	r0, r4
20000b82:	f7ff ff9d 	bl	20000ac0 <sync_ep_buffer>
20000b86:	e7f9      	b.n	20000b7c <_hw_endpoint_xfer_sync+0x1c>

20000b88 <e15_is_bulkin_ep>:
20000b88:	4b08      	ldr	r3, [pc, #32]	@ (20000bac <e15_is_bulkin_ep+0x24>)
20000b8a:	6c1a      	ldr	r2, [r3, #64]	@ 0x40
20000b8c:	2300      	movs	r3, #0
20000b8e:	0792      	lsls	r2, r2, #30
20000b90:	d403      	bmi.n	20000b9a <e15_is_bulkin_ep+0x12>
20000b92:	7882      	ldrb	r2, [r0, #2]
20000b94:	09d2      	lsrs	r2, r2, #7
20000b96:	2a01      	cmp	r2, #1
20000b98:	d001      	beq.n	20000b9e <e15_is_bulkin_ep+0x16>
20000b9a:	0018      	movs	r0, r3
20000b9c:	4770      	bx	lr
20000b9e:	7ec3      	ldrb	r3, [r0, #27]
20000ba0:	3b02      	subs	r3, #2
20000ba2:	425a      	negs	r2, r3
20000ba4:	4153      	adcs	r3, r2
20000ba6:	b2db      	uxtb	r3, r3
20000ba8:	e7f7      	b.n	20000b9a <e15_is_bulkin_ep+0x12>
20000baa:	46c0      	nop			@ (mov r8, r8)
20000bac:	50110000 	.word	0x50110000

20000bb0 <e15_is_critical_frame_period>:
20000bb0:	b510      	push	{r4, lr}
20000bb2:	f7ff ffe9 	bl	20000b88 <e15_is_bulkin_ep>
20000bb6:	2800      	cmp	r0, #0
20000bb8:	d00a      	beq.n	20000bd0 <e15_is_critical_frame_period+0x20>
20000bba:	4b06      	ldr	r3, [pc, #24]	@ (20000bd4 <e15_is_critical_frame_period+0x24>)
20000bbc:	4a06      	ldr	r2, [pc, #24]	@ (20000bd8 <e15_is_critical_frame_period+0x28>)
20000bbe:	6a9b      	ldr	r3, [r3, #40]	@ 0x28
20000bc0:	4906      	ldr	r1, [pc, #24]	@ (20000bdc <e15_is_critical_frame_period+0x2c>)
20000bc2:	6812      	ldr	r2, [r2, #0]
20000bc4:	185b      	adds	r3, r3, r1
20000bc6:	1a9b      	subs	r3, r3, r2
20000bc8:	2000      	movs	r0, #0
20000bca:	22c6      	movs	r2, #198	@ 0xc6
20000bcc:	429a      	cmp	r2, r3
20000bce:	4140      	adcs	r0, r0
20000bd0:	bd10      	pop	{r4, pc}
20000bd2:	46c0      	nop			@ (mov r8, r8)
20000bd4:	40054000 	.word	0x40054000
20000bd8:	200017e8 	.word	0x200017e8
20000bdc:	fffffce0 	.word	0xfffffce0

20000be0 <hw_endpoint_reset_transfer>:
20000be0:	2300      	movs	r3, #0
20000be2:	7683      	strb	r3, [r0, #26]
20000be4:	6143      	str	r3, [r0, #20]
20000be6:	6103      	str	r3, [r0, #16]
20000be8:	4770      	bx	lr
20000bea:	46c0      	nop			@ (mov r8, r8)

20000bec <_hw_endpoint_buffer_control_update32>:
20000bec:	b510      	push	{r4, lr}
20000bee:	6883      	ldr	r3, [r0, #8]
20000bf0:	2900      	cmp	r1, #0
20000bf2:	d001      	beq.n	20000bf8 <_hw_endpoint_buffer_control_update32+0xc>
20000bf4:	681c      	ldr	r4, [r3, #0]
20000bf6:	4021      	ands	r1, r4
20000bf8:	2a00      	cmp	r2, #0
20000bfa:	d012      	beq.n	20000c22 <_hw_endpoint_buffer_control_update32+0x36>
20000bfc:	2480      	movs	r4, #128	@ 0x80
20000bfe:	00e4      	lsls	r4, r4, #3
20000c00:	4311      	orrs	r1, r2
20000c02:	4222      	tst	r2, r4
20000c04:	d00d      	beq.n	20000c22 <_hw_endpoint_buffer_control_update32+0x36>
20000c06:	681a      	ldr	r2, [r3, #0]
20000c08:	4222      	tst	r2, r4
20000c0a:	d10c      	bne.n	20000c26 <_hw_endpoint_buffer_control_update32+0x3a>
20000c0c:	4a08      	ldr	r2, [pc, #32]	@ (20000c30 <_hw_endpoint_buffer_control_update32+0x44>)
20000c0e:	400a      	ands	r2, r1
20000c10:	601a      	str	r2, [r3, #0]
20000c12:	4a08      	ldr	r2, [pc, #32]	@ (20000c34 <_hw_endpoint_buffer_control_update32+0x48>)
20000c14:	6c12      	ldr	r2, [r2, #64]	@ 0x40
20000c16:	0792      	lsls	r2, r2, #30
20000c18:	d403      	bmi.n	20000c22 <_hw_endpoint_buffer_control_update32+0x36>
20000c1a:	230c      	movs	r3, #12
20000c1c:	3b03      	subs	r3, #3
20000c1e:	d2fd      	bcs.n	20000c1c <_hw_endpoint_buffer_control_update32+0x30>
20000c20:	6883      	ldr	r3, [r0, #8]
20000c22:	6019      	str	r1, [r3, #0]
20000c24:	bd10      	pop	{r4, pc}
20000c26:	7881      	ldrb	r1, [r0, #2]
20000c28:	4803      	ldr	r0, [pc, #12]	@ (20000c38 <_hw_endpoint_buffer_control_update32+0x4c>)
20000c2a:	f000 f981 	bl	20000f30 <__panic_veneer>
20000c2e:	46c0      	nop			@ (mov r8, r8)
20000c30:	fffffbff 	.word	0xfffffbff
20000c34:	50110000 	.word	0x50110000
20000c38:	10006a74 	.word	0x10006a74

20000c3c <hw_endpoint_start_next_buffer>:
20000c3c:	6843      	ldr	r3, [r0, #4]
20000c3e:	b570      	push	{r4, r5, r6, lr}
20000c40:	2100      	movs	r1, #0
20000c42:	2580      	movs	r5, #128	@ 0x80
20000c44:	0004      	movs	r4, r0
20000c46:	681e      	ldr	r6, [r3, #0]
20000c48:	f7ff fed8 	bl	200009fc <prepare_ep_buffer>
20000c4c:	4b12      	ldr	r3, [pc, #72]	@ (20000c98 <hw_endpoint_start_next_buffer+0x5c>)
20000c4e:	016d      	lsls	r5, r5, #5
20000c50:	6c1a      	ldr	r2, [r3, #64]	@ 0x40
20000c52:	4305      	orrs	r5, r0
20000c54:	78a3      	ldrb	r3, [r4, #2]
20000c56:	0792      	lsls	r2, r2, #30
20000c58:	d50e      	bpl.n	20000c78 <hw_endpoint_start_next_buffer+0x3c>
20000c5a:	065b      	lsls	r3, r3, #25
20000c5c:	d00e      	beq.n	20000c7c <hw_endpoint_start_next_buffer+0x40>
20000c5e:	4b0f      	ldr	r3, [pc, #60]	@ (20000c9c <hw_endpoint_start_next_buffer+0x60>)
20000c60:	401e      	ands	r6, r3
20000c62:	2380      	movs	r3, #128	@ 0x80
20000c64:	059b      	lsls	r3, r3, #22
20000c66:	4333      	orrs	r3, r6
20000c68:	6862      	ldr	r2, [r4, #4]
20000c6a:	2100      	movs	r1, #0
20000c6c:	6013      	str	r3, [r2, #0]
20000c6e:	0020      	movs	r0, r4
20000c70:	002a      	movs	r2, r5
20000c72:	f7ff ffbb 	bl	20000bec <_hw_endpoint_buffer_control_update32>
20000c76:	bd70      	pop	{r4, r5, r6, pc}
20000c78:	09db      	lsrs	r3, r3, #7
20000c7a:	d0f0      	beq.n	20000c5e <hw_endpoint_start_next_buffer+0x22>
20000c7c:	8aa3      	ldrh	r3, [r4, #20]
20000c7e:	2b00      	cmp	r3, #0
20000c80:	d0ed      	beq.n	20000c5e <hw_endpoint_start_next_buffer+0x22>
20000c82:	2101      	movs	r1, #1
20000c84:	0020      	movs	r0, r4
20000c86:	f7ff feb9 	bl	200009fc <prepare_ep_buffer>
20000c8a:	23a0      	movs	r3, #160	@ 0xa0
20000c8c:	4a04      	ldr	r2, [pc, #16]	@ (20000ca0 <hw_endpoint_start_next_buffer+0x64>)
20000c8e:	05db      	lsls	r3, r3, #23
20000c90:	4032      	ands	r2, r6
20000c92:	4305      	orrs	r5, r0
20000c94:	4313      	orrs	r3, r2
20000c96:	e7e7      	b.n	20000c68 <hw_endpoint_start_next_buffer+0x2c>
20000c98:	50110000 	.word	0x50110000
20000c9c:	afffffff 	.word	0xafffffff
20000ca0:	dfffffff 	.word	0xdfffffff

20000ca4 <hw_endpoint_xfer_continue>:
20000ca4:	b570      	push	{r4, r5, r6, lr}
20000ca6:	7e85      	ldrb	r5, [r0, #26]
20000ca8:	0004      	movs	r4, r0
20000caa:	2d00      	cmp	r5, #0
20000cac:	d014      	beq.n	20000cd8 <hw_endpoint_xfer_continue+0x34>
20000cae:	f7ff ff57 	bl	20000b60 <_hw_endpoint_xfer_sync>
20000cb2:	8aa3      	ldrh	r3, [r4, #20]
20000cb4:	2b00      	cmp	r3, #0
20000cb6:	d101      	bne.n	20000cbc <hw_endpoint_xfer_continue+0x18>
20000cb8:	0028      	movs	r0, r5
20000cba:	bd70      	pop	{r4, r5, r6, pc}
20000cbc:	0020      	movs	r0, r4
20000cbe:	f7ff ff77 	bl	20000bb0 <e15_is_critical_frame_period>
20000cc2:	2800      	cmp	r0, #0
20000cc4:	d003      	beq.n	20000cce <hw_endpoint_xfer_continue+0x2a>
20000cc6:	2301      	movs	r3, #1
20000cc8:	2500      	movs	r5, #0
20000cca:	7723      	strb	r3, [r4, #28]
20000ccc:	e7f4      	b.n	20000cb8 <hw_endpoint_xfer_continue+0x14>
20000cce:	0020      	movs	r0, r4
20000cd0:	f7ff ffb4 	bl	20000c3c <hw_endpoint_start_next_buffer>
20000cd4:	2500      	movs	r5, #0
20000cd6:	e7ef      	b.n	20000cb8 <hw_endpoint_xfer_continue+0x14>
20000cd8:	7881      	ldrb	r1, [r0, #2]
20000cda:	4801      	ldr	r0, [pc, #4]	@ (20000ce0 <hw_endpoint_xfer_continue+0x3c>)
20000cdc:	f000 f928 	bl	20000f30 <__panic_veneer>
20000ce0:	10006a94 	.word	0x10006a94

20000ce4 <dcd_event_handler>:
20000ce4:	b5f0      	push	{r4, r5, r6, r7, lr}
20000ce6:	4647      	mov	r7, r8
20000ce8:	46ce      	mov	lr, r9
20000cea:	b580      	push	{r7, lr}
20000cec:	7843      	ldrb	r3, [r0, #1]
20000cee:	0005      	movs	r5, r0
20000cf0:	000f      	movs	r7, r1
20000cf2:	b085      	sub	sp, #20
20000cf4:	2b06      	cmp	r3, #6
20000cf6:	d807      	bhi.n	20000d08 <dcd_event_handler+0x24>
20000cf8:	4a68      	ldr	r2, [pc, #416]	@ (20000e9c <dcd_event_handler+0x1b8>)
20000cfa:	009b      	lsls	r3, r3, #2
20000cfc:	58d3      	ldr	r3, [r2, r3]
20000cfe:	469f      	mov	pc, r3
20000d00:	4a67      	ldr	r2, [pc, #412]	@ (20000ea0 <dcd_event_handler+0x1bc>)
20000d02:	7813      	ldrb	r3, [r2, #0]
20000d04:	3301      	adds	r3, #1
20000d06:	7013      	strb	r3, [r2, #0]
20000d08:	4b66      	ldr	r3, [pc, #408]	@ (20000ea4 <dcd_event_handler+0x1c0>)
20000d0a:	681c      	ldr	r4, [r3, #0]
20000d0c:	6962      	ldr	r2, [r4, #20]
20000d0e:	f3ef 8110 	mrs	r1, PRIMASK
20000d12:	b672      	cpsid	i
20000d14:	6813      	ldr	r3, [r2, #0]
20000d16:	2b00      	cmp	r3, #0
20000d18:	d0fc      	beq.n	20000d14 <dcd_event_handler+0x30>
20000d1a:	f3bf 8f5f 	dmb	sy
20000d1e:	61a1      	str	r1, [r4, #24]
20000d20:	0020      	movs	r0, r4
20000d22:	0029      	movs	r1, r5
20000d24:	f000 f8d4 	bl	20000ed0 <__tu_fifo_write_veneer>
20000d28:	6962      	ldr	r2, [r4, #20]
20000d2a:	69a3      	ldr	r3, [r4, #24]
20000d2c:	f3bf 8f5f 	dmb	sy
20000d30:	2100      	movs	r1, #0
20000d32:	6011      	str	r1, [r2, #0]
20000d34:	f383 8810 	msr	PRIMASK, r3
20000d38:	2800      	cmp	r0, #0
20000d3a:	d104      	bne.n	20000d46 <dcd_event_handler+0x62>
20000d3c:	b005      	add	sp, #20
20000d3e:	bcc0      	pop	{r6, r7}
20000d40:	46b9      	mov	r9, r7
20000d42:	46b0      	mov	r8, r6
20000d44:	bdf0      	pop	{r4, r5, r6, r7, pc}
20000d46:	003a      	movs	r2, r7
20000d48:	7869      	ldrb	r1, [r5, #1]
20000d4a:	7828      	ldrb	r0, [r5, #0]
20000d4c:	f000 f8c8 	bl	20000ee0 <__tud_event_hook_cb_veneer>
20000d50:	e7f4      	b.n	20000d3c <dcd_event_handler+0x58>
20000d52:	2101      	movs	r1, #1
20000d54:	4b54      	ldr	r3, [pc, #336]	@ (20000ea8 <dcd_event_handler+0x1c4>)
20000d56:	781a      	ldrb	r2, [r3, #0]
20000d58:	438a      	bics	r2, r1
20000d5a:	701a      	strb	r2, [r3, #0]
20000d5c:	781a      	ldrb	r2, [r3, #0]
20000d5e:	3101      	adds	r1, #1
20000d60:	438a      	bics	r2, r1
20000d62:	701a      	strb	r2, [r3, #0]
20000d64:	2200      	movs	r2, #0
20000d66:	705a      	strb	r2, [r3, #1]
20000d68:	781a      	ldrb	r2, [r3, #0]
20000d6a:	3102      	adds	r1, #2
20000d6c:	438a      	bics	r2, r1
20000d6e:	701a      	strb	r2, [r3, #0]
20000d70:	e7ca      	b.n	20000d08 <dcd_event_handler+0x24>
20000d72:	4b4e      	ldr	r3, [pc, #312]	@ (20000eac <dcd_event_handler+0x1c8>)
20000d74:	2400      	movs	r4, #0
20000d76:	001e      	movs	r6, r3
20000d78:	781a      	ldrb	r2, [r3, #0]
20000d7a:	4b4d      	ldr	r3, [pc, #308]	@ (20000eb0 <dcd_event_handler+0x1cc>)
20000d7c:	4698      	mov	r8, r3
20000d7e:	4b4d      	ldr	r3, [pc, #308]	@ (20000eb4 <dcd_event_handler+0x1d0>)
20000d80:	4699      	mov	r9, r3
20000d82:	e010      	b.n	20000da6 <dcd_event_handler+0xc2>
20000d84:	464b      	mov	r3, r9
20000d86:	681b      	ldr	r3, [r3, #0]
20000d88:	0161      	lsls	r1, r4, #5
20000d8a:	185b      	adds	r3, r3, r1
20000d8c:	2b00      	cmp	r3, #0
20000d8e:	d006      	beq.n	20000d9e <dcd_event_handler+0xba>
20000d90:	69db      	ldr	r3, [r3, #28]
20000d92:	2b00      	cmp	r3, #0
20000d94:	d003      	beq.n	20000d9e <dcd_event_handler+0xba>
20000d96:	6869      	ldr	r1, [r5, #4]
20000d98:	7828      	ldrb	r0, [r5, #0]
20000d9a:	4798      	blx	r3
20000d9c:	7832      	ldrb	r2, [r6, #0]
20000d9e:	3401      	adds	r4, #1
20000da0:	b2e4      	uxtb	r4, r4
20000da2:	4294      	cmp	r4, r2
20000da4:	d817      	bhi.n	20000dd6 <dcd_event_handler+0xf2>
20000da6:	42a2      	cmp	r2, r4
20000da8:	d8ec      	bhi.n	20000d84 <dcd_event_handler+0xa0>
20000daa:	1aa3      	subs	r3, r4, r2
20000dac:	015b      	lsls	r3, r3, #5
20000dae:	4443      	add	r3, r8
20000db0:	e7ee      	b.n	20000d90 <dcd_event_handler+0xac>
20000db2:	4b3d      	ldr	r3, [pc, #244]	@ (20000ea8 <dcd_event_handler+0x1c4>)
20000db4:	781a      	ldrb	r2, [r3, #0]
20000db6:	07d2      	lsls	r2, r2, #31
20000db8:	d5c0      	bpl.n	20000d3c <dcd_event_handler+0x58>
20000dba:	2104      	movs	r1, #4
20000dbc:	781a      	ldrb	r2, [r3, #0]
20000dbe:	430a      	orrs	r2, r1
20000dc0:	701a      	strb	r2, [r3, #0]
20000dc2:	e7a1      	b.n	20000d08 <dcd_event_handler+0x24>
20000dc4:	4b38      	ldr	r3, [pc, #224]	@ (20000ea8 <dcd_event_handler+0x1c4>)
20000dc6:	781a      	ldrb	r2, [r3, #0]
20000dc8:	07d2      	lsls	r2, r2, #31
20000dca:	d5b7      	bpl.n	20000d3c <dcd_event_handler+0x58>
20000dcc:	2104      	movs	r1, #4
20000dce:	781a      	ldrb	r2, [r3, #0]
20000dd0:	438a      	bics	r2, r1
20000dd2:	701a      	strb	r2, [r3, #0]
20000dd4:	e798      	b.n	20000d08 <dcd_event_handler+0x24>
20000dd6:	4a34      	ldr	r2, [pc, #208]	@ (20000ea8 <dcd_event_handler+0x1c4>)
20000dd8:	7813      	ldrb	r3, [r2, #0]
20000dda:	4690      	mov	r8, r2
20000ddc:	0011      	movs	r1, r2
20000dde:	075b      	lsls	r3, r3, #29
20000de0:	d528      	bpl.n	20000e34 <dcd_event_handler+0x150>
20000de2:	7813      	ldrb	r3, [r2, #0]
20000de4:	2204      	movs	r2, #4
20000de6:	ac01      	add	r4, sp, #4
20000de8:	4393      	bics	r3, r2
20000dea:	700b      	strb	r3, [r1, #0]
20000dec:	0020      	movs	r0, r4
20000dee:	2100      	movs	r1, #0
20000df0:	3208      	adds	r2, #8
20000df2:	f000 f895 	bl	20000f20 <____wrap_memset_veneer>
20000df6:	782b      	ldrb	r3, [r5, #0]
20000df8:	7023      	strb	r3, [r4, #0]
20000dfa:	2305      	movs	r3, #5
20000dfc:	7063      	strb	r3, [r4, #1]
20000dfe:	4b29      	ldr	r3, [pc, #164]	@ (20000ea4 <dcd_event_handler+0x1c0>)
20000e00:	681b      	ldr	r3, [r3, #0]
20000e02:	0018      	movs	r0, r3
20000e04:	695a      	ldr	r2, [r3, #20]
20000e06:	f3ef 8110 	mrs	r1, PRIMASK
20000e0a:	b672      	cpsid	i
20000e0c:	6813      	ldr	r3, [r2, #0]
20000e0e:	2b00      	cmp	r3, #0
20000e10:	d0fc      	beq.n	20000e0c <dcd_event_handler+0x128>
20000e12:	f3bf 8f5f 	dmb	sy
20000e16:	0006      	movs	r6, r0
20000e18:	6181      	str	r1, [r0, #24]
20000e1a:	0021      	movs	r1, r4
20000e1c:	f000 f858 	bl	20000ed0 <__tu_fifo_write_veneer>
20000e20:	6972      	ldr	r2, [r6, #20]
20000e22:	69b3      	ldr	r3, [r6, #24]
20000e24:	f3bf 8f5f 	dmb	sy
20000e28:	2100      	movs	r1, #0
20000e2a:	6011      	str	r1, [r2, #0]
20000e2c:	f383 8810 	msr	PRIMASK, r3
20000e30:	2800      	cmp	r0, #0
20000e32:	d12c      	bne.n	20000e8e <dcd_event_handler+0x1aa>
20000e34:	4643      	mov	r3, r8
20000e36:	78db      	ldrb	r3, [r3, #3]
20000e38:	07db      	lsls	r3, r3, #31
20000e3a:	d400      	bmi.n	20000e3e <dcd_event_handler+0x15a>
20000e3c:	e77e      	b.n	20000d3c <dcd_event_handler+0x58>
20000e3e:	782b      	ldrb	r3, [r5, #0]
20000e40:	ac01      	add	r4, sp, #4
20000e42:	7023      	strb	r3, [r4, #0]
20000e44:	2303      	movs	r3, #3
20000e46:	7063      	strb	r3, [r4, #1]
20000e48:	686b      	ldr	r3, [r5, #4]
20000e4a:	6063      	str	r3, [r4, #4]
20000e4c:	4b15      	ldr	r3, [pc, #84]	@ (20000ea4 <dcd_event_handler+0x1c0>)
20000e4e:	681d      	ldr	r5, [r3, #0]
20000e50:	696a      	ldr	r2, [r5, #20]
20000e52:	f3ef 8110 	mrs	r1, PRIMASK
20000e56:	b672      	cpsid	i
20000e58:	6813      	ldr	r3, [r2, #0]
20000e5a:	2b00      	cmp	r3, #0
20000e5c:	d0fc      	beq.n	20000e58 <dcd_event_handler+0x174>
20000e5e:	f3bf 8f5f 	dmb	sy
20000e62:	61a9      	str	r1, [r5, #24]
20000e64:	0028      	movs	r0, r5
20000e66:	0021      	movs	r1, r4
20000e68:	f000 f832 	bl	20000ed0 <__tu_fifo_write_veneer>
20000e6c:	696a      	ldr	r2, [r5, #20]
20000e6e:	69ab      	ldr	r3, [r5, #24]
20000e70:	f3bf 8f5f 	dmb	sy
20000e74:	2100      	movs	r1, #0
20000e76:	6011      	str	r1, [r2, #0]
20000e78:	f383 8810 	msr	PRIMASK, r3
20000e7c:	2800      	cmp	r0, #0
20000e7e:	d100      	bne.n	20000e82 <dcd_event_handler+0x19e>
20000e80:	e75c      	b.n	20000d3c <dcd_event_handler+0x58>
20000e82:	003a      	movs	r2, r7
20000e84:	7861      	ldrb	r1, [r4, #1]
20000e86:	7820      	ldrb	r0, [r4, #0]
20000e88:	f000 f82a 	bl	20000ee0 <__tud_event_hook_cb_veneer>
20000e8c:	e756      	b.n	20000d3c <dcd_event_handler+0x58>
20000e8e:	003a      	movs	r2, r7
20000e90:	7861      	ldrb	r1, [r4, #1]
20000e92:	7820      	ldrb	r0, [r4, #0]
20000e94:	f000 f824 	bl	20000ee0 <__tud_event_hook_cb_veneer>
20000e98:	e7cc      	b.n	20000e34 <dcd_event_handler+0x150>
20000e9a:	46c0      	nop			@ (mov r8, r8)
20000e9c:	10006f60 	.word	0x10006f60
20000ea0:	20001c63 	.word	0x20001c63
20000ea4:	200015c0 	.word	0x200015c0
20000ea8:	20001568 	.word	0x20001568
20000eac:	20001c61 	.word	0x20001c61
20000eb0:	10006f7c 	.word	0x10006f7c
20000eb4:	20001480 	.word	0x20001480

20000eb8 <__aeabi_idiv0>:
20000eb8:	4770      	bx	lr
20000eba:	46c0      	nop			@ (mov r8, r8)
20000ebc:	0000      	movs	r0, r0
	...

20000ec0 <__best_effort_wfe_or_timeout_veneer>:
20000ec0:	b401      	push	{r0}
20000ec2:	4802      	ldr	r0, [pc, #8]	@ (20000ecc <__best_effort_wfe_or_timeout_veneer+0xc>)
20000ec4:	4684      	mov	ip, r0
20000ec6:	bc01      	pop	{r0}
20000ec8:	4760      	bx	ip
20000eca:	bf00      	nop
20000ecc:	100011b5 	.word	0x100011b5

20000ed0 <__tu_fifo_write_veneer>:
20000ed0:	b401      	push	{r0}
20000ed2:	4802      	ldr	r0, [pc, #8]	@ (20000edc <__tu_fifo_write_veneer+0xc>)
20000ed4:	4684      	mov	ip, r0
20000ed6:	bc01      	pop	{r0}
20000ed8:	4760      	bx	ip
20000eda:	bf00      	nop
20000edc:	100063d9 	.word	0x100063d9

20000ee0 <__tud_event_hook_cb_veneer>:
20000ee0:	b401      	push	{r0}
20000ee2:	4802      	ldr	r0, [pc, #8]	@ (20000eec <__tud_event_hook_cb_veneer+0xc>)
20000ee4:	4684      	mov	ip, r0
20000ee6:	bc01      	pop	{r0}
20000ee8:	4760      	bx	ip
20000eea:	bf00      	nop
20000eec:	10004e2d 	.word	0x10004e2d

20000ef0 <____wrap___aeabi_lmul_veneer>:
20000ef0:	b401      	push	{r0}
20000ef2:	4802      	ldr	r0, [pc, #8]	@ (20000efc <____wrap___aeabi_lmul_veneer+0xc>)
20000ef4:	4684      	mov	ip, r0
20000ef6:	bc01      	pop	{r0}
20000ef8:	4760      	bx	ip
20000efa:	bf00      	nop
20000efc:	10002659 	.word	0x10002659

20000f00 <__rp2040_chip_version_veneer>:
20000f00:	b401      	push	{r0}
20000f02:	4802      	ldr	r0, [pc, #8]	@ (20000f0c <__rp2040_chip_version_veneer+0xc>)
20000f04:	4684      	mov	ip, r0
20000f06:	bc01      	pop	{r0}
20000f08:	4760      	bx	ip
20000f0a:	bf00      	nop
20000f0c:	100005e9 	.word	0x100005e9

20000f10 <__time_us_64_veneer>:
20000f10:	b401      	push	{r0}
20000f12:	4802      	ldr	r0, [pc, #8]	@ (20000f1c <__time_us_64_veneer+0xc>)
20000f14:	4684      	mov	ip, r0
20000f16:	bc01      	pop	{r0}
20000f18:	4760      	bx	ip
20000f1a:	bf00      	nop
20000f1c:	10001305 	.word	0x10001305

20000f20 <____wrap_memset_veneer>:
20000f20:	b401      	push	{r0}
20000f22:	4802      	ldr	r0, [pc, #8]	@ (20000f2c <____wrap_memset_veneer+0xc>)
20000f24:	4684      	mov	ip, r0
20000f26:	bc01      	pop	{r0}
20000f28:	4760      	bx	ip
20000f2a:	bf00      	nop
20000f2c:	10002731 	.word	0x10002731

20000f30 <__panic_veneer>:
20000f30:	b401      	push	{r0}
20000f32:	4802      	ldr	r0, [pc, #8]	@ (20000f3c <__panic_veneer+0xc>)
20000f34:	4684      	mov	ip, r0
20000f36:	bc01      	pop	{r0}
20000f38:	4760      	bx	ip
20000f3a:	bf00      	nop
20000f3c:	100005f5 	.word	0x100005f5

20000f40 <striped_spin_lock_num>:
20000f40:	00000010                                ....

20000f44 <irq_handler_chain_slots>:
20000f44:	00000000 	.word	0x00000000
20000f48:	00010000 	.word	0x00010000
	...
20000f54:	00020000 	.word	0x00020000
	...
20000f60:	00030000 	.word	0x00030000
	...
20000f6c:	00040000 	.word	0x00040000
	...
20000f78:	00050000 	.word	0x00050000
	...
20000f84:	00ff0000 	.word	0x00ff0000
20000f88:	00000000 	.word	0x00000000

20000f8c <irq_handler_chain_first_slot>:
20000f8c:	b501      	push	{r0, lr}
20000f8e:	6848      	ldr	r0, [r1, #4]
20000f90:	3101      	adds	r1, #1
20000f92:	468e      	mov	lr, r1
20000f94:	4700      	bx	r0

20000f96 <irq_handler_chain_remove_tail>:
20000f96:	4670      	mov	r0, lr
20000f98:	3809      	subs	r0, #9
20000f9a:	4901      	ldr	r1, [pc, #4]	@ (20000fa0 <irq_handler_chain_remove_tail+0xa>)
20000f9c:	4788      	blx	r1
20000f9e:	bd01      	pop	{r0, pc}
20000fa0:	10000a11 	.word	0x10000a11
20000fa4:	00000000 	.word	0x00000000

20000fa8 <last_added.0>:
20000fa8:	ffffffff 7fffffff                       ........

20000fb0 <default_alarm_pool>:
	...
20000fc4:	200010f8 00000000 00000000              ... ........

20000fd0 <aeabi_bits_funcs>:
20000fd0:	00003350 	.word	0x00003350
20000fd4:	0000334c 	.word	0x0000334c
20000fd8:	00003354 	.word	0x00003354
20000fdc:	00003352 	.word	0x00003352

20000fe0 <aeabi_bits_funcs_end>:
20000fe0:	0000534d 	.word	0x0000534d
20000fe4:	0000434d 	.word	0x0000434d
20000fe8:	00003453 	.word	0x00003453
20000fec:	00003443 	.word	0x00003443

20000ff0 <stdio_usb>:
20000ff0:	100044d1 10004485 100043f9 10004371     .D...D...C..qC..
20001000:	00000000 00000100                       ........

20001008 <_usbd_qdef>:
20001008:	200015c4 000c0010 00000000 00000000     ... ............
	...

20001024 <_usbd_rhport>:
20001024:	000000ff                                ....

20001028 <print_mutex>:
	...
